name,url,city,cuisine,avgRating,numReviews,priceRange,latitude,longitude,telephone,postalCode,streetAddress,addressLocality,addressRegion,openingHoursSpecification,addressString,geoString,ratingString
Simon and Seafort's: Saloon & Grill,https://www.ubereats.com/anchorage/food-delivery/simon-and-seaforts%3A-saloon-%26-grill/wKbn-6c7Qd6k8UKTrZpcZA,anchorage,"['Steak', 'Seafood', 'Bar Food']",4.5,13,$,61.21799249999999,-149.9043985,+19072743502,99501,420 L Street,Anchorage,AK,"[{'@type': 'OpeningHoursSpecification', 'dayOfWeek': 'Sunday', 'opens': '15:0', 'closes': '21:0'}, {'@type': 'OpeningHoursSpecification', 'dayOfWeek': 'Sunday', 'opens': '15:30', 'closes': '20:30'}, {'@type': 'OpeningHoursSpecification', 'dayOfWeek': ['Monday', 'Tuesday'], 'opens': '15:0', 'closes': '21:0'}, {'@type': 'OpeningHoursSpecification', 'dayOfWeek': ['Monday', 'Tuesday'], 'opens': '11:30', 'closes': '20:30'}, {'@type': 'OpeningHoursSpecification', 'dayOfWeek': ['Wednesday', 'Thursday', 'Friday', 'Saturday'], 'opens': '15:0', 'closes': '21:0'}, {'@type': 'OpeningHoursSpecification', 'dayOfWeek': ['Wednesday', 'Thursday', 'Friday', 'Saturday'], 'opens': '11:30', 'closes': '21:0'}]","{'@type': 'PostalAddress', 'addressLocality': 'Anchorage', 'addressRegion': 'AK', 'postalCode': '99501', 'addressCountry': 'US', 'streetAddress': '420 L Street'}","{'@type': 'GeoCoordinates', 'latitude': 61.21799249999999, 'longitude': -149.9043985}","{'@type': 'AggregateRating', 'ratingValue': 4.5, 'reviewCount': '13'}"
Yogurt Lounge,https://www.ubereats.com/anchorage/food-delivery/yogurt-lounge/dP1vW6vnSQqEk4PalNge6A,anchorage,"['Comfort Food', 'American', 'Burgers']",,,$,61.12130449999999,-149.862115,+19073499011,99515,10998 Omalley Centre Dr # E,Anchorage,AK,"[{'@type': 'OpeningHoursSpecification', 'dayOfWeek': 'Sunday', 'opens': '12:0', 'closes': '22:0'}, {'@type': 'OpeningHoursSpecification', 'dayOfWeek': ['Monday', 'Tuesday', 'Wednesday', 'Thursday'], 'opens': '11:0', 'closes': '23:0'}, {'@type': 'OpeningHoursSpecification', 'dayOfWeek': ['Friday', 'Saturday'], 'opens': '11:0', 'closes': '0:0'}]","{'@type': 'PostalAddress', 'addressLocality': 'Anchorage', 'addressRegion': 'AK', 'postalCode': '99515', 'addressCountry': 'US', 'streetAddress': '10998 Omalley Centre Dr # E'}","{'@type': 'GeoCoordinates', 'latitude': 61.12130449999999, 'longitude': -149.862115}",{}
Chuck E. Cheese's (308 E. Northern Lights Bl),https://www.ubereats.com/anchorage/food-delivery/chuck-e-cheeses-308-e-northern-lights-bl/9BWwdGkIQ6GLwMF7NedY7g,anchorage,"['Pizza', 'American', 'Chicken']",,,$,61.19473970000001,-149.8781403,+19072740825,99503,308 E. Northern Lights Bl,Anchorage,AK,"[{'@type': 'OpeningHoursSpecification', 'dayOfWeek': ['Monday', 'Tuesday', 'Wednesday', 'Thursday', 'Friday', 'Saturday', 'Sunday'], 'opens': '11:0', 'closes': '20:0'}]","{'@type': 'PostalAddress', 'addressLocality': 'Anchorage', 'addressRegion': 'AK', 'postalCode': '99503', 'addressCountry': 'US', 'streetAddress': '308 E. Northern Lights Bl'}","{'@type': 'GeoCoordinates', 'latitude': 61.19473970000001, 'longitude': -149.8781403}",{}
Roll In Ice Creamery (Jewel Lake Rd)-,https://www.ubereats.com/anchorage/food-delivery/roll-in-ice-creamery-jewel-lake-rd/vWpYXxLRQzyJ1tMVgry4sg,anchorage,"['Ice Cream & Frozen Yogurt', 'Comfort Food', 'Desserts']",,,$,61.15825100000001,-149.9508124,+19079034747,99502,6847 Jewel Lake Road,Anchorage,AK,"[{'@type': 'OpeningHoursSpecification', 'dayOfWeek': ['Sunday', 'Monday', 'Tuesday', 'Wednesday', 'Thursday'], 'opens': '17:0', 'closes': '23:0'}, {'@type': 'OpeningHoursSpecification', 'dayOfWeek': ['Friday', 'Saturday'], 'opens': '16:0', 'closes': '0:0'}]","{'@type': 'PostalAddress', 'addressLocality': 'Anchorage', 'addressRegion': 'AK', 'postalCode': '99502', 'addressCountry': 'US', 'streetAddress': '6847 Jewel Lake Road'}","{'@type': 'GeoCoordinates', 'latitude': 61.15825100000001, 'longitude': -149.9508124}",{}
Kindred Spirits Cafe (Anchorage),https://www.ubereats.com/anchorage/food-delivery/kindred-spirits-cafe-anchorage/RXV3NKAZSZariLszzOUgbQ,anchorage,"['Coffee and Tea', 'American', 'Breakfast and Brunch']",,,$$,61.1207527,-149.8588425,+19073446911,99515,11051 O'Malley Centre Drive,Anchorage,AK,"[{'@type': 'OpeningHoursSpecification', 'dayOfWeek': 'Sunday', 'opens': '14:30', 'closes': '21:0'}, {'@type': 'OpeningHoursSpecification', 'dayOfWeek': ['Monday', 'Tuesday', 'Wednesday', 'Thursday', 'Friday', 'Saturday'], 'opens': '14:30', 'closes': '22:0'}]","{'@type': 'PostalAddress', 'addressLocality': 'Anchorage', 'addressRegion': 'AK', 'postalCode': '99515', 'addressCountry': 'US', 'streetAddress': ""11051 O'Malley Centre Drive""}","{'@type': 'GeoCoordinates', 'latitude': 61.1207527, 'longitude': -149.8588425}",{}
The White Spot,https://www.ubereats.com/anchorage/food-delivery/the-white-spot/gFLllhqWRGyYjIcE__IT8A,anchorage,"['American', 'Salads', 'Burgers', 'Seafood', 'Desserts']",,,,61.21884,-149.883852,+19072793954,99501,109 W 4th Ave,Anchorage,AK,"[{'@type': 'OpeningHoursSpecification', 'dayOfWeek': 'Sunday', 'opens': '7:0', 'closes': '10:50'}, {'@type': 'OpeningHoursSpecification', 'dayOfWeek': ['Monday', 'Tuesday', 'Wednesday', 'Thursday', 'Friday', 'Saturday'], 'opens': '7:30', 'closes': '14:30'}, {'@type': 'OpeningHoursSpecification', 'dayOfWeek': ['Monday', 'Tuesday', 'Wednesday', 'Thursday', 'Friday', 'Saturday'], 'opens': '7:0', 'closes': '10:50'}]","{'@type': 'PostalAddress', 'addressLocality': 'Anchorage', 'addressRegion': 'AK', 'postalCode': '99501', 'addressCountry': 'US', 'streetAddress': '109 W 4th Ave'}","{'@type': 'GeoCoordinates', 'latitude': 61.21884, 'longitude': -149.883852}",{}
Jeepney by Adobo Grill,https://www.ubereats.com/anchorage/food-delivery/jeepney-by-adobo-grill/hykShh8qSO2ZO2j9k1WrNA,anchorage,"['Asian', 'Asian Fusion', 'Filipino']",4.7,12,$,61.1476808,-149.9225207,+19076022689,99502,8040 Northwood Street,Anchorage,AK,"[{'@type': 'OpeningHoursSpecification', 'dayOfWeek': 'Sunday', 'opens': '12:0', 'closes': '20:0'}, {'@type': 'OpeningHoursSpecification', 'dayOfWeek': 'Monday', 'opens': '16:0', 'closes': '21:0'}, {'@type': 'OpeningHoursSpecification', 'dayOfWeek': 'Monday', 'opens': '11:0', 'closes': '14:0'}, {'@type': 'OpeningHoursSpecification', 'dayOfWeek': ['Tuesday', 'Wednesday', 'Thursday'], 'opens': '16:0', 'closes': '21:0'}, {'@type': 'OpeningHoursSpecification', 'dayOfWeek': 'Friday', 'opens': '16:0', 'closes': '22:0'}, {'@type': 'OpeningHoursSpecification', 'dayOfWeek': 'Saturday', 'opens': '12:0', 'closes': '20:0'}]","{'@type': 'PostalAddress', 'addressLocality': 'Anchorage', 'addressRegion': 'AK', 'postalCode': '99502', 'addressCountry': 'US', 'streetAddress': '8040 Northwood Street'}","{'@type': 'GeoCoordinates', 'latitude': 61.1476808, 'longitude': -149.9225207}","{'@type': 'AggregateRating', 'ratingValue': 4.7, 'reviewCount': '12'}"
Waffles and Whatnot (Betsy),https://www.ubereats.com/anchorage/food-delivery/waffles-and-whatnot-betsy/HalFDxW8RH2TwzrdPiMluA,anchorage,"['Breakfast and Brunch', 'American', 'Sandwiches']",,,$,61.2175488,-149.7339157,+19074064503,99504,500 Muldoon Rd #11,Anchorage,AK,"[{'@type': 'OpeningHoursSpecification', 'dayOfWeek': 'Sunday', 'opens': '10:0', 'closes': '19:0'}, {'@type': 'OpeningHoursSpecification', 'dayOfWeek': ['Wednesday', 'Thursday', 'Friday', 'Saturday'], 'opens': '10:0', 'closes': '19:0'}]","{'@type': 'PostalAddress', 'addressLocality': 'Anchorage', 'addressRegion': 'AK', 'postalCode': '99504', 'addressCountry': 'US', 'streetAddress': '500 Muldoon Rd #11'}","{'@type': 'GeoCoordinates', 'latitude': 61.2175488, 'longitude': -149.7339157}",{}
Wiki Wiki Onolicious,https://www.ubereats.com/anchorage/food-delivery/wiki-wiki-onolicious/8cK8yVDSQoWOZBqBa88uVA,anchorage,"['Desserts', 'Vegetarian', 'Coffee and Tea']",,,$,61.2132249,-149.8714176,+19078879454,,,,,"[{'@type': 'OpeningHoursSpecification', 'dayOfWeek': ['Tuesday', 'Wednesday', 'Thursday', 'Friday', 'Saturday'], 'opens': '7:0', 'closes': '20:0'}]",,"{'@type': 'GeoCoordinates', 'latitude': 61.2132249, 'longitude': -149.8714176}",{}
Taco Bell (9000 Lake Otis Parkway Units 6 & 7),https://www.ubereats.com/anchorage/food-delivery/taco-bell-9000-lake-otis-parkway-units-6-%26-7/JEmJOLLRRUi8ad6C4XYGzw,anchorage,"['Burritos', 'Fast Food', 'Mexican']",,,$,61.139128,-149.8349931,+19078681217,99507,9000 Lake Otis Parkway,Anchorage,AK,"[{'@type': 'OpeningHoursSpecification', 'dayOfWeek': ['Sunday', 'Monday', 'Tuesday', 'Wednesday'], 'opens': '14:0', 'closes': '17:0'}, {'@type': 'OpeningHoursSpecification', 'dayOfWeek': ['Sunday', 'Monday', 'Tuesday', 'Wednesday'], 'opens': '7:0', 'closes': '23:30'}, {'@type': 'OpeningHoursSpecification', 'dayOfWeek': ['Sunday', 'Monday', 'Tuesday', 'Wednesday'], 'opens': '7:0', 'closes': '10:30'}, {'@type': 'OpeningHoursSpecification', 'dayOfWeek': ['Thursday', 'Friday', 'Saturday'], 'opens': '14:0', 'closes': '17:0'}, {'@type': 'OpeningHoursSpecification', 'dayOfWeek': ['Thursday', 'Friday', 'Saturday'], 'opens': '7:0', 'closes': '10:30'}, {'@type': 'OpeningHoursSpecification', 'dayOfWeek': ['Thursday', 'Friday', 'Saturday'], 'opens': '7:0', 'closes': '0:30'}]","{'@type': 'PostalAddress', 'addressLocality': 'Anchorage', 'addressRegion': 'AK', 'postalCode': '99507', 'addressCountry': 'US', 'streetAddress': '9000 Lake Otis Parkway'}","{'@type': 'GeoCoordinates', 'latitude': 61.139128, 'longitude': -149.8349931}",{}
Main Event Grill (76th Ave),https://www.ubereats.com/anchorage/food-delivery/main-event-grill-76th-ave/HwBR_7hpTN6k5pVOSEr0-A,anchorage,"['Comfort Food', 'American', 'Burgers']",4.1,18,$,61.152241,-149.8623789,+19076776888,99518,1041 East 76th Avenue,Anchorage,AK,"[{'@type': 'OpeningHoursSpecification', 'dayOfWeek': ['Tuesday', 'Wednesday', 'Thursday'], 'opens': '11:0', 'closes': '19:0'}, {'@type': 'OpeningHoursSpecification', 'dayOfWeek': ['Friday', 'Saturday'], 'opens': '11:0', 'closes': '22:0'}]","{'@type': 'PostalAddress', 'addressLocality': 'Anchorage', 'addressRegion': 'AK', 'postalCode': '99518', 'addressCountry': 'US', 'streetAddress': '1041 East 76th Avenue'}","{'@type': 'GeoCoordinates', 'latitude': 61.152241, 'longitude': -149.8623789}","{'@type': 'AggregateRating', 'ratingValue': 4.1, 'reviewCount': '18'}"
Taco Bell (9001 Jewel Lake Rd Ste 12),https://www.ubereats.com/anchorage/food-delivery/taco-bell-9001-jewel-lake-rd-ste-12/xYkWvSTkT6e0BzQWHhb_mA,anchorage,"['Burritos', 'Fast Food', 'Mexican']",,,$,61.13895900000001,-149.9503944,+19072486117,99502,9001 Jewel Lake Rd Ste 12,Anchorage,AK,"[{'@type': 'OpeningHoursSpecification', 'dayOfWeek': ['Monday', 'Tuesday', 'Wednesday', 'Thursday', 'Friday', 'Saturday', 'Sunday'], 'opens': '14:0', 'closes': '17:0'}, {'@type': 'OpeningHoursSpecification', 'dayOfWeek': ['Monday', 'Tuesday', 'Wednesday', 'Thursday', 'Friday', 'Saturday', 'Sunday'], 'opens': '7:0', 'closes': '2:30'}, {'@type': 'OpeningHoursSpecification', 'dayOfWeek': ['Monday', 'Tuesday', 'Wednesday', 'Thursday', 'Friday', 'Saturday', 'Sunday'], 'opens': '7:0', 'closes': '10:30'}]","{'@type': 'PostalAddress', 'addressLocality': 'Anchorage', 'addressRegion': 'AK', 'postalCode': '99502', 'addressCountry': 'US', 'streetAddress': '9001 Jewel Lake Rd Ste 12'}","{'@type': 'GeoCoordinates', 'latitude': 61.13895900000001, 'longitude': -149.9503944}",{}
Famous Wok (Dimond Blvd),https://www.ubereats.com/anchorage/food-delivery/famous-wok-dimond-blvd/FQdGYdELRMWC4H_U7oTP4g,anchorage,"['Chinese', 'Asian', 'Asian Fusion', 'Comfort Food']",,,$,61.14321899999999,-149.8672911,+19075221441,99515,800 East Dimond Boulevard #3-005,Anchorage,AK,"[{'@type': 'OpeningHoursSpecification', 'dayOfWeek': 'Sunday', 'opens': '12:30', 'closes': '18:15'}, {'@type': 'OpeningHoursSpecification', 'dayOfWeek': ['Monday', 'Tuesday', 'Wednesday', 'Thursday', 'Friday', 'Saturday'], 'opens': '11:30', 'closes': '19:0'}]","{'@type': 'PostalAddress', 'addressLocality': 'Anchorage', 'addressRegion': 'AK', 'postalCode': '99515', 'addressCountry': 'US', 'streetAddress': '800 East Dimond Boulevard #3-005'}","{'@type': 'GeoCoordinates', 'latitude': 61.14321899999999, 'longitude': -149.8672911}",{}
Famous Wok (5th Avenue),https://www.ubereats.com/anchorage/food-delivery/famous-wok-5th-avenue/c1XzcSGuQm-mNZBUE_FiYA,anchorage,"['Chinese', 'Asian', 'Asian Fusion']",,,$,61.21708869999999,-149.8897908,+19079299818,99501,320 W. 5th Ave. #408,Anchorage,AK,"[{'@type': 'OpeningHoursSpecification', 'dayOfWeek': 'Sunday', 'opens': '12:30', 'closes': '17:0'}, {'@type': 'OpeningHoursSpecification', 'dayOfWeek': ['Monday', 'Tuesday', 'Wednesday', 'Thursday', 'Friday', 'Saturday'], 'opens': '11:30', 'closes': '18:0'}]","{'@type': 'PostalAddress', 'addressLocality': 'Anchorage', 'addressRegion': 'AK', 'postalCode': '99501', 'addressCountry': 'US', 'streetAddress': '320 W. 5th Ave. #408'}","{'@type': 'GeoCoordinates', 'latitude': 61.21708869999999, 'longitude': -149.8897908}",{}
Midnight Sun Cakery,https://www.ubereats.com/anchorage/food-delivery/midnight-sun-cakery/hl_w8xr6Tq2HttXDeeO8-w,anchorage,"['American', 'Breakfast and Brunch', 'Snacks', 'Allergy Friendly']",,,$,61.19061000000001,-149.8398821,+19072290347,99508,2192 Stanford Drive,Anchorage,AK,"[{'@type': 'OpeningHoursSpecification', 'dayOfWeek': 'Sunday', 'opens': '12:0', 'closes': '14:0'}, {'@type': 'OpeningHoursSpecification', 'dayOfWeek': ['Tuesday', 'Wednesday', 'Thursday', 'Friday'], 'opens': '10:0', 'closes': '17:30'}, {'@type': 'OpeningHoursSpecification', 'dayOfWeek': 'Saturday', 'opens': '10:0', 'closes': '12:0'}]","{'@type': 'PostalAddress', 'addressLocality': 'Anchorage', 'addressRegion': 'AK', 'postalCode': '99508', 'addressCountry': 'US', 'streetAddress': '2192 Stanford Drive'}","{'@type': 'GeoCoordinates', 'latitude': 61.19061000000001, 'longitude': -149.8398821}",{}
Alaska House of Coffee,https://www.ubereats.com/anchorage/food-delivery/alaska-house-of-coffee/B-ayPTZTT4y1Knr7TD2mWA,anchorage,"['Coffee and Tea', 'Sandwich', 'American']",,,$$,61.19554729999999,-149.8900769,+19076461288,99503,403 West Northern Lights Boulevard,Anchorage,AK,"[{'@type': 'OpeningHoursSpecification', 'dayOfWeek': 'Sunday', 'opens': '10:0', 'closes': '16:30'}, {'@type': 'OpeningHoursSpecification', 'dayOfWeek': ['Monday', 'Tuesday', 'Wednesday', 'Thursday', 'Friday', 'Saturday'], 'opens': '10:0', 'closes': '17:30'}]","{'@type': 'PostalAddress', 'addressLocality': 'Anchorage', 'addressRegion': 'AK', 'postalCode': '99503', 'addressCountry': 'US', 'streetAddress': '403 West Northern Lights Boulevard'}","{'@type': 'GeoCoordinates', 'latitude': 61.19554729999999, 'longitude': -149.8900769}",{}
Smashburger (317 W 104th Ave),https://www.ubereats.com/anchorage/food-delivery/smashburger-317-w-104th-ave/a864zFRUSqeLamo5AyNKjw,anchorage,"['American', 'Burgers', 'Salads', 'Comfort Food', 'Kids Friendly', 'Chicken', 'Sandwich']",4.6,33,$$,61.1279862,-149.8851677,+19073376274,99515,317 W 104th Ave,Anchorage,AK,"[{'@type': 'OpeningHoursSpecification', 'dayOfWeek': ['Monday', 'Tuesday', 'Wednesday', 'Thursday', 'Friday', 'Saturday', 'Sunday'], 'opens': '10:30', 'closes': '22:0'}]","{'@type': 'PostalAddress', 'addressLocality': 'Anchorage', 'addressRegion': 'AK', 'postalCode': '99515', 'addressCountry': 'US', 'streetAddress': '317 W 104th Ave'}","{'@type': 'GeoCoordinates', 'latitude': 61.1279862, 'longitude': -149.8851677}","{'@type': 'AggregateRating', 'ratingValue': 4.6, 'reviewCount': '33'}"
Papa Murphy's (2286 Abbott Road),https://www.ubereats.com/anchorage/food-delivery/papa-murphys-2286-abbott-road/mAIkRTY1QtirSXpgFR-gaA,anchorage,"['Pizza', 'American']",,,$,61.1361649,-149.8391767,+19079297272,99507,2286 Abbott Road,Anchorage,AK,"[{'@type': 'OpeningHoursSpecification', 'dayOfWeek': ['Sunday', 'Monday', 'Tuesday', 'Wednesday', 'Thursday'], 'opens': '11:0', 'closes': '20:30'}, {'@type': 'OpeningHoursSpecification', 'dayOfWeek': ['Friday', 'Saturday'], 'opens': '11:0', 'closes': '21:0'}]","{'@type': 'PostalAddress', 'addressLocality': 'Anchorage', 'addressRegion': 'AK', 'postalCode': '99507', 'addressCountry': 'US', 'streetAddress': '2286 Abbott Road'}","{'@type': 'GeoCoordinates', 'latitude': 61.1361649, 'longitude': -149.8391767}",{}
AK Alchemist,https://www.ubereats.com/anchorage/food-delivery/ak-alchemist/Uvs9X8ciRwmZBwdn9rhXVQ,anchorage,"['Seafood', 'American', 'Mexican', 'Comfort Food', 'Breakfast and Brunch']",,,$$,61.218841,-149.882688,+19078685000,99501,103 E 4th Ave,Anchorage,AK,"[{'@type': 'OpeningHoursSpecification', 'dayOfWeek': ['Monday', 'Tuesday', 'Wednesday', 'Thursday', 'Friday', 'Saturday', 'Sunday'], 'opens': '6:30', 'closes': '17:30'}]","{'@type': 'PostalAddress', 'addressLocality': 'Anchorage', 'addressRegion': 'AK', 'postalCode': '99501', 'addressCountry': 'US', 'streetAddress': '103 E 4th Ave'}","{'@type': 'GeoCoordinates', 'latitude': 61.218841, 'longitude': -149.882688}",{}
"L&L Hawaiian BBQ  (800 E. Dimond Blvd., #3-011)",https://www.ubereats.com/anchorage/food-delivery/l%26l-hawaiian-bbq-800-e-dimond-blvd-%233-011/dHTqzuM5RFyDABg4F0-9SA,anchorage,"['Seafood', 'Chicken', 'Burgers', 'Sandwich']",,,$,61.14321899999999,-149.8672911,+19073759988,99515,800 E. Dimond Blvd. #3-011,Anchorage,AK,"[{'@type': 'OpeningHoursSpecification', 'dayOfWeek': 'Sunday', 'opens': '12:30', 'closes': '18:0'}, {'@type': 'OpeningHoursSpecification', 'dayOfWeek': ['Monday', 'Tuesday', 'Wednesday', 'Thursday', 'Friday', 'Saturday'], 'opens': '11:30', 'closes': '19:0'}]","{'@type': 'PostalAddress', 'addressLocality': 'Anchorage', 'addressRegion': 'AK', 'postalCode': '99515', 'addressCountry': 'US', 'streetAddress': '800 E. Dimond Blvd. #3-011'}","{'@type': 'GeoCoordinates', 'latitude': 61.14321899999999, 'longitude': -149.8672911}",{}
Applebee's  (4331 Credit Union Dr),https://www.ubereats.com/anchorage/food-delivery/applebees-4331-credit-union-dr/rCq9lNBnSdyNOA0S3VrDsQ,anchorage,"['American', 'Bar Food', 'BBQ', 'burger', 'Chicken Strips', 'Comfort Food', 'Dinner', 'pasta', 'salad', 'Sandwich', 'Soup', 'Steak', 'Traditional American', 'wings']",4.3,39,$$,61.181302,-149.8879558,+19072227753,99503,4331 Credit Union Dr,Anchorage,AK,"[{'@type': 'OpeningHoursSpecification', 'dayOfWeek': 'Sunday', 'opens': '11:0', 'closes': '22:30'}, {'@type': 'OpeningHoursSpecification', 'dayOfWeek': ['Tuesday', 'Wednesday', 'Thursday', 'Friday', 'Saturday'], 'opens': '11:0', 'closes': '23:29'}]","{'@type': 'PostalAddress', 'addressLocality': 'Anchorage', 'addressRegion': 'AK', 'postalCode': '99503', 'addressCountry': 'US', 'streetAddress': '4331 Credit Union Dr'}","{'@type': 'GeoCoordinates', 'latitude': 61.181302, 'longitude': -149.8879558}","{'@type': 'AggregateRating', 'ratingValue': 4.3, 'reviewCount': '39'}"
Outback Steakhouse (101 W. 34th Ave.),https://www.ubereats.com/anchorage/food-delivery/outback-steakhouse-101-w-34th-ave/kuo0jgpkR6Souuvgy9KCRA,anchorage,['American'],,,$$,61.19010309999999,-149.8838896,+19075628787,99503,101 W. 34th Ave.,Anchorage,AK,"[{'@type': 'OpeningHoursSpecification', 'dayOfWeek': 'Sunday', 'opens': '12:0', 'closes': '20:30'}, {'@type': 'OpeningHoursSpecification', 'dayOfWeek': ['Monday', 'Tuesday', 'Wednesday', 'Thursday'], 'opens': '16:0', 'closes': '20:30'}, {'@type': 'OpeningHoursSpecification', 'dayOfWeek': 'Friday', 'opens': '15:0', 'closes': '21:30'}, {'@type': 'OpeningHoursSpecification', 'dayOfWeek': 'Saturday', 'opens': '12:0', 'closes': '21:30'}]","{'@type': 'PostalAddress', 'addressLocality': 'Anchorage', 'addressRegion': 'AK', 'postalCode': '99503', 'addressCountry': 'US', 'streetAddress': '101 W. 34th Ave.'}","{'@type': 'GeoCoordinates', 'latitude': 61.19010309999999, 'longitude': -149.8838896}",{}
Pasqually's Pizza & Wings (308 E. Northern Lights Bl),https://www.ubereats.com/anchorage/food-delivery/pasquallys-pizza-%26-wings-308-e-northern-lights-bl/qgqSllMmQBWRcFwZNvHHWQ,anchorage,"['Pizza', 'Italian', 'Wings']",,,$,61.19473970000001,-149.8781403,+19072740825,99503,308 E. Northern Lights Bl,Anchorage,AK,"[{'@type': 'OpeningHoursSpecification', 'dayOfWeek': ['Monday', 'Tuesday', 'Wednesday', 'Thursday', 'Friday', 'Saturday', 'Sunday'], 'opens': '11:0', 'closes': '20:0'}]","{'@type': 'PostalAddress', 'addressLocality': 'Anchorage', 'addressRegion': 'AK', 'postalCode': '99503', 'addressCountry': 'US', 'streetAddress': '308 E. Northern Lights Bl'}","{'@type': 'GeoCoordinates', 'latitude': 61.19473970000001, 'longitude': -149.8781403}",{}
Hearth Artisan Pizza,https://www.ubereats.com/anchorage/food-delivery/hearth-artisan-pizza/GNe37cxlRtupVw5HjFLjRg,anchorage,"['Pizza', 'American', 'Italian', 'Sandwich']",,,$$,61.1944166,-149.9076585,+19072220888,99503,1200 W Northern Lights Blvd f,Anchorage,AK,"[{'@type': 'OpeningHoursSpecification', 'dayOfWeek': ['Sunday', 'Monday', 'Tuesday', 'Wednesday', 'Thursday'], 'opens': '16:0', 'closes': '21:0'}, {'@type': 'OpeningHoursSpecification', 'dayOfWeek': ['Friday', 'Saturday'], 'opens': '16:0', 'closes': '22:0'}]","{'@type': 'PostalAddress', 'addressLocality': 'Anchorage', 'addressRegion': 'AK', 'postalCode': '99503', 'addressCountry': 'US', 'streetAddress': '1200 W Northern Lights Blvd f'}","{'@type': 'GeoCoordinates', 'latitude': 61.1944166, 'longitude': -149.9076585}",{}
Taco Bell (27288 Novi Rd Ste A),https://www.ubereats.com/anchorage/food-delivery/taco-bell-27288-novi-rd-ste-a/XE-6r2wWQdCZvgDOiQBlfg,anchorage,"['Burritos', 'Fast Food', 'Mexican']",,,$,61.1803232,-149.8311477,+19075622210,99507,2640 E Tudor Rd,Anchorage,AK,"[{'@type': 'OpeningHoursSpecification', 'dayOfWeek': ['Monday', 'Tuesday', 'Wednesday', 'Thursday', 'Friday', 'Saturday', 'Sunday'], 'opens': '14:0', 'closes': '17:0'}, {'@type': 'OpeningHoursSpecification', 'dayOfWeek': ['Monday', 'Tuesday', 'Wednesday', 'Thursday', 'Friday', 'Saturday', 'Sunday'], 'opens': '6:0', 'closes': '22:30'}]","{'@type': 'PostalAddress', 'addressLocality': 'Anchorage', 'addressRegion': 'AK', 'postalCode': '99507', 'addressCountry': 'US', 'streetAddress': '2640 E Tudor Rd'}","{'@type': 'GeoCoordinates', 'latitude': 61.1803232, 'longitude': -149.8311477}",{}
KFC (1751 Abbot Road),https://www.ubereats.com/anchorage/food-delivery/kfc-1751-abbot-road/e4-P5HcGT5aaxWyQT1LVRg,anchorage,"['American', 'Fast Food', 'wings']",,,$,61.14157509999999,-149.8469365,+19073446801,99507,1751 Abbot Road,Anchorage,AK,"[{'@type': 'OpeningHoursSpecification', 'dayOfWeek': ['Monday', 'Tuesday', 'Wednesday', 'Thursday', 'Friday', 'Saturday', 'Sunday'], 'opens': '10:30', 'closes': '21:30'}]","{'@type': 'PostalAddress', 'addressLocality': 'Anchorage', 'addressRegion': 'AK', 'postalCode': '99507', 'addressCountry': 'US', 'streetAddress': '1751 Abbot Road'}","{'@type': 'GeoCoordinates', 'latitude': 61.14157509999999, 'longitude': -149.8469365}",{}
The Little Miss Cafe,https://www.ubereats.com/anchorage/food-delivery/the-little-miss-cafe/qgoM2t3oTxSv6i_xprCyig,anchorage,"['American', 'Burgers', 'Comfort Food']",,,$,61.21786780000001,-149.878566,+19072655109,99501,321 East 5th Avenue,Anchorage,AK,"[{'@type': 'OpeningHoursSpecification', 'dayOfWeek': ['Monday', 'Tuesday', 'Wednesday', 'Thursday', 'Friday', 'Saturday', 'Sunday'], 'opens': '7:0', 'closes': '13:0'}, {'@type': 'OpeningHoursSpecification', 'dayOfWeek': ['Monday', 'Tuesday', 'Wednesday', 'Thursday', 'Friday', 'Saturday', 'Sunday'], 'opens': '16:0', 'closes': '19:0'}]","{'@type': 'PostalAddress', 'addressLocality': 'Anchorage', 'addressRegion': 'AK', 'postalCode': '99501', 'addressCountry': 'US', 'streetAddress': '321 East 5th Avenue'}","{'@type': 'GeoCoordinates', 'latitude': 61.21786780000001, 'longitude': -149.878566}",{}
TaTu BBQ (Fireweed Ln),https://www.ubereats.com/anchorage/food-delivery/tatu-bbq-fireweed-ln/Un141IdRRvyZwyzuTOEw4A,anchorage,"['Comfort Food', 'American', 'Burgers', 'BBQ', 'Sandwich']",,,$,61.19828589999999,-149.8995155,+19072054228,99503,840 West Fireweed Lane,Anchorage,AK,"[{'@type': 'OpeningHoursSpecification', 'dayOfWeek': 'Sunday', 'opens': '16:0', 'closes': '20:0'}, {'@type': 'OpeningHoursSpecification', 'dayOfWeek': ['Friday', 'Saturday'], 'opens': '16:0', 'closes': '20:0'}]","{'@type': 'PostalAddress', 'addressLocality': 'Anchorage', 'addressRegion': 'AK', 'postalCode': '99503', 'addressCountry': 'US', 'streetAddress': '840 West Fireweed Lane'}","{'@type': 'GeoCoordinates', 'latitude': 61.19828589999999, 'longitude': -149.8995155}",{}
La Mex,https://www.ubereats.com/anchorage/food-delivery/la-mex/UTDWu2MFRr6m4xWrABIFfw,anchorage,"['Mexican', 'Latin American', 'New Mexican']",,,$$,61.1461586,-149.8792633,+19073446399,99518,8330 King St,Anchorage,AK,"[{'@type': 'OpeningHoursSpecification', 'dayOfWeek': ['Monday', 'Tuesday', 'Wednesday', 'Thursday', 'Friday', 'Saturday'], 'opens': '12:0', 'closes': '20:30'}]","{'@type': 'PostalAddress', 'addressLocality': 'Anchorage', 'addressRegion': 'AK', 'postalCode': '99518', 'addressCountry': 'US', 'streetAddress': '8330 King St'}","{'@type': 'GeoCoordinates', 'latitude': 61.1461586, 'longitude': -149.8792633}",{}
Gumbo House,https://www.ubereats.com/anchorage/food-delivery/gumbo-house/hhLTucDtSf60YxiJHznvow,anchorage,"['BBQ', 'American', 'Burgers']",,,$$,61.21383669999999,-149.8941038,+19072222930,99501,611 W 9th Ave,Anchorage,AK,"[{'@type': 'OpeningHoursSpecification', 'dayOfWeek': 'Sunday', 'opens': '11:0', 'closes': '18:0'}, {'@type': 'OpeningHoursSpecification', 'dayOfWeek': ['Monday', 'Tuesday', 'Wednesday', 'Thursday', 'Friday', 'Saturday'], 'opens': '11:0', 'closes': '21:0'}]","{'@type': 'PostalAddress', 'addressLocality': 'Anchorage', 'addressRegion': 'AK', 'postalCode': '99501', 'addressCountry': 'US', 'streetAddress': '611 W 9th Ave'}","{'@type': 'GeoCoordinates', 'latitude': 61.21383669999999, 'longitude': -149.8941038}",{}
Kava's Pancake House,https://www.ubereats.com/anchorage/food-delivery/kavas-pancake-house/9gRPWprfSOOsp9WYlKeoCQ,anchorage,"['Breakfast and Brunch', 'American', 'Sandwiches']",,,$$,61.2237358,-149.7348217,+19073325282,99504,100 Muldoon Rd,Anchorage,AK,"[{'@type': 'OpeningHoursSpecification', 'dayOfWeek': ['Sunday', 'Monday', 'Tuesday'], 'opens': '6:30', 'closes': '20:30'}, {'@type': 'OpeningHoursSpecification', 'dayOfWeek': ['Wednesday', 'Thursday', 'Friday', 'Saturday'], 'opens': '6:30', 'closes': '22:30'}]","{'@type': 'PostalAddress', 'addressLocality': 'Anchorage', 'addressRegion': 'AK', 'postalCode': '99504', 'addressCountry': 'US', 'streetAddress': '100 Muldoon Rd'}","{'@type': 'GeoCoordinates', 'latitude': 61.2237358, 'longitude': -149.7348217}",{}
Aurora Chocolate (Dimond Blvd),https://www.ubereats.com/anchorage/food-delivery/aurora-chocolate-dimond-blvd/KViSkB0zTzCT01X7tKemzg,anchorage,"['Comfort Food', 'American', 'Desserts']",,,$,61.144443,-149.8769528,+19072229947,99515,300 East Dimond Boulevard,Anchorage,AK,"[{'@type': 'OpeningHoursSpecification', 'dayOfWeek': ['Monday', 'Tuesday', 'Wednesday', 'Thursday', 'Friday'], 'opens': '10:0', 'closes': '17:30'}, {'@type': 'OpeningHoursSpecification', 'dayOfWeek': 'Saturday', 'opens': '10:0', 'closes': '15:30'}]","{'@type': 'PostalAddress', 'addressLocality': 'Anchorage', 'addressRegion': 'AK', 'postalCode': '99515', 'addressCountry': 'US', 'streetAddress': '300 East Dimond Boulevard'}","{'@type': 'GeoCoordinates', 'latitude': 61.144443, 'longitude': -149.8769528}",{}
Seoul Casa,https://www.ubereats.com/anchorage/food-delivery/seoul-casa/sNexuGK-R-O0LIDYBWM1ow,anchorage,"['Comfort Food', 'American', 'Burgers']",4.7,18,$,61.1435585,-149.8691101,+19073443333,99515,601 East Dimond Boulevard,Anchorage,AK,"[{'@type': 'OpeningHoursSpecification', 'dayOfWeek': ['Monday', 'Tuesday', 'Wednesday', 'Thursday'], 'opens': '11:0', 'closes': '21:30'}, {'@type': 'OpeningHoursSpecification', 'dayOfWeek': ['Friday', 'Saturday'], 'opens': '11:0', 'closes': '22:30'}]","{'@type': 'PostalAddress', 'addressLocality': 'Anchorage', 'addressRegion': 'AK', 'postalCode': '99515', 'addressCountry': 'US', 'streetAddress': '601 East Dimond Boulevard'}","{'@type': 'GeoCoordinates', 'latitude': 61.1435585, 'longitude': -149.8691101}","{'@type': 'AggregateRating', 'ratingValue': 4.7, 'reviewCount': '18'}"
Roscoe's Catfish & BBQ,https://www.ubereats.com/anchorage/food-delivery/roscoes-catfish-%26-bbq/v8dWbZbJSR-iL-7pZjRsow,anchorage,"['Soul Food', 'American', 'Burgers']",,,$,61.21643289999999,-149.882326,+19072798961,99501,120 E 6th Ave,Anchorage,AK,"[{'@type': 'OpeningHoursSpecification', 'dayOfWeek': 'Sunday', 'opens': '12:30', 'closes': '19:30'}, {'@type': 'OpeningHoursSpecification', 'dayOfWeek': ['Monday', 'Tuesday', 'Wednesday', 'Thursday', 'Friday', 'Saturday'], 'opens': '11:30', 'closes': '21:30'}]","{'@type': 'PostalAddress', 'addressLocality': 'Anchorage', 'addressRegion': 'AK', 'postalCode': '99501', 'addressCountry': 'US', 'streetAddress': '120 E 6th Ave'}","{'@type': 'GeoCoordinates', 'latitude': 61.21643289999999, 'longitude': -149.882326}",{}
Harley's Old Thyme Cafe,https://www.ubereats.com/anchorage/food-delivery/harleys-old-thyme-cafe/m5MX3MT1Sp2cBsnUVaz2Gw,anchorage,"['Breakfast and Brunch', 'Sandwich', 'Comfort Food']",,,,61.152402,-149.86515,+19073498878,99518,7550 Old Seward Hwy,Anchorage,AK,"[{'@type': 'OpeningHoursSpecification', 'dayOfWeek': 'Sunday', 'opens': '8:30', 'closes': '14:30'}, {'@type': 'OpeningHoursSpecification', 'dayOfWeek': 'Monday', 'opens': '8:30', 'closes': '16:30'}, {'@type': 'OpeningHoursSpecification', 'dayOfWeek': ['Tuesday', 'Wednesday', 'Thursday', 'Friday'], 'opens': '7:30', 'closes': '16:30'}, {'@type': 'OpeningHoursSpecification', 'dayOfWeek': 'Saturday', 'opens': '7:30', 'closes': '14:30'}]","{'@type': 'PostalAddress', 'addressLocality': 'Anchorage', 'addressRegion': 'AK', 'postalCode': '99518', 'addressCountry': 'US', 'streetAddress': '7550 Old Seward Hwy'}","{'@type': 'GeoCoordinates', 'latitude': 61.152402, 'longitude': -149.86515}",{}
Ski & Benny Pizza,https://www.ubereats.com/anchorage/food-delivery/ski-%26-benny-pizza/2e66aXxCTxKIhkwckO_igw,anchorage,"['Pizza', 'American', 'Italian']",4.4,11,$,61.2311642,-149.8739111,+19072741114,99501,820 Bilbo St,Anchorage,AK,"[{'@type': 'OpeningHoursSpecification', 'dayOfWeek': ['Monday', 'Tuesday', 'Wednesday', 'Thursday', 'Friday', 'Saturday', 'Sunday'], 'opens': '12:0', 'closes': '23:30'}]","{'@type': 'PostalAddress', 'addressLocality': 'Anchorage', 'addressRegion': 'AK', 'postalCode': '99501', 'addressCountry': 'US', 'streetAddress': '820 Bilbo St'}","{'@type': 'GeoCoordinates', 'latitude': 61.2311642, 'longitude': -149.8739111}","{'@type': 'AggregateRating', 'ratingValue': 4.4, 'reviewCount': '11'}"
Taco Bell (8825 Old Seward Hwy),https://www.ubereats.com/anchorage/food-delivery/taco-bell-8825-old-seward-hwy/q4ovTLaxRUiNpSY0GHbW7g,anchorage,"['Burritos', 'Fast Food', 'Mexican']",,,$,61.1404854,-149.8630143,+19073448442,99515,8825 Old Seward Hwy,Anchorage,AK,"[{'@type': 'OpeningHoursSpecification', 'dayOfWeek': ['Monday', 'Tuesday', 'Wednesday', 'Thursday', 'Friday', 'Saturday', 'Sunday'], 'opens': '14:0', 'closes': '17:0'}, {'@type': 'OpeningHoursSpecification', 'dayOfWeek': ['Monday', 'Tuesday', 'Wednesday', 'Thursday', 'Friday', 'Saturday', 'Sunday'], 'opens': '5:30', 'closes': '5:0'}, {'@type': 'OpeningHoursSpecification', 'dayOfWeek': ['Monday', 'Tuesday', 'Wednesday', 'Thursday', 'Friday', 'Saturday', 'Sunday'], 'opens': '6:0', 'closes': '10:30'}]","{'@type': 'PostalAddress', 'addressLocality': 'Anchorage', 'addressRegion': 'AK', 'postalCode': '99515', 'addressCountry': 'US', 'streetAddress': '8825 Old Seward Hwy'}","{'@type': 'GeoCoordinates', 'latitude': 61.1404854, 'longitude': -149.8630143}",{}
House of Bread Anchorage,https://www.ubereats.com/anchorage/food-delivery/house-of-bread-anchorage/a3gH-ZrQQHOzRTsnMebsZg,anchorage,"['Coffee & Tea', 'Bakery', 'Sandwich']",4.9,11,$$,61.146677,-149.864874,+19072221352,99518,8130 Old Seward Hwy,Anchorage,AK,"[{'@type': 'OpeningHoursSpecification', 'dayOfWeek': ['Monday', 'Tuesday', 'Wednesday', 'Thursday', 'Friday', 'Saturday'], 'opens': '7:0', 'closes': '18:0'}]","{'@type': 'PostalAddress', 'addressLocality': 'Anchorage', 'addressRegion': 'AK', 'postalCode': '99518', 'addressCountry': 'US', 'streetAddress': '8130 Old Seward Hwy'}","{'@type': 'GeoCoordinates', 'latitude': 61.146677, 'longitude': -149.864874}","{'@type': 'AggregateRating', 'ratingValue': 4.9, 'reviewCount': '11'}"
Flight Deck Pizzeria,https://www.ubereats.com/anchorage/food-delivery/flight-deck-pizzeria/FGGYDQjTQ3Gm57hOFeID8w,anchorage,"['Pizza', 'American', 'Italian']",4.0,12,$,61.1732453,-149.8989643,+19075610077,99518,832 W Intl Airport Rd,Anchorage,AK,"[{'@type': 'OpeningHoursSpecification', 'dayOfWeek': 'Sunday', 'opens': '11:0', 'closes': '21:50'}, {'@type': 'OpeningHoursSpecification', 'dayOfWeek': ['Tuesday', 'Wednesday', 'Thursday', 'Friday', 'Saturday'], 'opens': '11:0', 'closes': '21:50'}]","{'@type': 'PostalAddress', 'addressLocality': 'Anchorage', 'addressRegion': 'AK', 'postalCode': '99518', 'addressCountry': 'US', 'streetAddress': '832 W Intl Airport Rd'}","{'@type': 'GeoCoordinates', 'latitude': 61.1732453, 'longitude': -149.8989643}","{'@type': 'AggregateRating', 'ratingValue': 4, 'reviewCount': '12'}"
Dragon Seafood Restaurant & Grill,https://www.ubereats.com/anchorage/food-delivery/dragon-seafood-restaurant-%26-grill/Qpg0DjWjSnqrlADt67a3AQ,anchorage,"['Chinese', 'Asian', 'Asian Fusion']",3.5,15,$,61.1801007,-149.8937446,+19075630087,99503,560 W Tudor Rd,Anchorage,AK,"[{'@type': 'OpeningHoursSpecification', 'dayOfWeek': 'Sunday', 'opens': '11:0', 'closes': '19:30'}, {'@type': 'OpeningHoursSpecification', 'dayOfWeek': ['Tuesday', 'Wednesday', 'Thursday', 'Friday', 'Saturday'], 'opens': '11:0', 'closes': '19:30'}]","{'@type': 'PostalAddress', 'addressLocality': 'Anchorage', 'addressRegion': 'AK', 'postalCode': '99503', 'addressCountry': 'US', 'streetAddress': '560 W Tudor Rd'}","{'@type': 'GeoCoordinates', 'latitude': 61.1801007, 'longitude': -149.8937446}","{'@type': 'AggregateRating', 'ratingValue': 3.5, 'reviewCount': '15'}"
IHOP (11100 Old Seward Highway),https://www.ubereats.com/anchorage/food-delivery/ihop-11100-old-seward-highway/52rS9iD2Tvmm6PS--2_8vg,anchorage,"['American', 'Breakfast and Brunch', 'burger', 'Comfort Food', 'Dinner', 'Omelette', 'salad', 'Traditional American']",,,$,61.1202522,-149.8652127,+19073414125,99515,11100 Old Seward Highway,Anchorage,AK,"[{'@type': 'OpeningHoursSpecification', 'dayOfWeek': ['Monday', 'Tuesday', 'Wednesday', 'Thursday', 'Friday', 'Saturday', 'Sunday'], 'opens': '7:0', 'closes': '21:50'}]","{'@type': 'PostalAddress', 'addressLocality': 'Anchorage', 'addressRegion': 'AK', 'postalCode': '99515', 'addressCountry': 'US', 'streetAddress': '11100 Old Seward Highway'}","{'@type': 'GeoCoordinates', 'latitude': 61.1202522, 'longitude': -149.8652127}",{}
IHOP (501 E Tudor Rd),https://www.ubereats.com/anchorage/food-delivery/ihop-501-e-tudor-rd/RnvlgXWfSV6CV2woWfKiFA,anchorage,"['American', 'Breakfast and Brunch', 'burger', 'Comfort Food', 'Dinner', 'Omelette', 'salad', 'Traditional American']",4.3,42,$,61.1814841,-149.8750272,+19072794467,99503,501 E Tudor Rd,Anchorage,AK,"[{'@type': 'OpeningHoursSpecification', 'dayOfWeek': ['Monday', 'Tuesday', 'Wednesday', 'Thursday', 'Friday', 'Saturday', 'Sunday'], 'opens': '6:0', 'closes': '21:50'}]","{'@type': 'PostalAddress', 'addressLocality': 'Anchorage', 'addressRegion': 'AK', 'postalCode': '99503', 'addressCountry': 'US', 'streetAddress': '501 E Tudor Rd'}","{'@type': 'GeoCoordinates', 'latitude': 61.1814841, 'longitude': -149.8750272}","{'@type': 'AggregateRating', 'ratingValue': 4.3, 'reviewCount': '42'}"
Wendy's  (E 3395 Tudor Rd),https://www.ubereats.com/anchorage/food-delivery/wendys-e-3395-tudor-rd/HKydaIPuT0Kwe5kAq2SivQ,anchorage,"['American', 'Burgers', 'Fast Food']",,,$,61.1810834,-149.8175195,+19073171571,99507,E 3395 Tudor Rd,Anchorage,AK,"[{'@type': 'OpeningHoursSpecification', 'dayOfWeek': ['Monday', 'Tuesday', 'Wednesday', 'Thursday', 'Friday', 'Saturday', 'Sunday'], 'opens': '10:30', 'closes': '22:30'}, {'@type': 'OpeningHoursSpecification', 'dayOfWeek': ['Monday', 'Tuesday', 'Wednesday', 'Thursday', 'Friday', 'Saturday', 'Sunday'], 'opens': '6:30', 'closes': '10:0'}]","{'@type': 'PostalAddress', 'addressLocality': 'Anchorage', 'addressRegion': 'AK', 'postalCode': '99507', 'addressCountry': 'US', 'streetAddress': 'E 3395 Tudor Rd'}","{'@type': 'GeoCoordinates', 'latitude': 61.1810834, 'longitude': -149.8175195}",{}
Wendy's  (4407 Spenard Road),https://www.ubereats.com/anchorage/food-delivery/wendys-4407-spenard-road/yfkULmAPSHa6_N6aEFXLVQ,anchorage,"['American', 'Burgers', 'Fast Food']",,,$,61.1805186,-149.936821,+19076778890,99517,4407 Spenard Road,Anchorage,AK,"[{'@type': 'OpeningHoursSpecification', 'dayOfWeek': ['Monday', 'Tuesday', 'Wednesday', 'Thursday', 'Friday', 'Saturday', 'Sunday'], 'opens': '10:30', 'closes': '22:30'}, {'@type': 'OpeningHoursSpecification', 'dayOfWeek': ['Monday', 'Tuesday', 'Wednesday', 'Thursday', 'Friday', 'Saturday', 'Sunday'], 'opens': '6:30', 'closes': '10:0'}]","{'@type': 'PostalAddress', 'addressLocality': 'Anchorage', 'addressRegion': 'AK', 'postalCode': '99517', 'addressCountry': 'US', 'streetAddress': '4407 Spenard Road'}","{'@type': 'GeoCoordinates', 'latitude': 61.1805186, 'longitude': -149.936821}",{}
Subway (350 W Intl Airport Rd Ste 101),https://www.ubereats.com/anchorage/food-delivery/subway-350-w-intl-airport-rd-ste-101/uDZpdsZrQ0ulz41ntlq0LQ,anchorage,"['Fast Food', 'Sandwich', 'American']",,,$,61.17238380000001,-149.8882503,+19076779284,99518,350 W Intl Airport Rd Ste 101,Anchorage,AK,"[{'@type': 'OpeningHoursSpecification', 'dayOfWeek': 'Sunday', 'opens': '12:0', 'closes': '17:30'}, {'@type': 'OpeningHoursSpecification', 'dayOfWeek': ['Monday', 'Tuesday', 'Wednesday', 'Thursday', 'Friday'], 'opens': '10:0', 'closes': '19:30'}, {'@type': 'OpeningHoursSpecification', 'dayOfWeek': 'Saturday', 'opens': '11:0', 'closes': '17:30'}]","{'@type': 'PostalAddress', 'addressLocality': 'Anchorage', 'addressRegion': 'AK', 'postalCode': '99518', 'addressCountry': 'US', 'streetAddress': '350 W Intl Airport Rd Ste 101'}","{'@type': 'GeoCoordinates', 'latitude': 61.17238380000001, 'longitude': -149.8882503}",{}
Subway (1307 W Northern Lights Blvd),https://www.ubereats.com/anchorage/food-delivery/subway-1307-w-northern-lights-blvd/MSsYV6usQQ-Wt_gCR47kZA,anchorage,"['Fast Food', 'Sandwich', 'American']",,,$,61.19553879999999,-149.9082551,+19072747827,99503,1307 W Northern Lights Blvd,Anchorage,AK,"[{'@type': 'OpeningHoursSpecification', 'dayOfWeek': 'Sunday', 'opens': '11:0', 'closes': '19:30'}, {'@type': 'OpeningHoursSpecification', 'dayOfWeek': ['Monday', 'Tuesday', 'Wednesday', 'Thursday', 'Friday'], 'opens': '9:0', 'closes': '20:30'}, {'@type': 'OpeningHoursSpecification', 'dayOfWeek': 'Saturday', 'opens': '10:0', 'closes': '19:30'}]","{'@type': 'PostalAddress', 'addressLocality': 'Anchorage', 'addressRegion': 'AK', 'postalCode': '99503', 'addressCountry': 'US', 'streetAddress': '1307 W Northern Lights Blvd'}","{'@type': 'GeoCoordinates', 'latitude': 61.19553879999999, 'longitude': -149.9082551}",{}
KFC (123 West Northern Lights Blvd.),https://www.ubereats.com/anchorage/food-delivery/kfc-123-west-northern-lights-blvd/CHyk_vX7QvWt6DpfudvGPg,anchorage,"['American', 'Fast Food', 'wings']",,,$,61.19578879999999,-149.8857397,+19072747174,99503,123 West Northern Lights Blvd.,Anchorage,AK,"[{'@type': 'OpeningHoursSpecification', 'dayOfWeek': ['Monday', 'Tuesday', 'Wednesday', 'Thursday', 'Friday', 'Saturday', 'Sunday'], 'opens': '10:30', 'closes': '21:30'}]","{'@type': 'PostalAddress', 'addressLocality': 'Anchorage', 'addressRegion': 'AK', 'postalCode': '99503', 'addressCountry': 'US', 'streetAddress': '123 West Northern Lights Blvd.'}","{'@type': 'GeoCoordinates', 'latitude': 61.19578879999999, 'longitude': -149.8857397}",{}
Wendy's  (2323 Fifth Ave.),https://www.ubereats.com/anchorage/food-delivery/wendys-2323-fifth-ave/sw1p2jgUQvC9FTcQWZ1HsA,anchorage,"['American', 'Burgers', 'Fast Food']",4.6,11,$,61.2178539,-149.8372766,+19072798271,99501,2323 Fifth Ave.,Anchorage,AK,"[{'@type': 'OpeningHoursSpecification', 'dayOfWeek': ['Monday', 'Tuesday', 'Wednesday', 'Thursday', 'Friday', 'Saturday', 'Sunday'], 'opens': '10:30', 'closes': '22:30'}, {'@type': 'OpeningHoursSpecification', 'dayOfWeek': ['Monday', 'Tuesday', 'Wednesday', 'Thursday', 'Friday', 'Saturday', 'Sunday'], 'opens': '6:30', 'closes': '10:0'}]","{'@type': 'PostalAddress', 'addressLocality': 'Anchorage', 'addressRegion': 'AK', 'postalCode': '99501', 'addressCountry': 'US', 'streetAddress': '2323 Fifth Ave.'}","{'@type': 'GeoCoordinates', 'latitude': 61.2178539, 'longitude': -149.8372766}","{'@type': 'AggregateRating', 'ratingValue': 4.6, 'reviewCount': '11'}"
Kava’s Fireweed,https://www.ubereats.com/anchorage/food-delivery/kavas-fireweed/asGiZzewQBiEWUP7oPAHsQ,anchorage,"['Burgers', 'Sandwiches', 'Breakfast and Brunch']",,,$,61.1979967,-149.8860908,+19073750419,99503,2415 C Street,Anchorage,AK,"[{'@type': 'OpeningHoursSpecification', 'dayOfWeek': ['Monday', 'Tuesday', 'Wednesday', 'Thursday', 'Friday', 'Saturday', 'Sunday'], 'opens': '7:0', 'closes': '21:0'}]","{'@type': 'PostalAddress', 'addressLocality': 'Anchorage', 'addressRegion': 'AK', 'postalCode': '99503', 'addressCountry': 'US', 'streetAddress': '2415 C Street'}","{'@type': 'GeoCoordinates', 'latitude': 61.1979967, 'longitude': -149.8860908}",{}
Fat Ptarmigan,https://www.ubereats.com/anchorage/food-delivery/fat-ptarmigan/M2ZEsbe6SyygodZ31p7mtQ,anchorage,"['Pizza', 'American', 'Italian']",4.4,13,$,61.2178644,-149.8911083,+19077777710,99501,441 West 5th Avenue,Anchorage,AK,"[{'@type': 'OpeningHoursSpecification', 'dayOfWeek': 'Sunday', 'opens': '11:0', 'closes': '19:30'}, {'@type': 'OpeningHoursSpecification', 'dayOfWeek': ['Monday', 'Tuesday', 'Wednesday', 'Thursday'], 'opens': '11:0', 'closes': '20:0'}, {'@type': 'OpeningHoursSpecification', 'dayOfWeek': ['Friday', 'Saturday'], 'opens': '11:0', 'closes': '21:0'}]","{'@type': 'PostalAddress', 'addressLocality': 'Anchorage', 'addressRegion': 'AK', 'postalCode': '99501', 'addressCountry': 'US', 'streetAddress': '441 West 5th Avenue'}","{'@type': 'GeoCoordinates', 'latitude': 61.2178644, 'longitude': -149.8911083}","{'@type': 'AggregateRating', 'ratingValue': 4.4, 'reviewCount': '13'}"
Subway (322 Boniface Pkwy),https://www.ubereats.com/anchorage/food-delivery/subway-322-boniface-pkwy/dYtAsYrUSnKMtm4kuq72Dw,anchorage,"['Fast Food', 'Sandwich', 'American']",,,$,61.2222731,-149.7793059,+19073337827,99504,322 Boniface Pkwy,Anchorage,AK,"[{'@type': 'OpeningHoursSpecification', 'dayOfWeek': 'Sunday', 'opens': '11:0', 'closes': '19:30'}, {'@type': 'OpeningHoursSpecification', 'dayOfWeek': ['Monday', 'Tuesday', 'Wednesday', 'Thursday', 'Friday'], 'opens': '10:0', 'closes': '20:30'}, {'@type': 'OpeningHoursSpecification', 'dayOfWeek': 'Saturday', 'opens': '11:0', 'closes': '19:30'}]","{'@type': 'PostalAddress', 'addressLocality': 'Anchorage', 'addressRegion': 'AK', 'postalCode': '99504', 'addressCountry': 'US', 'streetAddress': '322 Boniface Pkwy'}","{'@type': 'GeoCoordinates', 'latitude': 61.2222731, 'longitude': -149.7793059}",{}
Pil's Deli,https://www.ubereats.com/anchorage/food-delivery/pils-deli/o9cAUv0HQiaslfWWH94oCg,anchorage,"['Sandwiches', 'American', 'Healthy']",,,$,61.21832299999999,-149.8958648,+19072726900,99501,404 G St,Anchorage,AK,"[{'@type': 'OpeningHoursSpecification', 'dayOfWeek': 'Sunday', 'opens': '10:0', 'closes': '15:0'}, {'@type': 'OpeningHoursSpecification', 'dayOfWeek': ['Monday', 'Tuesday', 'Wednesday', 'Thursday', 'Friday'], 'opens': '8:0', 'closes': '17:0'}, {'@type': 'OpeningHoursSpecification', 'dayOfWeek': 'Saturday', 'opens': '9:0', 'closes': '16:0'}]","{'@type': 'PostalAddress', 'addressLocality': 'Anchorage', 'addressRegion': 'AK', 'postalCode': '99501', 'addressCountry': 'US', 'streetAddress': '404 G St'}","{'@type': 'GeoCoordinates', 'latitude': 61.21832299999999, 'longitude': -149.8958648}",{}
Subway (3104 Seward Hwy),https://www.ubereats.com/anchorage/food-delivery/subway-3104-seward-hwy/TFeBdv1sRhasrEXWcntKqQ,anchorage,"['Fast Food', 'Sandwich', 'American']",,,$,61.1922553,-149.8694394,+19072587827,99503,3104 Seward Hwy,Anchorage,AK,"[{'@type': 'OpeningHoursSpecification', 'dayOfWeek': 'Sunday', 'opens': '11:0', 'closes': '19:30'}, {'@type': 'OpeningHoursSpecification', 'dayOfWeek': ['Monday', 'Tuesday', 'Wednesday', 'Thursday', 'Friday'], 'opens': '9:0', 'closes': '20:30'}, {'@type': 'OpeningHoursSpecification', 'dayOfWeek': 'Saturday', 'opens': '10:0', 'closes': '20:30'}]","{'@type': 'PostalAddress', 'addressLocality': 'Anchorage', 'addressRegion': 'AK', 'postalCode': '99503', 'addressCountry': 'US', 'streetAddress': '3104 Seward Hwy'}","{'@type': 'GeoCoordinates', 'latitude': 61.1922553, 'longitude': -149.8694394}",{}
Gelatte,https://www.ubereats.com/anchorage/food-delivery/gelatte/BsDdl05_RQm59vhNK1_2MA,anchorage,"['Ice Cream & Frozen Yogurt', 'Comfort Food', 'Desserts', 'Sandwich', 'American']",,,$,61.2164235,-149.8917931,+19078027557,99501,500 W 6th Ave Ste 101,Anchorage,AK,"[{'@type': 'OpeningHoursSpecification', 'dayOfWeek': 'Sunday', 'opens': '12:0', 'closes': '18:0'}, {'@type': 'OpeningHoursSpecification', 'dayOfWeek': ['Monday', 'Tuesday', 'Wednesday', 'Thursday', 'Friday', 'Saturday'], 'opens': '12:0', 'closes': '21:0'}]","{'@type': 'PostalAddress', 'addressLocality': 'Anchorage', 'addressRegion': 'AK', 'postalCode': '99501', 'addressCountry': 'US', 'streetAddress': '500 W 6th Ave Ste 101'}","{'@type': 'GeoCoordinates', 'latitude': 61.2164235, 'longitude': -149.8917931}",{}
Subway (751 E Loop Rd),https://www.ubereats.com/anchorage/food-delivery/subway-751-e-loop-rd/lFT0ZWfjQIe5OsK_BjpYHg,anchorage,"['Fast Food', 'Sandwich', 'American']",,,$,61.2301841,-149.8752592,+19076467827,99501,751 E Loop Rd,Anchorage,AK,"[{'@type': 'OpeningHoursSpecification', 'dayOfWeek': 'Sunday', 'opens': '12:0', 'closes': '17:30'}, {'@type': 'OpeningHoursSpecification', 'dayOfWeek': ['Monday', 'Tuesday', 'Wednesday', 'Thursday', 'Friday'], 'opens': '10:0', 'closes': '18:30'}, {'@type': 'OpeningHoursSpecification', 'dayOfWeek': 'Saturday', 'opens': '12:0', 'closes': '17:30'}]","{'@type': 'PostalAddress', 'addressLocality': 'Anchorage', 'addressRegion': 'AK', 'postalCode': '99501', 'addressCountry': 'US', 'streetAddress': '751 E Loop Rd'}","{'@type': 'GeoCoordinates', 'latitude': 61.2301841, 'longitude': -149.8752592}",{}
Wendy's  (11310 Old Seward Hwy),https://www.ubereats.com/anchorage/food-delivery/wendys-11310-old-seward-hwy/o20mNVzATjusvUMf2NzUtw,anchorage,"['American', 'Burgers', 'Fast Food']",,,$,61.1179777,-149.8644601,+19073440834,99515,11310 Old Seward Hwy,Anchorage,AK,"[{'@type': 'OpeningHoursSpecification', 'dayOfWeek': ['Monday', 'Tuesday', 'Wednesday', 'Thursday', 'Friday', 'Saturday', 'Sunday'], 'opens': '10:30', 'closes': '22:30'}, {'@type': 'OpeningHoursSpecification', 'dayOfWeek': ['Monday', 'Tuesday', 'Wednesday', 'Thursday', 'Friday', 'Saturday', 'Sunday'], 'opens': '6:30', 'closes': '10:0'}]","{'@type': 'PostalAddress', 'addressLocality': 'Anchorage', 'addressRegion': 'AK', 'postalCode': '99515', 'addressCountry': 'US', 'streetAddress': '11310 Old Seward Hwy'}","{'@type': 'GeoCoordinates', 'latitude': 61.1179777, 'longitude': -149.8644601}",{}
Taco Bell (2640 East Tudor Road),https://www.ubereats.com/anchorage/food-delivery/taco-bell-2640-east-tudor-road/rRkoKcXdTnCqkcFL4sHe2w,anchorage,"['Burritos', 'Fast Food', 'Mexican']",,,$,61.1805404,-149.8312304,+19075622210,99507,2640 East Tudor Road,Anchorage,AK,"[{'@type': 'OpeningHoursSpecification', 'dayOfWeek': ['Monday', 'Tuesday', 'Wednesday', 'Thursday', 'Friday', 'Saturday', 'Sunday'], 'opens': '14:0', 'closes': '17:0'}, {'@type': 'OpeningHoursSpecification', 'dayOfWeek': ['Monday', 'Tuesday', 'Wednesday', 'Thursday', 'Friday', 'Saturday', 'Sunday'], 'opens': '5:30', 'closes': '5:0'}, {'@type': 'OpeningHoursSpecification', 'dayOfWeek': ['Monday', 'Tuesday', 'Wednesday', 'Thursday', 'Friday', 'Saturday', 'Sunday'], 'opens': '6:0', 'closes': '10:30'}]","{'@type': 'PostalAddress', 'addressLocality': 'Anchorage', 'addressRegion': 'AK', 'postalCode': '99507', 'addressCountry': 'US', 'streetAddress': '2640 East Tudor Road'}","{'@type': 'GeoCoordinates', 'latitude': 61.1805404, 'longitude': -149.8312304}",{}
Kumagoro,https://www.ubereats.com/anchorage/food-delivery/kumagoro/nV2dSGuqT86e7mMC_BSlBw,anchorage,"['Japanese', 'Asian', 'Sushi']",,,$$,61.2188199,-149.8928511,+19072729905,99501,533 West 4th Avenue,Anchorage,AK,"[{'@type': 'OpeningHoursSpecification', 'dayOfWeek': 'Sunday', 'opens': '16:30', 'closes': '20:30'}, {'@type': 'OpeningHoursSpecification', 'dayOfWeek': ['Monday', 'Tuesday', 'Wednesday', 'Thursday', 'Friday'], 'opens': '11:30', 'closes': '20:30'}, {'@type': 'OpeningHoursSpecification', 'dayOfWeek': ['Monday', 'Tuesday', 'Wednesday', 'Thursday', 'Friday'], 'opens': '11:30', 'closes': '14:0'}, {'@type': 'OpeningHoursSpecification', 'dayOfWeek': 'Saturday', 'opens': '16:30', 'closes': '20:30'}]","{'@type': 'PostalAddress', 'addressLocality': 'Anchorage', 'addressRegion': 'AK', 'postalCode': '99501', 'addressCountry': 'US', 'streetAddress': '533 West 4th Avenue'}","{'@type': 'GeoCoordinates', 'latitude': 61.2188199, 'longitude': -149.8928511}",{}
Subway (701 Northway Dr),https://www.ubereats.com/anchorage/food-delivery/subway-701-northway-dr/5lWmVwp0TZ6fWwYhWsNGOw,anchorage,"['Fast Food', 'Sandwich', 'American']",,,$,61.2155291,-149.8114512,+19072786013,99508,701 Northway Dr,Anchorage,AK,"[{'@type': 'OpeningHoursSpecification', 'dayOfWeek': 'Sunday', 'opens': '11:0', 'closes': '19:30'}, {'@type': 'OpeningHoursSpecification', 'dayOfWeek': ['Monday', 'Tuesday', 'Wednesday', 'Thursday', 'Friday'], 'opens': '9:0', 'closes': '20:30'}, {'@type': 'OpeningHoursSpecification', 'dayOfWeek': 'Saturday', 'opens': '10:0', 'closes': '19:30'}]","{'@type': 'PostalAddress', 'addressLocality': 'Anchorage', 'addressRegion': 'AK', 'postalCode': '99508', 'addressCountry': 'US', 'streetAddress': '701 Northway Dr'}","{'@type': 'GeoCoordinates', 'latitude': 61.2155291, 'longitude': -149.8114512}",{}
KFC (3922 San Jeronimo Street),https://www.ubereats.com/anchorage/food-delivery/kfc-3922-san-jeronimo-street/Ibyofq5DQV26l6MeacnzMA,anchorage,"['American', 'Fast Food', 'wings']",4.3,12,$,61.2113621,-149.8075368,+19073337733,99508,3922 San Jeronimo Street,Anchorage,AK,"[{'@type': 'OpeningHoursSpecification', 'dayOfWeek': ['Monday', 'Tuesday', 'Wednesday', 'Thursday', 'Friday', 'Saturday', 'Sunday'], 'opens': '10:30', 'closes': '21:30'}]","{'@type': 'PostalAddress', 'addressLocality': 'Anchorage', 'addressRegion': 'AK', 'postalCode': '99508', 'addressCountry': 'US', 'streetAddress': '3922 San Jeronimo Street'}","{'@type': 'GeoCoordinates', 'latitude': 61.2113621, 'longitude': -149.8075368}","{'@type': 'AggregateRating', 'ratingValue': 4.3, 'reviewCount': '12'}"
Pancho's Villa,https://www.ubereats.com/anchorage/food-delivery/panchos-villa/588uuQkUT_2Q7XxnGe4VVg,anchorage,"['Mexican', 'Latin American', 'New Mexican']",,,$$,61.1920069,-149.9065825,+19072745353,99503,3104 Spenard Rd,Anchorage,AK,"[{'@type': 'OpeningHoursSpecification', 'dayOfWeek': 'Sunday', 'opens': '12:30', 'closes': '21:30'}, {'@type': 'OpeningHoursSpecification', 'dayOfWeek': ['Monday', 'Tuesday', 'Wednesday', 'Thursday'], 'opens': '11:30', 'closes': '22:0'}, {'@type': 'OpeningHoursSpecification', 'dayOfWeek': ['Friday', 'Saturday'], 'opens': '11:30', 'closes': '22:30'}]","{'@type': 'PostalAddress', 'addressLocality': 'Anchorage', 'addressRegion': 'AK', 'postalCode': '99503', 'addressCountry': 'US', 'streetAddress': '3104 Spenard Rd'}","{'@type': 'GeoCoordinates', 'latitude': 61.1920069, 'longitude': -149.9065825}",{}
Dami,https://www.ubereats.com/anchorage/food-delivery/dami/eZ7Aru-zQ2qxrYdKkeocIQ,anchorage,"['Japanese', 'Asian', 'Sushi']",,,$$,61.217273,-149.8714044,+19072745211,99501,642 E 5th Ave,Anchorage,AK,"[{'@type': 'OpeningHoursSpecification', 'dayOfWeek': 'Sunday', 'opens': '12:0', 'closes': '21:30'}, {'@type': 'OpeningHoursSpecification', 'dayOfWeek': ['Monday', 'Tuesday', 'Wednesday', 'Thursday'], 'opens': '11:0', 'closes': '21:30'}, {'@type': 'OpeningHoursSpecification', 'dayOfWeek': 'Friday', 'opens': '11:0', 'closes': '22:30'}, {'@type': 'OpeningHoursSpecification', 'dayOfWeek': 'Saturday', 'opens': '12:0', 'closes': '22:30'}]","{'@type': 'PostalAddress', 'addressLocality': 'Anchorage', 'addressRegion': 'AK', 'postalCode': '99501', 'addressCountry': 'US', 'streetAddress': '642 E 5th Ave'}","{'@type': 'GeoCoordinates', 'latitude': 61.217273, 'longitude': -149.8714044}",{}
Taco Bell (939 West Northern Lights Blvd),https://www.ubereats.com/anchorage/food-delivery/taco-bell-939-west-northern-lights-blvd/05WL7R-hQauxDvv0yRFRwQ,anchorage,"['Burritos', 'Fast Food', 'Mexican']",,,$,61.1956071,-149.90133,+19072767820,99503,939 West Northern Lights Blvd,Anchorage,AK,"[{'@type': 'OpeningHoursSpecification', 'dayOfWeek': ['Monday', 'Tuesday', 'Wednesday', 'Thursday', 'Friday', 'Saturday', 'Sunday'], 'opens': '14:0', 'closes': '17:0'}, {'@type': 'OpeningHoursSpecification', 'dayOfWeek': ['Monday', 'Tuesday', 'Wednesday', 'Thursday', 'Friday', 'Saturday', 'Sunday'], 'opens': '5:30', 'closes': '5:0'}]","{'@type': 'PostalAddress', 'addressLocality': 'Anchorage', 'addressRegion': 'AK', 'postalCode': '99503', 'addressCountry': 'US', 'streetAddress': '939 West Northern Lights Blvd'}","{'@type': 'GeoCoordinates', 'latitude': 61.1956071, 'longitude': -149.90133}",{}
Taco Bell (1231 Muldoon Road),https://www.ubereats.com/anchorage/food-delivery/taco-bell-1231-muldoon-road/5Lv-MV5RRz6k2xPgu8jWDA,anchorage,"['Burritos', 'Fast Food', 'Mexican']",,,$,61.21126640000001,-149.7325227,+19079294393,99504,1231 Muldoon Road,Anchorage,AK,"[{'@type': 'OpeningHoursSpecification', 'dayOfWeek': ['Monday', 'Tuesday', 'Wednesday', 'Thursday', 'Friday', 'Saturday', 'Sunday'], 'opens': '14:0', 'closes': '17:0'}, {'@type': 'OpeningHoursSpecification', 'dayOfWeek': ['Monday', 'Tuesday', 'Wednesday', 'Thursday', 'Friday', 'Saturday', 'Sunday'], 'opens': '5:30', 'closes': '5:0'}, {'@type': 'OpeningHoursSpecification', 'dayOfWeek': ['Monday', 'Tuesday', 'Wednesday', 'Thursday', 'Friday', 'Saturday', 'Sunday'], 'opens': '6:0', 'closes': '10:30'}]","{'@type': 'PostalAddress', 'addressLocality': 'Anchorage', 'addressRegion': 'AK', 'postalCode': '99504', 'addressCountry': 'US', 'streetAddress': '1231 Muldoon Road'}","{'@type': 'GeoCoordinates', 'latitude': 61.21126640000001, 'longitude': -149.7325227}",{}
Dino's Donuts,https://www.ubereats.com/anchorage/food-delivery/dinos-donuts/ER7NOXqhRci_FuOeD9ipmQ,anchorage,"['American', 'Breakfast and Brunch', 'Desserts']",,,$,61.147839,-149.8655823,+19075623466,99518,929 East 81st Avenue 101,Anchorage,AK,"[{'@type': 'OpeningHoursSpecification', 'dayOfWeek': 'Sunday', 'opens': '21:0', 'closes': '2:30'}, {'@type': 'OpeningHoursSpecification', 'dayOfWeek': ['Monday', 'Tuesday', 'Wednesday', 'Thursday', 'Friday'], 'opens': '4:0', 'closes': '17:0'}, {'@type': 'OpeningHoursSpecification', 'dayOfWeek': ['Monday', 'Tuesday', 'Wednesday', 'Thursday', 'Friday'], 'opens': '17:0', 'closes': '2:30'}, {'@type': 'OpeningHoursSpecification', 'dayOfWeek': 'Saturday', 'opens': '4:0', 'closes': '17:0'}]","{'@type': 'PostalAddress', 'addressLocality': 'Anchorage', 'addressRegion': 'AK', 'postalCode': '99518', 'addressCountry': 'US', 'streetAddress': '929 East 81st Avenue 101'}","{'@type': 'GeoCoordinates', 'latitude': 61.147839, 'longitude': -149.8655823}",{}
Subway (2715 E Tudor Rd),https://www.ubereats.com/anchorage/food-delivery/subway-2715-e-tudor-rd/dFbzRybnQ6uaBrLiFZChuQ,anchorage,"['Fast Food', 'Sandwich', 'American']",,,$,61.18111090000001,-149.8300825,+19075637827,99507,2715 E Tudor Rd,Anchorage,AK,"[{'@type': 'OpeningHoursSpecification', 'dayOfWeek': 'Sunday', 'opens': '11:0', 'closes': '21:30'}, {'@type': 'OpeningHoursSpecification', 'dayOfWeek': ['Monday', 'Tuesday', 'Wednesday', 'Thursday', 'Friday'], 'opens': '8:0', 'closes': '21:30'}, {'@type': 'OpeningHoursSpecification', 'dayOfWeek': 'Saturday', 'opens': '10:0', 'closes': '21:30'}]","{'@type': 'PostalAddress', 'addressLocality': 'Anchorage', 'addressRegion': 'AK', 'postalCode': '99507', 'addressCountry': 'US', 'streetAddress': '2715 E Tudor Rd'}","{'@type': 'GeoCoordinates', 'latitude': 61.18111090000001, 'longitude': -149.8300825}",{}
Wendy's  (2927 Seward Hwy),https://www.ubereats.com/anchorage/food-delivery/wendys-2927-seward-hwy/luF4cLENRzavZv_DcxNGPw,anchorage,"['American', 'Burgers', 'Fast Food']",4.4,21,$,61.1938663,-149.8672765,+19072584239,99503,2927 Seward Hwy,Anchorage,AK,"[{'@type': 'OpeningHoursSpecification', 'dayOfWeek': ['Monday', 'Tuesday', 'Wednesday', 'Thursday', 'Friday', 'Saturday', 'Sunday'], 'opens': '10:30', 'closes': '0:30'}, {'@type': 'OpeningHoursSpecification', 'dayOfWeek': ['Monday', 'Tuesday', 'Wednesday', 'Thursday', 'Friday', 'Saturday', 'Sunday'], 'opens': '6:30', 'closes': '10:0'}]","{'@type': 'PostalAddress', 'addressLocality': 'Anchorage', 'addressRegion': 'AK', 'postalCode': '99503', 'addressCountry': 'US', 'streetAddress': '2927 Seward Hwy'}","{'@type': 'GeoCoordinates', 'latitude': 61.1938663, 'longitude': -149.8672765}","{'@type': 'AggregateRating', 'ratingValue': 4.4, 'reviewCount': '21'}"
China Town Restaurant,https://www.ubereats.com/anchorage/food-delivery/china-town-restaurant/lHm1oQ67QBKgj80Vu8wQdQ,anchorage,"['Chinese', 'Asian', 'Asian Fusion']",4.5,26,$,61.23110779999999,-149.8740924,+19072728390,99501,836 E Loop Rd,Anchorage,AK,"[{'@type': 'OpeningHoursSpecification', 'dayOfWeek': 'Sunday', 'opens': '12:0', 'closes': '22:0'}, {'@type': 'OpeningHoursSpecification', 'dayOfWeek': ['Monday', 'Tuesday', 'Wednesday', 'Thursday', 'Friday'], 'opens': '11:0', 'closes': '22:0'}, {'@type': 'OpeningHoursSpecification', 'dayOfWeek': 'Saturday', 'opens': '12:0', 'closes': '22:0'}]","{'@type': 'PostalAddress', 'addressLocality': 'Anchorage', 'addressRegion': 'AK', 'postalCode': '99501', 'addressCountry': 'US', 'streetAddress': '836 E Loop Rd'}","{'@type': 'GeoCoordinates', 'latitude': 61.23110779999999, 'longitude': -149.8740924}","{'@type': 'AggregateRating', 'ratingValue': 4.5, 'reviewCount': '26'}"
Taco Bell (2351 E. 5th Ave),https://www.ubereats.com/anchorage/food-delivery/taco-bell-2351-e-5th-ave/ECvbJOhGS2671rWw8mCNtw,anchorage,"['Burritos', 'Fast Food', 'Mexican']",,,$,61.21798380000001,-149.8359569,+19072583600,99501,2351 E. 5th Ave,Anchorage,AK,"[{'@type': 'OpeningHoursSpecification', 'dayOfWeek': ['Monday', 'Tuesday', 'Wednesday', 'Thursday', 'Friday', 'Saturday', 'Sunday'], 'opens': '14:0', 'closes': '17:0'}, {'@type': 'OpeningHoursSpecification', 'dayOfWeek': ['Monday', 'Tuesday', 'Wednesday', 'Thursday', 'Friday', 'Saturday', 'Sunday'], 'opens': '5:30', 'closes': '5:0'}, {'@type': 'OpeningHoursSpecification', 'dayOfWeek': ['Monday', 'Tuesday', 'Wednesday', 'Thursday', 'Friday', 'Saturday', 'Sunday'], 'opens': '6:0', 'closes': '10:30'}]","{'@type': 'PostalAddress', 'addressLocality': 'Anchorage', 'addressRegion': 'AK', 'postalCode': '99501', 'addressCountry': 'US', 'streetAddress': '2351 E. 5th Ave'}","{'@type': 'GeoCoordinates', 'latitude': 61.21798380000001, 'longitude': -149.8359569}",{}
"IHOP (1106 North Muldoon Road, Suite 155)",https://www.ubereats.com/anchorage/food-delivery/ihop-1106-north-muldoon-road-suite-155/yR37iTmKSySSXM-NAf9AYA,anchorage,"['American', 'Breakfast and Brunch', 'burger', 'Comfort Food', 'Dinner', 'Omelette', 'salad', 'Traditional American']",3.5,13,$,61.22632729999999,-149.7426735,+19073324467,99504,1106 North Muldoon Road,Anchorage,AK,"[{'@type': 'OpeningHoursSpecification', 'dayOfWeek': ['Monday', 'Tuesday', 'Wednesday', 'Thursday', 'Friday', 'Saturday', 'Sunday'], 'opens': '7:0', 'closes': '21:50'}]","{'@type': 'PostalAddress', 'addressLocality': 'Anchorage', 'addressRegion': 'AK', 'postalCode': '99504', 'addressCountry': 'US', 'streetAddress': '1106 North Muldoon Road'}","{'@type': 'GeoCoordinates', 'latitude': 61.22632729999999, 'longitude': -149.7426735}","{'@type': 'AggregateRating', 'ratingValue': 3.5, 'reviewCount': '13'}"
