name,url,city,cuisine,avgRating,numReviews,priceRange,latitude,longitude,telephone,postalCode,streetAddress,addressLocality,addressRegion,openingHoursSpecification,addressString,geoString,ratingString
Charley's Philly Steaks (2001 South RoadSpace F107),https://www.ubereats.com/nyc-suburbs/food-delivery/charleys-philly-steaks-2001-south-roadspace-f107/G2hyhUPBSeCUpLbVXpOwuw,arlington-new-york,"['Sandwich', 'Kids Friendly', 'Chicken']",,,$,41.6268419,-73.921635,+15183622388,12601,2001 South Road Space F107,Poughkeepsie,NY,"[{'@type': 'OpeningHoursSpecification', 'dayOfWeek': 'Sunday', 'opens': '12:0', 'closes': '17:30'}, {'@type': 'OpeningHoursSpecification', 'dayOfWeek': ['Monday', 'Tuesday', 'Wednesday', 'Thursday', 'Friday', 'Saturday'], 'opens': '11:0', 'closes': '18:30'}]","{'@type': 'PostalAddress', 'addressLocality': 'Poughkeepsie', 'addressRegion': 'NY', 'postalCode': '12601', 'addressCountry': 'US', 'streetAddress': '2001 South Road Space F107'}","{'@type': 'GeoCoordinates', 'latitude': 41.6268419, 'longitude': -73.921635}",{}
My place pizza & bakery,https://www.ubereats.com/nyc-suburbs/food-delivery/my-place-pizza-%26-bakery/A8QP3dnYTzefEwpagf3rjQ,arlington-new-york,"['Pizza', 'American', 'Italian']",,,$,41.70301199999999,-73.92644109999999,+18453373005,12601,322 Main St,Poughkeepsie,NY,"[{'@type': 'OpeningHoursSpecification', 'dayOfWeek': 'Sunday', 'opens': '13:0', 'closes': '21:0'}, {'@type': 'OpeningHoursSpecification', 'dayOfWeek': ['Monday', 'Tuesday', 'Wednesday', 'Thursday'], 'opens': '12:0', 'closes': '19:0'}, {'@type': 'OpeningHoursSpecification', 'dayOfWeek': 'Friday', 'opens': '12:0', 'closes': '19:0'}, {'@type': 'OpeningHoursSpecification', 'dayOfWeek': 'Friday', 'opens': '11:0', 'closes': '21:0'}, {'@type': 'OpeningHoursSpecification', 'dayOfWeek': 'Saturday', 'opens': '13:0', 'closes': '21:0'}]","{'@type': 'PostalAddress', 'addressLocality': 'Poughkeepsie', 'addressRegion': 'NY', 'postalCode': '12601', 'addressCountry': 'US', 'streetAddress': '322 Main St'}","{'@type': 'GeoCoordinates', 'latitude': 41.70301199999999, 'longitude': -73.92644109999999}",{}
Five Guys NY-0442 2507 South Road,https://www.ubereats.com/nyc-suburbs/food-delivery/five-guys-ny-0442-2507-south-road/3dF0LWR7QRifWDe516ge_A,arlington-new-york,"['American', 'Burgers', 'Fast Food']",4.3,122,$,41.6593087,-73.9313247,+18454620388,12601,2507 South Road,Poughkeepsie,NY,"[{'@type': 'OpeningHoursSpecification', 'dayOfWeek': ['Monday', 'Tuesday', 'Wednesday', 'Thursday', 'Friday', 'Saturday', 'Sunday'], 'opens': '11:0', 'closes': '21:30'}]","{'@type': 'PostalAddress', 'addressLocality': 'Poughkeepsie', 'addressRegion': 'NY', 'postalCode': '12601', 'addressCountry': 'US', 'streetAddress': '2507 South Road'}","{'@type': 'GeoCoordinates', 'latitude': 41.6593087, 'longitude': -73.9313247}","{'@type': 'AggregateRating', 'ratingValue': 4.3, 'reviewCount': '122'}"
Benny's 10th Inning,https://www.ubereats.com/nyc-suburbs/food-delivery/bennys-10th-inning/jAeWRajITkemjztjNLP-og,arlington-new-york,"['Burgers', 'American', 'Sandwiches']",3.7,10,$,41.6986983,-73.93342179999999,+18453924124,12601,4 Lincoln Avenue,Poughkeepsie,NY,"[{'@type': 'OpeningHoursSpecification', 'dayOfWeek': ['Monday', 'Tuesday', 'Wednesday', 'Thursday', 'Friday', 'Saturday'], 'opens': '9:0', 'closes': '20:0'}]","{'@type': 'PostalAddress', 'addressLocality': 'Poughkeepsie', 'addressRegion': 'NY', 'postalCode': '12601', 'addressCountry': 'US', 'streetAddress': '4 Lincoln Avenue'}","{'@type': 'GeoCoordinates', 'latitude': 41.6986983, 'longitude': -73.93342179999999}","{'@type': 'AggregateRating', 'ratingValue': 3.7, 'reviewCount': '10'}"
Chuck E. Cheese (1895 South Rd.),https://www.ubereats.com/nyc-suburbs/food-delivery/chuck-e-cheese-1895-south-rd/rP3AoQt8RcyZUn-QZJ0pVA,arlington-new-york,"['Pizza', 'American', 'Italian']",,,$,41.6172599,-73.9175656,+18452979508,12601,1895 South Rd.,Poughkeepsie,NY,"[{'@type': 'OpeningHoursSpecification', 'dayOfWeek': ['Monday', 'Tuesday', 'Wednesday', 'Thursday', 'Friday', 'Saturday', 'Sunday'], 'opens': '11:0', 'closes': '20:0'}]","{'@type': 'PostalAddress', 'addressLocality': 'Poughkeepsie', 'addressRegion': 'NY', 'postalCode': '12601', 'addressCountry': 'US', 'streetAddress': '1895 South Rd.'}","{'@type': 'GeoCoordinates', 'latitude': 41.6172599, 'longitude': -73.9175656}",{}
Milanese Italian Restaurant,https://www.ubereats.com/nyc-suburbs/food-delivery/milanese-italian-restaurant/aWXwdncFSGKCjstoZZAmDw,arlington-new-york,"['Italian', 'Pasta', 'Comfort Food']",,,$,41.7057047,-73.93471920000002,+18454719533,12601,115 Main St,Poughkeepsie,NY,"[{'@type': 'OpeningHoursSpecification', 'dayOfWeek': 'Sunday', 'opens': '12:0', 'closes': '15:0'}, {'@type': 'OpeningHoursSpecification', 'dayOfWeek': ['Tuesday', 'Wednesday', 'Thursday', 'Friday'], 'opens': '12:0', 'closes': '21:30'}, {'@type': 'OpeningHoursSpecification', 'dayOfWeek': 'Saturday', 'opens': '16:0', 'closes': '21:30'}]","{'@type': 'PostalAddress', 'addressLocality': 'Poughkeepsie', 'addressRegion': 'NY', 'postalCode': '12601', 'addressCountry': 'US', 'streetAddress': '115 Main St'}","{'@type': 'GeoCoordinates', 'latitude': 41.7057047, 'longitude': -73.93471920000002}",{}
Gennies Soul Food Restaurant (452 Main St),https://www.ubereats.com/nyc-suburbs/food-delivery/gennies-soul-food-restaurant-452-main-st/-NaVeY2FQYaTS8dz2qT2lg,arlington-new-york,"['Soul Food', 'American', 'Burgers']",,,$,41.7016714,-73.9215154,+18453374848,12601,452 Main St,Poughkeepsie,NY,"[{'@type': 'OpeningHoursSpecification', 'dayOfWeek': 'Sunday', 'opens': '12:0', 'closes': '17:0'}, {'@type': 'OpeningHoursSpecification', 'dayOfWeek': 'Sunday', 'opens': '8:0', 'closes': '18:0'}, {'@type': 'OpeningHoursSpecification', 'dayOfWeek': ['Wednesday', 'Thursday', 'Friday'], 'opens': '12:0', 'closes': '21:0'}, {'@type': 'OpeningHoursSpecification', 'dayOfWeek': 'Saturday', 'opens': '12:0', 'closes': '21:0'}, {'@type': 'OpeningHoursSpecification', 'dayOfWeek': 'Saturday', 'opens': '8:0', 'closes': '22:0'}]","{'@type': 'PostalAddress', 'addressLocality': 'Poughkeepsie', 'addressRegion': 'NY', 'postalCode': '12601', 'addressCountry': 'US', 'streetAddress': '452 Main St'}","{'@type': 'GeoCoordinates', 'latitude': 41.7016714, 'longitude': -73.9215154}",{}
Taco Bell (755 Main Street),https://www.ubereats.com/nyc-suburbs/food-delivery/taco-bell-755-main-street/bP-zgcKRQXSUxrkBuZwJEQ,arlington-new-york,"['Burritos', 'Fast Food', 'Mexican']",4.0,337,$,41.6968925,-73.90391029999999,+18454523381,12603,755 Main Street,Poughkeepsie,NY,"[{'@type': 'OpeningHoursSpecification', 'dayOfWeek': ['Sunday', 'Monday', 'Tuesday'], 'opens': '14:0', 'closes': '17:0'}, {'@type': 'OpeningHoursSpecification', 'dayOfWeek': ['Sunday', 'Monday', 'Tuesday'], 'opens': '9:0', 'closes': '23:30'}, {'@type': 'OpeningHoursSpecification', 'dayOfWeek': ['Sunday', 'Monday', 'Tuesday'], 'opens': '9:0', 'closes': '10:30'}, {'@type': 'OpeningHoursSpecification', 'dayOfWeek': ['Wednesday', 'Thursday', 'Friday', 'Saturday'], 'opens': '14:0', 'closes': '17:0'}, {'@type': 'OpeningHoursSpecification', 'dayOfWeek': ['Wednesday', 'Thursday', 'Friday', 'Saturday'], 'opens': '9:0', 'closes': '10:30'}, {'@type': 'OpeningHoursSpecification', 'dayOfWeek': ['Wednesday', 'Thursday', 'Friday', 'Saturday'], 'opens': '9:0', 'closes': '0:30'}]","{'@type': 'PostalAddress', 'addressLocality': 'Poughkeepsie', 'addressRegion': 'NY', 'postalCode': '12603', 'addressCountry': 'US', 'streetAddress': '755 Main Street'}","{'@type': 'GeoCoordinates', 'latitude': 41.6968925, 'longitude': -73.90391029999999}","{'@type': 'AggregateRating', 'ratingValue': 4, 'reviewCount': '337'}"
Dunkin' (35 Vassar Rd),https://www.ubereats.com/nyc-suburbs/food-delivery/dunkin-35-vassar-rd/cOKncL2uQ7a0XuDGcYP95g,arlington-new-york,"['Breakfast and Brunch', 'Donuts']",4.1,12,$,41.6529554,-73.87474279999999,+18454622630,12603,35 Vassar Rd,Poughkeepsie,NY,"[{'@type': 'OpeningHoursSpecification', 'dayOfWeek': 'Sunday', 'opens': '6:0', 'closes': '20:30'}, {'@type': 'OpeningHoursSpecification', 'dayOfWeek': ['Monday', 'Tuesday', 'Wednesday', 'Thursday', 'Friday', 'Saturday'], 'opens': '5:0', 'closes': '20:30'}]","{'@type': 'PostalAddress', 'addressLocality': 'Poughkeepsie', 'addressRegion': 'NY', 'postalCode': '12603', 'addressCountry': 'US', 'streetAddress': '35 Vassar Rd'}","{'@type': 'GeoCoordinates', 'latitude': 41.6529554, 'longitude': -73.87474279999999}","{'@type': 'AggregateRating', 'ratingValue': 4.1, 'reviewCount': '12'}"
Burger King (56 Milton Ave),https://www.ubereats.com/nyc-suburbs/food-delivery/burger-king-56-milton-ave/2IByh04aSuaPyvf44t-xgA,arlington-new-york,"['American', 'burger', 'Fast Food']",4.1,78,$,41.7133637,-73.9634888,+18456917269,12528,56 Milton Ave,Highland,NY,"[{'@type': 'OpeningHoursSpecification', 'dayOfWeek': 'Sunday', 'opens': '6:30', 'closes': '10:29'}, {'@type': 'OpeningHoursSpecification', 'dayOfWeek': 'Sunday', 'opens': '10:30', 'closes': '23:30'}, {'@type': 'OpeningHoursSpecification', 'dayOfWeek': 'Sunday', 'opens': '0:0', 'closes': '0:30'}, {'@type': 'OpeningHoursSpecification', 'dayOfWeek': ['Monday', 'Tuesday', 'Wednesday', 'Thursday'], 'opens': '6:30', 'closes': '10:29'}, {'@type': 'OpeningHoursSpecification', 'dayOfWeek': ['Monday', 'Tuesday', 'Wednesday', 'Thursday'], 'opens': '10:30', 'closes': '23:30'}, {'@type': 'OpeningHoursSpecification', 'dayOfWeek': 'Friday', 'opens': '6:30', 'closes': '10:29'}, {'@type': 'OpeningHoursSpecification', 'dayOfWeek': 'Friday', 'opens': '10:30', 'closes': '23:59'}, {'@type': 'OpeningHoursSpecification', 'dayOfWeek': 'Saturday', 'opens': '6:30', 'closes': '10:29'}, {'@type': 'OpeningHoursSpecification', 'dayOfWeek': 'Saturday', 'opens': '0:0', 'closes': '0:30'}, {'@type': 'OpeningHoursSpecification', 'dayOfWeek': 'Saturday', 'opens': '10:30', 'closes': '23:59'}]","{'@type': 'PostalAddress', 'addressLocality': 'Highland', 'addressRegion': 'NY', 'postalCode': '12528', 'addressCountry': 'US', 'streetAddress': '56 Milton Ave'}","{'@type': 'GeoCoordinates', 'latitude': 41.7133637, 'longitude': -73.9634888}","{'@type': 'AggregateRating', 'ratingValue': 4.1, 'reviewCount': '78'}"
Aloy's Italian Restaurant,https://www.ubereats.com/nyc-suburbs/food-delivery/aloys-italian-restaurant/qWDEnAHoSR-a_CPTC5W04A,arlington-new-york,"['Italian', 'Pasta', 'Comfort Food']",4.6,18,$,41.7108891,-73.9233331,+18454738400,12601,157 Garden St,Poughkeepsie,NY,"[{'@type': 'OpeningHoursSpecification', 'dayOfWeek': 'Sunday', 'opens': '15:0', 'closes': '19:0'}, {'@type': 'OpeningHoursSpecification', 'dayOfWeek': 'Wednesday', 'opens': '17:0', 'closes': '19:45'}, {'@type': 'OpeningHoursSpecification', 'dayOfWeek': ['Thursday', 'Friday'], 'opens': '15:0', 'closes': '19:45'}, {'@type': 'OpeningHoursSpecification', 'dayOfWeek': 'Saturday', 'opens': '15:0', 'closes': '19:30'}]","{'@type': 'PostalAddress', 'addressLocality': 'Poughkeepsie', 'addressRegion': 'NY', 'postalCode': '12601', 'addressCountry': 'US', 'streetAddress': '157 Garden St'}","{'@type': 'GeoCoordinates', 'latitude': 41.7108891, 'longitude': -73.9233331}","{'@type': 'AggregateRating', 'ratingValue': 4.6, 'reviewCount': '18'}"
J. DOMINICK'S TRATTORIA,https://www.ubereats.com/nyc-suburbs/food-delivery/j-dominicks-trattoria/BqHqMQIBTJmXdN3Gb_Ei1Q,arlington-new-york,"['Italian', 'Pasta', 'Comfort Food']",,,$,41.70147829999999,-73.87390529999999,+17179910148,,,,,"[{'@type': 'OpeningHoursSpecification', 'dayOfWeek': 'Sunday', 'opens': '15:0', 'closes': '20:0'}, {'@type': 'OpeningHoursSpecification', 'dayOfWeek': 'Thursday', 'opens': '0:0', 'closes': '0:1'}, {'@type': 'OpeningHoursSpecification', 'dayOfWeek': 'Thursday', 'opens': '15:0', 'closes': '20:0'}, {'@type': 'OpeningHoursSpecification', 'dayOfWeek': ['Friday', 'Saturday'], 'opens': '15:0', 'closes': '20:0'}]",,"{'@type': 'GeoCoordinates', 'latitude': 41.70147829999999, 'longitude': -73.87390529999999}",{}
Haddad's Middle Eastern,https://www.ubereats.com/nyc-suburbs/food-delivery/haddads-middle-eastern/Vo0Cld48RN-0vQHOwcz1MA,arlington-new-york,"['Middle Eastern', 'Arabian', 'Chicken']",,,$,41.6959633,-73.9019869,+18458490161,12603,782 Main St,Poughkeepsie,NY,"[{'@type': 'OpeningHoursSpecification', 'dayOfWeek': ['Monday', 'Tuesday', 'Wednesday', 'Thursday', 'Friday'], 'opens': '11:0', 'closes': '18:0'}, {'@type': 'OpeningHoursSpecification', 'dayOfWeek': ['Monday', 'Tuesday', 'Wednesday', 'Thursday', 'Friday'], 'opens': '10:30', 'closes': '19:30'}, {'@type': 'OpeningHoursSpecification', 'dayOfWeek': 'Saturday', 'opens': '11:0', 'closes': '18:0'}, {'@type': 'OpeningHoursSpecification', 'dayOfWeek': 'Saturday', 'opens': '10:30', 'closes': '19:30'}, {'@type': 'OpeningHoursSpecification', 'dayOfWeek': 'Saturday', 'opens': '10:30', 'closes': '19:30'}]","{'@type': 'PostalAddress', 'addressLocality': 'Poughkeepsie', 'addressRegion': 'NY', 'postalCode': '12603', 'addressCountry': 'US', 'streetAddress': '782 Main St'}","{'@type': 'GeoCoordinates', 'latitude': 41.6959633, 'longitude': -73.9019869}",{}
Coyote Flaco,https://www.ubereats.com/nyc-suburbs/food-delivery/coyote-flaco/9P200M-MS7uZ4PSML9JNVg,arlington-new-york,"['Mexican', 'Latin American', 'Salads']",4.4,29,$$,41.72313270000001,-73.8940672,+18454753322,12603,230 Salt Point Turnpike,Poughkeepsie,New York,"[{'@type': 'OpeningHoursSpecification', 'dayOfWeek': 'Sunday', 'opens': '11:0', 'closes': '22:0'}, {'@type': 'OpeningHoursSpecification', 'dayOfWeek': ['Tuesday', 'Wednesday', 'Thursday'], 'opens': '11:0', 'closes': '22:0'}, {'@type': 'OpeningHoursSpecification', 'dayOfWeek': ['Friday', 'Saturday'], 'opens': '11:0', 'closes': '23:0'}]","{'@type': 'PostalAddress', 'addressLocality': 'Poughkeepsie', 'addressRegion': 'New York', 'postalCode': '12603', 'addressCountry': 'US', 'streetAddress': '230 Salt Point Turnpike'}","{'@type': 'GeoCoordinates', 'latitude': 41.72313270000001, 'longitude': -73.8940672}","{'@type': 'AggregateRating', 'ratingValue': 4.4, 'reviewCount': '29'}"
Burger King (53 Dutchess Turnpike),https://www.ubereats.com/nyc-suburbs/food-delivery/burger-king-53-dutchess-turnpike/RoWs6pvtQcWUGUVrPBd5Dg,arlington-new-york,"['American', 'burger', 'Fast Food']",4.3,109,$,41.698576,-73.890541,+18454527304,12603,621 Dutchess Turnpike,Arlington,NY,"[{'@type': 'OpeningHoursSpecification', 'dayOfWeek': 'Sunday', 'opens': '7:30', 'closes': '9:59'}, {'@type': 'OpeningHoursSpecification', 'dayOfWeek': 'Sunday', 'opens': '10:30', 'closes': '22:30'}, {'@type': 'OpeningHoursSpecification', 'dayOfWeek': ['Monday', 'Tuesday', 'Wednesday', 'Thursday', 'Friday', 'Saturday'], 'opens': '6:30', 'closes': '9:59'}, {'@type': 'OpeningHoursSpecification', 'dayOfWeek': ['Monday', 'Tuesday', 'Wednesday', 'Thursday', 'Friday', 'Saturday'], 'opens': '10:30', 'closes': '22:30'}]","{'@type': 'PostalAddress', 'addressLocality': 'Arlington', 'addressRegion': 'NY', 'postalCode': '12603', 'addressCountry': 'US', 'streetAddress': '621 Dutchess Turnpike'}","{'@type': 'GeoCoordinates', 'latitude': 41.698576, 'longitude': -73.890541}","{'@type': 'AggregateRating', 'ratingValue': 4.3, 'reviewCount': '109'}"
Falafel Town,https://www.ubereats.com/nyc-suburbs/food-delivery/falafel-town/t8VNhd4FSyCMPnZS_MkQDA,arlington-new-york,['Greek'],,,$$,41.7186707,-73.9306778,+18454330123,12601,260 North Rd,Poughkeepsie,New York,"[{'@type': 'OpeningHoursSpecification', 'dayOfWeek': 'Sunday', 'opens': '10:0', 'closes': '20:30'}, {'@type': 'OpeningHoursSpecification', 'dayOfWeek': 'Sunday', 'opens': '10:0', 'closes': '21:0'}, {'@type': 'OpeningHoursSpecification', 'dayOfWeek': 'Sunday', 'opens': '10:0', 'closes': '20:45'}, {'@type': 'OpeningHoursSpecification', 'dayOfWeek': 'Sunday', 'opens': '11:0', 'closes': '21:0'}, {'@type': 'OpeningHoursSpecification', 'dayOfWeek': ['Monday', 'Tuesday', 'Wednesday', 'Thursday', 'Friday', 'Saturday'], 'opens': '10:0', 'closes': '20:30'}, {'@type': 'OpeningHoursSpecification', 'dayOfWeek': ['Monday', 'Tuesday', 'Wednesday', 'Thursday', 'Friday', 'Saturday'], 'opens': '10:0', 'closes': '20:45'}]","{'@type': 'PostalAddress', 'addressLocality': 'Poughkeepsie', 'addressRegion': 'New York', 'postalCode': '12601', 'addressCountry': 'US', 'streetAddress': '260 North Rd'}","{'@type': 'GeoCoordinates', 'latitude': 41.7186707, 'longitude': -73.9306778}",{}
Taqueria Los Ortiz,https://www.ubereats.com/nyc-suburbs/food-delivery/taqueria-los-ortiz/6EdXEcGNREW6WKCtX1MNbQ,arlington-new-york,['Mexican'],,,$,41.7015107,-73.9179331,+13105285076,12601,8 N Cherry St,Poughkeepsie,NY,"[{'@type': 'OpeningHoursSpecification', 'dayOfWeek': 'Tuesday', 'opens': '17:30', 'closes': '21:0'}]","{'@type': 'PostalAddress', 'addressLocality': 'Poughkeepsie', 'addressRegion': 'NY', 'postalCode': '12601', 'addressCountry': 'US', 'streetAddress': '8 N Cherry St'}","{'@type': 'GeoCoordinates', 'latitude': 41.7015107, 'longitude': -73.9179331}",{}
Nathan's Famous (2001 South Rd),https://www.ubereats.com/nyc-suburbs/food-delivery/nathans-famous-2001-south-rd/DoUYyJXxQOuMiLN0WDZT_A,arlington-new-york,"['American', 'Burgers', 'Kids Friendly']",,,$,41.6268419,-73.921635,+12039944217,,,,,"[{'@type': 'OpeningHoursSpecification', 'dayOfWeek': 'Sunday', 'opens': '11:0', 'closes': '17:0'}, {'@type': 'OpeningHoursSpecification', 'dayOfWeek': ['Monday', 'Tuesday', 'Wednesday', 'Thursday', 'Friday', 'Saturday'], 'opens': '10:0', 'closes': '20:30'}]",,"{'@type': 'GeoCoordinates', 'latitude': 41.6268419, 'longitude': -73.921635}",{}
L & A Cafe,https://www.ubereats.com/nyc-suburbs/food-delivery/l-%26-a-cafe/EwCUx4ZGR9CueBJnjZXikg,arlington-new-york,"['Breakfast and Brunch', 'American', 'Sandwiches', 'Mexican', 'Spanish', 'Italian']",4.9,21,$,41.6968066,-73.90706449999999,+18454734236,12603,724 Main St,Poughkeepsie,NY,"[{'@type': 'OpeningHoursSpecification', 'dayOfWeek': ['Sunday', 'Monday', 'Tuesday', 'Wednesday', 'Thursday', 'Friday'], 'opens': '8:0', 'closes': '20:0'}, {'@type': 'OpeningHoursSpecification', 'dayOfWeek': ['Sunday', 'Monday', 'Tuesday', 'Wednesday', 'Thursday', 'Friday'], 'opens': '8:0', 'closes': '20:0'}]","{'@type': 'PostalAddress', 'addressLocality': 'Poughkeepsie', 'addressRegion': 'NY', 'postalCode': '12603', 'addressCountry': 'US', 'streetAddress': '724 Main St'}","{'@type': 'GeoCoordinates', 'latitude': 41.6968066, 'longitude': -73.90706449999999}","{'@type': 'AggregateRating', 'ratingValue': 4.9, 'reviewCount': '21'}"
Darby O'Gills,https://www.ubereats.com/nyc-suburbs/food-delivery/darby-ogills/S_npN_m5S2iO5xc30EItlw,arlington-new-york,"['American', 'Burgers', 'Sandwiches']",4.3,30,$,41.7615529,-73.93092109999999,+18452296662,12538,3969 Albany Post Rd,Hyde Park,NY,"[{'@type': 'OpeningHoursSpecification', 'dayOfWeek': ['Monday', 'Tuesday', 'Wednesday', 'Thursday', 'Friday', 'Saturday', 'Sunday'], 'opens': '11:30', 'closes': '21:0'}]","{'@type': 'PostalAddress', 'addressLocality': 'Hyde Park', 'addressRegion': 'NY', 'postalCode': '12538', 'addressCountry': 'US', 'streetAddress': '3969 Albany Post Rd'}","{'@type': 'GeoCoordinates', 'latitude': 41.7615529, 'longitude': -73.93092109999999}","{'@type': 'AggregateRating', 'ratingValue': 4.3, 'reviewCount': '30'}"
Alex food & grocery II,https://www.ubereats.com/nyc-suburbs/food-delivery/alex-food-%26-grocery-ii/hZwO6i7fSFyCBnxFZLBl_w,arlington-new-york,"['Burgers', 'American', 'Sandwiches']",,,$,41.7058765,-73.9163025,+18454541155,12601,108 Smith St,Poughkeepsie,NY,"[{'@type': 'OpeningHoursSpecification', 'dayOfWeek': 'Sunday', 'opens': '8:0', 'closes': '9:0'}, {'@type': 'OpeningHoursSpecification', 'dayOfWeek': ['Monday', 'Tuesday', 'Wednesday', 'Thursday', 'Friday', 'Saturday'], 'opens': '7:0', 'closes': '15:30'}]","{'@type': 'PostalAddress', 'addressLocality': 'Poughkeepsie', 'addressRegion': 'NY', 'postalCode': '12601', 'addressCountry': 'US', 'streetAddress': '108 Smith St'}","{'@type': 'GeoCoordinates', 'latitude': 41.7058765, 'longitude': -73.9163025}",{}
Krispy Krunchy Chicken - Sam's Mart,https://www.ubereats.com/nyc-suburbs/food-delivery/krispy-krunchy-chicken-sams-mart/sl1peoeKSmisMYXt_Fw-6Q,arlington-new-york,"['Chicken', 'Fast Food', 'Wings', 'Family Meals']",,,$,41.7084613,-73.90362569999999,+18454522224,12601,174 Innis Ave,Poughkeepsie,NY,"[{'@type': 'OpeningHoursSpecification', 'dayOfWeek': ['Monday', 'Tuesday', 'Wednesday', 'Thursday', 'Friday', 'Saturday', 'Sunday'], 'opens': '11:0', 'closes': '18:0'}]","{'@type': 'PostalAddress', 'addressLocality': 'Poughkeepsie', 'addressRegion': 'NY', 'postalCode': '12601', 'addressCountry': 'US', 'streetAddress': '174 Innis Ave'}","{'@type': 'GeoCoordinates', 'latitude': 41.7084613, 'longitude': -73.90362569999999}",{}
Kennedy fried chicken,https://www.ubereats.com/nyc-suburbs/food-delivery/kennedy-fried-chicken/7rUZwXyNQQ2Qe8QQDR2B-Q,arlington-new-york,"['Halal', 'Chicken', 'Middle Eastern']",4.0,160,$,41.7014326,-73.9204744,+18454520234,12601,472 Main St,Poughkeepsie,NY,"[{'@type': 'OpeningHoursSpecification', 'dayOfWeek': ['Monday', 'Tuesday', 'Wednesday', 'Thursday', 'Friday', 'Saturday', 'Sunday'], 'opens': '11:0', 'closes': '3:0'}]","{'@type': 'PostalAddress', 'addressLocality': 'Poughkeepsie', 'addressRegion': 'NY', 'postalCode': '12601', 'addressCountry': 'US', 'streetAddress': '472 Main St'}","{'@type': 'GeoCoordinates', 'latitude': 41.7014326, 'longitude': -73.9204744}","{'@type': 'AggregateRating', 'ratingValue': 4, 'reviewCount': '160'}"
Vitality Bowls (1839 South Rd),https://www.ubereats.com/nyc-suburbs/food-delivery/vitality-bowls-1839-south-rd/RXjEGXpuQwCgBDV1P_yGgw,arlington-new-york,"['Juice and Smoothies', 'Vegan', 'Vegetarian']",4.8,24,$$,41.6144675,-73.9153151,+18452981000,12590,1839 South Rd,Wappingers Falls,NY,"[{'@type': 'OpeningHoursSpecification', 'dayOfWeek': 'Sunday', 'opens': '11:0', 'closes': '16:30'}, {'@type': 'OpeningHoursSpecification', 'dayOfWeek': ['Monday', 'Tuesday', 'Wednesday', 'Thursday', 'Friday', 'Saturday'], 'opens': '10:0', 'closes': '17:30'}]","{'@type': 'PostalAddress', 'addressLocality': 'Wappingers Falls', 'addressRegion': 'NY', 'postalCode': '12590', 'addressCountry': 'US', 'streetAddress': '1839 South Rd'}","{'@type': 'GeoCoordinates', 'latitude': 41.6144675, 'longitude': -73.9153151}","{'@type': 'AggregateRating', 'ratingValue': 4.8, 'reviewCount': '24'}"
Mona Lisa Gourmet Pizza & Pints,https://www.ubereats.com/nyc-suburbs/food-delivery/mona-lisa-gourmet-pizza-%26-pints/3XW73ZqzSA23rGSm5nMEMw,arlington-new-york,"['American', 'Burgers', 'Sandwiches']",4.6,15,$,41.7615529,-73.93092109999999,+18452296662,12538,3969 Albany Post Rd,Hyde Park,NY,"[{'@type': 'OpeningHoursSpecification', 'dayOfWeek': ['Monday', 'Tuesday', 'Wednesday', 'Thursday', 'Friday', 'Saturday', 'Sunday'], 'opens': '11:45', 'closes': '21:0'}]","{'@type': 'PostalAddress', 'addressLocality': 'Hyde Park', 'addressRegion': 'NY', 'postalCode': '12538', 'addressCountry': 'US', 'streetAddress': '3969 Albany Post Rd'}","{'@type': 'GeoCoordinates', 'latitude': 41.7615529, 'longitude': -73.93092109999999}","{'@type': 'AggregateRating', 'ratingValue': 4.6, 'reviewCount': '15'}"
Chipotle Mexican Grill (10 Westage Dr),https://www.ubereats.com/nyc-suburbs/food-delivery/chipotle-mexican-grill-10-westage-dr/f3Fx3IonSYqYleiv5D_c0g,arlington-new-york,"['Healthy', 'Mexican']",4.3,326,$,41.5274009,-73.8929355,+18458972694,12524,10 Westage Dr,Fishkill,NY,"[{'@type': 'OpeningHoursSpecification', 'dayOfWeek': ['Monday', 'Tuesday', 'Wednesday', 'Thursday', 'Friday', 'Saturday', 'Sunday'], 'opens': '10:45', 'closes': '21:40'}]","{'@type': 'PostalAddress', 'addressLocality': 'Fishkill', 'addressRegion': 'NY', 'postalCode': '12524', 'addressCountry': 'US', 'streetAddress': '10 Westage Dr'}","{'@type': 'GeoCoordinates', 'latitude': 41.5274009, 'longitude': -73.8929355}","{'@type': 'AggregateRating', 'ratingValue': 4.3, 'reviewCount': '326'}"
Pancho Villa Mexican Restaurant,https://www.ubereats.com/nyc-suburbs/food-delivery/pancho-villa-mexican-restaurant/yv4mSSfmQc2KDRuye5eaAQ,arlington-new-york,"['Mexican', 'Latin American', 'New Mexican']",,,$,41.6997457,-73.9159967,+18455197670,12601,550 Main St,Poughkeepsie,New York,"[{'@type': 'OpeningHoursSpecification', 'dayOfWeek': ['Monday', 'Tuesday', 'Wednesday', 'Thursday', 'Friday', 'Saturday', 'Sunday'], 'opens': '11:0', 'closes': '3:0'}]","{'@type': 'PostalAddress', 'addressLocality': 'Poughkeepsie', 'addressRegion': 'New York', 'postalCode': '12601', 'addressCountry': 'US', 'streetAddress': '550 Main St'}","{'@type': 'GeoCoordinates', 'latitude': 41.6997457, 'longitude': -73.9159967}",{}
River Station Restaurant,https://www.ubereats.com/nyc-suburbs/food-delivery/river-station-restaurant/Kh9aymyfT0Wd9BAhS31wiA,arlington-new-york,"['Burgers', 'American', 'Sandwiches', 'Seafood', 'Breakfast and Brunch', 'Salads', 'Pasta', 'Steak']",,,$,41.705741,-73.93932,+18454529207,12601,1 N Water St,Poughkeepsie,NY,"[{'@type': 'OpeningHoursSpecification', 'dayOfWeek': 'Sunday', 'opens': '11:30', 'closes': '15:0'}, {'@type': 'OpeningHoursSpecification', 'dayOfWeek': 'Sunday', 'opens': '11:30', 'closes': '20:0'}, {'@type': 'OpeningHoursSpecification', 'dayOfWeek': ['Monday', 'Tuesday'], 'opens': '11:30', 'closes': '16:0'}, {'@type': 'OpeningHoursSpecification', 'dayOfWeek': ['Monday', 'Tuesday'], 'opens': '11:30', 'closes': '20:0'}, {'@type': 'OpeningHoursSpecification', 'dayOfWeek': 'Wednesday', 'opens': '11:30', 'closes': '16:0'}, {'@type': 'OpeningHoursSpecification', 'dayOfWeek': 'Wednesday', 'opens': '11:30', 'closes': '21:0'}, {'@type': 'OpeningHoursSpecification', 'dayOfWeek': 'Thursday', 'opens': '11:30', 'closes': '16:0'}, {'@type': 'OpeningHoursSpecification', 'dayOfWeek': 'Thursday', 'opens': '11:30', 'closes': '20:0'}, {'@type': 'OpeningHoursSpecification', 'dayOfWeek': ['Friday', 'Saturday'], 'opens': '11:30', 'closes': '16:0'}, {'@type': 'OpeningHoursSpecification', 'dayOfWeek': ['Friday', 'Saturday'], 'opens': '11:30', 'closes': '21:0'}]","{'@type': 'PostalAddress', 'addressLocality': 'Poughkeepsie', 'addressRegion': 'NY', 'postalCode': '12601', 'addressCountry': 'US', 'streetAddress': '1 N Water St'}","{'@type': 'GeoCoordinates', 'latitude': 41.705741, 'longitude': -73.93932}",{}
Popeyes (535 Haight Avenue),https://www.ubereats.com/nyc-suburbs/food-delivery/popeyes-535-haight-avenue/DXVpeFmESy6U6jXfPYaQ8A,arlington-new-york,"['American', 'Fast Food', 'Southern', 'Wings']",3.5,28,$,41.6951496,-73.8976212,+18458490112,12603,535 Haight Avenue,Poughkeepsie,NY,"[{'@type': 'OpeningHoursSpecification', 'dayOfWeek': ['Sunday', 'Monday', 'Tuesday', 'Wednesday', 'Thursday'], 'opens': '11:0', 'closes': '21:30'}, {'@type': 'OpeningHoursSpecification', 'dayOfWeek': ['Friday', 'Saturday'], 'opens': '11:0', 'closes': '21:30'}, {'@type': 'OpeningHoursSpecification', 'dayOfWeek': ['Friday', 'Saturday'], 'opens': '11:0', 'closes': '22:30'}]","{'@type': 'PostalAddress', 'addressLocality': 'Poughkeepsie', 'addressRegion': 'NY', 'postalCode': '12603', 'addressCountry': 'US', 'streetAddress': '535 Haight Avenue'}","{'@type': 'GeoCoordinates', 'latitude': 41.6951496, 'longitude': -73.8976212}","{'@type': 'AggregateRating', 'ratingValue': 3.5, 'reviewCount': '28'}"
Dutchess BBQ,https://www.ubereats.com/nyc-suburbs/food-delivery/dutchess-bbq/xG44aJpCRLaP2N8DFWtwsg,arlington-new-york,"['Burgers', 'American', 'Sandwiches']",3.9,18,$,41.6404058,-73.87447,+18458491774,12603,1820 New Hackensack Road,Poughkeepsie,NY,"[{'@type': 'OpeningHoursSpecification', 'dayOfWeek': 'Sunday', 'opens': '11:30', 'closes': '20:0'}, {'@type': 'OpeningHoursSpecification', 'dayOfWeek': 'Sunday', 'opens': '12:0', 'closes': '19:0'}, {'@type': 'OpeningHoursSpecification', 'dayOfWeek': ['Monday', 'Tuesday', 'Wednesday', 'Thursday'], 'opens': '11:30', 'closes': '20:0'}, {'@type': 'OpeningHoursSpecification', 'dayOfWeek': ['Monday', 'Tuesday', 'Wednesday', 'Thursday'], 'opens': '11:30', 'closes': '20:0'}, {'@type': 'OpeningHoursSpecification', 'dayOfWeek': ['Friday', 'Saturday'], 'opens': '11:30', 'closes': '21:30'}, {'@type': 'OpeningHoursSpecification', 'dayOfWeek': ['Friday', 'Saturday'], 'opens': '11:30', 'closes': '20:0'}]","{'@type': 'PostalAddress', 'addressLocality': 'Poughkeepsie', 'addressRegion': 'NY', 'postalCode': '12603', 'addressCountry': 'US', 'streetAddress': '1820 New Hackensack Road'}","{'@type': 'GeoCoordinates', 'latitude': 41.6404058, 'longitude': -73.87447}","{'@type': 'AggregateRating', 'ratingValue': 3.9, 'reviewCount': '18'}"
Burger King (845 South Road),https://www.ubereats.com/nyc-suburbs/food-delivery/burger-king-845-south-road/9PlWv5UZSXWBa6Iqs1eCdg,arlington-new-york,"['American', 'burger', 'Fast Food']",3.9,13,$,41.6173199,-73.9155449,+18452974942,12601,845 South Road,Poughkeepsie,NY,"[{'@type': 'OpeningHoursSpecification', 'dayOfWeek': 'Sunday', 'opens': '10:30', 'closes': '22:30'}, {'@type': 'OpeningHoursSpecification', 'dayOfWeek': 'Sunday', 'opens': '7:30', 'closes': '9:59'}, {'@type': 'OpeningHoursSpecification', 'dayOfWeek': ['Monday', 'Tuesday', 'Wednesday', 'Thursday', 'Friday', 'Saturday'], 'opens': '10:30', 'closes': '22:30'}, {'@type': 'OpeningHoursSpecification', 'dayOfWeek': ['Monday', 'Tuesday', 'Wednesday', 'Thursday', 'Friday', 'Saturday'], 'opens': '6:30', 'closes': '9:59'}]","{'@type': 'PostalAddress', 'addressLocality': 'Poughkeepsie', 'addressRegion': 'NY', 'postalCode': '12601', 'addressCountry': 'US', 'streetAddress': '845 South Road'}","{'@type': 'GeoCoordinates', 'latitude': 41.6173199, 'longitude': -73.9155449}","{'@type': 'AggregateRating', 'ratingValue': 3.9, 'reviewCount': '13'}"
Buffalo Wild Wings (1794 South Rd),https://www.ubereats.com/nyc-suburbs/food-delivery/buffalo-wild-wings-1794-south-rd/x6cMS5FjTiWUhfZd9bXvYw,arlington-new-york,"['wings', 'Sandwich', 'Kids Friendly']",4.2,97,$$,41.6121646,-73.9122378,+18452189453,12590,1794 South Rd,Wappingers Falls,NY,"[{'@type': 'OpeningHoursSpecification', 'dayOfWeek': ['Monday', 'Tuesday', 'Wednesday', 'Thursday', 'Friday', 'Saturday', 'Sunday'], 'opens': '12:0', 'closes': '22:0'}]","{'@type': 'PostalAddress', 'addressLocality': 'Wappingers Falls', 'addressRegion': 'NY', 'postalCode': '12590', 'addressCountry': 'US', 'streetAddress': '1794 South Rd'}","{'@type': 'GeoCoordinates', 'latitude': 41.6121646, 'longitude': -73.9122378}","{'@type': 'AggregateRating', 'ratingValue': 4.2, 'reviewCount': '97'}"
Dunkin' (2265 South Rd),https://www.ubereats.com/nyc-suburbs/food-delivery/dunkin-2265-south-rd/YFs2k1E2RNSWIGlPiC0WiA,arlington-new-york,"['Breakfast and Brunch', 'Donuts']",4.3,34,$,41.6441052,-73.9228814,+18454620606,12601,2265 South Rd,Poughkeepsie,NY,"[{'@type': 'OpeningHoursSpecification', 'dayOfWeek': 'Sunday', 'opens': '6:30', 'closes': '18:30'}, {'@type': 'OpeningHoursSpecification', 'dayOfWeek': ['Monday', 'Tuesday', 'Wednesday', 'Thursday', 'Friday'], 'opens': '5:30', 'closes': '18:30'}, {'@type': 'OpeningHoursSpecification', 'dayOfWeek': 'Saturday', 'opens': '6:30', 'closes': '18:30'}]","{'@type': 'PostalAddress', 'addressLocality': 'Poughkeepsie', 'addressRegion': 'NY', 'postalCode': '12601', 'addressCountry': 'US', 'streetAddress': '2265 South Rd'}","{'@type': 'GeoCoordinates', 'latitude': 41.6441052, 'longitude': -73.9228814}","{'@type': 'AggregateRating', 'ratingValue': 4.3, 'reviewCount': '34'}"
El Toro Loco,https://www.ubereats.com/nyc-suburbs/food-delivery/el-toro-loco/-T5Q4MfQRZe5kUq0dvtA0w,arlington-new-york,"['Mexican', 'Latin American', 'New Mexican']",,,$,41.6220602,-73.9168938,+18456323800,12605,1944 South rd,Poughkeepsie,NY,"[{'@type': 'OpeningHoursSpecification', 'dayOfWeek': 'Sunday', 'opens': '11:0', 'closes': '23:59'}, {'@type': 'OpeningHoursSpecification', 'dayOfWeek': ['Monday', 'Tuesday', 'Wednesday', 'Thursday'], 'opens': '11:0', 'closes': '23:59'}, {'@type': 'OpeningHoursSpecification', 'dayOfWeek': ['Monday', 'Tuesday', 'Wednesday', 'Thursday'], 'opens': '11:30', 'closes': '15:30'}, {'@type': 'OpeningHoursSpecification', 'dayOfWeek': 'Friday', 'opens': '11:0', 'closes': '2:0'}, {'@type': 'OpeningHoursSpecification', 'dayOfWeek': 'Friday', 'opens': '11:30', 'closes': '15:30'}, {'@type': 'OpeningHoursSpecification', 'dayOfWeek': 'Saturday', 'opens': '11:0', 'closes': '2:0'}]","{'@type': 'PostalAddress', 'addressLocality': 'Poughkeepsie', 'addressRegion': 'NY', 'postalCode': '12605', 'addressCountry': 'US', 'streetAddress': '1944 South rd'}","{'@type': 'GeoCoordinates', 'latitude': 41.6220602, 'longitude': -73.9168938}",{}
Salsa Fresca Mexican Grill,https://www.ubereats.com/nyc-suburbs/food-delivery/salsa-fresca-mexican-grill/G-oXT6fOTcaZHwe7vDciRw,arlington-new-york,"['Mexican', 'Salads', 'Steak', 'Chicken']",4.3,80,$,41.7242341,-73.9312518,+18453374646,12601,3434 North Rd,Poughkeepsie,NY,"[{'@type': 'OpeningHoursSpecification', 'dayOfWeek': ['Monday', 'Tuesday', 'Wednesday', 'Thursday', 'Friday', 'Saturday', 'Sunday'], 'opens': '11:0', 'closes': '20:30'}]","{'@type': 'PostalAddress', 'addressLocality': 'Poughkeepsie', 'addressRegion': 'NY', 'postalCode': '12601', 'addressCountry': 'US', 'streetAddress': '3434 North Rd'}","{'@type': 'GeoCoordinates', 'latitude': 41.7242341, 'longitude': -73.9312518}","{'@type': 'AggregateRating', 'ratingValue': 4.3, 'reviewCount': '80'}"
China Wok Chinese Restaurant,https://www.ubereats.com/nyc-suburbs/food-delivery/china-wok-chinese-restaurant/k_zK-WdkRuK0CmfBmXD87A,arlington-new-york,"['Chinese', 'Asian', 'Asian Fusion']",,,$,41.763692,-73.9322163,+18452290888,12538,3999 Albany Post Rd,Hyde Park,NY,"[{'@type': 'OpeningHoursSpecification', 'dayOfWeek': 'Sunday', 'opens': '11:30', 'closes': '21:30'}, {'@type': 'OpeningHoursSpecification', 'dayOfWeek': 'Sunday', 'opens': '11:0', 'closes': '15:30'}, {'@type': 'OpeningHoursSpecification', 'dayOfWeek': ['Monday', 'Tuesday', 'Wednesday'], 'opens': '11:0', 'closes': '22:0'}, {'@type': 'OpeningHoursSpecification', 'dayOfWeek': ['Monday', 'Tuesday', 'Wednesday'], 'opens': '11:0', 'closes': '15:30'}, {'@type': 'OpeningHoursSpecification', 'dayOfWeek': 'Thursday', 'opens': '11:30', 'closes': '21:30'}, {'@type': 'OpeningHoursSpecification', 'dayOfWeek': 'Thursday', 'opens': '11:0', 'closes': '15:30'}, {'@type': 'OpeningHoursSpecification', 'dayOfWeek': ['Friday', 'Saturday'], 'opens': '11:0', 'closes': '22:30'}, {'@type': 'OpeningHoursSpecification', 'dayOfWeek': ['Friday', 'Saturday'], 'opens': '11:0', 'closes': '15:30'}]","{'@type': 'PostalAddress', 'addressLocality': 'Hyde Park', 'addressRegion': 'NY', 'postalCode': '12538', 'addressCountry': 'US', 'streetAddress': '3999 Albany Post Rd'}","{'@type': 'GeoCoordinates', 'latitude': 41.763692, 'longitude': -73.9322163}",{}
New Nelly's Restaurant (ask before contacting),https://www.ubereats.com/nyc-suburbs/food-delivery/new-nellys-restaurant-ask-before-contacting/rb0R0LNeRBKbnUOeFusZWw,arlington-new-york,"['Spanish', 'Seafood', 'Mediterranean']",,,$,41.6923323,-73.90029559999999,+18458490377,12603,50 Raymond Ave,Poughkeepsie,NY,"[{'@type': 'OpeningHoursSpecification', 'dayOfWeek': 'Sunday', 'opens': '10:0', 'closes': '19:0'}, {'@type': 'OpeningHoursSpecification', 'dayOfWeek': 'Sunday', 'opens': '10:0', 'closes': '19:0'}, {'@type': 'OpeningHoursSpecification', 'dayOfWeek': 'Monday', 'opens': '10:0', 'closes': '21:0'}, {'@type': 'OpeningHoursSpecification', 'dayOfWeek': 'Monday', 'opens': '10:0', 'closes': '21:0'}, {'@type': 'OpeningHoursSpecification', 'dayOfWeek': 'Tuesday', 'opens': '10:0', 'closes': '21:0'}, {'@type': 'OpeningHoursSpecification', 'dayOfWeek': 'Tuesday', 'opens': '10:0', 'closes': '21:0'}, {'@type': 'OpeningHoursSpecification', 'dayOfWeek': 'Wednesday', 'opens': '10:0', 'closes': '21:0'}, {'@type': 'OpeningHoursSpecification', 'dayOfWeek': 'Wednesday', 'opens': '10:0', 'closes': '21:0'}, {'@type': 'OpeningHoursSpecification', 'dayOfWeek': 'Thursday', 'opens': '10:0', 'closes': '21:0'}, {'@type': 'OpeningHoursSpecification', 'dayOfWeek': 'Thursday', 'opens': '10:0', 'closes': '21:0'}, {'@type': 'OpeningHoursSpecification', 'dayOfWeek': 'Friday', 'opens': '10:0', 'closes': '21:0'}, {'@type': 'OpeningHoursSpecification', 'dayOfWeek': 'Friday', 'opens': '10:0', 'closes': '21:0'}, {'@type': 'OpeningHoursSpecification', 'dayOfWeek': 'Saturday', 'opens': '10:0', 'closes': '21:0'}, {'@type': 'OpeningHoursSpecification', 'dayOfWeek': 'Saturday', 'opens': '10:0', 'closes': '21:0'}]","{'@type': 'PostalAddress', 'addressLocality': 'Poughkeepsie', 'addressRegion': 'NY', 'postalCode': '12603', 'addressCountry': 'US', 'streetAddress': '50 Raymond Ave'}","{'@type': 'GeoCoordinates', 'latitude': 41.6923323, 'longitude': -73.90029559999999}",{}
PANCHO VILLA MEXICAN RESTAURANT,https://www.ubereats.com/nyc-suburbs/food-delivery/pancho-villa-mexican-restaurant/naoP5_KFQguQSlIoDGKfnw,arlington-new-york,"['Mediterranean', 'Greek', 'Vegetarian']",,,$,41.6997457,-73.9159967,+18454852903,12601,550 Main St,Poughkeepsie,NY,"[{'@type': 'OpeningHoursSpecification', 'dayOfWeek': ['Monday', 'Tuesday', 'Wednesday', 'Thursday', 'Friday', 'Saturday', 'Sunday'], 'opens': '10:0', 'closes': '23:59'}, {'@type': 'OpeningHoursSpecification', 'dayOfWeek': ['Monday', 'Tuesday', 'Wednesday', 'Thursday', 'Friday', 'Saturday', 'Sunday'], 'opens': '0:0', 'closes': '3:0'}]","{'@type': 'PostalAddress', 'addressLocality': 'Poughkeepsie', 'addressRegion': 'NY', 'postalCode': '12601', 'addressCountry': 'US', 'streetAddress': '550 Main St'}","{'@type': 'GeoCoordinates', 'latitude': 41.6997457, 'longitude': -73.9159967}",{}
El toro loco,https://www.ubereats.com/nyc-suburbs/food-delivery/el-toro-loco/BAaW38a6SqKPAhc5AMQb8g,arlington-new-york,"['Mexican', 'Latin American', 'New Mexican']",,,$,41.62236979999999,-73.91846319999999,+17328106998,12601,1955 South Rd,Poughkeepsie,NY,"[{'@type': 'OpeningHoursSpecification', 'dayOfWeek': ['Sunday', 'Monday', 'Tuesday', 'Wednesday'], 'opens': '11:0', 'closes': '23:0'}, {'@type': 'OpeningHoursSpecification', 'dayOfWeek': ['Friday', 'Saturday'], 'opens': '11:0', 'closes': '2:0'}]","{'@type': 'PostalAddress', 'addressLocality': 'Poughkeepsie', 'addressRegion': 'NY', 'postalCode': '12601', 'addressCountry': 'US', 'streetAddress': '1955 South Rd'}","{'@type': 'GeoCoordinates', 'latitude': 41.62236979999999, 'longitude': -73.91846319999999}",{}
KFC (750 Main St),https://www.ubereats.com/nyc-suburbs/food-delivery/kfc-750-main-st/KYmqN4tnQ5iDgkDqA__n3w,arlington-new-york,"['American', 'Fast Food', 'wings']",,,$,41.6964085,-73.904774,+18454522237,12603,750 Main St,Poughkeepsie,NY,"[{'@type': 'OpeningHoursSpecification', 'dayOfWeek': 'Sunday', 'opens': '10:30', 'closes': '20:30'}, {'@type': 'OpeningHoursSpecification', 'dayOfWeek': ['Monday', 'Tuesday', 'Wednesday', 'Thursday', 'Friday', 'Saturday'], 'opens': '10:30', 'closes': '21:30'}]","{'@type': 'PostalAddress', 'addressLocality': 'Poughkeepsie', 'addressRegion': 'NY', 'postalCode': '12603', 'addressCountry': 'US', 'streetAddress': '750 Main St'}","{'@type': 'GeoCoordinates', 'latitude': 41.6964085, 'longitude': -73.904774}",{}
Dunkin' (411 Violet Ave),https://www.ubereats.com/nyc-suburbs/food-delivery/dunkin-411-violet-ave/xjQWsORFSDaqEiq8l7_-Cg,arlington-new-york,"['Breakfast and Brunch', 'Donuts']",3.7,12,$,41.740253,-73.91018030000001,+18454715455,12601,411 Violet Ave,Poughkeepsie,NY,"[{'@type': 'OpeningHoursSpecification', 'dayOfWeek': ['Monday', 'Tuesday', 'Wednesday', 'Thursday', 'Friday', 'Saturday', 'Sunday'], 'opens': '5:0', 'closes': '17:30'}]","{'@type': 'PostalAddress', 'addressLocality': 'Poughkeepsie', 'addressRegion': 'NY', 'postalCode': '12601', 'addressCountry': 'US', 'streetAddress': '411 Violet Ave'}","{'@type': 'GeoCoordinates', 'latitude': 41.740253, 'longitude': -73.91018030000001}","{'@type': 'AggregateRating', 'ratingValue': 3.7, 'reviewCount': '12'}"
Dunkin' (3979 Albany Post Rd),https://www.ubereats.com/nyc-suburbs/food-delivery/dunkin-3979-albany-post-rd/XIZk-AegSAO3-UNpSkuPvQ,arlington-new-york,"['Breakfast and Brunch', 'Donuts']",,,$,41.7621748,-73.9308844,+18452294146,12538,3979 Albany Post Rd,Hyde Park,NY,"[{'@type': 'OpeningHoursSpecification', 'dayOfWeek': ['Monday', 'Tuesday', 'Wednesday', 'Thursday', 'Friday', 'Saturday', 'Sunday'], 'opens': '6:30', 'closes': '19:30'}]","{'@type': 'PostalAddress', 'addressLocality': 'Hyde Park', 'addressRegion': 'NY', 'postalCode': '12538', 'addressCountry': 'US', 'streetAddress': '3979 Albany Post Rd'}","{'@type': 'GeoCoordinates', 'latitude': 41.7621748, 'longitude': -73.9308844}",{}
Dunkin' (764 Main St),https://www.ubereats.com/nyc-suburbs/food-delivery/dunkin-764-main-st/BF6NNYNaRvqWGi_ybt8MFQ,arlington-new-york,"['Breakfast and Brunch', 'Donuts']",4.0,84,$,41.69626410000001,-73.9034605,+18458499151,12603,764 Main St,Poughkeepsie,NY,"[{'@type': 'OpeningHoursSpecification', 'dayOfWeek': ['Monday', 'Tuesday', 'Wednesday', 'Thursday', 'Friday', 'Saturday', 'Sunday'], 'opens': '6:30', 'closes': '18:30'}]","{'@type': 'PostalAddress', 'addressLocality': 'Poughkeepsie', 'addressRegion': 'NY', 'postalCode': '12603', 'addressCountry': 'US', 'streetAddress': '764 Main St'}","{'@type': 'GeoCoordinates', 'latitude': 41.69626410000001, 'longitude': -73.9034605}","{'@type': 'AggregateRating', 'ratingValue': 4, 'reviewCount': '84'}"
Juan Murphys,https://www.ubereats.com/nyc-suburbs/food-delivery/juan-murphys/7sw02jBWRHuq_KwOqzz1ig,arlington-new-york,"['Mexican', 'Latin American', 'New Mexican', 'Burgers', 'Desserts']",,,$,41.69586299999999,-73.9005712,+18454731095,12601,796 Main St,Poughkeepsie,NY,"[{'@type': 'OpeningHoursSpecification', 'dayOfWeek': 'Sunday', 'opens': '16:0', 'closes': '20:0'}, {'@type': 'OpeningHoursSpecification', 'dayOfWeek': ['Wednesday', 'Thursday', 'Friday', 'Saturday'], 'opens': '16:0', 'closes': '20:0'}]","{'@type': 'PostalAddress', 'addressLocality': 'Poughkeepsie', 'addressRegion': 'NY', 'postalCode': '12601', 'addressCountry': 'US', 'streetAddress': '796 Main St'}","{'@type': 'GeoCoordinates', 'latitude': 41.69586299999999, 'longitude': -73.9005712}",{}
Gloria Jean's Coffees (Poughkeepsie Galleria Mall),https://www.ubereats.com/nyc-suburbs/food-delivery/gloria-jeans-coffees-poughkeepsie-galleria-mall/_j43sK1jTCKB_sJ0S9Ikcw,arlington-new-york,"['Coffee and Tea', 'American', 'Breakfast and Brunch']",,,$,41.6268419,-73.921635,+18452977171,12601,2001 South Road Suite 185,Poughkeepsie,New York,"[{'@type': 'OpeningHoursSpecification', 'dayOfWeek': 'Sunday', 'opens': '9:30', 'closes': '17:30'}, {'@type': 'OpeningHoursSpecification', 'dayOfWeek': ['Monday', 'Tuesday', 'Wednesday', 'Thursday', 'Friday', 'Saturday'], 'opens': '8:30', 'closes': '21:0'}]","{'@type': 'PostalAddress', 'addressLocality': 'Poughkeepsie', 'addressRegion': 'New York', 'postalCode': '12601', 'addressCountry': 'US', 'streetAddress': '2001 South Road Suite 185'}","{'@type': 'GeoCoordinates', 'latitude': 41.6268419, 'longitude': -73.921635}",{}
Tony's Pizza Pit,https://www.ubereats.com/nyc-suburbs/food-delivery/tonys-pizza-pit/-pze0jbUQZuNWqbyz1GhpQ,arlington-new-york,"['Pizza', 'Salads', 'Pasta']",4.6,87,$,41.6959899,-73.9017454,+18454714110,12603,786 Main St,Poughkeepsie,NY,"[{'@type': 'OpeningHoursSpecification', 'dayOfWeek': ['Monday', 'Tuesday', 'Wednesday', 'Thursday', 'Friday', 'Saturday', 'Sunday'], 'opens': '11:0', 'closes': '22:0'}, {'@type': 'OpeningHoursSpecification', 'dayOfWeek': ['Monday', 'Tuesday', 'Wednesday', 'Thursday', 'Friday', 'Saturday', 'Sunday'], 'opens': '11:0', 'closes': '21:45'}, {'@type': 'OpeningHoursSpecification', 'dayOfWeek': ['Monday', 'Tuesday', 'Wednesday', 'Thursday', 'Friday', 'Saturday', 'Sunday'], 'opens': '11:0', 'closes': '21:45'}, {'@type': 'OpeningHoursSpecification', 'dayOfWeek': ['Monday', 'Tuesday', 'Wednesday', 'Thursday', 'Friday', 'Saturday', 'Sunday'], 'opens': '11:0', 'closes': '21:45'}]","{'@type': 'PostalAddress', 'addressLocality': 'Poughkeepsie', 'addressRegion': 'NY', 'postalCode': '12603', 'addressCountry': 'US', 'streetAddress': '786 Main St'}","{'@type': 'GeoCoordinates', 'latitude': 41.6959899, 'longitude': -73.9017454}","{'@type': 'AggregateRating', 'ratingValue': 4.6, 'reviewCount': '87'}"
Hurricane Grill & Wings (9 Raymond Avenue),https://www.ubereats.com/nyc-suburbs/food-delivery/hurricane-grill-%26-wings-9-raymond-avenue/P4PzHYdSTBuQbWr2LB5QnQ,arlington-new-york,['American'],4.5,189,$,41.6956205,-73.9019501,+18452432222,12603,9 Raymond Avenue,Poughkeepsie,NY,"[{'@type': 'OpeningHoursSpecification', 'dayOfWeek': ['Monday', 'Tuesday', 'Wednesday', 'Thursday', 'Friday', 'Saturday', 'Sunday'], 'opens': '11:0', 'closes': '21:45'}]","{'@type': 'PostalAddress', 'addressLocality': 'Poughkeepsie', 'addressRegion': 'NY', 'postalCode': '12603', 'addressCountry': 'US', 'streetAddress': '9 Raymond Avenue'}","{'@type': 'GeoCoordinates', 'latitude': 41.6956205, 'longitude': -73.9019501}","{'@type': 'AggregateRating', 'ratingValue': 4.5, 'reviewCount': '189'}"
Coppola's La Fantasia Ristorante,https://www.ubereats.com/nyc-suburbs/food-delivery/coppolas-la-fantasia-ristorante/kkULXYYVQe63BiOwgw_8RQ,arlington-new-york,"['Italian', 'Pasta', 'Comfort Food']",,,$,41.7130566,-73.9644726,+18455186126,12528,3581 Rte 9W,Highland,NY,"[{'@type': 'OpeningHoursSpecification', 'dayOfWeek': ['Sunday', 'Monday', 'Tuesday', 'Wednesday', 'Thursday'], 'opens': '11:0', 'closes': '21:0'}, {'@type': 'OpeningHoursSpecification', 'dayOfWeek': ['Friday', 'Saturday'], 'opens': '11:0', 'closes': '22:0'}]","{'@type': 'PostalAddress', 'addressLocality': 'Highland', 'addressRegion': 'NY', 'postalCode': '12528', 'addressCountry': 'US', 'streetAddress': '3581 Rte 9W'}","{'@type': 'GeoCoordinates', 'latitude': 41.7130566, 'longitude': -73.9644726}",{}
Pat's Kitchen Corp,https://www.ubereats.com/nyc-suburbs/food-delivery/pats-kitchen-corp/AJ2lTF6nS7O5wmbIofjfVA,arlington-new-york,"['Caribbean', 'Seafood', 'Latin American']",4.2,12,$,41.701832599999996,-73.9215026,+18454714264,12601,453 Main St,Poughkeepsie,NY,"[{'@type': 'OpeningHoursSpecification', 'dayOfWeek': ['Monday', 'Tuesday', 'Wednesday', 'Thursday', 'Friday', 'Saturday'], 'opens': '8:0', 'closes': '17:30'}]","{'@type': 'PostalAddress', 'addressLocality': 'Poughkeepsie', 'addressRegion': 'NY', 'postalCode': '12601', 'addressCountry': 'US', 'streetAddress': '453 Main St'}","{'@type': 'GeoCoordinates', 'latitude': 41.701832599999996, 'longitude': -73.9215026}","{'@type': 'AggregateRating', 'ratingValue': 4.2, 'reviewCount': '12'}"
Subway (730A Main St),https://www.ubereats.com/nyc-suburbs/food-delivery/subway-730a-main-st/aSdNu4_jR2uRNaJOtsGMrw,arlington-new-york,"['Fast Food', 'Sandwich', 'American']",4.7,53,$,41.6967213,-73.90642749999999,+18453459003,12603,730A Main St,Poughkeepsie,NY,"[{'@type': 'OpeningHoursSpecification', 'dayOfWeek': ['Monday', 'Tuesday', 'Wednesday', 'Thursday', 'Friday', 'Saturday', 'Sunday'], 'opens': '9:0', 'closes': '19:30'}]","{'@type': 'PostalAddress', 'addressLocality': 'Poughkeepsie', 'addressRegion': 'NY', 'postalCode': '12603', 'addressCountry': 'US', 'streetAddress': '730A Main St'}","{'@type': 'GeoCoordinates', 'latitude': 41.6967213, 'longitude': -73.90642749999999}","{'@type': 'AggregateRating', 'ratingValue': 4.7, 'reviewCount': '53'}"
Bronx Pie pizza,https://www.ubereats.com/nyc-suburbs/food-delivery/bronx-pie-pizza/hHbkZO0LQ4e2STA1hYLKng,arlington-new-york,"['Italian', 'Pasta', 'Comfort Food']",,,$,41.7190359,-73.93097630000001,+18453374086,12601,264 North Rd,Poughkeepsie,NY,"[{'@type': 'OpeningHoursSpecification', 'dayOfWeek': 'Sunday', 'opens': '12:0', 'closes': '3:0'}, {'@type': 'OpeningHoursSpecification', 'dayOfWeek': ['Monday', 'Tuesday', 'Wednesday'], 'opens': '10:0', 'closes': '20:0'}, {'@type': 'OpeningHoursSpecification', 'dayOfWeek': ['Monday', 'Tuesday', 'Wednesday'], 'opens': '10:0', 'closes': '20:0'}, {'@type': 'OpeningHoursSpecification', 'dayOfWeek': ['Monday', 'Tuesday', 'Wednesday'], 'opens': '10:0', 'closes': '20:0'}, {'@type': 'OpeningHoursSpecification', 'dayOfWeek': ['Thursday', 'Friday'], 'opens': '12:0', 'closes': '3:0'}, {'@type': 'OpeningHoursSpecification', 'dayOfWeek': ['Thursday', 'Friday'], 'opens': '10:0', 'closes': '20:0'}, {'@type': 'OpeningHoursSpecification', 'dayOfWeek': ['Thursday', 'Friday'], 'opens': '10:0', 'closes': '20:0'}, {'@type': 'OpeningHoursSpecification', 'dayOfWeek': ['Thursday', 'Friday'], 'opens': '10:0', 'closes': '20:0'}, {'@type': 'OpeningHoursSpecification', 'dayOfWeek': 'Saturday', 'opens': '12:0', 'closes': '3:0'}, {'@type': 'OpeningHoursSpecification', 'dayOfWeek': 'Saturday', 'opens': '11:0', 'closes': '20:0'}, {'@type': 'OpeningHoursSpecification', 'dayOfWeek': 'Saturday', 'opens': '11:0', 'closes': '20:0'}, {'@type': 'OpeningHoursSpecification', 'dayOfWeek': 'Saturday', 'opens': '11:0', 'closes': '20:0'}]","{'@type': 'PostalAddress', 'addressLocality': 'Poughkeepsie', 'addressRegion': 'NY', 'postalCode': '12601', 'addressCountry': 'US', 'streetAddress': '264 North Rd'}","{'@type': 'GeoCoordinates', 'latitude': 41.7190359, 'longitude': -73.93097630000001}",{}
Chan's Peking,https://www.ubereats.com/nyc-suburbs/food-delivery/chans-peking/fC0nWut5RSSpolXdwlryJA,arlington-new-york,"['Chinese', 'Asian', 'Asian Fusion']",4.6,92,$,41.6940818,-73.9009287,+18454717830,12603,26 Raymond Ave,Poughkeepsie,NY,"[{'@type': 'OpeningHoursSpecification', 'dayOfWeek': 'Sunday', 'opens': '12:0', 'closes': '21:30'}, {'@type': 'OpeningHoursSpecification', 'dayOfWeek': 'Sunday', 'opens': '12:0', 'closes': '21:30'}, {'@type': 'OpeningHoursSpecification', 'dayOfWeek': ['Monday', 'Tuesday', 'Wednesday', 'Thursday'], 'opens': '11:0', 'closes': '15:0'}, {'@type': 'OpeningHoursSpecification', 'dayOfWeek': ['Monday', 'Tuesday', 'Wednesday', 'Thursday'], 'opens': '11:0', 'closes': '21:30'}, {'@type': 'OpeningHoursSpecification', 'dayOfWeek': ['Monday', 'Tuesday', 'Wednesday', 'Thursday'], 'opens': '11:0', 'closes': '21:30'}, {'@type': 'OpeningHoursSpecification', 'dayOfWeek': 'Friday', 'opens': '11:0', 'closes': '15:0'}, {'@type': 'OpeningHoursSpecification', 'dayOfWeek': 'Friday', 'opens': '11:0', 'closes': '22:0'}, {'@type': 'OpeningHoursSpecification', 'dayOfWeek': 'Friday', 'opens': '11:0', 'closes': '22:0'}, {'@type': 'OpeningHoursSpecification', 'dayOfWeek': 'Saturday', 'opens': '12:0', 'closes': '15:0'}, {'@type': 'OpeningHoursSpecification', 'dayOfWeek': 'Saturday', 'opens': '12:0', 'closes': '22:0'}, {'@type': 'OpeningHoursSpecification', 'dayOfWeek': 'Saturday', 'opens': '12:0', 'closes': '22:0'}]","{'@type': 'PostalAddress', 'addressLocality': 'Poughkeepsie', 'addressRegion': 'NY', 'postalCode': '12603', 'addressCountry': 'US', 'streetAddress': '26 Raymond Ave'}","{'@type': 'GeoCoordinates', 'latitude': 41.6940818, 'longitude': -73.9009287}","{'@type': 'AggregateRating', 'ratingValue': 4.6, 'reviewCount': '92'}"
Duces Restaurant,https://www.ubereats.com/nyc-suburbs/food-delivery/duces-restaurant/-wjI0rKSRdawjTVZ0mtlJg,arlington-new-york,"['American', 'Burgers', 'Sandwich']",4.1,19,$$$,41.70314139999999,-73.92436289999999,+18453322451,12601,10 Crannell St,Poughkeepsie,NY,"[{'@type': 'OpeningHoursSpecification', 'dayOfWeek': 'Tuesday', 'opens': '11:0', 'closes': '21:0'}, {'@type': 'OpeningHoursSpecification', 'dayOfWeek': 'Tuesday', 'opens': '11:0', 'closes': '22:0'}, {'@type': 'OpeningHoursSpecification', 'dayOfWeek': ['Wednesday', 'Thursday'], 'opens': '11:0', 'closes': '21:0'}, {'@type': 'OpeningHoursSpecification', 'dayOfWeek': ['Friday', 'Saturday'], 'opens': '11:0', 'closes': '22:0'}]","{'@type': 'PostalAddress', 'addressLocality': 'Poughkeepsie', 'addressRegion': 'NY', 'postalCode': '12601', 'addressCountry': 'US', 'streetAddress': '10 Crannell St'}","{'@type': 'GeoCoordinates', 'latitude': 41.70314139999999, 'longitude': -73.92436289999999}","{'@type': 'AggregateRating', 'ratingValue': 4.1, 'reviewCount': '19'}"
Campus Deli,https://www.ubereats.com/nyc-suburbs/food-delivery/campus-deli/BBAED_13QD-Pbswjib36bw,arlington-new-york,"['American', 'Deli', 'Breakfast and Brunch', 'Sandwich', 'Pizza']",4.7,56,$,41.7185157,-73.9312753,+18454864504,12601,11 Marist Dr,Poghkeepsie,NY,"[{'@type': 'OpeningHoursSpecification', 'dayOfWeek': ['Monday', 'Tuesday', 'Wednesday', 'Thursday', 'Friday'], 'opens': '7:0', 'closes': '20:0'}, {'@type': 'OpeningHoursSpecification', 'dayOfWeek': ['Monday', 'Tuesday', 'Wednesday', 'Thursday', 'Friday'], 'opens': '7:0', 'closes': '20:0'}, {'@type': 'OpeningHoursSpecification', 'dayOfWeek': ['Monday', 'Tuesday', 'Wednesday', 'Thursday', 'Friday'], 'opens': '14:0', 'closes': '20:0'}, {'@type': 'OpeningHoursSpecification', 'dayOfWeek': 'Saturday', 'opens': '7:0', 'closes': '17:0'}, {'@type': 'OpeningHoursSpecification', 'dayOfWeek': 'Saturday', 'opens': '7:0', 'closes': '17:0'}, {'@type': 'OpeningHoursSpecification', 'dayOfWeek': 'Saturday', 'opens': '14:0', 'closes': '17:0'}]","{'@type': 'PostalAddress', 'addressLocality': 'Poghkeepsie', 'addressRegion': 'NY', 'postalCode': '12601', 'addressCountry': 'US', 'streetAddress': '11 Marist Dr'}","{'@type': 'GeoCoordinates', 'latitude': 41.7185157, 'longitude': -73.9312753}","{'@type': 'AggregateRating', 'ratingValue': 4.7, 'reviewCount': '56'}"
Tasty crner Deli,https://www.ubereats.com/nyc-suburbs/food-delivery/tasty-corner-deli/jWetjsLRTRiQWD3Pg6LlTA,arlington-new-york,"['Sandwich', 'Breakfast and Brunch', 'Burgers', 'Salads']",,,$$,41.7220443,-73.8947836,+18458499022,12603,"200 Salt Point Turnpike, 1",NYC Suburbs,NY,"[{'@type': 'OpeningHoursSpecification', 'dayOfWeek': 'Sunday', 'opens': '5:30', 'closes': '4:0'}, {'@type': 'OpeningHoursSpecification', 'dayOfWeek': 'Sunday', 'opens': '6:0', 'closes': '0:0'}, {'@type': 'OpeningHoursSpecification', 'dayOfWeek': 'Sunday', 'opens': '7:0', 'closes': '12:0'}, {'@type': 'OpeningHoursSpecification', 'dayOfWeek': ['Monday', 'Tuesday', 'Wednesday', 'Thursday', 'Friday', 'Saturday'], 'opens': '5:30', 'closes': '4:0'}, {'@type': 'OpeningHoursSpecification', 'dayOfWeek': ['Monday', 'Tuesday', 'Wednesday', 'Thursday', 'Friday', 'Saturday'], 'opens': '6:0', 'closes': '0:0'}]","{'@type': 'PostalAddress', 'addressLocality': 'NYC Suburbs', 'addressRegion': 'NY', 'postalCode': '12603', 'addressCountry': 'US', 'streetAddress': '200 Salt Point Turnpike, 1'}","{'@type': 'GeoCoordinates', 'latitude': 41.7220443, 'longitude': -73.8947836}",{}
Taco Bell (3 Elm Street),https://www.ubereats.com/nyc-suburbs/food-delivery/taco-bell-3-elm-street/rdtb4_dUTwaH0oAv-Q2FBw,arlington-new-york,"['Burritos', 'Fast Food', 'Mexican']",4.2,115,$,41.5343874,-73.8970803,+18458967565,12524,3 Elm Street,Fishkill,NY,"[{'@type': 'OpeningHoursSpecification', 'dayOfWeek': ['Sunday', 'Monday', 'Tuesday', 'Wednesday', 'Thursday'], 'opens': '14:0', 'closes': '17:0'}, {'@type': 'OpeningHoursSpecification', 'dayOfWeek': ['Sunday', 'Monday', 'Tuesday', 'Wednesday', 'Thursday'], 'opens': '9:0', 'closes': '0:30'}, {'@type': 'OpeningHoursSpecification', 'dayOfWeek': ['Sunday', 'Monday', 'Tuesday', 'Wednesday', 'Thursday'], 'opens': '9:0', 'closes': '10:30'}, {'@type': 'OpeningHoursSpecification', 'dayOfWeek': ['Friday', 'Saturday'], 'opens': '14:0', 'closes': '17:0'}, {'@type': 'OpeningHoursSpecification', 'dayOfWeek': ['Friday', 'Saturday'], 'opens': '9:0', 'closes': '10:30'}, {'@type': 'OpeningHoursSpecification', 'dayOfWeek': ['Friday', 'Saturday'], 'opens': '9:0', 'closes': '1:30'}]","{'@type': 'PostalAddress', 'addressLocality': 'Fishkill', 'addressRegion': 'NY', 'postalCode': '12524', 'addressCountry': 'US', 'streetAddress': '3 Elm Street'}","{'@type': 'GeoCoordinates', 'latitude': 41.5343874, 'longitude': -73.8970803}","{'@type': 'AggregateRating', 'ratingValue': 4.2, 'reviewCount': '115'}"
MAHA GRILL,https://www.ubereats.com/nyc-suburbs/food-delivery/maha-grill/Be4cp02iRzCASwLr84xJQQ,arlington-new-york,"['Indian', 'Asian', 'Snacks']",,,,41.70149,-73.91803,+18455703428,12601,8 North Cherry Street,Poughkeepsie,NY,"[{'@type': 'OpeningHoursSpecification', 'dayOfWeek': 'Friday', 'opens': '17:0', 'closes': '21:0'}]","{'@type': 'PostalAddress', 'addressLocality': 'Poughkeepsie', 'addressRegion': 'NY', 'postalCode': '12601', 'addressCountry': 'US', 'streetAddress': '8 North Cherry Street'}","{'@type': 'GeoCoordinates', 'latitude': 41.70149, 'longitude': -73.91803}",{}
yummy asian cuisine,https://www.ubereats.com/nyc-suburbs/food-delivery/yummy-asian-cuisine/R9-PAoajQ7iMzePZ9wYCAQ,arlington-new-york,"['Chinese: Other', 'Asian', 'Asian Fusion']",4.5,54,$,41.7034863,-73.92644109999999,+19175936630,12601,313 Main St,Poughkeepsie,NY,"[{'@type': 'OpeningHoursSpecification', 'dayOfWeek': 'Sunday', 'opens': '12:0', 'closes': '21:0'}, {'@type': 'OpeningHoursSpecification', 'dayOfWeek': ['Monday', 'Tuesday', 'Wednesday', 'Thursday', 'Friday', 'Saturday'], 'opens': '11:0', 'closes': '21:0'}]","{'@type': 'PostalAddress', 'addressLocality': 'Poughkeepsie', 'addressRegion': 'NY', 'postalCode': '12601', 'addressCountry': 'US', 'streetAddress': '313 Main St'}","{'@type': 'GeoCoordinates', 'latitude': 41.7034863, 'longitude': -73.92644109999999}","{'@type': 'AggregateRating', 'ratingValue': 4.5, 'reviewCount': '54'}"
Subway (2507 South Rd Ste 102),https://www.ubereats.com/nyc-suburbs/food-delivery/subway-2507-south-rd-ste-102/LFj_zQ0yQ5G5X8yC0kXsWw,arlington-new-york,"['Fast Food', 'Sandwich', 'American']",,,$,41.6593087,-73.9313247,+18454630977,12601,2507 South Rd Ste 102,Poughkeepsie,NY,"[{'@type': 'OpeningHoursSpecification', 'dayOfWeek': ['Monday', 'Tuesday', 'Wednesday', 'Thursday', 'Friday', 'Saturday', 'Sunday'], 'opens': '9:0', 'closes': '20:30'}]","{'@type': 'PostalAddress', 'addressLocality': 'Poughkeepsie', 'addressRegion': 'NY', 'postalCode': '12601', 'addressCountry': 'US', 'streetAddress': '2507 South Rd Ste 102'}","{'@type': 'GeoCoordinates', 'latitude': 41.6593087, 'longitude': -73.9313247}",{}
Asia city smoothie juice bar,https://www.ubereats.com/nyc-suburbs/food-delivery/asia-city-smoothie-juice-bar/STOrV82HR8OMEOBDM-TVmA,arlington-new-york,"['Juice and Smoothies', 'Breakfast and Brunch', 'Vegetarian']",4.8,10,$,41.70357370000001,-73.9264969,+18454543175,12601,311 Main St,Poughkeepsie,NY,"[{'@type': 'OpeningHoursSpecification', 'dayOfWeek': ['Monday', 'Tuesday', 'Wednesday', 'Thursday', 'Friday', 'Saturday'], 'opens': '9:0', 'closes': '19:0'}]","{'@type': 'PostalAddress', 'addressLocality': 'Poughkeepsie', 'addressRegion': 'NY', 'postalCode': '12601', 'addressCountry': 'US', 'streetAddress': '311 Main St'}","{'@type': 'GeoCoordinates', 'latitude': 41.70357370000001, 'longitude': -73.9264969}","{'@type': 'AggregateRating', 'ratingValue': 4.8, 'reviewCount': '10'}"
KFC (746-50 Main Street),https://www.ubereats.com/nyc-suburbs/food-delivery/kfc-746-50-main-street/KIX39j6ERWq8p5Xh-q3gVw,arlington-new-york,"['American', 'Fast Food', 'wings']",4.2,243,$,41.6963528,-73.9048335,+18454522237,12602,746-50 Main Street,Poughkeepsie,NY,"[{'@type': 'OpeningHoursSpecification', 'dayOfWeek': 'Sunday', 'opens': '10:30', 'closes': '20:30'}, {'@type': 'OpeningHoursSpecification', 'dayOfWeek': ['Monday', 'Tuesday', 'Wednesday', 'Thursday', 'Friday', 'Saturday'], 'opens': '10:30', 'closes': '21:30'}]","{'@type': 'PostalAddress', 'addressLocality': 'Poughkeepsie', 'addressRegion': 'NY', 'postalCode': '12602', 'addressCountry': 'US', 'streetAddress': '746-50 Main Street'}","{'@type': 'GeoCoordinates', 'latitude': 41.6963528, 'longitude': -73.9048335}","{'@type': 'AggregateRating', 'ratingValue': 4.2, 'reviewCount': '243'}"
Coppola's restaurant of Hyde Park,https://www.ubereats.com/nyc-suburbs/food-delivery/coppolas-restaurant-of-hyde-park/IjCYGzS6RfCg_3Uecd1IQA,arlington-new-york,"['Italian', 'Pizza']",,,$$$,41.7756883,-73.9312978,+18452299113,12538,4167 Albany Post Rd,Hyde Park,NY,"[{'@type': 'OpeningHoursSpecification', 'dayOfWeek': 'Sunday', 'opens': '0:0', 'closes': '20:30'}, {'@type': 'OpeningHoursSpecification', 'dayOfWeek': ['Monday', 'Tuesday', 'Wednesday', 'Thursday', 'Friday', 'Saturday'], 'opens': '12:0', 'closes': '7:50'}, {'@type': 'OpeningHoursSpecification', 'dayOfWeek': ['Monday', 'Tuesday', 'Wednesday', 'Thursday', 'Friday', 'Saturday'], 'opens': '11:0', 'closes': '16:0'}]","{'@type': 'PostalAddress', 'addressLocality': 'Hyde Park', 'addressRegion': 'NY', 'postalCode': '12538', 'addressCountry': 'US', 'streetAddress': '4167 Albany Post Rd'}","{'@type': 'GeoCoordinates', 'latitude': 41.7756883, 'longitude': -73.9312978}",{}
PURE,https://www.ubereats.com/nyc-suburbs/food-delivery/pure/0qOsZFFvTS-MvGTfkSO2Ag,arlington-new-york,"['Soul Food', 'Street Food', 'Wings']",,,$$,41.702119,-73.924357,+12183807873,,,,,"[{'@type': 'OpeningHoursSpecification', 'dayOfWeek': 'Sunday', 'opens': '17:0', 'closes': '21:0'}, {'@type': 'OpeningHoursSpecification', 'dayOfWeek': ['Tuesday', 'Wednesday', 'Thursday', 'Friday'], 'opens': '13:0', 'closes': '20:0'}, {'@type': 'OpeningHoursSpecification', 'dayOfWeek': 'Saturday', 'opens': '18:0', 'closes': '22:0'}]",,"{'@type': 'GeoCoordinates', 'latitude': 41.702119, 'longitude': -73.924357}",{}
Sinapi Pizza Pasta & More,https://www.ubereats.com/nyc-suburbs/food-delivery/sinapi-pizza-pasta-%26-more/IfbaCUqTQSmAlbJhqd1S7Q,arlington-new-york,"['Pizza', 'American', 'Italian', 'Burgers', 'Salads', 'Wings']",,,$,41.6404058,-73.87447,+18452140996,12603,1820 New Hackensack Rd,Poughkeepsie,NY,"[{'@type': 'OpeningHoursSpecification', 'dayOfWeek': 'Sunday', 'opens': '12:30', 'closes': '19:0'}, {'@type': 'OpeningHoursSpecification', 'dayOfWeek': ['Monday', 'Tuesday', 'Wednesday', 'Thursday'], 'opens': '12:0', 'closes': '19:0'}, {'@type': 'OpeningHoursSpecification', 'dayOfWeek': ['Friday', 'Saturday'], 'opens': '12:0', 'closes': '19:30'}]","{'@type': 'PostalAddress', 'addressLocality': 'Poughkeepsie', 'addressRegion': 'NY', 'postalCode': '12603', 'addressCountry': 'US', 'streetAddress': '1820 New Hackensack Rd'}","{'@type': 'GeoCoordinates', 'latitude': 41.6404058, 'longitude': -73.87447}",{}
Taste of India,https://www.ubereats.com/nyc-suburbs/food-delivery/taste-of-india/33BtCtRXQBmUYMp5U37nwA,arlington-new-york,"['Indian', 'Vegetarian', 'Asian']",4.3,41,$,41.6935714,-73.9009188,+18453373883,12603,34 Raymond Ave,Poughkeepsie,NY,"[{'@type': 'OpeningHoursSpecification', 'dayOfWeek': ['Monday', 'Tuesday', 'Wednesday', 'Thursday', 'Friday', 'Saturday', 'Sunday'], 'opens': '11:0', 'closes': '22:0'}]","{'@type': 'PostalAddress', 'addressLocality': 'Poughkeepsie', 'addressRegion': 'NY', 'postalCode': '12603', 'addressCountry': 'US', 'streetAddress': '34 Raymond Ave'}","{'@type': 'GeoCoordinates', 'latitude': 41.6935714, 'longitude': -73.9009188}","{'@type': 'AggregateRating', 'ratingValue': 4.3, 'reviewCount': '41'}"
T & F Pizza,https://www.ubereats.com/nyc-suburbs/food-delivery/t-%26-f-pizza/EY2fSg0DQaqQ0XKFNpO4NQ,arlington-new-york,"['Italian', 'Pasta', 'Comfort Food']",,,$,41.7536287,-73.9077366,+18454546454,12538,600 Violet Ave # 1,Hyde Park,NY,"[{'@type': 'OpeningHoursSpecification', 'dayOfWeek': 'Sunday', 'opens': '15:0', 'closes': '22:0'}, {'@type': 'OpeningHoursSpecification', 'dayOfWeek': 'Sunday', 'opens': '15:0', 'closes': '22:0'}, {'@type': 'OpeningHoursSpecification', 'dayOfWeek': ['Monday', 'Tuesday', 'Wednesday', 'Thursday', 'Friday', 'Saturday'], 'opens': '11:0', 'closes': '22:0'}, {'@type': 'OpeningHoursSpecification', 'dayOfWeek': ['Monday', 'Tuesday', 'Wednesday', 'Thursday', 'Friday', 'Saturday'], 'opens': '11:0', 'closes': '22:0'}]","{'@type': 'PostalAddress', 'addressLocality': 'Hyde Park', 'addressRegion': 'NY', 'postalCode': '12538', 'addressCountry': 'US', 'streetAddress': '600 Violet Ave # 1'}","{'@type': 'GeoCoordinates', 'latitude': 41.7536287, 'longitude': -73.9077366}",{}
Little Caesars (737 Main St),https://www.ubereats.com/nyc-suburbs/food-delivery/little-caesars-737-main-st/AegJCaPnQLaTkf1FzxsISA,arlington-new-york,"['PIzza', 'Wings', 'Fast Food']",4.7,101,$$,41.6971933,-73.9056207,+18454526200,12603,737 Main St,Poughkeepsie,NY,"[{'@type': 'OpeningHoursSpecification', 'dayOfWeek': ['Sunday', 'Monday', 'Tuesday', 'Wednesday', 'Thursday'], 'opens': '11:0', 'closes': '22:0'}, {'@type': 'OpeningHoursSpecification', 'dayOfWeek': ['Friday', 'Saturday'], 'opens': '11:0', 'closes': '22:0'}, {'@type': 'OpeningHoursSpecification', 'dayOfWeek': ['Friday', 'Saturday'], 'opens': '11:0', 'closes': '23:0'}]","{'@type': 'PostalAddress', 'addressLocality': 'Poughkeepsie', 'addressRegion': 'NY', 'postalCode': '12603', 'addressCountry': 'US', 'streetAddress': '737 Main St'}","{'@type': 'GeoCoordinates', 'latitude': 41.6971933, 'longitude': -73.9056207}","{'@type': 'AggregateRating', 'ratingValue': 4.7, 'reviewCount': '101'}"
Giacomo's(1 Spackenkill Rd),https://www.ubereats.com/nyc-suburbs/food-delivery/giacomos1-spackenkill-rd/qKB2Y5E5TL6UgQqdcytzVA,arlington-new-york,"['Pizza', 'American', 'Italian', 'Family Meals']",4.6,16,$,41.6586249,-73.9299051,+18454625555,12603,1 Spackenkill Rd,Poughkeepsie,NY,"[{'@type': 'OpeningHoursSpecification', 'dayOfWeek': 'Sunday', 'opens': '10:0', 'closes': '21:0'}, {'@type': 'OpeningHoursSpecification', 'dayOfWeek': ['Monday', 'Tuesday', 'Wednesday'], 'opens': '10:0', 'closes': '21:0'}, {'@type': 'OpeningHoursSpecification', 'dayOfWeek': ['Monday', 'Tuesday', 'Wednesday'], 'opens': '10:0', 'closes': '22:0'}, {'@type': 'OpeningHoursSpecification', 'dayOfWeek': 'Thursday', 'opens': '10:0', 'closes': '21:0'}, {'@type': 'OpeningHoursSpecification', 'dayOfWeek': ['Friday', 'Saturday'], 'opens': '10:0', 'closes': '22:0'}]","{'@type': 'PostalAddress', 'addressLocality': 'Poughkeepsie', 'addressRegion': 'NY', 'postalCode': '12603', 'addressCountry': 'US', 'streetAddress': '1 Spackenkill Rd'}","{'@type': 'GeoCoordinates', 'latitude': 41.6586249, 'longitude': -73.9299051}","{'@type': 'AggregateRating', 'ratingValue': 4.6, 'reviewCount': '16'}"
bella's deli and grill,https://www.ubereats.com/nyc-suburbs/food-delivery/bellas-deli-and-grill/MwKTOrM2RxuYXICjxqtiUA,arlington-new-york,"['Breakfast & Brunch', 'American', 'Sandwich']",4.7,22,$,41.6590443,-73.9299851,+19143300385,12603,"2494 South Rd, ste 3",NYC Suburbs,NY,"[{'@type': 'OpeningHoursSpecification', 'dayOfWeek': 'Sunday', 'opens': '8:0', 'closes': '15:0'}, {'@type': 'OpeningHoursSpecification', 'dayOfWeek': 'Sunday', 'opens': '8:0', 'closes': '15:0'}, {'@type': 'OpeningHoursSpecification', 'dayOfWeek': ['Monday', 'Tuesday', 'Wednesday', 'Thursday', 'Friday'], 'opens': '7:0', 'closes': '20:0'}, {'@type': 'OpeningHoursSpecification', 'dayOfWeek': ['Monday', 'Tuesday', 'Wednesday', 'Thursday', 'Friday'], 'opens': '7:0', 'closes': '20:0'}, {'@type': 'OpeningHoursSpecification', 'dayOfWeek': 'Saturday', 'opens': '7:0', 'closes': '20:0'}, {'@type': 'OpeningHoursSpecification', 'dayOfWeek': 'Saturday', 'opens': '8:0', 'closes': '20:0'}]","{'@type': 'PostalAddress', 'addressLocality': 'NYC Suburbs', 'addressRegion': 'NY', 'postalCode': '12603', 'addressCountry': 'US', 'streetAddress': '2494 South Rd, ste 3'}","{'@type': 'GeoCoordinates', 'latitude': 41.6590443, 'longitude': -73.9299851}","{'@type': 'AggregateRating', 'ratingValue': 4.7, 'reviewCount': '22'}"
Subway (43 Vassar Rd),https://www.ubereats.com/nyc-suburbs/food-delivery/subway-43-vassar-rd/b45b9EZlQ3ymAVjLARtSjQ,arlington-new-york,"['Fast Food', 'Sandwich', 'American']",,,$,41.65253939999999,-73.87429589999999,+18454634232,12603,43 Vassar Rd,Poughkeepsie,NY,"[{'@type': 'OpeningHoursSpecification', 'dayOfWeek': 'Sunday', 'opens': '10:0', 'closes': '16:30'}, {'@type': 'OpeningHoursSpecification', 'dayOfWeek': ['Monday', 'Tuesday', 'Wednesday', 'Thursday', 'Friday', 'Saturday'], 'opens': '10:0', 'closes': '18:30'}]","{'@type': 'PostalAddress', 'addressLocality': 'Poughkeepsie', 'addressRegion': 'NY', 'postalCode': '12603', 'addressCountry': 'US', 'streetAddress': '43 Vassar Rd'}","{'@type': 'GeoCoordinates', 'latitude': 41.65253939999999, 'longitude': -73.87429589999999}",{}
Sushi Village,https://www.ubereats.com/nyc-suburbs/food-delivery/sushi-village/hZPzSGdpRBGIp_E3d98zwg,arlington-new-york,"['Sushi', 'Asian', 'Japanese']",4.5,74,$,41.6956516,-73.90121429999999,+16466621384,12603,8 Raymond Ave,Arlington,NY,"[{'@type': 'OpeningHoursSpecification', 'dayOfWeek': 'Sunday', 'opens': '12:0', 'closes': '22:30'}, {'@type': 'OpeningHoursSpecification', 'dayOfWeek': ['Tuesday', 'Wednesday', 'Thursday'], 'opens': '11:0', 'closes': '22:30'}, {'@type': 'OpeningHoursSpecification', 'dayOfWeek': ['Tuesday', 'Wednesday', 'Thursday'], 'opens': '22:30', 'closes': '0:0'}, {'@type': 'OpeningHoursSpecification', 'dayOfWeek': ['Friday', 'Saturday'], 'opens': '11:0', 'closes': '23:0'}, {'@type': 'OpeningHoursSpecification', 'dayOfWeek': ['Friday', 'Saturday'], 'opens': '23:0', 'closes': '0:0'}]","{'@type': 'PostalAddress', 'addressLocality': 'Arlington', 'addressRegion': 'NY', 'postalCode': '12603', 'addressCountry': 'US', 'streetAddress': '8 Raymond Ave'}","{'@type': 'GeoCoordinates', 'latitude': 41.6956516, 'longitude': -73.90121429999999}","{'@type': 'AggregateRating', 'ratingValue': 4.5, 'reviewCount': '74'}"
China Express,https://www.ubereats.com/nyc-suburbs/food-delivery/china-express/jikeRGYDS6iZPNhSt6YihA,arlington-new-york,"['Chinese', 'Asian', 'Asian Fusion', 'Rolls', 'Noodles', 'Wings', 'Chicken', 'Vegetarian Friendly']",,,$,41.7024478,-73.9250174,+18454860688,12601,360 Main St,Poughkeepsie,NY,"[{'@type': 'OpeningHoursSpecification', 'dayOfWeek': ['Monday', 'Tuesday', 'Wednesday', 'Thursday', 'Friday', 'Saturday', 'Sunday'], 'opens': '5:30', 'closes': '6:0'}]","{'@type': 'PostalAddress', 'addressLocality': 'Poughkeepsie', 'addressRegion': 'NY', 'postalCode': '12601', 'addressCountry': 'US', 'streetAddress': '360 Main St'}","{'@type': 'GeoCoordinates', 'latitude': 41.7024478, 'longitude': -73.9250174}",{}
Wendy's  (2596 South Road),https://www.ubereats.com/nyc-suburbs/food-delivery/wendys-2596-south-road/uyfvT1SgQ3C6o2CdVj7iJQ,arlington-new-york,"['American', 'Burgers', 'Fast Food']",4.5,10,$,41.6672182,-73.9291648,+18454542906,12601,2596 South Road,Poughkeepsie,NY,"[{'@type': 'OpeningHoursSpecification', 'dayOfWeek': ['Monday', 'Tuesday', 'Wednesday', 'Thursday', 'Friday', 'Saturday', 'Sunday'], 'opens': '10:30', 'closes': '21:30'}, {'@type': 'OpeningHoursSpecification', 'dayOfWeek': ['Monday', 'Tuesday', 'Wednesday', 'Thursday', 'Friday', 'Saturday', 'Sunday'], 'opens': '6:30', 'closes': '10:0'}]","{'@type': 'PostalAddress', 'addressLocality': 'Poughkeepsie', 'addressRegion': 'NY', 'postalCode': '12601', 'addressCountry': 'US', 'streetAddress': '2596 South Road'}","{'@type': 'GeoCoordinates', 'latitude': 41.6672182, 'longitude': -73.9291648}","{'@type': 'AggregateRating', 'ratingValue': 4.5, 'reviewCount': '10'}"
Amici's,https://www.ubereats.com/nyc-suburbs/food-delivery/amicis/d_Zuv_ynRdKtleCvwSroJA,arlington-new-york,"['Italian', 'Pasta', 'Comfort Food']",4.6,22,$,41.7059503,-73.9386916,+18454524700,12601,35 Main St,Poughkeepsie,NY,"[{'@type': 'OpeningHoursSpecification', 'dayOfWeek': 'Sunday', 'opens': '12:0', 'closes': '21:0'}, {'@type': 'OpeningHoursSpecification', 'dayOfWeek': 'Sunday', 'opens': '11:0', 'closes': '21:0'}, {'@type': 'OpeningHoursSpecification', 'dayOfWeek': 'Sunday', 'opens': '11:0', 'closes': '21:0'}, {'@type': 'OpeningHoursSpecification', 'dayOfWeek': 'Sunday', 'opens': '11:0', 'closes': '21:0'}, {'@type': 'OpeningHoursSpecification', 'dayOfWeek': 'Sunday', 'opens': '11:0', 'closes': '21:0'}, {'@type': 'OpeningHoursSpecification', 'dayOfWeek': 'Monday', 'opens': '11:0', 'closes': '21:0'}, {'@type': 'OpeningHoursSpecification', 'dayOfWeek': 'Monday', 'opens': '11:0', 'closes': '21:0'}, {'@type': 'OpeningHoursSpecification', 'dayOfWeek': 'Monday', 'opens': '11:0', 'closes': '21:0'}, {'@type': 'OpeningHoursSpecification', 'dayOfWeek': 'Monday', 'opens': '11:0', 'closes': '21:0'}, {'@type': 'OpeningHoursSpecification', 'dayOfWeek': ['Tuesday', 'Wednesday', 'Thursday'], 'opens': '12:0', 'closes': '21:0'}, {'@type': 'OpeningHoursSpecification', 'dayOfWeek': ['Tuesday', 'Wednesday', 'Thursday'], 'opens': '11:0', 'closes': '21:0'}, {'@type': 'OpeningHoursSpecification', 'dayOfWeek': ['Tuesday', 'Wednesday', 'Thursday'], 'opens': '11:0', 'closes': '21:0'}, {'@type': 'OpeningHoursSpecification', 'dayOfWeek': ['Tuesday', 'Wednesday', 'Thursday'], 'opens': '11:0', 'closes': '21:0'}, {'@type': 'OpeningHoursSpecification', 'dayOfWeek': ['Tuesday', 'Wednesday', 'Thursday'], 'opens': '11:0', 'closes': '21:0'}, {'@type': 'OpeningHoursSpecification', 'dayOfWeek': ['Friday', 'Saturday'], 'opens': '12:0', 'closes': '21:0'}, {'@type': 'OpeningHoursSpecification', 'dayOfWeek': ['Friday', 'Saturday'], 'opens': '11:0', 'closes': '22:0'}, {'@type': 'OpeningHoursSpecification', 'dayOfWeek': ['Friday', 'Saturday'], 'opens': '11:0', 'closes': '22:0'}, {'@type': 'OpeningHoursSpecification', 'dayOfWeek': ['Friday', 'Saturday'], 'opens': '11:0', 'closes': '22:0'}, {'@type': 'OpeningHoursSpecification', 'dayOfWeek': ['Friday', 'Saturday'], 'opens': '11:0', 'closes': '22:0'}]","{'@type': 'PostalAddress', 'addressLocality': 'Poughkeepsie', 'addressRegion': 'NY', 'postalCode': '12601', 'addressCountry': 'US', 'streetAddress': '35 Main St'}","{'@type': 'GeoCoordinates', 'latitude': 41.7059503, 'longitude': -73.9386916}","{'@type': 'AggregateRating', 'ratingValue': 4.6, 'reviewCount': '22'}"
Mexicali Blue,https://www.ubereats.com/nyc-suburbs/food-delivery/mexicali-blue/i5aGcxOxSPGe0xO3iSe9og,arlington-new-york,"['Mexican', 'Latin American', 'New Mexican', 'Family Meals']",4.5,32,$,41.5961326,-73.9114699,+18452988226,12590,1571 Route 9,Wappingers Falls,NY,"[{'@type': 'OpeningHoursSpecification', 'dayOfWeek': ['Sunday', 'Monday', 'Tuesday', 'Wednesday', 'Thursday'], 'opens': '12:0', 'closes': '20:0'}, {'@type': 'OpeningHoursSpecification', 'dayOfWeek': ['Friday', 'Saturday'], 'opens': '12:0', 'closes': '21:0'}]","{'@type': 'PostalAddress', 'addressLocality': 'Wappingers Falls', 'addressRegion': 'NY', 'postalCode': '12590', 'addressCountry': 'US', 'streetAddress': '1571 Route 9'}","{'@type': 'GeoCoordinates', 'latitude': 41.5961326, 'longitude': -73.9114699}","{'@type': 'AggregateRating', 'ratingValue': 4.5, 'reviewCount': '32'}"
Cranberry's at Tilley Hall,https://www.ubereats.com/nyc-suburbs/food-delivery/cranberrys-at-tilley-hall/xFiPQTekRAinHTq47bY2aw,arlington-new-york,"['Burgers', 'American', 'Sandwiches']",,,$,41.7916534,-73.9365562,+18452291957,12538,1 W Market St,Hyde Park,NY,"[{'@type': 'OpeningHoursSpecification', 'dayOfWeek': 'Sunday', 'opens': '7:0', 'closes': '16:0'}, {'@type': 'OpeningHoursSpecification', 'dayOfWeek': 'Sunday', 'opens': '7:0', 'closes': '16:0'}, {'@type': 'OpeningHoursSpecification', 'dayOfWeek': ['Tuesday', 'Wednesday', 'Thursday', 'Friday', 'Saturday'], 'opens': '7:0', 'closes': '16:0'}, {'@type': 'OpeningHoursSpecification', 'dayOfWeek': ['Tuesday', 'Wednesday', 'Thursday', 'Friday', 'Saturday'], 'opens': '7:0', 'closes': '16:0'}]","{'@type': 'PostalAddress', 'addressLocality': 'Hyde Park', 'addressRegion': 'NY', 'postalCode': '12538', 'addressCountry': 'US', 'streetAddress': '1 W Market St'}","{'@type': 'GeoCoordinates', 'latitude': 41.7916534, 'longitude': -73.9365562}",{}
China House,https://www.ubereats.com/nyc-suburbs/food-delivery/china-house/n-IP3jvPQDuzbaEOGW1Wtg,arlington-new-york,"['Chinese', 'Asian', 'Asian Fusion']",4.5,86,$,41.685241,-73.9070071,+18454858895,12603,298 Hooker Ave,Poughkeepsie,NY,"[{'@type': 'OpeningHoursSpecification', 'dayOfWeek': 'Sunday', 'opens': '12:20', 'closes': '21:45'}, {'@type': 'OpeningHoursSpecification', 'dayOfWeek': 'Monday', 'opens': '11:20', 'closes': '22:15'}, {'@type': 'OpeningHoursSpecification', 'dayOfWeek': 'Monday', 'opens': '11:0', 'closes': '15:0'}, {'@type': 'OpeningHoursSpecification', 'dayOfWeek': ['Wednesday', 'Thursday'], 'opens': '11:20', 'closes': '22:15'}, {'@type': 'OpeningHoursSpecification', 'dayOfWeek': ['Wednesday', 'Thursday'], 'opens': '11:0', 'closes': '15:0'}, {'@type': 'OpeningHoursSpecification', 'dayOfWeek': ['Friday', 'Saturday'], 'opens': '11:20', 'closes': '22:45'}, {'@type': 'OpeningHoursSpecification', 'dayOfWeek': ['Friday', 'Saturday'], 'opens': '11:0', 'closes': '15:0'}]","{'@type': 'PostalAddress', 'addressLocality': 'Poughkeepsie', 'addressRegion': 'NY', 'postalCode': '12603', 'addressCountry': 'US', 'streetAddress': '298 Hooker Ave'}","{'@type': 'GeoCoordinates', 'latitude': 41.685241, 'longitude': -73.9070071}","{'@type': 'AggregateRating', 'ratingValue': 4.5, 'reviewCount': '86'}"
Cinco de mayo 2,https://www.ubereats.com/nyc-suburbs/food-delivery/cinco-de-mayo-2/3z6dz4geQziqbUOoHRs8Zg,arlington-new-york,"['Mexican', 'Desserts', 'Healthy']",,,$$,41.6826409,-73.862003,+12033941141,,,,,"[{'@type': 'OpeningHoursSpecification', 'dayOfWeek': 'Sunday', 'opens': '11:0', 'closes': '22:0'}, {'@type': 'OpeningHoursSpecification', 'dayOfWeek': ['Monday', 'Tuesday', 'Wednesday', 'Thursday', 'Friday'], 'opens': '11:0', 'closes': '22:0'}, {'@type': 'OpeningHoursSpecification', 'dayOfWeek': ['Monday', 'Tuesday', 'Wednesday', 'Thursday', 'Friday'], 'opens': '11:0', 'closes': '15:0'}, {'@type': 'OpeningHoursSpecification', 'dayOfWeek': 'Saturday', 'opens': '11:0', 'closes': '22:0'}]",,"{'@type': 'GeoCoordinates', 'latitude': 41.6826409, 'longitude': -73.862003}",{}
Salsa Restaurant,https://www.ubereats.com/nyc-suburbs/food-delivery/salsa-restaurant/eQFLvCoGS0iPvWa7gInRPQ,arlington-new-york,"['Mexican', 'Latin American', 'New Mexican', 'Family Meals']",4.9,18,$,41.665507,-73.931506,+18454633477,12601,2585 South Rd Ste 1,Poughkeepsie,NY,"[{'@type': 'OpeningHoursSpecification', 'dayOfWeek': 'Sunday', 'opens': '12:0', 'closes': '19:30'}, {'@type': 'OpeningHoursSpecification', 'dayOfWeek': ['Tuesday', 'Wednesday', 'Thursday', 'Friday', 'Saturday'], 'opens': '12:0', 'closes': '19:30'}]","{'@type': 'PostalAddress', 'addressLocality': 'Poughkeepsie', 'addressRegion': 'NY', 'postalCode': '12601', 'addressCountry': 'US', 'streetAddress': '2585 South Rd Ste 1'}","{'@type': 'GeoCoordinates', 'latitude': 41.665507, 'longitude': -73.931506}","{'@type': 'AggregateRating', 'ratingValue': 4.9, 'reviewCount': '18'}"
Thai Spice,https://www.ubereats.com/nyc-suburbs/food-delivery/thai-spice/5iqa7YEGTqeLnHIdMG4h_g,arlington-new-york,"['Thai', 'Asian', 'Noodles']",4.8,39,$,41.6940406,-73.9009616,+18454868888,12603,28 Raymond Ave,Poughkeepsie,NY,"[{'@type': 'OpeningHoursSpecification', 'dayOfWeek': 'Sunday', 'opens': '12:0', 'closes': '21:30'}, {'@type': 'OpeningHoursSpecification', 'dayOfWeek': ['Monday', 'Tuesday', 'Wednesday', 'Thursday'], 'opens': '11:30', 'closes': '21:30'}, {'@type': 'OpeningHoursSpecification', 'dayOfWeek': 'Friday', 'opens': '11:30', 'closes': '22:15'}, {'@type': 'OpeningHoursSpecification', 'dayOfWeek': 'Saturday', 'opens': '12:0', 'closes': '22:15'}]","{'@type': 'PostalAddress', 'addressLocality': 'Poughkeepsie', 'addressRegion': 'NY', 'postalCode': '12603', 'addressCountry': 'US', 'streetAddress': '28 Raymond Ave'}","{'@type': 'GeoCoordinates', 'latitude': 41.6940406, 'longitude': -73.9009616}","{'@type': 'AggregateRating', 'ratingValue': 4.8, 'reviewCount': '39'}"
"Red Robin, 321 (2511 South Rd)",https://www.ubereats.com/nyc-suburbs/food-delivery/red-robin-321-2511-south-rd/HU73A18dTcmfaUyWWaKrkA,arlington-new-york,"['American', 'burger', 'Comfort Food']",4.3,102,$,41.65968549999999,-73.9310493,+18454633610,12601,2511 South Rd,Poughkeepsie,NY,"[{'@type': 'OpeningHoursSpecification', 'dayOfWeek': ['Monday', 'Tuesday', 'Wednesday', 'Thursday', 'Friday', 'Saturday', 'Sunday'], 'opens': '11:0', 'closes': '20:30'}]","{'@type': 'PostalAddress', 'addressLocality': 'Poughkeepsie', 'addressRegion': 'NY', 'postalCode': '12601', 'addressCountry': 'US', 'streetAddress': '2511 South Rd'}","{'@type': 'GeoCoordinates', 'latitude': 41.65968549999999, 'longitude': -73.9310493}","{'@type': 'AggregateRating', 'ratingValue': 4.3, 'reviewCount': '102'}"
Applebee's  (3450 North Road),https://www.ubereats.com/nyc-suburbs/food-delivery/applebees-3450-north-road/1YPnkfDTS1KbL4MEZFqiWg,arlington-new-york,"['American', 'Bar Food', 'BBQ', 'burger', 'Chicken Strips', 'Comfort Food', 'Dinner', 'pasta', 'salad', 'Sandwich', 'Soup', 'Steak', 'Traditional American', 'wings']",4.3,88,$$,41.72507389999999,-73.9314785,+18454860052,12601,3450 North Road,Poughkeepsie,NY,"[{'@type': 'OpeningHoursSpecification', 'dayOfWeek': ['Sunday', 'Monday', 'Tuesday', 'Wednesday', 'Thursday'], 'opens': '11:0', 'closes': '21:30'}, {'@type': 'OpeningHoursSpecification', 'dayOfWeek': ['Friday', 'Saturday'], 'opens': '11:0', 'closes': '22:30'}]","{'@type': 'PostalAddress', 'addressLocality': 'Poughkeepsie', 'addressRegion': 'NY', 'postalCode': '12601', 'addressCountry': 'US', 'streetAddress': '3450 North Road'}","{'@type': 'GeoCoordinates', 'latitude': 41.72507389999999, 'longitude': -73.9314785}","{'@type': 'AggregateRating', 'ratingValue': 4.3, 'reviewCount': '88'}"
Wendy's  (753 Main Street),https://www.ubereats.com/nyc-suburbs/food-delivery/wendys-753-main-street/qQRQp51pSuedu3hZd2O1mg,arlington-new-york,"['American', 'Burgers', 'Fast Food']",4.0,48,$,41.6969954,-73.9043177,+18454528124,12603,753 Main Street,Poughkeepsie,NY,"[{'@type': 'OpeningHoursSpecification', 'dayOfWeek': ['Sunday', 'Monday', 'Tuesday', 'Wednesday', 'Thursday'], 'opens': '10:30', 'closes': '23:30'}, {'@type': 'OpeningHoursSpecification', 'dayOfWeek': ['Sunday', 'Monday', 'Tuesday', 'Wednesday', 'Thursday'], 'opens': '6:30', 'closes': '10:0'}, {'@type': 'OpeningHoursSpecification', 'dayOfWeek': ['Friday', 'Saturday'], 'opens': '10:30', 'closes': '0:30'}, {'@type': 'OpeningHoursSpecification', 'dayOfWeek': ['Friday', 'Saturday'], 'opens': '6:30', 'closes': '10:0'}]","{'@type': 'PostalAddress', 'addressLocality': 'Poughkeepsie', 'addressRegion': 'NY', 'postalCode': '12603', 'addressCountry': 'US', 'streetAddress': '753 Main Street'}","{'@type': 'GeoCoordinates', 'latitude': 41.6969954, 'longitude': -73.9043177}","{'@type': 'AggregateRating', 'ratingValue': 4, 'reviewCount': '48'}"
Outback Steakhouse (1510 Route 9),https://www.ubereats.com/nyc-suburbs/food-delivery/outback-steakhouse-1510-route-9/BJ5EW94HSgm03-OyKxdi7g,arlington-new-york,"['Burgers', 'American', 'Sandwiches', 'Steak', 'Seafood', 'Salads', 'BBQ']",4.2,157,$,41.5925794,-73.9081832,+18452986753,,,,,"[{'@type': 'OpeningHoursSpecification', 'dayOfWeek': 'Sunday', 'opens': '11:0', 'closes': '20:30'}, {'@type': 'OpeningHoursSpecification', 'dayOfWeek': ['Monday', 'Tuesday', 'Wednesday', 'Thursday'], 'opens': '11:0', 'closes': '21:30'}, {'@type': 'OpeningHoursSpecification', 'dayOfWeek': ['Friday', 'Saturday'], 'opens': '11:0', 'closes': '22:0'}]",,"{'@type': 'GeoCoordinates', 'latitude': 41.5925794, 'longitude': -73.9081832}","{'@type': 'AggregateRating', 'ratingValue': 4.2, 'reviewCount': '157'}"
Dairy Queen - Treat (4164 Albany Post Rd),https://www.ubereats.com/nyc-suburbs/food-delivery/dairy-queen-treat-4164-albany-post-rd/qjAOyLxhQ06j1WiL1bB5wg,arlington-new-york,"['American', 'Fast Food', 'Ice Cream & Frozen Yogurt']",4.4,121,$,41.7753871,-73.930517,+18452297170,12538,4164 Albany Post Rd,Hyde Park,NY,"[{'@type': 'OpeningHoursSpecification', 'dayOfWeek': ['Monday', 'Tuesday', 'Wednesday', 'Thursday', 'Friday', 'Saturday', 'Sunday'], 'opens': '11:0', 'closes': '21:0'}]","{'@type': 'PostalAddress', 'addressLocality': 'Hyde Park', 'addressRegion': 'NY', 'postalCode': '12538', 'addressCountry': 'US', 'streetAddress': '4164 Albany Post Rd'}","{'@type': 'GeoCoordinates', 'latitude': 41.7753871, 'longitude': -73.930517}","{'@type': 'AggregateRating', 'ratingValue': 4.4, 'reviewCount': '121'}"
El Bracero Mexican Restaurant (581 Main St ),https://www.ubereats.com/nyc-suburbs/food-delivery/el-bracero-mexican-restaurant-581-main-st/xlgaCt2QQpGVMR364EiFMA,arlington-new-york,"['Mexican', 'Latin American', 'New Mexican']",4.5,44,$,41.6994528,-73.9142668,+18454859679,12601,581 Main St,Poughkeepsie,NY,"[{'@type': 'OpeningHoursSpecification', 'dayOfWeek': ['Sunday', 'Monday'], 'opens': '10:0', 'closes': '22:0'}, {'@type': 'OpeningHoursSpecification', 'dayOfWeek': ['Wednesday', 'Thursday', 'Friday', 'Saturday'], 'opens': '10:0', 'closes': '22:0'}]","{'@type': 'PostalAddress', 'addressLocality': 'Poughkeepsie', 'addressRegion': 'NY', 'postalCode': '12601', 'addressCountry': 'US', 'streetAddress': '581 Main St'}","{'@type': 'GeoCoordinates', 'latitude': 41.6994528, 'longitude': -73.9142668}","{'@type': 'AggregateRating', 'ratingValue': 4.5, 'reviewCount': '44'}"
IHOP (2550 South Road),https://www.ubereats.com/nyc-suburbs/food-delivery/ihop-2550-south-road/07LuL_vGQR2Mn9YtMfcOJQ,arlington-new-york,"['American', 'Breakfast and Brunch', 'burger', 'Comfort Food', 'Dinner', 'Omelette', 'salad', 'Traditional American', 'Family Meals']",3.9,102,$,41.6631467,-73.9292311,+18454621792,12601,2550 South Road,Poughkeepsie,NY,"[{'@type': 'OpeningHoursSpecification', 'dayOfWeek': ['Monday', 'Tuesday', 'Wednesday', 'Thursday', 'Friday', 'Saturday', 'Sunday'], 'opens': '7:0', 'closes': '19:50'}]","{'@type': 'PostalAddress', 'addressLocality': 'Poughkeepsie', 'addressRegion': 'NY', 'postalCode': '12601', 'addressCountry': 'US', 'streetAddress': '2550 South Road'}","{'@type': 'GeoCoordinates', 'latitude': 41.6631467, 'longitude': -73.9292311}","{'@type': 'AggregateRating', 'ratingValue': 3.9, 'reviewCount': '102'}"
Perkins (1576 Route 9 - Unit 11),https://www.ubereats.com/nyc-suburbs/food-delivery/perkins-1576-route-9-unit-11/gY7Hiqe0TsmPqPxfe4st0A,arlington-new-york,"['Breakfast and Brunch', 'American', 'Dinner', 'Bakery']",4.5,37,$$,41.5984957,-73.9102168,+18452961575,12590,1576 Route 9 - Unit 11,Wappingers Falls,NY,"[{'@type': 'OpeningHoursSpecification', 'dayOfWeek': ['Monday', 'Tuesday', 'Wednesday', 'Thursday', 'Friday', 'Saturday', 'Sunday'], 'opens': '6:0', 'closes': '21:0'}]","{'@type': 'PostalAddress', 'addressLocality': 'Wappingers Falls', 'addressRegion': 'NY', 'postalCode': '12590', 'addressCountry': 'US', 'streetAddress': '1576 Route 9 - Unit 11'}","{'@type': 'GeoCoordinates', 'latitude': 41.5984957, 'longitude': -73.9102168}","{'@type': 'AggregateRating', 'ratingValue': 4.5, 'reviewCount': '37'}"
Tokyo Express,https://www.ubereats.com/nyc-suburbs/food-delivery/tokyo-express/PBDM-rFMQ9KqYoZ4oQkGOQ,arlington-new-york,"['Japanese', 'Asian', 'Sushi']",4.8,83,$,41.6928265,-73.9001662,+18454525033,12603,8 Lagrange Ave,Poughkeepsie,NY,"[{'@type': 'OpeningHoursSpecification', 'dayOfWeek': 'Sunday', 'opens': '12:15', 'closes': '21:30'}, {'@type': 'OpeningHoursSpecification', 'dayOfWeek': 'Monday', 'opens': '12:15', 'closes': '21:30'}, {'@type': 'OpeningHoursSpecification', 'dayOfWeek': 'Monday', 'opens': '12:0', 'closes': '15:0'}, {'@type': 'OpeningHoursSpecification', 'dayOfWeek': ['Wednesday', 'Thursday'], 'opens': '12:15', 'closes': '21:30'}, {'@type': 'OpeningHoursSpecification', 'dayOfWeek': ['Wednesday', 'Thursday'], 'opens': '12:0', 'closes': '15:0'}, {'@type': 'OpeningHoursSpecification', 'dayOfWeek': ['Friday', 'Saturday'], 'opens': '12:15', 'closes': '22:0'}, {'@type': 'OpeningHoursSpecification', 'dayOfWeek': ['Friday', 'Saturday'], 'opens': '12:0', 'closes': '15:0'}]","{'@type': 'PostalAddress', 'addressLocality': 'Poughkeepsie', 'addressRegion': 'NY', 'postalCode': '12603', 'addressCountry': 'US', 'streetAddress': '8 Lagrange Ave'}","{'@type': 'GeoCoordinates', 'latitude': 41.6928265, 'longitude': -73.9001662}","{'@type': 'AggregateRating', 'ratingValue': 4.8, 'reviewCount': '83'}"
McDonald's (733 MAIN ST),https://www.ubereats.com/nyc-suburbs/food-delivery/mcdonalds-733-main-st/5HdP2o-CRG6ju92ELvDzAw,arlington-new-york,"['American', 'Burgers', 'Fast Food']",4.5,331,$,41.697264,-73.906244,+18454733323,12603,733 MAIN ST,POUGHKEEPSIE,NY,"[{'@type': 'OpeningHoursSpecification', 'dayOfWeek': 'Sunday', 'opens': '7:0', 'closes': '10:59'}, {'@type': 'OpeningHoursSpecification', 'dayOfWeek': 'Sunday', 'opens': '11:0', 'closes': '16:59'}, {'@type': 'OpeningHoursSpecification', 'dayOfWeek': 'Sunday', 'opens': '17:0', 'closes': '22:45'}, {'@type': 'OpeningHoursSpecification', 'dayOfWeek': ['Monday', 'Tuesday', 'Wednesday', 'Thursday', 'Friday'], 'opens': '7:0', 'closes': '10:29'}, {'@type': 'OpeningHoursSpecification', 'dayOfWeek': ['Monday', 'Tuesday', 'Wednesday', 'Thursday', 'Friday'], 'opens': '10:30', 'closes': '16:59'}, {'@type': 'OpeningHoursSpecification', 'dayOfWeek': ['Monday', 'Tuesday', 'Wednesday', 'Thursday', 'Friday'], 'opens': '17:0', 'closes': '22:45'}, {'@type': 'OpeningHoursSpecification', 'dayOfWeek': 'Saturday', 'opens': '7:0', 'closes': '10:59'}, {'@type': 'OpeningHoursSpecification', 'dayOfWeek': 'Saturday', 'opens': '11:0', 'closes': '16:59'}, {'@type': 'OpeningHoursSpecification', 'dayOfWeek': 'Saturday', 'opens': '17:0', 'closes': '22:45'}]","{'@type': 'PostalAddress', 'addressLocality': 'POUGHKEEPSIE', 'addressRegion': 'NY', 'postalCode': '12603', 'addressCountry': 'US', 'streetAddress': '733 MAIN ST'}","{'@type': 'GeoCoordinates', 'latitude': 41.697264, 'longitude': -73.906244}","{'@type': 'AggregateRating', 'ratingValue': 4.5, 'reviewCount': '331'}"
Panera (712 Dutchess Turnpike),https://www.ubereats.com/nyc-suburbs/food-delivery/panera-712-dutchess-turnpike/uXXVJKcHSfCXeyxen8hd4w,arlington-new-york,"['Breakfast and Brunch', 'salad', 'Sandwich']",4.6,61,$,41.6982965,-73.88010710000002,+18454522425,12603,712 Dutchess Turnpike,Poughkeepsie,NY,"[{'@type': 'OpeningHoursSpecification', 'dayOfWeek': ['Sunday', 'Monday', 'Tuesday', 'Wednesday', 'Thursday'], 'opens': '9:0', 'closes': '20:30'}, {'@type': 'OpeningHoursSpecification', 'dayOfWeek': ['Friday', 'Saturday'], 'opens': '8:0', 'closes': '20:30'}]","{'@type': 'PostalAddress', 'addressLocality': 'Poughkeepsie', 'addressRegion': 'NY', 'postalCode': '12603', 'addressCountry': 'US', 'streetAddress': '712 Dutchess Turnpike'}","{'@type': 'GeoCoordinates', 'latitude': 41.6982965, 'longitude': -73.88010710000002}","{'@type': 'AggregateRating', 'ratingValue': 4.6, 'reviewCount': '61'}"
"TGI Friday's (595 - POUGHKEEPSIE, NY)",https://www.ubereats.com/nyc-suburbs/food-delivery/tgi-fridays-595-poughkeepsie-ny/4U_PNPnqTSKRXjAitt4r6g,arlington-new-york,"['American', 'Bar Food', 'Burgers', 'Family Meals']",3.9,185,$$,41.66658239999999,-73.92909329999999,+18454831280,12601,2594 South Rd,Poughkeepsie,New York,"[{'@type': 'OpeningHoursSpecification', 'dayOfWeek': ['Sunday', 'Monday', 'Tuesday', 'Wednesday', 'Thursday'], 'opens': '11:0', 'closes': '23:0'}, {'@type': 'OpeningHoursSpecification', 'dayOfWeek': ['Friday', 'Saturday'], 'opens': '11:0', 'closes': '0:0'}]","{'@type': 'PostalAddress', 'addressLocality': 'Poughkeepsie', 'addressRegion': 'New York', 'postalCode': '12601', 'addressCountry': 'US', 'streetAddress': '2594 South Rd'}","{'@type': 'GeoCoordinates', 'latitude': 41.66658239999999, 'longitude': -73.92909329999999}","{'@type': 'AggregateRating', 'ratingValue': 3.9, 'reviewCount': '185'}"
McDonald's (650 RTE 9 W BRIDGEVIEW PLAZA),https://www.ubereats.com/nyc-suburbs/food-delivery/mcdonalds-650-rte-9-w-bridgeview-plaza/6uLyDtgvQQmTKC5_W36LtQ,arlington-new-york,"['American', 'Burgers', 'Fast Food']",4.5,47,$,41.703588,-73.965785,+18456917028,12528,650 RTE 9 W BRIDGEVIEW PLAZA,HYLAND,NY,"[{'@type': 'OpeningHoursSpecification', 'dayOfWeek': ['Sunday', 'Monday', 'Tuesday', 'Wednesday', 'Thursday'], 'opens': '6:30', 'closes': '10:29'}, {'@type': 'OpeningHoursSpecification', 'dayOfWeek': ['Sunday', 'Monday', 'Tuesday', 'Wednesday', 'Thursday'], 'opens': '10:30', 'closes': '16:59'}, {'@type': 'OpeningHoursSpecification', 'dayOfWeek': ['Sunday', 'Monday', 'Tuesday', 'Wednesday', 'Thursday'], 'opens': '17:0', 'closes': '23:44'}, {'@type': 'OpeningHoursSpecification', 'dayOfWeek': ['Friday', 'Saturday'], 'opens': '6:30', 'closes': '10:29'}, {'@type': 'OpeningHoursSpecification', 'dayOfWeek': ['Friday', 'Saturday'], 'opens': '10:30', 'closes': '16:59'}, {'@type': 'OpeningHoursSpecification', 'dayOfWeek': ['Friday', 'Saturday'], 'opens': '17:0', 'closes': '0:44'}]","{'@type': 'PostalAddress', 'addressLocality': 'HYLAND', 'addressRegion': 'NY', 'postalCode': '12528', 'addressCountry': 'US', 'streetAddress': '650 RTE 9 W BRIDGEVIEW PLAZA'}","{'@type': 'GeoCoordinates', 'latitude': 41.703588, 'longitude': -73.965785}","{'@type': 'AggregateRating', 'ratingValue': 4.5, 'reviewCount': '47'}"
Crown Fried Chicken (Super Kennedy),https://www.ubereats.com/nyc-suburbs/food-delivery/crown-fried-chicken-super-kennedy/d6fLeF-RQRapUsxB7Hk4KA,arlington-new-york,"['Comfort Food', 'American', 'Wings']",4.4,130,$,41.70215700000001,-73.92291809999999,+18454545577,12601,411 Main St,Poughkeepsie,NY,"[{'@type': 'OpeningHoursSpecification', 'dayOfWeek': ['Monday', 'Tuesday', 'Wednesday', 'Thursday', 'Friday', 'Saturday', 'Sunday'], 'opens': '10:0', 'closes': '2:0'}]","{'@type': 'PostalAddress', 'addressLocality': 'Poughkeepsie', 'addressRegion': 'NY', 'postalCode': '12601', 'addressCountry': 'US', 'streetAddress': '411 Main St'}","{'@type': 'GeoCoordinates', 'latitude': 41.70215700000001, 'longitude': -73.92291809999999}","{'@type': 'AggregateRating', 'ratingValue': 4.4, 'reviewCount': '130'}"
Amore Pizzeria & Cafe,https://www.ubereats.com/nyc-suburbs/food-delivery/amore-pizzeria-%26-cafe/a4W4C0wKStimQZkYuVR_tA,arlington-new-york,"['Pizza', 'American', 'Italian']",,,$,41.74356179999999,-73.8236132,+18456355555,12569,3 Maggiacomo Ln,Pleasant Valley,NY,"[{'@type': 'OpeningHoursSpecification', 'dayOfWeek': ['Monday', 'Tuesday', 'Wednesday', 'Thursday', 'Friday', 'Saturday', 'Sunday'], 'opens': '11:0', 'closes': '20:45'}, {'@type': 'OpeningHoursSpecification', 'dayOfWeek': ['Monday', 'Tuesday', 'Wednesday', 'Thursday', 'Friday', 'Saturday', 'Sunday'], 'opens': '11:0', 'closes': '20:45'}, {'@type': 'OpeningHoursSpecification', 'dayOfWeek': ['Monday', 'Tuesday', 'Wednesday', 'Thursday', 'Friday', 'Saturday', 'Sunday'], 'opens': '11:0', 'closes': '20:45'}]","{'@type': 'PostalAddress', 'addressLocality': 'Pleasant Valley', 'addressRegion': 'NY', 'postalCode': '12569', 'addressCountry': 'US', 'streetAddress': '3 Maggiacomo Ln'}","{'@type': 'GeoCoordinates', 'latitude': 41.74356179999999, 'longitude': -73.8236132}",{}
Kobe Hibachi Sushi Asian Cuisine,https://www.ubereats.com/nyc-suburbs/food-delivery/kobe-hibachi-sushi-asian-cuisine/dbWmua4RTNy1SGN9moeE-g,arlington-new-york,"['Asian Fusion', 'Asian', 'Chinese', 'Sushi', 'Steak']",4.8,153,$,41.664802099999996,-73.9318287,+18454549888,12601,2585 South Rd,Poughkeepsie,NY,"[{'@type': 'OpeningHoursSpecification', 'dayOfWeek': ['Sunday', 'Monday', 'Tuesday', 'Wednesday', 'Thursday'], 'opens': '11:30', 'closes': '20:45'}, {'@type': 'OpeningHoursSpecification', 'dayOfWeek': ['Friday', 'Saturday'], 'opens': '11:30', 'closes': '21:45'}]","{'@type': 'PostalAddress', 'addressLocality': 'Poughkeepsie', 'addressRegion': 'NY', 'postalCode': '12601', 'addressCountry': 'US', 'streetAddress': '2585 South Rd'}","{'@type': 'GeoCoordinates', 'latitude': 41.664802099999996, 'longitude': -73.9318287}","{'@type': 'AggregateRating', 'ratingValue': 4.8, 'reviewCount': '153'}"
Starbucks (Mid Hudson Center),https://www.ubereats.com/nyc-suburbs/food-delivery/starbucks-mid-hudson-center/L9DAImD-SD6t3XAqg9hVtg,arlington-new-york,"['Bakery', 'Breakfast and Brunch', 'Cafe', 'Coffee & Tea']",4.4,156,$,41.7242341,-73.9312518,+18455756736,12601,3434 NORTH RD,Poughkeepsie,NY,"[{'@type': 'OpeningHoursSpecification', 'dayOfWeek': 'Sunday', 'opens': '6:30', 'closes': '21:0'}, {'@type': 'OpeningHoursSpecification', 'dayOfWeek': ['Monday', 'Tuesday', 'Wednesday', 'Thursday', 'Friday'], 'opens': '5:30', 'closes': '22:0'}, {'@type': 'OpeningHoursSpecification', 'dayOfWeek': 'Saturday', 'opens': '6:0', 'closes': '22:0'}]","{'@type': 'PostalAddress', 'addressLocality': 'Poughkeepsie', 'addressRegion': 'NY', 'postalCode': '12601', 'addressCountry': 'US', 'streetAddress': '3434 NORTH RD'}","{'@type': 'GeoCoordinates', 'latitude': 41.7242341, 'longitude': -73.9312518}","{'@type': 'AggregateRating', 'ratingValue': 4.4, 'reviewCount': '156'}"
Dave's Cucina Corp,https://www.ubereats.com/nyc-suburbs/food-delivery/daves-cucina-corp/Zz1O3GxHQbK-cN5V548mfA,arlington-new-york,"['Pizza', 'American', 'Italian']",4.9,19,$,41.7090172,-73.90353379999999,+18454549111,12601,190 Innis Ave,Poughkeepsie,NY,"[{'@type': 'OpeningHoursSpecification', 'dayOfWeek': ['Monday', 'Tuesday', 'Wednesday', 'Thursday', 'Friday', 'Saturday', 'Sunday'], 'opens': '12:0', 'closes': '21:0'}, {'@type': 'OpeningHoursSpecification', 'dayOfWeek': ['Monday', 'Tuesday', 'Wednesday', 'Thursday', 'Friday', 'Saturday', 'Sunday'], 'opens': '13:0', 'closes': '21:0'}]","{'@type': 'PostalAddress', 'addressLocality': 'Poughkeepsie', 'addressRegion': 'NY', 'postalCode': '12601', 'addressCountry': 'US', 'streetAddress': '190 Innis Ave'}","{'@type': 'GeoCoordinates', 'latitude': 41.7090172, 'longitude': -73.90353379999999}","{'@type': 'AggregateRating', 'ratingValue': 4.9, 'reviewCount': '19'}"
