name,url,city,cuisine,avgRating,numReviews,priceRange,latitude,longitude,telephone,postalCode,streetAddress,addressLocality,addressRegion,openingHoursSpecification,addressString,geoString,ratingString
Rusty Taco (4215 Dowlen Road),https://www.ubereats.com/beaumont/food-delivery/rusty-taco-4215-dowlen-road/3OG7IXC-Qc68V6gZtSEeFQ,beaumont,"['Breakfast and Brunch', 'Desserts', 'Rice-bowls']",,,$,30.1237884,-94.16341419999999,+14092231622,,,,,"[{'@type': 'OpeningHoursSpecification', 'dayOfWeek': ['Monday', 'Tuesday', 'Wednesday', 'Thursday', 'Friday', 'Saturday', 'Sunday'], 'opens': '7:0', 'closes': '20:30'}]",,"{'@type': 'GeoCoordinates', 'latitude': 30.1237884, 'longitude': -94.16341419999999}",{}
Boudain Hut North,https://www.ubereats.com/beaumont/food-delivery/boudain-hut-north/2XbCwrytSk26sRXpSYfnhw,beaumont,['American'],,,$,30.030034,-94.188256,+14098409942,77707,4201 S Major Dr,Beaumont,Texas,"[{'@type': 'OpeningHoursSpecification', 'dayOfWeek': 'Sunday', 'opens': '8:0', 'closes': '19:45'}, {'@type': 'OpeningHoursSpecification', 'dayOfWeek': ['Tuesday', 'Wednesday', 'Thursday', 'Friday', 'Saturday'], 'opens': '8:0', 'closes': '19:45'}]","{'@type': 'PostalAddress', 'addressLocality': 'Beaumont', 'addressRegion': 'Texas', 'postalCode': '77707', 'addressCountry': 'US', 'streetAddress': '4201 S Major Dr'}","{'@type': 'GeoCoordinates', 'latitude': 30.030034, 'longitude': -94.188256}",{}
Carrabba's (1550 I-10 South),https://www.ubereats.com/beaumont/food-delivery/carrabbas-1550-i-10-south/q-TtUEMyS-CLcbVmeNtvvw,beaumont,['Italian'],4.5,36,$$,30.0632816,-94.135002,+14098425561,77707,1550 I-10 South,Beaumont,TX,"[{'@type': 'OpeningHoursSpecification', 'dayOfWeek': 'Sunday', 'opens': '11:0', 'closes': '21:0'}, {'@type': 'OpeningHoursSpecification', 'dayOfWeek': ['Monday', 'Tuesday', 'Wednesday', 'Thursday'], 'opens': '11:0', 'closes': '22:0'}, {'@type': 'OpeningHoursSpecification', 'dayOfWeek': ['Friday', 'Saturday'], 'opens': '11:0', 'closes': '23:0'}]","{'@type': 'PostalAddress', 'addressLocality': 'Beaumont', 'addressRegion': 'TX', 'postalCode': '77707', 'addressCountry': 'US', 'streetAddress': '1550 I-10 South'}","{'@type': 'GeoCoordinates', 'latitude': 30.0632816, 'longitude': -94.135002}","{'@type': 'AggregateRating', 'ratingValue': 4.5, 'reviewCount': '36'}"
Schlotzsky's Deli (4080 N. Dowlen Road),https://www.ubereats.com/beaumont/food-delivery/schlotzskys-deli-4080-n-dowlen-road/evLNdoLmRGqoDfqJcRFa6A,beaumont,"['Salads', 'Sandwich', 'Deli']",4.4,24,$,30.1197059,-94.166474,+14099249991,77706,4080 N. Dowlen Road,Beaumont,TX,"[{'@type': 'OpeningHoursSpecification', 'dayOfWeek': ['Monday', 'Tuesday', 'Wednesday', 'Thursday', 'Friday', 'Saturday', 'Sunday'], 'opens': '10:30', 'closes': '21:0'}]","{'@type': 'PostalAddress', 'addressLocality': 'Beaumont', 'addressRegion': 'TX', 'postalCode': '77706', 'addressCountry': 'US', 'streetAddress': '4080 N. Dowlen Road'}","{'@type': 'GeoCoordinates', 'latitude': 30.1197059, 'longitude': -94.166474}","{'@type': 'AggregateRating', 'ratingValue': 4.4, 'reviewCount': '24'}"
Wienerschnitzel (6050 Folsom Road),https://www.ubereats.com/beaumont/food-delivery/wienerschnitzel-6050-folsom-road/o--Ohl86SF6MoNLKZiT0FA,beaumont,"['Hot Dog', 'Sandwich', 'American', 'Fast Food']",,,$,30.1155488,-94.1697541,+14093470385,77706,6050 Folsom Road,Beaumont,TX,"[{'@type': 'OpeningHoursSpecification', 'dayOfWeek': ['Monday', 'Tuesday', 'Wednesday', 'Thursday', 'Friday', 'Saturday', 'Sunday'], 'opens': '10:45', 'closes': '22:0'}]","{'@type': 'PostalAddress', 'addressLocality': 'Beaumont', 'addressRegion': 'TX', 'postalCode': '77706', 'addressCountry': 'US', 'streetAddress': '6050 Folsom Road'}","{'@type': 'GeoCoordinates', 'latitude': 30.1155488, 'longitude': -94.1697541}",{}
Sonic Drive-In (5850 Walden Rd),https://www.ubereats.com/beaumont/food-delivery/sonic-drive-in-5850-walden-rd/JIa1kYXGSxqgC9wUDLfdDw,beaumont,"['Fast Food', 'American', 'Traditional American']",,,$,30.039165,-94.161914,+14098422556,77707,5850 Walden Rd,Beaumont,Texas,"[{'@type': 'OpeningHoursSpecification', 'dayOfWeek': 'Sunday', 'opens': '9:0', 'closes': '22:30'}, {'@type': 'OpeningHoursSpecification', 'dayOfWeek': ['Monday', 'Tuesday', 'Wednesday', 'Thursday'], 'opens': '6:0', 'closes': '22:30'}, {'@type': 'OpeningHoursSpecification', 'dayOfWeek': ['Friday', 'Saturday'], 'opens': '6:0', 'closes': '23:0'}]","{'@type': 'PostalAddress', 'addressLocality': 'Beaumont', 'addressRegion': 'Texas', 'postalCode': '77707', 'addressCountry': 'US', 'streetAddress': '5850 Walden Rd'}","{'@type': 'GeoCoordinates', 'latitude': 30.039165, 'longitude': -94.161914}",{}
Papa John's (5540 Calder Avenue),https://www.ubereats.com/beaumont/food-delivery/papa-johns-5540-calder-avenue/Z-Gt_T4RQ7Cur2UBOKrnRw,beaumont,"['PIzza', 'Pasta', 'Wings']",4.8,31,$$,30.0833056,-94.1552354,+14098999890,77706,5540 Calder Avenue,BEAUMONT,TX,"[{'@type': 'OpeningHoursSpecification', 'dayOfWeek': 'Sunday', 'opens': '11:0', 'closes': '22:25'}, {'@type': 'OpeningHoursSpecification', 'dayOfWeek': ['Monday', 'Tuesday', 'Wednesday', 'Thursday'], 'opens': '10:30', 'closes': '22:25'}, {'@type': 'OpeningHoursSpecification', 'dayOfWeek': 'Friday', 'opens': '10:30', 'closes': '23:25'}, {'@type': 'OpeningHoursSpecification', 'dayOfWeek': 'Saturday', 'opens': '11:0', 'closes': '23:25'}]","{'@type': 'PostalAddress', 'addressLocality': 'BEAUMONT', 'addressRegion': 'TX', 'postalCode': '77706', 'addressCountry': 'US', 'streetAddress': '5540 Calder Avenue'}","{'@type': 'GeoCoordinates', 'latitude': 30.0833056, 'longitude': -94.1552354}","{'@type': 'AggregateRating', 'ratingValue': 4.8, 'reviewCount': '31'}"
Kampus Korner Restaurant,https://www.ubereats.com/beaumont/food-delivery/kampus-korner-restaurant/-iCJA6pyStOogvzAQYAXLw,beaumont,['Mediterranean'],,,$$,30.039841,-94.073082,+14098326386,77705,4637 Rolfe Christopher Dr,Beaumont,Texas,"[{'@type': 'OpeningHoursSpecification', 'dayOfWeek': 'Sunday', 'opens': '12:0', 'closes': '17:0'}, {'@type': 'OpeningHoursSpecification', 'dayOfWeek': ['Monday', 'Tuesday', 'Wednesday'], 'opens': '10:0', 'closes': '22:0'}, {'@type': 'OpeningHoursSpecification', 'dayOfWeek': ['Thursday', 'Friday', 'Saturday'], 'opens': '10:0', 'closes': '22:0'}, {'@type': 'OpeningHoursSpecification', 'dayOfWeek': ['Thursday', 'Friday', 'Saturday'], 'opens': '10:0', 'closes': '21:0'}]","{'@type': 'PostalAddress', 'addressLocality': 'Beaumont', 'addressRegion': 'Texas', 'postalCode': '77705', 'addressCountry': 'US', 'streetAddress': '4637 Rolfe Christopher Dr'}","{'@type': 'GeoCoordinates', 'latitude': 30.039841, 'longitude': -94.073082}",{}
J & J Wings and Seafood,https://www.ubereats.com/beaumont/food-delivery/j-%26-j-wings-and-seafood/XWv7D_JiQZKEM7d2eihnWg,beaumont,['Seafood'],4.9,10,$,30.122766,-94.150137,+14098921411,77708,5220 Eastex Fwy,Beaumont,TX,"[{'@type': 'OpeningHoursSpecification', 'dayOfWeek': 'Sunday', 'opens': '10:0', 'closes': '18:30'}, {'@type': 'OpeningHoursSpecification', 'dayOfWeek': ['Monday', 'Tuesday', 'Wednesday', 'Thursday'], 'opens': '10:0', 'closes': '7:45'}, {'@type': 'OpeningHoursSpecification', 'dayOfWeek': 'Friday', 'opens': '10:0', 'closes': '20:30'}, {'@type': 'OpeningHoursSpecification', 'dayOfWeek': 'Saturday', 'opens': '10:0', 'closes': '7:45'}]","{'@type': 'PostalAddress', 'addressLocality': 'Beaumont', 'addressRegion': 'TX', 'postalCode': '77708', 'addressCountry': 'US', 'streetAddress': '5220 Eastex Fwy'}","{'@type': 'GeoCoordinates', 'latitude': 30.122766, 'longitude': -94.150137}","{'@type': 'AggregateRating', 'ratingValue': 4.9, 'reviewCount': '10'}"
Pasqually's Pizza & Wings (4180 N. Dowlen Road),https://www.ubereats.com/beaumont/food-delivery/pasquallys-pizza-%26-wings-4180-n-dowlen-road/q5U9x74uShejarjwtuEM6w,beaumont,"['Pizza', 'Italian', 'Wings']",,,$,30.12119979999999,-94.1640941,+14093471274,77706,4180 N. Dowlen Road,Beaumont,TX,"[{'@type': 'OpeningHoursSpecification', 'dayOfWeek': ['Monday', 'Tuesday', 'Wednesday', 'Thursday', 'Friday', 'Saturday', 'Sunday'], 'opens': '11:0', 'closes': '20:0'}]","{'@type': 'PostalAddress', 'addressLocality': 'Beaumont', 'addressRegion': 'TX', 'postalCode': '77706', 'addressCountry': 'US', 'streetAddress': '4180 N. Dowlen Road'}","{'@type': 'GeoCoordinates', 'latitude': 30.12119979999999, 'longitude': -94.1640941}",{}
Taco Bell (6365 Phelan Blvd),https://www.ubereats.com/beaumont/food-delivery/taco-bell-6365-phelan-blvd/8PwuiHaLScaK2e9wb9zorQ,beaumont,"['Burritos', 'Fast Food', 'Mexican']",4.4,17,$,30.07778449999999,-94.168874,+14098663025,77706,6365 Phelan Blvd,Beaumont,TX,"[{'@type': 'OpeningHoursSpecification', 'dayOfWeek': ['Monday', 'Tuesday', 'Wednesday', 'Thursday', 'Friday', 'Saturday', 'Sunday'], 'opens': '14:0', 'closes': '17:0'}, {'@type': 'OpeningHoursSpecification', 'dayOfWeek': ['Monday', 'Tuesday', 'Wednesday', 'Thursday', 'Friday', 'Saturday', 'Sunday'], 'opens': '9:0', 'closes': '0:30'}]","{'@type': 'PostalAddress', 'addressLocality': 'Beaumont', 'addressRegion': 'TX', 'postalCode': '77706', 'addressCountry': 'US', 'streetAddress': '6365 Phelan Blvd'}","{'@type': 'GeoCoordinates', 'latitude': 30.07778449999999, 'longitude': -94.168874}","{'@type': 'AggregateRating', 'ratingValue': 4.4, 'reviewCount': '17'}"
Salata (4215 Dowlen Rd Suite B),https://www.ubereats.com/beaumont/food-delivery/salata-4215-dowlen-rd-suite-b/Q6CBu6h9QZ-sypWJYsIShg,beaumont,"['Healthy', 'Salads', 'Soup']",,,$,30.1237884,-94.16341419999999,+14092231585,77706,4215 Dowlen Rd,Beaumont,TX,"[{'@type': 'OpeningHoursSpecification', 'dayOfWeek': ['Monday', 'Tuesday', 'Wednesday', 'Thursday', 'Friday', 'Saturday', 'Sunday'], 'opens': '10:30', 'closes': '21:0'}]","{'@type': 'PostalAddress', 'addressLocality': 'Beaumont', 'addressRegion': 'TX', 'postalCode': '77706', 'addressCountry': 'US', 'streetAddress': '4215 Dowlen Rd'}","{'@type': 'GeoCoordinates', 'latitude': 30.1237884, 'longitude': -94.16341419999999}",{}
Outback Steakhouse (2060 I-10 South),https://www.ubereats.com/beaumont/food-delivery/outback-steakhouse-2060-i-10-south/ZyjCqaayTLS-2mCffcnk-A,beaumont,"['Burgers', 'American', 'Sandwiches', 'Steak', 'Seafood', 'Salads', 'BBQ']",4.3,50,$,30.05716039999999,-94.1382409,+14098426699,77707,2060 I-10 South,Beaumont,TX,"[{'@type': 'OpeningHoursSpecification', 'dayOfWeek': ['Sunday', 'Monday', 'Tuesday', 'Wednesday', 'Thursday'], 'opens': '11:0', 'closes': '20:30'}, {'@type': 'OpeningHoursSpecification', 'dayOfWeek': ['Friday', 'Saturday'], 'opens': '11:0', 'closes': '21:30'}]","{'@type': 'PostalAddress', 'addressLocality': 'Beaumont', 'addressRegion': 'TX', 'postalCode': '77707', 'addressCountry': 'US', 'streetAddress': '2060 I-10 South'}","{'@type': 'GeoCoordinates', 'latitude': 30.05716039999999, 'longitude': -94.1382409}","{'@type': 'AggregateRating', 'ratingValue': 4.3, 'reviewCount': '50'}"
Green Light Kitchen,https://www.ubereats.com/beaumont/food-delivery/green-light-kitchen/nCn3y-5uQEyYUrB_cov0PQ,beaumont,['American'],,,$,30.085208,-94.097835,+14093477284,77701,350 Pine St,Beaumont,Texas,"[{'@type': 'OpeningHoursSpecification', 'dayOfWeek': ['Monday', 'Tuesday', 'Wednesday', 'Thursday', 'Friday'], 'opens': '8:0', 'closes': '15:0'}]","{'@type': 'PostalAddress', 'addressLocality': 'Beaumont', 'addressRegion': 'Texas', 'postalCode': '77701', 'addressCountry': 'US', 'streetAddress': '350 Pine St'}","{'@type': 'GeoCoordinates', 'latitude': 30.085208, 'longitude': -94.097835}",{}
Checkers (490 N. 11th  Street),https://www.ubereats.com/beaumont/food-delivery/checkers-490-n-11th-street/RWPDTfAlTSaK3fBaDrnZ8g,beaumont,"['American', 'burger']",4.2,45,$,30.085337,-94.1292878,+14098336365,77702,490 N. 11th  Street,Beaumont,TX,"[{'@type': 'OpeningHoursSpecification', 'dayOfWeek': ['Sunday', 'Monday', 'Tuesday', 'Wednesday'], 'opens': '10:0', 'closes': '23:29'}, {'@type': 'OpeningHoursSpecification', 'dayOfWeek': ['Thursday', 'Friday', 'Saturday'], 'opens': '10:0', 'closes': '0:30'}]","{'@type': 'PostalAddress', 'addressLocality': 'Beaumont', 'addressRegion': 'TX', 'postalCode': '77702', 'addressCountry': 'US', 'streetAddress': '490 N. 11th  Street'}","{'@type': 'GeoCoordinates', 'latitude': 30.085337, 'longitude': -94.1292878}","{'@type': 'AggregateRating', 'ratingValue': 4.2, 'reviewCount': '45'}"
Church's Chicken (2999 Magnolia),https://www.ubereats.com/beaumont/food-delivery/churchs-chicken-2999-magnolia/A9XZBquSTpSq1SHxn1nI-g,beaumont,"['Fast Food', 'American']",,,$,30.10784509999999,-94.10958579999999,+14098355270,77703,2999 Magnolia,Beaumont,TX,"[{'@type': 'OpeningHoursSpecification', 'dayOfWeek': ['Monday', 'Tuesday', 'Wednesday', 'Thursday', 'Friday', 'Saturday', 'Sunday'], 'opens': '10:0', 'closes': '16:0'}, {'@type': 'OpeningHoursSpecification', 'dayOfWeek': ['Monday', 'Tuesday', 'Wednesday', 'Thursday', 'Friday', 'Saturday', 'Sunday'], 'opens': '16:0', 'closes': '21:30'}]","{'@type': 'PostalAddress', 'addressLocality': 'Beaumont', 'addressRegion': 'TX', 'postalCode': '77703', 'addressCountry': 'US', 'streetAddress': '2999 Magnolia'}","{'@type': 'GeoCoordinates', 'latitude': 30.10784509999999, 'longitude': -94.10958579999999}",{}
Desi Cafe,https://www.ubereats.com/beaumont/food-delivery/desi-cafe/isNx8BCoSc2xVA8q2ThbzQ,beaumont,"['Pasta', 'Pizza', 'Italian']",,,$,30.0856274,-94.14693749999999,+14093477222,77706,4225 Calder Ave,Beaumont,TX,"[{'@type': 'OpeningHoursSpecification', 'dayOfWeek': ['Monday', 'Tuesday', 'Wednesday', 'Thursday', 'Friday', 'Saturday', 'Sunday'], 'opens': '12:0', 'closes': '19:30'}]","{'@type': 'PostalAddress', 'addressLocality': 'Beaumont', 'addressRegion': 'TX', 'postalCode': '77706', 'addressCountry': 'US', 'streetAddress': '4225 Calder Ave'}","{'@type': 'GeoCoordinates', 'latitude': 30.0856274, 'longitude': -94.14693749999999}",{}
Green Light Americana,https://www.ubereats.com/beaumont/food-delivery/green-light-americana/tKsK_MwBSjit2w8ysjcAgA,beaumont,['American'],,,$,30.07916,-94.169181,+14097307061,77706,6420 Phelan Blvd,Beaumont,Texas,"[{'@type': 'OpeningHoursSpecification', 'dayOfWeek': ['Monday', 'Tuesday', 'Wednesday', 'Thursday'], 'opens': '11:0', 'closes': '21:0'}, {'@type': 'OpeningHoursSpecification', 'dayOfWeek': ['Friday', 'Saturday'], 'opens': '11:0', 'closes': '22:0'}]","{'@type': 'PostalAddress', 'addressLocality': 'Beaumont', 'addressRegion': 'Texas', 'postalCode': '77706', 'addressCountry': 'US', 'streetAddress': '6420 Phelan Blvd'}","{'@type': 'GeoCoordinates', 'latitude': 30.07916, 'longitude': -94.169181}",{}
Logan's Roadhouse 389 (4185 N. Dowlen Road),https://www.ubereats.com/beaumont/food-delivery/logans-roadhouse-389-4185-n-dowlen-road/5k0mx9ouQAOTqvE04YP9ww,beaumont,"['Burgers', 'American', 'Sandwiches']",,,$,30.1221802,-94.16237029999999,+14093472977,77706,4185 N. Dowlen Road,Beaumont,TX,"[{'@type': 'OpeningHoursSpecification', 'dayOfWeek': ['Sunday', 'Monday', 'Tuesday', 'Wednesday', 'Thursday'], 'opens': '11:30', 'closes': '19:0'}, {'@type': 'OpeningHoursSpecification', 'dayOfWeek': ['Friday', 'Saturday'], 'opens': '11:30', 'closes': '20:0'}]","{'@type': 'PostalAddress', 'addressLocality': 'Beaumont', 'addressRegion': 'TX', 'postalCode': '77706', 'addressCountry': 'US', 'streetAddress': '4185 N. Dowlen Road'}","{'@type': 'GeoCoordinates', 'latitude': 30.1221802, 'longitude': -94.16237029999999}",{}
Carl's Jr (3930 Eastex Freeway),https://www.ubereats.com/beaumont/food-delivery/carls-jr-3930-eastex-freeway/36x_BEQKTLeeuuAuL3aQsg,beaumont,"['Burgers', 'American']",,,$$,30.1165317,-94.1434755,+14093471071,77703,3930 Eastex Freeway,Beaumont,TX,"[{'@type': 'OpeningHoursSpecification', 'dayOfWeek': ['Sunday', 'Monday', 'Tuesday', 'Wednesday', 'Thursday'], 'opens': '6:0', 'closes': '10:30'}, {'@type': 'OpeningHoursSpecification', 'dayOfWeek': ['Sunday', 'Monday', 'Tuesday', 'Wednesday', 'Thursday'], 'opens': '6:0', 'closes': '22:0'}, {'@type': 'OpeningHoursSpecification', 'dayOfWeek': ['Friday', 'Saturday'], 'opens': '6:0', 'closes': '10:30'}, {'@type': 'OpeningHoursSpecification', 'dayOfWeek': ['Friday', 'Saturday'], 'opens': '6:0', 'closes': '0:0'}]","{'@type': 'PostalAddress', 'addressLocality': 'Beaumont', 'addressRegion': 'TX', 'postalCode': '77703', 'addressCountry': 'US', 'streetAddress': '3930 Eastex Freeway'}","{'@type': 'GeoCoordinates', 'latitude': 30.1165317, 'longitude': -94.1434755}",{}
Church's Chicken (7525 Highway 105),https://www.ubereats.com/beaumont/food-delivery/churchs-chicken-7525-highway-105/TKaNM7aNSYKfv_Vi_wXjvg,beaumont,['Fast Food'],4.3,16,$,30.1327288,-94.1923689,+14099240635,77713,7525 Highway 105,Beaumont,TX,"[{'@type': 'OpeningHoursSpecification', 'dayOfWeek': ['Monday', 'Tuesday', 'Wednesday', 'Thursday', 'Friday', 'Saturday', 'Sunday'], 'opens': '10:0', 'closes': '21:0'}, {'@type': 'OpeningHoursSpecification', 'dayOfWeek': ['Monday', 'Tuesday', 'Wednesday', 'Thursday', 'Friday', 'Saturday', 'Sunday'], 'opens': '10:0', 'closes': '21:1'}]","{'@type': 'PostalAddress', 'addressLocality': 'Beaumont', 'addressRegion': 'TX', 'postalCode': '77713', 'addressCountry': 'US', 'streetAddress': '7525 Highway 105'}","{'@type': 'GeoCoordinates', 'latitude': 30.1327288, 'longitude': -94.1923689}","{'@type': 'AggregateRating', 'ratingValue': 4.3, 'reviewCount': '16'}"
Happy Donut (College St),https://www.ubereats.com/beaumont/food-delivery/happy-donut-college-st/Ft9LgvMDQJ2rSq-sFklJOA,beaumont,['Bakery'],,,$,30.067235,-94.172798,+14092421795,77707,6855 College St,Beaumont,Texas,"[{'@type': 'OpeningHoursSpecification', 'dayOfWeek': ['Monday', 'Tuesday', 'Wednesday', 'Thursday', 'Friday', 'Saturday', 'Sunday'], 'opens': '4:0', 'closes': '12:1'}]","{'@type': 'PostalAddress', 'addressLocality': 'Beaumont', 'addressRegion': 'Texas', 'postalCode': '77707', 'addressCountry': 'US', 'streetAddress': '6855 College St'}","{'@type': 'GeoCoordinates', 'latitude': 30.067235, 'longitude': -94.172798}",{}
Church's Chicken (229 Dowlen),https://www.ubereats.com/beaumont/food-delivery/churchs-chicken-229-dowlen/iiCisR6lTW-BE8LqvIaEuA,beaumont,['Fast Food'],,,$,30.0749666,-94.17321439999999,+14098603846,77706,229 Dowlen,Beaumont,TX,"[{'@type': 'OpeningHoursSpecification', 'dayOfWeek': ['Monday', 'Tuesday', 'Wednesday', 'Thursday', 'Friday', 'Saturday', 'Sunday'], 'opens': '10:30', 'closes': '21:30'}]","{'@type': 'PostalAddress', 'addressLocality': 'Beaumont', 'addressRegion': 'TX', 'postalCode': '77706', 'addressCountry': 'US', 'streetAddress': '229 Dowlen'}","{'@type': 'GeoCoordinates', 'latitude': 30.0749666, 'longitude': -94.17321439999999}",{}
Auntie Anne's (6155 Eastex Freeway Suite 5384),https://www.ubereats.com/beaumont/food-delivery/auntie-annes-6155-eastex-freeway-suite-5384/JLFCtTujS8uIYy2EbjZV1A,beaumont,"['Bakery', 'Comfort Food', 'Desserts']",,,$,30.12505719999999,-94.1612232,+14098921860,77706,6155 Eastex Freeway Suite 5384,Beaumont,TX,"[{'@type': 'OpeningHoursSpecification', 'dayOfWeek': 'Sunday', 'opens': '12:15', 'closes': '17:45'}, {'@type': 'OpeningHoursSpecification', 'dayOfWeek': ['Monday', 'Tuesday', 'Wednesday', 'Thursday', 'Friday', 'Saturday'], 'opens': '11:15', 'closes': '18:45'}]","{'@type': 'PostalAddress', 'addressLocality': 'Beaumont', 'addressRegion': 'TX', 'postalCode': '77706', 'addressCountry': 'US', 'streetAddress': '6155 Eastex Freeway Suite 5384'}","{'@type': 'GeoCoordinates', 'latitude': 30.12505719999999, 'longitude': -94.1612232}",{}
Taco Bell (3950 Walden Rd),https://www.ubereats.com/beaumont/food-delivery/taco-bell-3950-walden-rd/yyf2GqSrRHCa_3ka4y6SRA,beaumont,"['Burritos', 'Fast Food', 'Mexican']",4.4,27,$,30.0397609,-94.15801479999999,+14098422232,77705,3950 Walden Rd,Beaumont,TX,"[{'@type': 'OpeningHoursSpecification', 'dayOfWeek': ['Sunday', 'Monday'], 'opens': '14:0', 'closes': '17:0'}, {'@type': 'OpeningHoursSpecification', 'dayOfWeek': ['Sunday', 'Monday'], 'opens': '9:30', 'closes': '23:30'}, {'@type': 'OpeningHoursSpecification', 'dayOfWeek': 'Tuesday', 'opens': '14:0', 'closes': '17:0'}, {'@type': 'OpeningHoursSpecification', 'dayOfWeek': 'Tuesday', 'opens': '9:30', 'closes': '11:30'}, {'@type': 'OpeningHoursSpecification', 'dayOfWeek': ['Wednesday', 'Thursday', 'Friday', 'Saturday'], 'opens': '14:0', 'closes': '17:0'}, {'@type': 'OpeningHoursSpecification', 'dayOfWeek': ['Wednesday', 'Thursday', 'Friday', 'Saturday'], 'opens': '9:30', 'closes': '23:30'}]","{'@type': 'PostalAddress', 'addressLocality': 'Beaumont', 'addressRegion': 'TX', 'postalCode': '77705', 'addressCountry': 'US', 'streetAddress': '3950 Walden Rd'}","{'@type': 'GeoCoordinates', 'latitude': 30.0397609, 'longitude': -94.15801479999999}","{'@type': 'AggregateRating', 'ratingValue': 4.4, 'reviewCount': '27'}"
Krispy Krunchy Chicken (1585 Calder Avenue),https://www.ubereats.com/beaumont/food-delivery/krispy-krunchy-chicken-1585-calder-avenue/6Scw6COIQY29OaY8ETFi4A,beaumont,"['Comfort Food', 'Fried Chicken', 'Traditional American', 'Wings']",,,$,30.0856943,-94.11146199999999,+14097677020,77701,1585 Calder Avenue,Beaumont,TX,"[{'@type': 'OpeningHoursSpecification', 'dayOfWeek': ['Monday', 'Tuesday', 'Wednesday', 'Thursday', 'Friday'], 'opens': '5:0', 'closes': '13:15'}]","{'@type': 'PostalAddress', 'addressLocality': 'Beaumont', 'addressRegion': 'TX', 'postalCode': '77701', 'addressCountry': 'US', 'streetAddress': '1585 Calder Avenue'}","{'@type': 'GeoCoordinates', 'latitude': 30.0856943, 'longitude': -94.11146199999999}",{}
Pei Wei (3050 Dowlen Rd. Suite N),https://www.ubereats.com/beaumont/food-delivery/pei-wei-3050-dowlen-rd-suite-n/f4h_3y2wSxmXPP3HfakOLQ,beaumont,"['Chinese', 'Noodles']",,,$$,30.1073918,-94.167774,+14098660620,77706,3050 Dowlen Rd.,Beaumont,TX,"[{'@type': 'OpeningHoursSpecification', 'dayOfWeek': ['Sunday', 'Monday', 'Tuesday', 'Wednesday', 'Thursday'], 'opens': '11:0', 'closes': '20:0'}, {'@type': 'OpeningHoursSpecification', 'dayOfWeek': ['Friday', 'Saturday'], 'opens': '11:0', 'closes': '20:30'}]","{'@type': 'PostalAddress', 'addressLocality': 'Beaumont', 'addressRegion': 'TX', 'postalCode': '77706', 'addressCountry': 'US', 'streetAddress': '3050 Dowlen Rd.'}","{'@type': 'GeoCoordinates', 'latitude': 30.1073918, 'longitude': -94.167774}",{}
Hootie's Burger Bar (850 Interstate 10),https://www.ubereats.com/beaumont/food-delivery/hooties-burger-bar-850-interstate-10/vdBh3G6FRuqoUhlcDgznIQ,beaumont,"['American', 'Bar Food', 'burger']",,,$$,30.0697833,-94.1354051,+14098927464,77707,850 Interstate 10,Beaumont,TX,"[{'@type': 'OpeningHoursSpecification', 'dayOfWeek': 'Sunday', 'opens': '11:0', 'closes': '21:30'}, {'@type': 'OpeningHoursSpecification', 'dayOfWeek': ['Monday', 'Tuesday', 'Wednesday'], 'opens': '11:0', 'closes': '20:30'}, {'@type': 'OpeningHoursSpecification', 'dayOfWeek': ['Thursday', 'Friday', 'Saturday'], 'opens': '11:0', 'closes': '21:30'}]","{'@type': 'PostalAddress', 'addressLocality': 'Beaumont', 'addressRegion': 'TX', 'postalCode': '77707', 'addressCountry': 'US', 'streetAddress': '850 Interstate 10'}","{'@type': 'GeoCoordinates', 'latitude': 30.0697833, 'longitude': -94.1354051}",{}
Church's Chicken (3095 Calder Avenue),https://www.ubereats.com/beaumont/food-delivery/churchs-chicken-3095-calder-avenue/lSI3zNXaTCqpzVnYnzqVnA,beaumont,"['Fast Food', 'Chicken', 'American']",,,$,30.0852824,-94.13412149999999,+14098357281,77702,3095 Calder Avenue,Beaumont,TX,"[{'@type': 'OpeningHoursSpecification', 'dayOfWeek': ['Monday', 'Tuesday', 'Wednesday', 'Thursday', 'Friday', 'Saturday', 'Sunday'], 'opens': '10:0', 'closes': '16:0'}, {'@type': 'OpeningHoursSpecification', 'dayOfWeek': ['Monday', 'Tuesday', 'Wednesday', 'Thursday', 'Friday', 'Saturday', 'Sunday'], 'opens': '16:0', 'closes': '21:30'}]","{'@type': 'PostalAddress', 'addressLocality': 'Beaumont', 'addressRegion': 'TX', 'postalCode': '77702', 'addressCountry': 'US', 'streetAddress': '3095 Calder Avenue'}","{'@type': 'GeoCoordinates', 'latitude': 30.0852824, 'longitude': -94.13412149999999}",{}
Taco Bell (3725 College Street),https://www.ubereats.com/beaumont/food-delivery/taco-bell-3725-college-street/xn3ZspPYSQm6U-lo_n3IcQ,beaumont,"['Burritos', 'Fast Food', 'Mexican']",4.0,23,$,30.0678547,-94.1315063,+14098354402,77701,3725 College Street,Beaumont,TX,"[{'@type': 'OpeningHoursSpecification', 'dayOfWeek': 'Sunday', 'opens': '14:0', 'closes': '17:0'}, {'@type': 'OpeningHoursSpecification', 'dayOfWeek': 'Sunday', 'opens': '9:0', 'closes': '12:30'}, {'@type': 'OpeningHoursSpecification', 'dayOfWeek': ['Monday', 'Tuesday', 'Wednesday', 'Thursday', 'Friday', 'Saturday'], 'opens': '14:0', 'closes': '17:0'}, {'@type': 'OpeningHoursSpecification', 'dayOfWeek': ['Monday', 'Tuesday', 'Wednesday', 'Thursday', 'Friday', 'Saturday'], 'opens': '9:0', 'closes': '0:30'}]","{'@type': 'PostalAddress', 'addressLocality': 'Beaumont', 'addressRegion': 'TX', 'postalCode': '77701', 'addressCountry': 'US', 'streetAddress': '3725 College Street'}","{'@type': 'GeoCoordinates', 'latitude': 30.0678547, 'longitude': -94.1315063}","{'@type': 'AggregateRating', 'ratingValue': 4, 'reviewCount': '23'}"
Popeyes Louisiana Kitchen (1430 Washington Blvd),https://www.ubereats.com/beaumont/food-delivery/popeyes-louisiana-kitchen-1430-washington-blvd/cQ33xchPSfmqAAdhlVR1mw,beaumont,"['American', 'Seafood', 'Chicken']",4.3,24,$,30.0569034,-94.09907849999999,+14098333955,77705,1430 Washington Blvd,Beaumont,TX,"[{'@type': 'OpeningHoursSpecification', 'dayOfWeek': ['Monday', 'Tuesday', 'Wednesday', 'Thursday', 'Friday', 'Saturday', 'Sunday'], 'opens': '10:30', 'closes': '21:30'}]","{'@type': 'PostalAddress', 'addressLocality': 'Beaumont', 'addressRegion': 'TX', 'postalCode': '77705', 'addressCountry': 'US', 'streetAddress': '1430 Washington Blvd'}","{'@type': 'GeoCoordinates', 'latitude': 30.0569034, 'longitude': -94.09907849999999}","{'@type': 'AggregateRating', 'ratingValue': 4.3, 'reviewCount': '24'}"
Carlito's Mexican Restaurant,https://www.ubereats.com/beaumont/food-delivery/carlitos-mexican-restaurant/3EjONRtFSU-VX00gVhDh2w,beaumont,['Mexican'],,,$,30.068734,-94.112742,+14098398011,77701,890 Amarillo St,Beaumont,Texas,"[{'@type': 'OpeningHoursSpecification', 'dayOfWeek': ['Monday', 'Tuesday', 'Wednesday', 'Thursday', 'Friday'], 'opens': '8:0', 'closes': '20:0'}, {'@type': 'OpeningHoursSpecification', 'dayOfWeek': ['Monday', 'Tuesday', 'Wednesday', 'Thursday', 'Friday'], 'opens': '11:0', 'closes': '16:0'}, {'@type': 'OpeningHoursSpecification', 'dayOfWeek': 'Saturday', 'opens': '8:0', 'closes': '20:0'}]","{'@type': 'PostalAddress', 'addressLocality': 'Beaumont', 'addressRegion': 'Texas', 'postalCode': '77701', 'addressCountry': 'US', 'streetAddress': '890 Amarillo St'}","{'@type': 'GeoCoordinates', 'latitude': 30.068734, 'longitude': -94.112742}",{}
Carmela's Mexican Restaurant,https://www.ubereats.com/beaumont/food-delivery/carmelas-mexican-restaurant/1dxJhUgtSv6VQSHdfiu2YA,beaumont,['Mexican'],4.3,31,$$,30.085069,-94.144058,+14098984745,77706,3925 Calder Ave,Beaumont,Texas,"[{'@type': 'OpeningHoursSpecification', 'dayOfWeek': ['Monday', 'Tuesday', 'Wednesday', 'Thursday', 'Friday', 'Saturday'], 'opens': '7:30', 'closes': '21:0'}, {'@type': 'OpeningHoursSpecification', 'dayOfWeek': ['Monday', 'Tuesday', 'Wednesday', 'Thursday', 'Friday', 'Saturday'], 'opens': '7:30', 'closes': '15:0'}, {'@type': 'OpeningHoursSpecification', 'dayOfWeek': ['Monday', 'Tuesday', 'Wednesday', 'Thursday', 'Friday', 'Saturday'], 'opens': '15:0', 'closes': '21:0'}]","{'@type': 'PostalAddress', 'addressLocality': 'Beaumont', 'addressRegion': 'Texas', 'postalCode': '77706', 'addressCountry': 'US', 'streetAddress': '3925 Calder Ave'}","{'@type': 'GeoCoordinates', 'latitude': 30.085069, 'longitude': -94.144058}","{'@type': 'AggregateRating', 'ratingValue': 4.3, 'reviewCount': '31'}"
La Monarca Moreliana,https://www.ubereats.com/beaumont/food-delivery/la-monarca-moreliana/0MIdBwJjQgaIsU0z7wdm6Q,beaumont,"['Mexican', 'New Mexican', 'Desserts']",,,$,30.0711192,-94.1077679,+14093659793,77701,1720 College St,Beaumont,TX,"[{'@type': 'OpeningHoursSpecification', 'dayOfWeek': 'Sunday', 'opens': '11:0', 'closes': '20:0'}, {'@type': 'OpeningHoursSpecification', 'dayOfWeek': 'Sunday', 'opens': '9:0', 'closes': '20:0'}, {'@type': 'OpeningHoursSpecification', 'dayOfWeek': 'Sunday', 'opens': '11:0', 'closes': '20:0'}, {'@type': 'OpeningHoursSpecification', 'dayOfWeek': ['Monday', 'Tuesday', 'Wednesday', 'Thursday'], 'opens': '11:0', 'closes': '20:0'}, {'@type': 'OpeningHoursSpecification', 'dayOfWeek': 'Friday', 'opens': '11:0', 'closes': '23:0'}, {'@type': 'OpeningHoursSpecification', 'dayOfWeek': 'Saturday', 'opens': '11:0', 'closes': '23:0'}, {'@type': 'OpeningHoursSpecification', 'dayOfWeek': 'Saturday', 'opens': '11:0', 'closes': '20:0'}]","{'@type': 'PostalAddress', 'addressLocality': 'Beaumont', 'addressRegion': 'TX', 'postalCode': '77701', 'addressCountry': 'US', 'streetAddress': '1720 College St'}","{'@type': 'GeoCoordinates', 'latitude': 30.0711192, 'longitude': -94.1077679}",{}
Will T's Seafood,https://www.ubereats.com/beaumont/food-delivery/will-ts-seafood/tuQWGmg4SeuaJJdnBLKcfg,beaumont,"['Seafood', 'Burgers', 'Wings']",,,$$,30.035221,-94.085478,+14098389980,77705,517 W Florida St,Beaumont,TX,"[{'@type': 'OpeningHoursSpecification', 'dayOfWeek': ['Monday', 'Tuesday', 'Wednesday', 'Thursday'], 'opens': '10:30', 'closes': '20:30'}, {'@type': 'OpeningHoursSpecification', 'dayOfWeek': 'Friday', 'opens': '10:30', 'closes': '21:0'}, {'@type': 'OpeningHoursSpecification', 'dayOfWeek': 'Saturday', 'opens': '11:0', 'closes': '21:0'}]","{'@type': 'PostalAddress', 'addressLocality': 'Beaumont', 'addressRegion': 'TX', 'postalCode': '77705', 'addressCountry': 'US', 'streetAddress': '517 W Florida St'}","{'@type': 'GeoCoordinates', 'latitude': 30.035221, 'longitude': -94.085478}",{}
Jack in the Box (590 Washington Blvd),https://www.ubereats.com/beaumont/food-delivery/jack-in-the-box-590-washington-blvd/y3cJAHYQTPCesW7tDn7BXw,beaumont,"['American', 'burger', 'Fast Food']",4.3,11,$,30.05868269999999,-94.08747489999999,+14098324855,77705,590 Washington Blvd,Beaumont,TX,"[{'@type': 'OpeningHoursSpecification', 'dayOfWeek': ['Monday', 'Tuesday', 'Wednesday', 'Thursday', 'Friday', 'Saturday', 'Sunday'], 'opens': '0:0', 'closes': '23:59'}]","{'@type': 'PostalAddress', 'addressLocality': 'Beaumont', 'addressRegion': 'TX', 'postalCode': '77705', 'addressCountry': 'US', 'streetAddress': '590 Washington Blvd'}","{'@type': 'GeoCoordinates', 'latitude': 30.05868269999999, 'longitude': -94.08747489999999}","{'@type': 'AggregateRating', 'ratingValue': 4.3, 'reviewCount': '11'}"
Happy Donut,https://www.ubereats.com/beaumont/food-delivery/happy-donut/JR7l4eXSRJCBamHmBKyMmw,beaumont,['Bakery'],,,$,30.104816,-94.143874,+14098999899,77706,3930 Delaware St,Beaumont,Texas,"[{'@type': 'OpeningHoursSpecification', 'dayOfWeek': ['Monday', 'Tuesday', 'Wednesday', 'Thursday', 'Friday', 'Saturday', 'Sunday'], 'opens': '4:0', 'closes': '13:0'}]","{'@type': 'PostalAddress', 'addressLocality': 'Beaumont', 'addressRegion': 'Texas', 'postalCode': '77706', 'addressCountry': 'US', 'streetAddress': '3930 Delaware St'}","{'@type': 'GeoCoordinates', 'latitude': 30.104816, 'longitude': -94.143874}",{}
Chuck E. Cheese (4180 Dowlen Rd),https://www.ubereats.com/beaumont/food-delivery/chuck-e-cheese-4180-dowlen-rd/likXL-FsTV6ZahiKq20k3Q,beaumont,['Pizza'],,,$,30.121348,-94.16423999999999,+14093471274,77706,4180 N. Dowlen Road,Beaumont,TX,"[{'@type': 'OpeningHoursSpecification', 'dayOfWeek': ['Monday', 'Tuesday', 'Wednesday', 'Thursday', 'Friday', 'Saturday', 'Sunday'], 'opens': '11:0', 'closes': '21:0'}]","{'@type': 'PostalAddress', 'addressLocality': 'Beaumont', 'addressRegion': 'TX', 'postalCode': '77706', 'addressCountry': 'US', 'streetAddress': '4180 N. Dowlen Road'}","{'@type': 'GeoCoordinates', 'latitude': 30.121348, 'longitude': -94.16423999999999}",{}
Pappy's CREOLE KITCHEN and CATERING,https://www.ubereats.com/beaumont/food-delivery/pappys-creole-kitchen-and-catering/zXRAkU1aRVW9C3elngXFkw,beaumont,"['Comfort Food', 'Caribbean', 'Cajun']",,,$,30.0813022,-94.0979539,+14094347347,77701,672 Orleans St,Beaumont,TX,"[{'@type': 'OpeningHoursSpecification', 'dayOfWeek': 'Sunday', 'opens': '11:0', 'closes': '16:0'}, {'@type': 'OpeningHoursSpecification', 'dayOfWeek': 'Monday', 'opens': '10:30', 'closes': '17:0'}, {'@type': 'OpeningHoursSpecification', 'dayOfWeek': 'Tuesday', 'opens': '10:30', 'closes': '17:0'}, {'@type': 'OpeningHoursSpecification', 'dayOfWeek': 'Tuesday', 'opens': '10:30', 'closes': '17:0'}, {'@type': 'OpeningHoursSpecification', 'dayOfWeek': 'Wednesday', 'opens': '10:30', 'closes': '17:0'}, {'@type': 'OpeningHoursSpecification', 'dayOfWeek': 'Wednesday', 'opens': '10:30', 'closes': '17:0'}, {'@type': 'OpeningHoursSpecification', 'dayOfWeek': 'Thursday', 'opens': '10:30', 'closes': '17:0'}, {'@type': 'OpeningHoursSpecification', 'dayOfWeek': 'Thursday', 'opens': '10:30', 'closes': '17:0'}, {'@type': 'OpeningHoursSpecification', 'dayOfWeek': 'Friday', 'opens': '10:30', 'closes': '17:0'}, {'@type': 'OpeningHoursSpecification', 'dayOfWeek': 'Friday', 'opens': '10:30', 'closes': '17:0'}, {'@type': 'OpeningHoursSpecification', 'dayOfWeek': 'Saturday', 'opens': '11:0', 'closes': '16:0'}]","{'@type': 'PostalAddress', 'addressLocality': 'Beaumont', 'addressRegion': 'TX', 'postalCode': '77701', 'addressCountry': 'US', 'streetAddress': '672 Orleans St'}","{'@type': 'GeoCoordinates', 'latitude': 30.0813022, 'longitude': -94.0979539}",{}
IHOP (3830 College St),https://www.ubereats.com/beaumont/food-delivery/ihop-3830-college-st/WVzjSgpST6GM6am0i6pCTg,beaumont,"['American', 'Breakfast and Brunch', 'burger', 'Comfort Food', 'Dinner', 'Omelette', 'salad', 'Traditional American']",4.2,48,$,30.0687702,-94.1332051,+14098335510,77701,3830 College St,BEAUMONT,TX,"[{'@type': 'OpeningHoursSpecification', 'dayOfWeek': ['Sunday', 'Monday', 'Tuesday', 'Wednesday', 'Thursday'], 'opens': '6:0', 'closes': '21:50'}, {'@type': 'OpeningHoursSpecification', 'dayOfWeek': ['Friday', 'Saturday'], 'opens': '6:0', 'closes': '23:49'}]","{'@type': 'PostalAddress', 'addressLocality': 'BEAUMONT', 'addressRegion': 'TX', 'postalCode': '77701', 'addressCountry': 'US', 'streetAddress': '3830 College St'}","{'@type': 'GeoCoordinates', 'latitude': 30.0687702, 'longitude': -94.1332051}","{'@type': 'AggregateRating', 'ratingValue': 4.2, 'reviewCount': '48'}"
Dunkin' (920 N. 11th St),https://www.ubereats.com/beaumont/food-delivery/dunkin-920-n-11th-st/lsWUzgttT3ik3rHCXFRPrQ,beaumont,"['Breakfast & Brunch', 'Donuts']",,,$,30.08987939999999,-94.12952759999999,+14098332104,77702,920 N. 11th St,Beaumont,TX,"[{'@type': 'OpeningHoursSpecification', 'dayOfWeek': ['Monday', 'Tuesday', 'Wednesday', 'Thursday', 'Friday', 'Saturday', 'Sunday'], 'opens': '0:1', 'closes': '23:59'}]","{'@type': 'PostalAddress', 'addressLocality': 'Beaumont', 'addressRegion': 'TX', 'postalCode': '77702', 'addressCountry': 'US', 'streetAddress': '920 N. 11th St'}","{'@type': 'GeoCoordinates', 'latitude': 30.08987939999999, 'longitude': -94.12952759999999}",{}
Frankies italian grill,https://www.ubereats.com/beaumont/food-delivery/frankies-italian-grill/HJ0pg_3fQRu3_AW03MBfkA,beaumont,"['Italian', 'Pasta', 'Comfort Food']",,,$,30.0805907,-94.13670139999999,+13253202311,77707,105 I-10,Beaumont,TX,"[{'@type': 'OpeningHoursSpecification', 'dayOfWeek': 'Sunday', 'opens': '11:0', 'closes': '20:30'}, {'@type': 'OpeningHoursSpecification', 'dayOfWeek': ['Tuesday', 'Wednesday', 'Thursday', 'Friday', 'Saturday'], 'opens': '11:0', 'closes': '21:30'}]","{'@type': 'PostalAddress', 'addressLocality': 'Beaumont', 'addressRegion': 'TX', 'postalCode': '77707', 'addressCountry': 'US', 'streetAddress': '105 I-10'}","{'@type': 'GeoCoordinates', 'latitude': 30.0805907, 'longitude': -94.13670139999999}",{}
"McAlister's Deli - 526 - Beaumont, TX (1260)",https://www.ubereats.com/beaumont/food-delivery/mcalisters-deli-526-beaumont-tx-1260/blrOLQRXRvCteuwurXCsfg,beaumont,"['Sandwich', 'Salads', 'American']",4.6,31,$,30.1073918,-94.167774,+14098613354,77706,3050 Dowlen Road,Beaumont,TX,"[{'@type': 'OpeningHoursSpecification', 'dayOfWeek': ['Monday', 'Tuesday', 'Wednesday', 'Thursday', 'Friday', 'Saturday', 'Sunday'], 'opens': '10:0', 'closes': '21:40'}]","{'@type': 'PostalAddress', 'addressLocality': 'Beaumont', 'addressRegion': 'TX', 'postalCode': '77706', 'addressCountry': 'US', 'streetAddress': '3050 Dowlen Road'}","{'@type': 'GeoCoordinates', 'latitude': 30.1073918, 'longitude': -94.167774}","{'@type': 'AggregateRating', 'ratingValue': 4.6, 'reviewCount': '31'}"
J & J Wings & Seafood,https://www.ubereats.com/beaumont/food-delivery/j-%26-j-wings-%26-seafood/XYIpajs4RnWhmbr_hEhIlg,beaumont,['Seafood'],,,$,30.067235,-94.172798,+14093635423,77707,6855 College St,Beaumont,TX,"[{'@type': 'OpeningHoursSpecification', 'dayOfWeek': 'Sunday', 'opens': '10:0', 'closes': '18:30'}, {'@type': 'OpeningHoursSpecification', 'dayOfWeek': ['Monday', 'Tuesday', 'Wednesday', 'Thursday'], 'opens': '10:0', 'closes': '7:45'}, {'@type': 'OpeningHoursSpecification', 'dayOfWeek': 'Friday', 'opens': '10:0', 'closes': '20:30'}, {'@type': 'OpeningHoursSpecification', 'dayOfWeek': 'Saturday', 'opens': '10:0', 'closes': '7:45'}]","{'@type': 'PostalAddress', 'addressLocality': 'Beaumont', 'addressRegion': 'TX', 'postalCode': '77707', 'addressCountry': 'US', 'streetAddress': '6855 College St'}","{'@type': 'GeoCoordinates', 'latitude': 30.067235, 'longitude': -94.172798}",{}
Twin Peaks (3805 Interstate 10 Access Rd),https://www.ubereats.com/beaumont/food-delivery/twin-peaks-3805-interstate-10-access-rd/U6Wu7a-ZTR6AOUTsJ4YEOg,beaumont,"['Burgers', 'American', 'Sandwiches', 'Wings']",,,$$,30.0416718,-94.1521683,+14097307393,77707,3805 Interstate 10 Access Rd,Beaumont,TX,"[{'@type': 'OpeningHoursSpecification', 'dayOfWeek': ['Sunday', 'Monday', 'Tuesday', 'Wednesday', 'Thursday'], 'opens': '11:0', 'closes': '22:30'}, {'@type': 'OpeningHoursSpecification', 'dayOfWeek': ['Friday', 'Saturday'], 'opens': '11:0', 'closes': '23:30'}]","{'@type': 'PostalAddress', 'addressLocality': 'Beaumont', 'addressRegion': 'TX', 'postalCode': '77707', 'addressCountry': 'US', 'streetAddress': '3805 Interstate 10 Access Rd'}","{'@type': 'GeoCoordinates', 'latitude': 30.0416718, 'longitude': -94.1521683}",{}
Wendy's  (4590 Dowlen Road),https://www.ubereats.com/beaumont/food-delivery/wendys-4590-dowlen-road/_fdCh_-GRJmD18mnwxW3uw,beaumont,"['American', 'Burgers', 'Fast Food']",,,$,30.1247488,-94.1558153,+14096009178,77706,4590 Dowlen Road,Beaumont,TX,"[{'@type': 'OpeningHoursSpecification', 'dayOfWeek': ['Monday', 'Tuesday', 'Wednesday', 'Thursday', 'Friday', 'Saturday', 'Sunday'], 'opens': '10:30', 'closes': '23:30'}, {'@type': 'OpeningHoursSpecification', 'dayOfWeek': ['Monday', 'Tuesday', 'Wednesday', 'Thursday', 'Friday', 'Saturday', 'Sunday'], 'opens': '6:30', 'closes': '10:0'}]","{'@type': 'PostalAddress', 'addressLocality': 'Beaumont', 'addressRegion': 'TX', 'postalCode': '77706', 'addressCountry': 'US', 'streetAddress': '4590 Dowlen Road'}","{'@type': 'GeoCoordinates', 'latitude': 30.1247488, 'longitude': -94.1558153}",{}
Wendy's  (735 S. 11Th Street),https://www.ubereats.com/beaumont/food-delivery/wendys-735-s-11th-street/H6bZzMEdQNCFoPGI4CF8yg,beaumont,"['American', 'Burgers', 'Fast Food']",,,$,30.0712845,-94.1291679,+14096009185,77701,735 S. 11Th Street,Beaumont,TX,"[{'@type': 'OpeningHoursSpecification', 'dayOfWeek': ['Monday', 'Tuesday', 'Wednesday', 'Thursday', 'Friday', 'Saturday', 'Sunday'], 'opens': '10:30', 'closes': '23:30'}, {'@type': 'OpeningHoursSpecification', 'dayOfWeek': ['Monday', 'Tuesday', 'Wednesday', 'Thursday', 'Friday', 'Saturday', 'Sunday'], 'opens': '6:30', 'closes': '10:0'}]","{'@type': 'PostalAddress', 'addressLocality': 'Beaumont', 'addressRegion': 'TX', 'postalCode': '77701', 'addressCountry': 'US', 'streetAddress': '735 S. 11Th Street'}","{'@type': 'GeoCoordinates', 'latitude': 30.0712845, 'longitude': -94.1291679}",{}
KFC (8090 College Street),https://www.ubereats.com/beaumont/food-delivery/kfc-8090-college-street/3vhR6Uc7QhuiUeqdqsKOtQ,beaumont,"['Fried Chicken', 'Traditional American', 'Comfort Food', 'Dinner']",,,$,30.067834,-94.186457,+14098664321,77707,8090 College Street,Beaumont,TX,"[{'@type': 'OpeningHoursSpecification', 'dayOfWeek': ['Sunday', 'Monday', 'Tuesday'], 'opens': '10:30', 'closes': '22:30'}, {'@type': 'OpeningHoursSpecification', 'dayOfWeek': 'Wednesday', 'opens': '10:0', 'closes': '22:30'}, {'@type': 'OpeningHoursSpecification', 'dayOfWeek': ['Thursday', 'Friday', 'Saturday'], 'opens': '10:30', 'closes': '22:30'}]","{'@type': 'PostalAddress', 'addressLocality': 'Beaumont', 'addressRegion': 'TX', 'postalCode': '77707', 'addressCountry': 'US', 'streetAddress': '8090 College Street'}","{'@type': 'GeoCoordinates', 'latitude': 30.067834, 'longitude': -94.186457}",{}
"Burger King (6135 Eastex Freeway, #2)",https://www.ubereats.com/beaumont/food-delivery/burger-king-6135-eastex-freeway-%232/svPkdz8URBWMmspOkWDOBA,beaumont,"['American', 'burger', 'Fast Food']",3.8,13,$,30.1266277,-94.1583548,+14099247200,77706,6135 Eastex Freeway #2,Beaumont,TX,"[{'@type': 'OpeningHoursSpecification', 'dayOfWeek': 'Sunday', 'opens': '6:30', 'closes': '10:29'}, {'@type': 'OpeningHoursSpecification', 'dayOfWeek': 'Sunday', 'opens': '10:30', 'closes': '23:59'}, {'@type': 'OpeningHoursSpecification', 'dayOfWeek': 'Sunday', 'opens': '0:0', 'closes': '4:30'}, {'@type': 'OpeningHoursSpecification', 'dayOfWeek': ['Monday', 'Tuesday', 'Wednesday', 'Thursday', 'Friday', 'Saturday'], 'opens': '6:30', 'closes': '10:29'}, {'@type': 'OpeningHoursSpecification', 'dayOfWeek': ['Monday', 'Tuesday', 'Wednesday', 'Thursday', 'Friday', 'Saturday'], 'opens': '0:0', 'closes': '4:30'}, {'@type': 'OpeningHoursSpecification', 'dayOfWeek': ['Monday', 'Tuesday', 'Wednesday', 'Thursday', 'Friday', 'Saturday'], 'opens': '10:30', 'closes': '23:59'}]","{'@type': 'PostalAddress', 'addressLocality': 'Beaumont', 'addressRegion': 'TX', 'postalCode': '77706', 'addressCountry': 'US', 'streetAddress': '6135 Eastex Freeway #2'}","{'@type': 'GeoCoordinates', 'latitude': 30.1266277, 'longitude': -94.1583548}","{'@type': 'AggregateRating', 'ratingValue': 3.8, 'reviewCount': '13'}"
La Cantina Mexican Grill (Beaumont),https://www.ubereats.com/beaumont/food-delivery/la-cantina-mexican-grill-beaumont/wj53pkSbRRWMnyr0qgfIgA,beaumont,"['Mexican', 'Latin American', 'New Mexican']",4.3,19,$,30.1240005,-94.1566951,+14098999393,77706,4555 Dowlen Rd,Beaumont,TX,"[{'@type': 'OpeningHoursSpecification', 'dayOfWeek': ['Sunday', 'Monday', 'Tuesday', 'Wednesday', 'Thursday'], 'opens': '11:0', 'closes': '21:0'}, {'@type': 'OpeningHoursSpecification', 'dayOfWeek': ['Sunday', 'Monday', 'Tuesday', 'Wednesday', 'Thursday'], 'opens': '11:0', 'closes': '15:0'}, {'@type': 'OpeningHoursSpecification', 'dayOfWeek': ['Friday', 'Saturday'], 'opens': '11:0', 'closes': '21:0'}, {'@type': 'OpeningHoursSpecification', 'dayOfWeek': ['Friday', 'Saturday'], 'opens': '11:0', 'closes': '22:30'}, {'@type': 'OpeningHoursSpecification', 'dayOfWeek': ['Friday', 'Saturday'], 'opens': '11:0', 'closes': '15:0'}]","{'@type': 'PostalAddress', 'addressLocality': 'Beaumont', 'addressRegion': 'TX', 'postalCode': '77706', 'addressCountry': 'US', 'streetAddress': '4555 Dowlen Rd'}","{'@type': 'GeoCoordinates', 'latitude': 30.1240005, 'longitude': -94.1566951}","{'@type': 'AggregateRating', 'ratingValue': 4.3, 'reviewCount': '19'}"
Subway (1125 S 11Th St),https://www.ubereats.com/beaumont/food-delivery/subway-1125-s-11th-st/Q9DdMA0yR7qJgLZK_K7_zQ,beaumont,"['Fast Food', 'Sandwich', 'American']",,,$,30.0657198,-94.1289939,+14098328251,77701,1125 S 11Th St,Beaumont,TX,"[{'@type': 'OpeningHoursSpecification', 'dayOfWeek': 'Sunday', 'opens': '9:0', 'closes': '20:0'}, {'@type': 'OpeningHoursSpecification', 'dayOfWeek': ['Monday', 'Tuesday', 'Wednesday', 'Thursday', 'Friday'], 'opens': '7:0', 'closes': '21:0'}, {'@type': 'OpeningHoursSpecification', 'dayOfWeek': 'Saturday', 'opens': '8:0', 'closes': '21:0'}]","{'@type': 'PostalAddress', 'addressLocality': 'Beaumont', 'addressRegion': 'TX', 'postalCode': '77701', 'addressCountry': 'US', 'streetAddress': '1125 S 11Th St'}","{'@type': 'GeoCoordinates', 'latitude': 30.0657198, 'longitude': -94.1289939}",{}
Dairy Queen -   (3995 Phelan Blvd),https://www.ubereats.com/beaumont/food-delivery/dairy-queen-3995-phelan-blvd/wAvMAQbqStCEKNehqk1hBQ,beaumont,"['American', 'Fast Food', 'Ice Cream and Frozen Yogurt', 'Burgers']",4.1,34,$,30.084,-94.1453386,+14098355025,77707,3995 Phelan Blvd,Beaumont,TX,"[{'@type': 'OpeningHoursSpecification', 'dayOfWeek': ['Monday', 'Tuesday', 'Wednesday', 'Thursday', 'Friday', 'Saturday'], 'opens': '11:0', 'closes': '21:30'}]","{'@type': 'PostalAddress', 'addressLocality': 'Beaumont', 'addressRegion': 'TX', 'postalCode': '77707', 'addressCountry': 'US', 'streetAddress': '3995 Phelan Blvd'}","{'@type': 'GeoCoordinates', 'latitude': 30.084, 'longitude': -94.1453386}","{'@type': 'AggregateRating', 'ratingValue': 4.1, 'reviewCount': '34'}"
Chipotle Mexican Grill (3905 Dowlen Rd),https://www.ubereats.com/beaumont/food-delivery/chipotle-mexican-grill-3905-dowlen-rd/9y97fou8TnGtjuM1WZsfOg,beaumont,"['Healthy', 'Mexican']",4.3,50,$,30.11538089999999,-94.1691862,+14099240016,77706,3905 Dowlen Rd,Beaumont,TX,"[{'@type': 'OpeningHoursSpecification', 'dayOfWeek': ['Monday', 'Tuesday', 'Wednesday', 'Thursday', 'Friday', 'Saturday', 'Sunday'], 'opens': '10:45', 'closes': '21:40'}]","{'@type': 'PostalAddress', 'addressLocality': 'Beaumont', 'addressRegion': 'TX', 'postalCode': '77706', 'addressCountry': 'US', 'streetAddress': '3905 Dowlen Rd'}","{'@type': 'GeoCoordinates', 'latitude': 30.11538089999999, 'longitude': -94.1691862}","{'@type': 'AggregateRating', 'ratingValue': 4.3, 'reviewCount': '50'}"
Jack in the Box (680 N 11th St),https://www.ubereats.com/beaumont/food-delivery/jack-in-the-box-680-n-11th-st/bEfk2zYYTxadA7OZO1k5Vg,beaumont,"['American', 'burger', 'Fast Food']",3.4,14,$,30.0873129,-94.1294877,+14098326900,77702,680 N 11th St,Beaumont,TX,"[{'@type': 'OpeningHoursSpecification', 'dayOfWeek': ['Monday', 'Tuesday', 'Wednesday', 'Thursday', 'Friday', 'Saturday', 'Sunday'], 'opens': '0:0', 'closes': '23:59'}]","{'@type': 'PostalAddress', 'addressLocality': 'Beaumont', 'addressRegion': 'TX', 'postalCode': '77702', 'addressCountry': 'US', 'streetAddress': '680 N 11th St'}","{'@type': 'GeoCoordinates', 'latitude': 30.0873129, 'longitude': -94.1294877}","{'@type': 'AggregateRating', 'ratingValue': 3.4, 'reviewCount': '14'}"
Black Bear Diner (5405 Walden Road),https://www.ubereats.com/beaumont/food-delivery/black-bear-diner-5405-walden-road/wSjvrSuJS1S02UJjgLAIEA,beaumont,"['American', 'Burgers', 'Comfort Food', 'Chicken', 'Sandwich', 'Breakfast and Brunch', 'Salads', 'Diner', 'Kids Friendly']",4.2,42,$$,30.0370737,-94.1560552,+14098429606,77705,5405 Walden Road,Beaumont,TX,"[{'@type': 'OpeningHoursSpecification', 'dayOfWeek': ['Monday', 'Tuesday', 'Wednesday', 'Thursday', 'Friday', 'Saturday', 'Sunday'], 'opens': '6:0', 'closes': '20:0'}]","{'@type': 'PostalAddress', 'addressLocality': 'Beaumont', 'addressRegion': 'TX', 'postalCode': '77705', 'addressCountry': 'US', 'streetAddress': '5405 Walden Road'}","{'@type': 'GeoCoordinates', 'latitude': 30.0370737, 'longitude': -94.1560552}","{'@type': 'AggregateRating', 'ratingValue': 4.2, 'reviewCount': '42'}"
Jack in the Box (3885 Interstate 10 S),https://www.ubereats.com/beaumont/food-delivery/jack-in-the-box-3885-interstate-10-s/gXqlayVrSOqD5-fZpISbbg,beaumont,"['American', 'burger', 'Fast Food']",,,$,30.038456614884492,-94.15529949850591,+14098423882,,,,,"[{'@type': 'OpeningHoursSpecification', 'dayOfWeek': ['Monday', 'Tuesday', 'Wednesday', 'Thursday', 'Friday', 'Saturday', 'Sunday'], 'opens': '6:0', 'closes': '22:0'}]",,"{'@type': 'GeoCoordinates', 'latitude': 30.038456614884492, 'longitude': -94.15529949850591}",{}
Burger King (6425 Phelan Boulevard),https://www.ubereats.com/beaumont/food-delivery/burger-king-6425-phelan-boulevard/0ouiNZOATkW4V5STt3JQzQ,beaumont,"['American', 'Fast Food', 'Burgers']",3.6,13,$,30.0774318,-94.1695053,+14098601600,77706,6425 Phelan Boulevard,Beaumont,TX,"[{'@type': 'OpeningHoursSpecification', 'dayOfWeek': ['Monday', 'Tuesday', 'Wednesday', 'Thursday', 'Friday', 'Saturday', 'Sunday'], 'opens': '7:30', 'closes': '10:29'}, {'@type': 'OpeningHoursSpecification', 'dayOfWeek': ['Monday', 'Tuesday', 'Wednesday', 'Thursday', 'Friday', 'Saturday', 'Sunday'], 'opens': '10:30', 'closes': '23:30'}]","{'@type': 'PostalAddress', 'addressLocality': 'Beaumont', 'addressRegion': 'TX', 'postalCode': '77706', 'addressCountry': 'US', 'streetAddress': '6425 Phelan Boulevard'}","{'@type': 'GeoCoordinates', 'latitude': 30.0774318, 'longitude': -94.1695053}","{'@type': 'AggregateRating', 'ratingValue': 3.6, 'reviewCount': '13'}"
McDonald's® (190 N I 10),https://www.ubereats.com/beaumont/food-delivery/mcdonalds-190-n-i-10/YubteHOpQ2SIx3tbtQmK1g,beaumont,"['American', 'Burgers', 'Fast Food']",4.4,26,$,30.082046999999996,-94.13495400000001,+14098353183,,,,,"[{'@type': 'OpeningHoursSpecification', 'dayOfWeek': ['Monday', 'Tuesday', 'Wednesday', 'Thursday', 'Friday', 'Saturday', 'Sunday'], 'opens': '4:0', 'closes': '10:29'}, {'@type': 'OpeningHoursSpecification', 'dayOfWeek': ['Monday', 'Tuesday', 'Wednesday', 'Thursday', 'Friday', 'Saturday', 'Sunday'], 'opens': '10:30', 'closes': '16:59'}, {'@type': 'OpeningHoursSpecification', 'dayOfWeek': ['Monday', 'Tuesday', 'Wednesday', 'Thursday', 'Friday', 'Saturday', 'Sunday'], 'opens': '17:0', 'closes': '3:59'}]",,"{'@type': 'GeoCoordinates', 'latitude': 30.082046999999996, 'longitude': -94.13495400000001}","{'@type': 'AggregateRating', 'ratingValue': 4.4, 'reviewCount': '26'}"
This Fit Fuel,https://www.ubereats.com/beaumont/food-delivery/this-fit-fuel/VvN8pyxsR-6ELpSN2-Fwmw,beaumont,['Juice and Smoothies'],,,$,30.084208,-94.101216,+14092730607,77701,730 Liberty Ave,Beaumont,Texas,"[{'@type': 'OpeningHoursSpecification', 'dayOfWeek': ['Monday', 'Tuesday', 'Wednesday', 'Thursday'], 'opens': '10:30', 'closes': '18:30'}, {'@type': 'OpeningHoursSpecification', 'dayOfWeek': 'Friday', 'opens': '10:30', 'closes': '16:0'}, {'@type': 'OpeningHoursSpecification', 'dayOfWeek': 'Saturday', 'opens': '10:0', 'closes': '14:0'}]","{'@type': 'PostalAddress', 'addressLocality': 'Beaumont', 'addressRegion': 'Texas', 'postalCode': '77701', 'addressCountry': 'US', 'streetAddress': '730 Liberty Ave'}","{'@type': 'GeoCoordinates', 'latitude': 30.084208, 'longitude': -94.101216}",{}
Golden Corral (2190 Ih 10 South),https://www.ubereats.com/beaumont/food-delivery/golden-corral-2190-ih-10-south/dM2CPxWiQFK2VFCNSsj0EA,beaumont,"['American', 'Seafood', 'Pizza', 'Desserts']",,,$,30.0566977,-94.1395814,+14098422441,77707,2190 Interstate 10 S,Beaumont,TX,"[{'@type': 'OpeningHoursSpecification', 'dayOfWeek': 'Sunday', 'opens': '9:30', 'closes': '19:45'}, {'@type': 'OpeningHoursSpecification', 'dayOfWeek': ['Monday', 'Tuesday', 'Wednesday', 'Thursday', 'Friday'], 'opens': '10:0', 'closes': '19:45'}, {'@type': 'OpeningHoursSpecification', 'dayOfWeek': 'Saturday', 'opens': '9:30', 'closes': '20:30'}]","{'@type': 'PostalAddress', 'addressLocality': 'Beaumont', 'addressRegion': 'TX', 'postalCode': '77707', 'addressCountry': 'US', 'streetAddress': '2190 Interstate 10 S'}","{'@type': 'GeoCoordinates', 'latitude': 30.0566977, 'longitude': -94.1395814}",{}
Casa Ole (5898 Eastex Fwy),https://www.ubereats.com/beaumont/food-delivery/casa-ole-5898-eastex-fwy/PbURwnNVR3ySvbAnk9p64w,beaumont,"['Mexican', 'Latin American', 'New Mexican']",,,$,30.1268255,-94.15565529999999,+14098992646,77708,5898 Eastex Fwy,Beaumont,TX,"[{'@type': 'OpeningHoursSpecification', 'dayOfWeek': ['Sunday', 'Monday', 'Tuesday', 'Wednesday', 'Thursday'], 'opens': '11:0', 'closes': '21:0'}, {'@type': 'OpeningHoursSpecification', 'dayOfWeek': ['Friday', 'Saturday'], 'opens': '11:0', 'closes': '22:0'}]","{'@type': 'PostalAddress', 'addressLocality': 'Beaumont', 'addressRegion': 'TX', 'postalCode': '77708', 'addressCountry': 'US', 'streetAddress': '5898 Eastex Fwy'}","{'@type': 'GeoCoordinates', 'latitude': 30.1268255, 'longitude': -94.15565529999999}",{}
Krispy Krunchy Chicken (6290 Highway 347),https://www.ubereats.com/beaumont/food-delivery/krispy-krunchy-chicken-6290-highway-347/stG_pn3gTYOoyTYLzCtCuQ,beaumont,"['Comfort Food', 'Fried Chicken', 'Traditional American']",,,$,30.02224259999999,-94.0510656,+14098394000,77705,6290 Highway 347,Beaumont,TX,"[{'@type': 'OpeningHoursSpecification', 'dayOfWeek': ['Monday', 'Tuesday', 'Wednesday', 'Thursday', 'Friday', 'Saturday', 'Sunday'], 'opens': '5:0', 'closes': '22:0'}]","{'@type': 'PostalAddress', 'addressLocality': 'Beaumont', 'addressRegion': 'TX', 'postalCode': '77705', 'addressCountry': 'US', 'streetAddress': '6290 Highway 347'}","{'@type': 'GeoCoordinates', 'latitude': 30.02224259999999, 'longitude': -94.0510656}",{}
"Burgerim (6155 Eastex Fwy, 667)",https://www.ubereats.com/beaumont/food-delivery/burgerim-6155-eastex-fwy-667/BzYMzPxhTXGOlABiUJz1Ng,beaumont,"['Burgers', 'Chicken', 'Wings']",,,$$,30.125736,-94.16164599999999,+14099048400,77706,"6155 Eastex Fwy, 667",Beaumont,TX,"[{'@type': 'OpeningHoursSpecification', 'dayOfWeek': 'Sunday', 'opens': '13:0', 'closes': '16:30'}, {'@type': 'OpeningHoursSpecification', 'dayOfWeek': ['Monday', 'Tuesday', 'Wednesday', 'Thursday', 'Friday', 'Saturday'], 'opens': '11:0', 'closes': '17:0'}]","{'@type': 'PostalAddress', 'addressLocality': 'Beaumont', 'addressRegion': 'TX', 'postalCode': '77706', 'addressCountry': 'US', 'streetAddress': '6155 Eastex Fwy, 667'}","{'@type': 'GeoCoordinates', 'latitude': 30.125736, 'longitude': -94.16164599999999}",{}
Burger King (2440 I-10 Frontage Road),https://www.ubereats.com/beaumont/food-delivery/burger-king-2440-i-10-frontage-road/0vOnlAtAQfKUdbqdNwK-XQ,beaumont,"['American', 'burger', 'Fast Food']",3.7,13,$,30.09642500000001,-94.12438999999999,+14098981695,77703,2440 I-10 Frontage Road,Beaumont,TX,"[{'@type': 'OpeningHoursSpecification', 'dayOfWeek': ['Monday', 'Tuesday', 'Wednesday', 'Thursday', 'Friday', 'Saturday', 'Sunday'], 'opens': '7:30', 'closes': '10:29'}, {'@type': 'OpeningHoursSpecification', 'dayOfWeek': ['Monday', 'Tuesday', 'Wednesday', 'Thursday', 'Friday', 'Saturday', 'Sunday'], 'opens': '10:30', 'closes': '23:30'}]","{'@type': 'PostalAddress', 'addressLocality': 'Beaumont', 'addressRegion': 'TX', 'postalCode': '77703', 'addressCountry': 'US', 'streetAddress': '2440 I-10 Frontage Road'}","{'@type': 'GeoCoordinates', 'latitude': 30.09642500000001, 'longitude': -94.12438999999999}","{'@type': 'AggregateRating', 'ratingValue': 3.7, 'reviewCount': '13'}"
Subway (6120 College St),https://www.ubereats.com/beaumont/food-delivery/subway-6120-college-st/LNsoAQ_rTkGg8SKH2SFc6Q,beaumont,"['Fast Food', 'Sandwich', 'American']",,,$,30.0682604,-94.1644541,+14098428141,77707,6120 College St,Beaumont,TX,"[{'@type': 'OpeningHoursSpecification', 'dayOfWeek': 'Sunday', 'opens': '10:0', 'closes': '19:30'}, {'@type': 'OpeningHoursSpecification', 'dayOfWeek': ['Monday', 'Tuesday', 'Wednesday', 'Thursday'], 'opens': '9:0', 'closes': '19:30'}, {'@type': 'OpeningHoursSpecification', 'dayOfWeek': ['Friday', 'Saturday'], 'opens': '10:0', 'closes': '19:30'}]","{'@type': 'PostalAddress', 'addressLocality': 'Beaumont', 'addressRegion': 'TX', 'postalCode': '77707', 'addressCountry': 'US', 'streetAddress': '6120 College St'}","{'@type': 'GeoCoordinates', 'latitude': 30.0682604, 'longitude': -94.1644541}",{}
Happy Donut,https://www.ubereats.com/beaumont/food-delivery/happy-donut/pa7KmBOzTH2zx6Zes8sAiw,beaumont,['Bakery'],,,$,30.109039,-94.190828,+14094341075,77713,3529 N Major Dr,Beaumont,Texas,"[{'@type': 'OpeningHoursSpecification', 'dayOfWeek': ['Monday', 'Tuesday', 'Wednesday', 'Thursday', 'Friday', 'Saturday', 'Sunday'], 'opens': '4:0', 'closes': '13:0'}]","{'@type': 'PostalAddress', 'addressLocality': 'Beaumont', 'addressRegion': 'Texas', 'postalCode': '77713', 'addressCountry': 'US', 'streetAddress': '3529 N Major Dr'}","{'@type': 'GeoCoordinates', 'latitude': 30.109039, 'longitude': -94.190828}",{}
Subway (8391 College St),https://www.ubereats.com/beaumont/food-delivery/subway-8391-college-st/zDXVfxetR1iVOJRxMHFNrg,beaumont,"['Fast Food', 'Sandwich', 'American']",,,$,30.0669419,-94.18901849999999,+14098667604,77707,8391 College St,Beaumont,TX,"[{'@type': 'OpeningHoursSpecification', 'dayOfWeek': ['Monday', 'Tuesday', 'Wednesday', 'Thursday', 'Friday', 'Saturday', 'Sunday'], 'opens': '0:0', 'closes': '23:29'}]","{'@type': 'PostalAddress', 'addressLocality': 'Beaumont', 'addressRegion': 'TX', 'postalCode': '77707', 'addressCountry': 'US', 'streetAddress': '8391 College St'}","{'@type': 'GeoCoordinates', 'latitude': 30.0669419, 'longitude': -94.18901849999999}",{}
Church's Chicken (2780 Washington Blvd.),https://www.ubereats.com/beaumont/food-delivery/churchs-chicken-2780-washington-blvd/pQHgLh51T7KkqoVvfvRtmQ,beaumont,"['Fast Food', 'Chicken', 'American']",,,$,30.0561654,-94.11410099999999,+14098350603,77705,2780 Washington Blvd.,Beaumont,TX,"[{'@type': 'OpeningHoursSpecification', 'dayOfWeek': ['Monday', 'Tuesday', 'Wednesday', 'Thursday', 'Friday', 'Saturday', 'Sunday'], 'opens': '10:30', 'closes': '21:0'}, {'@type': 'OpeningHoursSpecification', 'dayOfWeek': ['Monday', 'Tuesday', 'Wednesday', 'Thursday', 'Friday', 'Saturday', 'Sunday'], 'opens': '16:0', 'closes': '21:30'}]","{'@type': 'PostalAddress', 'addressLocality': 'Beaumont', 'addressRegion': 'TX', 'postalCode': '77705', 'addressCountry': 'US', 'streetAddress': '2780 Washington Blvd.'}","{'@type': 'GeoCoordinates', 'latitude': 30.0561654, 'longitude': -94.11410099999999}",{}
Jack in the Box (5601 College St),https://www.ubereats.com/beaumont/food-delivery/jack-in-the-box-5601-college-st/1fQm2aQhQr6hWl8SpOgYZg,beaumont,"['American', 'burger', 'Fast Food']",3.9,18,$,30.0674309,-94.1557553,+14098429480,77707,5601 College St,Beaumont,TX,"[{'@type': 'OpeningHoursSpecification', 'dayOfWeek': ['Monday', 'Tuesday', 'Wednesday', 'Thursday', 'Friday', 'Saturday', 'Sunday'], 'opens': '0:0', 'closes': '23:59'}]","{'@type': 'PostalAddress', 'addressLocality': 'Beaumont', 'addressRegion': 'TX', 'postalCode': '77707', 'addressCountry': 'US', 'streetAddress': '5601 College St'}","{'@type': 'GeoCoordinates', 'latitude': 30.0674309, 'longitude': -94.1557553}","{'@type': 'AggregateRating', 'ratingValue': 3.9, 'reviewCount': '18'}"
Saltgrass (325 IH 10 North),https://www.ubereats.com/beaumont/food-delivery/saltgrass-325-ih-10-north/tsz8d9svR0SsiRBrk30F0A,beaumont,"['Steak', 'American', 'Fast Food']",4.5,10,$$$,30.0843562,-94.1368629,+14098138138,77707,325 IH 10 North,Beaumount,TX,"[{'@type': 'OpeningHoursSpecification', 'dayOfWeek': 'Sunday', 'opens': '11:0', 'closes': '21:0'}, {'@type': 'OpeningHoursSpecification', 'dayOfWeek': ['Monday', 'Tuesday', 'Wednesday', 'Thursday'], 'opens': '11:0', 'closes': '21:0'}, {'@type': 'OpeningHoursSpecification', 'dayOfWeek': ['Monday', 'Tuesday', 'Wednesday', 'Thursday'], 'opens': '11:0', 'closes': '18:0'}, {'@type': 'OpeningHoursSpecification', 'dayOfWeek': 'Friday', 'opens': '11:0', 'closes': '22:0'}, {'@type': 'OpeningHoursSpecification', 'dayOfWeek': 'Friday', 'opens': '11:0', 'closes': '18:0'}, {'@type': 'OpeningHoursSpecification', 'dayOfWeek': 'Saturday', 'opens': '11:0', 'closes': '22:0'}]","{'@type': 'PostalAddress', 'addressLocality': 'Beaumount', 'addressRegion': 'TX', 'postalCode': '77707', 'addressCountry': 'US', 'streetAddress': '325 IH 10 North'}","{'@type': 'GeoCoordinates', 'latitude': 30.0843562, 'longitude': -94.1368629}","{'@type': 'AggregateRating', 'ratingValue': 4.5, 'reviewCount': '10'}"
"Red Lobster (2820 I-10, E.)",https://www.ubereats.com/beaumont/food-delivery/red-lobster-2820-i-10-e/eqbzwdxhSiiOvJpvTbRnGw,beaumont,"['Seafood', 'American']",4.1,15,$$,30.09704015488366,-94.13230207105667,+14098927821,,,,,"[{'@type': 'OpeningHoursSpecification', 'dayOfWeek': ['Sunday', 'Monday', 'Tuesday', 'Wednesday', 'Thursday'], 'opens': '11:30', 'closes': '20:0'}, {'@type': 'OpeningHoursSpecification', 'dayOfWeek': ['Friday', 'Saturday'], 'opens': '11:30', 'closes': '21:0'}]",,"{'@type': 'GeoCoordinates', 'latitude': 30.09704015488366, 'longitude': -94.13230207105667}","{'@type': 'AggregateRating', 'ratingValue': 4.1, 'reviewCount': '15'}"
Starbucks (Dowlen & Folsom),https://www.ubereats.com/beaumont/food-delivery/starbucks-dowlen-%26-folsom/mt2FnUsiT4OF5Lxz4HI7fQ,beaumont,"['Bakery', 'Breakfast and Brunch', 'Cafe', 'Coffee & Tea']",4.4,34,$,30.1158692,-94.1706536,+14098923330,77706,3935 Dowlen Road Westfield Shopping Center,Beaumont,TX,"[{'@type': 'OpeningHoursSpecification', 'dayOfWeek': ['Sunday', 'Monday', 'Tuesday', 'Wednesday', 'Thursday'], 'opens': '6:0', 'closes': '22:0'}, {'@type': 'OpeningHoursSpecification', 'dayOfWeek': 'Friday', 'opens': '5:30', 'closes': '22:0'}, {'@type': 'OpeningHoursSpecification', 'dayOfWeek': 'Saturday', 'opens': '6:0', 'closes': '22:0'}]","{'@type': 'PostalAddress', 'addressLocality': 'Beaumont', 'addressRegion': 'TX', 'postalCode': '77706', 'addressCountry': 'US', 'streetAddress': '3935 Dowlen Road Westfield Shopping Center'}","{'@type': 'GeoCoordinates', 'latitude': 30.1158692, 'longitude': -94.1706536}","{'@type': 'AggregateRating', 'ratingValue': 4.4, 'reviewCount': '34'}"
Popeyes (6432 Phelan Blvd),https://www.ubereats.com/beaumont/food-delivery/popeyes-6432-phelan-blvd/Ca0pAzz4TR6Y-9r2txsGpw,beaumont,"['American', 'Fast Food', 'Comfort Food']",4.0,21,$,30.0782509,-94.16979409999999,+14098604150,77706,6432 Phelan Blvd,Beaumont,TX,"[{'@type': 'OpeningHoursSpecification', 'dayOfWeek': ['Monday', 'Tuesday', 'Wednesday', 'Thursday', 'Friday', 'Saturday', 'Sunday'], 'opens': '10:30', 'closes': '21:30'}]","{'@type': 'PostalAddress', 'addressLocality': 'Beaumont', 'addressRegion': 'TX', 'postalCode': '77706', 'addressCountry': 'US', 'streetAddress': '6432 Phelan Blvd'}","{'@type': 'GeoCoordinates', 'latitude': 30.0782509, 'longitude': -94.16979409999999}","{'@type': 'AggregateRating', 'ratingValue': 4, 'reviewCount': '21'}"
Dunkin' (6392 Phelan Blvd),https://www.ubereats.com/beaumont/food-delivery/dunkin-6392-phelan-blvd/c_ne-Sl8SQWWubQFrdk_gg,beaumont,"['Breakfast & Brunch', 'Donuts']",,,$,30.07845260000001,-94.1691141,+14098609262,77706,6392 Phelan Blvd,Beaumont,TX,"[{'@type': 'OpeningHoursSpecification', 'dayOfWeek': ['Sunday', 'Monday', 'Tuesday', 'Wednesday', 'Thursday', 'Friday'], 'opens': '5:30', 'closes': '21:30'}, {'@type': 'OpeningHoursSpecification', 'dayOfWeek': 'Saturday', 'opens': '5:30', 'closes': '22:30'}]","{'@type': 'PostalAddress', 'addressLocality': 'Beaumont', 'addressRegion': 'TX', 'postalCode': '77706', 'addressCountry': 'US', 'streetAddress': '6392 Phelan Blvd'}","{'@type': 'GeoCoordinates', 'latitude': 30.07845260000001, 'longitude': -94.1691141}",{}
Dunkin' (4370 E. Lucas Dr),https://www.ubereats.com/beaumont/food-delivery/dunkin-4370-e-lucas-dr/b9gM5l_iTuOtzFGhd-9b0w,beaumont,"['Breakfast & Brunch', 'Donuts']",,,$,30.11809509999999,-94.1447189,+14098929163,77708,4370 E. Lucas Dr,Beaumont,TX,"[{'@type': 'OpeningHoursSpecification', 'dayOfWeek': ['Sunday', 'Monday', 'Tuesday', 'Wednesday', 'Thursday', 'Friday'], 'opens': '4:30', 'closes': '21:30'}, {'@type': 'OpeningHoursSpecification', 'dayOfWeek': 'Saturday', 'opens': '4:30', 'closes': '22:30'}]","{'@type': 'PostalAddress', 'addressLocality': 'Beaumont', 'addressRegion': 'TX', 'postalCode': '77708', 'addressCountry': 'US', 'streetAddress': '4370 E. Lucas Dr'}","{'@type': 'GeoCoordinates', 'latitude': 30.11809509999999, 'longitude': -94.1447189}",{}
Cracker Barrel Old Country Store (5390 Walden Rd),https://www.ubereats.com/beaumont/food-delivery/cracker-barrel-old-country-store-5390-walden-rd/JUJGhyWGRYSdSFH8_KSylg,beaumont,"['Burgers', 'American', 'Sandwiches']",4.5,42,$,30.0378426,-94.1545356,+14098425420,77705,5390 Walden Rd,Beaumont,TX,"[{'@type': 'OpeningHoursSpecification', 'dayOfWeek': ['Sunday', 'Monday', 'Tuesday', 'Wednesday', 'Thursday'], 'opens': '7:30', 'closes': '20:0'}, {'@type': 'OpeningHoursSpecification', 'dayOfWeek': ['Sunday', 'Monday', 'Tuesday', 'Wednesday', 'Thursday'], 'opens': '10:30', 'closes': '20:0'}, {'@type': 'OpeningHoursSpecification', 'dayOfWeek': ['Sunday', 'Monday', 'Tuesday', 'Wednesday', 'Thursday'], 'opens': '7:30', 'closes': '20:0'}, {'@type': 'OpeningHoursSpecification', 'dayOfWeek': ['Friday', 'Saturday'], 'opens': '7:30', 'closes': '21:0'}, {'@type': 'OpeningHoursSpecification', 'dayOfWeek': ['Friday', 'Saturday'], 'opens': '10:30', 'closes': '21:0'}, {'@type': 'OpeningHoursSpecification', 'dayOfWeek': ['Friday', 'Saturday'], 'opens': '7:30', 'closes': '21:0'}]","{'@type': 'PostalAddress', 'addressLocality': 'Beaumont', 'addressRegion': 'TX', 'postalCode': '77705', 'addressCountry': 'US', 'streetAddress': '5390 Walden Rd'}","{'@type': 'GeoCoordinates', 'latitude': 30.0378426, 'longitude': -94.1545356}","{'@type': 'AggregateRating', 'ratingValue': 4.5, 'reviewCount': '42'}"
IHOP (5875 Eastex Freeway),https://www.ubereats.com/beaumont/food-delivery/ihop-5875-eastex-freeway/ibYNf_0hSOyXt_PYQIJA0Q,beaumont,"['American', 'Breakfast and Brunch', 'burger', 'Comfort Food', 'Dinner', 'Omelette', 'salad', 'Traditional American']",3.6,32,$,30.1247665,-94.1552554,+14098993117,77706,5875 Eastex Freeway,BEAUMONT,TX,"[{'@type': 'OpeningHoursSpecification', 'dayOfWeek': ['Sunday', 'Monday', 'Tuesday', 'Wednesday', 'Thursday'], 'opens': '6:0', 'closes': '21:50'}, {'@type': 'OpeningHoursSpecification', 'dayOfWeek': ['Friday', 'Saturday'], 'opens': '6:0', 'closes': '23:49'}]","{'@type': 'PostalAddress', 'addressLocality': 'BEAUMONT', 'addressRegion': 'TX', 'postalCode': '77706', 'addressCountry': 'US', 'streetAddress': '5875 Eastex Freeway'}","{'@type': 'GeoCoordinates', 'latitude': 30.1247665, 'longitude': -94.1552554}","{'@type': 'AggregateRating', 'ratingValue': 3.6, 'reviewCount': '32'}"
Jack in the Box (1550 Interstate 10 E),https://www.ubereats.com/beaumont/food-delivery/jack-in-the-box-1550-interstate-10-e/Ny1Zo-2yRau4iBGhMSZREg,beaumont,"['American', 'burger', 'Fast Food']",4.4,17,$,30.0966696,-94.11157949999999,+14098131641,77703,1550 Interstate 10 E,Beaumont,TX,"[{'@type': 'OpeningHoursSpecification', 'dayOfWeek': ['Monday', 'Tuesday', 'Wednesday', 'Thursday', 'Friday', 'Saturday', 'Sunday'], 'opens': '0:0', 'closes': '23:59'}]","{'@type': 'PostalAddress', 'addressLocality': 'Beaumont', 'addressRegion': 'TX', 'postalCode': '77703', 'addressCountry': 'US', 'streetAddress': '1550 Interstate 10 E'}","{'@type': 'GeoCoordinates', 'latitude': 30.0966696, 'longitude': -94.11157949999999}","{'@type': 'AggregateRating', 'ratingValue': 4.4, 'reviewCount': '17'}"
Hooters (Beaumont),https://www.ubereats.com/beaumont/food-delivery/hooters-beaumont/6t9mZl2ESJm6tsf2Mux36g,beaumont,"['Wings', 'Bar Food', 'Burgers', 'American']",4.1,25,$$,30.0697833,-94.1354051,+14098927464,77707,850 I-10,Beaumont,Texas,"[{'@type': 'OpeningHoursSpecification', 'dayOfWeek': 'Sunday', 'opens': '11:0', 'closes': '21:30'}, {'@type': 'OpeningHoursSpecification', 'dayOfWeek': ['Monday', 'Tuesday', 'Wednesday'], 'opens': '11:0', 'closes': '20:30'}, {'@type': 'OpeningHoursSpecification', 'dayOfWeek': ['Thursday', 'Friday', 'Saturday'], 'opens': '11:0', 'closes': '21:30'}]","{'@type': 'PostalAddress', 'addressLocality': 'Beaumont', 'addressRegion': 'Texas', 'postalCode': '77707', 'addressCountry': 'US', 'streetAddress': '850 I-10'}","{'@type': 'GeoCoordinates', 'latitude': 30.0697833, 'longitude': -94.1354051}","{'@type': 'AggregateRating', 'ratingValue': 4.1, 'reviewCount': '25'}"
McDonald's® (1555 I 10 E),https://www.ubereats.com/beaumont/food-delivery/mcdonalds-1555-i-10-e/ithOI-z_Q0ulpweQr8s3AQ,beaumont,"['American', 'Burgers', 'Fast Food']",4.0,16,$,30.095425,-94.111364,+14098323673,77701-1115,1555 I 10 E,BEAUMONT,TX,"[{'@type': 'OpeningHoursSpecification', 'dayOfWeek': ['Monday', 'Tuesday', 'Wednesday', 'Thursday', 'Friday', 'Saturday', 'Sunday'], 'opens': '4:0', 'closes': '10:29'}, {'@type': 'OpeningHoursSpecification', 'dayOfWeek': ['Monday', 'Tuesday', 'Wednesday', 'Thursday', 'Friday', 'Saturday', 'Sunday'], 'opens': '10:30', 'closes': '16:59'}, {'@type': 'OpeningHoursSpecification', 'dayOfWeek': ['Monday', 'Tuesday', 'Wednesday', 'Thursday', 'Friday', 'Saturday', 'Sunday'], 'opens': '17:0', 'closes': '3:59'}]","{'@type': 'PostalAddress', 'addressLocality': 'BEAUMONT', 'addressRegion': 'TX', 'postalCode': '77701-1115', 'addressCountry': 'US', 'streetAddress': '1555 I 10 E'}","{'@type': 'GeoCoordinates', 'latitude': 30.095425, 'longitude': -94.111364}","{'@type': 'AggregateRating', 'ratingValue': 4, 'reviewCount': '16'}"
McDonald's® (6380 PHELAN BOULEVARD),https://www.ubereats.com/beaumont/food-delivery/mcdonalds-6380-phelan-boulevard/AxFjo1WfRr-pc-DrhRpveA,beaumont,"['American', 'Burgers', 'Fast Food']",4.2,31,$,30.078666,-94.168774,+14098667272,77706-6159,6380 PHELAN BOULEVARD,BEAUMONT,TX,"[{'@type': 'OpeningHoursSpecification', 'dayOfWeek': ['Monday', 'Tuesday', 'Wednesday', 'Thursday', 'Friday', 'Saturday', 'Sunday'], 'opens': '4:0', 'closes': '10:29'}, {'@type': 'OpeningHoursSpecification', 'dayOfWeek': ['Monday', 'Tuesday', 'Wednesday', 'Thursday', 'Friday', 'Saturday', 'Sunday'], 'opens': '10:30', 'closes': '16:59'}, {'@type': 'OpeningHoursSpecification', 'dayOfWeek': ['Monday', 'Tuesday', 'Wednesday', 'Thursday', 'Friday', 'Saturday', 'Sunday'], 'opens': '17:0', 'closes': '3:59'}]","{'@type': 'PostalAddress', 'addressLocality': 'BEAUMONT', 'addressRegion': 'TX', 'postalCode': '77706-6159', 'addressCountry': 'US', 'streetAddress': '6380 PHELAN BOULEVARD'}","{'@type': 'GeoCoordinates', 'latitude': 30.078666, 'longitude': -94.168774}","{'@type': 'AggregateRating', 'ratingValue': 4.2, 'reviewCount': '31'}"
Casa Ole (335 IH-10 North),https://www.ubereats.com/beaumont/food-delivery/casa-ole-335-ih-10-north/42fzWekmREiytp-zYg6TVw,beaumont,"['Mexican', 'Latin American', 'New Mexican']",,,$,30.08474199999999,-94.1368208,+14098325004,77706,335 IH-10 North,Beaumont,TX,"[{'@type': 'OpeningHoursSpecification', 'dayOfWeek': ['Monday', 'Tuesday', 'Wednesday', 'Thursday', 'Friday', 'Saturday', 'Sunday'], 'opens': '11:0', 'closes': '19:0'}]","{'@type': 'PostalAddress', 'addressLocality': 'Beaumont', 'addressRegion': 'TX', 'postalCode': '77706', 'addressCountry': 'US', 'streetAddress': '335 IH-10 North'}","{'@type': 'GeoCoordinates', 'latitude': 30.08474199999999, 'longitude': -94.1368208}",{}
Panda Express (4135 Dowlen N Rd),https://www.ubereats.com/beaumont/food-delivery/panda-express-4135-dowlen-n-rd/2saBgJtHQpW54Cc-sUv2kA,beaumont,['Chinese'],4.0,48,$,30.1212578,-94.166534,+14098921670,77706,4135 Dowlen N Rd,Beaumont,TX,"[{'@type': 'OpeningHoursSpecification', 'dayOfWeek': ['Sunday', 'Monday', 'Tuesday', 'Wednesday', 'Thursday'], 'opens': '10:30', 'closes': '21:0'}, {'@type': 'OpeningHoursSpecification', 'dayOfWeek': ['Friday', 'Saturday'], 'opens': '10:30', 'closes': '21:30'}]","{'@type': 'PostalAddress', 'addressLocality': 'Beaumont', 'addressRegion': 'TX', 'postalCode': '77706', 'addressCountry': 'US', 'streetAddress': '4135 Dowlen N Rd'}","{'@type': 'GeoCoordinates', 'latitude': 30.1212578, 'longitude': -94.166534}","{'@type': 'AggregateRating', 'ratingValue': 4, 'reviewCount': '48'}"
Jack in the Box (7380 Highway 105),https://www.ubereats.com/beaumont/food-delivery/jack-in-the-box-7380-highway-105/ZhyMhF1nRASf9NysX-E4rw,beaumont,"['American', 'burger', 'Fast Food']",4.2,13,$,30.133485,-94.1892386,+14098981948,77713,7380 Highway 105,Beaumont,TX,"[{'@type': 'OpeningHoursSpecification', 'dayOfWeek': ['Monday', 'Tuesday', 'Wednesday', 'Thursday', 'Friday', 'Saturday', 'Sunday'], 'opens': '0:0', 'closes': '23:59'}]","{'@type': 'PostalAddress', 'addressLocality': 'Beaumont', 'addressRegion': 'TX', 'postalCode': '77713', 'addressCountry': 'US', 'streetAddress': '7380 Highway 105'}","{'@type': 'GeoCoordinates', 'latitude': 30.133485, 'longitude': -94.1892386}","{'@type': 'AggregateRating', 'ratingValue': 4.2, 'reviewCount': '13'}"
Mellow Mushroom (4375 Dowlen Road),https://www.ubereats.com/beaumont/food-delivery/mellow-mushroom-4375-dowlen-road/hWErbkfnSbq_ZJZuTrGAyA,beaumont,"['Pizza', 'Sandwich', 'Salads', 'Wings', 'Desserts']",,,$,30.1221915,-94.16121439999999,+14093476469,77706,4375 Dowlen Road,Beaumont,TX,"[{'@type': 'OpeningHoursSpecification', 'dayOfWeek': ['Sunday', 'Monday', 'Tuesday', 'Wednesday'], 'opens': '11:0', 'closes': '21:0'}, {'@type': 'OpeningHoursSpecification', 'dayOfWeek': ['Thursday', 'Friday', 'Saturday'], 'opens': '11:0', 'closes': '23:0'}]","{'@type': 'PostalAddress', 'addressLocality': 'Beaumont', 'addressRegion': 'TX', 'postalCode': '77706', 'addressCountry': 'US', 'streetAddress': '4375 Dowlen Road'}","{'@type': 'GeoCoordinates', 'latitude': 30.1221915, 'longitude': -94.16121439999999}",{}
Taz Indian Cuisine,https://www.ubereats.com/beaumont/food-delivery/taz-indian-cuisine/u9l_z0iTR7OWClOnRkl7Gw,beaumont,"['Indian', 'Vegetarian', 'Asian']",4.3,24,$,30.12690159999999,-94.1539557,+14098995203,77708,5868 Eastex Fwy,Beaumont,TX,"[{'@type': 'OpeningHoursSpecification', 'dayOfWeek': ['Sunday', 'Monday', 'Tuesday', 'Wednesday', 'Thursday'], 'opens': '11:0', 'closes': '15:0'}, {'@type': 'OpeningHoursSpecification', 'dayOfWeek': ['Sunday', 'Monday', 'Tuesday', 'Wednesday', 'Thursday'], 'opens': '17:0', 'closes': '21:30'}, {'@type': 'OpeningHoursSpecification', 'dayOfWeek': ['Friday', 'Saturday'], 'opens': '11:0', 'closes': '15:0'}, {'@type': 'OpeningHoursSpecification', 'dayOfWeek': ['Friday', 'Saturday'], 'opens': '17:0', 'closes': '22:0'}]","{'@type': 'PostalAddress', 'addressLocality': 'Beaumont', 'addressRegion': 'TX', 'postalCode': '77708', 'addressCountry': 'US', 'streetAddress': '5868 Eastex Fwy'}","{'@type': 'GeoCoordinates', 'latitude': 30.12690159999999, 'longitude': -94.1539557}","{'@type': 'AggregateRating', 'ratingValue': 4.3, 'reviewCount': '24'}"
Subway (5780 Walden Rd Ste 100),https://www.ubereats.com/beaumont/food-delivery/subway-5780-walden-rd-ste-100/2wkYkOWDTrSkjudI9bKWtg,beaumont,"['Fast Food', 'Sandwich', 'American']",,,$,30.0390574,-94.16103439999999,+14094190880,77707,5780 Walden Rd Ste 100,Beaumont,TX,"[{'@type': 'OpeningHoursSpecification', 'dayOfWeek': ['Sunday', 'Monday', 'Tuesday', 'Wednesday', 'Thursday'], 'opens': '10:0', 'closes': '20:30'}, {'@type': 'OpeningHoursSpecification', 'dayOfWeek': 'Friday', 'opens': '10:0', 'closes': '20:40'}, {'@type': 'OpeningHoursSpecification', 'dayOfWeek': 'Saturday', 'opens': '10:0', 'closes': '20:30'}]","{'@type': 'PostalAddress', 'addressLocality': 'Beaumont', 'addressRegion': 'TX', 'postalCode': '77707', 'addressCountry': 'US', 'streetAddress': '5780 Walden Rd Ste 100'}","{'@type': 'GeoCoordinates', 'latitude': 30.0390574, 'longitude': -94.16103439999999}",{}
Subway (3015 Dowlen Rd Ste 170),https://www.ubereats.com/beaumont/food-delivery/subway-3015-dowlen-rd-ste-170/PNKaEuTSRU6HGNPv4kYOcw,beaumont,"['Fast Food', 'Sandwich', 'American']",,,$,30.1056395,-94.17008200000001,+14098667827,77706,3015 Dowlen Rd Ste 170,Beaumont,TX,"[{'@type': 'OpeningHoursSpecification', 'dayOfWeek': ['Monday', 'Tuesday', 'Wednesday', 'Thursday', 'Friday', 'Saturday', 'Sunday'], 'opens': '9:0', 'closes': '20:30'}]","{'@type': 'PostalAddress', 'addressLocality': 'Beaumont', 'addressRegion': 'TX', 'postalCode': '77706', 'addressCountry': 'US', 'streetAddress': '3015 Dowlen Rd Ste 170'}","{'@type': 'GeoCoordinates', 'latitude': 30.1056395, 'longitude': -94.17008200000001}",{}
Luby's (2695 Interstate 10 East),https://www.ubereats.com/beaumont/food-delivery/lubys-2695-interstate-10-east/YCAleqwdRzK_3h2QCuFDeA,beaumont,"['American', 'Traditional American', 'Seafood']",,,$$,30.094984,-94.12932599999999,+14098385566,77702,2695 Interstate 10 East,Beaumont,TX,"[{'@type': 'OpeningHoursSpecification', 'dayOfWeek': ['Monday', 'Tuesday', 'Wednesday', 'Thursday', 'Friday', 'Saturday', 'Sunday'], 'opens': '11:0', 'closes': '19:0'}]","{'@type': 'PostalAddress', 'addressLocality': 'Beaumont', 'addressRegion': 'TX', 'postalCode': '77702', 'addressCountry': 'US', 'streetAddress': '2695 Interstate 10 East'}","{'@type': 'GeoCoordinates', 'latitude': 30.094984, 'longitude': -94.12932599999999}",{}
Subway (320 N 23Rd St),https://www.ubereats.com/beaumont/food-delivery/subway-320-n-23rd-st/u099aQgET02kyf_8n5j9fw,beaumont,"['Fast Food', 'Sandwich', 'American']",,,$,30.0833339,-94.1428797,+14098394881,77707,320 N 23Rd St,Beaumont,TX,"[{'@type': 'OpeningHoursSpecification', 'dayOfWeek': ['Monday', 'Tuesday', 'Wednesday', 'Thursday', 'Friday', 'Saturday', 'Sunday'], 'opens': '9:0', 'closes': '20:30'}]","{'@type': 'PostalAddress', 'addressLocality': 'Beaumont', 'addressRegion': 'TX', 'postalCode': '77707', 'addressCountry': 'US', 'streetAddress': '320 N 23Rd St'}","{'@type': 'GeoCoordinates', 'latitude': 30.0833339, 'longitude': -94.1428797}",{}
"Starbucks (I-10 & College, Beaumont)",https://www.ubereats.com/beaumont/food-delivery/starbucks-i-10-%26-college-beaumont/qNu9ilpFS2S036beQMGPMQ,beaumont,"['Bakery', 'Breakfast and Brunch', 'Cafe', 'Coffee & Tea']",4.4,50,$,30.0687858,-94.133425,+14096593237,77701,3850 College Street,Beaumont,TX,"[{'@type': 'OpeningHoursSpecification', 'dayOfWeek': ['Monday', 'Tuesday', 'Wednesday', 'Thursday', 'Friday', 'Saturday', 'Sunday'], 'opens': '5:0', 'closes': '21:30'}]","{'@type': 'PostalAddress', 'addressLocality': 'Beaumont', 'addressRegion': 'TX', 'postalCode': '77701', 'addressCountry': 'US', 'streetAddress': '3850 College Street'}","{'@type': 'GeoCoordinates', 'latitude': 30.0687858, 'longitude': -94.133425}","{'@type': 'AggregateRating', 'ratingValue': 4.4, 'reviewCount': '50'}"
McDonald's® (910 S MAJOR),https://www.ubereats.com/beaumont/food-delivery/mcdonalds-910-s-major/g6_y3ulvStqTTIEZpXVaWw,beaumont,"['American', 'Burgers', 'Fast Food']",,,$,30.066445,-94.190471,+14098614121,,,,,"[{'@type': 'OpeningHoursSpecification', 'dayOfWeek': ['Monday', 'Tuesday', 'Wednesday', 'Thursday', 'Friday', 'Saturday', 'Sunday'], 'opens': '5:0', 'closes': '10:29'}, {'@type': 'OpeningHoursSpecification', 'dayOfWeek': ['Monday', 'Tuesday', 'Wednesday', 'Thursday', 'Friday', 'Saturday', 'Sunday'], 'opens': '10:30', 'closes': '16:59'}, {'@type': 'OpeningHoursSpecification', 'dayOfWeek': ['Monday', 'Tuesday', 'Wednesday', 'Thursday', 'Friday', 'Saturday', 'Sunday'], 'opens': '17:0', 'closes': '22:30'}]",,"{'@type': 'GeoCoordinates', 'latitude': 30.066445, 'longitude': -94.190471}",{}
Edison Cafe,https://www.ubereats.com/beaumont/food-delivery/edison-cafe/0sIiyADAS36wwiqTmfxF4g,beaumont,['Cafe'],,,$,30.085508,-94.097219,+14093477284,77701,"350 Pine St, Ste 125",Beaumont,TX,"[{'@type': 'OpeningHoursSpecification', 'dayOfWeek': 'Sunday', 'opens': '6:0', 'closes': '14:30'}, {'@type': 'OpeningHoursSpecification', 'dayOfWeek': ['Monday', 'Tuesday', 'Wednesday', 'Thursday', 'Friday'], 'opens': '6:0', 'closes': '18:0'}, {'@type': 'OpeningHoursSpecification', 'dayOfWeek': 'Saturday', 'opens': '6:0', 'closes': '14:30'}]","{'@type': 'PostalAddress', 'addressLocality': 'Beaumont', 'addressRegion': 'TX', 'postalCode': '77701', 'addressCountry': 'US', 'streetAddress': '350 Pine St, Ste 125'}","{'@type': 'GeoCoordinates', 'latitude': 30.085508, 'longitude': -94.097219}",{}
