name,url,city,cuisine,avgRating,numReviews,priceRange,latitude,longitude,telephone,postalCode,streetAddress,addressLocality,addressRegion,openingHoursSpecification,addressString,geoString,ratingString
Margaritas Mexican Restaurant (Manchester),https://www.ubereats.com/manchester-nh/food-delivery/margaritas-mexican-restaurant-manchester/3Sz7fzmxRqqellMTkfiI6g,bedford-new-hampshire,"['Mexican', 'Latin American', 'New Mexican']",4.1,17,$,42.9928487,-71.4627166,+16036477717,03101,1037 Elm St,Manchester,NH,"[{'@type': 'OpeningHoursSpecification', 'dayOfWeek': 'Sunday', 'opens': '16:0', 'closes': '23:0'}, {'@type': 'OpeningHoursSpecification', 'dayOfWeek': ['Tuesday', 'Wednesday', 'Thursday'], 'opens': '16:0', 'closes': '23:0'}, {'@type': 'OpeningHoursSpecification', 'dayOfWeek': ['Friday', 'Saturday'], 'opens': '16:0', 'closes': '0:0'}]","{'@type': 'PostalAddress', 'addressLocality': 'Manchester', 'addressRegion': 'NH', 'postalCode': '03101', 'addressCountry': 'US', 'streetAddress': '1037 Elm St'}","{'@type': 'GeoCoordinates', 'latitude': 42.9928487, 'longitude': -71.4627166}","{'@type': 'AggregateRating', 'ratingValue': 4.1, 'reviewCount': '17'}"
NE TAP HOUSE & GRILLE,https://www.ubereats.com/manchester-nh/food-delivery/ne-tap-house-%26-grille/PUL3w9rySmmL5-6pAQ-nRw,bedford-new-hampshire,"['Burgers', 'American', 'Sandwiches']",,,$,43.05078389999999,-71.43912,+16035403461,03106,1292,Hooksett,NH,"[{'@type': 'OpeningHoursSpecification', 'dayOfWeek': 'Sunday', 'opens': '11:0', 'closes': '21:0'}, {'@type': 'OpeningHoursSpecification', 'dayOfWeek': ['Tuesday', 'Wednesday', 'Thursday', 'Friday', 'Saturday'], 'opens': '11:0', 'closes': '21:0'}]","{'@type': 'PostalAddress', 'addressLocality': 'Hooksett', 'addressRegion': 'NH', 'postalCode': '03106', 'addressCountry': 'US', 'streetAddress': '1292'}","{'@type': 'GeoCoordinates', 'latitude': 43.05078389999999, 'longitude': -71.43912}",{}
Pizza Hut (553 Mast Rd),https://www.ubereats.com/manchester-nh/food-delivery/pizza-hut-553-mast-rd/W1zxoEnpSkKKtLYFnmyjlw,bedford-new-hampshire,"['Fast Food', 'Italian', 'pizza', 'wings']",,,$,43.000929,-71.5160238,+16036234838,3045,553 Mast Rd,Goffstown,NH,"[{'@type': 'OpeningHoursSpecification', 'dayOfWeek': ['Monday', 'Tuesday', 'Wednesday', 'Thursday', 'Friday', 'Saturday', 'Sunday'], 'opens': '12:0', 'closes': '20:0'}]","{'@type': 'PostalAddress', 'addressLocality': 'Goffstown', 'addressRegion': 'NH', 'postalCode': '3045', 'addressCountry': 'US', 'streetAddress': '553 Mast Rd'}","{'@type': 'GeoCoordinates', 'latitude': 43.000929, 'longitude': -71.5160238}",{}
Auntie Anne's at Merrimack Premium Outlets (80 Premium Outlets Blvd),https://www.ubereats.com/manchester-nh/food-delivery/auntie-annes-at-merrimack-premium-outlets-80-premium-outlets-blvd/MayZRStlS9iuDK8YQ7Gc-g,bedford-new-hampshire,"['Bakery', 'Comfort Food', 'Desserts', 'Pretzel']",,,$,42.8257726,-71.5009441,+16034246665,3054,80 Premium Outlets Blvd,Merrimack,NH,"[{'@type': 'OpeningHoursSpecification', 'dayOfWeek': 'Sunday', 'opens': '12:15', 'closes': '17:45'}, {'@type': 'OpeningHoursSpecification', 'dayOfWeek': ['Monday', 'Tuesday', 'Wednesday', 'Thursday', 'Friday', 'Saturday'], 'opens': '11:15', 'closes': '18:45'}]","{'@type': 'PostalAddress', 'addressLocality': 'Merrimack', 'addressRegion': 'NH', 'postalCode': '3054', 'addressCountry': 'US', 'streetAddress': '80 Premium Outlets Blvd'}","{'@type': 'GeoCoordinates', 'latitude': 42.8257726, 'longitude': -71.5009441}",{}
Chipotle Mexican Grill (99 S River Rd Ste 4),https://www.ubereats.com/manchester-nh/food-delivery/chipotle-mexican-grill-99-s-river-rd-ste-4/J_9qvIr5QDKZhi3dYDUHCA,bedford-new-hampshire,"['Healthy', 'Mexican']",4.7,79,$,42.9565652,-71.4779568,+16032630873,3110,99 S River Rd Ste 4,Bedford,NH,"[{'@type': 'OpeningHoursSpecification', 'dayOfWeek': ['Monday', 'Tuesday', 'Wednesday', 'Thursday', 'Friday', 'Saturday', 'Sunday'], 'opens': '10:45', 'closes': '21:40'}]","{'@type': 'PostalAddress', 'addressLocality': 'Bedford', 'addressRegion': 'NH', 'postalCode': '3110', 'addressCountry': 'US', 'streetAddress': '99 S River Rd Ste 4'}","{'@type': 'GeoCoordinates', 'latitude': 42.9565652, 'longitude': -71.4779568}","{'@type': 'AggregateRating', 'ratingValue': 4.7, 'reviewCount': '79'}"
Tiffany's Bagel & Deli Cafe,https://www.ubereats.com/manchester-nh/food-delivery/tiffanys-bagel-%26-deli-cafe/MNSquwJqSAGrkjZuobR7IA,bedford-new-hampshire,"['Burgers', 'American', 'Sandwiches']",,,$,43.0010693,-71.5182844,+16036276622,3045,"542 Mast Rd, Suite 6",Goffstown,NH,"[{'@type': 'OpeningHoursSpecification', 'dayOfWeek': ['Monday', 'Tuesday', 'Wednesday', 'Thursday', 'Friday', 'Saturday'], 'opens': '7:0', 'closes': '16:0'}, {'@type': 'OpeningHoursSpecification', 'dayOfWeek': ['Monday', 'Tuesday', 'Wednesday', 'Thursday', 'Friday', 'Saturday'], 'opens': '7:0', 'closes': '16:0'}]","{'@type': 'PostalAddress', 'addressLocality': 'Goffstown', 'addressRegion': 'NH', 'postalCode': '3045', 'addressCountry': 'US', 'streetAddress': '542 Mast Rd, Suite 6'}","{'@type': 'GeoCoordinates', 'latitude': 43.0010693, 'longitude': -71.5182844}",{}
Five Guys NH-1067 1111 South Willow St,https://www.ubereats.com/manchester-nh/food-delivery/five-guys-nh-1067-1111-south-willow-st/dFtvoHCwTUa7S2YyIpXk6A,bedford-new-hampshire,"['American', 'Burgers']",4.5,100,$,42.960196,-71.438355,+16038365657,3103,1111 South Willow Street,Manchester,NH,"[{'@type': 'OpeningHoursSpecification', 'dayOfWeek': ['Monday', 'Tuesday', 'Wednesday', 'Thursday', 'Friday', 'Saturday', 'Sunday'], 'opens': '11:0', 'closes': '21:30'}]","{'@type': 'PostalAddress', 'addressLocality': 'Manchester', 'addressRegion': 'NH', 'postalCode': '3103', 'addressCountry': 'US', 'streetAddress': '1111 South Willow Street'}","{'@type': 'GeoCoordinates', 'latitude': 42.960196, 'longitude': -71.438355}","{'@type': 'AggregateRating', 'ratingValue': 4.5, 'reviewCount': '100'}"
Antojitos Colombianos,https://www.ubereats.com/manchester-nh/food-delivery/antojitos-colombianos/0a2dDDSpRdOrlg-sIl32-g,bedford-new-hampshire,"['Colombian', 'Latin American']",,,$,42.99074650000001,-71.4591099,+16036233000,3104,173 Hanover St,Manchester,NH,"[{'@type': 'OpeningHoursSpecification', 'dayOfWeek': 'Sunday', 'opens': '10:0', 'closes': '17:30'}, {'@type': 'OpeningHoursSpecification', 'dayOfWeek': 'Sunday', 'opens': '11:0', 'closes': '18:0'}, {'@type': 'OpeningHoursSpecification', 'dayOfWeek': 'Monday', 'opens': '10:0', 'closes': '17:30'}, {'@type': 'OpeningHoursSpecification', 'dayOfWeek': ['Wednesday', 'Thursday'], 'opens': '10:0', 'closes': '17:30'}, {'@type': 'OpeningHoursSpecification', 'dayOfWeek': ['Friday', 'Saturday'], 'opens': '10:0', 'closes': '17:30'}, {'@type': 'OpeningHoursSpecification', 'dayOfWeek': ['Friday', 'Saturday'], 'opens': '9:0', 'closes': '20:0'}]","{'@type': 'PostalAddress', 'addressLocality': 'Manchester', 'addressRegion': 'NH', 'postalCode': '3104', 'addressCountry': 'US', 'streetAddress': '173 Hanover St'}","{'@type': 'GeoCoordinates', 'latitude': 42.99074650000001, 'longitude': -71.4591099}",{}
Papa John's (223 South Willow Street),https://www.ubereats.com/manchester-nh/food-delivery/papa-johns-223-south-willow-street/jSGhEF3nTE-M_Wcpro_2qA,bedford-new-hampshire,"['Pizza', 'Wings', 'Desserts']",4.3,61,$,42.9704618,-71.45501639999999,+16036290060,,,,,"[{'@type': 'OpeningHoursSpecification', 'dayOfWeek': ['Sunday', 'Monday', 'Tuesday', 'Wednesday', 'Thursday'], 'opens': '10:0', 'closes': '23:10'}, {'@type': 'OpeningHoursSpecification', 'dayOfWeek': ['Friday', 'Saturday'], 'opens': '10:0', 'closes': '0:10'}]",,"{'@type': 'GeoCoordinates', 'latitude': 42.9704618, 'longitude': -71.45501639999999}","{'@type': 'AggregateRating', 'ratingValue': 4.3, 'reviewCount': '61'}"
Bhindi Bros,https://www.ubereats.com/manchester-nh/food-delivery/bhindi-bros/nS-020hMT7Cq_E4qN9g16Q,bedford-new-hampshire,"['Comfort Food', 'American', 'Burgers']",,,$,42.91430329999999,-71.4601957,+16033416770,3054,452 Daniel Webster Hwy,Merrimack,NH,"[{'@type': 'OpeningHoursSpecification', 'dayOfWeek': ['Monday', 'Tuesday', 'Wednesday', 'Thursday', 'Friday', 'Saturday', 'Sunday'], 'opens': '0:0', 'closes': '23:59'}]","{'@type': 'PostalAddress', 'addressLocality': 'Merrimack', 'addressRegion': 'NH', 'postalCode': '3054', 'addressCountry': 'US', 'streetAddress': '452 Daniel Webster Hwy'}","{'@type': 'GeoCoordinates', 'latitude': 42.91430329999999, 'longitude': -71.4601957}",{}
One of a Kind Crepes & Fruits,https://www.ubereats.com/manchester-nh/food-delivery/one-of-a-kind-crepes-%26-fruits/Lsiw5atpQA2eTrsbU4aSfw,bedford-new-hampshire,"['Breakfast and Brunch', 'American', 'Sandwiches']",,,$,42.9554768,-71.4325338,+16038566152,03103,1500 S Willow St,Manchester,NH,"[{'@type': 'OpeningHoursSpecification', 'dayOfWeek': 'Sunday', 'opens': '11:0', 'closes': '23:59'}, {'@type': 'OpeningHoursSpecification', 'dayOfWeek': 'Sunday', 'opens': '0:0', 'closes': '6:0'}, {'@type': 'OpeningHoursSpecification', 'dayOfWeek': ['Monday', 'Tuesday', 'Wednesday', 'Thursday', 'Friday', 'Saturday'], 'opens': '10:30', 'closes': '21:0'}]","{'@type': 'PostalAddress', 'addressLocality': 'Manchester', 'addressRegion': 'NH', 'postalCode': '03103', 'addressCountry': 'US', 'streetAddress': '1500 S Willow St'}","{'@type': 'GeoCoordinates', 'latitude': 42.9554768, 'longitude': -71.4325338}",{}
Charleys Philly Steaks (1500 S. Willow St. Space #F103),https://www.ubereats.com/manchester-nh/food-delivery/charleys-philly-steaks-1500-s-willow-st-space-%23f103/7_j29jm-TKa95kvSwlK5mg,bedford-new-hampshire,"['Kids Friendly', 'Steak', 'Soul Food']",,,$,42.9565336,-71.432459,+16037828962,03103,1500 S Willow St,Manchester,NH,"[{'@type': 'OpeningHoursSpecification', 'dayOfWeek': 'Sunday', 'opens': '12:0', 'closes': '17:30'}, {'@type': 'OpeningHoursSpecification', 'dayOfWeek': ['Monday', 'Tuesday', 'Wednesday', 'Thursday', 'Friday', 'Saturday'], 'opens': '11:0', 'closes': '18:30'}]","{'@type': 'PostalAddress', 'addressLocality': 'Manchester', 'addressRegion': 'NH', 'postalCode': '03103', 'addressCountry': 'US', 'streetAddress': '1500 S Willow St'}","{'@type': 'GeoCoordinates', 'latitude': 42.9565336, 'longitude': -71.432459}",{}
Pizza Hut (716 S Willow St),https://www.ubereats.com/manchester-nh/food-delivery/pizza-hut-716-s-willow-st/0H-xLZxnQf2HMbXWBcjabg,bedford-new-hampshire,"['Fast Food', 'Italian', 'pizza', 'wings']",,,$,42.96504659999999,-71.4460153,+16036683428,,,,,"[{'@type': 'OpeningHoursSpecification', 'dayOfWeek': ['Monday', 'Tuesday', 'Wednesday', 'Thursday', 'Friday', 'Saturday', 'Sunday'], 'opens': '12:0', 'closes': '20:0'}]",,"{'@type': 'GeoCoordinates', 'latitude': 42.96504659999999, 'longitude': -71.4460153}",{}
Pizza 911 (South Willow),https://www.ubereats.com/manchester-nh/food-delivery/pizza-911-south-willow/V7KkOvchRnSaHQrKOuPJGg,bedford-new-hampshire,"['Pizza', 'American', 'Italian']",3.3,11,$,42.9678806,-71.45208339999999,+16037825443,03103,401 S Willow St,Manchester,NH,"[{'@type': 'OpeningHoursSpecification', 'dayOfWeek': ['Sunday', 'Monday', 'Tuesday', 'Wednesday', 'Thursday'], 'opens': '11:0', 'closes': '21:0'}, {'@type': 'OpeningHoursSpecification', 'dayOfWeek': ['Sunday', 'Monday', 'Tuesday', 'Wednesday', 'Thursday'], 'opens': '11:0', 'closes': '15:0'}, {'@type': 'OpeningHoursSpecification', 'dayOfWeek': ['Friday', 'Saturday'], 'opens': '11:0', 'closes': '21:45'}, {'@type': 'OpeningHoursSpecification', 'dayOfWeek': ['Friday', 'Saturday'], 'opens': '11:0', 'closes': '15:0'}]","{'@type': 'PostalAddress', 'addressLocality': 'Manchester', 'addressRegion': 'NH', 'postalCode': '03103', 'addressCountry': 'US', 'streetAddress': '401 S Willow St'}","{'@type': 'GeoCoordinates', 'latitude': 42.9678806, 'longitude': -71.45208339999999}","{'@type': 'AggregateRating', 'ratingValue': 3.3, 'reviewCount': '11'}"
Wendy's  (675 South Willow St.),https://www.ubereats.com/manchester-nh/food-delivery/wendys-675-south-willow-st/XJWKeVwJQJy6e5YUiJQZrA,bedford-new-hampshire,"['American', 'Burgers', 'Fast Food']",3.8,28,$,42.9647193,-71.4472359,+16036267075,03103,675 South Willow St.,Manchester,NH,"[{'@type': 'OpeningHoursSpecification', 'dayOfWeek': ['Sunday', 'Monday', 'Tuesday', 'Wednesday', 'Thursday'], 'opens': '10:30', 'closes': '23:30'}, {'@type': 'OpeningHoursSpecification', 'dayOfWeek': ['Sunday', 'Monday', 'Tuesday', 'Wednesday', 'Thursday'], 'opens': '7:0', 'closes': '10:0'}, {'@type': 'OpeningHoursSpecification', 'dayOfWeek': ['Friday', 'Saturday'], 'opens': '10:30', 'closes': '1:30'}, {'@type': 'OpeningHoursSpecification', 'dayOfWeek': ['Friday', 'Saturday'], 'opens': '7:0', 'closes': '10:0'}]","{'@type': 'PostalAddress', 'addressLocality': 'Manchester', 'addressRegion': 'NH', 'postalCode': '03103', 'addressCountry': 'US', 'streetAddress': '675 South Willow St.'}","{'@type': 'GeoCoordinates', 'latitude': 42.9647193, 'longitude': -71.4472359}","{'@type': 'AggregateRating', 'ratingValue': 3.8, 'reviewCount': '28'}"
The Ice Cream Shop,https://www.ubereats.com/manchester-nh/food-delivery/the-ice-cream-shop/-PQuEDBIQoer1x7YAvn3Jg,bedford-new-hampshire,"['Desserts', 'Ice Cream and Frozen Yogurt']",,,$,42.9970181,-71.4792473,+16036574625,3102,77 Bremer Street,Manchester,NH,"[{'@type': 'OpeningHoursSpecification', 'dayOfWeek': ['Monday', 'Tuesday', 'Wednesday', 'Thursday', 'Friday', 'Saturday', 'Sunday'], 'opens': '7:0', 'closes': '21:0'}]","{'@type': 'PostalAddress', 'addressLocality': 'Manchester', 'addressRegion': 'NH', 'postalCode': '3102', 'addressCountry': 'US', 'streetAddress': '77 Bremer Street'}","{'@type': 'GeoCoordinates', 'latitude': 42.9970181, 'longitude': -71.4792473}",{}
Mr. Baker Cheesecake,https://www.ubereats.com/manchester-nh/food-delivery/mr-baker-cheesecake/U207D0boRUOnqdlJLIL7BQ,bedford-new-hampshire,"['American', 'Breakfast and Brunch', 'Desserts']",,,$,42.9871633,-71.4461468,+16032032429,3103,443 Lake Ave,Manchester,New Hampshire,"[{'@type': 'OpeningHoursSpecification', 'dayOfWeek': 'Sunday', 'opens': '10:0', 'closes': '18:0'}, {'@type': 'OpeningHoursSpecification', 'dayOfWeek': 'Sunday', 'opens': '10:0', 'closes': '21:0'}, {'@type': 'OpeningHoursSpecification', 'dayOfWeek': 'Sunday', 'opens': '10:0', 'closes': '18:0'}, {'@type': 'OpeningHoursSpecification', 'dayOfWeek': ['Monday', 'Tuesday', 'Wednesday', 'Thursday'], 'opens': '10:0', 'closes': '18:0'}, {'@type': 'OpeningHoursSpecification', 'dayOfWeek': ['Monday', 'Tuesday', 'Wednesday', 'Thursday'], 'opens': '10:0', 'closes': '18:0'}, {'@type': 'OpeningHoursSpecification', 'dayOfWeek': ['Monday', 'Tuesday', 'Wednesday', 'Thursday'], 'opens': '10:0', 'closes': '22:0'}, {'@type': 'OpeningHoursSpecification', 'dayOfWeek': ['Friday', 'Saturday'], 'opens': '10:0', 'closes': '18:0'}, {'@type': 'OpeningHoursSpecification', 'dayOfWeek': ['Friday', 'Saturday'], 'opens': '10:0', 'closes': '18:0'}, {'@type': 'OpeningHoursSpecification', 'dayOfWeek': ['Friday', 'Saturday'], 'opens': '10:0', 'closes': '13:30'}]","{'@type': 'PostalAddress', 'addressLocality': 'Manchester', 'addressRegion': 'New Hampshire', 'postalCode': '3103', 'addressCountry': 'US', 'streetAddress': '443 Lake Ave'}","{'@type': 'GeoCoordinates', 'latitude': 42.9871633, 'longitude': -71.4461468}",{}
Wendy's  (722 Second St),https://www.ubereats.com/manchester-nh/food-delivery/wendys-722-second-st/oV-h7RiMTxW2EOvJu5jxJw,bedford-new-hampshire,"['American', 'Burgers', 'Fast Food']",4.6,19,$,42.9709336,-71.47759140000001,+16036267081,03102,722 Second St,Manchester,NH,"[{'@type': 'OpeningHoursSpecification', 'dayOfWeek': ['Sunday', 'Monday', 'Tuesday', 'Wednesday', 'Thursday'], 'opens': '10:30', 'closes': '22:30'}, {'@type': 'OpeningHoursSpecification', 'dayOfWeek': ['Sunday', 'Monday', 'Tuesday', 'Wednesday', 'Thursday'], 'opens': '7:0', 'closes': '10:0'}, {'@type': 'OpeningHoursSpecification', 'dayOfWeek': ['Friday', 'Saturday'], 'opens': '10:30', 'closes': '23:30'}, {'@type': 'OpeningHoursSpecification', 'dayOfWeek': ['Friday', 'Saturday'], 'opens': '7:0', 'closes': '10:0'}]","{'@type': 'PostalAddress', 'addressLocality': 'Manchester', 'addressRegion': 'NH', 'postalCode': '03102', 'addressCountry': 'US', 'streetAddress': '722 Second St'}","{'@type': 'GeoCoordinates', 'latitude': 42.9709336, 'longitude': -71.47759140000001}","{'@type': 'AggregateRating', 'ratingValue': 4.6, 'reviewCount': '19'}"
Bubble Bee Tea,https://www.ubereats.com/manchester-nh/food-delivery/bubble-bee-tea/TsA0_Ut3SxWjAzS2vO2F6A,bedford-new-hampshire,"['Coffee and Tea', 'American', 'Breakfast and Brunch', 'Bubble Tea']",,,$,42.8257691,-71.5009389,+17813500326,,,,,"[{'@type': 'OpeningHoursSpecification', 'dayOfWeek': 'Sunday', 'opens': '12:30', 'closes': '18:0'}, {'@type': 'OpeningHoursSpecification', 'dayOfWeek': ['Monday', 'Tuesday', 'Wednesday', 'Thursday', 'Friday', 'Saturday'], 'opens': '11:30', 'closes': '19:0'}]",,"{'@type': 'GeoCoordinates', 'latitude': 42.8257691, 'longitude': -71.5009389}",{}
Taco Bell (1045 S Willow Street),https://www.ubereats.com/manchester-nh/food-delivery/taco-bell-1045-s-willow-street/b1ogW-AMTveO8Th4vrlETw,bedford-new-hampshire,"['Burritos', 'Fast Food', 'Mexican']",4.3,100,$,42.9618981,-71.4404883,+16036418226,3103,1045 S Willow Street,Manchester,NH,"[{'@type': 'OpeningHoursSpecification', 'dayOfWeek': ['Sunday', 'Monday', 'Tuesday', 'Wednesday', 'Thursday'], 'opens': '14:0', 'closes': '17:0'}, {'@type': 'OpeningHoursSpecification', 'dayOfWeek': ['Sunday', 'Monday', 'Tuesday', 'Wednesday', 'Thursday'], 'opens': '10:0', 'closes': '1:30'}, {'@type': 'OpeningHoursSpecification', 'dayOfWeek': ['Friday', 'Saturday'], 'opens': '14:0', 'closes': '17:0'}, {'@type': 'OpeningHoursSpecification', 'dayOfWeek': ['Friday', 'Saturday'], 'opens': '10:0', 'closes': '2:30'}]","{'@type': 'PostalAddress', 'addressLocality': 'Manchester', 'addressRegion': 'NH', 'postalCode': '3103', 'addressCountry': 'US', 'streetAddress': '1045 S Willow Street'}","{'@type': 'GeoCoordinates', 'latitude': 42.9618981, 'longitude': -71.4404883}","{'@type': 'AggregateRating', 'ratingValue': 4.3, 'reviewCount': '100'}"
The Blue Moose Cafe,https://www.ubereats.com/manchester-nh/food-delivery/the-blue-moose-cafe/Rxv1f0TySPmPZiiBJss6Bw,bedford-new-hampshire,"['Breakfast and Brunch', 'Cafe', 'Coffee and Tea', 'Sandwich', 'Salads']",,,$,43.01882,-71.599976,+16033450479,3045,20 Main St,Goffstown,NH,"[{'@type': 'OpeningHoursSpecification', 'dayOfWeek': 'Sunday', 'opens': '7:0', 'closes': '13:0'}, {'@type': 'OpeningHoursSpecification', 'dayOfWeek': ['Tuesday', 'Wednesday', 'Thursday', 'Friday'], 'opens': '7:0', 'closes': '15:0'}, {'@type': 'OpeningHoursSpecification', 'dayOfWeek': 'Saturday', 'opens': '7:0', 'closes': '13:0'}]","{'@type': 'PostalAddress', 'addressLocality': 'Goffstown', 'addressRegion': 'NH', 'postalCode': '3045', 'addressCountry': 'US', 'streetAddress': '20 Main St'}","{'@type': 'GeoCoordinates', 'latitude': 43.01882, 'longitude': -71.599976}",{}
The Ice Cream Shop,https://www.ubereats.com/manchester-nh/food-delivery/the-ice-cream-shop/xLE8u2ZdRQ-5ohegafc-cA,bedford-new-hampshire,"['Desserts', 'Ice Cream and Frozen Yogurt']",,,$,42.9995558,-71.516476,+16036064289,3045,566 Mast Rd,Goffstown,NH,"[{'@type': 'OpeningHoursSpecification', 'dayOfWeek': ['Monday', 'Tuesday', 'Wednesday', 'Thursday', 'Friday', 'Saturday', 'Sunday'], 'opens': '6:0', 'closes': '22:0'}]","{'@type': 'PostalAddress', 'addressLocality': 'Goffstown', 'addressRegion': 'NH', 'postalCode': '3045', 'addressCountry': 'US', 'streetAddress': '566 Mast Rd'}","{'@type': 'GeoCoordinates', 'latitude': 42.9995558, 'longitude': -71.516476}",{}
AlBasha Mediterranean Grill,https://www.ubereats.com/manchester-nh/food-delivery/albasha-mediterranean-grill/T-MrYZEdRnq0GcE8n8OQ9g,bedford-new-hampshire,"['Mediterranean', 'Desserts', 'Kids Friendly']",,,,42.98129,-71.45458,+16032646723,03103,333 Valley Street,Manchester,NH,"[{'@type': 'OpeningHoursSpecification', 'dayOfWeek': ['Tuesday', 'Wednesday', 'Thursday', 'Friday', 'Saturday'], 'opens': '11:0', 'closes': '7:0'}]","{'@type': 'PostalAddress', 'addressLocality': 'Manchester', 'addressRegion': 'NH', 'postalCode': '03103', 'addressCountry': 'US', 'streetAddress': '333 Valley Street'}","{'@type': 'GeoCoordinates', 'latitude': 42.98129, 'longitude': -71.45458}",{}
Stark Brewing Co.,https://www.ubereats.com/manchester-nh/food-delivery/stark-brewing-co/ZpWy-uZtR5yWjpU9WdFnGw,bedford-new-hampshire,"['Salads', 'Sandwich', 'Pizza']",4.6,58,$,42.994158,-71.467274,+16036254444,03101,500 N Commercial St,Manchester,New Hampshire,"[{'@type': 'OpeningHoursSpecification', 'dayOfWeek': 'Sunday', 'opens': '11:0', 'closes': '18:0'}, {'@type': 'OpeningHoursSpecification', 'dayOfWeek': 'Monday', 'opens': '11:0', 'closes': '20:0'}, {'@type': 'OpeningHoursSpecification', 'dayOfWeek': ['Tuesday', 'Wednesday', 'Thursday', 'Friday', 'Saturday'], 'opens': '11:0', 'closes': '21:30'}]","{'@type': 'PostalAddress', 'addressLocality': 'Manchester', 'addressRegion': 'New Hampshire', 'postalCode': '03101', 'addressCountry': 'US', 'streetAddress': '500 N Commercial St'}","{'@type': 'GeoCoordinates', 'latitude': 42.994158, 'longitude': -71.467274}","{'@type': 'AggregateRating', 'ratingValue': 4.6, 'reviewCount': '58'}"
The Gyro Spot,https://www.ubereats.com/manchester-nh/food-delivery/the-gyro-spot/IxN5bX4VRaiZUm8xAkkj9A,bedford-new-hampshire,['Mediterranean'],4.8,100,$,42.9933249,-71.4626224,+16032183869,,,,,"[{'@type': 'OpeningHoursSpecification', 'dayOfWeek': ['Tuesday', 'Wednesday', 'Thursday', 'Friday', 'Saturday'], 'opens': '12:0', 'closes': '20:30'}]",,"{'@type': 'GeoCoordinates', 'latitude': 42.9933249, 'longitude': -71.4626224}","{'@type': 'AggregateRating', 'ratingValue': 4.8, 'reviewCount': '100'}"
Don Quijote Restaurant,https://www.ubereats.com/manchester-nh/food-delivery/don-quijote-restaurant/wL1M6ih8TtudpD6dDV830w,bedford-new-hampshire,"['Mexican', 'Latin American', 'New Mexican']",4.6,39,$,42.9862158,-71.4576026,+16036222246,03103,362 Union St,Manchester,NH,"[{'@type': 'OpeningHoursSpecification', 'dayOfWeek': ['Monday', 'Tuesday', 'Wednesday', 'Thursday', 'Friday', 'Saturday', 'Sunday'], 'opens': '9:30', 'closes': '22:0'}]","{'@type': 'PostalAddress', 'addressLocality': 'Manchester', 'addressRegion': 'NH', 'postalCode': '03103', 'addressCountry': 'US', 'streetAddress': '362 Union St'}","{'@type': 'GeoCoordinates', 'latitude': 42.9862158, 'longitude': -71.4576026}","{'@type': 'AggregateRating', 'ratingValue': 4.6, 'reviewCount': '39'}"
Sbarro  (1500 South Willow Street),https://www.ubereats.com/manchester-nh/food-delivery/sbarro-1500-south-willow-street/0avk86lmRH2wgaLdsmgkQQ,bedford-new-hampshire,"['Italian', 'pasta', 'pizza']",,,$,42.9556215,-71.43192540000001,+16032069997,3103,1500 South Willow Street,Manchester,NH,"[{'@type': 'OpeningHoursSpecification', 'dayOfWeek': 'Sunday', 'opens': '12:0', 'closes': '18:0'}, {'@type': 'OpeningHoursSpecification', 'dayOfWeek': ['Monday', 'Tuesday', 'Wednesday', 'Thursday', 'Friday', 'Saturday'], 'opens': '11:0', 'closes': '19:0'}]","{'@type': 'PostalAddress', 'addressLocality': 'Manchester', 'addressRegion': 'NH', 'postalCode': '3103', 'addressCountry': 'US', 'streetAddress': '1500 South Willow Street'}","{'@type': 'GeoCoordinates', 'latitude': 42.9556215, 'longitude': -71.43192540000001}",{}
Chuck E. Cheese (1525 S. Willow 1-93),https://www.ubereats.com/manchester-nh/food-delivery/chuck-e-cheese-1525-s-willow-1-93/lhLMxp2rTvOLvItNq9nE5Q,bedford-new-hampshire,['Pizza'],,,$,42.95380639807014,-71.43964622922118,+16036225690,,,,,"[{'@type': 'OpeningHoursSpecification', 'dayOfWeek': ['Monday', 'Tuesday', 'Wednesday', 'Thursday', 'Friday', 'Saturday', 'Sunday'], 'opens': '11:0', 'closes': '21:0'}]",,"{'@type': 'GeoCoordinates', 'latitude': 42.95380639807014, 'longitude': -71.43964622922118}",{}
Luisa's Italian Pizzeria,https://www.ubereats.com/manchester-nh/food-delivery/luisas-italian-pizzeria/wI3E5mv3TsS1XJ_s9iut-A,bedford-new-hampshire,"['Italian', 'Pasta', 'Comfort Food']",,,$,43.0168837,-71.44976439999999,+16036251331,03104,671 Hooksett Rd,Manchester,NH,"[{'@type': 'OpeningHoursSpecification', 'dayOfWeek': ['Sunday', 'Monday', 'Tuesday', 'Wednesday'], 'opens': '10:30', 'closes': '20:0'}, {'@type': 'OpeningHoursSpecification', 'dayOfWeek': 'Thursday', 'opens': '10:30', 'closes': '21:0'}, {'@type': 'OpeningHoursSpecification', 'dayOfWeek': ['Friday', 'Saturday'], 'opens': '10:30', 'closes': '22:0'}]","{'@type': 'PostalAddress', 'addressLocality': 'Manchester', 'addressRegion': 'NH', 'postalCode': '03104', 'addressCountry': 'US', 'streetAddress': '671 Hooksett Rd'}","{'@type': 'GeoCoordinates', 'latitude': 43.0168837, 'longitude': -71.44976439999999}",{}
Nuevo Vallarta Mexican Restaurant,https://www.ubereats.com/manchester-nh/food-delivery/nuevo-vallarta-mexican-restaurant/XsLlKiH9ROKemtQBGUQIGQ,bedford-new-hampshire,"['Mexican', 'Latin American', 'New Mexican']",4.7,100,$,42.970425,-71.47861999999999,+16037828762,03102,791 Second St,Manchester,NH,"[{'@type': 'OpeningHoursSpecification', 'dayOfWeek': 'Sunday', 'opens': '11:0', 'closes': '14:0'}, {'@type': 'OpeningHoursSpecification', 'dayOfWeek': 'Sunday', 'opens': '11:0', 'closes': '20:30'}, {'@type': 'OpeningHoursSpecification', 'dayOfWeek': 'Monday', 'opens': '11:0', 'closes': '14:0'}, {'@type': 'OpeningHoursSpecification', 'dayOfWeek': 'Monday', 'opens': '11:0', 'closes': '21:10'}, {'@type': 'OpeningHoursSpecification', 'dayOfWeek': ['Wednesday', 'Thursday'], 'opens': '11:0', 'closes': '14:0'}, {'@type': 'OpeningHoursSpecification', 'dayOfWeek': ['Wednesday', 'Thursday'], 'opens': '11:0', 'closes': '21:10'}, {'@type': 'OpeningHoursSpecification', 'dayOfWeek': 'Friday', 'opens': '11:0', 'closes': '14:0'}, {'@type': 'OpeningHoursSpecification', 'dayOfWeek': 'Friday', 'opens': '11:0', 'closes': '22:10'}, {'@type': 'OpeningHoursSpecification', 'dayOfWeek': 'Saturday', 'opens': '11:0', 'closes': '22:10'}]","{'@type': 'PostalAddress', 'addressLocality': 'Manchester', 'addressRegion': 'NH', 'postalCode': '03102', 'addressCountry': 'US', 'streetAddress': '791 Second St'}","{'@type': 'GeoCoordinates', 'latitude': 42.970425, 'longitude': -71.47861999999999}","{'@type': 'AggregateRating', 'ratingValue': 4.7, 'reviewCount': '100'}"
WingStreet (716 S Willow St),https://www.ubereats.com/manchester-nh/food-delivery/wingstreet-716-s-willow-st/-06d7NbLQlOhbIWvAFJaJw,bedford-new-hampshire,"['American', 'Wings']",,,$,42.96504659999999,-71.4460153,+16036683428,3103,716 S Willow St,Manchester,NH,"[{'@type': 'OpeningHoursSpecification', 'dayOfWeek': ['Monday', 'Tuesday', 'Wednesday', 'Thursday', 'Friday', 'Saturday', 'Sunday'], 'opens': '12:0', 'closes': '20:0'}]","{'@type': 'PostalAddress', 'addressLocality': 'Manchester', 'addressRegion': 'NH', 'postalCode': '3103', 'addressCountry': 'US', 'streetAddress': '716 S Willow St'}","{'@type': 'GeoCoordinates', 'latitude': 42.96504659999999, 'longitude': -71.4460153}",{}
Matbah Mediterranean Cuisine,https://www.ubereats.com/manchester-nh/food-delivery/matbah-mediterranean-cuisine/_Zg_JYOnSBiGHw__Kmfr2w,bedford-new-hampshire,"['Turkish', 'Halal']",,,$$,42.9903053,-71.4632338,+16032324066,03101,866 Elm St,Manchester,New Hampshire,"[{'@type': 'OpeningHoursSpecification', 'dayOfWeek': 'Sunday', 'opens': '11:0', 'closes': '22:0'}, {'@type': 'OpeningHoursSpecification', 'dayOfWeek': ['Tuesday', 'Wednesday', 'Thursday', 'Friday', 'Saturday'], 'opens': '11:0', 'closes': '22:0'}]","{'@type': 'PostalAddress', 'addressLocality': 'Manchester', 'addressRegion': 'New Hampshire', 'postalCode': '03101', 'addressCountry': 'US', 'streetAddress': '866 Elm St'}","{'@type': 'GeoCoordinates', 'latitude': 42.9903053, 'longitude': -71.4632338}",{}
Krispy Krunchy Chicken (468 Daniel Webster Highway),https://www.ubereats.com/manchester-nh/food-delivery/krispy-krunchy-chicken-468-daniel-webster-highway/86s7-oDUSnK5w_Nc2suK1w,bedford-new-hampshire,"['Comfort Food', 'Fried Chicken', 'Traditional American']",,,$,42.866405,-71.4941011,+16034245227,3054,468 Daniel Webster Highway,Merrimack,NH,"[{'@type': 'OpeningHoursSpecification', 'dayOfWeek': ['Monday', 'Tuesday', 'Wednesday', 'Thursday', 'Friday', 'Saturday', 'Sunday'], 'opens': '10:0', 'closes': '17:0'}]","{'@type': 'PostalAddress', 'addressLocality': 'Merrimack', 'addressRegion': 'NH', 'postalCode': '3054', 'addressCountry': 'US', 'streetAddress': '468 Daniel Webster Highway'}","{'@type': 'GeoCoordinates', 'latitude': 42.866405, 'longitude': -71.4941011}",{}
The Ice Cream Shop,https://www.ubereats.com/manchester-nh/food-delivery/the-ice-cream-shop/9EfDUzfaRDWACcAD3oYcrw,bedford-new-hampshire,"['Desserts', 'Ice Cream and Frozen Yogurt']",,,$,42.9929061,-71.4808146,+16036684100,3102,270 Armory Street,Manchester,NH,"[{'@type': 'OpeningHoursSpecification', 'dayOfWeek': ['Monday', 'Tuesday', 'Wednesday', 'Thursday', 'Friday', 'Saturday', 'Sunday'], 'opens': '6:0', 'closes': '23:0'}]","{'@type': 'PostalAddress', 'addressLocality': 'Manchester', 'addressRegion': 'NH', 'postalCode': '3102', 'addressCountry': 'US', 'streetAddress': '270 Armory Street'}","{'@type': 'GeoCoordinates', 'latitude': 42.9929061, 'longitude': -71.4808146}",{}
B & B Cafe and Grill,https://www.ubereats.com/manchester-nh/food-delivery/b-%26-b-cafe-and-grill/ClsQ5S1VSdKROliRQdRsBA,bedford-new-hampshire,"['Mediterranean', 'Greek', 'Vegetarian']",,,$,42.9917912,-71.46425789999999,+16036232328,03101,25 Stark St,Manchester,NH,"[{'@type': 'OpeningHoursSpecification', 'dayOfWeek': ['Monday', 'Tuesday', 'Wednesday', 'Thursday', 'Friday'], 'opens': '7:0', 'closes': '14:0'}, {'@type': 'OpeningHoursSpecification', 'dayOfWeek': 'Saturday', 'opens': '7:0', 'closes': '12:30'}]","{'@type': 'PostalAddress', 'addressLocality': 'Manchester', 'addressRegion': 'NH', 'postalCode': '03101', 'addressCountry': 'US', 'streetAddress': '25 Stark St'}","{'@type': 'GeoCoordinates', 'latitude': 42.9917912, 'longitude': -71.46425789999999}",{}
Pasquale Ristorante & Pizzeria,https://www.ubereats.com/manchester-nh/food-delivery/pasquale-ristorante-%26-pizzeria/iUqZW5Z4SmeD3cKjCP24-g,bedford-new-hampshire,"['Italian', 'Pizza', 'Pasta']",4.7,20,$$,42.8544883,-71.3559716,+16034343093,3053,87 Nashua Rd,Londonderry,NH,"[{'@type': 'OpeningHoursSpecification', 'dayOfWeek': 'Sunday', 'opens': '11:30', 'closes': '14:0'}, {'@type': 'OpeningHoursSpecification', 'dayOfWeek': 'Sunday', 'opens': '14:0', 'closes': '20:0'}, {'@type': 'OpeningHoursSpecification', 'dayOfWeek': 'Monday', 'opens': '11:30', 'closes': '14:0'}, {'@type': 'OpeningHoursSpecification', 'dayOfWeek': ['Tuesday', 'Wednesday', 'Thursday'], 'opens': '11:30', 'closes': '14:0'}, {'@type': 'OpeningHoursSpecification', 'dayOfWeek': ['Tuesday', 'Wednesday', 'Thursday'], 'opens': '14:0', 'closes': '21:0'}, {'@type': 'OpeningHoursSpecification', 'dayOfWeek': ['Friday', 'Saturday'], 'opens': '11:30', 'closes': '14:0'}, {'@type': 'OpeningHoursSpecification', 'dayOfWeek': ['Friday', 'Saturday'], 'opens': '14:0', 'closes': '22:0'}]","{'@type': 'PostalAddress', 'addressLocality': 'Londonderry', 'addressRegion': 'NH', 'postalCode': '3053', 'addressCountry': 'US', 'streetAddress': '87 Nashua Rd'}","{'@type': 'GeoCoordinates', 'latitude': 42.8544883, 'longitude': -71.3559716}","{'@type': 'AggregateRating', 'ratingValue': 4.7, 'reviewCount': '20'}"
Taco Bell (1050 Second St.),https://www.ubereats.com/manchester-nh/food-delivery/taco-bell-1050-second-st/zqyghFEqR8WmGwAO3cTnSg,bedford-new-hampshire,"['Burritos', 'Fast Food', 'Mexican']",4.3,80,$,42.96632229999999,-71.4805595,+16032229091,3102,1050 Second St.,Manchester,NH,"[{'@type': 'OpeningHoursSpecification', 'dayOfWeek': ['Sunday', 'Monday'], 'opens': '14:0', 'closes': '17:0'}, {'@type': 'OpeningHoursSpecification', 'dayOfWeek': ['Sunday', 'Monday'], 'opens': '10:0', 'closes': '2:30'}, {'@type': 'OpeningHoursSpecification', 'dayOfWeek': ['Sunday', 'Monday'], 'opens': '7:0', 'closes': '10:30'}, {'@type': 'OpeningHoursSpecification', 'dayOfWeek': ['Tuesday', 'Wednesday'], 'opens': '14:0', 'closes': '17:0'}, {'@type': 'OpeningHoursSpecification', 'dayOfWeek': ['Tuesday', 'Wednesday'], 'opens': '7:0', 'closes': '10:30'}, {'@type': 'OpeningHoursSpecification', 'dayOfWeek': ['Tuesday', 'Wednesday'], 'opens': '7:0', 'closes': '1:30'}, {'@type': 'OpeningHoursSpecification', 'dayOfWeek': ['Thursday', 'Friday', 'Saturday'], 'opens': '14:0', 'closes': '17:0'}, {'@type': 'OpeningHoursSpecification', 'dayOfWeek': ['Thursday', 'Friday', 'Saturday'], 'opens': '10:0', 'closes': '2:30'}, {'@type': 'OpeningHoursSpecification', 'dayOfWeek': ['Thursday', 'Friday', 'Saturday'], 'opens': '7:0', 'closes': '10:30'}]","{'@type': 'PostalAddress', 'addressLocality': 'Manchester', 'addressRegion': 'NH', 'postalCode': '3102', 'addressCountry': 'US', 'streetAddress': '1050 Second St.'}","{'@type': 'GeoCoordinates', 'latitude': 42.96632229999999, 'longitude': -71.4805595}","{'@type': 'AggregateRating', 'ratingValue': 4.3, 'reviewCount': '80'}"
D'Angelo Grilled Sandwiches (8 Perimeter Road),https://www.ubereats.com/manchester-nh/food-delivery/dangelo-grilled-sandwiches-8-perimeter-road/dPXE-eHlStee4EBHyuQ7UA,bedford-new-hampshire,"['Sandwiches', 'American', 'Healthy']",,,$,42.9448854,-71.4317458,+16036410322,03103,8 Perimeter Road,Manchester,NH,"[{'@type': 'OpeningHoursSpecification', 'dayOfWeek': 'Sunday', 'opens': '11:0', 'closes': '19:0'}, {'@type': 'OpeningHoursSpecification', 'dayOfWeek': ['Monday', 'Tuesday', 'Wednesday', 'Thursday', 'Friday'], 'opens': '10:30', 'closes': '18:30'}, {'@type': 'OpeningHoursSpecification', 'dayOfWeek': 'Saturday', 'opens': '11:0', 'closes': '19:0'}]","{'@type': 'PostalAddress', 'addressLocality': 'Manchester', 'addressRegion': 'NH', 'postalCode': '03103', 'addressCountry': 'US', 'streetAddress': '8 Perimeter Road'}","{'@type': 'GeoCoordinates', 'latitude': 42.9448854, 'longitude': -71.4317458}",{}
Zoey's Pizza,https://www.ubereats.com/manchester-nh/food-delivery/zoeys-pizza/juH5SM4CQUyoaGv6wILgZg,bedford-new-hampshire,"['Pizza', 'American', 'Italian', 'Sandwich']",4.2,18,$,43.0034839,-71.39467069999999,+16036667332,03109,2160 Candia Rd,Manchester,NH,"[{'@type': 'OpeningHoursSpecification', 'dayOfWeek': ['Sunday', 'Monday', 'Tuesday', 'Wednesday', 'Thursday'], 'opens': '11:30', 'closes': '20:0'}, {'@type': 'OpeningHoursSpecification', 'dayOfWeek': ['Friday', 'Saturday'], 'opens': '11:30', 'closes': '21:0'}]","{'@type': 'PostalAddress', 'addressLocality': 'Manchester', 'addressRegion': 'NH', 'postalCode': '03109', 'addressCountry': 'US', 'streetAddress': '2160 Candia Rd'}","{'@type': 'GeoCoordinates', 'latitude': 43.0034839, 'longitude': -71.39467069999999}","{'@type': 'AggregateRating', 'ratingValue': 4.2, 'reviewCount': '18'}"
Nola’s Kitchen,https://www.ubereats.com/manchester-nh/food-delivery/nolas-kitchen/AfhBblpATjWLz75egvdCGg,bedford-new-hampshire,"['American', 'Breakfast and Brunch', 'Sandwich']",,,$$,42.9888972,-71.44899649999999,+16036828513,,,,,"[{'@type': 'OpeningHoursSpecification', 'dayOfWeek': ['Monday', 'Tuesday', 'Wednesday', 'Thursday', 'Friday', 'Saturday', 'Sunday'], 'opens': '11:0', 'closes': '15:0'}, {'@type': 'OpeningHoursSpecification', 'dayOfWeek': ['Monday', 'Tuesday', 'Wednesday', 'Thursday', 'Friday', 'Saturday', 'Sunday'], 'opens': '11:0', 'closes': '15:0'}, {'@type': 'OpeningHoursSpecification', 'dayOfWeek': ['Monday', 'Tuesday', 'Wednesday', 'Thursday', 'Friday', 'Saturday', 'Sunday'], 'opens': '15:0', 'closes': '20:0'}, {'@type': 'OpeningHoursSpecification', 'dayOfWeek': ['Monday', 'Tuesday', 'Wednesday', 'Thursday', 'Friday', 'Saturday', 'Sunday'], 'opens': '7:0', 'closes': '23:0'}]",,"{'@type': 'GeoCoordinates', 'latitude': 42.9888972, 'longitude': -71.44899649999999}",{}
Chunky's Cinema Pub (Manchester),https://www.ubereats.com/manchester-nh/food-delivery/chunkys-cinema-pub-manchester/ERpWnex6QBiEhbMZo8MxTw,bedford-new-hampshire,"['Burgers', 'American', 'Sandwiches', 'Salads', 'Allergy Friendly']",,,$,42.9515392,-71.4327193,+16032063888,03103,707 Huse Road,Manchester,NH,"[{'@type': 'OpeningHoursSpecification', 'dayOfWeek': 'Sunday', 'opens': '11:0', 'closes': '20:0'}, {'@type': 'OpeningHoursSpecification', 'dayOfWeek': ['Monday', 'Tuesday'], 'opens': '17:0', 'closes': '20:0'}, {'@type': 'OpeningHoursSpecification', 'dayOfWeek': ['Wednesday', 'Thursday', 'Friday', 'Saturday'], 'opens': '11:0', 'closes': '20:0'}]","{'@type': 'PostalAddress', 'addressLocality': 'Manchester', 'addressRegion': 'NH', 'postalCode': '03103', 'addressCountry': 'US', 'streetAddress': '707 Huse Road'}","{'@type': 'GeoCoordinates', 'latitude': 42.9515392, 'longitude': -71.4327193}",{}
The Seafood King Cajun style,https://www.ubereats.com/manchester-nh/food-delivery/the-seafood-king-cajun-style/6FniC_X9R4WaMvht9CGRtg,bedford-new-hampshire,"['Seafood', 'American', 'Southern']",4.5,28,$,42.9933626,-71.462879,+16038363889,03101,1077 Elm St,Manchester,NH,"[{'@type': 'OpeningHoursSpecification', 'dayOfWeek': 'Sunday', 'opens': '16:0', 'closes': '20:30'}, {'@type': 'OpeningHoursSpecification', 'dayOfWeek': ['Tuesday', 'Wednesday', 'Thursday'], 'opens': '16:0', 'closes': '16:30'}, {'@type': 'OpeningHoursSpecification', 'dayOfWeek': ['Tuesday', 'Wednesday', 'Thursday'], 'opens': '16:0', 'closes': '20:30'}, {'@type': 'OpeningHoursSpecification', 'dayOfWeek': 'Friday', 'opens': '16:0', 'closes': '16:30'}, {'@type': 'OpeningHoursSpecification', 'dayOfWeek': 'Friday', 'opens': '16:0', 'closes': '21:30'}, {'@type': 'OpeningHoursSpecification', 'dayOfWeek': 'Saturday', 'opens': '16:0', 'closes': '21:30'}]","{'@type': 'PostalAddress', 'addressLocality': 'Manchester', 'addressRegion': 'NH', 'postalCode': '03101', 'addressCountry': 'US', 'streetAddress': '1077 Elm St'}","{'@type': 'GeoCoordinates', 'latitude': 42.9933626, 'longitude': -71.462879}","{'@type': 'AggregateRating', 'ratingValue': 4.5, 'reviewCount': '28'}"
The Farm Bar & Grille (Manchester),https://www.ubereats.com/manchester-nh/food-delivery/the-farm-bar-%26-grille-manchester/K5APvJllQmO7U6wS4reHhA,bedford-new-hampshire,"['BBQ', 'American', 'Burgers', 'Allergy Friendly']",4.6,100,$,42.9950705,-71.4630057,+16036413276,3101,1181 Elm St,Manchester,NH,"[{'@type': 'OpeningHoursSpecification', 'dayOfWeek': ['Monday', 'Tuesday', 'Wednesday', 'Thursday', 'Friday', 'Saturday', 'Sunday'], 'opens': '12:0', 'closes': '19:0'}]","{'@type': 'PostalAddress', 'addressLocality': 'Manchester', 'addressRegion': 'NH', 'postalCode': '3101', 'addressCountry': 'US', 'streetAddress': '1181 Elm St'}","{'@type': 'GeoCoordinates', 'latitude': 42.9950705, 'longitude': -71.4630057}","{'@type': 'AggregateRating', 'ratingValue': 4.6, 'reviewCount': '100'}"
Thirsty Moose - Manchester,https://www.ubereats.com/manchester-nh/food-delivery/thirsty-moose-manchester/9jrUhrTwRZ2uU5-RvTmOhQ,bedford-new-hampshire,"['Burgers', 'American', 'Chicken']",4.9,21,$$,42.98949,-71.46278099999999,+16037922337,3101,795 Elm St,Manchester,NH,"[{'@type': 'OpeningHoursSpecification', 'dayOfWeek': ['Sunday', 'Monday', 'Tuesday', 'Wednesday', 'Thursday'], 'opens': '11:30', 'closes': '21:0'}, {'@type': 'OpeningHoursSpecification', 'dayOfWeek': ['Friday', 'Saturday'], 'opens': '11:30', 'closes': '21:0'}, {'@type': 'OpeningHoursSpecification', 'dayOfWeek': ['Friday', 'Saturday'], 'opens': '11:30', 'closes': '22:0'}]","{'@type': 'PostalAddress', 'addressLocality': 'Manchester', 'addressRegion': 'NH', 'postalCode': '3101', 'addressCountry': 'US', 'streetAddress': '795 Elm St'}","{'@type': 'GeoCoordinates', 'latitude': 42.98949, 'longitude': -71.46278099999999}","{'@type': 'AggregateRating', 'ratingValue': 4.9, 'reviewCount': '21'}"
Buffalo Wild Wings (1500 S. Willow St),https://www.ubereats.com/manchester-nh/food-delivery/buffalo-wild-wings-1500-s-willow-st/oKm7J1uiRxGdt_gtfA-1ew,bedford-new-hampshire,"['Wings', 'Burgers', 'Salads']",4.5,73,$$,42.9554768,-71.4325338,+16038363138,3103,1500 S Willow St,Manchester,NH,"[{'@type': 'OpeningHoursSpecification', 'dayOfWeek': ['Monday', 'Tuesday', 'Wednesday', 'Thursday', 'Friday', 'Saturday', 'Sunday'], 'opens': '11:0', 'closes': '21:0'}]","{'@type': 'PostalAddress', 'addressLocality': 'Manchester', 'addressRegion': 'NH', 'postalCode': '3103', 'addressCountry': 'US', 'streetAddress': '1500 S Willow St'}","{'@type': 'GeoCoordinates', 'latitude': 42.9554768, 'longitude': -71.4325338}","{'@type': 'AggregateRating', 'ratingValue': 4.5, 'reviewCount': '73'}"
Shoppers Pub + Eatery,https://www.ubereats.com/manchester-nh/food-delivery/shoppers-pub-%2B-eatery/La1DkFXPQwihhxkN3lPoVA,bedford-new-hampshire,"['Bar / Pub Food', 'Burgers', 'Sandwich']",,,$,42.9874478,-71.4623332,+16032325252,03101,18 Lake Ave,Manchester,New Hampshire,"[{'@type': 'OpeningHoursSpecification', 'dayOfWeek': 'Sunday', 'opens': '12:0', 'closes': '19:35'}, {'@type': 'OpeningHoursSpecification', 'dayOfWeek': ['Thursday', 'Friday'], 'opens': '15:0', 'closes': '19:35'}, {'@type': 'OpeningHoursSpecification', 'dayOfWeek': 'Saturday', 'opens': '12:0', 'closes': '19:34'}]","{'@type': 'PostalAddress', 'addressLocality': 'Manchester', 'addressRegion': 'New Hampshire', 'postalCode': '03101', 'addressCountry': 'US', 'streetAddress': '18 Lake Ave'}","{'@type': 'GeoCoordinates', 'latitude': 42.9874478, 'longitude': -71.4623332}",{}
China Max,https://www.ubereats.com/manchester-nh/food-delivery/china-max/yfeOnBnsS-SzOgAF8rQZFw,bedford-new-hampshire,"['Chinese', 'Asian']",,,$$,42.8257691,-71.5009389,+16037180030,3054,80 Premium Outlets Blvd,Merrimack,NH,"[{'@type': 'OpeningHoursSpecification', 'dayOfWeek': 'Sunday', 'opens': '10:30', 'closes': '17:45'}, {'@type': 'OpeningHoursSpecification', 'dayOfWeek': ['Monday', 'Tuesday', 'Wednesday', 'Thursday', 'Friday', 'Saturday'], 'opens': '10:30', 'closes': '18:30'}]","{'@type': 'PostalAddress', 'addressLocality': 'Merrimack', 'addressRegion': 'NH', 'postalCode': '3054', 'addressCountry': 'US', 'streetAddress': '80 Premium Outlets Blvd'}","{'@type': 'GeoCoordinates', 'latitude': 42.8257691, 'longitude': -71.5009389}",{}
ruby Thai ,https://www.ubereats.com/manchester-nh/food-delivery/ruby-thai/Oq5p1FoZSsOmt6HxNcL89Q,bedford-new-hampshire,"['Asian: Other', 'Noodles', 'Chicken']",,,$$,42.9554768,-71.4325338,+16465914488,03103,1500 S Willow St W109,Manchester,NH,"[{'@type': 'OpeningHoursSpecification', 'dayOfWeek': 'Sunday', 'opens': '11:0', 'closes': '18:0'}, {'@type': 'OpeningHoursSpecification', 'dayOfWeek': ['Monday', 'Tuesday', 'Wednesday', 'Thursday', 'Friday', 'Saturday'], 'opens': '10:0', 'closes': '21:0'}]","{'@type': 'PostalAddress', 'addressLocality': 'Manchester', 'addressRegion': 'NH', 'postalCode': '03103', 'addressCountry': 'US', 'streetAddress': '1500 S Willow St W109'}","{'@type': 'GeoCoordinates', 'latitude': 42.9554768, 'longitude': -71.4325338}",{}
"TGI Friday's (645 - MANCHESTER, NH)",https://www.ubereats.com/manchester-nh/food-delivery/tgi-fridays-645-manchester-nh/ezsnsbXuTsayH_ohU8kjYA,bedford-new-hampshire,"['Burgers', 'Bar Food', 'American']",3.9,47,$$,42.95296289999999,-71.4357342,+16036448995,,,,,"[{'@type': 'OpeningHoursSpecification', 'dayOfWeek': ['Monday', 'Tuesday', 'Wednesday', 'Thursday', 'Friday', 'Saturday', 'Sunday'], 'opens': '11:0', 'closes': '0:30'}]",,"{'@type': 'GeoCoordinates', 'latitude': 42.95296289999999, 'longitude': -71.4357342}","{'@type': 'AggregateRating', 'ratingValue': 3.9, 'reviewCount': '47'}"
Sal's Pizza- (296 S Willow St),https://www.ubereats.com/manchester-nh/food-delivery/sals-pizza-296-s-willow-st/UZWdyZaVSrW2bM7Sl4Wxjw,bedford-new-hampshire,"['Italian', 'Pasta', 'Comfort Food']",,,$,42.9700606,-71.4534748,+16036236565,03103,296 S Willow St,Manchester,NH,"[{'@type': 'OpeningHoursSpecification', 'dayOfWeek': 'Sunday', 'opens': '12:0', 'closes': '19:30'}, {'@type': 'OpeningHoursSpecification', 'dayOfWeek': 'Monday', 'opens': '11:0', 'closes': '20:30'}, {'@type': 'OpeningHoursSpecification', 'dayOfWeek': ['Tuesday', 'Wednesday', 'Thursday'], 'opens': '11:0', 'closes': '19:30'}, {'@type': 'OpeningHoursSpecification', 'dayOfWeek': ['Friday', 'Saturday'], 'opens': '11:0', 'closes': '20:30'}]","{'@type': 'PostalAddress', 'addressLocality': 'Manchester', 'addressRegion': 'NH', 'postalCode': '03103', 'addressCountry': 'US', 'streetAddress': '296 S Willow St'}","{'@type': 'GeoCoordinates', 'latitude': 42.9700606, 'longitude': -71.4534748}",{}
India Palace,https://www.ubereats.com/manchester-nh/food-delivery/india-palace/yeu3p3yKTkW9NWs4n4zL3Q,bedford-new-hampshire,"['Indian', 'Seafood', 'Desserts']",4.6,50,$$,42.7929732,-71.5216231,+16035460425,03063,493 Amherst St,Nashua,New Hampshire,"[{'@type': 'OpeningHoursSpecification', 'dayOfWeek': 'Sunday', 'opens': '12:0', 'closes': '21:15'}, {'@type': 'OpeningHoursSpecification', 'dayOfWeek': ['Monday', 'Tuesday', 'Wednesday', 'Thursday'], 'opens': '11:30', 'closes': '14:15'}, {'@type': 'OpeningHoursSpecification', 'dayOfWeek': ['Monday', 'Tuesday', 'Wednesday', 'Thursday'], 'opens': '16:30', 'closes': '21:15'}, {'@type': 'OpeningHoursSpecification', 'dayOfWeek': 'Friday', 'opens': '11:30', 'closes': '14:15'}, {'@type': 'OpeningHoursSpecification', 'dayOfWeek': 'Friday', 'opens': '16:30', 'closes': '21:45'}, {'@type': 'OpeningHoursSpecification', 'dayOfWeek': 'Saturday', 'opens': '12:0', 'closes': '21:45'}]","{'@type': 'PostalAddress', 'addressLocality': 'Nashua', 'addressRegion': 'New Hampshire', 'postalCode': '03063', 'addressCountry': 'US', 'streetAddress': '493 Amherst St'}","{'@type': 'GeoCoordinates', 'latitude': 42.7929732, 'longitude': -71.5216231}","{'@type': 'AggregateRating', 'ratingValue': 4.6, 'reviewCount': '50'}"
Chipotle Mexican Grill (926 S Willow St),https://www.ubereats.com/manchester-nh/food-delivery/chipotle-mexican-grill-926-s-willow-st/x62LTPjYRI-bGGUteI5TSg,bedford-new-hampshire,"['Healthy', 'Mexican']",4.6,100,$,42.9633048,-71.4416478,+16036242084,3103,926 S Willow St,Manchester,NH,"[{'@type': 'OpeningHoursSpecification', 'dayOfWeek': ['Monday', 'Tuesday', 'Wednesday', 'Thursday', 'Friday', 'Saturday', 'Sunday'], 'opens': '10:45', 'closes': '21:40'}]","{'@type': 'PostalAddress', 'addressLocality': 'Manchester', 'addressRegion': 'NH', 'postalCode': '3103', 'addressCountry': 'US', 'streetAddress': '926 S Willow St'}","{'@type': 'GeoCoordinates', 'latitude': 42.9633048, 'longitude': -71.4416478}","{'@type': 'AggregateRating', 'ratingValue': 4.6, 'reviewCount': '100'}"
Good & Planty,https://www.ubereats.com/manchester-nh/food-delivery/good-%26-planty/h9Y9Xsi0SWSTRQF-ucIDSg,bedford-new-hampshire,"['Vegetarian', 'Vegan', 'Healthy', 'Allergy Friendly']",4.8,31,$,42.9907186,-71.4576258,+16035187260,3104,235 Hanover St,Manchester,NH,"[{'@type': 'OpeningHoursSpecification', 'dayOfWeek': 'Sunday', 'opens': '8:0', 'closes': '15:30'}, {'@type': 'OpeningHoursSpecification', 'dayOfWeek': ['Tuesday', 'Wednesday', 'Thursday', 'Friday', 'Saturday'], 'opens': '8:0', 'closes': '15:30'}]","{'@type': 'PostalAddress', 'addressLocality': 'Manchester', 'addressRegion': 'NH', 'postalCode': '3104', 'addressCountry': 'US', 'streetAddress': '235 Hanover St'}","{'@type': 'GeoCoordinates', 'latitude': 42.9907186, 'longitude': -71.4576258}","{'@type': 'AggregateRating', 'ratingValue': 4.8, 'reviewCount': '31'}"
"Burger King (737 Daniel Webster Hwy. , North)",https://www.ubereats.com/manchester-nh/food-delivery/burger-king-737-daniel-webster-hwy-north/z1cpyRkFRGeit27DKXC6mw,bedford-new-hampshire,"['American', 'burger', 'Fast Food']",4.4,37,$,43.0176936,-71.4489339,+16036230800,3104,737 Daniel Webster Hwy.  North,Manchester,NH,"[{'@type': 'OpeningHoursSpecification', 'dayOfWeek': 'Sunday', 'opens': '7:30', 'closes': '10:29'}, {'@type': 'OpeningHoursSpecification', 'dayOfWeek': 'Sunday', 'opens': '10:30', 'closes': '23:30'}, {'@type': 'OpeningHoursSpecification', 'dayOfWeek': ['Monday', 'Tuesday', 'Wednesday', 'Thursday', 'Friday', 'Saturday'], 'opens': '6:30', 'closes': '10:29'}, {'@type': 'OpeningHoursSpecification', 'dayOfWeek': ['Monday', 'Tuesday', 'Wednesday', 'Thursday', 'Friday', 'Saturday'], 'opens': '10:30', 'closes': '23:30'}]","{'@type': 'PostalAddress', 'addressLocality': 'Manchester', 'addressRegion': 'NH', 'postalCode': '3104', 'addressCountry': 'US', 'streetAddress': '737 Daniel Webster Hwy.  North'}","{'@type': 'GeoCoordinates', 'latitude': 43.0176936, 'longitude': -71.4489339}","{'@type': 'AggregateRating', 'ratingValue': 4.4, 'reviewCount': '37'}"
Wing Squad - Manchester Mall,https://www.ubereats.com/manchester-nh/food-delivery/wing-squad-manchester-mall/1h2VWMFtQRiW0UuL7EqBKg,bedford-new-hampshire,"['Wings', 'American', 'Fast Food']",,,$,42.9556215,-71.43192540000001,+18887996601,03103,1500 South Willow Street Mall of New Hampshire,Manchester,NH,"[{'@type': 'OpeningHoursSpecification', 'dayOfWeek': 'Sunday', 'opens': '12:0', 'closes': '18:0'}, {'@type': 'OpeningHoursSpecification', 'dayOfWeek': ['Monday', 'Tuesday', 'Wednesday', 'Thursday', 'Friday', 'Saturday'], 'opens': '11:0', 'closes': '19:0'}]","{'@type': 'PostalAddress', 'addressLocality': 'Manchester', 'addressRegion': 'NH', 'postalCode': '03103', 'addressCountry': 'US', 'streetAddress': '1500 South Willow Street Mall of New Hampshire'}","{'@type': 'GeoCoordinates', 'latitude': 42.9556215, 'longitude': -71.43192540000001}",{}
Thousand Crane,https://www.ubereats.com/manchester-nh/food-delivery/thousand-crane/Ewq9BME1T4yPSGUlb525DA,bedford-new-hampshire,['Sushi'],4.4,82,$$,42.992716,-71.463108,+16036340000,03101,1000 Elm St,Manchester,New Hampshire,"[{'@type': 'OpeningHoursSpecification', 'dayOfWeek': 'Sunday', 'opens': '13:0', 'closes': '21:0'}, {'@type': 'OpeningHoursSpecification', 'dayOfWeek': 'Sunday', 'opens': '13:0', 'closes': '21:0'}, {'@type': 'OpeningHoursSpecification', 'dayOfWeek': 'Monday', 'opens': '11:30', 'closes': '21:30'}, {'@type': 'OpeningHoursSpecification', 'dayOfWeek': 'Monday', 'opens': '11:30', 'closes': '22:0'}, {'@type': 'OpeningHoursSpecification', 'dayOfWeek': 'Monday', 'opens': '1:30', 'closes': '22:0'}, {'@type': 'OpeningHoursSpecification', 'dayOfWeek': ['Tuesday', 'Wednesday', 'Thursday'], 'opens': '11:30', 'closes': '22:0'}, {'@type': 'OpeningHoursSpecification', 'dayOfWeek': ['Tuesday', 'Wednesday', 'Thursday'], 'opens': '1:30', 'closes': '22:0'}, {'@type': 'OpeningHoursSpecification', 'dayOfWeek': ['Friday', 'Saturday'], 'opens': '11:30', 'closes': '22:30'}, {'@type': 'OpeningHoursSpecification', 'dayOfWeek': ['Friday', 'Saturday'], 'opens': '11:30', 'closes': '22:30'}]","{'@type': 'PostalAddress', 'addressLocality': 'Manchester', 'addressRegion': 'New Hampshire', 'postalCode': '03101', 'addressCountry': 'US', 'streetAddress': '1000 Elm St'}","{'@type': 'GeoCoordinates', 'latitude': 42.992716, 'longitude': -71.463108}","{'@type': 'AggregateRating', 'ratingValue': 4.4, 'reviewCount': '82'}"
Penuches Music Hall,https://www.ubereats.com/manchester-nh/food-delivery/penuches-music-hall/APPyk4YhSxS0U_XptxlIiw,bedford-new-hampshire,"['Bar / Pub Food', 'American', 'Comfort Food', 'Burgers']",,,$$,42.993131999999996,-71.462829,+16039322868,03101,1087 Elm St,Manchester,NH,"[{'@type': 'OpeningHoursSpecification', 'dayOfWeek': ['Monday', 'Tuesday', 'Wednesday', 'Thursday', 'Friday', 'Saturday', 'Sunday'], 'opens': '12:0', 'closes': '20:0'}]","{'@type': 'PostalAddress', 'addressLocality': 'Manchester', 'addressRegion': 'NH', 'postalCode': '03101', 'addressCountry': 'US', 'streetAddress': '1087 Elm St'}","{'@type': 'GeoCoordinates', 'latitude': 42.993131999999996, 'longitude': -71.462829}",{}
Restoration Cafe,https://www.ubereats.com/manchester-nh/food-delivery/restoration-cafe/81sXiJsXRGOzYJK6Kdjogw,bedford-new-hampshire,"['Juice and Smoothies', 'Sandwich', 'Allergy Friendly', 'Deli']",4.8,100,$,42.99072304703512,-71.45763277024666,+16035187260,,,,,"[{'@type': 'OpeningHoursSpecification', 'dayOfWeek': 'Sunday', 'opens': '8:0', 'closes': '15:30'}, {'@type': 'OpeningHoursSpecification', 'dayOfWeek': ['Tuesday', 'Wednesday', 'Thursday', 'Friday', 'Saturday'], 'opens': '8:0', 'closes': '15:30'}]",,"{'@type': 'GeoCoordinates', 'latitude': 42.99072304703512, 'longitude': -71.45763277024666}","{'@type': 'AggregateRating', 'ratingValue': 4.8, 'reviewCount': '100'}"
Pizzico Ristorante (Merrimack),https://www.ubereats.com/manchester-nh/food-delivery/pizzico-ristorante-merrimack/3-f1w9cASDawdcguqqdBFQ,bedford-new-hampshire,"['Italian', 'Pasta', 'Comfort Food']",4.6,25,$,42.8368912,-71.4987616,+16037657027,03054,7 Continental Blvd,Merrimack,NH,"[{'@type': 'OpeningHoursSpecification', 'dayOfWeek': 'Sunday', 'opens': '12:0', 'closes': '20:45'}, {'@type': 'OpeningHoursSpecification', 'dayOfWeek': 'Sunday', 'opens': '12:0', 'closes': '20:45'}, {'@type': 'OpeningHoursSpecification', 'dayOfWeek': ['Monday', 'Tuesday', 'Wednesday', 'Thursday'], 'opens': '11:0', 'closes': '21:45'}, {'@type': 'OpeningHoursSpecification', 'dayOfWeek': ['Monday', 'Tuesday', 'Wednesday', 'Thursday'], 'opens': '11:0', 'closes': '21:45'}, {'@type': 'OpeningHoursSpecification', 'dayOfWeek': ['Friday', 'Saturday'], 'opens': '11:0', 'closes': '22:45'}, {'@type': 'OpeningHoursSpecification', 'dayOfWeek': ['Friday', 'Saturday'], 'opens': '11:0', 'closes': '22:45'}]","{'@type': 'PostalAddress', 'addressLocality': 'Merrimack', 'addressRegion': 'NH', 'postalCode': '03054', 'addressCountry': 'US', 'streetAddress': '7 Continental Blvd'}","{'@type': 'GeoCoordinates', 'latitude': 42.8368912, 'longitude': -71.4987616}","{'@type': 'AggregateRating', 'ratingValue': 4.6, 'reviewCount': '25'}"
McDonald's® (907 HANOVER ST),https://www.ubereats.com/manchester-nh/food-delivery/mcdonalds-907-hanover-st/oWXudZOcQjeu4soYJQrO5w,bedford-new-hampshire,"['American', 'Burgers', 'Fast Food']",4.5,100,$,42.987175,-71.426811,+16036442557,,,,,"[{'@type': 'OpeningHoursSpecification', 'dayOfWeek': 'Sunday', 'opens': '4:0', 'closes': '10:59'}, {'@type': 'OpeningHoursSpecification', 'dayOfWeek': 'Sunday', 'opens': '11:0', 'closes': '16:59'}, {'@type': 'OpeningHoursSpecification', 'dayOfWeek': 'Sunday', 'opens': '17:0', 'closes': '3:59'}, {'@type': 'OpeningHoursSpecification', 'dayOfWeek': ['Monday', 'Tuesday', 'Wednesday', 'Thursday', 'Friday', 'Saturday'], 'opens': '4:0', 'closes': '10:29'}, {'@type': 'OpeningHoursSpecification', 'dayOfWeek': ['Monday', 'Tuesday', 'Wednesday', 'Thursday', 'Friday', 'Saturday'], 'opens': '10:30', 'closes': '16:59'}, {'@type': 'OpeningHoursSpecification', 'dayOfWeek': ['Monday', 'Tuesday', 'Wednesday', 'Thursday', 'Friday', 'Saturday'], 'opens': '17:0', 'closes': '3:59'}]",,"{'@type': 'GeoCoordinates', 'latitude': 42.987175, 'longitude': -71.426811}","{'@type': 'AggregateRating', 'ratingValue': 4.5, 'reviewCount': '100'}"
Canton Garden Restaurant,https://www.ubereats.com/manchester-nh/food-delivery/canton-garden-restaurant/MdG2pm_WROW0KMUAosNZbg,bedford-new-hampshire,"['Chinese', 'Asian', 'Asian Fusion']",4.3,63,$,42.99536699999999,-71.4791682,+16036260110,03102,159 Kelley Street,Manchester,NH,"[{'@type': 'OpeningHoursSpecification', 'dayOfWeek': 'Sunday', 'opens': '12:30', 'closes': '21:30'}, {'@type': 'OpeningHoursSpecification', 'dayOfWeek': 'Monday', 'opens': '17:30', 'closes': '21:0'}, {'@type': 'OpeningHoursSpecification', 'dayOfWeek': ['Tuesday', 'Wednesday', 'Thursday'], 'opens': '11:30', 'closes': '21:30'}, {'@type': 'OpeningHoursSpecification', 'dayOfWeek': ['Friday', 'Saturday'], 'opens': '11:30', 'closes': '22:30'}]","{'@type': 'PostalAddress', 'addressLocality': 'Manchester', 'addressRegion': 'NH', 'postalCode': '03102', 'addressCountry': 'US', 'streetAddress': '159 Kelley Street'}","{'@type': 'GeoCoordinates', 'latitude': 42.99536699999999, 'longitude': -71.4791682}","{'@type': 'AggregateRating', 'ratingValue': 4.3, 'reviewCount': '63'}"
USA Chicken & Biscuit,https://www.ubereats.com/manchester-nh/food-delivery/usa-chicken-%26-biscuit/3dYWUZGfRDqHxTYxFni34A,bedford-new-hampshire,"['Chicken', 'Seafood']",4.6,100,$,42.99207624815284,-71.4632826609541,+16032322934,,,,,"[{'@type': 'OpeningHoursSpecification', 'dayOfWeek': ['Sunday', 'Monday', 'Tuesday', 'Wednesday', 'Thursday'], 'opens': '11:0', 'closes': '21:0'}, {'@type': 'OpeningHoursSpecification', 'dayOfWeek': ['Friday', 'Saturday'], 'opens': '11:0', 'closes': '22:0'}]",,"{'@type': 'GeoCoordinates', 'latitude': 42.99207624815284, 'longitude': -71.4632826609541}","{'@type': 'AggregateRating', 'ratingValue': 4.6, 'reviewCount': '100'}"
Asian kabab and Grill,https://www.ubereats.com/manchester-nh/food-delivery/asian-kabab-and-grill/lfOFiLo8SzOH7dUdKoF9Aw,bedford-new-hampshire,"['Indian', 'Pakistani', 'Halal']",4.8,25,$,42.9830374,-71.4402314,+16037823366,,,,,"[{'@type': 'OpeningHoursSpecification', 'dayOfWeek': 'Sunday', 'opens': '11:0', 'closes': '22:0'}, {'@type': 'OpeningHoursSpecification', 'dayOfWeek': 'Sunday', 'opens': '11:0', 'closes': '22:0'}, {'@type': 'OpeningHoursSpecification', 'dayOfWeek': ['Tuesday', 'Wednesday', 'Thursday'], 'opens': '11:0', 'closes': '22:0'}, {'@type': 'OpeningHoursSpecification', 'dayOfWeek': ['Tuesday', 'Wednesday', 'Thursday'], 'opens': '11:0', 'closes': '22:0'}, {'@type': 'OpeningHoursSpecification', 'dayOfWeek': 'Saturday', 'opens': '11:0', 'closes': '22:0'}, {'@type': 'OpeningHoursSpecification', 'dayOfWeek': 'Saturday', 'opens': '11:0', 'closes': '22:0'}]",,"{'@type': 'GeoCoordinates', 'latitude': 42.9830374, 'longitude': -71.4402314}","{'@type': 'AggregateRating', 'ratingValue': 4.8, 'reviewCount': '25'}"
Shaking Crab - Manchester,https://www.ubereats.com/manchester-nh/food-delivery/shaking-crab-manchester/zRdbxsoOT1C-XWtzExZbEw,bedford-new-hampshire,"['Seafood', 'American', 'Southern']",,,$,42.9954084,-71.5088942,+16032320351,,,,,"[{'@type': 'OpeningHoursSpecification', 'dayOfWeek': 'Sunday', 'opens': '12:0', 'closes': '20:30'}, {'@type': 'OpeningHoursSpecification', 'dayOfWeek': ['Thursday', 'Friday'], 'opens': '16:30', 'closes': '20:30'}, {'@type': 'OpeningHoursSpecification', 'dayOfWeek': 'Saturday', 'opens': '12:0', 'closes': '20:30'}]",,"{'@type': 'GeoCoordinates', 'latitude': 42.9954084, 'longitude': -71.5088942}",{}
D'Angelo Grilled Sandwiches (900 Second St.),https://www.ubereats.com/manchester-nh/food-delivery/dangelo-grilled-sandwiches-900-second-st/w4f9d8baQ6O3b1TAroyV1A,bedford-new-hampshire,"['Sandwiches', 'American', 'Healthy']",,,$,42.9685382,-71.4793073,+16036682612,3101,900 Second St.,Manchester,NH,"[{'@type': 'OpeningHoursSpecification', 'dayOfWeek': 'Sunday', 'opens': '11:0', 'closes': '19:45'}, {'@type': 'OpeningHoursSpecification', 'dayOfWeek': ['Monday', 'Tuesday', 'Wednesday', 'Thursday', 'Friday', 'Saturday'], 'opens': '10:30', 'closes': '19:45'}]","{'@type': 'PostalAddress', 'addressLocality': 'Manchester', 'addressRegion': 'NH', 'postalCode': '3101', 'addressCountry': 'US', 'streetAddress': '900 Second St.'}","{'@type': 'GeoCoordinates', 'latitude': 42.9685382, 'longitude': -71.4793073}",{}
Bertucci's (1500 S Willow St),https://www.ubereats.com/manchester-nh/food-delivery/bertuccis-1500-s-willow-st/dl24zxf7TCGGKB_oSkzSqw,bedford-new-hampshire,"['Italian', 'pizza', 'Salads']",4.2,20,$$,42.9554768,-71.4325338,+16036686204,3103,1500 S Willow St,Manchester,NH,"[{'@type': 'OpeningHoursSpecification', 'dayOfWeek': 'Sunday', 'opens': '12:0', 'closes': '18:0'}, {'@type': 'OpeningHoursSpecification', 'dayOfWeek': ['Monday', 'Tuesday', 'Wednesday', 'Thursday', 'Friday'], 'opens': '11:0', 'closes': '19:0'}, {'@type': 'OpeningHoursSpecification', 'dayOfWeek': ['Monday', 'Tuesday', 'Wednesday', 'Thursday', 'Friday'], 'opens': '11:0', 'closes': '15:0'}, {'@type': 'OpeningHoursSpecification', 'dayOfWeek': 'Saturday', 'opens': '11:0', 'closes': '19:0'}]","{'@type': 'PostalAddress', 'addressLocality': 'Manchester', 'addressRegion': 'NH', 'postalCode': '3103', 'addressCountry': 'US', 'streetAddress': '1500 S Willow St'}","{'@type': 'GeoCoordinates', 'latitude': 42.9554768, 'longitude': -71.4325338}","{'@type': 'AggregateRating', 'ratingValue': 4.2, 'reviewCount': '20'}"
Simon's Pizza and Roast Beef,https://www.ubereats.com/manchester-nh/food-delivery/simons-pizza-and-roast-beef/lRVb7d2URa64ChnoYWELQg,bedford-new-hampshire,['Pizza'],4.4,34,$$,42.93794270000001,-71.454472,+16036232900,,,,,"[{'@type': 'OpeningHoursSpecification', 'dayOfWeek': ['Monday', 'Tuesday', 'Wednesday', 'Thursday', 'Friday', 'Saturday'], 'opens': '10:0', 'closes': '22:0'}]",,"{'@type': 'GeoCoordinates', 'latitude': 42.93794270000001, 'longitude': -71.454472}","{'@type': 'AggregateRating', 'ratingValue': 4.4, 'reviewCount': '34'}"
McDonald's® (196 S WILLOW ST),https://www.ubereats.com/manchester-nh/food-delivery/mcdonalds-196-s-willow-st/Y5esQpHDSa2BfUapd1Hk1g,bedford-new-hampshire,"['American', 'Burgers', 'Fast Food']",4.2,100,$,42.971158,-71.4546,+16036239259,3103,196 S WILLOW ST,MANCHESTER,NH,"[{'@type': 'OpeningHoursSpecification', 'dayOfWeek': 'Sunday', 'opens': '4:0', 'closes': '10:59'}, {'@type': 'OpeningHoursSpecification', 'dayOfWeek': 'Sunday', 'opens': '11:0', 'closes': '16:59'}, {'@type': 'OpeningHoursSpecification', 'dayOfWeek': 'Sunday', 'opens': '17:0', 'closes': '3:59'}, {'@type': 'OpeningHoursSpecification', 'dayOfWeek': ['Monday', 'Tuesday', 'Wednesday', 'Thursday', 'Friday', 'Saturday'], 'opens': '4:0', 'closes': '10:29'}, {'@type': 'OpeningHoursSpecification', 'dayOfWeek': ['Monday', 'Tuesday', 'Wednesday', 'Thursday', 'Friday', 'Saturday'], 'opens': '10:30', 'closes': '16:59'}, {'@type': 'OpeningHoursSpecification', 'dayOfWeek': ['Monday', 'Tuesday', 'Wednesday', 'Thursday', 'Friday', 'Saturday'], 'opens': '17:0', 'closes': '3:59'}]","{'@type': 'PostalAddress', 'addressLocality': 'MANCHESTER', 'addressRegion': 'NH', 'postalCode': '3103', 'addressCountry': 'US', 'streetAddress': '196 S WILLOW ST'}","{'@type': 'GeoCoordinates', 'latitude': 42.971158, 'longitude': -71.4546}","{'@type': 'AggregateRating', 'ratingValue': 4.2, 'reviewCount': '100'}"
Willie Jewell's Old School Bar-B-Q (Nashua),https://www.ubereats.com/manchester-nh/food-delivery/willie-jewells-old-school-bar-b-q-nashua/Mdt7pwSbS4yJbG4LqYeTFg,bedford-new-hampshire,"['BBQ', 'Comfort Food', 'American']",4.2,36,$,42.7993453,-71.532269,+16035080382,3063,569 Amherst Street,New Hampshire,Nashua,"[{'@type': 'OpeningHoursSpecification', 'dayOfWeek': ['Sunday', 'Monday', 'Tuesday', 'Wednesday'], 'opens': '11:0', 'closes': '20:0'}, {'@type': 'OpeningHoursSpecification', 'dayOfWeek': ['Thursday', 'Friday', 'Saturday'], 'opens': '11:0', 'closes': '21:0'}]","{'@type': 'PostalAddress', 'addressLocality': 'New Hampshire', 'addressRegion': 'Nashua', 'postalCode': '3063', 'addressCountry': 'US', 'streetAddress': '569 Amherst Street'}","{'@type': 'GeoCoordinates', 'latitude': 42.7993453, 'longitude': -71.532269}","{'@type': 'AggregateRating', 'ratingValue': 4.2, 'reviewCount': '36'}"
Giorgio's Ristorante,https://www.ubereats.com/manchester-nh/food-delivery/giorgios-ristorante/-kVR9keeSw2e_e484cAMtA,bedford-new-hampshire,"['Italian', 'Desserts']",4.6,95,$$,42.98413,-71.47165,+16032323323,,,,,"[{'@type': 'OpeningHoursSpecification', 'dayOfWeek': ['Monday', 'Tuesday', 'Wednesday', 'Thursday', 'Friday', 'Saturday', 'Sunday'], 'opens': '11:30', 'closes': '20:50'}]",,"{'@type': 'GeoCoordinates', 'latitude': 42.98413, 'longitude': -71.47165}","{'@type': 'AggregateRating', 'ratingValue': 4.6, 'reviewCount': '95'}"
Caesario's Pizza and Subs,https://www.ubereats.com/manchester-nh/food-delivery/caesarios-pizza-and-subs/86JcZSW5SJW_fL7p0eDvxA,bedford-new-hampshire,"['Pizza', 'Italian', 'Pasta']",4.6,14,$,42.99319879999999,-71.4626992,+18022818550,03101,1057 Elm St,Manchester,NH,"[{'@type': 'OpeningHoursSpecification', 'dayOfWeek': ['Tuesday', 'Wednesday', 'Thursday'], 'opens': '11:30', 'closes': '19:30'}, {'@type': 'OpeningHoursSpecification', 'dayOfWeek': 'Friday', 'opens': '11:30', 'closes': '20:30'}, {'@type': 'OpeningHoursSpecification', 'dayOfWeek': 'Saturday', 'opens': '13:0', 'closes': '20:30'}]","{'@type': 'PostalAddress', 'addressLocality': 'Manchester', 'addressRegion': 'NH', 'postalCode': '03101', 'addressCountry': 'US', 'streetAddress': '1057 Elm St'}","{'@type': 'GeoCoordinates', 'latitude': 42.99319879999999, 'longitude': -71.4626992}","{'@type': 'AggregateRating', 'ratingValue': 4.6, 'reviewCount': '14'}"
Burger King (623 Second Street),https://www.ubereats.com/manchester-nh/food-delivery/burger-king-623-second-street/LK90BJ0QSYu7XeZz11fJiw,bedford-new-hampshire,"['American', 'burger', 'Fast Food']",3.9,41,$,42.9732742,-71.47719719999999,+16036224307,3102,623 Second Street,Manchester,NH,"[{'@type': 'OpeningHoursSpecification', 'dayOfWeek': 'Sunday', 'opens': '7:30', 'closes': '10:29'}, {'@type': 'OpeningHoursSpecification', 'dayOfWeek': 'Sunday', 'opens': '10:30', 'closes': '23:30'}, {'@type': 'OpeningHoursSpecification', 'dayOfWeek': ['Monday', 'Tuesday', 'Wednesday', 'Thursday', 'Friday', 'Saturday'], 'opens': '6:30', 'closes': '10:29'}, {'@type': 'OpeningHoursSpecification', 'dayOfWeek': ['Monday', 'Tuesday', 'Wednesday', 'Thursday', 'Friday', 'Saturday'], 'opens': '10:30', 'closes': '23:30'}]","{'@type': 'PostalAddress', 'addressLocality': 'Manchester', 'addressRegion': 'NH', 'postalCode': '3102', 'addressCountry': 'US', 'streetAddress': '623 Second Street'}","{'@type': 'GeoCoordinates', 'latitude': 42.9732742, 'longitude': -71.47719719999999}","{'@type': 'AggregateRating', 'ratingValue': 3.9, 'reviewCount': '41'}"
Ritus’s Spice Utsav,https://www.ubereats.com/manchester-nh/food-delivery/rituss-spice-utsav/UBFkvi4RQ0SY6EXfkLreOA,bedford-new-hampshire,['Indian'],,,$,42.975766,-71.47933,+16038365652,03102,484 S Main St,Manchester,New Hampshire,"[{'@type': 'OpeningHoursSpecification', 'dayOfWeek': 'Sunday', 'opens': '11:30', 'closes': '15:0'}, {'@type': 'OpeningHoursSpecification', 'dayOfWeek': 'Sunday', 'opens': '17:0', 'closes': '21:30'}, {'@type': 'OpeningHoursSpecification', 'dayOfWeek': ['Tuesday', 'Wednesday', 'Thursday', 'Friday', 'Saturday'], 'opens': '11:30', 'closes': '15:0'}, {'@type': 'OpeningHoursSpecification', 'dayOfWeek': ['Tuesday', 'Wednesday', 'Thursday', 'Friday', 'Saturday'], 'opens': '17:0', 'closes': '21:30'}]","{'@type': 'PostalAddress', 'addressLocality': 'Manchester', 'addressRegion': 'New Hampshire', 'postalCode': '03102', 'addressCountry': 'US', 'streetAddress': '484 S Main St'}","{'@type': 'GeoCoordinates', 'latitude': 42.975766, 'longitude': -71.47933}",{}
Bamboo Garden,https://www.ubereats.com/manchester-nh/food-delivery/bamboo-garden/S1ZMfGqkR5eGHyKtZ2xABw,bedford-new-hampshire,"['Chinese', 'Asian', 'Asian Fusion']",,,$,42.98357499999999,-71.45032979999999,+16036240009,3103,329 Lincoln St,Manchester,NH,"[{'@type': 'OpeningHoursSpecification', 'dayOfWeek': ['Monday', 'Tuesday', 'Wednesday', 'Thursday', 'Friday', 'Saturday', 'Sunday'], 'opens': '12:0', 'closes': '21:0'}, {'@type': 'OpeningHoursSpecification', 'dayOfWeek': ['Monday', 'Tuesday', 'Wednesday', 'Thursday', 'Friday', 'Saturday', 'Sunday'], 'opens': '11:0', 'closes': '15:0'}]","{'@type': 'PostalAddress', 'addressLocality': 'Manchester', 'addressRegion': 'NH', 'postalCode': '3103', 'addressCountry': 'US', 'streetAddress': '329 Lincoln St'}","{'@type': 'GeoCoordinates', 'latitude': 42.98357499999999, 'longitude': -71.45032979999999}",{}
1750 Taphouse,https://www.ubereats.com/manchester-nh/food-delivery/1750-taphouse/JJJr43-WTI-61woq-pshZg,bedford-new-hampshire,"['Burgers', 'American', 'Sandwiches']",4.4,32,$,42.94063989999999,-71.5199054,+16034882573,3110,170 Route 101,Bedford,NH,"[{'@type': 'OpeningHoursSpecification', 'dayOfWeek': 'Sunday', 'opens': '12:0', 'closes': '20:15'}, {'@type': 'OpeningHoursSpecification', 'dayOfWeek': ['Monday', 'Tuesday', 'Wednesday', 'Thursday', 'Friday'], 'opens': '16:0', 'closes': '20:15'}, {'@type': 'OpeningHoursSpecification', 'dayOfWeek': 'Saturday', 'opens': '12:0', 'closes': '20:15'}]","{'@type': 'PostalAddress', 'addressLocality': 'Bedford', 'addressRegion': 'NH', 'postalCode': '3110', 'addressCountry': 'US', 'streetAddress': '170 Route 101'}","{'@type': 'GeoCoordinates', 'latitude': 42.94063989999999, 'longitude': -71.5199054}","{'@type': 'AggregateRating', 'ratingValue': 4.4, 'reviewCount': '32'}"
The Friendly Toast - Bedford,https://www.ubereats.com/manchester-nh/food-delivery/the-friendly-toast-bedford/evqd640sTmalzhfo2b2r_g,bedford-new-hampshire,"['Burgers', 'American', 'Sandwiches', 'Breakfast and Brunch', 'Healthy']",4.9,13,$,42.9531773,-71.47678359999999,+16038366238,03110,125 S River Rd,Bedford,NH,"[{'@type': 'OpeningHoursSpecification', 'dayOfWeek': ['Monday', 'Tuesday', 'Wednesday', 'Thursday', 'Friday', 'Saturday', 'Sunday'], 'opens': '8:0', 'closes': '19:30'}]","{'@type': 'PostalAddress', 'addressLocality': 'Bedford', 'addressRegion': 'NH', 'postalCode': '03110', 'addressCountry': 'US', 'streetAddress': '125 S River Rd'}","{'@type': 'GeoCoordinates', 'latitude': 42.9531773, 'longitude': -71.47678359999999}","{'@type': 'AggregateRating', 'ratingValue': 4.9, 'reviewCount': '13'}"
Cheng Du Kitchen,https://www.ubereats.com/manchester-nh/food-delivery/cheng-du-kitchen/GCOlAG8BSSGL-zcKjoQLgw,bedford-new-hampshire,['Chinese'],4.5,76,$,43.016841064479436,-71.44981300159188,+16036261689,03104,665 Hooksett Rd,Manchester,New Hampshire,"[{'@type': 'OpeningHoursSpecification', 'dayOfWeek': 'Sunday', 'opens': '12:0', 'closes': '21:30'}, {'@type': 'OpeningHoursSpecification', 'dayOfWeek': ['Tuesday', 'Wednesday', 'Thursday'], 'opens': '11:29', 'closes': '21:30'}, {'@type': 'OpeningHoursSpecification', 'dayOfWeek': ['Tuesday', 'Wednesday', 'Thursday'], 'opens': '11:0', 'closes': '15:0'}, {'@type': 'OpeningHoursSpecification', 'dayOfWeek': ['Tuesday', 'Wednesday', 'Thursday'], 'opens': '15:0', 'closes': '21:0'}, {'@type': 'OpeningHoursSpecification', 'dayOfWeek': ['Friday', 'Saturday'], 'opens': '11:30', 'closes': '22:0'}, {'@type': 'OpeningHoursSpecification', 'dayOfWeek': ['Friday', 'Saturday'], 'opens': '11:0', 'closes': '15:0'}, {'@type': 'OpeningHoursSpecification', 'dayOfWeek': ['Friday', 'Saturday'], 'opens': '15:0', 'closes': '21:0'}]","{'@type': 'PostalAddress', 'addressLocality': 'Manchester', 'addressRegion': 'New Hampshire', 'postalCode': '03104', 'addressCountry': 'US', 'streetAddress': '665 Hooksett Rd'}","{'@type': 'GeoCoordinates', 'latitude': 43.016841064479436, 'longitude': -71.44981300159188}","{'@type': 'AggregateRating', 'ratingValue': 4.5, 'reviewCount': '76'}"
Burger King (622 S. Willow St.),https://www.ubereats.com/manchester-nh/food-delivery/burger-king-622-s-willow-st/lQohO-cGRAad0qqJYmUBzw,bedford-new-hampshire,"['American', 'burger', 'Fast Food']",4.3,50,$,42.9655426,-71.4470852,+16036233636,3103,622 S. Willow St.,Manchester,NH,"[{'@type': 'OpeningHoursSpecification', 'dayOfWeek': 'Sunday', 'opens': '7:30', 'closes': '10:29'}, {'@type': 'OpeningHoursSpecification', 'dayOfWeek': 'Sunday', 'opens': '10:30', 'closes': '23:30'}, {'@type': 'OpeningHoursSpecification', 'dayOfWeek': ['Monday', 'Tuesday', 'Wednesday', 'Thursday', 'Friday', 'Saturday'], 'opens': '6:30', 'closes': '10:29'}, {'@type': 'OpeningHoursSpecification', 'dayOfWeek': ['Monday', 'Tuesday', 'Wednesday', 'Thursday', 'Friday', 'Saturday'], 'opens': '10:30', 'closes': '23:30'}]","{'@type': 'PostalAddress', 'addressLocality': 'Manchester', 'addressRegion': 'NH', 'postalCode': '3103', 'addressCountry': 'US', 'streetAddress': '622 S. Willow St.'}","{'@type': 'GeoCoordinates', 'latitude': 42.9655426, 'longitude': -71.4470852}","{'@type': 'AggregateRating', 'ratingValue': 4.3, 'reviewCount': '50'}"
Prime Time Grilled Cheese,https://www.ubereats.com/manchester-nh/food-delivery/prime-time-grilled-cheese/ceYES1ZWTpyCxFA9Lq3wew,bedford-new-hampshire,"['American', 'Sandwich']",,,$,42.9403213,-71.44990360000001,+16032620836,03103,6 Pond Dr,Manchester,NH,"[{'@type': 'OpeningHoursSpecification', 'dayOfWeek': 'Friday', 'opens': '9:30', 'closes': '18:0'}]","{'@type': 'PostalAddress', 'addressLocality': 'Manchester', 'addressRegion': 'NH', 'postalCode': '03103', 'addressCountry': 'US', 'streetAddress': '6 Pond Dr'}","{'@type': 'GeoCoordinates', 'latitude': 42.9403213, 'longitude': -71.44990360000001}",{}
Ben & Jerry's (Manchester),https://www.ubereats.com/manchester-nh/food-delivery/ben-%26-jerrys-manchester/NzlHfQWJSY2DFLJFEOFs1Q,bedford-new-hampshire,"['Desserts', 'Vegetarian', 'Ice Cream and Frozen Yogurt', 'Allergy Friendly']",4.9,100,$,42.9916067,-71.46324779999999,+16032353228,03101,940 Elm St,Manchester,NH,"[{'@type': 'OpeningHoursSpecification', 'dayOfWeek': ['Monday', 'Tuesday', 'Wednesday', 'Thursday', 'Friday', 'Saturday', 'Sunday'], 'opens': '11:0', 'closes': '22:15'}]","{'@type': 'PostalAddress', 'addressLocality': 'Manchester', 'addressRegion': 'NH', 'postalCode': '03101', 'addressCountry': 'US', 'streetAddress': '940 Elm St'}","{'@type': 'GeoCoordinates', 'latitude': 42.9916067, 'longitude': -71.46324779999999}","{'@type': 'AggregateRating', 'ratingValue': 4.9, 'reviewCount': '100'}"
KFC (955 Second Street),https://www.ubereats.com/manchester-nh/food-delivery/kfc-955-second-street/B1u50Go5SiOQDeSEQJ2eTw,bedford-new-hampshire,"['American', 'Fast Food', 'wings']",4.0,100,$,42.9678345,-71.480374,+16036684805,3102,955 Second Street,Manchester,NH,"[{'@type': 'OpeningHoursSpecification', 'dayOfWeek': ['Monday', 'Tuesday', 'Wednesday', 'Thursday', 'Friday', 'Saturday', 'Sunday'], 'opens': '10:30', 'closes': '22:0'}]","{'@type': 'PostalAddress', 'addressLocality': 'Manchester', 'addressRegion': 'NH', 'postalCode': '3102', 'addressCountry': 'US', 'streetAddress': '955 Second Street'}","{'@type': 'GeoCoordinates', 'latitude': 42.9678345, 'longitude': -71.480374}","{'@type': 'AggregateRating', 'ratingValue': 4, 'reviewCount': '100'}"
Pizza 911 (Goffstown),https://www.ubereats.com/manchester-nh/food-delivery/pizza-911-goffstown/MVN0r7h3TDW-q37q-DWhIw,bedford-new-hampshire,"['Pizza', 'American', 'Italian']",4.2,16,$,42.9907846,-71.500663,+16032327667,03102,742 Mast Rd,Goffstown,NH,"[{'@type': 'OpeningHoursSpecification', 'dayOfWeek': ['Sunday', 'Monday', 'Tuesday', 'Wednesday', 'Thursday'], 'opens': '11:0', 'closes': '20:0'}, {'@type': 'OpeningHoursSpecification', 'dayOfWeek': ['Sunday', 'Monday', 'Tuesday', 'Wednesday', 'Thursday'], 'opens': '11:0', 'closes': '15:0'}, {'@type': 'OpeningHoursSpecification', 'dayOfWeek': ['Friday', 'Saturday'], 'opens': '11:0', 'closes': '20:30'}, {'@type': 'OpeningHoursSpecification', 'dayOfWeek': ['Friday', 'Saturday'], 'opens': '11:0', 'closes': '15:0'}]","{'@type': 'PostalAddress', 'addressLocality': 'Goffstown', 'addressRegion': 'NH', 'postalCode': '03102', 'addressCountry': 'US', 'streetAddress': '742 Mast Rd'}","{'@type': 'GeoCoordinates', 'latitude': 42.9907846, 'longitude': -71.500663}","{'@type': 'AggregateRating', 'ratingValue': 4.2, 'reviewCount': '16'}"
Applebee's (581 2nd St Shops) #81038,https://www.ubereats.com/manchester-nh/food-delivery/applebees-581-2nd-st-shops-%2381038/7tlYeJ8ZTZ-WTEgT8l9O4Q,bedford-new-hampshire,"['American', 'Bar Food', 'BBQ', 'burger', 'Chicken Strips', 'Comfort Food', 'Dinner', 'pasta', 'salad', 'Sandwich', 'Soup', 'Steak', 'Traditional American', 'wings']",4.7,100,$$,42.9747957,-71.4764088,+16036411000,,,,,"[{'@type': 'OpeningHoursSpecification', 'dayOfWeek': ['Sunday', 'Monday', 'Tuesday', 'Wednesday', 'Thursday'], 'opens': '11:0', 'closes': '23:29'}, {'@type': 'OpeningHoursSpecification', 'dayOfWeek': ['Friday', 'Saturday'], 'opens': '11:0', 'closes': '0:30'}]",,"{'@type': 'GeoCoordinates', 'latitude': 42.9747957, 'longitude': -71.4764088}","{'@type': 'AggregateRating', 'ratingValue': 4.7, 'reviewCount': '100'}"
Pizza 911 (Webster St.),https://www.ubereats.com/manchester-nh/food-delivery/pizza-911-webster-st/UHw9lzGUT8ipG4Rij08VBQ,bedford-new-hampshire,"['Pizza', 'American', 'Italian']",4.5,100,$,43.0072864,-71.4593186,+16036252201,03104,108 Webster St,Manchester,NH,"[{'@type': 'OpeningHoursSpecification', 'dayOfWeek': ['Sunday', 'Monday', 'Tuesday', 'Wednesday', 'Thursday'], 'opens': '11:0', 'closes': '22:0'}, {'@type': 'OpeningHoursSpecification', 'dayOfWeek': ['Sunday', 'Monday', 'Tuesday', 'Wednesday', 'Thursday'], 'opens': '11:0', 'closes': '15:0'}, {'@type': 'OpeningHoursSpecification', 'dayOfWeek': ['Friday', 'Saturday'], 'opens': '11:0', 'closes': '23:0'}, {'@type': 'OpeningHoursSpecification', 'dayOfWeek': ['Friday', 'Saturday'], 'opens': '11:0', 'closes': '15:0'}]","{'@type': 'PostalAddress', 'addressLocality': 'Manchester', 'addressRegion': 'NH', 'postalCode': '03104', 'addressCountry': 'US', 'streetAddress': '108 Webster St'}","{'@type': 'GeoCoordinates', 'latitude': 43.0072864, 'longitude': -71.4593186}","{'@type': 'AggregateRating', 'ratingValue': 4.5, 'reviewCount': '100'}"
Wendy's  (860 CANDIA ROAD),https://www.ubereats.com/manchester-nh/food-delivery/wendys-860-candia-road/JCdZDLsNSgqsNmZ845IVQg,bedford-new-hampshire,"['American', 'Burgers', 'Fast Food']",3.9,20,$,42.9852008,-71.41251919999999,+16032229074,3109,860 CANDIA ROAD,MANCHESTER,NH,"[{'@type': 'OpeningHoursSpecification', 'dayOfWeek': ['Sunday', 'Monday', 'Tuesday', 'Wednesday', 'Thursday'], 'opens': '10:30', 'closes': '23:30'}, {'@type': 'OpeningHoursSpecification', 'dayOfWeek': ['Sunday', 'Monday', 'Tuesday', 'Wednesday', 'Thursday'], 'opens': '7:30', 'closes': '10:0'}, {'@type': 'OpeningHoursSpecification', 'dayOfWeek': ['Friday', 'Saturday'], 'opens': '10:30', 'closes': '0:30'}, {'@type': 'OpeningHoursSpecification', 'dayOfWeek': ['Friday', 'Saturday'], 'opens': '7:30', 'closes': '10:0'}]","{'@type': 'PostalAddress', 'addressLocality': 'MANCHESTER', 'addressRegion': 'NH', 'postalCode': '3109', 'addressCountry': 'US', 'streetAddress': '860 CANDIA ROAD'}","{'@type': 'GeoCoordinates', 'latitude': 42.9852008, 'longitude': -71.41251919999999}","{'@type': 'AggregateRating', 'ratingValue': 3.9, 'reviewCount': '20'}"
Carrabba's (2 Upjohn Street),https://www.ubereats.com/manchester-nh/food-delivery/carrabbas-2-upjohn-street/FCRwiQPRQAmESKElt5aPJQ,bedford-new-hampshire,['Italian'],4.5,64,$$,42.952561,-71.47691,+16036410004,3110,2 Upjohn Street,Bedford,NH,"[{'@type': 'OpeningHoursSpecification', 'dayOfWeek': 'Sunday', 'opens': '11:0', 'closes': '21:0'}, {'@type': 'OpeningHoursSpecification', 'dayOfWeek': ['Monday', 'Tuesday', 'Wednesday', 'Thursday'], 'opens': '11:0', 'closes': '22:0'}, {'@type': 'OpeningHoursSpecification', 'dayOfWeek': ['Friday', 'Saturday'], 'opens': '11:0', 'closes': '23:0'}]","{'@type': 'PostalAddress', 'addressLocality': 'Bedford', 'addressRegion': 'NH', 'postalCode': '3110', 'addressCountry': 'US', 'streetAddress': '2 Upjohn Street'}","{'@type': 'GeoCoordinates', 'latitude': 42.952561, 'longitude': -71.47691}","{'@type': 'AggregateRating', 'ratingValue': 4.5, 'reviewCount': '64'}"
MO Fried Chicken,https://www.ubereats.com/manchester-nh/food-delivery/mo-fried-chicken/d3ZBr6WDR8S1EalEc-BqxQ,bedford-new-hampshire,"['Comfort Food', 'American', 'Wings']",,,$,42.9775023,-71.44844259999999,+16035188842,03103,168 Wilson St,Manchester,New Hampshire,"[{'@type': 'OpeningHoursSpecification', 'dayOfWeek': ['Monday', 'Tuesday', 'Wednesday', 'Thursday', 'Friday', 'Saturday', 'Sunday'], 'opens': '11:30', 'closes': '21:30'}]","{'@type': 'PostalAddress', 'addressLocality': 'Manchester', 'addressRegion': 'New Hampshire', 'postalCode': '03103', 'addressCountry': 'US', 'streetAddress': '168 Wilson St'}","{'@type': 'GeoCoordinates', 'latitude': 42.9775023, 'longitude': -71.44844259999999}",{}
Olympus Pizza,https://www.ubereats.com/manchester-nh/food-delivery/olympus-pizza/65ApwPq3SBagc0sCfDIowA,bedford-new-hampshire,"['Pizza', 'American', 'Italian']",4.3,40,$,42.9821795,-71.45027050000002,+16036445559,3103,506 Valley St,Manchester,NH,"[{'@type': 'OpeningHoursSpecification', 'dayOfWeek': 'Sunday', 'opens': '12:0', 'closes': '20:30'}, {'@type': 'OpeningHoursSpecification', 'dayOfWeek': 'Sunday', 'opens': '12:0', 'closes': '20:30'}, {'@type': 'OpeningHoursSpecification', 'dayOfWeek': ['Monday', 'Tuesday', 'Wednesday'], 'opens': '11:0', 'closes': '21:30'}, {'@type': 'OpeningHoursSpecification', 'dayOfWeek': ['Monday', 'Tuesday', 'Wednesday'], 'opens': '11:0', 'closes': '21:30'}, {'@type': 'OpeningHoursSpecification', 'dayOfWeek': ['Thursday', 'Friday', 'Saturday'], 'opens': '11:0', 'closes': '22:30'}, {'@type': 'OpeningHoursSpecification', 'dayOfWeek': ['Thursday', 'Friday', 'Saturday'], 'opens': '11:0', 'closes': '22:30'}]","{'@type': 'PostalAddress', 'addressLocality': 'Manchester', 'addressRegion': 'NH', 'postalCode': '3103', 'addressCountry': 'US', 'streetAddress': '506 Valley St'}","{'@type': 'GeoCoordinates', 'latitude': 42.9821795, 'longitude': -71.45027050000002}","{'@type': 'AggregateRating', 'ratingValue': 4.3, 'reviewCount': '40'}"
The Smoothie Bus Shoppe,https://www.ubereats.com/manchester-nh/food-delivery/the-smoothie-bus-shoppe/EgWAtZcyQY6I0uqzYg1W-A,bedford-new-hampshire,"['Juice and Smoothies', 'Healthy', 'Vegetarian Friendly']",4.9,15,$,42.9926726,-71.46425789999999,+16038581030,,,,,"[{'@type': 'OpeningHoursSpecification', 'dayOfWeek': ['Monday', 'Tuesday', 'Wednesday', 'Thursday', 'Friday'], 'opens': '8:0', 'closes': '16:0'}, {'@type': 'OpeningHoursSpecification', 'dayOfWeek': 'Saturday', 'opens': '10:0', 'closes': '16:0'}]",,"{'@type': 'GeoCoordinates', 'latitude': 42.9926726, 'longitude': -71.46425789999999}","{'@type': 'AggregateRating', 'ratingValue': 4.9, 'reviewCount': '15'}"
IHOP (224 South River Road),https://www.ubereats.com/manchester-nh/food-delivery/ihop-224-south-river-road/iGxNhYvGRnSIbE6T0Duj1Q,bedford-new-hampshire,"['American', 'Breakfast and Brunch', 'burger', 'Comfort Food', 'Dinner', 'Omelette', 'salad', 'Traditional American']",4.5,76,$,42.9422056,-71.47293049999999,+16032960236,,,,,"[{'@type': 'OpeningHoursSpecification', 'dayOfWeek': ['Sunday', 'Monday', 'Tuesday', 'Wednesday', 'Thursday'], 'opens': '7:0', 'closes': '19:50'}, {'@type': 'OpeningHoursSpecification', 'dayOfWeek': ['Friday', 'Saturday'], 'opens': '7:0', 'closes': '20:50'}]",,"{'@type': 'GeoCoordinates', 'latitude': 42.9422056, 'longitude': -71.47293049999999}","{'@type': 'AggregateRating', 'ratingValue': 4.5, 'reviewCount': '76'}"
Lemon thai and sushi,https://www.ubereats.com/manchester-nh/food-delivery/lemon-thai-and-sushi/WWUKJACrSzWSgLiNBcWjvg,bedford-new-hampshire,"['Asian Fusion', 'Sushi']",4.7,100,$$,42.97593029999999,-71.4792274,+16032183879,03102,470 S Main St,Manchester,NH,"[{'@type': 'OpeningHoursSpecification', 'dayOfWeek': 'Sunday', 'opens': '12:0', 'closes': '14:55'}, {'@type': 'OpeningHoursSpecification', 'dayOfWeek': 'Sunday', 'opens': '16:0', 'closes': '20:55'}, {'@type': 'OpeningHoursSpecification', 'dayOfWeek': 'Monday', 'opens': '11:0', 'closes': '14:55'}, {'@type': 'OpeningHoursSpecification', 'dayOfWeek': 'Monday', 'opens': '16:0', 'closes': '20:55'}, {'@type': 'OpeningHoursSpecification', 'dayOfWeek': ['Wednesday', 'Thursday'], 'opens': '11:0', 'closes': '14:55'}, {'@type': 'OpeningHoursSpecification', 'dayOfWeek': ['Wednesday', 'Thursday'], 'opens': '16:0', 'closes': '20:55'}, {'@type': 'OpeningHoursSpecification', 'dayOfWeek': ['Friday', 'Saturday'], 'opens': '11:0', 'closes': '14:55'}, {'@type': 'OpeningHoursSpecification', 'dayOfWeek': ['Friday', 'Saturday'], 'opens': '16:0', 'closes': '21:25'}]","{'@type': 'PostalAddress', 'addressLocality': 'Manchester', 'addressRegion': 'NH', 'postalCode': '03102', 'addressCountry': 'US', 'streetAddress': '470 S Main St'}","{'@type': 'GeoCoordinates', 'latitude': 42.97593029999999, 'longitude': -71.4792274}","{'@type': 'AggregateRating', 'ratingValue': 4.7, 'reviewCount': '100'}"
XO Bistro (Manchester),https://www.ubereats.com/manchester-nh/food-delivery/xo-bistro-manchester/JJfbRjx4Q_mpLKXeQsnd8g,bedford-new-hampshire,"['Burgers', 'American', 'Sandwiches']",,,$,42.990072,-71.46254189999999,+16035607998,03101,827 Elm St,Manchester,NH,"[{'@type': 'OpeningHoursSpecification', 'dayOfWeek': ['Monday', 'Tuesday', 'Wednesday', 'Thursday', 'Friday', 'Saturday'], 'opens': '11:0', 'closes': '20:0'}]","{'@type': 'PostalAddress', 'addressLocality': 'Manchester', 'addressRegion': 'NH', 'postalCode': '03101', 'addressCountry': 'US', 'streetAddress': '827 Elm St'}","{'@type': 'GeoCoordinates', 'latitude': 42.990072, 'longitude': -71.46254189999999}",{}
McDonald's® (569 MAST RD),https://www.ubereats.com/manchester-nh/food-delivery/mcdonalds-569-mast-rd/1iKhp5-5RZmR6ZCIrqIu9g,bedford-new-hampshire,"['American', 'Burgers', 'Fast Food']",4.4,34,$,42.999947,-71.515711,+16036251278,3045,569 MAST RD,GOFFSTOWN,NH,"[{'@type': 'OpeningHoursSpecification', 'dayOfWeek': ['Sunday', 'Monday', 'Tuesday', 'Wednesday', 'Thursday'], 'opens': '5:0', 'closes': '10:29'}, {'@type': 'OpeningHoursSpecification', 'dayOfWeek': ['Sunday', 'Monday', 'Tuesday', 'Wednesday', 'Thursday'], 'opens': '10:30', 'closes': '16:59'}, {'@type': 'OpeningHoursSpecification', 'dayOfWeek': ['Sunday', 'Monday', 'Tuesday', 'Wednesday', 'Thursday'], 'opens': '17:0', 'closes': '23:44'}, {'@type': 'OpeningHoursSpecification', 'dayOfWeek': ['Friday', 'Saturday'], 'opens': '5:0', 'closes': '10:59'}, {'@type': 'OpeningHoursSpecification', 'dayOfWeek': ['Friday', 'Saturday'], 'opens': '11:0', 'closes': '16:59'}, {'@type': 'OpeningHoursSpecification', 'dayOfWeek': ['Friday', 'Saturday'], 'opens': '17:0', 'closes': '0:45'}]","{'@type': 'PostalAddress', 'addressLocality': 'GOFFSTOWN', 'addressRegion': 'NH', 'postalCode': '3045', 'addressCountry': 'US', 'streetAddress': '569 MAST RD'}","{'@type': 'GeoCoordinates', 'latitude': 42.999947, 'longitude': -71.515711}","{'@type': 'AggregateRating', 'ratingValue': 4.4, 'reviewCount': '34'}"
Cracker Barrel Old Country Store (16 Nashua Rd),https://www.ubereats.com/manchester-nh/food-delivery/cracker-barrel-old-country-store-16-nashua-rd/LucGOS18SRarMlGk2SU-Ew,bedford-new-hampshire,"['Burgers', 'American', 'Sandwiches']",4.0,33,$,42.87373659999999,-71.339326,+16034348804,3053,16 Nashua Rd,Londonderry,NH,"[{'@type': 'OpeningHoursSpecification', 'dayOfWeek': ['Sunday', 'Monday', 'Tuesday', 'Wednesday', 'Thursday'], 'opens': '10:30', 'closes': '20:0'}, {'@type': 'OpeningHoursSpecification', 'dayOfWeek': ['Sunday', 'Monday', 'Tuesday', 'Wednesday', 'Thursday'], 'opens': '7:30', 'closes': '20:0'}, {'@type': 'OpeningHoursSpecification', 'dayOfWeek': ['Sunday', 'Monday', 'Tuesday', 'Wednesday', 'Thursday'], 'opens': '7:30', 'closes': '20:0'}, {'@type': 'OpeningHoursSpecification', 'dayOfWeek': ['Friday', 'Saturday'], 'opens': '10:30', 'closes': '21:0'}, {'@type': 'OpeningHoursSpecification', 'dayOfWeek': ['Friday', 'Saturday'], 'opens': '7:30', 'closes': '21:0'}, {'@type': 'OpeningHoursSpecification', 'dayOfWeek': ['Friday', 'Saturday'], 'opens': '7:30', 'closes': '21:0'}]","{'@type': 'PostalAddress', 'addressLocality': 'Londonderry', 'addressRegion': 'NH', 'postalCode': '3053', 'addressCountry': 'US', 'streetAddress': '16 Nashua Rd'}","{'@type': 'GeoCoordinates', 'latitude': 42.87373659999999, 'longitude': -71.339326}","{'@type': 'AggregateRating', 'ratingValue': 4, 'reviewCount': '33'}"
McDonald's® (2287 BROWN AVE),https://www.ubereats.com/manchester-nh/food-delivery/mcdonalds-2287-brown-ave/D2QtPc76SfGjtt89DCthJw,bedford-new-hampshire,"['American', 'Burgers', 'Fast Food']",4.7,51,$,42.94538999999999,-71.4519675,+16036470000,,,,,"[{'@type': 'OpeningHoursSpecification', 'dayOfWeek': 'Sunday', 'opens': '5:0', 'closes': '10:59'}, {'@type': 'OpeningHoursSpecification', 'dayOfWeek': 'Sunday', 'opens': '11:0', 'closes': '16:59'}, {'@type': 'OpeningHoursSpecification', 'dayOfWeek': 'Sunday', 'opens': '17:0', 'closes': '23:44'}, {'@type': 'OpeningHoursSpecification', 'dayOfWeek': ['Monday', 'Tuesday', 'Wednesday', 'Thursday', 'Friday', 'Saturday'], 'opens': '5:0', 'closes': '10:29'}, {'@type': 'OpeningHoursSpecification', 'dayOfWeek': ['Monday', 'Tuesday', 'Wednesday', 'Thursday', 'Friday', 'Saturday'], 'opens': '10:30', 'closes': '16:59'}, {'@type': 'OpeningHoursSpecification', 'dayOfWeek': ['Monday', 'Tuesday', 'Wednesday', 'Thursday', 'Friday', 'Saturday'], 'opens': '17:0', 'closes': '23:44'}]",,"{'@type': 'GeoCoordinates', 'latitude': 42.94538999999999, 'longitude': -71.4519675}","{'@type': 'AggregateRating', 'ratingValue': 4.7, 'reviewCount': '51'}"
"Starbucks (Manchester, S. Willow St.)",https://www.ubereats.com/manchester-nh/food-delivery/starbucks-manchester-s-willow-st/INXDDQuKSgGu0Nf8C6RhQw,bedford-new-hampshire,"['Bakery', 'Breakfast and Brunch', 'Cafe', 'Coffee & Tea']",4.6,82,$,42.9602947,-71.43915919999999,+16036414839,3103,1111 South Willow St,Manchester,NH,"[{'@type': 'OpeningHoursSpecification', 'dayOfWeek': ['Monday', 'Tuesday', 'Wednesday', 'Thursday', 'Friday', 'Saturday', 'Sunday'], 'opens': '6:0', 'closes': '20:0'}]","{'@type': 'PostalAddress', 'addressLocality': 'Manchester', 'addressRegion': 'NH', 'postalCode': '3103', 'addressCountry': 'US', 'streetAddress': '1111 South Willow St'}","{'@type': 'GeoCoordinates', 'latitude': 42.9602947, 'longitude': -71.43915919999999}","{'@type': 'AggregateRating', 'ratingValue': 4.6, 'reviewCount': '82'}"
Panera (7 Colby Court),https://www.ubereats.com/manchester-nh/food-delivery/panera-7-colby-court/afAvnYvySU6qf75CaUXGmg,bedford-new-hampshire,"['Breakfast and Brunch', 'salad', 'Sandwich']",4.5,32,$,42.9642802,-71.48298,+16036410500,3110,7 Colby Court,Bedford,NH,"[{'@type': 'OpeningHoursSpecification', 'dayOfWeek': 'Sunday', 'opens': '6:0', 'closes': '20:30'}, {'@type': 'OpeningHoursSpecification', 'dayOfWeek': ['Monday', 'Tuesday', 'Wednesday', 'Thursday'], 'opens': '6:0', 'closes': '21:0'}, {'@type': 'OpeningHoursSpecification', 'dayOfWeek': ['Friday', 'Saturday'], 'opens': '6:0', 'closes': '21:30'}]","{'@type': 'PostalAddress', 'addressLocality': 'Bedford', 'addressRegion': 'NH', 'postalCode': '3110', 'addressCountry': 'US', 'streetAddress': '7 Colby Court'}","{'@type': 'GeoCoordinates', 'latitude': 42.9642802, 'longitude': -71.48298}","{'@type': 'AggregateRating', 'ratingValue': 4.5, 'reviewCount': '32'}"
Kathmandu Spice,https://www.ubereats.com/manchester-nh/food-delivery/kathmandu-spice/ybxUZrohStC_WSPUQwbFYQ,bedford-new-hampshire,['Indian'],4.8,37,$,42.96809899999999,-71.45151899999999,+16037823911,,,,,"[{'@type': 'OpeningHoursSpecification', 'dayOfWeek': ['Sunday', 'Monday', 'Tuesday'], 'opens': '11:0', 'closes': '21:30'}, {'@type': 'OpeningHoursSpecification', 'dayOfWeek': 'Wednesday', 'opens': '16:0', 'closes': '21:30'}, {'@type': 'OpeningHoursSpecification', 'dayOfWeek': ['Thursday', 'Friday', 'Saturday'], 'opens': '11:0', 'closes': '21:30'}]",,"{'@type': 'GeoCoordinates', 'latitude': 42.96809899999999, 'longitude': -71.45151899999999}","{'@type': 'AggregateRating', 'ratingValue': 4.8, 'reviewCount': '37'}"
Starbucks (South River Rd & Kilton Rd.),https://www.ubereats.com/manchester-nh/food-delivery/starbucks-south-river-rd-%26-kilton-rd/h_3YYYujQEOMDn2sfOD-jw,bedford-new-hampshire,"['Bakery', 'Breakfast and Brunch', 'Cafe', 'Coffee & Tea']",4.9,33,$,42.956644,-71.47812499999999,+16036264689,3110,93 South River Road,Bedford,NH,"[{'@type': 'OpeningHoursSpecification', 'dayOfWeek': ['Monday', 'Tuesday', 'Wednesday', 'Thursday', 'Friday', 'Saturday', 'Sunday'], 'opens': '5:30', 'closes': '20:0'}]","{'@type': 'PostalAddress', 'addressLocality': 'Bedford', 'addressRegion': 'NH', 'postalCode': '3110', 'addressCountry': 'US', 'streetAddress': '93 South River Road'}","{'@type': 'GeoCoordinates', 'latitude': 42.956644, 'longitude': -71.47812499999999}","{'@type': 'AggregateRating', 'ratingValue': 4.9, 'reviewCount': '33'}"
Uno Pizzeria & Grill (#507),https://www.ubereats.com/manchester-nh/food-delivery/uno-pizzeria-%26-grill-%23507/1_58U3XNTZmiC-IkYtUB0g,bedford-new-hampshire,"['Pizza', 'Sandwich', 'Salads', 'Healthy', 'Vegetarian']",4.6,23,$$,42.8005101,-71.5354413,+16038864132,03063,593 Amherst St.,Nashua,NH,"[{'@type': 'OpeningHoursSpecification', 'dayOfWeek': ['Sunday', 'Monday', 'Tuesday', 'Wednesday', 'Thursday'], 'opens': '12:0', 'closes': '20:30'}, {'@type': 'OpeningHoursSpecification', 'dayOfWeek': ['Friday', 'Saturday'], 'opens': '12:0', 'closes': '21:30'}]","{'@type': 'PostalAddress', 'addressLocality': 'Nashua', 'addressRegion': 'NH', 'postalCode': '03063', 'addressCountry': 'US', 'streetAddress': '593 Amherst St.'}","{'@type': 'GeoCoordinates', 'latitude': 42.8005101, 'longitude': -71.5354413}","{'@type': 'AggregateRating', 'ratingValue': 4.6, 'reviewCount': '23'}"
Taj India,https://www.ubereats.com/manchester-nh/food-delivery/taj-india/clias-nzRPqDWdwSVnn3HQ,bedford-new-hampshire,"['Indian', 'Vegetarian', 'Asian']",4.7,83,$,42.9919378,-71.4626617,+16036062677,,,,,"[{'@type': 'OpeningHoursSpecification', 'dayOfWeek': 'Sunday', 'opens': '12:0', 'closes': '20:0'}, {'@type': 'OpeningHoursSpecification', 'dayOfWeek': ['Monday', 'Tuesday', 'Wednesday', 'Thursday'], 'opens': '11:30', 'closes': '14:0'}, {'@type': 'OpeningHoursSpecification', 'dayOfWeek': ['Monday', 'Tuesday', 'Wednesday', 'Thursday'], 'opens': '16:30', 'closes': '21:0'}, {'@type': 'OpeningHoursSpecification', 'dayOfWeek': 'Friday', 'opens': '11:30', 'closes': '14:0'}, {'@type': 'OpeningHoursSpecification', 'dayOfWeek': 'Friday', 'opens': '12:0', 'closes': '21:30'}, {'@type': 'OpeningHoursSpecification', 'dayOfWeek': 'Saturday', 'opens': '12:0', 'closes': '21:30'}]",,"{'@type': 'GeoCoordinates', 'latitude': 42.9919378, 'longitude': -71.4626617}","{'@type': 'AggregateRating', 'ratingValue': 4.7, 'reviewCount': '83'}"
Firehouse Subs (655 S. Willow Street),https://www.ubereats.com/manchester-nh/food-delivery/firehouse-subs-655-s-willow-street/0n8iZCmiTi27QHOcCPdBxQ,bedford-new-hampshire,"['Sandwich', 'Deli', 'Allergy Friendly']",4.6,75,$,42.9646237,-71.44941659999999,+16039322857,3103,655 S. Willow Street,Manchester,NH,"[{'@type': 'OpeningHoursSpecification', 'dayOfWeek': ['Monday', 'Tuesday', 'Wednesday', 'Thursday', 'Friday', 'Saturday', 'Sunday'], 'opens': '10:30', 'closes': '20:30'}]","{'@type': 'PostalAddress', 'addressLocality': 'Manchester', 'addressRegion': 'NH', 'postalCode': '3103', 'addressCountry': 'US', 'streetAddress': '655 S. Willow Street'}","{'@type': 'GeoCoordinates', 'latitude': 42.9646237, 'longitude': -71.44941659999999}","{'@type': 'AggregateRating', 'ratingValue': 4.6, 'reviewCount': '75'}"
McDonald's® (907 2ND ST),https://www.ubereats.com/manchester-nh/food-delivery/mcdonalds-907-2nd-st/nMPYfwo6TeGEWlWo11GcAA,bedford-new-hampshire,"['American', 'Burgers', 'Fast Food']",4.4,99,$,42.968472,-71.480164,+16036274793,,,,,"[{'@type': 'OpeningHoursSpecification', 'dayOfWeek': 'Sunday', 'opens': '4:0', 'closes': '10:59'}, {'@type': 'OpeningHoursSpecification', 'dayOfWeek': 'Sunday', 'opens': '11:0', 'closes': '16:59'}, {'@type': 'OpeningHoursSpecification', 'dayOfWeek': 'Sunday', 'opens': '17:0', 'closes': '3:59'}, {'@type': 'OpeningHoursSpecification', 'dayOfWeek': ['Monday', 'Tuesday', 'Wednesday', 'Thursday', 'Friday', 'Saturday'], 'opens': '4:0', 'closes': '10:29'}, {'@type': 'OpeningHoursSpecification', 'dayOfWeek': ['Monday', 'Tuesday', 'Wednesday', 'Thursday', 'Friday', 'Saturday'], 'opens': '10:30', 'closes': '16:59'}, {'@type': 'OpeningHoursSpecification', 'dayOfWeek': ['Monday', 'Tuesday', 'Wednesday', 'Thursday', 'Friday', 'Saturday'], 'opens': '17:0', 'closes': '3:59'}]",,"{'@type': 'GeoCoordinates', 'latitude': 42.968472, 'longitude': -71.480164}","{'@type': 'AggregateRating', 'ratingValue': 4.4, 'reviewCount': '99'}"
Burgerim (1500 S Willow St),https://www.ubereats.com/manchester-nh/food-delivery/burgerim-1500-s-willow-st/AnCV_S6VQbyNLK6bntq3Tw,bedford-new-hampshire,"['Burgers', 'Chicken', 'Wings']",,,$$,42.9556215,-71.43192540000001,+17185013131,3103,1500 S Willow St,Manchester,NH,"[{'@type': 'OpeningHoursSpecification', 'dayOfWeek': 'Monday', 'opens': '0:0', 'closes': '0:1'}]","{'@type': 'PostalAddress', 'addressLocality': 'Manchester', 'addressRegion': 'NH', 'postalCode': '3103', 'addressCountry': 'US', 'streetAddress': '1500 S Willow St'}","{'@type': 'GeoCoordinates', 'latitude': 42.9556215, 'longitude': -71.43192540000001}",{}
Pasqually's Pizza & Wings (1525 S. Willow 1-93),https://www.ubereats.com/manchester-nh/food-delivery/pasquallys-pizza-%26-wings-1525-s-willow-1-93/b0LyupW4Rgej76YLOoxFLw,bedford-new-hampshire,"['Pizza', 'Italian', 'Wings']",,,$,42.95363220000001,-71.4395533,+16036225690,3103,1525 S. Willow 1-93,Manchester,NH,"[{'@type': 'OpeningHoursSpecification', 'dayOfWeek': ['Monday', 'Tuesday', 'Wednesday', 'Thursday', 'Friday', 'Saturday', 'Sunday'], 'opens': '11:0', 'closes': '20:0'}]","{'@type': 'PostalAddress', 'addressLocality': 'Manchester', 'addressRegion': 'NH', 'postalCode': '3103', 'addressCountry': 'US', 'streetAddress': '1525 S. Willow 1-93'}","{'@type': 'GeoCoordinates', 'latitude': 42.95363220000001, 'longitude': -71.4395533}",{}
Royal India Authentic Indian Cuisine,https://www.ubereats.com/manchester-nh/food-delivery/royal-india-authentic-indian-cuisine/IvBEO6wmSG2ZiXhaq9SwNg,bedford-new-hampshire,"['Indian', 'Vegetarian', 'Asian']",4.6,28,$,42.9657395,-71.44928039999999,+16036418413,,,,,"[{'@type': 'OpeningHoursSpecification', 'dayOfWeek': 'Sunday', 'opens': '12:0', 'closes': '21:30'}, {'@type': 'OpeningHoursSpecification', 'dayOfWeek': ['Monday', 'Tuesday', 'Wednesday', 'Thursday'], 'opens': '11:30', 'closes': '14:30'}, {'@type': 'OpeningHoursSpecification', 'dayOfWeek': ['Monday', 'Tuesday', 'Wednesday', 'Thursday'], 'opens': '17:0', 'closes': '21:30'}, {'@type': 'OpeningHoursSpecification', 'dayOfWeek': 'Friday', 'opens': '11:30', 'closes': '14:30'}, {'@type': 'OpeningHoursSpecification', 'dayOfWeek': 'Friday', 'opens': '17:0', 'closes': '22:0'}, {'@type': 'OpeningHoursSpecification', 'dayOfWeek': 'Saturday', 'opens': '12:0', 'closes': '22:0'}]",,"{'@type': 'GeoCoordinates', 'latitude': 42.9657395, 'longitude': -71.44928039999999}","{'@type': 'AggregateRating', 'ratingValue': 4.6, 'reviewCount': '28'}"
"Red Robin, 512 (1500 S Willow St #W157)",https://www.ubereats.com/manchester-nh/food-delivery/red-robin-512-1500-s-willow-st-%23w157/YQtiMTdCSbGQaTgQObz-5g,bedford-new-hampshire,"['American', 'burger']",4.6,86,$,42.9548485,-71.43295119999999,+16034130522,3103,1500 S Willow St #W157,Manchester,NH,"[{'@type': 'OpeningHoursSpecification', 'dayOfWeek': ['Monday', 'Tuesday', 'Wednesday', 'Thursday', 'Friday', 'Saturday', 'Sunday'], 'opens': '11:0', 'closes': '20:30'}]","{'@type': 'PostalAddress', 'addressLocality': 'Manchester', 'addressRegion': 'NH', 'postalCode': '3103', 'addressCountry': 'US', 'streetAddress': '1500 S Willow St #W157'}","{'@type': 'GeoCoordinates', 'latitude': 42.9548485, 'longitude': -71.43295119999999}","{'@type': 'AggregateRating', 'ratingValue': 4.6, 'reviewCount': '86'}"
3 kitchen restaurant,https://www.ubereats.com/manchester-nh/food-delivery/3-kitchen-restaurant/9Dy38aJaTHKXx61QU2y57w,bedford-new-hampshire,"['American', 'Caribbean', 'Mexican', 'Spanish']",4.6,56,$,42.9810682,-71.4546851,+16036742278,03103,333 Valley St,Manchester,NH,"[{'@type': 'OpeningHoursSpecification', 'dayOfWeek': 'Sunday', 'opens': '11:0', 'closes': '20:30'}, {'@type': 'OpeningHoursSpecification', 'dayOfWeek': ['Tuesday', 'Wednesday', 'Thursday', 'Friday', 'Saturday'], 'opens': '11:0', 'closes': '20:30'}]","{'@type': 'PostalAddress', 'addressLocality': 'Manchester', 'addressRegion': 'NH', 'postalCode': '03103', 'addressCountry': 'US', 'streetAddress': '333 Valley St'}","{'@type': 'GeoCoordinates', 'latitude': 42.9810682, 'longitude': -71.4546851}","{'@type': 'AggregateRating', 'ratingValue': 4.6, 'reviewCount': '56'}"
