name,url,city,cuisine,avgRating,numReviews,priceRange,latitude,longitude,telephone,postalCode,streetAddress,addressLocality,addressRegion,openingHoursSpecification,addressString,geoString,ratingString
Bd's Mongolian Grill (Canton),https://www.ubereats.com/detroit/food-delivery/bds-mongolian-grill-canton/ajK0l9tuRhGZD2LvkDe8hw,belleville-michigan,"['Mongolian', 'Desserts', 'Family Meals']",4.4,13,$$,42.32214700000001,-83.4574305,+17348445800,48187,42089 Ford Rd,Canton,MI,"[{'@type': 'OpeningHoursSpecification', 'dayOfWeek': ['Sunday', 'Monday', 'Tuesday', 'Wednesday'], 'opens': '11:0', 'closes': '21:0'}, {'@type': 'OpeningHoursSpecification', 'dayOfWeek': 'Thursday', 'opens': '0:0', 'closes': '0:30'}, {'@type': 'OpeningHoursSpecification', 'dayOfWeek': ['Friday', 'Saturday'], 'opens': '11:0', 'closes': '22:0'}]","{'@type': 'PostalAddress', 'addressLocality': 'Canton', 'addressRegion': 'MI', 'postalCode': '48187', 'addressCountry': 'US', 'streetAddress': '42089 Ford Rd'}","{'@type': 'GeoCoordinates', 'latitude': 42.32214700000001, 'longitude': -83.4574305}","{'@type': 'AggregateRating', 'ratingValue': 4.4, 'reviewCount': '13'}"
Little Caesars (38960 Cherry Hill Rd),https://www.ubereats.com/detroit/food-delivery/little-caesars-38960-cherry-hill-rd/pQ-Y0OJNSOujYt38kanehA,belleville-michigan,"['Pizza', 'American', 'Italian']",4.3,51,$,42.309878,-83.42389260000002,+17347220290,48185,38960 Cherry Hill Rd,Westland,MI,"[{'@type': 'OpeningHoursSpecification', 'dayOfWeek': ['Monday', 'Tuesday', 'Wednesday', 'Thursday', 'Friday', 'Saturday', 'Sunday'], 'opens': '10:30', 'closes': '22:0'}]","{'@type': 'PostalAddress', 'addressLocality': 'Westland', 'addressRegion': 'MI', 'postalCode': '48185', 'addressCountry': 'US', 'streetAddress': '38960 Cherry Hill Rd'}","{'@type': 'GeoCoordinates', 'latitude': 42.309878, 'longitude': -83.42389260000002}","{'@type': 'AggregateRating', 'ratingValue': 4.3, 'reviewCount': '51'}"
MOD Pizza (Canton),https://www.ubereats.com/detroit/food-delivery/mod-pizza-canton/H78X42pvSq-e2e-hjSd8CQ,belleville-michigan,"['Desserts', 'PIzza', 'Salads', 'Healthy', 'Vegetarian Friendly', 'Kids Friendly']",4.7,32,$,42.3221935,-83.45369749999999,+17344566100,48187,41865 Ford Rd,Canton,MI,"[{'@type': 'OpeningHoursSpecification', 'dayOfWeek': ['Sunday', 'Monday', 'Tuesday', 'Wednesday', 'Thursday'], 'opens': '10:30', 'closes': '21:40'}, {'@type': 'OpeningHoursSpecification', 'dayOfWeek': ['Friday', 'Saturday'], 'opens': '10:30', 'closes': '22:40'}]","{'@type': 'PostalAddress', 'addressLocality': 'Canton', 'addressRegion': 'MI', 'postalCode': '48187', 'addressCountry': 'US', 'streetAddress': '41865 Ford Rd'}","{'@type': 'GeoCoordinates', 'latitude': 42.3221935, 'longitude': -83.45369749999999}","{'@type': 'AggregateRating', 'ratingValue': 4.7, 'reviewCount': '32'}"
Olga's Kitchen (41725 Ford Rd),https://www.ubereats.com/detroit/food-delivery/olgas-kitchen-41725-ford-rd/zHGhivFRTbKSWesJgsuzQg,belleville-michigan,"['Mediterranean', 'Greek', 'Vegetarian']",4.3,49,$,42.32219120000001,-83.4529132,+17349839200,48187,41725 Ford Rd,Canton,MI,"[{'@type': 'OpeningHoursSpecification', 'dayOfWeek': 'Sunday', 'opens': '11:0', 'closes': '21:0'}, {'@type': 'OpeningHoursSpecification', 'dayOfWeek': ['Monday', 'Tuesday', 'Wednesday', 'Thursday', 'Friday', 'Saturday'], 'opens': '10:30', 'closes': '22:0'}]","{'@type': 'PostalAddress', 'addressLocality': 'Canton', 'addressRegion': 'MI', 'postalCode': '48187', 'addressCountry': 'US', 'streetAddress': '41725 Ford Rd'}","{'@type': 'GeoCoordinates', 'latitude': 42.32219120000001, 'longitude': -83.4529132}","{'@type': 'AggregateRating', 'ratingValue': 4.3, 'reviewCount': '49'}"
king crab,https://www.ubereats.com/detroit/food-delivery/king-crab/TlEIBPZbRxOcGW5Wp3Rhfw,belleville-michigan,"['Caribbean', 'Cajun', 'Noodles']",,,$,42.22403660000001,-83.48788619999999,+19173613044,,,,,"[{'@type': 'OpeningHoursSpecification', 'dayOfWeek': 'Sunday', 'opens': '13:0', 'closes': '20:30'}, {'@type': 'OpeningHoursSpecification', 'dayOfWeek': ['Monday', 'Tuesday', 'Wednesday', 'Thursday', 'Friday'], 'opens': '11:30', 'closes': '15:0'}, {'@type': 'OpeningHoursSpecification', 'dayOfWeek': ['Monday', 'Tuesday', 'Wednesday', 'Thursday', 'Friday'], 'opens': '16:30', 'closes': '22:0'}, {'@type': 'OpeningHoursSpecification', 'dayOfWeek': 'Saturday', 'opens': '12:0', 'closes': '15:0'}, {'@type': 'OpeningHoursSpecification', 'dayOfWeek': 'Saturday', 'opens': '16:30', 'closes': '22:0'}]",,"{'@type': 'GeoCoordinates', 'latitude': 42.22403660000001, 'longitude': -83.48788619999999}",{}
Tim Horton's (45515 Michigan Ave.),https://www.ubereats.com/detroit/food-delivery/tim-hortons-45515-michigan-ave/W-jWLfnMTfWPHGGCzye48Q,belleville-michigan,"['Bakery', 'Cafe', 'Donuts']",4.6,11,$$,42.2709053,-83.48823279999999,+17344840261,48188,45515 Michigan Ave.,Canton,MI,"[{'@type': 'OpeningHoursSpecification', 'dayOfWeek': ['Monday', 'Tuesday', 'Wednesday', 'Thursday', 'Friday', 'Saturday', 'Sunday'], 'opens': '6:0', 'closes': '11:0'}, {'@type': 'OpeningHoursSpecification', 'dayOfWeek': ['Monday', 'Tuesday', 'Wednesday', 'Thursday', 'Friday', 'Saturday', 'Sunday'], 'opens': '11:0', 'closes': '22:0'}]","{'@type': 'PostalAddress', 'addressLocality': 'Canton', 'addressRegion': 'MI', 'postalCode': '48188', 'addressCountry': 'US', 'streetAddress': '45515 Michigan Ave.'}","{'@type': 'GeoCoordinates', 'latitude': 42.2709053, 'longitude': -83.48823279999999}","{'@type': 'AggregateRating', 'ratingValue': 4.6, 'reviewCount': '11'}"
Urban Steak,https://www.ubereats.com/detroit/food-delivery/urban-steak/coEMND7rR-uTcJxRPUJEbg,belleville-michigan,"['American', 'Burgers', 'Sandwiches']",,,$,42.2437208,-83.34946719999999,+17347295577,48174,8400 Merriman Rd,Romulus,MI,"[{'@type': 'OpeningHoursSpecification', 'dayOfWeek': 'Sunday', 'opens': '14:0', 'closes': '21:0'}, {'@type': 'OpeningHoursSpecification', 'dayOfWeek': ['Wednesday', 'Thursday', 'Friday', 'Saturday'], 'opens': '14:0', 'closes': '21:0'}]","{'@type': 'PostalAddress', 'addressLocality': 'Romulus', 'addressRegion': 'MI', 'postalCode': '48174', 'addressCountry': 'US', 'streetAddress': '8400 Merriman Rd'}","{'@type': 'GeoCoordinates', 'latitude': 42.2437208, 'longitude': -83.34946719999999}",{}
Gus's World Famous Fried Chicken (Ford Rd.),https://www.ubereats.com/detroit/food-delivery/guss-world-famous-fried-chicken-ford-rd/NZoihHJ_QIWLfCmEJeDXew,belleville-michigan,"['American', 'Southern']",3.8,29,$$,42.324133,-83.390691,+17347286170,48185,35505 Ford Rd,Westland,MI,"[{'@type': 'OpeningHoursSpecification', 'dayOfWeek': ['Monday', 'Tuesday', 'Wednesday', 'Thursday', 'Friday', 'Saturday', 'Sunday'], 'opens': '11:0', 'closes': '19:0'}]","{'@type': 'PostalAddress', 'addressLocality': 'Westland', 'addressRegion': 'MI', 'postalCode': '48185', 'addressCountry': 'US', 'streetAddress': '35505 Ford Rd'}","{'@type': 'GeoCoordinates', 'latitude': 42.324133, 'longitude': -83.390691}","{'@type': 'AggregateRating', 'ratingValue': 3.8, 'reviewCount': '29'}"
Krispy Krunchy Chicken (8284 Wayne Road),https://www.ubereats.com/detroit/food-delivery/krispy-krunchy-chicken-8284-wayne-road/mGtjf5WXQAmmbYfEtrdIqA,belleville-michigan,"['Comfort Food', 'Fried Chicken', 'Traditional American', 'Wings']",,,$,42.24392129999999,-83.3867429,+17347227090,48174,8284 Wayne Road,Romulus,MI,"[{'@type': 'OpeningHoursSpecification', 'dayOfWeek': ['Monday', 'Tuesday', 'Wednesday', 'Thursday', 'Friday', 'Saturday', 'Sunday'], 'opens': '10:0', 'closes': '19:0'}]","{'@type': 'PostalAddress', 'addressLocality': 'Romulus', 'addressRegion': 'MI', 'postalCode': '48174', 'addressCountry': 'US', 'streetAddress': '8284 Wayne Road'}","{'@type': 'GeoCoordinates', 'latitude': 42.24392129999999, 'longitude': -83.3867429}",{}
Dairy Queen - Treat (3007 Wayne Rd S),https://www.ubereats.com/detroit/food-delivery/dairy-queen-treat-3007-wayne-rd-s/ygOoQa7MTbWB2TRX9GfByw,belleville-michigan,"['Ice Cream and Frozen Yogurt', 'Burgers', 'Fast Food']",4.7,45,$,42.2873645,-83.3839843,+17347291020,48184,3007,Wayne,MI,"[{'@type': 'OpeningHoursSpecification', 'dayOfWeek': ['Monday', 'Tuesday', 'Wednesday', 'Thursday', 'Friday', 'Saturday', 'Sunday'], 'opens': '13:0', 'closes': '20:0'}]","{'@type': 'PostalAddress', 'addressLocality': 'Wayne', 'addressRegion': 'MI', 'postalCode': '48184', 'addressCountry': 'US', 'streetAddress': '3007'}","{'@type': 'GeoCoordinates', 'latitude': 42.2873645, 'longitude': -83.3839843}","{'@type': 'AggregateRating', 'ratingValue': 4.7, 'reviewCount': '45'}"
Dunkin' (10954 Belleville Rd),https://www.ubereats.com/detroit/food-delivery/dunkin-10954-belleville-rd/M7RhDpF-Sq2IBhjJ0iPlCQ,belleville-michigan,"['Breakfast & Brunch', 'Donuts']",,,$,42.2228235,-83.48606629999999,+17347966011,48111,10954,Belleville,MI,"[{'@type': 'OpeningHoursSpecification', 'dayOfWeek': ['Monday', 'Tuesday', 'Wednesday', 'Thursday', 'Friday', 'Saturday', 'Sunday'], 'opens': '5:30', 'closes': '16:30'}]","{'@type': 'PostalAddress', 'addressLocality': 'Belleville', 'addressRegion': 'MI', 'postalCode': '48111', 'addressCountry': 'US', 'streetAddress': '10954'}","{'@type': 'GeoCoordinates', 'latitude': 42.2228235, 'longitude': -83.48606629999999}",{}
Billi's Shawarma,https://www.ubereats.com/detroit/food-delivery/billis-shawarma/5BGX28y0QLKk5GyLZFB2Sg,belleville-michigan,"['Mediterranean', 'Middle Eastern', 'Lebanese']",4.6,55,$,42.2806372,-83.3899769,+17343263800,48184,35600 E Michigan Ave,Wayne,MI,"[{'@type': 'OpeningHoursSpecification', 'dayOfWeek': ['Monday', 'Tuesday', 'Wednesday', 'Thursday', 'Friday', 'Saturday'], 'opens': '10:0', 'closes': '20:0'}]","{'@type': 'PostalAddress', 'addressLocality': 'Wayne', 'addressRegion': 'MI', 'postalCode': '48184', 'addressCountry': 'US', 'streetAddress': '35600 E Michigan Ave'}","{'@type': 'GeoCoordinates', 'latitude': 42.2806372, 'longitude': -83.3899769}","{'@type': 'AggregateRating', 'ratingValue': 4.6, 'reviewCount': '55'}"
Leftys Taylor,https://www.ubereats.com/detroit/food-delivery/leftys-taylor/14OJXikiQ-SCfPhi4A5f1Q,belleville-michigan,"['American', 'Salads', 'Burgers']",4.4,67,$,42.2318375,-83.2686384,+13134364931,48180,10271 Telegraph Rd,Taylor,MI,"[{'@type': 'OpeningHoursSpecification', 'dayOfWeek': 'Sunday', 'opens': '11:0', 'closes': '20:0'}, {'@type': 'OpeningHoursSpecification', 'dayOfWeek': ['Monday', 'Tuesday', 'Wednesday', 'Thursday', 'Friday', 'Saturday'], 'opens': '10:0', 'closes': '21:0'}]","{'@type': 'PostalAddress', 'addressLocality': 'Taylor', 'addressRegion': 'MI', 'postalCode': '48180', 'addressCountry': 'US', 'streetAddress': '10271 Telegraph Rd'}","{'@type': 'GeoCoordinates', 'latitude': 42.2318375, 'longitude': -83.2686384}","{'@type': 'AggregateRating', 'ratingValue': 4.4, 'reviewCount': '67'}"
Arby's (47192 Michigan Ave.),https://www.ubereats.com/detroit/food-delivery/arbys-47192-michigan-ave/JlMP12gGRl2lAxphhZ_Xfw,belleville-michigan,"['American', 'Sandwich', 'Fast Food', 'Kids Friendly']",,,$,42.2689516,-83.5005216,+17344951095,48188,47192 Michigan Ave.,Canton,MI,"[{'@type': 'OpeningHoursSpecification', 'dayOfWeek': ['Sunday', 'Monday', 'Tuesday', 'Wednesday', 'Thursday'], 'opens': '10:0', 'closes': '21:30'}, {'@type': 'OpeningHoursSpecification', 'dayOfWeek': ['Friday', 'Saturday'], 'opens': '10:0', 'closes': '22:30'}]","{'@type': 'PostalAddress', 'addressLocality': 'Canton', 'addressRegion': 'MI', 'postalCode': '48188', 'addressCountry': 'US', 'streetAddress': '47192 Michigan Ave.'}","{'@type': 'GeoCoordinates', 'latitude': 42.2689516, 'longitude': -83.5005216}",{}
Benzina's Bistro W/ Duke's Fried Chicken,https://www.ubereats.com/detroit/food-delivery/benzinas-bistro-w-dukes-fried-chicken/cC2fSfDrRtyL0r3f4pI0GQ,belleville-michigan,"['Pizza', 'Rolls', 'Burgers']",,,,42.26227,-83.52385,+17345475881,48111,49230 Michigan Avenue,Canton,MI,"[{'@type': 'OpeningHoursSpecification', 'dayOfWeek': 'Sunday', 'opens': '0:0', 'closes': '19:0'}, {'@type': 'OpeningHoursSpecification', 'dayOfWeek': ['Monday', 'Tuesday', 'Wednesday', 'Thursday', 'Friday'], 'opens': '10:0', 'closes': '21:0'}, {'@type': 'OpeningHoursSpecification', 'dayOfWeek': 'Saturday', 'opens': '10:0', 'closes': '20:0'}]","{'@type': 'PostalAddress', 'addressLocality': 'Canton', 'addressRegion': 'MI', 'postalCode': '48111', 'addressCountry': 'US', 'streetAddress': '49230 Michigan Avenue'}","{'@type': 'GeoCoordinates', 'latitude': 42.26227, 'longitude': -83.52385}",{}
Dunkin' (41511 Ford Rd),https://www.ubereats.com/detroit/food-delivery/dunkin-41511-ford-rd/Fc2hgU5XRJ2unP2Y1K6JEQ,belleville-michigan,"['Breakfast and Brunch', 'Donuts']",4.3,21,$,42.32242060000001,-83.4505578,+17348441589,48188,41511 Ford Rd,Canton,MI,"[{'@type': 'OpeningHoursSpecification', 'dayOfWeek': ['Monday', 'Tuesday', 'Wednesday', 'Thursday', 'Friday', 'Saturday', 'Sunday'], 'opens': '5:30', 'closes': '20:35'}]","{'@type': 'PostalAddress', 'addressLocality': 'Canton', 'addressRegion': 'MI', 'postalCode': '48188', 'addressCountry': 'US', 'streetAddress': '41511 Ford Rd'}","{'@type': 'GeoCoordinates', 'latitude': 42.32242060000001, 'longitude': -83.4505578}","{'@type': 'AggregateRating', 'ratingValue': 4.3, 'reviewCount': '21'}"
Arby's (34475 Michigan Ave),https://www.ubereats.com/detroit/food-delivery/arbys-34475-michigan-ave/mveukDjWQUC-i5Dmx0GNWw,belleville-michigan,"['American', 'Sandwich', 'Fast Food', 'Kids Friendly']",4.5,24,$,42.2807017,-83.378146,+17347211870,48184,34475 Michigan Ave,Wayne,MI,"[{'@type': 'OpeningHoursSpecification', 'dayOfWeek': ['Monday', 'Tuesday', 'Wednesday', 'Thursday', 'Friday', 'Saturday', 'Sunday'], 'opens': '10:0', 'closes': '21:15'}]","{'@type': 'PostalAddress', 'addressLocality': 'Wayne', 'addressRegion': 'MI', 'postalCode': '48184', 'addressCountry': 'US', 'streetAddress': '34475 Michigan Ave'}","{'@type': 'GeoCoordinates', 'latitude': 42.2807017, 'longitude': -83.378146}","{'@type': 'AggregateRating', 'ratingValue': 4.5, 'reviewCount': '24'}"
Burger King (11550 Belleville Road),https://www.ubereats.com/detroit/food-delivery/burger-king-11550-belleville-road/1eljtbdfTCCArKlSkFsxRg,belleville-michigan,"['American', 'burger', 'Fast Food']",,,$,42.2166722,-83.4858996,+17346972908,48111,11550,Belleville,MI,"[{'@type': 'OpeningHoursSpecification', 'dayOfWeek': 'Sunday', 'opens': '10:30', 'closes': '22:30'}, {'@type': 'OpeningHoursSpecification', 'dayOfWeek': 'Sunday', 'opens': '7:0', 'closes': '10:0'}, {'@type': 'OpeningHoursSpecification', 'dayOfWeek': ['Monday', 'Tuesday', 'Wednesday', 'Thursday', 'Friday', 'Saturday'], 'opens': '10:30', 'closes': '22:30'}, {'@type': 'OpeningHoursSpecification', 'dayOfWeek': ['Monday', 'Tuesday', 'Wednesday', 'Thursday', 'Friday', 'Saturday'], 'opens': '6:0', 'closes': '10:0'}]","{'@type': 'PostalAddress', 'addressLocality': 'Belleville', 'addressRegion': 'MI', 'postalCode': '48111', 'addressCountry': 'US', 'streetAddress': '11550'}","{'@type': 'GeoCoordinates', 'latitude': 42.2166722, 'longitude': -83.4858996}",{}
Arby's (44040 Ford Rd),https://www.ubereats.com/detroit/food-delivery/arbys-44040-ford-rd/yQbzOMmoReCjGtKPwzsR8Q,belleville-michigan,"['American', 'Sandwich', 'Fast Food', 'Kids Friendly']",,,$,42.32275540000001,-83.47523249999999,+17344530810,48187,44040 Ford Rd,Canton,MI,"[{'@type': 'OpeningHoursSpecification', 'dayOfWeek': ['Sunday', 'Monday', 'Tuesday', 'Wednesday', 'Thursday'], 'opens': '10:0', 'closes': '22:30'}, {'@type': 'OpeningHoursSpecification', 'dayOfWeek': ['Friday', 'Saturday'], 'opens': '10:0', 'closes': '23:30'}]","{'@type': 'PostalAddress', 'addressLocality': 'Canton', 'addressRegion': 'MI', 'postalCode': '48187', 'addressCountry': 'US', 'streetAddress': '44040 Ford Rd'}","{'@type': 'GeoCoordinates', 'latitude': 42.32275540000001, 'longitude': -83.47523249999999}",{}
Jersey Mike's Subs (42448 Ford Road),https://www.ubereats.com/detroit/food-delivery/jersey-mikes-subs-42448-ford-road/jr2kRitNTEqgZXtlBACFpQ,belleville-michigan,"['Sandwich', 'American']",4.6,16,$,42.3232762,-83.4591659,+17348442121,48187,42448 Ford Road,Canton,MI,"[{'@type': 'OpeningHoursSpecification', 'dayOfWeek': ['Monday', 'Tuesday', 'Wednesday', 'Thursday', 'Friday', 'Saturday', 'Sunday'], 'opens': '11:0', 'closes': '20:30'}]","{'@type': 'PostalAddress', 'addressLocality': 'Canton', 'addressRegion': 'MI', 'postalCode': '48187', 'addressCountry': 'US', 'streetAddress': '42448 Ford Road'}","{'@type': 'GeoCoordinates', 'latitude': 42.3232762, 'longitude': -83.4591659}","{'@type': 'AggregateRating', 'ratingValue': 4.6, 'reviewCount': '16'}"
Taco Bell (10640 Belleville Rd.),https://www.ubereats.com/detroit/food-delivery/taco-bell-10640-belleville-rd/TC7xbpyQSTm81h1qbXXA1g,belleville-michigan,"['Burritos', 'Fast Food', 'Mexican']",,,$,42.22474009999999,-83.4856097,+17346976484,48111,10640,Belleville,MI,"[{'@type': 'OpeningHoursSpecification', 'dayOfWeek': ['Sunday', 'Monday', 'Tuesday', 'Wednesday', 'Thursday'], 'opens': '14:0', 'closes': '17:0'}, {'@type': 'OpeningHoursSpecification', 'dayOfWeek': ['Sunday', 'Monday', 'Tuesday', 'Wednesday', 'Thursday'], 'opens': '8:0', 'closes': '3:0'}, {'@type': 'OpeningHoursSpecification', 'dayOfWeek': ['Sunday', 'Monday', 'Tuesday', 'Wednesday', 'Thursday'], 'opens': '8:0', 'closes': '10:30'}, {'@type': 'OpeningHoursSpecification', 'dayOfWeek': ['Friday', 'Saturday'], 'opens': '14:0', 'closes': '17:0'}, {'@type': 'OpeningHoursSpecification', 'dayOfWeek': ['Friday', 'Saturday'], 'opens': '8:0', 'closes': '10:30'}, {'@type': 'OpeningHoursSpecification', 'dayOfWeek': ['Friday', 'Saturday'], 'opens': '8:0', 'closes': '3:30'}]","{'@type': 'PostalAddress', 'addressLocality': 'Belleville', 'addressRegion': 'MI', 'postalCode': '48111', 'addressCountry': 'US', 'streetAddress': '10640'}","{'@type': 'GeoCoordinates', 'latitude': 42.22474009999999, 'longitude': -83.4856097}",{}
Gabriel's Cheesesteak Hoagies,https://www.ubereats.com/detroit/food-delivery/gabriels-cheesesteak-hoagies/iT-cziGKQPKfkX6OhzE6IA,belleville-michigan,"['American', 'Sandwich', 'Salads', 'Chicken', 'Steak']",4.7,38,$,42.3227175,-83.38975660000001,+17347224224,48185,1919 N Wayne Rd,Westland,MI,"[{'@type': 'OpeningHoursSpecification', 'dayOfWeek': ['Monday', 'Tuesday', 'Wednesday', 'Thursday', 'Friday', 'Saturday', 'Sunday'], 'opens': '11:0', 'closes': '20:30'}]","{'@type': 'PostalAddress', 'addressLocality': 'Westland', 'addressRegion': 'MI', 'postalCode': '48185', 'addressCountry': 'US', 'streetAddress': '1919 N Wayne Rd'}","{'@type': 'GeoCoordinates', 'latitude': 42.3227175, 'longitude': -83.38975660000001}","{'@type': 'AggregateRating', 'ratingValue': 4.7, 'reviewCount': '38'}"
Motor City Meats,https://www.ubereats.com/detroit/food-delivery/motor-city-meats/gz5own1aTsO1vw4f5_8OXQ,belleville-michigan,"['Comfort Food', 'American', 'Wings']",3.5,60,$,42.2663418,-83.3897583,+17348951908,48174,35651 Van Born Rd,Romulus,MI,"[{'@type': 'OpeningHoursSpecification', 'dayOfWeek': 'Sunday', 'opens': '10:0', 'closes': '21:0'}, {'@type': 'OpeningHoursSpecification', 'dayOfWeek': 'Sunday', 'opens': '10:0', 'closes': '19:0'}, {'@type': 'OpeningHoursSpecification', 'dayOfWeek': ['Monday', 'Tuesday', 'Wednesday', 'Thursday', 'Friday', 'Saturday'], 'opens': '10:0', 'closes': '21:0'}]","{'@type': 'PostalAddress', 'addressLocality': 'Romulus', 'addressRegion': 'MI', 'postalCode': '48174', 'addressCountry': 'US', 'streetAddress': '35651 Van Born Rd'}","{'@type': 'GeoCoordinates', 'latitude': 42.2663418, 'longitude': -83.3897583}","{'@type': 'AggregateRating', 'ratingValue': 3.5, 'reviewCount': '60'}"
Tim Horton's (45135 Ford Rd.),https://www.ubereats.com/detroit/food-delivery/tim-hortons-45135-ford-rd/3d7oiOlKT6q-_t1AZMwBtg,belleville-michigan,"['Bakery', 'Cafe', 'Donuts']",4.7,29,$$,42.3214516,-83.4845412,+17349816914,48188,45135 Ford Rd.,Canton,MI,"[{'@type': 'OpeningHoursSpecification', 'dayOfWeek': ['Monday', 'Tuesday', 'Wednesday', 'Thursday', 'Friday', 'Saturday', 'Sunday'], 'opens': '6:0', 'closes': '11:0'}, {'@type': 'OpeningHoursSpecification', 'dayOfWeek': ['Monday', 'Tuesday', 'Wednesday', 'Thursday', 'Friday', 'Saturday', 'Sunday'], 'opens': '11:0', 'closes': '21:0'}]","{'@type': 'PostalAddress', 'addressLocality': 'Canton', 'addressRegion': 'MI', 'postalCode': '48188', 'addressCountry': 'US', 'streetAddress': '45135 Ford Rd.'}","{'@type': 'GeoCoordinates', 'latitude': 42.3214516, 'longitude': -83.4845412}","{'@type': 'AggregateRating', 'ratingValue': 4.7, 'reviewCount': '29'}"
Denny's (2033 Rawsonville Road),https://www.ubereats.com/detroit/food-delivery/dennys-2033-rawsonville-road/mPKJnW2iQKqQpuPjYTtP6Q,belleville-michigan,"['American', 'Breakfast and Brunch', 'Coffee and Tea', 'Dinner', 'Desserts', 'Salads', 'Steak', 'Sandwich', 'Family Meals']",,,$$,42.21752439999999,-83.54303820000001,+17344823880,48111,2033 Rawsonville Road,Belleville,MI,"[{'@type': 'OpeningHoursSpecification', 'dayOfWeek': ['Monday', 'Tuesday', 'Wednesday', 'Thursday', 'Friday', 'Saturday', 'Sunday'], 'opens': '8:0', 'closes': '21:45'}]","{'@type': 'PostalAddress', 'addressLocality': 'Belleville', 'addressRegion': 'MI', 'postalCode': '48111', 'addressCountry': 'US', 'streetAddress': '2033 Rawsonville Road'}","{'@type': 'GeoCoordinates', 'latitude': 42.21752439999999, 'longitude': -83.54303820000001}",{}
Outback Steakhouse (42871 Ford Road),https://www.ubereats.com/detroit/food-delivery/outback-steakhouse-42871-ford-road/RXq85olrRqiZ2PkZIWJnXA,belleville-michigan,"['Burgers', 'American', 'Sandwiches', 'Steak', 'Seafood', 'Salads', 'BBQ']",4.1,100,$,42.3217754,-83.46314989999999,+6516971224,,,,,"[{'@type': 'OpeningHoursSpecification', 'dayOfWeek': ['Sunday', 'Monday', 'Tuesday', 'Wednesday', 'Thursday'], 'opens': '11:0', 'closes': '20:30'}, {'@type': 'OpeningHoursSpecification', 'dayOfWeek': ['Friday', 'Saturday'], 'opens': '11:0', 'closes': '21:30'}]",,"{'@type': 'GeoCoordinates', 'latitude': 42.3217754, 'longitude': -83.46314989999999}","{'@type': 'AggregateRating', 'ratingValue': 4.1, 'reviewCount': '100'}"
Mr. Pit Master Barbeque,https://www.ubereats.com/detroit/food-delivery/mr-pit-master-barbeque/cgEvqxTdRdq8BbuMopp8dQ,belleville-michigan,"['BBQ', 'American', 'Burgers']",,,$,42.2682154,-83.32812729999999,+17343013861,48186,29234 Van Boran Road,Westland,MI,"[{'@type': 'OpeningHoursSpecification', 'dayOfWeek': 'Sunday', 'opens': '11:0', 'closes': '19:0'}, {'@type': 'OpeningHoursSpecification', 'dayOfWeek': ['Tuesday', 'Wednesday', 'Thursday'], 'opens': '11:0', 'closes': '19:0'}, {'@type': 'OpeningHoursSpecification', 'dayOfWeek': 'Friday', 'opens': '8:0', 'closes': '19:0'}, {'@type': 'OpeningHoursSpecification', 'dayOfWeek': 'Saturday', 'opens': '11:0', 'closes': '19:0'}]","{'@type': 'PostalAddress', 'addressLocality': 'Westland', 'addressRegion': 'MI', 'postalCode': '48186', 'addressCountry': 'US', 'streetAddress': '29234 Van Boran Road'}","{'@type': 'GeoCoordinates', 'latitude': 42.2682154, 'longitude': -83.32812729999999}",{}
Genova Pizzeria,https://www.ubereats.com/detroit/food-delivery/genova-pizzeria/kADdP2oEQ4GsEa_skOQiCw,belleville-michigan,"['Pizza', 'Italian']",4.4,16,$,42.3221789,-83.46372199999999,+17346671972,48187,42911 Ford Rd,Canton,MI,"[{'@type': 'OpeningHoursSpecification', 'dayOfWeek': ['Monday', 'Tuesday', 'Wednesday', 'Thursday', 'Friday', 'Saturday', 'Sunday'], 'opens': '11:0', 'closes': '20:30'}]","{'@type': 'PostalAddress', 'addressLocality': 'Canton', 'addressRegion': 'MI', 'postalCode': '48187', 'addressCountry': 'US', 'streetAddress': '42911 Ford Rd'}","{'@type': 'GeoCoordinates', 'latitude': 42.3221789, 'longitude': -83.46372199999999}","{'@type': 'AggregateRating', 'ratingValue': 4.4, 'reviewCount': '16'}"
Arby's (10940 Belleville Rd),https://www.ubereats.com/detroit/food-delivery/arbys-10940-belleville-rd/4VRjC6C4TMu493JFqC26BA,belleville-michigan,"['American', 'Sandwich', 'Fast Food', 'Kids Friendly']",3.8,10,$,42.22307269999999,-83.4863996,+17346995002,48111,10940,Belleville,MI,"[{'@type': 'OpeningHoursSpecification', 'dayOfWeek': ['Sunday', 'Monday', 'Tuesday', 'Wednesday', 'Thursday'], 'opens': '10:0', 'closes': '23:30'}, {'@type': 'OpeningHoursSpecification', 'dayOfWeek': ['Friday', 'Saturday'], 'opens': '10:0', 'closes': '0:30'}]","{'@type': 'PostalAddress', 'addressLocality': 'Belleville', 'addressRegion': 'MI', 'postalCode': '48111', 'addressCountry': 'US', 'streetAddress': '10940'}","{'@type': 'GeoCoordinates', 'latitude': 42.22307269999999, 'longitude': -83.4863996}","{'@type': 'AggregateRating', 'ratingValue': 3.8, 'reviewCount': '10'}"
Taco Bell (2307 S. Wayne Rd.),https://www.ubereats.com/detroit/food-delivery/taco-bell-2307-s-wayne-rd/uN-SmtRkQLSTg9iqmDVbaA,belleville-michigan,"['Burritos', 'Fast Food', 'Mexican']",3.9,66,$,42.2917541,-83.38632559999999,+17347213570,48186,2307 S. Wayne Rd.,Westland,MI,"[{'@type': 'OpeningHoursSpecification', 'dayOfWeek': ['Monday', 'Tuesday', 'Wednesday', 'Thursday', 'Friday', 'Saturday', 'Sunday'], 'opens': '14:0', 'closes': '17:0'}, {'@type': 'OpeningHoursSpecification', 'dayOfWeek': ['Monday', 'Tuesday', 'Wednesday', 'Thursday', 'Friday', 'Saturday', 'Sunday'], 'opens': '8:0', 'closes': '1:30'}, {'@type': 'OpeningHoursSpecification', 'dayOfWeek': ['Monday', 'Tuesday', 'Wednesday', 'Thursday', 'Friday', 'Saturday', 'Sunday'], 'opens': '8:0', 'closes': '10:30'}]","{'@type': 'PostalAddress', 'addressLocality': 'Westland', 'addressRegion': 'MI', 'postalCode': '48186', 'addressCountry': 'US', 'streetAddress': '2307 S. Wayne Rd.'}","{'@type': 'GeoCoordinates', 'latitude': 42.2917541, 'longitude': -83.38632559999999}","{'@type': 'AggregateRating', 'ratingValue': 3.9, 'reviewCount': '66'}"
Chipotle Mexican Grill (42404 Ford Road),https://www.ubereats.com/detroit/food-delivery/chipotle-mexican-grill-42404-ford-road/XMrK3mZlSXCQwB_sDFpgTw,belleville-michigan,"['Healthy', 'Mexican']",4.3,100,$,42.3229812,-83.4594771,+17349819298,48187,42404 Ford Road,Canton,MI,"[{'@type': 'OpeningHoursSpecification', 'dayOfWeek': ['Monday', 'Tuesday', 'Wednesday', 'Thursday', 'Friday', 'Saturday', 'Sunday'], 'opens': '10:45', 'closes': '21:40'}]","{'@type': 'PostalAddress', 'addressLocality': 'Canton', 'addressRegion': 'MI', 'postalCode': '48187', 'addressCountry': 'US', 'streetAddress': '42404 Ford Road'}","{'@type': 'GeoCoordinates', 'latitude': 42.3229812, 'longitude': -83.4594771}","{'@type': 'AggregateRating', 'ratingValue': 4.3, 'reviewCount': '100'}"
KFC (41670 Ford Rd),https://www.ubereats.com/detroit/food-delivery/kfc-41670-ford-rd/72cRakwHTSSx10S2IbPW8g,belleville-michigan,"['American', 'Fast Food', 'wings']",3.0,11,$,42.3233249,-83.4529757,+17349814090,48187,41670 Ford Rd,Canton,MI,"[{'@type': 'OpeningHoursSpecification', 'dayOfWeek': ['Monday', 'Tuesday', 'Wednesday', 'Thursday', 'Friday', 'Saturday', 'Sunday'], 'opens': '11:0', 'closes': '20:30'}]","{'@type': 'PostalAddress', 'addressLocality': 'Canton', 'addressRegion': 'MI', 'postalCode': '48187', 'addressCountry': 'US', 'streetAddress': '41670 Ford Rd'}","{'@type': 'GeoCoordinates', 'latitude': 42.3233249, 'longitude': -83.4529757}","{'@type': 'AggregateRating', 'ratingValue': 3, 'reviewCount': '11'}"
Arby's (27277 Eureka Rd),https://www.ubereats.com/detroit/food-delivery/arbys-27277-eureka-rd/2uoA3RZrRgSDQG7d67YMuw,belleville-michigan,"['American', 'Sandwich', 'Fast Food', 'Kids Friendly']",,,$,42.19572489999999,-83.3045866,+17349420240,48180,27277 Eureka Rd,Taylor,MI,"[{'@type': 'OpeningHoursSpecification', 'dayOfWeek': ['Monday', 'Tuesday', 'Wednesday', 'Thursday', 'Friday', 'Saturday', 'Sunday'], 'opens': '10:0', 'closes': '21:15'}]","{'@type': 'PostalAddress', 'addressLocality': 'Taylor', 'addressRegion': 'MI', 'postalCode': '48180', 'addressCountry': 'US', 'streetAddress': '27277 Eureka Rd'}","{'@type': 'GeoCoordinates', 'latitude': 42.19572489999999, 'longitude': -83.3045866}",{}
Beirut La Pita,https://www.ubereats.com/detroit/food-delivery/beirut-la-pita/K4xb7YgPRPuF7VzAOHUBYA,belleville-michigan,"['Mediterranean', 'Greek', 'Sandwich']",4.4,12,$,42.215405,-83.486587,+17346973550,48111,11748,Belleville,MI,"[{'@type': 'OpeningHoursSpecification', 'dayOfWeek': 'Sunday', 'opens': '12:0', 'closes': '20:0'}, {'@type': 'OpeningHoursSpecification', 'dayOfWeek': ['Monday', 'Tuesday', 'Wednesday', 'Thursday', 'Friday'], 'opens': '10:0', 'closes': '21:0'}, {'@type': 'OpeningHoursSpecification', 'dayOfWeek': ['Monday', 'Tuesday', 'Wednesday', 'Thursday', 'Friday'], 'opens': '10:30', 'closes': '15:0'}, {'@type': 'OpeningHoursSpecification', 'dayOfWeek': 'Saturday', 'opens': '11:0', 'closes': '21:0'}, {'@type': 'OpeningHoursSpecification', 'dayOfWeek': 'Saturday', 'opens': '10:30', 'closes': '15:0'}]","{'@type': 'PostalAddress', 'addressLocality': 'Belleville', 'addressRegion': 'MI', 'postalCode': '48111', 'addressCountry': 'US', 'streetAddress': '11748'}","{'@type': 'GeoCoordinates', 'latitude': 42.215405, 'longitude': -83.486587}","{'@type': 'AggregateRating', 'ratingValue': 4.4, 'reviewCount': '12'}"
Bob Evans 147 (46080 Michigan Avenue),https://www.ubereats.com/detroit/food-delivery/bob-evans-147-46080-michigan-avenue/trWdSUo-Qxy30R0VVJkh2w,belleville-michigan,"['American', 'Breakfast and Brunch', 'Cafe', 'Omelette', 'Traditional American']",4.5,13,$$,42.27120439999999,-83.49214909999999,+17344951451,48188,46080 Michigan Avenue,Canton,MI,"[{'@type': 'OpeningHoursSpecification', 'dayOfWeek': ['Monday', 'Tuesday', 'Wednesday', 'Thursday', 'Friday', 'Saturday', 'Sunday'], 'opens': '7:0', 'closes': '19:30'}]","{'@type': 'PostalAddress', 'addressLocality': 'Canton', 'addressRegion': 'MI', 'postalCode': '48188', 'addressCountry': 'US', 'streetAddress': '46080 Michigan Avenue'}","{'@type': 'GeoCoordinates', 'latitude': 42.27120439999999, 'longitude': -83.49214909999999}","{'@type': 'AggregateRating', 'ratingValue': 4.5, 'reviewCount': '13'}"
Arby's (10500 Telegraph Rd),https://www.ubereats.com/detroit/food-delivery/arbys-10500-telegraph-rd/RMvRM2NTSOiI424-R1YnIg,belleville-michigan,"['American', 'Sandwich', 'Fast Food', 'Kids Friendly']",4.5,16,$,42.2306006,-83.2699597,+13132913657,48180,10500 Telegraph Rd,Taylor,MI,"[{'@type': 'OpeningHoursSpecification', 'dayOfWeek': ['Monday', 'Tuesday', 'Wednesday', 'Thursday', 'Friday', 'Saturday', 'Sunday'], 'opens': '10:0', 'closes': '21:15'}]","{'@type': 'PostalAddress', 'addressLocality': 'Taylor', 'addressRegion': 'MI', 'postalCode': '48180', 'addressCountry': 'US', 'streetAddress': '10500 Telegraph Rd'}","{'@type': 'GeoCoordinates', 'latitude': 42.2306006, 'longitude': -83.2699597}","{'@type': 'AggregateRating', 'ratingValue': 4.5, 'reviewCount': '16'}"
Lunchbox,https://www.ubereats.com/detroit/food-delivery/lunchbox/d4_Vrt6BRFWbyKsbktQnYQ,belleville-michigan,"['American', 'Burgers', 'Breakfast and Brunch']",4.9,15,$,42.2099829,-83.4928365,+17343918281,,,,,"[{'@type': 'OpeningHoursSpecification', 'dayOfWeek': 'Sunday', 'opens': '11:0', 'closes': '17:25'}, {'@type': 'OpeningHoursSpecification', 'dayOfWeek': ['Monday', 'Tuesday', 'Wednesday', 'Thursday', 'Friday', 'Saturday'], 'opens': '10:0', 'closes': '20:25'}]",,"{'@type': 'GeoCoordinates', 'latitude': 42.2099829, 'longitude': -83.4928365}","{'@type': 'AggregateRating', 'ratingValue': 4.9, 'reviewCount': '15'}"
Sammy's Pizza (Canton),https://www.ubereats.com/detroit/food-delivery/sammys-pizza-canton/6Kza_BneSMW-1iIppEWRag,belleville-michigan,"['PIzza', 'American', 'Desserts']",4.8,17,$$,42.3080804,-83.4893399,+17348441771,48187,45530 Cherry Hill Rd,Canton,MI,"[{'@type': 'OpeningHoursSpecification', 'dayOfWeek': 'Sunday', 'opens': '12:0', 'closes': '23:0'}, {'@type': 'OpeningHoursSpecification', 'dayOfWeek': ['Monday', 'Tuesday', 'Wednesday', 'Thursday'], 'opens': '11:0', 'closes': '23:0'}, {'@type': 'OpeningHoursSpecification', 'dayOfWeek': ['Friday', 'Saturday'], 'opens': '11:0', 'closes': '0:0'}]","{'@type': 'PostalAddress', 'addressLocality': 'Canton', 'addressRegion': 'MI', 'postalCode': '48187', 'addressCountry': 'US', 'streetAddress': '45530 Cherry Hill Rd'}","{'@type': 'GeoCoordinates', 'latitude': 42.3080804, 'longitude': -83.4893399}","{'@type': 'AggregateRating', 'ratingValue': 4.8, 'reviewCount': '17'}"
Big Boy (8210 Merriman Rd.),https://www.ubereats.com/detroit/food-delivery/big-boy-8210-merriman-rd/EB32fpaFSgm0Ul4yeQnQyA,belleville-michigan,"['American', 'Burgers', 'Salads', 'Desserts']",4.1,18,$$,42.2450942,-83.3486739,+17347296900,48174,8210 Merriman Rd.,Romulus,MI,"[{'@type': 'OpeningHoursSpecification', 'dayOfWeek': 'Sunday', 'opens': '6:0', 'closes': '23:45'}, {'@type': 'OpeningHoursSpecification', 'dayOfWeek': ['Monday', 'Tuesday', 'Wednesday', 'Thursday'], 'opens': '8:0', 'closes': '22:0'}, {'@type': 'OpeningHoursSpecification', 'dayOfWeek': ['Monday', 'Tuesday', 'Wednesday', 'Thursday'], 'opens': '6:0', 'closes': '23:45'}, {'@type': 'OpeningHoursSpecification', 'dayOfWeek': ['Friday', 'Saturday'], 'opens': '0:0', 'closes': '0:45'}, {'@type': 'OpeningHoursSpecification', 'dayOfWeek': ['Friday', 'Saturday'], 'opens': '6:0', 'closes': '23:59'}]","{'@type': 'PostalAddress', 'addressLocality': 'Romulus', 'addressRegion': 'MI', 'postalCode': '48174', 'addressCountry': 'US', 'streetAddress': '8210 Merriman Rd.'}","{'@type': 'GeoCoordinates', 'latitude': 42.2450942, 'longitude': -83.3486739}","{'@type': 'AggregateRating', 'ratingValue': 4.1, 'reviewCount': '18'}"
Taco Bell (2235 Rawsonville Road),https://www.ubereats.com/detroit/food-delivery/taco-bell-2235-rawsonville-road/_geChOXRQ_StXoamzO_2sQ,belleville-michigan,"['Burritos', 'Fast Food', 'Mexican']",,,$,42.21336869999999,-83.54287169999999,+17344800306,48111,2235 Rawsonville Road,Belleville,MI,"[{'@type': 'OpeningHoursSpecification', 'dayOfWeek': ['Sunday', 'Monday', 'Tuesday', 'Wednesday', 'Thursday'], 'opens': '14:0', 'closes': '17:0'}, {'@type': 'OpeningHoursSpecification', 'dayOfWeek': ['Sunday', 'Monday', 'Tuesday', 'Wednesday', 'Thursday'], 'opens': '8:0', 'closes': '3:0'}, {'@type': 'OpeningHoursSpecification', 'dayOfWeek': ['Sunday', 'Monday', 'Tuesday', 'Wednesday', 'Thursday'], 'opens': '8:0', 'closes': '10:30'}, {'@type': 'OpeningHoursSpecification', 'dayOfWeek': ['Friday', 'Saturday'], 'opens': '14:0', 'closes': '17:0'}, {'@type': 'OpeningHoursSpecification', 'dayOfWeek': ['Friday', 'Saturday'], 'opens': '8:0', 'closes': '10:30'}, {'@type': 'OpeningHoursSpecification', 'dayOfWeek': ['Friday', 'Saturday'], 'opens': '8:0', 'closes': '3:30'}]","{'@type': 'PostalAddress', 'addressLocality': 'Belleville', 'addressRegion': 'MI', 'postalCode': '48111', 'addressCountry': 'US', 'streetAddress': '2235 Rawsonville Road'}","{'@type': 'GeoCoordinates', 'latitude': 42.21336869999999, 'longitude': -83.54287169999999}",{}
Applebee's (10526 Belleville Road),https://www.ubereats.com/detroit/food-delivery/applebees-10526-belleville-road/COZf1bn0S2-OZNemqbCkdA,belleville-michigan,"['Burgers', 'American', 'Sandwiches']",3.6,33,$,42.2255634,-83.4856496,+17346996660,48111,10526,Belleville,MI,"[{'@type': 'OpeningHoursSpecification', 'dayOfWeek': ['Sunday', 'Monday', 'Tuesday', 'Wednesday', 'Thursday'], 'opens': '11:0', 'closes': '22:30'}, {'@type': 'OpeningHoursSpecification', 'dayOfWeek': ['Friday', 'Saturday'], 'opens': '11:0', 'closes': '23:29'}]","{'@type': 'PostalAddress', 'addressLocality': 'Belleville', 'addressRegion': 'MI', 'postalCode': '48111', 'addressCountry': 'US', 'streetAddress': '10526'}","{'@type': 'GeoCoordinates', 'latitude': 42.2255634, 'longitude': -83.4856496}","{'@type': 'AggregateRating', 'ratingValue': 3.6, 'reviewCount': '33'}"
Sweetwaters Coffee & Tea: Canton,https://www.ubereats.com/detroit/food-delivery/sweetwaters-coffee-%26-tea%3A-canton/6Tj-bFDLRLKCl8kX7_1Jbw,belleville-michigan,"['Coffee and Tea', 'Pastry', 'Cafe', 'Family Meals']",4.8,11,$,42.30911067774649,-83.48633622598881,+17343353834,,,,,"[{'@type': 'OpeningHoursSpecification', 'dayOfWeek': ['Monday', 'Tuesday', 'Wednesday', 'Thursday', 'Friday', 'Saturday', 'Sunday'], 'opens': '7:0', 'closes': '18:45'}]",,"{'@type': 'GeoCoordinates', 'latitude': 42.30911067774649, 'longitude': -83.48633622598881}","{'@type': 'AggregateRating', 'ratingValue': 4.8, 'reviewCount': '11'}"
Hollywood Bar And Grill,https://www.ubereats.com/detroit/food-delivery/hollywood-bar-and-grill/oZVbQuDPSIWVWAqOC4pWyg,belleville-michigan,"['Pizza', 'American', 'Salads']",,,$,42.239393,-83.351727,+17343262100,48174,31800 Wick Rd,Romulus,Michigan,"[{'@type': 'OpeningHoursSpecification', 'dayOfWeek': ['Monday', 'Tuesday', 'Wednesday', 'Thursday'], 'opens': '17:0', 'closes': '21:30'}, {'@type': 'OpeningHoursSpecification', 'dayOfWeek': ['Monday', 'Tuesday', 'Wednesday', 'Thursday'], 'opens': '17:0', 'closes': '22:0'}, {'@type': 'OpeningHoursSpecification', 'dayOfWeek': ['Friday', 'Saturday'], 'opens': '17:0', 'closes': '23:30'}, {'@type': 'OpeningHoursSpecification', 'dayOfWeek': ['Friday', 'Saturday'], 'opens': '17:0', 'closes': '0:0'}]","{'@type': 'PostalAddress', 'addressLocality': 'Romulus', 'addressRegion': 'Michigan', 'postalCode': '48174', 'addressCountry': 'US', 'streetAddress': '31800 Wick Rd'}","{'@type': 'GeoCoordinates', 'latitude': 42.239393, 'longitude': -83.351727}",{}
Carrabba's (1900 North Haggerty Road),https://www.ubereats.com/detroit/food-delivery/carrabbas-1900-north-haggerty-road/Q_bemHx1SgmZKKY0d5-PhQ,belleville-michigan,"['Italian', 'Family Meals']",4.5,45,$$,42.3199686,-83.4462582,+17348447400,48187,1900 North Haggerty Road,Canton,MI,"[{'@type': 'OpeningHoursSpecification', 'dayOfWeek': 'Sunday', 'opens': '11:0', 'closes': '21:0'}, {'@type': 'OpeningHoursSpecification', 'dayOfWeek': ['Monday', 'Tuesday', 'Wednesday', 'Thursday'], 'opens': '11:0', 'closes': '22:0'}, {'@type': 'OpeningHoursSpecification', 'dayOfWeek': ['Friday', 'Saturday'], 'opens': '11:0', 'closes': '23:0'}]","{'@type': 'PostalAddress', 'addressLocality': 'Canton', 'addressRegion': 'MI', 'postalCode': '48187', 'addressCountry': 'US', 'streetAddress': '1900 North Haggerty Road'}","{'@type': 'GeoCoordinates', 'latitude': 42.3199686, 'longitude': -83.4462582}","{'@type': 'AggregateRating', 'ratingValue': 4.5, 'reviewCount': '45'}"
Wendy's  (41465 FORD RD),https://www.ubereats.com/detroit/food-delivery/wendys-41465-ford-rd/8ECJ_xR0Q7qelybjixoRpg,belleville-michigan,"['American', 'Burgers', 'Fast Food']",4.2,12,$,42.322392,-83.4500576,+17349810183,48187,41465 FORD RD,CANTON,MI,"[{'@type': 'OpeningHoursSpecification', 'dayOfWeek': ['Monday', 'Tuesday', 'Wednesday', 'Thursday', 'Friday', 'Saturday', 'Sunday'], 'opens': '10:30', 'closes': '23:30'}, {'@type': 'OpeningHoursSpecification', 'dayOfWeek': ['Monday', 'Tuesday', 'Wednesday', 'Thursday', 'Friday', 'Saturday', 'Sunday'], 'opens': '6:30', 'closes': '10:0'}]","{'@type': 'PostalAddress', 'addressLocality': 'CANTON', 'addressRegion': 'MI', 'postalCode': '48187', 'addressCountry': 'US', 'streetAddress': '41465 FORD RD'}","{'@type': 'GeoCoordinates', 'latitude': 42.322392, 'longitude': -83.4500576}","{'@type': 'AggregateRating', 'ratingValue': 4.2, 'reviewCount': '12'}"
Checkers (2220 South Wayne Road),https://www.ubereats.com/detroit/food-delivery/checkers-2220-south-wayne-road/YrujvPKUQXa7tl-f1lIOyg,belleville-michigan,"['American', 'burger']",4.3,50,$,42.2923169,-83.3876088,+17343265740,48185,2220 South Wayne Road,Westland,MI,"[{'@type': 'OpeningHoursSpecification', 'dayOfWeek': ['Monday', 'Tuesday', 'Wednesday', 'Thursday', 'Friday', 'Saturday', 'Sunday'], 'opens': '11:0', 'closes': '23:30'}]","{'@type': 'PostalAddress', 'addressLocality': 'Westland', 'addressRegion': 'MI', 'postalCode': '48185', 'addressCountry': 'US', 'streetAddress': '2220 South Wayne Road'}","{'@type': 'GeoCoordinates', 'latitude': 42.2923169, 'longitude': -83.3876088}","{'@type': 'AggregateRating', 'ratingValue': 4.3, 'reviewCount': '50'}"
Subway (10562 Belleville Rd),https://www.ubereats.com/detroit/food-delivery/subway-10562-belleville-rd/Fy0kLCzbQkqN4cGom7P9tw,belleville-michigan,"['Fast Food', 'Sandwich', 'American']",,,$,42.2257946,-83.4876912,+17346972179,48111,10562,Belleville,MI,"[{'@type': 'OpeningHoursSpecification', 'dayOfWeek': ['Monday', 'Tuesday', 'Wednesday', 'Thursday', 'Friday', 'Saturday', 'Sunday'], 'opens': '10:0', 'closes': '19:30'}]","{'@type': 'PostalAddress', 'addressLocality': 'Belleville', 'addressRegion': 'MI', 'postalCode': '48111', 'addressCountry': 'US', 'streetAddress': '10562'}","{'@type': 'GeoCoordinates', 'latitude': 42.2257946, 'longitude': -83.4876912}",{}
Applebee's (43500 Ford Road),https://www.ubereats.com/detroit/food-delivery/applebees-43500-ford-road/hKy4NC73RG-mpEfdvo0t7A,belleville-michigan,"['Burgers', 'American', 'Sandwiches']",4.1,63,$,42.3228252,-83.4697315,+17344557510,48187,43500 Ford Road,Canton,MI,"[{'@type': 'OpeningHoursSpecification', 'dayOfWeek': ['Monday', 'Tuesday', 'Wednesday', 'Thursday', 'Friday', 'Saturday', 'Sunday'], 'opens': '11:0', 'closes': '20:30'}]","{'@type': 'PostalAddress', 'addressLocality': 'Canton', 'addressRegion': 'MI', 'postalCode': '48187', 'addressCountry': 'US', 'streetAddress': '43500 Ford Road'}","{'@type': 'GeoCoordinates', 'latitude': 42.3228252, 'longitude': -83.4697315}","{'@type': 'AggregateRating', 'ratingValue': 4.1, 'reviewCount': '63'}"
KFC (10130 Telegraph Rd),https://www.ubereats.com/detroit/food-delivery/kfc-10130-telegraph-rd/HcvYDi1VSsGaZlm0Y5e2Qw,belleville-michigan,"['American', 'Southern', 'Fast Food']",3.8,80,$$,42.232504,-83.270135,+12814888535,48180,10130 Telegraph Rd,Taylor,Michigan,"[{'@type': 'OpeningHoursSpecification', 'dayOfWeek': ['Monday', 'Tuesday', 'Wednesday', 'Thursday', 'Friday', 'Saturday', 'Sunday'], 'opens': '11:0', 'closes': '21:30'}]","{'@type': 'PostalAddress', 'addressLocality': 'Taylor', 'addressRegion': 'Michigan', 'postalCode': '48180', 'addressCountry': 'US', 'streetAddress': '10130 Telegraph Rd'}","{'@type': 'GeoCoordinates', 'latitude': 42.232504, 'longitude': -83.270135}","{'@type': 'AggregateRating', 'ratingValue': 3.8, 'reviewCount': '80'}"
Buffalo Wild Wings (41980 Ford Rd),https://www.ubereats.com/detroit/food-delivery/buffalo-wild-wings-41980-ford-rd/jG2FST7CTmCWhRPSVYqPMw,belleville-michigan,"['Wings', 'American']",3.8,74,$$,42.3233098,-83.4553935,+17348449464,48187,41980 Ford Road,Canton,MI,"[{'@type': 'OpeningHoursSpecification', 'dayOfWeek': ['Monday', 'Tuesday', 'Wednesday', 'Thursday', 'Friday', 'Saturday', 'Sunday'], 'opens': '11:0', 'closes': '22:0'}]","{'@type': 'PostalAddress', 'addressLocality': 'Canton', 'addressRegion': 'MI', 'postalCode': '48187', 'addressCountry': 'US', 'streetAddress': '41980 Ford Road'}","{'@type': 'GeoCoordinates', 'latitude': 42.3233098, 'longitude': -83.4553935}","{'@type': 'AggregateRating', 'ratingValue': 3.8, 'reviewCount': '74'}"
"Qdoba Mexican Grill (41420 Ford Rd,)",https://www.ubereats.com/detroit/food-delivery/qdoba-mexican-grill-41420-ford-rd/3bMILbWZSEOI55xBm18w1g,belleville-michigan,"['Mexican', 'Family Meals']",4.3,76,$,42.3233826,-83.4495657,+17349819280,48187,41420 Ford Rd,Canton,MI,"[{'@type': 'OpeningHoursSpecification', 'dayOfWeek': ['Monday', 'Tuesday', 'Wednesday', 'Thursday', 'Friday', 'Saturday', 'Sunday'], 'opens': '10:30', 'closes': '21:30'}]","{'@type': 'PostalAddress', 'addressLocality': 'Canton', 'addressRegion': 'MI', 'postalCode': '48187', 'addressCountry': 'US', 'streetAddress': '41420 Ford Rd'}","{'@type': 'GeoCoordinates', 'latitude': 42.3233826, 'longitude': -83.4495657}","{'@type': 'AggregateRating', 'ratingValue': 4.3, 'reviewCount': '76'}"
Arby's (40210 Michigan Ave),https://www.ubereats.com/detroit/food-delivery/arbys-40210-michigan-ave/3o-xmS-OT-GpeQv_97k8XQ,belleville-michigan,"['American', 'Sandwich', 'Fast Food', 'Kids Friendly']",4.5,21,$,42.28050570000001,-83.4360487,+17346419919,48188,40210 Michigan Ave,Canton,MI,"[{'@type': 'OpeningHoursSpecification', 'dayOfWeek': ['Monday', 'Tuesday', 'Wednesday', 'Thursday', 'Friday', 'Saturday', 'Sunday'], 'opens': '10:0', 'closes': '21:15'}]","{'@type': 'PostalAddress', 'addressLocality': 'Canton', 'addressRegion': 'MI', 'postalCode': '48188', 'addressCountry': 'US', 'streetAddress': '40210 Michigan Ave'}","{'@type': 'GeoCoordinates', 'latitude': 42.28050570000001, 'longitude': -83.4360487}","{'@type': 'AggregateRating', 'ratingValue': 4.5, 'reviewCount': '21'}"
Checkers (9247 Middlebelt Road),https://www.ubereats.com/detroit/food-delivery/checkers-9247-middlebelt-road/qE4N-0DbS4uYnNzUjLD3qQ,belleville-michigan,"['American', 'burger']",3.7,39,$,42.2380613,-83.32717699999999,+17349465838,48174,9247 Middlebelt Road,Romulus,MI,"[{'@type': 'OpeningHoursSpecification', 'dayOfWeek': ['Monday', 'Tuesday', 'Wednesday', 'Thursday', 'Friday', 'Saturday', 'Sunday'], 'opens': '10:0', 'closes': '1:30'}]","{'@type': 'PostalAddress', 'addressLocality': 'Romulus', 'addressRegion': 'MI', 'postalCode': '48174', 'addressCountry': 'US', 'streetAddress': '9247 Middlebelt Road'}","{'@type': 'GeoCoordinates', 'latitude': 42.2380613, 'longitude': -83.32717699999999}","{'@type': 'AggregateRating', 'ratingValue': 3.7, 'reviewCount': '39'}"
Leo's Coney Island- 9624 Belleville Rd,https://www.ubereats.com/detroit/food-delivery/leos-coney-island-9624-belleville-rd/w3pvKJTQRq-VI9nqQedQVA,belleville-michigan,"['Breakfast', 'Brunch', 'American', 'Desserts']",,,$$,42.2329891,-83.48664959999999,+17346971000,48111,9624,Belleville,MI,"[{'@type': 'OpeningHoursSpecification', 'dayOfWeek': 'Sunday', 'opens': '10:30', 'closes': '21:0'}, {'@type': 'OpeningHoursSpecification', 'dayOfWeek': 'Sunday', 'opens': '6:0', 'closes': '9:0'}, {'@type': 'OpeningHoursSpecification', 'dayOfWeek': ['Monday', 'Tuesday', 'Wednesday', 'Thursday'], 'opens': '10:30', 'closes': '21:0'}, {'@type': 'OpeningHoursSpecification', 'dayOfWeek': ['Monday', 'Tuesday', 'Wednesday', 'Thursday'], 'opens': '6:0', 'closes': '11:0'}, {'@type': 'OpeningHoursSpecification', 'dayOfWeek': 'Friday', 'opens': '10:30', 'closes': '22:0'}, {'@type': 'OpeningHoursSpecification', 'dayOfWeek': 'Friday', 'opens': '6:0', 'closes': '11:0'}, {'@type': 'OpeningHoursSpecification', 'dayOfWeek': 'Saturday', 'opens': '10:30', 'closes': '22:0'}, {'@type': 'OpeningHoursSpecification', 'dayOfWeek': 'Saturday', 'opens': '6:0', 'closes': '9:0'}]","{'@type': 'PostalAddress', 'addressLocality': 'Belleville', 'addressRegion': 'MI', 'postalCode': '48111', 'addressCountry': 'US', 'streetAddress': '9624'}","{'@type': 'GeoCoordinates', 'latitude': 42.2329891, 'longitude': -83.48664959999999}",{}
Peepo's Subs,https://www.ubereats.com/detroit/food-delivery/peepos-subs/XAOHlrUaQ-e18U8V49jd4Q,belleville-michigan,"['Sandwich', 'Halal', 'Salads']",4.7,52,$,42.226757,-83.289014,+13132999992,48180,10890 S Beech Daly Rd,TAYLOR,MI,"[{'@type': 'OpeningHoursSpecification', 'dayOfWeek': ['Monday', 'Tuesday', 'Wednesday', 'Thursday', 'Friday', 'Saturday'], 'opens': '11:0', 'closes': '18:30'}]","{'@type': 'PostalAddress', 'addressLocality': 'TAYLOR', 'addressRegion': 'MI', 'postalCode': '48180', 'addressCountry': 'US', 'streetAddress': '10890 S Beech Daly Rd'}","{'@type': 'GeoCoordinates', 'latitude': 42.226757, 'longitude': -83.289014}","{'@type': 'AggregateRating', 'ratingValue': 4.7, 'reviewCount': '52'}"
Famous Shawarmas,https://www.ubereats.com/detroit/food-delivery/famous-shawarmas/yS4DOw-KSQCYRu6eUgEPow,belleville-michigan,"['Salads', 'Mediterranean', 'Burgers', 'Family Meals']",,,$,42.29729,-83.387756,+17344677771,48186,1553 S Wayne Rd,Westland,Michigan,"[{'@type': 'OpeningHoursSpecification', 'dayOfWeek': ['Monday', 'Tuesday', 'Wednesday', 'Thursday', 'Friday', 'Saturday', 'Sunday'], 'opens': '12:30', 'closes': '19:0'}]","{'@type': 'PostalAddress', 'addressLocality': 'Westland', 'addressRegion': 'Michigan', 'postalCode': '48186', 'addressCountry': 'US', 'streetAddress': '1553 S Wayne Rd'}","{'@type': 'GeoCoordinates', 'latitude': 42.29729, 'longitude': -83.387756}",{}
"Tubby's Grilled Submarines (4429 S Wayne Rd, MI)",https://www.ubereats.com/detroit/food-delivery/tubbys-grilled-submarines-4429-s-wayne-rd-mi/AevZ0EKrTsKwzTn93J6dSg,belleville-michigan,"['Pizza', 'Traditional American', 'Sandwich']",,,$,42.274997,-83.387466,+17342246222,48184,4429 S,Wayne,MI,"[{'@type': 'OpeningHoursSpecification', 'dayOfWeek': 'Sunday', 'opens': '11:0', 'closes': '22:0'}, {'@type': 'OpeningHoursSpecification', 'dayOfWeek': 'Sunday', 'opens': '10:0', 'closes': '17:0'}, {'@type': 'OpeningHoursSpecification', 'dayOfWeek': ['Monday', 'Tuesday', 'Wednesday', 'Thursday', 'Friday'], 'opens': '10:0', 'closes': '20:0'}, {'@type': 'OpeningHoursSpecification', 'dayOfWeek': ['Monday', 'Tuesday', 'Wednesday', 'Thursday', 'Friday'], 'opens': '10:0', 'closes': '22:0'}, {'@type': 'OpeningHoursSpecification', 'dayOfWeek': ['Monday', 'Tuesday', 'Wednesday', 'Thursday', 'Friday'], 'opens': '10:0', 'closes': '17:0'}, {'@type': 'OpeningHoursSpecification', 'dayOfWeek': 'Saturday', 'opens': '10:0', 'closes': '22:0'}, {'@type': 'OpeningHoursSpecification', 'dayOfWeek': 'Saturday', 'opens': '10:0', 'closes': '17:0'}]","{'@type': 'PostalAddress', 'addressLocality': 'Wayne', 'addressRegion': 'MI', 'postalCode': '48184', 'addressCountry': 'US', 'streetAddress': '4429 S'}","{'@type': 'GeoCoordinates', 'latitude': 42.274997, 'longitude': -83.387466}",{}
Papa Johns (2221 S Wayne Rd),https://www.ubereats.com/detroit/food-delivery/papa-johns-2221-s-wayne-rd/QqmG-YrsQau6Ii-DCUhoOQ,belleville-michigan,"['Pizza', 'Wings', 'Desserts']",4.2,21,$,42.2926131,-83.3869307,+13132070922,48186,2221 S Wayne Rd,Westland,MI,"[{'@type': 'OpeningHoursSpecification', 'dayOfWeek': ['Sunday', 'Monday', 'Tuesday', 'Wednesday', 'Thursday'], 'opens': '10:30', 'closes': '21:40'}, {'@type': 'OpeningHoursSpecification', 'dayOfWeek': ['Friday', 'Saturday'], 'opens': '10:30', 'closes': '22:40'}]","{'@type': 'PostalAddress', 'addressLocality': 'Westland', 'addressRegion': 'MI', 'postalCode': '48186', 'addressCountry': 'US', 'streetAddress': '2221 S Wayne Rd'}","{'@type': 'GeoCoordinates', 'latitude': 42.2926131, 'longitude': -83.3869307}","{'@type': 'AggregateRating', 'ratingValue': 4.2, 'reviewCount': '21'}"
Wendy's  (40450 MICHIGAN AVENUE),https://www.ubereats.com/detroit/food-delivery/wendys-40450-michigan-avenue/725LW0bsQSumX7Dz__ehOw,belleville-michigan,"['American', 'Burgers', 'Fast Food']",,,$,42.2809031,-83.43763320000001,+17343262017,48188,40450 MICHIGAN AVENUE,CANTON,MI,"[{'@type': 'OpeningHoursSpecification', 'dayOfWeek': ['Monday', 'Tuesday', 'Wednesday', 'Thursday', 'Friday', 'Saturday', 'Sunday'], 'opens': '10:30', 'closes': '23:30'}, {'@type': 'OpeningHoursSpecification', 'dayOfWeek': ['Monday', 'Tuesday', 'Wednesday', 'Thursday', 'Friday', 'Saturday', 'Sunday'], 'opens': '6:30', 'closes': '10:0'}]","{'@type': 'PostalAddress', 'addressLocality': 'CANTON', 'addressRegion': 'MI', 'postalCode': '48188', 'addressCountry': 'US', 'streetAddress': '40450 MICHIGAN AVENUE'}","{'@type': 'GeoCoordinates', 'latitude': 42.2809031, 'longitude': -83.43763320000001}",{}
Potbelly Sandwich Shop (Canton Ford Lilley DT | 219),https://www.ubereats.com/detroit/food-delivery/potbelly-sandwich-shop-canton-ford-lilley-dt-%7C-219/f_zBjtYMRm-N0DKJn-YlIA,belleville-michigan,"['Deli', 'Salads', 'Sandwich']",4.4,43,$,42.3223039,-83.4595827,+17348440842,48187,42477 Ford Rd,Canton,MI,"[{'@type': 'OpeningHoursSpecification', 'dayOfWeek': ['Monday', 'Tuesday', 'Wednesday', 'Thursday', 'Friday', 'Saturday', 'Sunday'], 'opens': '11:0', 'closes': '20:30'}]","{'@type': 'PostalAddress', 'addressLocality': 'Canton', 'addressRegion': 'MI', 'postalCode': '48187', 'addressCountry': 'US', 'streetAddress': '42477 Ford Rd'}","{'@type': 'GeoCoordinates', 'latitude': 42.3223039, 'longitude': -83.4595827}","{'@type': 'AggregateRating', 'ratingValue': 4.4, 'reviewCount': '43'}"
"TGI Friday's (2710 - CANTON, MI)",https://www.ubereats.com/detroit/food-delivery/tgi-fridays-2710-canton-mi/kBPMPsoXTQS5l_0kdzS0_w,belleville-michigan,"['Burgers', 'Bar Food', 'Family Meals']",4.4,28,$$,42.3228408,-83.47673259999999,+17342540442,48187,44250 Ford Rd,Canton,MI,"[{'@type': 'OpeningHoursSpecification', 'dayOfWeek': ['Monday', 'Tuesday', 'Wednesday', 'Thursday', 'Friday', 'Saturday', 'Sunday'], 'opens': '12:0', 'closes': '22:0'}]","{'@type': 'PostalAddress', 'addressLocality': 'Canton', 'addressRegion': 'MI', 'postalCode': '48187', 'addressCountry': 'US', 'streetAddress': '44250 Ford Rd'}","{'@type': 'GeoCoordinates', 'latitude': 42.3228408, 'longitude': -83.47673259999999}","{'@type': 'AggregateRating', 'ratingValue': 4.4, 'reviewCount': '28'}"
Namaste Flavours Canton,https://www.ubereats.com/detroit/food-delivery/namaste-flavours-canton/1KK0NKZYSRC5gkkmrP8yVA,belleville-michigan,"['Indian', 'Chicken', 'Vegan']",5.0,25,$,42.3237696,-83.4829812,+12484765555,,,,,"[{'@type': 'OpeningHoursSpecification', 'dayOfWeek': 'Sunday', 'opens': '11:30', 'closes': '14:0'}, {'@type': 'OpeningHoursSpecification', 'dayOfWeek': 'Sunday', 'opens': '16:30', 'closes': '21:0'}, {'@type': 'OpeningHoursSpecification', 'dayOfWeek': 'Tuesday', 'opens': '16:30', 'closes': '21:0'}, {'@type': 'OpeningHoursSpecification', 'dayOfWeek': ['Wednesday', 'Thursday', 'Friday', 'Saturday'], 'opens': '11:30', 'closes': '14:0'}, {'@type': 'OpeningHoursSpecification', 'dayOfWeek': ['Wednesday', 'Thursday', 'Friday', 'Saturday'], 'opens': '16:30', 'closes': '21:0'}]",,"{'@type': 'GeoCoordinates', 'latitude': 42.3237696, 'longitude': -83.4829812}","{'@type': 'AggregateRating', 'ratingValue': 5, 'reviewCount': '25'}"
Wendy's  (46110 Michigan Avenue),https://www.ubereats.com/detroit/food-delivery/wendys-46110-michigan-avenue/vHDsFV1vSAmtXgy11-Wa8w,belleville-michigan,"['American', 'Burgers', 'Fast Food']",,,$,42.2709364,-83.4931697,+17343981405,48188,46110 Michigan Avenue,Canton,MI,"[{'@type': 'OpeningHoursSpecification', 'dayOfWeek': ['Monday', 'Tuesday', 'Wednesday', 'Thursday', 'Friday', 'Saturday', 'Sunday'], 'opens': '10:30', 'closes': '23:30'}, {'@type': 'OpeningHoursSpecification', 'dayOfWeek': ['Monday', 'Tuesday', 'Wednesday', 'Thursday', 'Friday', 'Saturday', 'Sunday'], 'opens': '6:30', 'closes': '10:0'}]","{'@type': 'PostalAddress', 'addressLocality': 'Canton', 'addressRegion': 'MI', 'postalCode': '48188', 'addressCountry': 'US', 'streetAddress': '46110 Michigan Avenue'}","{'@type': 'GeoCoordinates', 'latitude': 42.2709364, 'longitude': -83.4931697}",{}
Bob Evans 205 (30987 Flynn Drive),https://www.ubereats.com/detroit/food-delivery/bob-evans-205-30987-flynn-drive/ejLUIMIzQG-MTxhZq4rvNg,belleville-michigan,"['American', 'Breakfast and Brunch', 'Cafe', 'Omelette', 'Traditional American']",4.3,77,$$,42.2430455,-83.3431203,+17343262450,48174,30987 Flynn Drive,Romulus,MI,"[{'@type': 'OpeningHoursSpecification', 'dayOfWeek': ['Monday', 'Tuesday', 'Wednesday', 'Thursday', 'Friday', 'Saturday', 'Sunday'], 'opens': '7:0', 'closes': '19:30'}]","{'@type': 'PostalAddress', 'addressLocality': 'Romulus', 'addressRegion': 'MI', 'postalCode': '48174', 'addressCountry': 'US', 'streetAddress': '30987 Flynn Drive'}","{'@type': 'GeoCoordinates', 'latitude': 42.2430455, 'longitude': -83.3431203}","{'@type': 'AggregateRating', 'ratingValue': 4.3, 'reviewCount': '77'}"
Zino's,https://www.ubereats.com/detroit/food-delivery/zinos/g5rhrS3US8eZvziB-cpbcw,belleville-michigan,"['Pizza', 'American', 'Italian']",,,$,42.1752092,-83.4830872,+17346977999,48111,17440 Sumpter Rd,Belleville,MI,"[{'@type': 'OpeningHoursSpecification', 'dayOfWeek': 'Sunday', 'opens': '11:0', 'closes': '20:0'}, {'@type': 'OpeningHoursSpecification', 'dayOfWeek': ['Monday', 'Tuesday', 'Wednesday', 'Thursday'], 'opens': '11:0', 'closes': '21:0'}, {'@type': 'OpeningHoursSpecification', 'dayOfWeek': ['Friday', 'Saturday'], 'opens': '11:0', 'closes': '22:0'}]","{'@type': 'PostalAddress', 'addressLocality': 'Belleville', 'addressRegion': 'MI', 'postalCode': '48111', 'addressCountry': 'US', 'streetAddress': '17440 Sumpter Rd'}","{'@type': 'GeoCoordinates', 'latitude': 42.1752092, 'longitude': -83.4830872}",{}
Wendy's  (11000 BELLEVILLE RD),https://www.ubereats.com/detroit/food-delivery/wendys-11000-belleville-rd/l6fYEXZORo2WThulED9Yqw,belleville-michigan,"['American', 'Burgers', 'Fast Food']",3.9,14,$,42.2221278,-83.4859829,+17346972126,48111,11000,BELLEVILLE,MI,"[{'@type': 'OpeningHoursSpecification', 'dayOfWeek': 'Sunday', 'opens': '10:30', 'closes': '23:30'}, {'@type': 'OpeningHoursSpecification', 'dayOfWeek': 'Sunday', 'opens': '6:30', 'closes': '10:0'}, {'@type': 'OpeningHoursSpecification', 'dayOfWeek': ['Monday', 'Tuesday', 'Wednesday', 'Thursday', 'Friday', 'Saturday'], 'opens': '10:30', 'closes': '0:30'}, {'@type': 'OpeningHoursSpecification', 'dayOfWeek': ['Monday', 'Tuesday', 'Wednesday', 'Thursday', 'Friday', 'Saturday'], 'opens': '6:30', 'closes': '10:0'}]","{'@type': 'PostalAddress', 'addressLocality': 'BELLEVILLE', 'addressRegion': 'MI', 'postalCode': '48111', 'addressCountry': 'US', 'streetAddress': '11000'}","{'@type': 'GeoCoordinates', 'latitude': 42.2221278, 'longitude': -83.4859829}","{'@type': 'AggregateRating', 'ratingValue': 3.9, 'reviewCount': '14'}"
Tim Horton's (2141 Rawsonville Rd.),https://www.ubereats.com/detroit/food-delivery/tim-hortons-2141-rawsonville-rd/jV0Ci-gaRAKVTyvjn71yqQ,belleville-michigan,"['Bakery', 'Cafe', 'Donuts']",,,$$,42.2151259,-83.54305269999999,+17344855283,48111,2141 Rawsonville Rd.,Belleville,MI,"[{'@type': 'OpeningHoursSpecification', 'dayOfWeek': 'Sunday', 'opens': '10:0', 'closes': '22:0'}, {'@type': 'OpeningHoursSpecification', 'dayOfWeek': ['Monday', 'Tuesday'], 'opens': '4:0', 'closes': '12:0'}, {'@type': 'OpeningHoursSpecification', 'dayOfWeek': ['Monday', 'Tuesday'], 'opens': '10:0', 'closes': '22:0'}, {'@type': 'OpeningHoursSpecification', 'dayOfWeek': ['Wednesday', 'Thursday', 'Friday', 'Saturday'], 'opens': '10:0', 'closes': '22:0'}]","{'@type': 'PostalAddress', 'addressLocality': 'Belleville', 'addressRegion': 'MI', 'postalCode': '48111', 'addressCountry': 'US', 'streetAddress': '2141 Rawsonville Rd.'}","{'@type': 'GeoCoordinates', 'latitude': 42.2151259, 'longitude': -83.54305269999999}",{}
Applewood Coney Island,https://www.ubereats.com/detroit/food-delivery/applewood-coney-island/exhjZ1rASKKC2HcwN3N7qA,belleville-michigan,"['Breakfast and Brunch', 'Burgers', 'Seafood']",4.3,51,$,42.2915459,-83.3227539,+17348958114,48141,28640 Michigan Ave,Inkster,MI,"[{'@type': 'OpeningHoursSpecification', 'dayOfWeek': 'Sunday', 'opens': '8:0', 'closes': '14:0'}, {'@type': 'OpeningHoursSpecification', 'dayOfWeek': ['Tuesday', 'Wednesday', 'Thursday', 'Friday', 'Saturday'], 'opens': '8:0', 'closes': '14:0'}]","{'@type': 'PostalAddress', 'addressLocality': 'Inkster', 'addressRegion': 'MI', 'postalCode': '48141', 'addressCountry': 'US', 'streetAddress': '28640 Michigan Ave'}","{'@type': 'GeoCoordinates', 'latitude': 42.2915459, 'longitude': -83.3227539}","{'@type': 'AggregateRating', 'ratingValue': 4.3, 'reviewCount': '51'}"
Taco Bell (45132 Ford Road),https://www.ubereats.com/detroit/food-delivery/taco-bell-45132-ford-road/kwv0wMuIT2mYtZN2kTffZQ,belleville-michigan,"['Burritos', 'Fast Food', 'Mexican']",,,$,42.32248059999999,-83.48487879999999,+17344551732,48187,45132 Ford Road,Canton,MI,"[{'@type': 'OpeningHoursSpecification', 'dayOfWeek': ['Sunday', 'Monday', 'Tuesday', 'Wednesday', 'Thursday'], 'opens': '14:0', 'closes': '17:0'}, {'@type': 'OpeningHoursSpecification', 'dayOfWeek': ['Sunday', 'Monday', 'Tuesday', 'Wednesday', 'Thursday'], 'opens': '8:0', 'closes': '1:30'}, {'@type': 'OpeningHoursSpecification', 'dayOfWeek': ['Sunday', 'Monday', 'Tuesday', 'Wednesday', 'Thursday'], 'opens': '8:0', 'closes': '10:30'}, {'@type': 'OpeningHoursSpecification', 'dayOfWeek': 'Friday', 'opens': '14:0', 'closes': '17:0'}, {'@type': 'OpeningHoursSpecification', 'dayOfWeek': 'Friday', 'opens': '8:0', 'closes': '2:30'}, {'@type': 'OpeningHoursSpecification', 'dayOfWeek': 'Friday', 'opens': '10:0', 'closes': '10:30'}, {'@type': 'OpeningHoursSpecification', 'dayOfWeek': 'Saturday', 'opens': '14:0', 'closes': '17:0'}, {'@type': 'OpeningHoursSpecification', 'dayOfWeek': 'Saturday', 'opens': '8:0', 'closes': '10:30'}, {'@type': 'OpeningHoursSpecification', 'dayOfWeek': 'Saturday', 'opens': '8:0', 'closes': '2:30'}]","{'@type': 'PostalAddress', 'addressLocality': 'Canton', 'addressRegion': 'MI', 'postalCode': '48187', 'addressCountry': 'US', 'streetAddress': '45132 Ford Road'}","{'@type': 'GeoCoordinates', 'latitude': 42.32248059999999, 'longitude': -83.48487879999999}",{}
Jonny Cakes Cafe - Canton,https://www.ubereats.com/detroit/food-delivery/jonny-cakes-cafe-canton/hnHTpR9nTAGtGDvMG5Aekg,belleville-michigan,"['Breakfast and Brunch', 'American', 'Sandwiches', 'Allergy Friendly']",,,$,42.3243275,-83.476868,+17343356537,48187,5846 N Sheldon Rd,Canton,MI,"[{'@type': 'OpeningHoursSpecification', 'dayOfWeek': ['Monday', 'Tuesday', 'Wednesday', 'Thursday', 'Friday', 'Saturday', 'Sunday'], 'opens': '8:0', 'closes': '15:0'}]","{'@type': 'PostalAddress', 'addressLocality': 'Canton', 'addressRegion': 'MI', 'postalCode': '48187', 'addressCountry': 'US', 'streetAddress': '5846 N Sheldon Rd'}","{'@type': 'GeoCoordinates', 'latitude': 42.3243275, 'longitude': -83.476868}",{}
Taco Bell (44570 Michigan Avenue),https://www.ubereats.com/detroit/food-delivery/taco-bell-44570-michigan-avenue/wRDC5jehQ8muCxIq8OxTUw,belleville-michigan,"['Burritos', 'Fast Food', 'Mexican']",,,$,42.2750199,-83.4783161,+17343985341,48188,44570 Michigan Avenue,Canton,MI,"[{'@type': 'OpeningHoursSpecification', 'dayOfWeek': ['Sunday', 'Monday', 'Tuesday', 'Wednesday', 'Thursday'], 'opens': '14:0', 'closes': '17:0'}, {'@type': 'OpeningHoursSpecification', 'dayOfWeek': ['Sunday', 'Monday', 'Tuesday', 'Wednesday', 'Thursday'], 'opens': '10:0', 'closes': '0:30'}, {'@type': 'OpeningHoursSpecification', 'dayOfWeek': ['Friday', 'Saturday'], 'opens': '14:0', 'closes': '17:0'}, {'@type': 'OpeningHoursSpecification', 'dayOfWeek': ['Friday', 'Saturday'], 'opens': '10:0', 'closes': '2:30'}]","{'@type': 'PostalAddress', 'addressLocality': 'Canton', 'addressRegion': 'MI', 'postalCode': '48188', 'addressCountry': 'US', 'streetAddress': '44570 Michigan Avenue'}","{'@type': 'GeoCoordinates', 'latitude': 42.2750199, 'longitude': -83.4783161}",{}
McDonald's (10760 BELLEVILLE ROAD),https://www.ubereats.com/detroit/food-delivery/mcdonalds-10760-belleville-road/8oBsuqfSTkm_ycqFcGN5HQ,belleville-michigan,"['American', 'Burgers', 'Fast Food', 'Fast Food']",4.1,14,$,42.223947,-83.485566,+17346993700,48111,10760,BELLEVILLE,MI,"[{'@type': 'OpeningHoursSpecification', 'dayOfWeek': 'Sunday', 'opens': '4:0', 'closes': '10:59'}, {'@type': 'OpeningHoursSpecification', 'dayOfWeek': 'Sunday', 'opens': '11:0', 'closes': '16:59'}, {'@type': 'OpeningHoursSpecification', 'dayOfWeek': 'Sunday', 'opens': '17:0', 'closes': '3:59'}, {'@type': 'OpeningHoursSpecification', 'dayOfWeek': ['Monday', 'Tuesday', 'Wednesday', 'Thursday', 'Friday'], 'opens': '4:0', 'closes': '10:29'}, {'@type': 'OpeningHoursSpecification', 'dayOfWeek': ['Monday', 'Tuesday', 'Wednesday', 'Thursday', 'Friday'], 'opens': '10:30', 'closes': '16:59'}, {'@type': 'OpeningHoursSpecification', 'dayOfWeek': ['Monday', 'Tuesday', 'Wednesday', 'Thursday', 'Friday'], 'opens': '17:0', 'closes': '3:59'}, {'@type': 'OpeningHoursSpecification', 'dayOfWeek': 'Saturday', 'opens': '4:0', 'closes': '10:59'}, {'@type': 'OpeningHoursSpecification', 'dayOfWeek': 'Saturday', 'opens': '11:0', 'closes': '16:59'}, {'@type': 'OpeningHoursSpecification', 'dayOfWeek': 'Saturday', 'opens': '17:0', 'closes': '3:59'}]","{'@type': 'PostalAddress', 'addressLocality': 'BELLEVILLE', 'addressRegion': 'MI', 'postalCode': '48111', 'addressCountry': 'US', 'streetAddress': '10760'}","{'@type': 'GeoCoordinates', 'latitude': 42.223947, 'longitude': -83.485566}","{'@type': 'AggregateRating', 'ratingValue': 4.1, 'reviewCount': '14'}"
Wendy's  (2181 Rawsonville Road),https://www.ubereats.com/detroit/food-delivery/wendys-2181-rawsonville-road/Fp2J0F1EQ9ap74pEyD1k1w,belleville-michigan,"['American', 'Burgers', 'Fast Food']",,,$,42.214218,-83.542955,+17344844411,48111,2181 Rawsonville Road,Belleville,MI,"[{'@type': 'OpeningHoursSpecification', 'dayOfWeek': ['Sunday', 'Monday', 'Tuesday', 'Wednesday'], 'opens': '10:30', 'closes': '23:30'}, {'@type': 'OpeningHoursSpecification', 'dayOfWeek': ['Sunday', 'Monday', 'Tuesday', 'Wednesday'], 'opens': '6:30', 'closes': '10:0'}, {'@type': 'OpeningHoursSpecification', 'dayOfWeek': ['Thursday', 'Friday', 'Saturday'], 'opens': '10:30', 'closes': '0:30'}, {'@type': 'OpeningHoursSpecification', 'dayOfWeek': ['Thursday', 'Friday', 'Saturday'], 'opens': '6:30', 'closes': '10:0'}]","{'@type': 'PostalAddress', 'addressLocality': 'Belleville', 'addressRegion': 'MI', 'postalCode': '48111', 'addressCountry': 'US', 'streetAddress': '2181 Rawsonville Road'}","{'@type': 'GeoCoordinates', 'latitude': 42.214218, 'longitude': -83.542955}",{}
Starbucks (Belleville Rd & I-94),https://www.ubereats.com/detroit/food-delivery/starbucks-belleville-rd-%26-i-94/Y2sUomnNRJm14k1MyRE3uw,belleville-michigan,"['Bakery', 'Breakfast and Brunch', 'Cafe', 'Coffee & Tea']",4.4,37,$,42.2237389,-83.48433159999999,+17347353835,48111,10777,Belleville,MI,"[{'@type': 'OpeningHoursSpecification', 'dayOfWeek': ['Monday', 'Tuesday', 'Wednesday', 'Thursday', 'Friday', 'Saturday', 'Sunday'], 'opens': '6:0', 'closes': '21:0'}]","{'@type': 'PostalAddress', 'addressLocality': 'Belleville', 'addressRegion': 'MI', 'postalCode': '48111', 'addressCountry': 'US', 'streetAddress': '10777'}","{'@type': 'GeoCoordinates', 'latitude': 42.2237389, 'longitude': -83.48433159999999}","{'@type': 'AggregateRating', 'ratingValue': 4.4, 'reviewCount': '37'}"
"Qdoba Mexican Grill (10889 Belleville Rd,)",https://www.ubereats.com/detroit/food-delivery/qdoba-mexican-grill-10889-belleville-rd/lk-N8ERQT5SicoIZ8tvukw,belleville-michigan,"['Mexican', 'Family Meals']",4.5,35,$,42.2234432,-83.4843628,+17346975118,48111,10889,Belleville,MI,"[{'@type': 'OpeningHoursSpecification', 'dayOfWeek': ['Sunday', 'Monday', 'Tuesday', 'Wednesday', 'Thursday'], 'opens': '10:30', 'closes': '21:30'}, {'@type': 'OpeningHoursSpecification', 'dayOfWeek': ['Friday', 'Saturday'], 'opens': '10:30', 'closes': '22:30'}]","{'@type': 'PostalAddress', 'addressLocality': 'Belleville', 'addressRegion': 'MI', 'postalCode': '48111', 'addressCountry': 'US', 'streetAddress': '10889'}","{'@type': 'GeoCoordinates', 'latitude': 42.2234432, 'longitude': -83.4843628}","{'@type': 'AggregateRating', 'ratingValue': 4.5, 'reviewCount': '35'}"
Tropical Smoothie Cafe (35131 E Michigan Ave),https://www.ubereats.com/detroit/food-delivery/tropical-smoothie-cafe-35131-e-michigan-ave/yBZ6dlYVSVSUzAf9AF9nIA,belleville-michigan,"['Juice and Smoothies', 'Healthy', 'Sandwich', 'American', 'Chicken', 'Salads', 'Breakfast and Brunch']",4.5,44,$,42.2799595,-83.384373,+17348956387,48184,35131 E Michigan Ave,Wayne,MI,"[{'@type': 'OpeningHoursSpecification', 'dayOfWeek': 'Sunday', 'opens': '9:0', 'closes': '19:0'}, {'@type': 'OpeningHoursSpecification', 'dayOfWeek': ['Monday', 'Tuesday', 'Wednesday', 'Thursday', 'Friday'], 'opens': '10:0', 'closes': '18:0'}, {'@type': 'OpeningHoursSpecification', 'dayOfWeek': 'Saturday', 'opens': '9:0', 'closes': '19:0'}]","{'@type': 'PostalAddress', 'addressLocality': 'Wayne', 'addressRegion': 'MI', 'postalCode': '48184', 'addressCountry': 'US', 'streetAddress': '35131 E Michigan Ave'}","{'@type': 'GeoCoordinates', 'latitude': 42.2799595, 'longitude': -83.384373}","{'@type': 'AggregateRating', 'ratingValue': 4.5, 'reviewCount': '44'}"
KFC (2169 Rawsonville Road),https://www.ubereats.com/detroit/food-delivery/kfc-2169-rawsonville-road/m5LmjfOSRhuxa7nvU_4wHA,belleville-michigan,"['American', 'Fast Food', 'wings']",,,$,42.214439,-83.5427885,+17344827256,48111,2169 Rawsonville Road,Belleville,MI,"[{'@type': 'OpeningHoursSpecification', 'dayOfWeek': ['Monday', 'Tuesday', 'Wednesday', 'Thursday', 'Friday', 'Saturday', 'Sunday'], 'opens': '11:0', 'closes': '19:30'}]","{'@type': 'PostalAddress', 'addressLocality': 'Belleville', 'addressRegion': 'MI', 'postalCode': '48111', 'addressCountry': 'US', 'streetAddress': '2169 Rawsonville Road'}","{'@type': 'GeoCoordinates', 'latitude': 42.214439, 'longitude': -83.5427885}",{}
Boston Market (43450 Ford Rd.),https://www.ubereats.com/detroit/food-delivery/boston-market-43450-ford-rd/ZKodkHExQ0Wnvj0TqO1Gow,belleville-michigan,"['American', 'Fast Food', 'Comfort Food', 'Fried Chicken', 'Family Meals']",4.2,13,$,42.3228387,-83.4689605,+17348441200,48187,43450 Ford Rd.,Canton,MI,"[{'@type': 'OpeningHoursSpecification', 'dayOfWeek': ['Monday', 'Tuesday', 'Wednesday', 'Thursday', 'Friday', 'Saturday', 'Sunday'], 'opens': '11:0', 'closes': '20:45'}]","{'@type': 'PostalAddress', 'addressLocality': 'Canton', 'addressRegion': 'MI', 'postalCode': '48187', 'addressCountry': 'US', 'streetAddress': '43450 Ford Rd.'}","{'@type': 'GeoCoordinates', 'latitude': 42.3228387, 'longitude': -83.4689605}","{'@type': 'AggregateRating', 'ratingValue': 4.2, 'reviewCount': '13'}"
