name,url,city,cuisine,avgRating,numReviews,priceRange,latitude,longitude,telephone,postalCode,streetAddress,addressLocality,addressRegion,openingHoursSpecification,addressString,geoString,ratingString
Roman Delight Pizza,https://www.ubereats.com/burlington/food-delivery/roman-delight-pizza/pY-A4dcTSo-u2RVpp27Dqg,burlington,"['Pizza', 'American', 'Italian']",,,$,44.464954,-73.1837431,+18026582500,5403,155 Dorset St,South Burlington,VT,"[{'@type': 'OpeningHoursSpecification', 'dayOfWeek': ['Monday', 'Tuesday', 'Wednesday', 'Thursday', 'Friday', 'Saturday', 'Sunday'], 'opens': '11:30', 'closes': '17:0'}]","{'@type': 'PostalAddress', 'addressLocality': 'South Burlington', 'addressRegion': 'VT', 'postalCode': '5403', 'addressCountry': 'US', 'streetAddress': '155 Dorset St'}","{'@type': 'GeoCoordinates', 'latitude': 44.464954, 'longitude': -73.1837431}",{}
Kampus Kitchen,https://www.ubereats.com/burlington/food-delivery/kampus-kitchen/giRvOWJnTlC3YISa6FLr-w,burlington,"['Breakfast and Brunch', 'American', 'Sandwiches']",4.9,64,$,44.48310689999999,-73.1901293,+18028639105,,,,,"[{'@type': 'OpeningHoursSpecification', 'dayOfWeek': 'Sunday', 'opens': '9:30', 'closes': '16:0'}, {'@type': 'OpeningHoursSpecification', 'dayOfWeek': ['Monday', 'Tuesday', 'Wednesday', 'Thursday', 'Friday'], 'opens': '8:30', 'closes': '16:30'}, {'@type': 'OpeningHoursSpecification', 'dayOfWeek': 'Saturday', 'opens': '9:30', 'closes': '16:0'}]",,"{'@type': 'GeoCoordinates', 'latitude': 44.48310689999999, 'longitude': -73.1901293}","{'@type': 'AggregateRating', 'ratingValue': 4.9, 'reviewCount': '64'}"
Wings Over (150 Dorset St),https://www.ubereats.com/burlington/food-delivery/wings-over-150-dorset-st/E6FMXRtjRAKDQwYC3WIP2w,burlington,"['wings', 'Sandwich', 'Salads']",4.6,200,$,44.4649607,-73.1793447,+18028639464,,,,,"[{'@type': 'OpeningHoursSpecification', 'dayOfWeek': ['Sunday', 'Monday', 'Tuesday', 'Wednesday', 'Thursday'], 'opens': '11:0', 'closes': '23:0'}, {'@type': 'OpeningHoursSpecification', 'dayOfWeek': ['Friday', 'Saturday'], 'opens': '11:0', 'closes': '0:0'}]",,"{'@type': 'GeoCoordinates', 'latitude': 44.4649607, 'longitude': -73.1793447}","{'@type': 'AggregateRating', 'ratingValue': 4.6, 'reviewCount': '200'}"
WingStreet (1 David Dr),https://www.ubereats.com/burlington/food-delivery/wingstreet-1-david-dr/oUPzKdCMTHyv8Uoc1WTMEg,burlington,"['American', 'Wings', 'Pizza']",,,$,44.5083272,-73.13382659999999,+18028780101,5452,1 David Dr,Essex Junction,VT,"[{'@type': 'OpeningHoursSpecification', 'dayOfWeek': ['Monday', 'Tuesday', 'Wednesday', 'Thursday', 'Friday', 'Saturday', 'Sunday'], 'opens': '12:0', 'closes': '20:0'}]","{'@type': 'PostalAddress', 'addressLocality': 'Essex Junction', 'addressRegion': 'VT', 'postalCode': '5452', 'addressCountry': 'US', 'streetAddress': '1 David Dr'}","{'@type': 'GeoCoordinates', 'latitude': 44.5083272, 'longitude': -73.13382659999999}",{}
Conscious Kitchen,https://www.ubereats.com/burlington/food-delivery/conscious-kitchen/FK0CzwT1RtSHYmQsPsKtUQ,burlington,"['Caribbean', 'Seafood', 'Latin American']",,,$,44.498304,-73.1821745,+18026834918,05404,21 Richard St,Winooski,VT,[],"{'@type': 'PostalAddress', 'addressLocality': 'Winooski', 'addressRegion': 'VT', 'postalCode': '05404', 'addressCountry': 'US', 'streetAddress': '21 Richard St'}","{'@type': 'GeoCoordinates', 'latitude': 44.498304, 'longitude': -73.1821745}",{}
Five Guys VT-1827 49 Church St,https://www.ubereats.com/burlington/food-delivery/five-guys-vt-1827-49-church-st/0i4g-CsHQaOeukAi6P2urg,burlington,"['American', 'Burgers']",,,$,44.4787829,-73.2148141,+18028632100,5401,49 Church Street,Burlington,VT,[],"{'@type': 'PostalAddress', 'addressLocality': 'Burlington', 'addressRegion': 'VT', 'postalCode': '5401', 'addressCountry': 'US', 'streetAddress': '49 Church Street'}","{'@type': 'GeoCoordinates', 'latitude': 44.4787829, 'longitude': -73.2148141}",{}
Pho Son (Burlington),https://www.ubereats.com/burlington/food-delivery/pho-son-burlington/rEd3DywXRha3KNDjeyOz-Q,burlington,"['Vietnamese', 'Noodles', 'Healthy']",4.8,81,$,44.4770007,-73.211325,+18025408888,5401,213 College St.,Burlington,VT,"[{'@type': 'OpeningHoursSpecification', 'dayOfWeek': 'Sunday', 'opens': '11:0', 'closes': '21:0'}, {'@type': 'OpeningHoursSpecification', 'dayOfWeek': ['Thursday', 'Friday', 'Saturday'], 'opens': '11:0', 'closes': '21:0'}]","{'@type': 'PostalAddress', 'addressLocality': 'Burlington', 'addressRegion': 'VT', 'postalCode': '5401', 'addressCountry': 'US', 'streetAddress': '213 College St.'}","{'@type': 'GeoCoordinates', 'latitude': 44.4770007, 'longitude': -73.211325}","{'@type': 'AggregateRating', 'ratingValue': 4.8, 'reviewCount': '81'}"
Great Harvest Bread Co. (382 Pine St),https://www.ubereats.com/burlington/food-delivery/great-harvest-bread-co-382-pine-st/hLT-rlPeTTqRDkoiNXkp5Q,burlington,"['Sandwich', 'Bakery', 'Salads', 'Breakfast and Brunch', 'Healthy', 'Allergy Friendly']",4.9,28,$,44.46865469999999,-73.21472729999999,+18026602733,5401,382 Pine St,Burlington,VT,"[{'@type': 'OpeningHoursSpecification', 'dayOfWeek': ['Monday', 'Tuesday', 'Wednesday', 'Thursday', 'Friday', 'Saturday'], 'opens': '11:0', 'closes': '15:0'}, {'@type': 'OpeningHoursSpecification', 'dayOfWeek': ['Monday', 'Tuesday', 'Wednesday', 'Thursday', 'Friday', 'Saturday'], 'opens': '11:0', 'closes': '15:0'}]","{'@type': 'PostalAddress', 'addressLocality': 'Burlington', 'addressRegion': 'VT', 'postalCode': '5401', 'addressCountry': 'US', 'streetAddress': '382 Pine St'}","{'@type': 'GeoCoordinates', 'latitude': 44.46865469999999, 'longitude': -73.21472729999999}","{'@type': 'AggregateRating', 'ratingValue': 4.9, 'reviewCount': '28'}"
The Ice Cream Shop ,https://www.ubereats.com/burlington/food-delivery/the-ice-cream-shop/lBG-bcsPRbuqMUB6G338Qg,burlington,"['Desserts', 'Ice Cream and Frozen Yogurt']",,,$,44.4794428,-73.21253209999999,+18028629620,5401,36 Church Street,Burlington,VT,"[{'@type': 'OpeningHoursSpecification', 'dayOfWeek': ['Monday', 'Tuesday', 'Wednesday', 'Thursday', 'Friday', 'Saturday', 'Sunday'], 'opens': '14:0', 'closes': '20:0'}]","{'@type': 'PostalAddress', 'addressLocality': 'Burlington', 'addressRegion': 'VT', 'postalCode': '5401', 'addressCountry': 'US', 'streetAddress': '36 Church Street'}","{'@type': 'GeoCoordinates', 'latitude': 44.4794428, 'longitude': -73.21253209999999}",{}
Pizza Hut (1 David Dr),https://www.ubereats.com/burlington/food-delivery/pizza-hut-1-david-dr/pQK3xNlWSz2NNg5_vnLaWw,burlington,"['Fast Food', 'Italian', 'pizza', 'wings']",,,$,44.5083272,-73.13382659999999,+18028780101,,,,,"[{'@type': 'OpeningHoursSpecification', 'dayOfWeek': ['Monday', 'Tuesday', 'Wednesday', 'Thursday', 'Friday', 'Saturday', 'Sunday'], 'opens': '11:30', 'closes': '20:0'}]",,"{'@type': 'GeoCoordinates', 'latitude': 44.5083272, 'longitude': -73.13382659999999}",{}
Love All Feed All (S. Burlington),https://www.ubereats.com/burlington/food-delivery/love-all-feed-all-s-burlington/zBSDfGVBQWukR19DERKhiQ,burlington,"['Burgers', 'American', 'Sandwiches']",,,$,44.43426789999999,-73.21001629999999,+18028654000,,,,,"[{'@type': 'OpeningHoursSpecification', 'dayOfWeek': ['Sunday', 'Monday', 'Tuesday', 'Wednesday', 'Thursday'], 'opens': '10:0', 'closes': '23:29'}, {'@type': 'OpeningHoursSpecification', 'dayOfWeek': ['Friday', 'Saturday'], 'opens': '10:0', 'closes': '0:29'}]",,"{'@type': 'GeoCoordinates', 'latitude': 44.43426789999999, 'longitude': -73.21001629999999}",{}
Pho Vo,https://www.ubereats.com/burlington/food-delivery/pho-vo/Uj1zi5VLQKK1kXNUPhr0Vw,burlington,"['Vietnamese', 'Sandwich', 'Comfort Food']",4.9,42,$,44.4595018,-73.14647649999999,+18024972184,05403,2026 Williston Rd,South Burlington,VT,"[{'@type': 'OpeningHoursSpecification', 'dayOfWeek': ['Monday', 'Tuesday', 'Wednesday', 'Thursday', 'Friday', 'Saturday'], 'opens': '10:0', 'closes': '20:0'}]","{'@type': 'PostalAddress', 'addressLocality': 'South Burlington', 'addressRegion': 'VT', 'postalCode': '05403', 'addressCountry': 'US', 'streetAddress': '2026 Williston Rd'}","{'@type': 'GeoCoordinates', 'latitude': 44.4595018, 'longitude': -73.14647649999999}","{'@type': 'AggregateRating', 'ratingValue': 4.9, 'reviewCount': '42'}"
The Vermont Juice Company,https://www.ubereats.com/burlington/food-delivery/the-vermont-juice-company/m3zTFYrjSjmMxNXlQ9_PZA,burlington,"['Vegan', 'Juice and Smoothies']",4.4,30,$$,44.47558540000001,-73.2163076,+18026517070,05401,77 Main St,Burlington,Vermont,"[{'@type': 'OpeningHoursSpecification', 'dayOfWeek': ['Monday', 'Tuesday', 'Wednesday', 'Thursday', 'Friday', 'Saturday', 'Sunday'], 'opens': '9:30', 'closes': '17:0'}]","{'@type': 'PostalAddress', 'addressLocality': 'Burlington', 'addressRegion': 'Vermont', 'postalCode': '05401', 'addressCountry': 'US', 'streetAddress': '77 Main St'}","{'@type': 'GeoCoordinates', 'latitude': 44.47558540000001, 'longitude': -73.2163076}","{'@type': 'AggregateRating', 'ratingValue': 4.4, 'reviewCount': '30'}"
Chicks Market,https://www.ubereats.com/burlington/food-delivery/chicks-market/6DdK8YhNT2SCe51M5rXHmQ,burlington,"['Salad / Sandwiches', 'Pizza', 'Comfort Food']",4.8,59,$$,44.49322189999999,-73.1928914,+18026550112,05404,60 Hickok St,Vermont,VT,"[{'@type': 'OpeningHoursSpecification', 'dayOfWeek': ['Monday', 'Tuesday', 'Wednesday', 'Thursday', 'Friday', 'Saturday', 'Sunday'], 'opens': '7:0', 'closes': '20:0'}]","{'@type': 'PostalAddress', 'addressLocality': 'Vermont', 'addressRegion': 'VT', 'postalCode': '05404', 'addressCountry': 'US', 'streetAddress': '60 Hickok St'}","{'@type': 'GeoCoordinates', 'latitude': 44.49322189999999, 'longitude': -73.1928914}","{'@type': 'AggregateRating', 'ratingValue': 4.8, 'reviewCount': '59'}"
Pauline's Cafe and Restaurant,https://www.ubereats.com/burlington/food-delivery/paulines-cafe-and-restaurant/dVPg7d_IQSmv-_rBgLHBbg,burlington,"['American', 'Sandwich', 'Salads']",,,$$,44.42154517341429,-73.2115457612136,+18028621081,05403,1834 Shelburne Rd,South Burlington,Vermont,"[{'@type': 'OpeningHoursSpecification', 'dayOfWeek': 'Sunday', 'opens': '17:0', 'closes': '21:0'}, {'@type': 'OpeningHoursSpecification', 'dayOfWeek': ['Monday', 'Tuesday', 'Wednesday', 'Thursday'], 'opens': '11:30', 'closes': '14:30'}, {'@type': 'OpeningHoursSpecification', 'dayOfWeek': ['Monday', 'Tuesday', 'Wednesday', 'Thursday'], 'opens': '17:0', 'closes': '21:0'}, {'@type': 'OpeningHoursSpecification', 'dayOfWeek': 'Friday', 'opens': '11:30', 'closes': '14:30'}, {'@type': 'OpeningHoursSpecification', 'dayOfWeek': 'Friday', 'opens': '16:30', 'closes': '21:30'}, {'@type': 'OpeningHoursSpecification', 'dayOfWeek': 'Saturday', 'opens': '16:30', 'closes': '21:30'}]","{'@type': 'PostalAddress', 'addressLocality': 'South Burlington', 'addressRegion': 'Vermont', 'postalCode': '05403', 'addressCountry': 'US', 'streetAddress': '1834 Shelburne Rd'}","{'@type': 'GeoCoordinates', 'latitude': 44.42154517341429, 'longitude': -73.2115457612136}",{}
Kismayo Kitchen,https://www.ubereats.com/burlington/food-delivery/kismayo-kitchen/--mwsUeDRtWDwnckNNVljA,burlington,"['African', 'Comfort Food', 'Steak']",4.8,76,$,44.4890756,-73.2019614,+18024483032,05401,505 Riverside Ave,Burlington,VT,"[{'@type': 'OpeningHoursSpecification', 'dayOfWeek': 'Sunday', 'opens': '11:30', 'closes': '20:0'}, {'@type': 'OpeningHoursSpecification', 'dayOfWeek': ['Tuesday', 'Wednesday', 'Thursday'], 'opens': '11:15', 'closes': '20:0'}, {'@type': 'OpeningHoursSpecification', 'dayOfWeek': 'Friday', 'opens': '14:0', 'closes': '21:0'}, {'@type': 'OpeningHoursSpecification', 'dayOfWeek': 'Saturday', 'opens': '11:30', 'closes': '20:0'}]","{'@type': 'PostalAddress', 'addressLocality': 'Burlington', 'addressRegion': 'VT', 'postalCode': '05401', 'addressCountry': 'US', 'streetAddress': '505 Riverside Ave'}","{'@type': 'GeoCoordinates', 'latitude': 44.4890756, 'longitude': -73.2019614}","{'@type': 'AggregateRating', 'ratingValue': 4.8, 'reviewCount': '76'}"
The Guilty Plate Diner,https://www.ubereats.com/burlington/food-delivery/the-guilty-plate-diner/6cOq5CiWRn-eGn-aZLwLlw,burlington,"['American', 'Sandwiches', 'Breakfast and Brunch', 'Coffee and Tea']",,,$,44.5383358,-73.24959489999999,+18645610758,05446,164 Porters Point Rd 3,Colchester,VT,"[{'@type': 'OpeningHoursSpecification', 'dayOfWeek': 'Sunday', 'opens': '7:0', 'closes': '14:0'}, {'@type': 'OpeningHoursSpecification', 'dayOfWeek': ['Wednesday', 'Thursday', 'Friday', 'Saturday'], 'opens': '7:0', 'closes': '14:0'}]","{'@type': 'PostalAddress', 'addressLocality': 'Colchester', 'addressRegion': 'VT', 'postalCode': '05446', 'addressCountry': 'US', 'streetAddress': '164 Porters Point Rd 3'}","{'@type': 'GeoCoordinates', 'latitude': 44.5383358, 'longitude': -73.24959489999999}",{}
Five Guys VT-1400 570 Shelburne Rd,https://www.ubereats.com/burlington/food-delivery/five-guys-vt-1400-570-shelburne-rd/LRXpmygERmyD8MPDloE8wg,burlington,"['American', 'Burgers']",4.6,200,$,44.4487169,-73.2080039,+18028627575,5403,580 Shelburne Rd.,South Burlington,VT,"[{'@type': 'OpeningHoursSpecification', 'dayOfWeek': ['Monday', 'Tuesday', 'Wednesday', 'Thursday', 'Friday', 'Saturday', 'Sunday'], 'opens': '11:0', 'closes': '21:30'}]","{'@type': 'PostalAddress', 'addressLocality': 'South Burlington', 'addressRegion': 'VT', 'postalCode': '5403', 'addressCountry': 'US', 'streetAddress': '580 Shelburne Rd.'}","{'@type': 'GeoCoordinates', 'latitude': 44.4487169, 'longitude': -73.2080039}","{'@type': 'AggregateRating', 'ratingValue': 4.6, 'reviewCount': '200'}"
Rotisserie Restaurant,https://www.ubereats.com/burlington/food-delivery/rotisserie-restaurant/PXjxM_j1SjKLQjtgRDr5Hg,burlington,"['Burgers', 'American', 'Sandwiches']",,,$,44.4665512,-73.1704446,+18026581838,05403,1355 Williston Rd,South Burlington,VT,"[{'@type': 'OpeningHoursSpecification', 'dayOfWeek': 'Sunday', 'opens': '15:0', 'closes': '20:0'}, {'@type': 'OpeningHoursSpecification', 'dayOfWeek': 'Sunday', 'opens': '9:0', 'closes': '15:0'}, {'@type': 'OpeningHoursSpecification', 'dayOfWeek': 'Sunday', 'opens': '11:0', 'closes': '16:0'}, {'@type': 'OpeningHoursSpecification', 'dayOfWeek': 'Sunday', 'opens': '15:0', 'closes': '20:0'}, {'@type': 'OpeningHoursSpecification', 'dayOfWeek': 'Monday', 'opens': '11:0', 'closes': '16:0'}, {'@type': 'OpeningHoursSpecification', 'dayOfWeek': ['Tuesday', 'Wednesday', 'Thursday', 'Friday', 'Saturday'], 'opens': '15:0', 'closes': '20:0'}, {'@type': 'OpeningHoursSpecification', 'dayOfWeek': ['Tuesday', 'Wednesday', 'Thursday', 'Friday', 'Saturday'], 'opens': '11:0', 'closes': '16:0'}, {'@type': 'OpeningHoursSpecification', 'dayOfWeek': ['Tuesday', 'Wednesday', 'Thursday', 'Friday', 'Saturday'], 'opens': '15:0', 'closes': '20:0'}]","{'@type': 'PostalAddress', 'addressLocality': 'South Burlington', 'addressRegion': 'VT', 'postalCode': '05403', 'addressCountry': 'US', 'streetAddress': '1355 Williston Rd'}","{'@type': 'GeoCoordinates', 'latitude': 44.4665512, 'longitude': -73.1704446}",{}
"IHOP (155 Dorset Street, Ste D6)",https://www.ubereats.com/burlington/food-delivery/ihop-155-dorset-street-ste-d6/ziPU5zMuTC-Htks6HbFL1A,burlington,"['American', 'Breakfast and Brunch', 'burger', 'Comfort Food', 'Dinner', 'Omelette', 'salad', 'Traditional American']",4.3,103,$,44.4658764,-73.1832367,+18026583303,5403,"155 Dorset Street, Ste D6",South Burlington,VT,"[{'@type': 'OpeningHoursSpecification', 'dayOfWeek': ['Monday', 'Tuesday', 'Wednesday', 'Thursday', 'Friday', 'Saturday', 'Sunday'], 'opens': '7:0', 'closes': '18:50'}]","{'@type': 'PostalAddress', 'addressLocality': 'South Burlington', 'addressRegion': 'VT', 'postalCode': '5403', 'addressCountry': 'US', 'streetAddress': '155 Dorset Street, Ste D6'}","{'@type': 'GeoCoordinates', 'latitude': 44.4658764, 'longitude': -73.1832367}","{'@type': 'AggregateRating', 'ratingValue': 4.3, 'reviewCount': '103'}"
Pho thao,https://www.ubereats.com/burlington/food-delivery/pho-thao/PlM7SQ1TRKWUvAi0dwSkew,burlington,"['Vietnamese', 'Noodles', 'Healthy']",,,$,44.5113963,-73.2513203,+18023990421,5408,1355 North Avenue,Burlington,VT,"[{'@type': 'OpeningHoursSpecification', 'dayOfWeek': 'Sunday', 'opens': '15:0', 'closes': '20:0'}, {'@type': 'OpeningHoursSpecification', 'dayOfWeek': ['Tuesday', 'Wednesday', 'Thursday', 'Friday', 'Saturday'], 'opens': '15:0', 'closes': '20:0'}]","{'@type': 'PostalAddress', 'addressLocality': 'Burlington', 'addressRegion': 'VT', 'postalCode': '5408', 'addressCountry': 'US', 'streetAddress': '1355 North Avenue'}","{'@type': 'GeoCoordinates', 'latitude': 44.5113963, 'longitude': -73.2513203}",{}
El Gato Cantina (Burlington),https://www.ubereats.com/burlington/food-delivery/el-gato-cantina-burlington/TCbth3tOTsCu8J4AV86CDw,burlington,"['Mexican', 'Vegan Friendly', 'Vegetarian Friendly', 'Salads', 'Chicken', 'Wings']",4.6,150,$,44.4755055521119,-73.2125885881836,+18025403095,,,,,"[{'@type': 'OpeningHoursSpecification', 'dayOfWeek': ['Sunday', 'Monday', 'Tuesday', 'Wednesday', 'Thursday'], 'opens': '11:30', 'closes': '20:0'}, {'@type': 'OpeningHoursSpecification', 'dayOfWeek': ['Friday', 'Saturday'], 'opens': '11:30', 'closes': '21:0'}]",,"{'@type': 'GeoCoordinates', 'latitude': 44.4755055521119, 'longitude': -73.2125885881836}","{'@type': 'AggregateRating', 'ratingValue': 4.6, 'reviewCount': '150'}"
Barnyard Wood Crafted Pizza,https://www.ubereats.com/burlington/food-delivery/barnyard-wood-crafted-pizza/5UKyii5uSSqzcf0zp7jLGw,burlington,"['Pizza', 'American', 'Italian']",4.4,33,$,44.463424499999995,-73.15711379999999,+18024895982,05403,1705 Williston Rd,South Burlington,VT,"[{'@type': 'OpeningHoursSpecification', 'dayOfWeek': ['Monday', 'Tuesday', 'Wednesday', 'Thursday', 'Friday', 'Saturday', 'Sunday'], 'opens': '12:0', 'closes': '19:0'}]","{'@type': 'PostalAddress', 'addressLocality': 'South Burlington', 'addressRegion': 'VT', 'postalCode': '05403', 'addressCountry': 'US', 'streetAddress': '1705 Williston Rd'}","{'@type': 'GeoCoordinates', 'latitude': 44.463424499999995, 'longitude': -73.15711379999999}","{'@type': 'AggregateRating', 'ratingValue': 4.4, 'reviewCount': '33'}"
Eco Bean + Greens,https://www.ubereats.com/burlington/food-delivery/eco-bean-%2B-greens/Q2RgeAcIQV-t4fb6tQCd4g,burlington,"['Coffee and Tea', 'American', 'Breakfast and Brunch']",,,$,44.4649538,-73.1795223,+18024970510,05403,150 Dorset St,South Burlington,VT,"[{'@type': 'OpeningHoursSpecification', 'dayOfWeek': ['Monday', 'Tuesday', 'Wednesday', 'Thursday', 'Friday'], 'opens': '10:0', 'closes': '18:30'}, {'@type': 'OpeningHoursSpecification', 'dayOfWeek': ['Monday', 'Tuesday', 'Wednesday', 'Thursday', 'Friday'], 'opens': '10:0', 'closes': '18:30'}, {'@type': 'OpeningHoursSpecification', 'dayOfWeek': 'Saturday', 'opens': '10:0', 'closes': '18:30'}]","{'@type': 'PostalAddress', 'addressLocality': 'South Burlington', 'addressRegion': 'VT', 'postalCode': '05403', 'addressCountry': 'US', 'streetAddress': '150 Dorset St'}","{'@type': 'GeoCoordinates', 'latitude': 44.4649538, 'longitude': -73.1795223}",{}
Ben & Jerry's,https://www.ubereats.com/burlington/food-delivery/ben-%26-jerrys/B2BIo6J7RzuCq5s2cAgCTQ,burlington,"['Ice Cream & Frozen Yogurt', 'Allergy Friendly']",4.9,40,$$,44.4794428,-73.21253209999999,+18028629620,05401,36 Church St,Burlington,VT,"[{'@type': 'OpeningHoursSpecification', 'dayOfWeek': 'Sunday', 'opens': '12:0', 'closes': '20:30'}, {'@type': 'OpeningHoursSpecification', 'dayOfWeek': 'Monday', 'opens': '14:0', 'closes': '20:0'}, {'@type': 'OpeningHoursSpecification', 'dayOfWeek': 'Tuesday', 'opens': '14:0', 'closes': '20:0'}, {'@type': 'OpeningHoursSpecification', 'dayOfWeek': 'Tuesday', 'opens': '3:0', 'closes': '3:30'}, {'@type': 'OpeningHoursSpecification', 'dayOfWeek': 'Wednesday', 'opens': '14:0', 'closes': '20:0'}, {'@type': 'OpeningHoursSpecification', 'dayOfWeek': 'Wednesday', 'opens': '2:30', 'closes': '3:0'}, {'@type': 'OpeningHoursSpecification', 'dayOfWeek': ['Thursday', 'Friday', 'Saturday'], 'opens': '12:0', 'closes': '20:30'}]","{'@type': 'PostalAddress', 'addressLocality': 'Burlington', 'addressRegion': 'VT', 'postalCode': '05401', 'addressCountry': 'US', 'streetAddress': '36 Church St'}","{'@type': 'GeoCoordinates', 'latitude': 44.4794428, 'longitude': -73.21253209999999}","{'@type': 'AggregateRating', 'ratingValue': 4.9, 'reviewCount': '40'}"
El Gato Cantina (Essex),https://www.ubereats.com/burlington/food-delivery/el-gato-cantina-essex/WRRFF2uBSZiBsiQMf-ADrQ,burlington,"['Mexican', 'Salads', 'Vegan Friendly']",,,$,44.49004799999999,-73.1111573,+18026624334,5452,4 Park Street,Essex Junction,4 Park Street,"[{'@type': 'OpeningHoursSpecification', 'dayOfWeek': ['Monday', 'Tuesday', 'Wednesday', 'Thursday', 'Friday', 'Saturday', 'Sunday'], 'opens': '11:30', 'closes': '20:0'}]","{'@type': 'PostalAddress', 'addressLocality': 'Essex Junction', 'addressRegion': '4 Park Street', 'postalCode': '5452', 'addressCountry': 'US', 'streetAddress': '4 Park Street'}","{'@type': 'GeoCoordinates', 'latitude': 44.49004799999999, 'longitude': -73.1111573}",{}
Juniors Original,https://www.ubereats.com/burlington/food-delivery/juniors-original/DmIeCfwdQLuhjUAqnghgcg,burlington,"['Pizza', 'Pasta', 'Desserts']",4.6,60,$$,44.4992021,-73.1841975,+18028001513,05404,348 Main St,Winooski,Vermont,"[{'@type': 'OpeningHoursSpecification', 'dayOfWeek': ['Monday', 'Tuesday', 'Wednesday', 'Thursday', 'Friday'], 'opens': '11:0', 'closes': '20:30'}, {'@type': 'OpeningHoursSpecification', 'dayOfWeek': 'Saturday', 'opens': '11:0', 'closes': '20:30'}, {'@type': 'OpeningHoursSpecification', 'dayOfWeek': 'Saturday', 'opens': '0:0', 'closes': '21:0'}]","{'@type': 'PostalAddress', 'addressLocality': 'Winooski', 'addressRegion': 'Vermont', 'postalCode': '05404', 'addressCountry': 'US', 'streetAddress': '348 Main St'}","{'@type': 'GeoCoordinates', 'latitude': 44.4992021, 'longitude': -73.1841975}","{'@type': 'AggregateRating', 'ratingValue': 4.6, 'reviewCount': '60'}"
Sherpa Foods,https://www.ubereats.com/burlington/food-delivery/sherpa-foods/Rmg8w2wiTxetle8_9qnNEg,burlington,"['Asian', 'Asian Fusion', 'Nepalese']",,,$,44.468483,-73.176103,+18023731301,5403,1212 Williston Rd,South Burlington,VT,"[{'@type': 'OpeningHoursSpecification', 'dayOfWeek': ['Monday', 'Tuesday', 'Wednesday', 'Thursday', 'Friday'], 'opens': '9:0', 'closes': '14:0'}]","{'@type': 'PostalAddress', 'addressLocality': 'South Burlington', 'addressRegion': 'VT', 'postalCode': '5403', 'addressCountry': 'US', 'streetAddress': '1212 Williston Rd'}","{'@type': 'GeoCoordinates', 'latitude': 44.468483, 'longitude': -73.176103}",{}
Asiana House,https://www.ubereats.com/burlington/food-delivery/asiana-house/KgZ0uYSCSXSvOl2YXXbbhw,burlington,"['Asian Fusion', 'Asian', 'Korean']",4.7,80,$,44.4802129,-73.2114137,+18026510818,5401,191 Pearl St,Burlington,VT,"[{'@type': 'OpeningHoursSpecification', 'dayOfWeek': 'Sunday', 'opens': '17:0', 'closes': '21:0'}, {'@type': 'OpeningHoursSpecification', 'dayOfWeek': 'Sunday', 'opens': '11:30', 'closes': '14:30'}, {'@type': 'OpeningHoursSpecification', 'dayOfWeek': 'Sunday', 'opens': '0:0', 'closes': '23:59'}, {'@type': 'OpeningHoursSpecification', 'dayOfWeek': 'Sunday', 'opens': '0:0', 'closes': '23:59'}, {'@type': 'OpeningHoursSpecification', 'dayOfWeek': ['Monday', 'Tuesday'], 'opens': '11:30', 'closes': '14:30'}, {'@type': 'OpeningHoursSpecification', 'dayOfWeek': ['Monday', 'Tuesday'], 'opens': '0:0', 'closes': '23:59'}, {'@type': 'OpeningHoursSpecification', 'dayOfWeek': ['Monday', 'Tuesday'], 'opens': '0:0', 'closes': '23:59'}, {'@type': 'OpeningHoursSpecification', 'dayOfWeek': ['Wednesday', 'Thursday', 'Friday', 'Saturday'], 'opens': '17:0', 'closes': '21:0'}, {'@type': 'OpeningHoursSpecification', 'dayOfWeek': ['Wednesday', 'Thursday', 'Friday', 'Saturday'], 'opens': '11:30', 'closes': '14:30'}, {'@type': 'OpeningHoursSpecification', 'dayOfWeek': ['Wednesday', 'Thursday', 'Friday', 'Saturday'], 'opens': '0:0', 'closes': '23:59'}, {'@type': 'OpeningHoursSpecification', 'dayOfWeek': ['Wednesday', 'Thursday', 'Friday', 'Saturday'], 'opens': '0:0', 'closes': '23:59'}]","{'@type': 'PostalAddress', 'addressLocality': 'Burlington', 'addressRegion': 'VT', 'postalCode': '5401', 'addressCountry': 'US', 'streetAddress': '191 Pearl St'}","{'@type': 'GeoCoordinates', 'latitude': 44.4802129, 'longitude': -73.2114137}","{'@type': 'AggregateRating', 'ratingValue': 4.7, 'reviewCount': '80'}"
Sorriso Bistro,https://www.ubereats.com/burlington/food-delivery/sorriso-bistro/Ui2S08cwTcOalbBTBNAtHg,burlington,['Italian'],,,$$,44.454026,-73.208106,+12028032872,05401,408 Shelburne Rd,Burlington,Vermont,"[{'@type': 'OpeningHoursSpecification', 'dayOfWeek': ['Sunday', 'Monday', 'Tuesday', 'Wednesday', 'Thursday'], 'opens': '16:0', 'closes': '21:0'}, {'@type': 'OpeningHoursSpecification', 'dayOfWeek': ['Friday', 'Saturday'], 'opens': '16:0', 'closes': '22:0'}]","{'@type': 'PostalAddress', 'addressLocality': 'Burlington', 'addressRegion': 'Vermont', 'postalCode': '05401', 'addressCountry': 'US', 'streetAddress': '408 Shelburne Rd'}","{'@type': 'GeoCoordinates', 'latitude': 44.454026, 'longitude': -73.208106}",{}
Ruben James,https://www.ubereats.com/burlington/food-delivery/ruben-james/rqId7nxmQRm86AttsI_pJQ,burlington,"['Burgers', 'American', 'Sandwiches']",4.7,178,$,44.4756912,-73.2128549,+18028640744,05401,159 Main St,Burlington,VT,"[{'@type': 'OpeningHoursSpecification', 'dayOfWeek': 'Sunday', 'opens': '16:0', 'closes': '22:0'}, {'@type': 'OpeningHoursSpecification', 'dayOfWeek': 'Sunday', 'opens': '11:0', 'closes': '15:0'}, {'@type': 'OpeningHoursSpecification', 'dayOfWeek': ['Monday', 'Tuesday', 'Wednesday', 'Thursday', 'Friday'], 'opens': '16:0', 'closes': '22:0'}, {'@type': 'OpeningHoursSpecification', 'dayOfWeek': 'Saturday', 'opens': '16:0', 'closes': '22:0'}, {'@type': 'OpeningHoursSpecification', 'dayOfWeek': 'Saturday', 'opens': '11:0', 'closes': '15:0'}]","{'@type': 'PostalAddress', 'addressLocality': 'Burlington', 'addressRegion': 'VT', 'postalCode': '05401', 'addressCountry': 'US', 'streetAddress': '159 Main St'}","{'@type': 'GeoCoordinates', 'latitude': 44.4756912, 'longitude': -73.2128549}","{'@type': 'AggregateRating', 'ratingValue': 4.7, 'reviewCount': '178'}"
Auntie Anne's (155 Dorset St Spc D18),https://www.ubereats.com/burlington/food-delivery/auntie-annes-155-dorset-st-spc-d18/MoyfdhbYQsmb9ExCoCID3g,burlington,"['Bakery', 'Comfort Food', 'Pretzel']",,,$,44.4658279,-73.1842017,+18028634138,5403,155 Dorset St Spc D18,South Burlington,VT,"[{'@type': 'OpeningHoursSpecification', 'dayOfWeek': ['Monday', 'Tuesday', 'Wednesday', 'Thursday', 'Friday', 'Saturday', 'Sunday'], 'opens': '11:15', 'closes': '18:45'}]","{'@type': 'PostalAddress', 'addressLocality': 'South Burlington', 'addressRegion': 'VT', 'postalCode': '5403', 'addressCountry': 'US', 'streetAddress': '155 Dorset St Spc D18'}","{'@type': 'GeoCoordinates', 'latitude': 44.4658279, 'longitude': -73.1842017}",{}
Dunkin' (80 Pearl St),https://www.ubereats.com/burlington/food-delivery/dunkin-80-pearl-st/KH9W6_3YSgSAXRKrtoaFzQ,burlington,"['Breakfast and Brunch', 'Donuts']",4.3,95,$,44.4804699,-73.2157201,+18028658001,5401,80 Pearl St,Burlington,VT,"[{'@type': 'OpeningHoursSpecification', 'dayOfWeek': ['Monday', 'Tuesday', 'Wednesday', 'Thursday', 'Friday', 'Saturday', 'Sunday'], 'opens': '6:10', 'closes': '18:30'}]","{'@type': 'PostalAddress', 'addressLocality': 'Burlington', 'addressRegion': 'VT', 'postalCode': '5401', 'addressCountry': 'US', 'streetAddress': '80 Pearl St'}","{'@type': 'GeoCoordinates', 'latitude': 44.4804699, 'longitude': -73.2157201}","{'@type': 'AggregateRating', 'ratingValue': 4.3, 'reviewCount': '95'}"
Church Street Deli Cart,https://www.ubereats.com/burlington/food-delivery/church-street-deli-cart/SzieODUlS-mmQzdK1R1b4g,burlington,"['Burgers', 'American', 'Sandwiches']",,,$,44.47657,-73.2123706,+15147179972,5401,136 Church St,Burlington,VT,"[{'@type': 'OpeningHoursSpecification', 'dayOfWeek': ['Monday', 'Tuesday', 'Wednesday', 'Thursday', 'Friday', 'Saturday', 'Sunday'], 'opens': '9:0', 'closes': '0:0'}]","{'@type': 'PostalAddress', 'addressLocality': 'Burlington', 'addressRegion': 'VT', 'postalCode': '5401', 'addressCountry': 'US', 'streetAddress': '136 Church St'}","{'@type': 'GeoCoordinates', 'latitude': 44.47657, 'longitude': -73.2123706}",{}
Koto Japanese steakhouse ,https://www.ubereats.com/burlington/food-delivery/koto-japanese-steakhouse/sp8yaUCqTXmzR-1o3Z5jyA,burlington,"['Japanese: Sushi', 'Asian', 'Asian Fusion']",4.5,98,$$,44.4448173,-73.2088724,+18026608976,05403,792 Shelburne Rd,South Burlington,VT,"[{'@type': 'OpeningHoursSpecification', 'dayOfWeek': 'Sunday', 'opens': '11:30', 'closes': '21:30'}, {'@type': 'OpeningHoursSpecification', 'dayOfWeek': ['Monday', 'Tuesday', 'Wednesday', 'Thursday', 'Friday'], 'opens': '11:30', 'closes': '14:30'}, {'@type': 'OpeningHoursSpecification', 'dayOfWeek': ['Monday', 'Tuesday', 'Wednesday', 'Thursday', 'Friday'], 'opens': '16:30', 'closes': '21:30'}, {'@type': 'OpeningHoursSpecification', 'dayOfWeek': 'Saturday', 'opens': '11:30', 'closes': '21:30'}]","{'@type': 'PostalAddress', 'addressLocality': 'South Burlington', 'addressRegion': 'VT', 'postalCode': '05403', 'addressCountry': 'US', 'streetAddress': '792 Shelburne Rd'}","{'@type': 'GeoCoordinates', 'latitude': 44.4448173, 'longitude': -73.2088724}","{'@type': 'AggregateRating', 'ratingValue': 4.5, 'reviewCount': '98'}"
Burger King (981 Shelburne Road),https://www.ubereats.com/burlington/food-delivery/burger-king-981-shelburne-road/coQF5nOmQOO0cIsKO6OayA,burlington,"['American', 'burger', 'Fast Food']",4.3,60,$,44.4421597,-73.210374,+18028620202,5403,981 Shelburne Road,S Burlington,VT,"[{'@type': 'OpeningHoursSpecification', 'dayOfWeek': 'Sunday', 'opens': '7:30', 'closes': '9:59'}, {'@type': 'OpeningHoursSpecification', 'dayOfWeek': 'Sunday', 'opens': '10:30', 'closes': '23:30'}, {'@type': 'OpeningHoursSpecification', 'dayOfWeek': ['Monday', 'Tuesday', 'Wednesday', 'Thursday', 'Friday', 'Saturday'], 'opens': '6:30', 'closes': '9:59'}, {'@type': 'OpeningHoursSpecification', 'dayOfWeek': ['Monday', 'Tuesday', 'Wednesday', 'Thursday', 'Friday', 'Saturday'], 'opens': '10:30', 'closes': '23:30'}]","{'@type': 'PostalAddress', 'addressLocality': 'S Burlington', 'addressRegion': 'VT', 'postalCode': '5403', 'addressCountry': 'US', 'streetAddress': '981 Shelburne Road'}","{'@type': 'GeoCoordinates', 'latitude': 44.4421597, 'longitude': -73.210374}","{'@type': 'AggregateRating', 'ratingValue': 4.3, 'reviewCount': '60'}"
La Boca Wood Fired Pizza,https://www.ubereats.com/burlington/food-delivery/la-boca-wood-fired-pizza/X22CGOcxTjaNw1-707FHAg,burlington,"['Italian', 'Pizza', 'American', 'Salads']",4.6,28,$,44.5063431,-73.2444414,+18023992396,05408,1127 North Ave,Burlington,VT,"[{'@type': 'OpeningHoursSpecification', 'dayOfWeek': 'Sunday', 'opens': '14:0', 'closes': '19:30'}, {'@type': 'OpeningHoursSpecification', 'dayOfWeek': 'Tuesday', 'opens': '16:0', 'closes': '20:0'}, {'@type': 'OpeningHoursSpecification', 'dayOfWeek': ['Wednesday', 'Thursday'], 'opens': '16:0', 'closes': '19:30'}, {'@type': 'OpeningHoursSpecification', 'dayOfWeek': 'Friday', 'opens': '16:0', 'closes': '20:30'}, {'@type': 'OpeningHoursSpecification', 'dayOfWeek': 'Saturday', 'opens': '14:0', 'closes': '19:30'}]","{'@type': 'PostalAddress', 'addressLocality': 'Burlington', 'addressRegion': 'VT', 'postalCode': '05408', 'addressCountry': 'US', 'streetAddress': '1127 North Ave'}","{'@type': 'GeoCoordinates', 'latitude': 44.5063431, 'longitude': -73.2444414}","{'@type': 'AggregateRating', 'ratingValue': 4.6, 'reviewCount': '28'}"
Chipotle Mexican Grill (580 Shelburne Rd),https://www.ubereats.com/burlington/food-delivery/chipotle-mexican-grill-580-shelburne-rd/gvznKiYYQQOZ0Ic6EVT9Lw,burlington,"['Healthy', 'Mexican']",4.4,200,$,44.4487169,-73.2080039,+18028593301,5401,580 Shelburne Rd,Burlington,VT,"[{'@type': 'OpeningHoursSpecification', 'dayOfWeek': ['Monday', 'Tuesday', 'Wednesday', 'Thursday', 'Friday', 'Saturday', 'Sunday'], 'opens': '10:45', 'closes': '21:40'}]","{'@type': 'PostalAddress', 'addressLocality': 'Burlington', 'addressRegion': 'VT', 'postalCode': '5401', 'addressCountry': 'US', 'streetAddress': '580 Shelburne Rd'}","{'@type': 'GeoCoordinates', 'latitude': 44.4487169, 'longitude': -73.2080039}","{'@type': 'AggregateRating', 'ratingValue': 4.4, 'reviewCount': '200'}"
Burger bar (Ordermark),https://www.ubereats.com/burlington/food-delivery/burger-bar-ordermark/MKaSMtzSSam2C9yASz5SzA,burlington,"['Burgers', 'American', 'Sandwiches']",4.1,74,$,44.49805239999999,-73.1577398,+18024977184,5466,831 College Pkwy,Colchester,VT,"[{'@type': 'OpeningHoursSpecification', 'dayOfWeek': 'Monday', 'opens': '13:0', 'closes': '19:45'}, {'@type': 'OpeningHoursSpecification', 'dayOfWeek': ['Tuesday', 'Wednesday', 'Thursday'], 'opens': '11:0', 'closes': '19:45'}, {'@type': 'OpeningHoursSpecification', 'dayOfWeek': ['Friday', 'Saturday'], 'opens': '11:0', 'closes': '20:45'}]","{'@type': 'PostalAddress', 'addressLocality': 'Colchester', 'addressRegion': 'VT', 'postalCode': '5466', 'addressCountry': 'US', 'streetAddress': '831 College Pkwy'}","{'@type': 'GeoCoordinates', 'latitude': 44.49805239999999, 'longitude': -73.1577398}","{'@type': 'AggregateRating', 'ratingValue': 4.1, 'reviewCount': '74'}"
"The Friendly Toast - Burlington, VT",https://www.ubereats.com/burlington/food-delivery/the-friendly-toast-burlington-vt/2QBAqo51TuK7o_3CEt_1sg,burlington,"['American', 'Breakfast and Brunch', 'Burgers']",,,$$,44.47736829999999,-73.2138992,+18024955491,,,,,"[{'@type': 'OpeningHoursSpecification', 'dayOfWeek': ['Monday', 'Tuesday', 'Wednesday', 'Thursday', 'Friday', 'Saturday', 'Sunday'], 'opens': '9:0', 'closes': '16:0'}]",,"{'@type': 'GeoCoordinates', 'latitude': 44.47736829999999, 'longitude': -73.2138992}",{}
Buffalo Wild Wings (555 Shelburne Rd),https://www.ubereats.com/burlington/food-delivery/buffalo-wild-wings-555-shelburne-rd/kGn-X4neTlGBaf-2Fg2eiQ,burlington,['wings'],4.4,75,$$,44.450339,-73.21075859999999,+18024895083,5401,555 Shelburne Rd,Burlington,VT,"[{'@type': 'OpeningHoursSpecification', 'dayOfWeek': ['Sunday', 'Monday', 'Tuesday', 'Wednesday'], 'opens': '11:0', 'closes': '21:0'}, {'@type': 'OpeningHoursSpecification', 'dayOfWeek': ['Thursday', 'Friday', 'Saturday'], 'opens': '11:0', 'closes': '22:0'}]","{'@type': 'PostalAddress', 'addressLocality': 'Burlington', 'addressRegion': 'VT', 'postalCode': '5401', 'addressCountry': 'US', 'streetAddress': '555 Shelburne Rd'}","{'@type': 'GeoCoordinates', 'latitude': 44.450339, 'longitude': -73.21075859999999}","{'@type': 'AggregateRating', 'ratingValue': 4.4, 'reviewCount': '75'}"
Grand Buffet,https://www.ubereats.com/burlington/food-delivery/grand-buffet/tvHDAW4kSMGTojbE3aFoEA,burlington,"['Asian', 'Chinese', 'Sushi', 'Japanese']",,,$,44.4929478,-73.1183671,+18028799669,05452,66 Pearl St,Essex Junction,VT,"[{'@type': 'OpeningHoursSpecification', 'dayOfWeek': 'Sunday', 'opens': '11:0', 'closes': '20:30'}, {'@type': 'OpeningHoursSpecification', 'dayOfWeek': ['Tuesday', 'Wednesday', 'Thursday', 'Friday', 'Saturday'], 'opens': '11:0', 'closes': '20:30'}]","{'@type': 'PostalAddress', 'addressLocality': 'Essex Junction', 'addressRegion': 'VT', 'postalCode': '05452', 'addressCountry': 'US', 'streetAddress': '66 Pearl St'}","{'@type': 'GeoCoordinates', 'latitude': 44.4929478, 'longitude': -73.1183671}",{}
Uncle Tony's Pizza,https://www.ubereats.com/burlington/food-delivery/uncle-tonys-pizza/7tTQJke8TeuVdY7R78zm3Q,burlington,"['Pizza', 'Italian', 'Sandwich']",4.7,191,$$,44.4588022,-73.17938790000001,+18028645222,05403,360 Dorset St,South Burlington,Vermont,"[{'@type': 'OpeningHoursSpecification', 'dayOfWeek': ['Sunday', 'Monday', 'Tuesday', 'Wednesday', 'Thursday'], 'opens': '15:30', 'closes': '23:0'}, {'@type': 'OpeningHoursSpecification', 'dayOfWeek': ['Friday', 'Saturday'], 'opens': '15:30', 'closes': '0:0'}]","{'@type': 'PostalAddress', 'addressLocality': 'South Burlington', 'addressRegion': 'Vermont', 'postalCode': '05403', 'addressCountry': 'US', 'streetAddress': '360 Dorset St'}","{'@type': 'GeoCoordinates', 'latitude': 44.4588022, 'longitude': -73.17938790000001}","{'@type': 'AggregateRating', 'ratingValue': 4.7, 'reviewCount': '191'}"
Istanbul Kebab House,https://www.ubereats.com/burlington/food-delivery/istanbul-kebab-house/gvigGQcSSga8W3yznYKVrA,burlington,"['Turkish', 'Mediterranean', 'Bar Food']",4.7,102,$$,44.47538050000001,-73.21274079999999,+18024895735,05401,175 Church St,Burlington,VT,"[{'@type': 'OpeningHoursSpecification', 'dayOfWeek': 'Sunday', 'opens': '11:0', 'closes': '15:0'}, {'@type': 'OpeningHoursSpecification', 'dayOfWeek': 'Sunday', 'opens': '11:0', 'closes': '20:0'}, {'@type': 'OpeningHoursSpecification', 'dayOfWeek': ['Tuesday', 'Wednesday', 'Thursday', 'Friday', 'Saturday'], 'opens': '11:0', 'closes': '15:0'}, {'@type': 'OpeningHoursSpecification', 'dayOfWeek': ['Tuesday', 'Wednesday', 'Thursday', 'Friday', 'Saturday'], 'opens': '11:0', 'closes': '20:0'}]","{'@type': 'PostalAddress', 'addressLocality': 'Burlington', 'addressRegion': 'VT', 'postalCode': '05401', 'addressCountry': 'US', 'streetAddress': '175 Church St'}","{'@type': 'GeoCoordinates', 'latitude': 44.47538050000001, 'longitude': -73.21274079999999}","{'@type': 'AggregateRating', 'ratingValue': 4.7, 'reviewCount': '102'}"
KFC (126 Pearl Street),https://www.ubereats.com/burlington/food-delivery/kfc-126-pearl-street/EEkOrssLQUmAbuL5abfZYg,burlington,"['American', 'Fast Food', 'wings']",3.9,156,$,44.4960724,-73.12450559999999,+18028785300,5452,126 Pearl Street,Essex Junction,VT,"[{'@type': 'OpeningHoursSpecification', 'dayOfWeek': ['Monday', 'Tuesday', 'Wednesday', 'Thursday', 'Friday', 'Saturday', 'Sunday'], 'opens': '10:30', 'closes': '20:30'}]","{'@type': 'PostalAddress', 'addressLocality': 'Essex Junction', 'addressRegion': 'VT', 'postalCode': '5452', 'addressCountry': 'US', 'streetAddress': '126 Pearl Street'}","{'@type': 'GeoCoordinates', 'latitude': 44.4960724, 'longitude': -73.12450559999999}","{'@type': 'AggregateRating', 'ratingValue': 3.9, 'reviewCount': '156'}"
Dave's Cosmic Subs (South Burlington),https://www.ubereats.com/burlington/food-delivery/daves-cosmic-subs-south-burlington/n68WlnusSxW6i1KNmUeQBw,burlington,"['Sandwiches', 'American', 'Healthy']",4.5,49,$,44.4649538,-73.1795223,+18024897827,5403,150 Dorset Street  #215,South Burlington,VT,"[{'@type': 'OpeningHoursSpecification', 'dayOfWeek': 'Sunday', 'opens': '12:0', 'closes': '16:30'}, {'@type': 'OpeningHoursSpecification', 'dayOfWeek': 'Monday', 'opens': '11:0', 'closes': '17:30'}, {'@type': 'OpeningHoursSpecification', 'dayOfWeek': ['Tuesday', 'Wednesday', 'Thursday'], 'opens': '11:0', 'closes': '18:30'}, {'@type': 'OpeningHoursSpecification', 'dayOfWeek': ['Friday', 'Saturday'], 'opens': '11:0', 'closes': '19:30'}]","{'@type': 'PostalAddress', 'addressLocality': 'South Burlington', 'addressRegion': 'VT', 'postalCode': '5403', 'addressCountry': 'US', 'streetAddress': '150 Dorset Street  #215'}","{'@type': 'GeoCoordinates', 'latitude': 44.4649538, 'longitude': -73.1795223}","{'@type': 'AggregateRating', 'ratingValue': 4.5, 'reviewCount': '49'}"
Grazers,https://www.ubereats.com/burlington/food-delivery/grazers/YNHGw1snTayjP92odcHnYQ,burlington,"['Burgers', 'American', 'Sandwiches']",4.4,61,$,44.4457873,-73.10985629999999,+18028575829,5495,192 Boxwood St,Williston,VT,"[{'@type': 'OpeningHoursSpecification', 'dayOfWeek': 'Sunday', 'opens': '11:0', 'closes': '18:30'}, {'@type': 'OpeningHoursSpecification', 'dayOfWeek': ['Monday', 'Tuesday', 'Wednesday', 'Thursday', 'Friday', 'Saturday'], 'opens': '11:0', 'closes': '20:20'}]","{'@type': 'PostalAddress', 'addressLocality': 'Williston', 'addressRegion': 'VT', 'postalCode': '5495', 'addressCountry': 'US', 'streetAddress': '192 Boxwood St'}","{'@type': 'GeoCoordinates', 'latitude': 44.4457873, 'longitude': -73.10985629999999}","{'@type': 'AggregateRating', 'ratingValue': 4.4, 'reviewCount': '61'}"
Red Panda,https://www.ubereats.com/burlington/food-delivery/red-panda/Rvt38ukDQCa4T5rxG2jStw,burlington,"['Asian: Other', 'Seafood', 'Noodles']",4.7,91,$$,44.475649,-73.2126811,+18024895479,,,,,"[{'@type': 'OpeningHoursSpecification', 'dayOfWeek': ['Sunday', 'Monday', 'Tuesday'], 'opens': '11:0', 'closes': '20:30'}, {'@type': 'OpeningHoursSpecification', 'dayOfWeek': ['Thursday', 'Friday', 'Saturday'], 'opens': '11:0', 'closes': '20:30'}]",,"{'@type': 'GeoCoordinates', 'latitude': 44.475649, 'longitude': -73.2126811}","{'@type': 'AggregateRating', 'ratingValue': 4.7, 'reviewCount': '91'}"
Bangkok Bistro in the Alley,https://www.ubereats.com/burlington/food-delivery/bangkok-bistro-in-the-alley/-_5CwUcdRYqQqqYHJ3KuiQ,burlington,['Thai'],4.8,88,$$,44.4768,-73.211651,+18024895333,05401,36 Mechanics Ln,Burlington,VT,"[{'@type': 'OpeningHoursSpecification', 'dayOfWeek': 'Sunday', 'opens': '15:30', 'closes': '21:30'}, {'@type': 'OpeningHoursSpecification', 'dayOfWeek': ['Tuesday', 'Wednesday', 'Thursday', 'Friday', 'Saturday'], 'opens': '15:30', 'closes': '21:30'}]","{'@type': 'PostalAddress', 'addressLocality': 'Burlington', 'addressRegion': 'VT', 'postalCode': '05401', 'addressCountry': 'US', 'streetAddress': '36 Mechanics Ln'}","{'@type': 'GeoCoordinates', 'latitude': 44.4768, 'longitude': -73.211651}","{'@type': 'AggregateRating', 'ratingValue': 4.8, 'reviewCount': '88'}"
Agave Taco and Tequila Casa,https://www.ubereats.com/burlington/food-delivery/agave-taco-and-tequila-casa/Qt1ViNIvQEOpLQeYaLYc_w,burlington,"['Mexican', 'Latin American', 'New Mexican']",4.4,33,$,44.44515849999999,-73.1092446,+18028767129,5495,28 Walnut St,Williston,VT,"[{'@type': 'OpeningHoursSpecification', 'dayOfWeek': ['Monday', 'Tuesday', 'Wednesday', 'Thursday', 'Friday', 'Saturday', 'Sunday'], 'opens': '12:0', 'closes': '20:30'}]","{'@type': 'PostalAddress', 'addressLocality': 'Williston', 'addressRegion': 'VT', 'postalCode': '5495', 'addressCountry': 'US', 'streetAddress': '28 Walnut St'}","{'@type': 'GeoCoordinates', 'latitude': 44.44515849999999, 'longitude': -73.1092446}","{'@type': 'AggregateRating', 'ratingValue': 4.4, 'reviewCount': '33'}"
Denny's (730 Shelburne Rd),https://www.ubereats.com/burlington/food-delivery/dennys-730-shelburne-rd/Uxox8kfVSrqNID3FWXJrwg,burlington,"['American', 'Breakfast and Brunch', 'Coffee and Tea', 'Dinner', 'Desserts', 'Salads', 'Steak', 'Sandwich']",4.5,75,$$,44.4461607,-73.20886999999999,+18028634000,5403,730 Shelburne Rd,South Burlington,VT,"[{'@type': 'OpeningHoursSpecification', 'dayOfWeek': ['Monday', 'Tuesday', 'Wednesday', 'Thursday', 'Friday', 'Saturday', 'Sunday'], 'opens': '7:0', 'closes': '22:0'}]","{'@type': 'PostalAddress', 'addressLocality': 'South Burlington', 'addressRegion': 'VT', 'postalCode': '5403', 'addressCountry': 'US', 'streetAddress': '730 Shelburne Rd'}","{'@type': 'GeoCoordinates', 'latitude': 44.4461607, 'longitude': -73.20886999999999}","{'@type': 'AggregateRating', 'ratingValue': 4.5, 'reviewCount': '75'}"
Gbg Indian kitchen,https://www.ubereats.com/burlington/food-delivery/gbg-indian-kitchen/BW10D0wNSWSfc9GYNj9WPA,burlington,"['Indian', 'Indian Curry', 'Salads', 'Himalayan']",4.5,20,,44.4887495,-73.20107159999999,+18024483653,05401,471 Riverside Ave,Burlington,VT,"[{'@type': 'OpeningHoursSpecification', 'dayOfWeek': ['Monday', 'Tuesday', 'Wednesday', 'Thursday', 'Friday', 'Saturday'], 'opens': '11:30', 'closes': '20:44'}]","{'@type': 'PostalAddress', 'addressLocality': 'Burlington', 'addressRegion': 'VT', 'postalCode': '05401', 'addressCountry': 'US', 'streetAddress': '471 Riverside Ave'}","{'@type': 'GeoCoordinates', 'latitude': 44.4887495, 'longitude': -73.20107159999999}","{'@type': 'AggregateRating', 'ratingValue': 4.5, 'reviewCount': '20'}"
La Villa Bistro,https://www.ubereats.com/burlington/food-delivery/la-villa-bistro/DXPdqhqQTXW0XaxEQcCipA,burlington,"['Italian', 'Sandwich', 'Pizza']",4.7,16,$,44.4013921,-73.2194136,+18029852596,05482,3762,Shelburne,VT,"[{'@type': 'OpeningHoursSpecification', 'dayOfWeek': ['Monday', 'Tuesday', 'Wednesday', 'Thursday', 'Friday', 'Saturday', 'Sunday'], 'opens': '16:0', 'closes': '19:45'}]","{'@type': 'PostalAddress', 'addressLocality': 'Shelburne', 'addressRegion': 'VT', 'postalCode': '05482', 'addressCountry': 'US', 'streetAddress': '3762'}","{'@type': 'GeoCoordinates', 'latitude': 44.4013921, 'longitude': -73.2194136}","{'@type': 'AggregateRating', 'ratingValue': 4.7, 'reviewCount': '16'}"
Wendy's  (110 Pearl Street),https://www.ubereats.com/burlington/food-delivery/wendys-110-pearl-street/aC6QXbspRNa472r3BWucBA,burlington,"['American', 'Burgers', 'Fast Food']",4.4,70,$,44.49520099999999,-73.1226839,+18028729099,05452,110 Pearl Street,Essex Junction,VT,"[{'@type': 'OpeningHoursSpecification', 'dayOfWeek': ['Monday', 'Tuesday', 'Wednesday', 'Thursday', 'Friday', 'Saturday', 'Sunday'], 'opens': '10:30', 'closes': '21:30'}, {'@type': 'OpeningHoursSpecification', 'dayOfWeek': ['Monday', 'Tuesday', 'Wednesday', 'Thursday', 'Friday', 'Saturday', 'Sunday'], 'opens': '7:0', 'closes': '10:0'}]","{'@type': 'PostalAddress', 'addressLocality': 'Essex Junction', 'addressRegion': 'VT', 'postalCode': '05452', 'addressCountry': 'US', 'streetAddress': '110 Pearl Street'}","{'@type': 'GeoCoordinates', 'latitude': 44.49520099999999, 'longitude': -73.1226839}","{'@type': 'AggregateRating', 'ratingValue': 4.4, 'reviewCount': '70'}"
Applebee's (155 Dorset St) #83075,https://www.ubereats.com/burlington/food-delivery/applebees-155-dorset-st-%2383075/ifYv5vsNRJeAa0kCTRCqCQ,burlington,"['American', 'Bar Food', 'BBQ', 'burger', 'Chicken Strips', 'Comfort Food', 'Dinner', 'pasta', 'salad', 'Sandwich', 'Soup', 'Steak', 'Traditional American', 'wings']",4.3,144,$$,44.464954,-73.1837431,+18028622818,,,,,"[{'@type': 'OpeningHoursSpecification', 'dayOfWeek': ['Sunday', 'Monday', 'Tuesday', 'Wednesday', 'Thursday'], 'opens': '11:0', 'closes': '22:30'}, {'@type': 'OpeningHoursSpecification', 'dayOfWeek': ['Friday', 'Saturday'], 'opens': '11:0', 'closes': '23:29'}]",,"{'@type': 'GeoCoordinates', 'latitude': 44.464954, 'longitude': -73.1837431}","{'@type': 'AggregateRating', 'ratingValue': 4.3, 'reviewCount': '144'}"
Panera (1184 Shelburne Road),https://www.ubereats.com/burlington/food-delivery/panera-1184-shelburne-road/itsP_uLsQ0GXaTiYYAjRUQ,burlington,"['Breakfast and Brunch', 'salad', 'Sandwich']",4.7,93,$,44.4369594,-73.2097232,+13142523932,5403,1184 Shelburne Road,South Burlington,VT,"[{'@type': 'OpeningHoursSpecification', 'dayOfWeek': 'Sunday', 'opens': '9:0', 'closes': '19:30'}, {'@type': 'OpeningHoursSpecification', 'dayOfWeek': ['Monday', 'Tuesday', 'Wednesday', 'Thursday'], 'opens': '8:0', 'closes': '19:30'}, {'@type': 'OpeningHoursSpecification', 'dayOfWeek': ['Friday', 'Saturday'], 'opens': '8:0', 'closes': '20:30'}]","{'@type': 'PostalAddress', 'addressLocality': 'South Burlington', 'addressRegion': 'VT', 'postalCode': '5403', 'addressCountry': 'US', 'streetAddress': '1184 Shelburne Road'}","{'@type': 'GeoCoordinates', 'latitude': 44.4369594, 'longitude': -73.2097232}","{'@type': 'AggregateRating', 'ratingValue': 4.7, 'reviewCount': '93'}"
Juniper,https://www.ubereats.com/burlington/food-delivery/juniper/nOknqee8R7OB6xA-7lyWDQ,burlington,"['American', 'Vegan', 'Sandwich']",,,,44.4787711,-73.2174355,+18026515027,05401,41 Cherry St,Burlington,VT,"[{'@type': 'OpeningHoursSpecification', 'dayOfWeek': ['Monday', 'Tuesday', 'Wednesday', 'Thursday', 'Friday', 'Saturday', 'Sunday'], 'opens': '8:0', 'closes': '21:0'}, {'@type': 'OpeningHoursSpecification', 'dayOfWeek': ['Monday', 'Tuesday', 'Wednesday', 'Thursday', 'Friday', 'Saturday', 'Sunday'], 'opens': '7:0', 'closes': '14:0'}, {'@type': 'OpeningHoursSpecification', 'dayOfWeek': ['Monday', 'Tuesday', 'Wednesday', 'Thursday', 'Friday', 'Saturday', 'Sunday'], 'opens': '17:0', 'closes': '22:0'}]","{'@type': 'PostalAddress', 'addressLocality': 'Burlington', 'addressRegion': 'VT', 'postalCode': '05401', 'addressCountry': 'US', 'streetAddress': '41 Cherry St'}","{'@type': 'GeoCoordinates', 'latitude': 44.4787711, 'longitude': -73.2174355}",{}
Mandarin VT,https://www.ubereats.com/burlington/food-delivery/mandarin-vt/o3mBYo3CQgazdCDhdNiwKA,burlington,['Chinese'],4.3,97,$,44.49011290000001,-73.1867671,+18028001116,,,,,"[{'@type': 'OpeningHoursSpecification', 'dayOfWeek': 'Sunday', 'opens': '17:0', 'closes': '21:0'}, {'@type': 'OpeningHoursSpecification', 'dayOfWeek': 'Tuesday', 'opens': '17:0', 'closes': '21:0'}, {'@type': 'OpeningHoursSpecification', 'dayOfWeek': ['Wednesday', 'Thursday', 'Friday', 'Saturday'], 'opens': '12:0', 'closes': '15:0'}, {'@type': 'OpeningHoursSpecification', 'dayOfWeek': ['Wednesday', 'Thursday', 'Friday', 'Saturday'], 'opens': '17:0', 'closes': '21:0'}]",,"{'@type': 'GeoCoordinates', 'latitude': 44.49011290000001, 'longitude': -73.1867671}","{'@type': 'AggregateRating', 'ratingValue': 4.3, 'reviewCount': '97'}"
McDonald's® (44 S PARK DR),https://www.ubereats.com/burlington/food-delivery/mcdonalds-44-s-park-dr/mbS9qZ65SrOv77fXQbdQgA,burlington,"['American', 'Burgers', 'Fast Food']",4.4,121,$,44.503977,-73.179717,+18026557747,5446,44 S PARK DR,COLCHESTER,VT,"[{'@type': 'OpeningHoursSpecification', 'dayOfWeek': 'Sunday', 'opens': '5:0', 'closes': '10:59'}, {'@type': 'OpeningHoursSpecification', 'dayOfWeek': 'Sunday', 'opens': '11:0', 'closes': '16:59'}, {'@type': 'OpeningHoursSpecification', 'dayOfWeek': 'Sunday', 'opens': '17:0', 'closes': '23:44'}, {'@type': 'OpeningHoursSpecification', 'dayOfWeek': ['Monday', 'Tuesday', 'Wednesday', 'Thursday', 'Friday', 'Saturday'], 'opens': '5:0', 'closes': '10:29'}, {'@type': 'OpeningHoursSpecification', 'dayOfWeek': ['Monday', 'Tuesday', 'Wednesday', 'Thursday', 'Friday', 'Saturday'], 'opens': '10:30', 'closes': '16:59'}, {'@type': 'OpeningHoursSpecification', 'dayOfWeek': ['Monday', 'Tuesday', 'Wednesday', 'Thursday', 'Friday', 'Saturday'], 'opens': '17:0', 'closes': '23:44'}]","{'@type': 'PostalAddress', 'addressLocality': 'COLCHESTER', 'addressRegion': 'VT', 'postalCode': '5446', 'addressCountry': 'US', 'streetAddress': '44 S PARK DR'}","{'@type': 'GeoCoordinates', 'latitude': 44.503977, 'longitude': -73.179717}","{'@type': 'AggregateRating', 'ratingValue': 4.4, 'reviewCount': '121'}"
Everest Indian Nepali restaurant,https://www.ubereats.com/burlington/food-delivery/everest-indian-nepali-restaurant/0HGGZqNgRfSMQM3wgNRKdA,burlington,"['Indian', 'Vegetarian', 'Asian']",4.6,33,$,44.4681423,-73.17558489999999,+18024972063,05403,1208 Williston Rd,South Burlington,VT,"[{'@type': 'OpeningHoursSpecification', 'dayOfWeek': 'Sunday', 'opens': '17:0', 'closes': '0:0'}, {'@type': 'OpeningHoursSpecification', 'dayOfWeek': ['Wednesday', 'Thursday', 'Friday', 'Saturday'], 'opens': '17:0', 'closes': '0:0'}]","{'@type': 'PostalAddress', 'addressLocality': 'South Burlington', 'addressRegion': 'VT', 'postalCode': '05403', 'addressCountry': 'US', 'streetAddress': '1208 Williston Rd'}","{'@type': 'GeoCoordinates', 'latitude': 44.4681423, 'longitude': -73.17558489999999}","{'@type': 'AggregateRating', 'ratingValue': 4.6, 'reviewCount': '33'}"
McDonald's® (79 HEINEBERG RD),https://www.ubereats.com/burlington/food-delivery/mcdonalds-79-heineberg-rd/YfteCY96QIyfGTXqZFvaOA,burlington,"['American', 'Burgers', 'Fast Food', 'Fast Food']",4.6,37,$,44.535276,-73.248101,+18028639707,,,,,"[{'@type': 'OpeningHoursSpecification', 'dayOfWeek': 'Sunday', 'opens': '6:0', 'closes': '10:59'}, {'@type': 'OpeningHoursSpecification', 'dayOfWeek': 'Sunday', 'opens': '11:0', 'closes': '16:59'}, {'@type': 'OpeningHoursSpecification', 'dayOfWeek': 'Sunday', 'opens': '17:0', 'closes': '23:44'}, {'@type': 'OpeningHoursSpecification', 'dayOfWeek': 'Monday', 'opens': '6:0', 'closes': '10:29'}, {'@type': 'OpeningHoursSpecification', 'dayOfWeek': 'Monday', 'opens': '10:30', 'closes': '16:59'}, {'@type': 'OpeningHoursSpecification', 'dayOfWeek': 'Monday', 'opens': '17:0', 'closes': '23:44'}, {'@type': 'OpeningHoursSpecification', 'dayOfWeek': 'Tuesday', 'opens': '6:0', 'closes': '10:29'}, {'@type': 'OpeningHoursSpecification', 'dayOfWeek': 'Tuesday', 'opens': '10:30', 'closes': '16:59'}, {'@type': 'OpeningHoursSpecification', 'dayOfWeek': 'Tuesday', 'opens': '17:0', 'closes': '21:45'}, {'@type': 'OpeningHoursSpecification', 'dayOfWeek': ['Wednesday', 'Thursday', 'Friday', 'Saturday'], 'opens': '6:0', 'closes': '10:29'}, {'@type': 'OpeningHoursSpecification', 'dayOfWeek': ['Wednesday', 'Thursday', 'Friday', 'Saturday'], 'opens': '10:30', 'closes': '16:59'}, {'@type': 'OpeningHoursSpecification', 'dayOfWeek': ['Wednesday', 'Thursday', 'Friday', 'Saturday'], 'opens': '17:0', 'closes': '23:44'}]",,"{'@type': 'GeoCoordinates', 'latitude': 44.535276, 'longitude': -73.248101}","{'@type': 'AggregateRating', 'ratingValue': 4.6, 'reviewCount': '37'}"
McDonald's® (1125 SHELBURNE RD),https://www.ubereats.com/burlington/food-delivery/mcdonalds-1125-shelburne-rd/kvktWkMGTsSbZ_ST9LkZjg,burlington,"['American', 'Burgers', 'Fast Food']",4.6,41,$,44.437645,-73.210828,+18028649322,5403,1125 SHELBURNE RD,SOUTH BURLINGTON,VT,"[{'@type': 'OpeningHoursSpecification', 'dayOfWeek': 'Sunday', 'opens': '5:0', 'closes': '10:59'}, {'@type': 'OpeningHoursSpecification', 'dayOfWeek': 'Sunday', 'opens': '11:0', 'closes': '16:59'}, {'@type': 'OpeningHoursSpecification', 'dayOfWeek': 'Sunday', 'opens': '17:0', 'closes': '23:44'}, {'@type': 'OpeningHoursSpecification', 'dayOfWeek': ['Monday', 'Tuesday', 'Wednesday', 'Thursday', 'Friday', 'Saturday'], 'opens': '5:0', 'closes': '10:29'}, {'@type': 'OpeningHoursSpecification', 'dayOfWeek': ['Monday', 'Tuesday', 'Wednesday', 'Thursday', 'Friday', 'Saturday'], 'opens': '10:30', 'closes': '16:59'}, {'@type': 'OpeningHoursSpecification', 'dayOfWeek': ['Monday', 'Tuesday', 'Wednesday', 'Thursday', 'Friday', 'Saturday'], 'opens': '17:0', 'closes': '23:44'}]","{'@type': 'PostalAddress', 'addressLocality': 'SOUTH BURLINGTON', 'addressRegion': 'VT', 'postalCode': '5403', 'addressCountry': 'US', 'streetAddress': '1125 SHELBURNE RD'}","{'@type': 'GeoCoordinates', 'latitude': 44.437645, 'longitude': -73.210828}","{'@type': 'AggregateRating', 'ratingValue': 4.6, 'reviewCount': '41'}"
Piesanos,https://www.ubereats.com/burlington/food-delivery/piesanos/UPZkigiGTLio4fW72XYnXw,burlington,"['Italian', 'Pizza', 'American']",4.6,87,$,44.476154,-73.21207,+18028621234,05401,176 Main St,Burlington,Vermont,"[{'@type': 'OpeningHoursSpecification', 'dayOfWeek': ['Sunday', 'Monday', 'Tuesday', 'Wednesday'], 'opens': '16:0', 'closes': '22:45'}, {'@type': 'OpeningHoursSpecification', 'dayOfWeek': 'Thursday', 'opens': '16:0', 'closes': '23:45'}, {'@type': 'OpeningHoursSpecification', 'dayOfWeek': 'Friday', 'opens': '16:0', 'closes': '2:45'}, {'@type': 'OpeningHoursSpecification', 'dayOfWeek': 'Saturday', 'opens': '16:0', 'closes': '23:45'}]","{'@type': 'PostalAddress', 'addressLocality': 'Burlington', 'addressRegion': 'Vermont', 'postalCode': '05401', 'addressCountry': 'US', 'streetAddress': '176 Main St'}","{'@type': 'GeoCoordinates', 'latitude': 44.476154, 'longitude': -73.21207}","{'@type': 'AggregateRating', 'ratingValue': 4.6, 'reviewCount': '87'}"
Asian Bistro,https://www.ubereats.com/burlington/food-delivery/asian-bistro/giFTy2TmRIS3-dD4KMObcQ,burlington,"['Asian', 'Asian Fusion', 'Korean', 'Seafood']",4.6,188,$,44.4464518,-73.1086308,+18028788878,5495,121 Connor Way,Williston,VT,"[{'@type': 'OpeningHoursSpecification', 'dayOfWeek': 'Sunday', 'opens': '12:0', 'closes': '21:30'}, {'@type': 'OpeningHoursSpecification', 'dayOfWeek': ['Monday', 'Tuesday', 'Wednesday', 'Thursday'], 'opens': '11:0', 'closes': '21:30'}, {'@type': 'OpeningHoursSpecification', 'dayOfWeek': ['Monday', 'Tuesday', 'Wednesday', 'Thursday'], 'opens': '11:30', 'closes': '14:30'}, {'@type': 'OpeningHoursSpecification', 'dayOfWeek': 'Friday', 'opens': '11:0', 'closes': '21:30'}, {'@type': 'OpeningHoursSpecification', 'dayOfWeek': 'Friday', 'opens': '11:0', 'closes': '22:30'}, {'@type': 'OpeningHoursSpecification', 'dayOfWeek': 'Friday', 'opens': '11:30', 'closes': '14:30'}, {'@type': 'OpeningHoursSpecification', 'dayOfWeek': 'Saturday', 'opens': '11:0', 'closes': '21:30'}, {'@type': 'OpeningHoursSpecification', 'dayOfWeek': 'Saturday', 'opens': '11:0', 'closes': '22:30'}]","{'@type': 'PostalAddress', 'addressLocality': 'Williston', 'addressRegion': 'VT', 'postalCode': '5495', 'addressCountry': 'US', 'streetAddress': '121 Connor Way'}","{'@type': 'GeoCoordinates', 'latitude': 44.4464518, 'longitude': -73.1086308}","{'@type': 'AggregateRating', 'ratingValue': 4.6, 'reviewCount': '188'}"
Starbucks (Burlington Town Ctr),https://www.ubereats.com/burlington/food-delivery/starbucks-burlington-town-ctr/QsK-K1G4QAaKbrXKTO0Uag,burlington,"['Bakery', 'Breakfast and Brunch', 'Cafe', 'Coffee & Tea']",4.4,26,$,44.4786934,-73.21287370000002,+18026519844,5402,49 Church Street 2072,Burlington,VT,"[{'@type': 'OpeningHoursSpecification', 'dayOfWeek': ['Monday', 'Tuesday', 'Wednesday', 'Thursday', 'Friday', 'Saturday', 'Sunday'], 'opens': '7:0', 'closes': '18:0'}]","{'@type': 'PostalAddress', 'addressLocality': 'Burlington', 'addressRegion': 'VT', 'postalCode': '5402', 'addressCountry': 'US', 'streetAddress': '49 Church Street 2072'}","{'@type': 'GeoCoordinates', 'latitude': 44.4786934, 'longitude': -73.21287370000002}","{'@type': 'AggregateRating', 'ratingValue': 4.4, 'reviewCount': '26'}"
"Starbucks (Williston Rd, S. Burlington.)",https://www.ubereats.com/burlington/food-delivery/starbucks-williston-rd-s-burlington/4rluPv-rToyhPtAZRXc0LA,burlington,"['Bakery', 'Breakfast and Brunch', 'Cafe', 'Coffee & Tea']",4.9,200,$,44.4688657,-73.1780448,+18026516873,5403,1150 Williston Rd.,South Burlington,VT,"[{'@type': 'OpeningHoursSpecification', 'dayOfWeek': ['Monday', 'Tuesday', 'Wednesday', 'Thursday', 'Friday', 'Saturday', 'Sunday'], 'opens': '5:30', 'closes': '19:0'}]","{'@type': 'PostalAddress', 'addressLocality': 'South Burlington', 'addressRegion': 'VT', 'postalCode': '5403', 'addressCountry': 'US', 'streetAddress': '1150 Williston Rd.'}","{'@type': 'GeoCoordinates', 'latitude': 44.4688657, 'longitude': -73.1780448}","{'@type': 'AggregateRating', 'ratingValue': 4.9, 'reviewCount': '200'}"
McDonald's® (1205 WILLISTON RD),https://www.ubereats.com/burlington/food-delivery/mcdonalds-1205-williston-rd/cZxId_ZmSFODqmpfXjnq2g,burlington,"['American', 'Burgers', 'Fast Food']",4.5,200,$,44.467803,-73.175661,+18028633543,5403,1205 WILLISTON RD,SOUTH BURLINGTON,VT,"[{'@type': 'OpeningHoursSpecification', 'dayOfWeek': 'Sunday', 'opens': '7:0', 'closes': '10:59'}, {'@type': 'OpeningHoursSpecification', 'dayOfWeek': 'Sunday', 'opens': '11:0', 'closes': '16:59'}, {'@type': 'OpeningHoursSpecification', 'dayOfWeek': 'Sunday', 'opens': '17:0', 'closes': '1:44'}, {'@type': 'OpeningHoursSpecification', 'dayOfWeek': ['Monday', 'Tuesday', 'Wednesday', 'Thursday', 'Friday', 'Saturday'], 'opens': '7:0', 'closes': '10:29'}, {'@type': 'OpeningHoursSpecification', 'dayOfWeek': ['Monday', 'Tuesday', 'Wednesday', 'Thursday', 'Friday', 'Saturday'], 'opens': '10:30', 'closes': '16:59'}, {'@type': 'OpeningHoursSpecification', 'dayOfWeek': ['Monday', 'Tuesday', 'Wednesday', 'Thursday', 'Friday', 'Saturday'], 'opens': '17:0', 'closes': '1:44'}]","{'@type': 'PostalAddress', 'addressLocality': 'SOUTH BURLINGTON', 'addressRegion': 'VT', 'postalCode': '5403', 'addressCountry': 'US', 'streetAddress': '1205 WILLISTON RD'}","{'@type': 'GeoCoordinates', 'latitude': 44.467803, 'longitude': -73.175661}","{'@type': 'AggregateRating', 'ratingValue': 4.5, 'reviewCount': '200'}"
Subway (35 White St),https://www.ubereats.com/burlington/food-delivery/subway-35-white-st/tnNxDccFSw6zGkTrk1EJGw,burlington,"['Fast Food', 'Sandwich', 'American']",4.5,57,$,44.4676238,-73.1721548,+18024895165,5403,35 White St,South Burlington,VT,"[{'@type': 'OpeningHoursSpecification', 'dayOfWeek': 'Sunday', 'opens': '10:0', 'closes': '18:30'}, {'@type': 'OpeningHoursSpecification', 'dayOfWeek': ['Monday', 'Tuesday', 'Wednesday', 'Thursday', 'Friday'], 'opens': '10:0', 'closes': '20:30'}, {'@type': 'OpeningHoursSpecification', 'dayOfWeek': 'Saturday', 'opens': '10:0', 'closes': '19:30'}]","{'@type': 'PostalAddress', 'addressLocality': 'South Burlington', 'addressRegion': 'VT', 'postalCode': '5403', 'addressCountry': 'US', 'streetAddress': '35 White St'}","{'@type': 'GeoCoordinates', 'latitude': 44.4676238, 'longitude': -73.1721548}","{'@type': 'AggregateRating', 'ratingValue': 4.5, 'reviewCount': '57'}"
Cafe Mediterano,https://www.ubereats.com/burlington/food-delivery/cafe-mediterano/lm7LqmTBSK2E3csPiX_YRA,burlington,"['Mediterranean', 'Greek', 'Vegetarian']",,,$,44.4894995,-73.11226429999999,+18028789333,05452,17 Park St,Essex Junction,VT,"[{'@type': 'OpeningHoursSpecification', 'dayOfWeek': ['Tuesday', 'Wednesday', 'Thursday'], 'opens': '11:0', 'closes': '20:30'}, {'@type': 'OpeningHoursSpecification', 'dayOfWeek': 'Friday', 'opens': '11:0', 'closes': '21:0'}, {'@type': 'OpeningHoursSpecification', 'dayOfWeek': 'Saturday', 'opens': '11:0', 'closes': '20:30'}]","{'@type': 'PostalAddress', 'addressLocality': 'Essex Junction', 'addressRegion': 'VT', 'postalCode': '05452', 'addressCountry': 'US', 'streetAddress': '17 Park St'}","{'@type': 'GeoCoordinates', 'latitude': 44.4894995, 'longitude': -73.11226429999999}",{}
The Ice Cream Shop,https://www.ubereats.com/burlington/food-delivery/the-ice-cream-shop/8AH-kjyoRM6qO_wd0VlDvg,burlington,"['Desserts', 'Ice Cream and Frozen Yogurt']",,,$,44.48481779999999,-73.2061219,+18025408330,5401,141 N Willard St,Burlington,VT,"[{'@type': 'OpeningHoursSpecification', 'dayOfWeek': ['Sunday', 'Monday', 'Tuesday', 'Wednesday', 'Thursday'], 'opens': '7:0', 'closes': '22:0'}, {'@type': 'OpeningHoursSpecification', 'dayOfWeek': ['Friday', 'Saturday'], 'opens': '7:0', 'closes': '23:0'}]","{'@type': 'PostalAddress', 'addressLocality': 'Burlington', 'addressRegion': 'VT', 'postalCode': '5401', 'addressCountry': 'US', 'streetAddress': '141 N Willard St'}","{'@type': 'GeoCoordinates', 'latitude': 44.48481779999999, 'longitude': -73.2061219}",{}
,https://www.ubereats.com/burlington/food-delivery/subway-63590-0-86-pearl-st/xEmBHCdPSFGeybNkNvr4nw,burlington,,,,,,,,,,,,,,,
,https://www.ubereats.com/burlington/food-delivery/starbucks-shelburne-road/mqe37ha1Sd6BwwN5xUM-9Q,burlington,,,,,,,,,,,,,,,
