name,url,city,cuisine,avgRating,numReviews,priceRange,latitude,longitude,telephone,postalCode,streetAddress,addressLocality,addressRegion,openingHoursSpecification,addressString,geoString,ratingString
Spice Darbar,https://www.ubereats.com/atlanta/food-delivery/spice-darbar/F4_o5e67Rp2if8pXmQJ6aA,cartersville-georgia,"['Indian', 'Vegetarian', 'Asian']",,,$,34.2147639,-84.752489,+17065280117,30121,5698 Georgia 20,Cartersville,GA,"[{'@type': 'OpeningHoursSpecification', 'dayOfWeek': 'Sunday', 'opens': '11:0', 'closes': '20:0'}, {'@type': 'OpeningHoursSpecification', 'dayOfWeek': ['Tuesday', 'Wednesday', 'Thursday', 'Friday', 'Saturday'], 'opens': '11:0', 'closes': '20:0'}]","{'@type': 'PostalAddress', 'addressLocality': 'Cartersville', 'addressRegion': 'GA', 'postalCode': '30121', 'addressCountry': 'US', 'streetAddress': '5698 Georgia 20'}","{'@type': 'GeoCoordinates', 'latitude': 34.2147639, 'longitude': -84.752489}",{}
Menchie's Frozen Yogurt (3348 Cobb Pkwy NW),https://www.ubereats.com/atlanta/food-delivery/menchies-frozen-yogurt-3348-cobb-pkwy-nw/-UBi26yZQBaQMncSkhCeDQ,cartersville-georgia,"['Ice Cream and Frozen Yogurt', 'Desserts']",4.5,16,$,34.036149,-84.680698,+17705293221,30101,3348 Cobb Pkwy NW,Acworth,GA,"[{'@type': 'OpeningHoursSpecification', 'dayOfWeek': ['Monday', 'Tuesday', 'Wednesday', 'Thursday', 'Friday', 'Saturday', 'Sunday'], 'opens': '13:0', 'closes': '21:0'}]","{'@type': 'PostalAddress', 'addressLocality': 'Acworth', 'addressRegion': 'GA', 'postalCode': '30101', 'addressCountry': 'US', 'streetAddress': '3348 Cobb Pkwy NW'}","{'@type': 'GeoCoordinates', 'latitude': 34.036149, 'longitude': -84.680698}","{'@type': 'AggregateRating', 'ratingValue': 4.5, 'reviewCount': '16'}"
Whistle Stop Express,https://www.ubereats.com/atlanta/food-delivery/whistle-stop-express/DxNBthtFTQ-9vY4TDDze8A,cartersville-georgia,"['American', 'Comfort Food']",,,$,34.161722,-84.793311,+17703866462,30120,300 South Tennessee Street,Cartersville,GA,"[{'@type': 'OpeningHoursSpecification', 'dayOfWeek': 'Sunday', 'opens': '7:0', 'closes': '11:45'}, {'@type': 'OpeningHoursSpecification', 'dayOfWeek': 'Sunday', 'opens': '11:0', 'closes': '14:30'}, {'@type': 'OpeningHoursSpecification', 'dayOfWeek': ['Monday', 'Tuesday', 'Wednesday', 'Thursday', 'Friday'], 'opens': '7:0', 'closes': '10:45'}, {'@type': 'OpeningHoursSpecification', 'dayOfWeek': ['Monday', 'Tuesday', 'Wednesday', 'Thursday', 'Friday'], 'opens': '11:0', 'closes': '14:30'}, {'@type': 'OpeningHoursSpecification', 'dayOfWeek': 'Saturday', 'opens': '7:0', 'closes': '11:45'}, {'@type': 'OpeningHoursSpecification', 'dayOfWeek': 'Saturday', 'opens': '7:0', 'closes': '14:30'}]","{'@type': 'PostalAddress', 'addressLocality': 'Cartersville', 'addressRegion': 'GA', 'postalCode': '30120', 'addressCountry': 'US', 'streetAddress': '300 South Tennessee Street'}","{'@type': 'GeoCoordinates', 'latitude': 34.161722, 'longitude': -84.793311}",{}
Willy's Mexicana Grill (100 Main  Street Marketplace),https://www.ubereats.com/atlanta/food-delivery/willys-mexicana-grill-100-main-street-marketplace/033ij8EnRHSszVR9KS5tdQ,cartersville-georgia,"['Mexican', 'Tacos', 'Tex Mex', 'Family Meals']",4.6,12,$,34.1734658,-84.7782002,+17703343210,30121,100 Main  Street Marketplace,Cartersville,GA,"[{'@type': 'OpeningHoursSpecification', 'dayOfWeek': ['Monday', 'Tuesday', 'Wednesday', 'Thursday', 'Friday', 'Saturday', 'Sunday'], 'opens': '11:0', 'closes': '21:0'}]","{'@type': 'PostalAddress', 'addressLocality': 'Cartersville', 'addressRegion': 'GA', 'postalCode': '30121', 'addressCountry': 'US', 'streetAddress': '100 Main  Street Marketplace'}","{'@type': 'GeoCoordinates', 'latitude': 34.1734658, 'longitude': -84.7782002}","{'@type': 'AggregateRating', 'ratingValue': 4.6, 'reviewCount': '12'}"
Krystal (5020 Cherokee Rd),https://www.ubereats.com/atlanta/food-delivery/krystal-5020-cherokee-rd/PSuCocn2RguqGjELtXVTGg,cartersville-georgia,"['American', 'Burgers', 'Fast Food']",4.2,16,$,34.074675694510354,-84.6765199775561,+17705291130,,,,,"[{'@type': 'OpeningHoursSpecification', 'dayOfWeek': ['Monday', 'Tuesday', 'Wednesday', 'Thursday', 'Friday', 'Saturday', 'Sunday'], 'opens': '8:0', 'closes': '20:30'}, {'@type': 'OpeningHoursSpecification', 'dayOfWeek': ['Monday', 'Tuesday', 'Wednesday', 'Thursday', 'Friday', 'Saturday', 'Sunday'], 'opens': '10:30', 'closes': '20:0'}]",,"{'@type': 'GeoCoordinates', 'latitude': 34.074675694510354, 'longitude': -84.6765199775561}","{'@type': 'AggregateRating', 'ratingValue': 4.2, 'reviewCount': '16'}"
Popeyes Louisiana Kitchen (603 Martin Luther King Jr Drive),https://www.ubereats.com/atlanta/food-delivery/popeyes-louisiana-kitchen-603-martin-luther-king-jr-drive/FpFKXx2YTY6YVxFdDt58EA,cartersville-georgia,"['American', 'Fast Food', 'Comfort Food', 'Family Meals']",4.2,21,$,34.17625,-84.78562699999999,+14708882584,30121,603 Martin Luther King Jr Drive,Cartersville,GA,"[{'@type': 'OpeningHoursSpecification', 'dayOfWeek': ['Monday', 'Tuesday', 'Wednesday', 'Thursday', 'Friday', 'Saturday', 'Sunday'], 'opens': '10:30', 'closes': '21:30'}]","{'@type': 'PostalAddress', 'addressLocality': 'Cartersville', 'addressRegion': 'GA', 'postalCode': '30121', 'addressCountry': 'US', 'streetAddress': '603 Martin Luther King Jr Drive'}","{'@type': 'GeoCoordinates', 'latitude': 34.17625, 'longitude': -84.78562699999999}","{'@type': 'AggregateRating', 'ratingValue': 4.2, 'reviewCount': '21'}"
Krystal (111 N Morningside Drive),https://www.ubereats.com/atlanta/food-delivery/krystal-111-n-morningside-drive/07xqU3MvR02I5lfyzbU95g,cartersville-georgia,"['American', 'Burgers', 'Fast Food']",,,$,34.1695982,-84.787054,+17703860066,30120,111 N Morningside Drive,Cartersville,GA,"[{'@type': 'OpeningHoursSpecification', 'dayOfWeek': ['Sunday', 'Monday', 'Tuesday', 'Wednesday', 'Thursday', 'Friday'], 'opens': '6:0', 'closes': '23:59'}, {'@type': 'OpeningHoursSpecification', 'dayOfWeek': 'Saturday', 'opens': '6:0', 'closes': '23:59'}, {'@type': 'OpeningHoursSpecification', 'dayOfWeek': 'Saturday', 'opens': '6:0', 'closes': '23:59'}]","{'@type': 'PostalAddress', 'addressLocality': 'Cartersville', 'addressRegion': 'GA', 'postalCode': '30120', 'addressCountry': 'US', 'streetAddress': '111 N Morningside Drive'}","{'@type': 'GeoCoordinates', 'latitude': 34.1695982, 'longitude': -84.787054}",{}
Moe's Southwest Grill (402 East Church Street Suite #101),https://www.ubereats.com/atlanta/food-delivery/moes-southwest-grill-402-east-church-street-suite-%23101/rho1HtPbQhuW1xCoJTFN6w,cartersville-georgia,"['Mexican', 'Fast Food', 'Comfort Food', 'Family Meals']",3.8,20,$$,34.1701374,-84.7859735,+16787211000,30121,402 East Church Street Suite #101,Cartersville,GA,"[{'@type': 'OpeningHoursSpecification', 'dayOfWeek': ['Monday', 'Tuesday', 'Wednesday', 'Thursday', 'Friday', 'Saturday', 'Sunday'], 'opens': '11:0', 'closes': '21:0'}]","{'@type': 'PostalAddress', 'addressLocality': 'Cartersville', 'addressRegion': 'GA', 'postalCode': '30121', 'addressCountry': 'US', 'streetAddress': '402 East Church Street Suite #101'}","{'@type': 'GeoCoordinates', 'latitude': 34.1701374, 'longitude': -84.7859735}","{'@type': 'AggregateRating', 'ratingValue': 3.8, 'reviewCount': '20'}"
Eatalia Cafe & Creamery,https://www.ubereats.com/atlanta/food-delivery/eatalia-cafe-%26-creamery/y8olG2_0QESvC5ELkW8TRA,cartersville-georgia,"['Italian', 'Desserts', 'Coffee and Tea']",4.5,56,$,34.07455619999999,-84.6519072,+17706087684,30101,"3507 Baker Rd, 404",Atlanta,GA,"[{'@type': 'OpeningHoursSpecification', 'dayOfWeek': 'Sunday', 'opens': '9:0', 'closes': '23:0'}, {'@type': 'OpeningHoursSpecification', 'dayOfWeek': ['Monday', 'Tuesday', 'Wednesday', 'Thursday', 'Friday', 'Saturday'], 'opens': '5:30', 'closes': '23:0'}]","{'@type': 'PostalAddress', 'addressLocality': 'Atlanta', 'addressRegion': 'GA', 'postalCode': '30101', 'addressCountry': 'US', 'streetAddress': '3507 Baker Rd, 404'}","{'@type': 'GeoCoordinates', 'latitude': 34.07455619999999, 'longitude': -84.6519072}","{'@type': 'AggregateRating', 'ratingValue': 4.5, 'reviewCount': '56'}"
Papa John's (3734 Cedarcrest Rd. B-112),https://www.ubereats.com/atlanta/food-delivery/papa-johns-3734-cedarcrest-rd-b-112/nEXuvW0JRGCyL7okdPOlzg,cartersville-georgia,"['PIzza', 'American', 'Desserts']",,,$$,34.0506384,-84.7617628,+17709171292,30101,3734 Cedarcrest Rd. B-112,Acworth,GA,"[{'@type': 'OpeningHoursSpecification', 'dayOfWeek': 'Sunday', 'opens': '11:0', 'closes': '21:40'}, {'@type': 'OpeningHoursSpecification', 'dayOfWeek': ['Monday', 'Tuesday', 'Wednesday', 'Thursday'], 'opens': '10:0', 'closes': '21:40'}, {'@type': 'OpeningHoursSpecification', 'dayOfWeek': ['Friday', 'Saturday'], 'opens': '10:0', 'closes': '22:40'}]","{'@type': 'PostalAddress', 'addressLocality': 'Acworth', 'addressRegion': 'GA', 'postalCode': '30101', 'addressCountry': 'US', 'streetAddress': '3734 Cedarcrest Rd. B-112'}","{'@type': 'GeoCoordinates', 'latitude': 34.0506384, 'longitude': -84.7617628}",{}
Moe's Southwest Grill (3348 Cobb Parkway),https://www.ubereats.com/atlanta/food-delivery/moes-southwest-grill-3348-cobb-parkway/iJ7y8Vo0Rwu8exKIkbO_Qg,cartersville-georgia,"['Mexican', 'Fast Food', 'Family Meals']",4.5,203,$,34.036136,-84.680828,+17705290005,30101,3348 Cobb Parkway,Acworth,GA,"[{'@type': 'OpeningHoursSpecification', 'dayOfWeek': ['Monday', 'Tuesday', 'Wednesday', 'Thursday', 'Friday', 'Saturday', 'Sunday'], 'opens': '11:0', 'closes': '20:30'}]","{'@type': 'PostalAddress', 'addressLocality': 'Acworth', 'addressRegion': 'GA', 'postalCode': '30101', 'addressCountry': 'US', 'streetAddress': '3348 Cobb Parkway'}","{'@type': 'GeoCoordinates', 'latitude': 34.036136, 'longitude': -84.680828}","{'@type': 'AggregateRating', 'ratingValue': 4.5, 'reviewCount': '203'}"
Five Guys GA-0098 3450 Cobb Pkwy. NW,https://www.ubereats.com/atlanta/food-delivery/five-guys-ga-0098-3450-cobb-pkwy-nw/PjGr4gztT-SJeB7K9kOQaA,cartersville-georgia,"['American', 'Burgers', 'Sandwich']",4.7,176,$,34.039369,-84.6899538,+17705297188,30101,3450 Cobb Pkwy. NW,Acworth,GA,"[{'@type': 'OpeningHoursSpecification', 'dayOfWeek': ['Monday', 'Tuesday', 'Wednesday', 'Thursday', 'Friday', 'Saturday', 'Sunday'], 'opens': '11:0', 'closes': '21:30'}]","{'@type': 'PostalAddress', 'addressLocality': 'Acworth', 'addressRegion': 'GA', 'postalCode': '30101', 'addressCountry': 'US', 'streetAddress': '3450 Cobb Pkwy. NW'}","{'@type': 'GeoCoordinates', 'latitude': 34.039369, 'longitude': -84.6899538}","{'@type': 'AggregateRating', 'ratingValue': 4.7, 'reviewCount': '176'}"
Mike’s Place,https://www.ubereats.com/atlanta/food-delivery/mikes-place/-l2TynGdSjyOcxcsl_XVYg,cartersville-georgia,"['Burgers', 'American', 'Sandwiches']",,,$,34.1505438,-84.79302679999999,+16787198789,30120,122 Old Mill Rd,Cartersville,GA,"[{'@type': 'OpeningHoursSpecification', 'dayOfWeek': ['Monday', 'Tuesday', 'Wednesday', 'Thursday', 'Friday'], 'opens': '7:0', 'closes': '16:0'}]","{'@type': 'PostalAddress', 'addressLocality': 'Cartersville', 'addressRegion': 'GA', 'postalCode': '30120', 'addressCountry': 'US', 'streetAddress': '122 Old Mill Rd'}","{'@type': 'GeoCoordinates', 'latitude': 34.1505438, 'longitude': -84.79302679999999}",{}
Zaxby's (310 Market Place Blvd),https://www.ubereats.com/atlanta/food-delivery/zaxbys-310-market-place-blvd/s1wfd8XERLGCA0CtHmhuiw,cartersville-georgia,"['American', 'Salads', 'Wings', 'Family Meals']",4.1,68,$$,34.199928,-84.79270070000001,+17706060078,30121,310 Market Place Blvd,Cartersville,GA,"[{'@type': 'OpeningHoursSpecification', 'dayOfWeek': ['Monday', 'Tuesday', 'Wednesday', 'Thursday', 'Friday', 'Saturday', 'Sunday'], 'opens': '11:0', 'closes': '20:30'}]","{'@type': 'PostalAddress', 'addressLocality': 'Cartersville', 'addressRegion': 'GA', 'postalCode': '30121', 'addressCountry': 'US', 'streetAddress': '310 Market Place Blvd'}","{'@type': 'GeoCoordinates', 'latitude': 34.199928, 'longitude': -84.79270070000001}","{'@type': 'AggregateRating', 'ratingValue': 4.1, 'reviewCount': '68'}"
Steak 'n Shake (610 East Main Street),https://www.ubereats.com/atlanta/food-delivery/steak-n-shake-610-east-main-street/W8eAD8avTnmgPRG2OIPH_w,cartersville-georgia,['American'],4.3,17,$$,34.1740932,-84.7801427,+17703828182,30121,610 East Main Street,Cartersville,GA,"[{'@type': 'OpeningHoursSpecification', 'dayOfWeek': ['Sunday', 'Monday', 'Tuesday', 'Wednesday', 'Thursday'], 'opens': '11:0', 'closes': '23:0'}, {'@type': 'OpeningHoursSpecification', 'dayOfWeek': ['Friday', 'Saturday'], 'opens': '11:0', 'closes': '0:0'}]","{'@type': 'PostalAddress', 'addressLocality': 'Cartersville', 'addressRegion': 'GA', 'postalCode': '30121', 'addressCountry': 'US', 'streetAddress': '610 East Main Street'}","{'@type': 'GeoCoordinates', 'latitude': 34.1740932, 'longitude': -84.7801427}","{'@type': 'AggregateRating', 'ratingValue': 4.3, 'reviewCount': '17'}"
Captain D's (3462 Baker Road),https://www.ubereats.com/atlanta/food-delivery/captain-ds-3462-baker-road/7UBKwxUSTkeEOrNPL9hLZw,cartersville-georgia,"['Seafood', 'Fast Food', 'Fish and Chips', 'American', 'Family Meals']",4.5,67,$,34.0763109,-84.65132299999999,+17704851729,30101,3462 Baker Road,Acworth,GA,"[{'@type': 'OpeningHoursSpecification', 'dayOfWeek': ['Monday', 'Tuesday', 'Wednesday', 'Thursday', 'Friday', 'Saturday', 'Sunday'], 'opens': '10:30', 'closes': '22:0'}]","{'@type': 'PostalAddress', 'addressLocality': 'Acworth', 'addressRegion': 'GA', 'postalCode': '30101', 'addressCountry': 'US', 'streetAddress': '3462 Baker Road'}","{'@type': 'GeoCoordinates', 'latitude': 34.0763109, 'longitude': -84.65132299999999}","{'@type': 'AggregateRating', 'ratingValue': 4.5, 'reviewCount': '67'}"
Five Guys GA-1819 415 Cherokee Pl,https://www.ubereats.com/atlanta/food-delivery/five-guys-ga-1819-415-cherokee-pl/Nt7m8DhoSmm1U4KcU6uYqw,cartersville-georgia,"['American', 'Burgers']",4.8,13,$,34.1735628,-84.7814271,+14702745258,30121,445 Cherokee Pl.,Cartersville,GA,"[{'@type': 'OpeningHoursSpecification', 'dayOfWeek': ['Monday', 'Tuesday', 'Wednesday', 'Thursday', 'Friday', 'Saturday', 'Sunday'], 'opens': '11:0', 'closes': '21:30'}]","{'@type': 'PostalAddress', 'addressLocality': 'Cartersville', 'addressRegion': 'GA', 'postalCode': '30121', 'addressCountry': 'US', 'streetAddress': '445 Cherokee Pl.'}","{'@type': 'GeoCoordinates', 'latitude': 34.1735628, 'longitude': -84.7814271}","{'@type': 'AggregateRating', 'ratingValue': 4.8, 'reviewCount': '13'}"
Honey Baked Ham (883 Joe Frank Harris Pkwy SE),https://www.ubereats.com/atlanta/food-delivery/honey-baked-ham-883-joe-frank-harris-pkwy-se/K2yXrVzLShGM05lWN13Fqg,cartersville-georgia,"['Sandwich', 'American', 'Deli']",,,$,34.1961731,-84.79149799999999,+17703865244,30120,883 Joe Frank Harris Pkwy SE,Cartersville,GA,"[{'@type': 'OpeningHoursSpecification', 'dayOfWeek': ['Monday', 'Tuesday', 'Wednesday', 'Thursday', 'Friday'], 'opens': '10:0', 'closes': '18:0'}, {'@type': 'OpeningHoursSpecification', 'dayOfWeek': 'Saturday', 'opens': '10:0', 'closes': '17:0'}]","{'@type': 'PostalAddress', 'addressLocality': 'Cartersville', 'addressRegion': 'GA', 'postalCode': '30120', 'addressCountry': 'US', 'streetAddress': '883 Joe Frank Harris Pkwy SE'}","{'@type': 'GeoCoordinates', 'latitude': 34.1961731, 'longitude': -84.79149799999999}",{}
WTF! (Wonderful Tasting Food),https://www.ubereats.com/atlanta/food-delivery/wtf!-wonderful-tasting-food/aovGNFD3TNe8oB1qSeHBGA,cartersville-georgia,"['Vegetarian', 'Vegan', 'Healthy']",,,$,33.893436,-84.75554869999999,+16786530868,30141,4215 Jimmy Lee Smith Pkwy,Hiram,GA,"[{'@type': 'OpeningHoursSpecification', 'dayOfWeek': 'Sunday', 'opens': '12:0', 'closes': '16:0'}]","{'@type': 'PostalAddress', 'addressLocality': 'Hiram', 'addressRegion': 'GA', 'postalCode': '30141', 'addressCountry': 'US', 'streetAddress': '4215 Jimmy Lee Smith Pkwy'}","{'@type': 'GeoCoordinates', 'latitude': 33.893436, 'longitude': -84.75554869999999}",{}
Sixes Tavern (Cartersville),https://www.ubereats.com/atlanta/food-delivery/sixes-tavern-cartersville/Ka3TwB3SS36Mylq5Zq2okg,cartersville-georgia,['American'],4.3,52,$,34.1532588,-84.81609929999999,+17703348998,30120,650 Henderson Dr,Cartersville,GA,"[{'@type': 'OpeningHoursSpecification', 'dayOfWeek': 'Sunday', 'opens': '11:0', 'closes': '20:0'}, {'@type': 'OpeningHoursSpecification', 'dayOfWeek': ['Monday', 'Tuesday', 'Wednesday', 'Thursday', 'Friday', 'Saturday'], 'opens': '11:0', 'closes': '21:0'}]","{'@type': 'PostalAddress', 'addressLocality': 'Cartersville', 'addressRegion': 'GA', 'postalCode': '30120', 'addressCountry': 'US', 'streetAddress': '650 Henderson Dr'}","{'@type': 'GeoCoordinates', 'latitude': 34.1532588, 'longitude': -84.81609929999999}","{'@type': 'AggregateRating', 'ratingValue': 4.3, 'reviewCount': '52'}"
Cici's Enterprises (240 Cherokee Place),https://www.ubereats.com/atlanta/food-delivery/cicis-enterprises-240-cherokee-place/FkYkuuJKS5OVBtU5-Ckf8w,cartersville-georgia,"['Chicken', 'Kids Friendly', 'Pizza']",,,$,34.1728047,-84.7843295,+17703879797,30121,240 Cherokee Place,Cartersville,GA,"[{'@type': 'OpeningHoursSpecification', 'dayOfWeek': ['Sunday', 'Monday', 'Tuesday', 'Wednesday', 'Thursday'], 'opens': '11:0', 'closes': '20:0'}, {'@type': 'OpeningHoursSpecification', 'dayOfWeek': ['Friday', 'Saturday'], 'opens': '11:0', 'closes': '20:0'}, {'@type': 'OpeningHoursSpecification', 'dayOfWeek': ['Friday', 'Saturday'], 'opens': '11:0', 'closes': '21:0'}]","{'@type': 'PostalAddress', 'addressLocality': 'Cartersville', 'addressRegion': 'GA', 'postalCode': '30121', 'addressCountry': 'US', 'streetAddress': '240 Cherokee Place'}","{'@type': 'GeoCoordinates', 'latitude': 34.1728047, 'longitude': -84.7843295}",{}
King Pizzeria,https://www.ubereats.com/atlanta/food-delivery/king-pizzeria/AoOP3QouQcmIuHA3lREcCg,cartersville-georgia,"['Pizza', 'Pasta', 'Wings']",4.5,31,$,34.197578,-84.793637,+17706072200,30120,923 Joe Frank Harris Pkwy SE,Cartersville,GA,"[{'@type': 'OpeningHoursSpecification', 'dayOfWeek': ['Sunday', 'Monday', 'Tuesday', 'Wednesday', 'Thursday'], 'opens': '11:0', 'closes': '22:0'}, {'@type': 'OpeningHoursSpecification', 'dayOfWeek': ['Sunday', 'Monday', 'Tuesday', 'Wednesday', 'Thursday'], 'opens': '11:0', 'closes': '15:0'}, {'@type': 'OpeningHoursSpecification', 'dayOfWeek': ['Friday', 'Saturday'], 'opens': '11:0', 'closes': '23:0'}, {'@type': 'OpeningHoursSpecification', 'dayOfWeek': ['Friday', 'Saturday'], 'opens': '11:0', 'closes': '15:0'}]","{'@type': 'PostalAddress', 'addressLocality': 'Cartersville', 'addressRegion': 'GA', 'postalCode': '30120', 'addressCountry': 'US', 'streetAddress': '923 Joe Frank Harris Pkwy SE'}","{'@type': 'GeoCoordinates', 'latitude': 34.197578, 'longitude': -84.793637}","{'@type': 'AggregateRating', 'ratingValue': 4.5, 'reviewCount': '31'}"
Daylight Donuts (509 N Tennessee St),https://www.ubereats.com/atlanta/food-delivery/daylight-donuts-509-n-tennessee-st/cwqNC4GwRw63CiMKe5-6zQ,cartersville-georgia,"['American', 'Breakfast and Brunch', 'Desserts']",4.7,29,$,34.1768408,-84.792823,+14708882927,30120,509 North Tennessee Street,Cartersville,GA,"[{'@type': 'OpeningHoursSpecification', 'dayOfWeek': 'Sunday', 'opens': '6:0', 'closes': '16:0'}, {'@type': 'OpeningHoursSpecification', 'dayOfWeek': ['Monday', 'Tuesday', 'Wednesday', 'Thursday', 'Friday', 'Saturday'], 'opens': '5:0', 'closes': '17:0'}]","{'@type': 'PostalAddress', 'addressLocality': 'Cartersville', 'addressRegion': 'GA', 'postalCode': '30120', 'addressCountry': 'US', 'streetAddress': '509 North Tennessee Street'}","{'@type': 'GeoCoordinates', 'latitude': 34.1768408, 'longitude': -84.792823}","{'@type': 'AggregateRating', 'ratingValue': 4.7, 'reviewCount': '29'}"
"Burger Bar (887 Joe Frank Harris Pkwy, SE)",https://www.ubereats.com/atlanta/food-delivery/burger-bar-887-joe-frank-harris-pkwy-se/3W2GM4LURfeNT-bXQ-04Ww,cartersville-georgia,"['American', 'Bar Food', 'burger']",4.3,19,$$,34.1959938,-84.79002799999999,+17706079474,30120,"887 Joe Frank Harris Pkwy, SE",Cartersville,GA,"[{'@type': 'OpeningHoursSpecification', 'dayOfWeek': ['Sunday', 'Monday', 'Tuesday', 'Wednesday', 'Thursday'], 'opens': '11:0', 'closes': '22:30'}, {'@type': 'OpeningHoursSpecification', 'dayOfWeek': ['Friday', 'Saturday'], 'opens': '11:0', 'closes': '23:30'}]","{'@type': 'PostalAddress', 'addressLocality': 'Cartersville', 'addressRegion': 'GA', 'postalCode': '30120', 'addressCountry': 'US', 'streetAddress': '887 Joe Frank Harris Pkwy, SE'}","{'@type': 'GeoCoordinates', 'latitude': 34.1959938, 'longitude': -84.79002799999999}","{'@type': 'AggregateRating', 'ratingValue': 4.3, 'reviewCount': '19'}"
Arby's (5655 HIGHWAY 20 NE),https://www.ubereats.com/atlanta/food-delivery/arbys-5655-highway-20-ne/O3CbMrY2Re-N1SuZK5sOVw,cartersville-georgia,"['American', 'Sandwich', 'Fast Food', 'Kids Friendly']",4.5,16,$,34.2105172,-84.7585266,+17703868578,30121,5655 HIGHWAY 20 NE,CARTERSVILLE,GA,"[{'@type': 'OpeningHoursSpecification', 'dayOfWeek': ['Monday', 'Tuesday', 'Wednesday', 'Thursday', 'Friday', 'Saturday', 'Sunday'], 'opens': '10:0', 'closes': '0:0'}]","{'@type': 'PostalAddress', 'addressLocality': 'CARTERSVILLE', 'addressRegion': 'GA', 'postalCode': '30121', 'addressCountry': 'US', 'streetAddress': '5655 HIGHWAY 20 NE'}","{'@type': 'GeoCoordinates', 'latitude': 34.2105172, 'longitude': -84.7585266}","{'@type': 'AggregateRating', 'ratingValue': 4.5, 'reviewCount': '16'}"
El TIkal,https://www.ubereats.com/atlanta/food-delivery/el-tikal/QNUwYGQFTImdQMCWp3_Bqg,cartersville-georgia,"['Mexican', 'Latin American', 'New Mexican']",,,$,34.16410989999999,-84.79352449999999,+14046266747,30120,208 S Tennessee St,Cartersville,GA,"[{'@type': 'OpeningHoursSpecification', 'dayOfWeek': ['Monday', 'Tuesday', 'Wednesday', 'Thursday', 'Friday', 'Saturday', 'Sunday'], 'opens': '9:0', 'closes': '22:0'}]","{'@type': 'PostalAddress', 'addressLocality': 'Cartersville', 'addressRegion': 'GA', 'postalCode': '30120', 'addressCountry': 'US', 'streetAddress': '208 S Tennessee St'}","{'@type': 'GeoCoordinates', 'latitude': 34.16410989999999, 'longitude': -84.79352449999999}",{}
"Papa John's (5020 Cherokee St, Ste 300)",https://www.ubereats.com/atlanta/food-delivery/papa-johns-5020-cherokee-st-ste-300/kSZjXPuwRUWk5IVoR0VO2A,cartersville-georgia,"['PIzza', 'American', 'Desserts']",4.6,14,$$,34.0746214,-84.67647439999999,+16785744411,30101,5020 Cherokee St Ste 300,Acworth,GA,"[{'@type': 'OpeningHoursSpecification', 'dayOfWeek': 'Sunday', 'opens': '10:0', 'closes': '22:25'}, {'@type': 'OpeningHoursSpecification', 'dayOfWeek': ['Monday', 'Tuesday', 'Wednesday', 'Thursday'], 'opens': '10:0', 'closes': '22:40'}, {'@type': 'OpeningHoursSpecification', 'dayOfWeek': ['Friday', 'Saturday'], 'opens': '10:0', 'closes': '23:40'}]","{'@type': 'PostalAddress', 'addressLocality': 'Acworth', 'addressRegion': 'GA', 'postalCode': '30101', 'addressCountry': 'US', 'streetAddress': '5020 Cherokee St Ste 300'}","{'@type': 'GeoCoordinates', 'latitude': 34.0746214, 'longitude': -84.67647439999999}","{'@type': 'AggregateRating', 'ratingValue': 4.6, 'reviewCount': '14'}"
Allatoona Grill & Bar,https://www.ubereats.com/atlanta/food-delivery/allatoona-grill-%26-bar/1NEUtzgJQzq6ZpNS43yoNw,cartersville-georgia,"['Breakfast and Brunch', 'American', 'Sandwich']",,,$,34.0977602,-84.7018099,+16787268464,30102,"5989 Groovers Landing Road, SouthEast",Acworth,"5989 Groovers Landing Road, SouthEast","[{'@type': 'OpeningHoursSpecification', 'dayOfWeek': 'Sunday', 'opens': '11:0', 'closes': '13:30'}, {'@type': 'OpeningHoursSpecification', 'dayOfWeek': 'Sunday', 'opens': '11:0', 'closes': '20:0'}, {'@type': 'OpeningHoursSpecification', 'dayOfWeek': 'Sunday', 'opens': '17:0', 'closes': '20:0'}, {'@type': 'OpeningHoursSpecification', 'dayOfWeek': 'Monday', 'opens': '11:0', 'closes': '13:30'}, {'@type': 'OpeningHoursSpecification', 'dayOfWeek': 'Monday', 'opens': '11:0', 'closes': '13:30'}, {'@type': 'OpeningHoursSpecification', 'dayOfWeek': 'Monday', 'opens': '17:0', 'closes': '20:0'}, {'@type': 'OpeningHoursSpecification', 'dayOfWeek': ['Wednesday', 'Thursday', 'Friday'], 'opens': '11:0', 'closes': '13:30'}, {'@type': 'OpeningHoursSpecification', 'dayOfWeek': ['Wednesday', 'Thursday', 'Friday'], 'opens': '11:0', 'closes': '13:30'}, {'@type': 'OpeningHoursSpecification', 'dayOfWeek': ['Wednesday', 'Thursday', 'Friday'], 'opens': '17:0', 'closes': '20:0'}, {'@type': 'OpeningHoursSpecification', 'dayOfWeek': 'Saturday', 'opens': '11:0', 'closes': '13:30'}, {'@type': 'OpeningHoursSpecification', 'dayOfWeek': 'Saturday', 'opens': '11:0', 'closes': '20:0'}, {'@type': 'OpeningHoursSpecification', 'dayOfWeek': 'Saturday', 'opens': '17:0', 'closes': '20:0'}]","{'@type': 'PostalAddress', 'addressLocality': 'Acworth', 'addressRegion': '5989 Groovers Landing Road, SouthEast', 'postalCode': '30102', 'addressCountry': 'US', 'streetAddress': '5989 Groovers Landing Road, SouthEast'}","{'@type': 'GeoCoordinates', 'latitude': 34.0977602, 'longitude': -84.7018099}",{}
Salsas Mexican Restaurant,https://www.ubereats.com/atlanta/food-delivery/salsas-mexican-restaurant/YWKMmazvSWCRCUc0GQ7Kiw,cartersville-georgia,"['Latin American', 'Mexican', 'Vegetarian']",3.9,34,$,34.1836814,-84.8299316,+17703343415,30120,804 Burnt Hickory Rd B,Cartersville,GA,"[{'@type': 'OpeningHoursSpecification', 'dayOfWeek': ['Monday', 'Tuesday', 'Wednesday'], 'opens': '10:0', 'closes': '21:0'}, {'@type': 'OpeningHoursSpecification', 'dayOfWeek': ['Friday', 'Saturday'], 'opens': '10:0', 'closes': '22:0'}]","{'@type': 'PostalAddress', 'addressLocality': 'Cartersville', 'addressRegion': 'GA', 'postalCode': '30120', 'addressCountry': 'US', 'streetAddress': '804 Burnt Hickory Rd B'}","{'@type': 'GeoCoordinates', 'latitude': 34.1836814, 'longitude': -84.8299316}","{'@type': 'AggregateRating', 'ratingValue': 3.9, 'reviewCount': '34'}"
Captain D's (899 Joe Frank Harris Parkway),https://www.ubereats.com/atlanta/food-delivery/captain-ds-899-joe-frank-harris-parkway/YBdKc6EqTIKp61PaJZ42vw,cartersville-georgia,"['Seafood', 'Fast Food', 'Fish and Chips', 'American', 'Family Meals']",,,$,34.1964504,-84.7908865,+17703865303,30120,899 Joe Frank Harris Parkway,Cartersville,GA,"[{'@type': 'OpeningHoursSpecification', 'dayOfWeek': ['Monday', 'Tuesday', 'Wednesday', 'Thursday', 'Friday', 'Saturday', 'Sunday'], 'opens': '10:30', 'closes': '21:0'}]","{'@type': 'PostalAddress', 'addressLocality': 'Cartersville', 'addressRegion': 'GA', 'postalCode': '30120', 'addressCountry': 'US', 'streetAddress': '899 Joe Frank Harris Parkway'}","{'@type': 'GeoCoordinates', 'latitude': 34.1964504, 'longitude': -84.7908865}",{}
Shane's Rib Shack (644 East Main Street),https://www.ubereats.com/atlanta/food-delivery/shanes-rib-shack-644-east-main-street/b99qtx6OT1WVkQ2Us4utCw,cartersville-georgia,"['American', 'BBQ', 'Wings', 'Salads']",4.0,43,$$,34.1752024,-84.7786084,+17708338574,30121,644 East Main Street,Cartersville,GA,"[{'@type': 'OpeningHoursSpecification', 'dayOfWeek': ['Monday', 'Tuesday', 'Wednesday', 'Thursday', 'Friday', 'Saturday', 'Sunday'], 'opens': '11:0', 'closes': '19:45'}]","{'@type': 'PostalAddress', 'addressLocality': 'Cartersville', 'addressRegion': 'GA', 'postalCode': '30121', 'addressCountry': 'US', 'streetAddress': '644 East Main Street'}","{'@type': 'GeoCoordinates', 'latitude': 34.1752024, 'longitude': -84.7786084}","{'@type': 'AggregateRating', 'ratingValue': 4, 'reviewCount': '43'}"
Taco Bell (5080 Cherokee St),https://www.ubereats.com/atlanta/food-delivery/taco-bell-5080-cherokee-st/7Y1ruL5XQSST9SfQVDRRIg,cartersville-georgia,"['Burritos', 'Fast Food', 'Mexican']",3.5,31,$,34.07610809999999,-84.6762498,+17709747926,30101,5080 Cherokee St,Acworth,GA,"[{'@type': 'OpeningHoursSpecification', 'dayOfWeek': ['Sunday', 'Monday', 'Tuesday', 'Wednesday', 'Thursday'], 'opens': '14:0', 'closes': '17:0'}, {'@type': 'OpeningHoursSpecification', 'dayOfWeek': ['Sunday', 'Monday', 'Tuesday', 'Wednesday', 'Thursday'], 'opens': '7:0', 'closes': '0:30'}, {'@type': 'OpeningHoursSpecification', 'dayOfWeek': ['Sunday', 'Monday', 'Tuesday', 'Wednesday', 'Thursday'], 'opens': '7:0', 'closes': '10:30'}, {'@type': 'OpeningHoursSpecification', 'dayOfWeek': ['Friday', 'Saturday'], 'opens': '14:0', 'closes': '17:0'}, {'@type': 'OpeningHoursSpecification', 'dayOfWeek': ['Friday', 'Saturday'], 'opens': '7:0', 'closes': '10:30'}, {'@type': 'OpeningHoursSpecification', 'dayOfWeek': ['Friday', 'Saturday'], 'opens': '7:0', 'closes': '1:30'}]","{'@type': 'PostalAddress', 'addressLocality': 'Acworth', 'addressRegion': 'GA', 'postalCode': '30101', 'addressCountry': 'US', 'streetAddress': '5080 Cherokee St'}","{'@type': 'GeoCoordinates', 'latitude': 34.07610809999999, 'longitude': -84.6762498}","{'@type': 'AggregateRating', 'ratingValue': 3.5, 'reviewCount': '31'}"
Firehouse Subs (Acworth),https://www.ubereats.com/atlanta/food-delivery/firehouse-subs-acworth/B3VbBVbLQ4ORf_eEcgvZxA,cartersville-georgia,"['Sandwich', 'Salads', 'Deli']",4.7,155,$,34.036149,-84.680698,+17705291772,30101,3348 Cobb Parkway NW Suite 12,Acworth,GA,"[{'@type': 'OpeningHoursSpecification', 'dayOfWeek': ['Monday', 'Tuesday', 'Wednesday', 'Thursday', 'Friday', 'Saturday', 'Sunday'], 'opens': '11:0', 'closes': '19:30'}]","{'@type': 'PostalAddress', 'addressLocality': 'Acworth', 'addressRegion': 'GA', 'postalCode': '30101', 'addressCountry': 'US', 'streetAddress': '3348 Cobb Parkway NW Suite 12'}","{'@type': 'GeoCoordinates', 'latitude': 34.036149, 'longitude': -84.680698}","{'@type': 'AggregateRating', 'ratingValue': 4.7, 'reviewCount': '155'}"
Hooters (Cartersville),https://www.ubereats.com/atlanta/food-delivery/hooters-cartersville/65s8SMjUSQOasUzb5T4sTg,cartersville-georgia,"['American', 'Bar Food', 'Wings']",4.2,51,$$,34.1959685,-84.7900145,+17706079474,30120,887 Joe Frank Harris Pkwy SE,Cartersville,Georgia,"[{'@type': 'OpeningHoursSpecification', 'dayOfWeek': ['Sunday', 'Monday', 'Tuesday', 'Wednesday', 'Thursday'], 'opens': '11:0', 'closes': '22:30'}, {'@type': 'OpeningHoursSpecification', 'dayOfWeek': ['Friday', 'Saturday'], 'opens': '11:0', 'closes': '23:30'}]","{'@type': 'PostalAddress', 'addressLocality': 'Cartersville', 'addressRegion': 'Georgia', 'postalCode': '30120', 'addressCountry': 'US', 'streetAddress': '887 Joe Frank Harris Pkwy SE'}","{'@type': 'GeoCoordinates', 'latitude': 34.1959685, 'longitude': -84.7900145}","{'@type': 'AggregateRating', 'ratingValue': 4.2, 'reviewCount': '51'}"
Los Arcos Mexican Restaurant (Cartersville),https://www.ubereats.com/atlanta/food-delivery/los-arcos-mexican-restaurant-cartersville/mRx4NEcKQ_2vMBog8iK5zQ,cartersville-georgia,"['Mexican', 'Seafood', 'Kids Friendly']",4.7,81,$,34.1895819,-84.79698119999999,+17706073002,30120,1010 N Tennessee St Suite 100,Cartersville,GA,"[{'@type': 'OpeningHoursSpecification', 'dayOfWeek': ['Sunday', 'Monday', 'Tuesday', 'Wednesday', 'Thursday'], 'opens': '11:0', 'closes': '21:45'}, {'@type': 'OpeningHoursSpecification', 'dayOfWeek': ['Friday', 'Saturday'], 'opens': '11:0', 'closes': '22:15'}]","{'@type': 'PostalAddress', 'addressLocality': 'Cartersville', 'addressRegion': 'GA', 'postalCode': '30120', 'addressCountry': 'US', 'streetAddress': '1010 N Tennessee St Suite 100'}","{'@type': 'GeoCoordinates', 'latitude': 34.1895819, 'longitude': -84.79698119999999}","{'@type': 'AggregateRating', 'ratingValue': 4.7, 'reviewCount': '81'}"
Buffalo's Cafe (3161 Cobb Parkway),https://www.ubereats.com/atlanta/food-delivery/buffalos-cafe-3161-cobb-parkway/SQEeHRBVR-abV8Kk7ttKNg,cartersville-georgia,['American'],4.3,184,$$,34.032449,-84.672824,+16782369464,30152,3161 Cobb Pkwy NW,Kennesaw,GA,"[{'@type': 'OpeningHoursSpecification', 'dayOfWeek': ['Monday', 'Tuesday', 'Wednesday', 'Thursday', 'Friday', 'Saturday', 'Sunday'], 'opens': '11:0', 'closes': '22:0'}]","{'@type': 'PostalAddress', 'addressLocality': 'Kennesaw', 'addressRegion': 'GA', 'postalCode': '30152', 'addressCountry': 'US', 'streetAddress': '3161 Cobb Pkwy NW'}","{'@type': 'GeoCoordinates', 'latitude': 34.032449, 'longitude': -84.672824}","{'@type': 'AggregateRating', 'ratingValue': 4.3, 'reviewCount': '184'}"
Tokyo Steak & Sushi Asian Cuisine-Emerson,https://www.ubereats.com/atlanta/food-delivery/tokyo-steak-%26-sushi-asian-cuisine-emerson/P6ffO7eaTymy_ZtlJG0Dag,cartersville-georgia,"['Japanese', 'Asian', 'Sushi']",,,$,34.11986419999999,-84.7458999,+17703343749,30121,185 Lakepoint parkway SE,Cartersville,GA,"[{'@type': 'OpeningHoursSpecification', 'dayOfWeek': 'Sunday', 'opens': '11:15', 'closes': '20:0'}, {'@type': 'OpeningHoursSpecification', 'dayOfWeek': 'Sunday', 'opens': '11:15', 'closes': '15:0'}, {'@type': 'OpeningHoursSpecification', 'dayOfWeek': 'Sunday', 'opens': '12:0', 'closes': '14:45'}, {'@type': 'OpeningHoursSpecification', 'dayOfWeek': 'Sunday', 'opens': '15:0', 'closes': '20:0'}, {'@type': 'OpeningHoursSpecification', 'dayOfWeek': 'Sunday', 'opens': '15:0', 'closes': '21:45'}, {'@type': 'OpeningHoursSpecification', 'dayOfWeek': 'Monday', 'opens': '11:15', 'closes': '15:0'}, {'@type': 'OpeningHoursSpecification', 'dayOfWeek': 'Monday', 'opens': '15:0', 'closes': '20:0'}, {'@type': 'OpeningHoursSpecification', 'dayOfWeek': ['Tuesday', 'Wednesday', 'Thursday', 'Friday'], 'opens': '11:15', 'closes': '20:0'}, {'@type': 'OpeningHoursSpecification', 'dayOfWeek': ['Tuesday', 'Wednesday', 'Thursday', 'Friday'], 'opens': '11:15', 'closes': '15:0'}, {'@type': 'OpeningHoursSpecification', 'dayOfWeek': ['Tuesday', 'Wednesday', 'Thursday', 'Friday'], 'opens': '15:0', 'closes': '20:0'}, {'@type': 'OpeningHoursSpecification', 'dayOfWeek': 'Saturday', 'opens': '11:15', 'closes': '20:0'}, {'@type': 'OpeningHoursSpecification', 'dayOfWeek': 'Saturday', 'opens': '11:15', 'closes': '15:0'}, {'@type': 'OpeningHoursSpecification', 'dayOfWeek': 'Saturday', 'opens': '12:0', 'closes': '14:45'}, {'@type': 'OpeningHoursSpecification', 'dayOfWeek': 'Saturday', 'opens': '15:0', 'closes': '20:0'}, {'@type': 'OpeningHoursSpecification', 'dayOfWeek': 'Saturday', 'opens': '15:0', 'closes': '21:45'}]","{'@type': 'PostalAddress', 'addressLocality': 'Cartersville', 'addressRegion': 'GA', 'postalCode': '30121', 'addressCountry': 'US', 'streetAddress': '185 Lakepoint parkway SE'}","{'@type': 'GeoCoordinates', 'latitude': 34.11986419999999, 'longitude': -84.7458999}",{}
Applebee's (185 Cherokee Pl.),https://www.ubereats.com/atlanta/food-delivery/applebees-185-cherokee-pl/-Kx-SOjMQpGx0VFzZJQwWg,cartersville-georgia,"['American', 'Bar Food']",3.7,52,$$,34.170717,-84.784398,+17703822822,30121,185 Cherokee Pl.,Cartersville,GA,"[{'@type': 'OpeningHoursSpecification', 'dayOfWeek': ['Sunday', 'Monday', 'Tuesday', 'Wednesday', 'Thursday'], 'opens': '11:0', 'closes': '23:29'}, {'@type': 'OpeningHoursSpecification', 'dayOfWeek': ['Friday', 'Saturday'], 'opens': '11:0', 'closes': '0:30'}]","{'@type': 'PostalAddress', 'addressLocality': 'Cartersville', 'addressRegion': 'GA', 'postalCode': '30121', 'addressCountry': 'US', 'streetAddress': '185 Cherokee Pl.'}","{'@type': 'GeoCoordinates', 'latitude': 34.170717, 'longitude': -84.784398}","{'@type': 'AggregateRating', 'ratingValue': 3.7, 'reviewCount': '52'}"
Mr Kebab,https://www.ubereats.com/atlanta/food-delivery/mr-kebab/AmOanFaDTSSguqexA604vQ,cartersville-georgia,"['Greek', 'Mediterranean']",4.7,49,$,34.035704,-84.677028,+17709662836,30101,3330 Cobb Pkwy NW,Acworth,GA,"[{'@type': 'OpeningHoursSpecification', 'dayOfWeek': 'Sunday', 'opens': '11:30', 'closes': '19:0'}, {'@type': 'OpeningHoursSpecification', 'dayOfWeek': ['Monday', 'Tuesday', 'Wednesday', 'Thursday'], 'opens': '11:0', 'closes': '19:30'}, {'@type': 'OpeningHoursSpecification', 'dayOfWeek': ['Friday', 'Saturday'], 'opens': '11:0', 'closes': '20:30'}]","{'@type': 'PostalAddress', 'addressLocality': 'Acworth', 'addressRegion': 'GA', 'postalCode': '30101', 'addressCountry': 'US', 'streetAddress': '3330 Cobb Pkwy NW'}","{'@type': 'GeoCoordinates', 'latitude': 34.035704, 'longitude': -84.677028}","{'@type': 'AggregateRating', 'ratingValue': 4.7, 'reviewCount': '49'}"
Johnny's New York Style Pizza (244 North Dixie Ave),https://www.ubereats.com/atlanta/food-delivery/johnnys-new-york-style-pizza-244-north-dixie-ave/1OvNV-SrR5Km8aB4C1Cb7w,cartersville-georgia,['Pizza'],,,$$,34.173635,-84.7877267,+16787210520,30120,244 North Dixie Ave,Cartersville,GA,"[{'@type': 'OpeningHoursSpecification', 'dayOfWeek': 'Sunday', 'opens': '12:0', 'closes': '20:30'}, {'@type': 'OpeningHoursSpecification', 'dayOfWeek': ['Monday', 'Tuesday', 'Wednesday', 'Thursday'], 'opens': '11:0', 'closes': '20:30'}, {'@type': 'OpeningHoursSpecification', 'dayOfWeek': ['Monday', 'Tuesday', 'Wednesday', 'Thursday'], 'opens': '11:0', 'closes': '15:0'}, {'@type': 'OpeningHoursSpecification', 'dayOfWeek': ['Friday', 'Saturday'], 'opens': '11:0', 'closes': '21:30'}, {'@type': 'OpeningHoursSpecification', 'dayOfWeek': ['Friday', 'Saturday'], 'opens': '11:0', 'closes': '15:0'}]","{'@type': 'PostalAddress', 'addressLocality': 'Cartersville', 'addressRegion': 'GA', 'postalCode': '30120', 'addressCountry': 'US', 'streetAddress': '244 North Dixie Ave'}","{'@type': 'GeoCoordinates', 'latitude': 34.173635, 'longitude': -84.7877267}",{}
Tokyo Japanese Steakhouse (Cartersville),https://www.ubereats.com/atlanta/food-delivery/tokyo-japanese-steakhouse-cartersville/o123-1rPRlCO4vavftv1OQ,cartersville-georgia,"['Sushi', 'Japanese', 'Asian']",4.1,10,$,34.1701374,-84.7859735,+17703879575,30121,402 E Church St,Cartersville,GA,"[{'@type': 'OpeningHoursSpecification', 'dayOfWeek': 'Sunday', 'opens': '15:0', 'closes': '20:30'}, {'@type': 'OpeningHoursSpecification', 'dayOfWeek': 'Sunday', 'opens': '15:0', 'closes': '21:0'}, {'@type': 'OpeningHoursSpecification', 'dayOfWeek': ['Monday', 'Tuesday', 'Wednesday', 'Thursday'], 'opens': '16:0', 'closes': '21:0'}, {'@type': 'OpeningHoursSpecification', 'dayOfWeek': ['Monday', 'Tuesday', 'Wednesday', 'Thursday'], 'opens': '16:0', 'closes': '22:0'}, {'@type': 'OpeningHoursSpecification', 'dayOfWeek': ['Friday', 'Saturday'], 'opens': '15:0', 'closes': '22:0'}, {'@type': 'OpeningHoursSpecification', 'dayOfWeek': ['Friday', 'Saturday'], 'opens': '15:0', 'closes': '23:0'}]","{'@type': 'PostalAddress', 'addressLocality': 'Cartersville', 'addressRegion': 'GA', 'postalCode': '30121', 'addressCountry': 'US', 'streetAddress': '402 E Church St'}","{'@type': 'GeoCoordinates', 'latitude': 34.1701374, 'longitude': -84.7859735}","{'@type': 'AggregateRating', 'ratingValue': 4.1, 'reviewCount': '10'}"
Hardees (1506209),https://www.ubereats.com/atlanta/food-delivery/hardees-1506209/trRYbJ3LRDahPdHXYgpebg,cartersville-georgia,"['American', 'Breakfast and Brunch', 'Burgers', 'Chicken', 'Fast Food', 'Sandwich']",,,$,34.1654596,-84.7931899,+16787198628,30120,104 S. Tennessee Street,Cartersville,GA,"[{'@type': 'OpeningHoursSpecification', 'dayOfWeek': 'Sunday', 'opens': '7:0', 'closes': '10:44'}, {'@type': 'OpeningHoursSpecification', 'dayOfWeek': 'Sunday', 'opens': '10:45', 'closes': '20:30'}, {'@type': 'OpeningHoursSpecification', 'dayOfWeek': ['Monday', 'Tuesday', 'Wednesday', 'Thursday', 'Friday'], 'opens': '6:0', 'closes': '10:14'}, {'@type': 'OpeningHoursSpecification', 'dayOfWeek': ['Monday', 'Tuesday', 'Wednesday', 'Thursday', 'Friday'], 'opens': '10:15', 'closes': '20:30'}, {'@type': 'OpeningHoursSpecification', 'dayOfWeek': 'Saturday', 'opens': '6:0', 'closes': '10:44'}, {'@type': 'OpeningHoursSpecification', 'dayOfWeek': 'Saturday', 'opens': '10:45', 'closes': '20:30'}]","{'@type': 'PostalAddress', 'addressLocality': 'Cartersville', 'addressRegion': 'GA', 'postalCode': '30120', 'addressCountry': 'US', 'streetAddress': '104 S. Tennessee Street'}","{'@type': 'GeoCoordinates', 'latitude': 34.1654596, 'longitude': -84.7931899}",{}
Taco Bell (220 Lakepoint Parkway),https://www.ubereats.com/atlanta/food-delivery/taco-bell-220-lakepoint-parkway/XPsmzATYT0-5ChJ6i7Hq8Q,cartersville-georgia,"['Burritos', 'Fast Food', 'Mexican']",,,$,34.1165007,-84.7455952,+16787198883,30121,220 Lakepoint Parkway,Emerson,GA,"[{'@type': 'OpeningHoursSpecification', 'dayOfWeek': ['Monday', 'Tuesday', 'Wednesday', 'Thursday', 'Friday', 'Saturday', 'Sunday'], 'opens': '14:0', 'closes': '17:0'}, {'@type': 'OpeningHoursSpecification', 'dayOfWeek': ['Monday', 'Tuesday', 'Wednesday', 'Thursday', 'Friday', 'Saturday', 'Sunday'], 'opens': '7:0', 'closes': '23:30'}, {'@type': 'OpeningHoursSpecification', 'dayOfWeek': ['Monday', 'Tuesday', 'Wednesday', 'Thursday', 'Friday', 'Saturday', 'Sunday'], 'opens': '7:0', 'closes': '10:30'}]","{'@type': 'PostalAddress', 'addressLocality': 'Emerson', 'addressRegion': 'GA', 'postalCode': '30121', 'addressCountry': 'US', 'streetAddress': '220 Lakepoint Parkway'}","{'@type': 'GeoCoordinates', 'latitude': 34.1165007, 'longitude': -84.7455952}",{}
Zaxby's (3511 Baker Rd),https://www.ubereats.com/atlanta/food-delivery/zaxbys-3511-baker-rd/t4LqfVi5RG6-hF0rY-wwEQ,cartersville-georgia,"['American', 'Wings', 'Salads', 'Family Meals']",4.3,110,$,34.07558950000001,-84.6527759,+16785740400,30101,3511 Baker Rd,Acworth,GA,"[{'@type': 'OpeningHoursSpecification', 'dayOfWeek': ['Monday', 'Tuesday', 'Wednesday', 'Thursday', 'Friday', 'Saturday', 'Sunday'], 'opens': '10:30', 'closes': '21:30'}]","{'@type': 'PostalAddress', 'addressLocality': 'Acworth', 'addressRegion': 'GA', 'postalCode': '30101', 'addressCountry': 'US', 'streetAddress': '3511 Baker Rd'}","{'@type': 'GeoCoordinates', 'latitude': 34.07558950000001, 'longitude': -84.6527759}","{'@type': 'AggregateRating', 'ratingValue': 4.3, 'reviewCount': '110'}"
Huey Luey's (Acworth),https://www.ubereats.com/atlanta/food-delivery/huey-lueys-acworth/ud481H7qS5mz-CIBBRsYLg,cartersville-georgia,['Tex Mex'],4.5,86,$$,34.035842,-84.679078,+17709176073,30080,3338 Cobb Pkwy N,Atlanta,GA,"[{'@type': 'OpeningHoursSpecification', 'dayOfWeek': 'Sunday', 'opens': '11:0', 'closes': '23:0'}, {'@type': 'OpeningHoursSpecification', 'dayOfWeek': 'Sunday', 'opens': '11:0', 'closes': '11:1'}, {'@type': 'OpeningHoursSpecification', 'dayOfWeek': ['Monday', 'Tuesday', 'Wednesday', 'Thursday'], 'opens': '11:0', 'closes': '22:0'}, {'@type': 'OpeningHoursSpecification', 'dayOfWeek': ['Friday', 'Saturday'], 'opens': '11:0', 'closes': '23:0'}]","{'@type': 'PostalAddress', 'addressLocality': 'Atlanta', 'addressRegion': 'GA', 'postalCode': '30080', 'addressCountry': 'US', 'streetAddress': '3338 Cobb Pkwy N'}","{'@type': 'GeoCoordinates', 'latitude': 34.035842, 'longitude': -84.679078}","{'@type': 'AggregateRating', 'ratingValue': 4.5, 'reviewCount': '86'}"
Taco Bell (5 Charley Harper Drive),https://www.ubereats.com/atlanta/food-delivery/taco-bell-5-charley-harper-drive/KD618FZPSaC8yAFTs7Jtog,cartersville-georgia,"['Burritos', 'Fast Food', 'Mexican']",4.4,28,$,34.1527475,-84.8220726,+14703152910,30120,5 Charley Harper Drive,Cartersville,GA,"[{'@type': 'OpeningHoursSpecification', 'dayOfWeek': ['Monday', 'Tuesday', 'Wednesday', 'Thursday', 'Friday', 'Saturday', 'Sunday'], 'opens': '14:0', 'closes': '17:0'}, {'@type': 'OpeningHoursSpecification', 'dayOfWeek': ['Monday', 'Tuesday', 'Wednesday', 'Thursday', 'Friday', 'Saturday', 'Sunday'], 'opens': '11:0', 'closes': '23:30'}]","{'@type': 'PostalAddress', 'addressLocality': 'Cartersville', 'addressRegion': 'GA', 'postalCode': '30120', 'addressCountry': 'US', 'streetAddress': '5 Charley Harper Drive'}","{'@type': 'GeoCoordinates', 'latitude': 34.1527475, 'longitude': -84.8220726}","{'@type': 'AggregateRating', 'ratingValue': 4.4, 'reviewCount': '28'}"
Burger King (5620 GA-20),https://www.ubereats.com/atlanta/food-delivery/burger-king-5620-ga-20/nAZi2ZRPTpq_g18XHQNh_g,cartersville-georgia,"['American', 'burger', 'Fast Food']",,,$,34.2042756,-84.76503269999999,+18663942493,30121,5620 GA-20,Cartersville,GA,"[{'@type': 'OpeningHoursSpecification', 'dayOfWeek': 'Sunday', 'opens': '7:30', 'closes': '10:29'}, {'@type': 'OpeningHoursSpecification', 'dayOfWeek': 'Sunday', 'opens': '10:30', 'closes': '22:30'}, {'@type': 'OpeningHoursSpecification', 'dayOfWeek': ['Monday', 'Tuesday', 'Wednesday', 'Thursday'], 'opens': '6:30', 'closes': '10:29'}, {'@type': 'OpeningHoursSpecification', 'dayOfWeek': ['Monday', 'Tuesday', 'Wednesday', 'Thursday'], 'opens': '10:30', 'closes': '22:30'}, {'@type': 'OpeningHoursSpecification', 'dayOfWeek': ['Friday', 'Saturday'], 'opens': '6:30', 'closes': '10:29'}, {'@type': 'OpeningHoursSpecification', 'dayOfWeek': ['Friday', 'Saturday'], 'opens': '10:30', 'closes': '23:30'}]","{'@type': 'PostalAddress', 'addressLocality': 'Cartersville', 'addressRegion': 'GA', 'postalCode': '30121', 'addressCountry': 'US', 'streetAddress': '5620 GA-20'}","{'@type': 'GeoCoordinates', 'latitude': 34.2042756, 'longitude': -84.76503269999999}",{}
Wendy's  (5640 Highway 20 S. E.),https://www.ubereats.com/atlanta/food-delivery/wendys-5640-highway-20-s-e/VCygf99gSbGJ3LUJIG-dmA,cartersville-georgia,"['American', 'Burgers', 'Fast Food']",,,$,34.2077227,-84.759526,+17703821158,30121,5640 Highway 20 S. E.,Cartersville,GA,"[{'@type': 'OpeningHoursSpecification', 'dayOfWeek': ['Monday', 'Tuesday', 'Wednesday', 'Thursday', 'Friday', 'Saturday', 'Sunday'], 'opens': '10:30', 'closes': '22:30'}, {'@type': 'OpeningHoursSpecification', 'dayOfWeek': ['Monday', 'Tuesday', 'Wednesday', 'Thursday', 'Friday', 'Saturday', 'Sunday'], 'opens': '6:30', 'closes': '10:0'}]","{'@type': 'PostalAddress', 'addressLocality': 'Cartersville', 'addressRegion': 'GA', 'postalCode': '30121', 'addressCountry': 'US', 'streetAddress': '5640 Highway 20 S. E.'}","{'@type': 'GeoCoordinates', 'latitude': 34.2077227, 'longitude': -84.759526}",{}
KFC (255 Cherokee Place),https://www.ubereats.com/atlanta/food-delivery/kfc-255-cherokee-place/yYsUEjzBS5aWNUH1JkOZpg,cartersville-georgia,"['American', 'Fast Food', 'wings']",,,$,34.17164390000001,-84.7831805,+17703827787,30121,255 Cherokee Place,Cartersville,GA,"[{'@type': 'OpeningHoursSpecification', 'dayOfWeek': ['Sunday', 'Monday', 'Tuesday', 'Wednesday', 'Thursday'], 'opens': '10:30', 'closes': '22:0'}, {'@type': 'OpeningHoursSpecification', 'dayOfWeek': ['Friday', 'Saturday'], 'opens': '10:30', 'closes': '22:30'}]","{'@type': 'PostalAddress', 'addressLocality': 'Cartersville', 'addressRegion': 'GA', 'postalCode': '30121', 'addressCountry': 'US', 'streetAddress': '255 Cherokee Place'}","{'@type': 'GeoCoordinates', 'latitude': 34.17164390000001, 'longitude': -84.7831805}",{}
Generations Pizza Inc,https://www.ubereats.com/atlanta/food-delivery/generations-pizza-inc/eHdhX5pMTTessLv--rAK9w,cartersville-georgia,"['Pizza', 'American', 'Italian']",4.7,15,$,34.0500788,-84.66368659999999,+16786538383,30101,3969 S Main St,Acworth,GA,"[{'@type': 'OpeningHoursSpecification', 'dayOfWeek': 'Sunday', 'opens': '12:0', 'closes': '19:30'}, {'@type': 'OpeningHoursSpecification', 'dayOfWeek': 'Monday', 'opens': '16:0', 'closes': '20:30'}, {'@type': 'OpeningHoursSpecification', 'dayOfWeek': ['Tuesday', 'Wednesday', 'Thursday'], 'opens': '11:0', 'closes': '20:30'}, {'@type': 'OpeningHoursSpecification', 'dayOfWeek': ['Friday', 'Saturday'], 'opens': '11:0', 'closes': '21:30'}]","{'@type': 'PostalAddress', 'addressLocality': 'Acworth', 'addressRegion': 'GA', 'postalCode': '30101', 'addressCountry': 'US', 'streetAddress': '3969 S Main St'}","{'@type': 'GeoCoordinates', 'latitude': 34.0500788, 'longitude': -84.66368659999999}","{'@type': 'AggregateRating', 'ratingValue': 4.7, 'reviewCount': '15'}"
Bar-B-Cutie (Acworth),https://www.ubereats.com/atlanta/food-delivery/bar-b-cutie-acworth/Il8o_Vp3Q3CjcSypNYj5zg,cartersville-georgia,"['BBQ', 'Wings', 'Family Meals']",4.6,147,$$,34.03997,-84.690754,+17709178436,30101,3466 Cobb Pkwy NW,Acworth,GA,"[{'@type': 'OpeningHoursSpecification', 'dayOfWeek': 'Sunday', 'opens': '11:0', 'closes': '19:30'}, {'@type': 'OpeningHoursSpecification', 'dayOfWeek': ['Monday', 'Tuesday', 'Wednesday', 'Thursday'], 'opens': '11:0', 'closes': '19:30'}, {'@type': 'OpeningHoursSpecification', 'dayOfWeek': ['Monday', 'Tuesday', 'Wednesday', 'Thursday'], 'opens': '11:0', 'closes': '14:0'}, {'@type': 'OpeningHoursSpecification', 'dayOfWeek': 'Friday', 'opens': '11:0', 'closes': '20:30'}, {'@type': 'OpeningHoursSpecification', 'dayOfWeek': 'Friday', 'opens': '11:0', 'closes': '14:0'}, {'@type': 'OpeningHoursSpecification', 'dayOfWeek': 'Saturday', 'opens': '11:0', 'closes': '20:30'}]","{'@type': 'PostalAddress', 'addressLocality': 'Acworth', 'addressRegion': 'GA', 'postalCode': '30101', 'addressCountry': 'US', 'streetAddress': '3466 Cobb Pkwy NW'}","{'@type': 'GeoCoordinates', 'latitude': 34.03997, 'longitude': -84.690754}","{'@type': 'AggregateRating', 'ratingValue': 4.6, 'reviewCount': '147'}"
IHOP (640 East Main Street),https://www.ubereats.com/atlanta/food-delivery/ihop-640-east-main-street/BbLEZ8yqT_K4Dy_pkhYEaQ,cartersville-georgia,"['American', 'Breakfast and Brunch', 'burger', 'Comfort Food', 'Dinner', 'Omelette', 'salad', 'Traditional American', 'Family Meals']",4.4,15,$,34.1746826,-84.77769599999999,+17703863539,30121,640 East Main Street,Cartersville,GA,"[{'@type': 'OpeningHoursSpecification', 'dayOfWeek': ['Monday', 'Tuesday', 'Wednesday', 'Thursday', 'Friday', 'Saturday', 'Sunday'], 'opens': '6:30', 'closes': '21:35'}]","{'@type': 'PostalAddress', 'addressLocality': 'Cartersville', 'addressRegion': 'GA', 'postalCode': '30121', 'addressCountry': 'US', 'streetAddress': '640 East Main Street'}","{'@type': 'GeoCoordinates', 'latitude': 34.1746826, 'longitude': -84.77769599999999}","{'@type': 'AggregateRating', 'ratingValue': 4.4, 'reviewCount': '15'}"
Sidelines Grille Acworth,https://www.ubereats.com/atlanta/food-delivery/sidelines-grille-acworth/1ByWeQUTRJmn3hP-8Y3Dgg,cartersville-georgia,"['American', 'Bar Food']",,,$$,34.03997,-84.690754,+17709660080,30101,3466 Cobb Pkwy NW,Acworth,GA,"[{'@type': 'OpeningHoursSpecification', 'dayOfWeek': 'Sunday', 'opens': '12:30', 'closes': '22:0'}, {'@type': 'OpeningHoursSpecification', 'dayOfWeek': ['Monday', 'Tuesday', 'Wednesday', 'Thursday', 'Friday', 'Saturday'], 'opens': '11:0', 'closes': '22:0'}]","{'@type': 'PostalAddress', 'addressLocality': 'Acworth', 'addressRegion': 'GA', 'postalCode': '30101', 'addressCountry': 'US', 'streetAddress': '3466 Cobb Pkwy NW'}","{'@type': 'GeoCoordinates', 'latitude': 34.03997, 'longitude': -84.690754}",{}
Taco Bell (403 E Main Street),https://www.ubereats.com/atlanta/food-delivery/taco-bell-403-e-main-street/JD5tFAR0Soq3NSzZVhdS3w,cartersville-georgia,"['Burritos', 'Fast Food', 'Mexican']",,,$,34.16685929999999,-84.7878695,+17703867873,30121,403 E Main Street,Cartersville,GA,"[{'@type': 'OpeningHoursSpecification', 'dayOfWeek': ['Monday', 'Tuesday', 'Wednesday', 'Thursday', 'Friday', 'Saturday', 'Sunday'], 'opens': '14:0', 'closes': '17:0'}, {'@type': 'OpeningHoursSpecification', 'dayOfWeek': ['Monday', 'Tuesday', 'Wednesday', 'Thursday', 'Friday', 'Saturday', 'Sunday'], 'opens': '11:0', 'closes': '23:30'}]","{'@type': 'PostalAddress', 'addressLocality': 'Cartersville', 'addressRegion': 'GA', 'postalCode': '30121', 'addressCountry': 'US', 'streetAddress': '403 E Main Street'}","{'@type': 'GeoCoordinates', 'latitude': 34.16685929999999, 'longitude': -84.7878695}",{}
Red Lobster (375 Cherokee Place),https://www.ubereats.com/atlanta/food-delivery/red-lobster-375-cherokee-place/oGWmaVkcSK21pELdUNG5Sg,cartersville-georgia,"['Seafood', 'American']",4.5,20,$$,34.172687,-84.782001,+17703839888,30121,375 Cherokee Place,Cartersville,GA,"[{'@type': 'OpeningHoursSpecification', 'dayOfWeek': ['Sunday', 'Monday', 'Tuesday', 'Wednesday', 'Thursday'], 'opens': '11:30', 'closes': '20:0'}, {'@type': 'OpeningHoursSpecification', 'dayOfWeek': ['Friday', 'Saturday'], 'opens': '11:30', 'closes': '21:0'}]","{'@type': 'PostalAddress', 'addressLocality': 'Cartersville', 'addressRegion': 'GA', 'postalCode': '30121', 'addressCountry': 'US', 'streetAddress': '375 Cherokee Place'}","{'@type': 'GeoCoordinates', 'latitude': 34.172687, 'longitude': -84.782001}","{'@type': 'AggregateRating', 'ratingValue': 4.5, 'reviewCount': '20'}"
Cracker Barrel Old Country Store (5631 Hwy 20 NE),https://www.ubereats.com/atlanta/food-delivery/cracker-barrel-old-country-store-5631-hwy-20-ne/8fzknjksTgq9bzbdqWZTDw,cartersville-georgia,"['Burgers', 'American', 'Sandwiches', 'Fast Food', 'Family Meals']",4.5,24,$,34.20628009999999,-84.7637886,+17703866973,30121,5631 Hwy 20 NE,Cartersville,GA,"[{'@type': 'OpeningHoursSpecification', 'dayOfWeek': ['Sunday', 'Monday', 'Tuesday', 'Wednesday', 'Thursday'], 'opens': '7:30', 'closes': '20:0'}, {'@type': 'OpeningHoursSpecification', 'dayOfWeek': ['Sunday', 'Monday', 'Tuesday', 'Wednesday', 'Thursday'], 'opens': '10:30', 'closes': '20:0'}, {'@type': 'OpeningHoursSpecification', 'dayOfWeek': ['Friday', 'Saturday'], 'opens': '7:30', 'closes': '21:0'}, {'@type': 'OpeningHoursSpecification', 'dayOfWeek': ['Friday', 'Saturday'], 'opens': '10:30', 'closes': '21:0'}]","{'@type': 'PostalAddress', 'addressLocality': 'Cartersville', 'addressRegion': 'GA', 'postalCode': '30121', 'addressCountry': 'US', 'streetAddress': '5631 Hwy 20 NE'}","{'@type': 'GeoCoordinates', 'latitude': 34.20628009999999, 'longitude': -84.7637886}","{'@type': 'AggregateRating', 'ratingValue': 4.5, 'reviewCount': '24'}"
Dragon Garden (Cartersville),https://www.ubereats.com/atlanta/food-delivery/dragon-garden-cartersville/GTf9yx1jToOoS00B-H0Hqg,cartersville-georgia,"['Asian Fusion', 'Asian', 'Korean']",4.7,48,$,34.17701479999999,-84.7877267,+17703868000,30120,548 Martin Luther King Jr Dr,Cartersville,GA,"[{'@type': 'OpeningHoursSpecification', 'dayOfWeek': ['Monday', 'Tuesday', 'Wednesday', 'Thursday', 'Friday', 'Saturday'], 'opens': '11:0', 'closes': '21:0'}]","{'@type': 'PostalAddress', 'addressLocality': 'Cartersville', 'addressRegion': 'GA', 'postalCode': '30120', 'addressCountry': 'US', 'streetAddress': '548 Martin Luther King Jr Dr'}","{'@type': 'GeoCoordinates', 'latitude': 34.17701479999999, 'longitude': -84.7877267}","{'@type': 'AggregateRating', 'ratingValue': 4.7, 'reviewCount': '48'}"
Wendy's  (3 Charley Harper Drive),https://www.ubereats.com/atlanta/food-delivery/wendys-3-charley-harper-drive/n7Bo7eCCQhOuZRiXIx7idA,cartersville-georgia,"['American', 'Burgers', 'Fast Food']",,,$,34.1531313,-84.8214653,+16787198324,30120,3 Charley Harper Drive,Cartersville,GA,"[{'@type': 'OpeningHoursSpecification', 'dayOfWeek': ['Sunday', 'Monday', 'Tuesday', 'Wednesday', 'Thursday'], 'opens': '10:30', 'closes': '22:30'}, {'@type': 'OpeningHoursSpecification', 'dayOfWeek': ['Sunday', 'Monday', 'Tuesday', 'Wednesday', 'Thursday'], 'opens': '6:30', 'closes': '10:0'}, {'@type': 'OpeningHoursSpecification', 'dayOfWeek': ['Friday', 'Saturday'], 'opens': '10:30', 'closes': '23:30'}, {'@type': 'OpeningHoursSpecification', 'dayOfWeek': ['Friday', 'Saturday'], 'opens': '6:30', 'closes': '10:0'}]","{'@type': 'PostalAddress', 'addressLocality': 'Cartersville', 'addressRegion': 'GA', 'postalCode': '30120', 'addressCountry': 'US', 'streetAddress': '3 Charley Harper Drive'}","{'@type': 'GeoCoordinates', 'latitude': 34.1531313, 'longitude': -84.8214653}",{}
Wendy's  (254 N Dixie Ave),https://www.ubereats.com/atlanta/food-delivery/wendys-254-n-dixie-ave/RrxvbUxWRb6zb0wR90z_1Q,cartersville-georgia,"['American', 'Burgers', 'Fast Food']",,,$,34.1744011,-84.7874006,+17703823518,30120,254 N Dixie Ave,Cartersville,GA,"[{'@type': 'OpeningHoursSpecification', 'dayOfWeek': ['Monday', 'Tuesday', 'Wednesday', 'Thursday', 'Friday', 'Saturday', 'Sunday'], 'opens': '10:30', 'closes': '23:30'}, {'@type': 'OpeningHoursSpecification', 'dayOfWeek': ['Monday', 'Tuesday', 'Wednesday', 'Thursday', 'Friday', 'Saturday', 'Sunday'], 'opens': '6:30', 'closes': '10:0'}]","{'@type': 'PostalAddress', 'addressLocality': 'Cartersville', 'addressRegion': 'GA', 'postalCode': '30120', 'addressCountry': 'US', 'streetAddress': '254 N Dixie Ave'}","{'@type': 'GeoCoordinates', 'latitude': 34.1744011, 'longitude': -84.7874006}",{}
Papa John's (7 South Dixie Avenue),https://www.ubereats.com/atlanta/food-delivery/papa-johns-7-south-dixie-avenue/kiSyVMySQfyEjZagOuzqZg,cartersville-georgia,"['Desserts', 'PIzza', 'Wings']",4.5,22,$$,34.1661935,-84.7895411,+17706068787,30120,7 South Dixie Avenue,Cartersville,GA,"[{'@type': 'OpeningHoursSpecification', 'dayOfWeek': ['Sunday', 'Monday'], 'opens': '9:30', 'closes': '22:40'}, {'@type': 'OpeningHoursSpecification', 'dayOfWeek': ['Tuesday', 'Wednesday', 'Thursday'], 'opens': '9:30', 'closes': '23:40'}, {'@type': 'OpeningHoursSpecification', 'dayOfWeek': ['Friday', 'Saturday'], 'opens': '9:30', 'closes': '0:40'}]","{'@type': 'PostalAddress', 'addressLocality': 'Cartersville', 'addressRegion': 'GA', 'postalCode': '30120', 'addressCountry': 'US', 'streetAddress': '7 South Dixie Avenue'}","{'@type': 'GeoCoordinates', 'latitude': 34.1661935, 'longitude': -84.7895411}","{'@type': 'AggregateRating', 'ratingValue': 4.5, 'reviewCount': '22'}"
Arby's (5150 COWAN RD.),https://www.ubereats.com/atlanta/food-delivery/arbys-5150-cowan-rd/ifmYbHfKR3qKuxTejoLugw,cartersville-georgia,"['American', 'Sandwich', 'Fast Food', 'Kids Friendly']",4.2,51,$,34.07765730000001,-84.6522913,+17705296302,30101,5150 COWAN RD.,ACWORTH,GA,"[{'@type': 'OpeningHoursSpecification', 'dayOfWeek': ['Monday', 'Tuesday', 'Wednesday', 'Thursday', 'Friday', 'Saturday', 'Sunday'], 'opens': '10:0', 'closes': '23:0'}]","{'@type': 'PostalAddress', 'addressLocality': 'ACWORTH', 'addressRegion': 'GA', 'postalCode': '30101', 'addressCountry': 'US', 'streetAddress': '5150 COWAN RD.'}","{'@type': 'GeoCoordinates', 'latitude': 34.07765730000001, 'longitude': -84.6522913}","{'@type': 'AggregateRating', 'ratingValue': 4.2, 'reviewCount': '51'}"
Dunkin' (101 Gentilly Blvd),https://www.ubereats.com/atlanta/food-delivery/dunkin-101-gentilly-blvd/SgxZ3OyuTY-OvJ48jVck4g,cartersville-georgia,"['Breakfast and Brunch', 'Donuts']",4.6,26,$,34.1873895,-84.78725209999999,+17703820382,30120,101 Gentilly Blvd,Cartersville,GA,"[{'@type': 'OpeningHoursSpecification', 'dayOfWeek': ['Monday', 'Tuesday', 'Wednesday', 'Thursday', 'Friday', 'Saturday', 'Sunday'], 'opens': '5:0', 'closes': '21:0'}]","{'@type': 'PostalAddress', 'addressLocality': 'Cartersville', 'addressRegion': 'GA', 'postalCode': '30120', 'addressCountry': 'US', 'streetAddress': '101 Gentilly Blvd'}","{'@type': 'GeoCoordinates', 'latitude': 34.1873895, 'longitude': -84.78725209999999}","{'@type': 'AggregateRating', 'ratingValue': 4.6, 'reviewCount': '26'}"
Kumo Hibachi &Sushi,https://www.ubereats.com/atlanta/food-delivery/kumo-hibachi-%26sushi/kJCBuKjFR_WpUwYc0Nsaew,cartersville-georgia,"['Sushi', 'Asian', 'Japanese', 'Salads', 'Rolls']",4.7,120,$,34.1679726,-84.78511019999999,+19173992711,30121,485 E Main St,Cartersville,GA,"[{'@type': 'OpeningHoursSpecification', 'dayOfWeek': 'Sunday', 'opens': '12:0', 'closes': '20:30'}, {'@type': 'OpeningHoursSpecification', 'dayOfWeek': ['Monday', 'Tuesday', 'Wednesday', 'Thursday'], 'opens': '11:0', 'closes': '20:30'}, {'@type': 'OpeningHoursSpecification', 'dayOfWeek': ['Monday', 'Tuesday', 'Wednesday', 'Thursday'], 'opens': '12:0', 'closes': '15:0'}, {'@type': 'OpeningHoursSpecification', 'dayOfWeek': ['Friday', 'Saturday'], 'opens': '11:0', 'closes': '21:0'}, {'@type': 'OpeningHoursSpecification', 'dayOfWeek': ['Friday', 'Saturday'], 'opens': '12:0', 'closes': '15:0'}]","{'@type': 'PostalAddress', 'addressLocality': 'Cartersville', 'addressRegion': 'GA', 'postalCode': '30121', 'addressCountry': 'US', 'streetAddress': '485 E Main St'}","{'@type': 'GeoCoordinates', 'latitude': 34.1679726, 'longitude': -84.78511019999999}","{'@type': 'AggregateRating', 'ratingValue': 4.7, 'reviewCount': '120'}"
O'Charley's (3285 Cobb Pkwy NW),https://www.ubereats.com/atlanta/food-delivery/ocharleys-3285-cobb-pkwy-nw/zEfQY7Y5SrWpQuYOTFweBQ,cartersville-georgia,"['American', 'Family Meals']",4.5,206,$$,34.03400129999999,-84.6781902,+16785747378,30101,3285 Cobb Pkwy NW,Acworth,GA,"[{'@type': 'OpeningHoursSpecification', 'dayOfWeek': 'Sunday', 'opens': '11:0', 'closes': '21:0'}, {'@type': 'OpeningHoursSpecification', 'dayOfWeek': 'Sunday', 'opens': '14:0', 'closes': '21:0'}, {'@type': 'OpeningHoursSpecification', 'dayOfWeek': 'Sunday', 'opens': '14:0', 'closes': '21:0'}, {'@type': 'OpeningHoursSpecification', 'dayOfWeek': ['Monday', 'Tuesday', 'Wednesday', 'Thursday', 'Friday', 'Saturday'], 'opens': '11:0', 'closes': '21:0'}, {'@type': 'OpeningHoursSpecification', 'dayOfWeek': ['Monday', 'Tuesday', 'Wednesday', 'Thursday', 'Friday', 'Saturday'], 'opens': '11:0', 'closes': '21:0'}, {'@type': 'OpeningHoursSpecification', 'dayOfWeek': ['Monday', 'Tuesday', 'Wednesday', 'Thursday', 'Friday', 'Saturday'], 'opens': '11:0', 'closes': '21:0'}]","{'@type': 'PostalAddress', 'addressLocality': 'Acworth', 'addressRegion': 'GA', 'postalCode': '30101', 'addressCountry': 'US', 'streetAddress': '3285 Cobb Pkwy NW'}","{'@type': 'GeoCoordinates', 'latitude': 34.03400129999999, 'longitude': -84.6781902}","{'@type': 'AggregateRating', 'ratingValue': 4.5, 'reviewCount': '206'}"
Center Street Tavern (Senator Russell Ave),https://www.ubereats.com/atlanta/food-delivery/center-street-tavern-senator-russell-ave/BkfyCzZpQq-w3cQHO2iSPA,cartersville-georgia,"['American', 'Burgers', 'Sandwiches']",4.7,131,$,34.0653121,-84.67786339999999,+17709170004,30101,4381 Senator Russell Ave,Acworth,GA,"[{'@type': 'OpeningHoursSpecification', 'dayOfWeek': ['Sunday', 'Monday', 'Tuesday', 'Wednesday', 'Thursday'], 'opens': '11:0', 'closes': '21:30'}, {'@type': 'OpeningHoursSpecification', 'dayOfWeek': ['Friday', 'Saturday'], 'opens': '11:0', 'closes': '22:30'}]","{'@type': 'PostalAddress', 'addressLocality': 'Acworth', 'addressRegion': 'GA', 'postalCode': '30101', 'addressCountry': 'US', 'streetAddress': '4381 Senator Russell Ave'}","{'@type': 'GeoCoordinates', 'latitude': 34.0653121, 'longitude': -84.67786339999999}","{'@type': 'AggregateRating', 'ratingValue': 4.7, 'reviewCount': '131'}"
Neena's New York Style Pizza & Bistro,https://www.ubereats.com/atlanta/food-delivery/neenas-new-york-style-pizza-%26-bistro/Qg2lhUsET2an2-OwfpSUZw,cartersville-georgia,"['Pizza', 'Italian', 'American', 'Pasta', 'Gluten Free Friendly']",4.5,29,$,34.1529886,-84.8160154,+17703871188,30120,650 Henderson Dr Suite 101,Cartersville,GA,"[{'@type': 'OpeningHoursSpecification', 'dayOfWeek': 'Sunday', 'opens': '12:0', 'closes': '19:30'}, {'@type': 'OpeningHoursSpecification', 'dayOfWeek': ['Monday', 'Tuesday', 'Wednesday', 'Thursday'], 'opens': '11:0', 'closes': '20:30'}, {'@type': 'OpeningHoursSpecification', 'dayOfWeek': ['Monday', 'Tuesday', 'Wednesday', 'Thursday'], 'opens': '11:0', 'closes': '15:0'}, {'@type': 'OpeningHoursSpecification', 'dayOfWeek': 'Friday', 'opens': '12:0', 'closes': '21:30'}, {'@type': 'OpeningHoursSpecification', 'dayOfWeek': 'Friday', 'opens': '11:0', 'closes': '15:0'}, {'@type': 'OpeningHoursSpecification', 'dayOfWeek': 'Saturday', 'opens': '12:0', 'closes': '21:30'}]","{'@type': 'PostalAddress', 'addressLocality': 'Cartersville', 'addressRegion': 'GA', 'postalCode': '30120', 'addressCountry': 'US', 'streetAddress': '650 Henderson Dr Suite 101'}","{'@type': 'GeoCoordinates', 'latitude': 34.1529886, 'longitude': -84.8160154}","{'@type': 'AggregateRating', 'ratingValue': 4.5, 'reviewCount': '29'}"
Burger King (4 North Dixie Avenue),https://www.ubereats.com/atlanta/food-delivery/burger-king-4-north-dixie-avenue/1-VGVImDTy-9GzQZBqNPZA,cartersville-georgia,"['American', 'burger', 'Fast Food']",,,$,34.1685094,-84.78897030000002,+17702061335,30120,4 North Dixie Avenue,Cartersville,GA,"[{'@type': 'OpeningHoursSpecification', 'dayOfWeek': 'Sunday', 'opens': '7:30', 'closes': '10:29'}, {'@type': 'OpeningHoursSpecification', 'dayOfWeek': 'Sunday', 'opens': '10:30', 'closes': '22:30'}, {'@type': 'OpeningHoursSpecification', 'dayOfWeek': ['Monday', 'Tuesday', 'Wednesday', 'Thursday', 'Friday'], 'opens': '6:30', 'closes': '10:29'}, {'@type': 'OpeningHoursSpecification', 'dayOfWeek': ['Monday', 'Tuesday', 'Wednesday', 'Thursday', 'Friday'], 'opens': '10:30', 'closes': '22:30'}, {'@type': 'OpeningHoursSpecification', 'dayOfWeek': 'Saturday', 'opens': '6:30', 'closes': '10:29'}, {'@type': 'OpeningHoursSpecification', 'dayOfWeek': 'Saturday', 'opens': '10:30', 'closes': '23:30'}]","{'@type': 'PostalAddress', 'addressLocality': 'Cartersville', 'addressRegion': 'GA', 'postalCode': '30120', 'addressCountry': 'US', 'streetAddress': '4 North Dixie Avenue'}","{'@type': 'GeoCoordinates', 'latitude': 34.1685094, 'longitude': -84.78897030000002}",{}
Dairy Queen - Treat (5160 Cowan Rd),https://www.ubereats.com/atlanta/food-delivery/dairy-queen-treat-5160-cowan-rd/xrwJZpMPTHSiID-oGbgkPw,cartersville-georgia,"['American', 'Fast Food', 'Ice Cream & Frozen Yogurt']",4.3,173,$,34.07748060000001,-84.6528781,+17709741500,30101,5160 Cowan Rd,Acworth,GA,"[{'@type': 'OpeningHoursSpecification', 'dayOfWeek': 'Sunday', 'opens': '10:0', 'closes': '23:30'}, {'@type': 'OpeningHoursSpecification', 'dayOfWeek': ['Monday', 'Tuesday', 'Wednesday', 'Thursday'], 'opens': '10:0', 'closes': '22:45'}, {'@type': 'OpeningHoursSpecification', 'dayOfWeek': ['Friday', 'Saturday'], 'opens': '10:0', 'closes': '23:30'}]","{'@type': 'PostalAddress', 'addressLocality': 'Acworth', 'addressRegion': 'GA', 'postalCode': '30101', 'addressCountry': 'US', 'streetAddress': '5160 Cowan Rd'}","{'@type': 'GeoCoordinates', 'latitude': 34.07748060000001, 'longitude': -84.6528781}","{'@type': 'AggregateRating', 'ratingValue': 4.3, 'reviewCount': '173'}"
La Reyna,https://www.ubereats.com/atlanta/food-delivery/la-reyna/ATMDGSKfQnqzsFzSzQq5LQ,cartersville-georgia,"['Mexican', 'Latin American', 'New Mexican']",,,$,34.1641099,-84.79352449999999,+17706550566,30120,208 S Tennessee St,Cartersville,GA,"[{'@type': 'OpeningHoursSpecification', 'dayOfWeek': ['Monday', 'Tuesday', 'Wednesday', 'Thursday', 'Friday', 'Saturday', 'Sunday'], 'opens': '11:0', 'closes': '20:0'}]","{'@type': 'PostalAddress', 'addressLocality': 'Cartersville', 'addressRegion': 'GA', 'postalCode': '30120', 'addressCountry': 'US', 'streetAddress': '208 S Tennessee St'}","{'@type': 'GeoCoordinates', 'latitude': 34.1641099, 'longitude': -84.79352449999999}",{}
New China (Acworth),https://www.ubereats.com/atlanta/food-delivery/new-china-acworth/j7VmaKtaQuqxPqsDtGGdyQ,cartersville-georgia,"['Asian Fusion', 'Asian', 'Korean', 'Family Meals']",4.1,45,$,34.0363297,-84.6768421,+17709171118,30101,3330 Cobb Pkwy NW,Acworth,GA,"[{'@type': 'OpeningHoursSpecification', 'dayOfWeek': 'Sunday', 'opens': '12:0', 'closes': '21:30'}, {'@type': 'OpeningHoursSpecification', 'dayOfWeek': ['Monday', 'Tuesday', 'Wednesday', 'Thursday'], 'opens': '11:30', 'closes': '21:30'}, {'@type': 'OpeningHoursSpecification', 'dayOfWeek': ['Monday', 'Tuesday', 'Wednesday', 'Thursday'], 'opens': '12:0', 'closes': '15:0'}, {'@type': 'OpeningHoursSpecification', 'dayOfWeek': ['Friday', 'Saturday'], 'opens': '11:30', 'closes': '22:30'}, {'@type': 'OpeningHoursSpecification', 'dayOfWeek': ['Friday', 'Saturday'], 'opens': '12:0', 'closes': '15:0'}]","{'@type': 'PostalAddress', 'addressLocality': 'Acworth', 'addressRegion': 'GA', 'postalCode': '30101', 'addressCountry': 'US', 'streetAddress': '3330 Cobb Pkwy NW'}","{'@type': 'GeoCoordinates', 'latitude': 34.0363297, 'longitude': -84.6768421}","{'@type': 'AggregateRating', 'ratingValue': 4.1, 'reviewCount': '45'}"
McDonald's® (1130 WEST AVE),https://www.ubereats.com/atlanta/food-delivery/mcdonalds-1130-west-ave/ETNIuxZSTfaJhuE9BOmCLA,cartersville-georgia,"['American', 'Burgers', 'Fast Food', 'Fast Food']",4.6,10,$,34.151265,-84.824491,+17706075800,30120,1130 WEST AVE,CARTERSVILLE,GA,"[{'@type': 'OpeningHoursSpecification', 'dayOfWeek': 'Sunday', 'opens': '4:0', 'closes': '10:59'}, {'@type': 'OpeningHoursSpecification', 'dayOfWeek': 'Sunday', 'opens': '11:0', 'closes': '16:59'}, {'@type': 'OpeningHoursSpecification', 'dayOfWeek': 'Sunday', 'opens': '17:0', 'closes': '3:59'}, {'@type': 'OpeningHoursSpecification', 'dayOfWeek': ['Monday', 'Tuesday', 'Wednesday', 'Thursday', 'Friday'], 'opens': '4:0', 'closes': '10:29'}, {'@type': 'OpeningHoursSpecification', 'dayOfWeek': ['Monday', 'Tuesday', 'Wednesday', 'Thursday', 'Friday'], 'opens': '10:30', 'closes': '16:59'}, {'@type': 'OpeningHoursSpecification', 'dayOfWeek': ['Monday', 'Tuesday', 'Wednesday', 'Thursday', 'Friday'], 'opens': '17:0', 'closes': '3:59'}, {'@type': 'OpeningHoursSpecification', 'dayOfWeek': 'Saturday', 'opens': '4:0', 'closes': '10:59'}, {'@type': 'OpeningHoursSpecification', 'dayOfWeek': 'Saturday', 'opens': '11:0', 'closes': '16:59'}, {'@type': 'OpeningHoursSpecification', 'dayOfWeek': 'Saturday', 'opens': '17:0', 'closes': '3:59'}]","{'@type': 'PostalAddress', 'addressLocality': 'CARTERSVILLE', 'addressRegion': 'GA', 'postalCode': '30120', 'addressCountry': 'US', 'streetAddress': '1130 WEST AVE'}","{'@type': 'GeoCoordinates', 'latitude': 34.151265, 'longitude': -84.824491}","{'@type': 'AggregateRating', 'ratingValue': 4.6, 'reviewCount': '10'}"
Rico’s Mex Mex (Southside Dr),https://www.ubereats.com/atlanta/food-delivery/ricos-mex-mex-southside-dr/Ogt4M7wzQRK7tOhf5qXSmg,cartersville-georgia,"['Mexican', 'Wings', 'Fast Food']",4.5,264,$,34.0643242,-84.6599695,+17709179791,30101,3770 Southside Dr,Acworth,3770 Southside Dr,"[{'@type': 'OpeningHoursSpecification', 'dayOfWeek': 'Sunday', 'opens': '11:0', 'closes': '22:0'}, {'@type': 'OpeningHoursSpecification', 'dayOfWeek': ['Monday', 'Tuesday', 'Wednesday', 'Thursday', 'Friday', 'Saturday'], 'opens': '11:0', 'closes': '22:0'}, {'@type': 'OpeningHoursSpecification', 'dayOfWeek': ['Monday', 'Tuesday', 'Wednesday', 'Thursday', 'Friday', 'Saturday'], 'opens': '11:0', 'closes': '15:0'}]","{'@type': 'PostalAddress', 'addressLocality': 'Acworth', 'addressRegion': '3770 Southside Dr', 'postalCode': '30101', 'addressCountry': 'US', 'streetAddress': '3770 Southside Dr'}","{'@type': 'GeoCoordinates', 'latitude': 34.0643242, 'longitude': -84.6599695}","{'@type': 'AggregateRating', 'ratingValue': 4.5, 'reviewCount': '264'}"
The Ice Cream Shop ,https://www.ubereats.com/atlanta/food-delivery/the-ice-cream-shop/VUZxk88jSJi0IRdd89KEqg,cartersville-georgia,"['Desserts', 'Ice Cream and Frozen Yogurt']",4.7,18,$,34.054837,-84.663361,+14043175611,30101,4138 S Main St,Acworth,GA,"[{'@type': 'OpeningHoursSpecification', 'dayOfWeek': ['Monday', 'Tuesday', 'Wednesday', 'Thursday', 'Friday', 'Saturday', 'Sunday'], 'opens': '7:0', 'closes': '23:0'}]","{'@type': 'PostalAddress', 'addressLocality': 'Acworth', 'addressRegion': 'GA', 'postalCode': '30101', 'addressCountry': 'US', 'streetAddress': '4138 S Main St'}","{'@type': 'GeoCoordinates', 'latitude': 34.054837, 'longitude': -84.663361}","{'@type': 'AggregateRating', 'ratingValue': 4.7, 'reviewCount': '18'}"
McDonald's® (266 N DIXIE AVE),https://www.ubereats.com/atlanta/food-delivery/mcdonalds-266-n-dixie-ave/cADhCRfHRaiuVgyPqMq9rg,cartersville-georgia,"['American', 'Burgers', 'Fast Food']",4.7,21,$,34.176113,-84.786979,+17703863975,30120,266 N DIXIE AVE,CARTERSVILLE,GA,"[{'@type': 'OpeningHoursSpecification', 'dayOfWeek': 'Sunday', 'opens': '6:0', 'closes': '10:59'}, {'@type': 'OpeningHoursSpecification', 'dayOfWeek': 'Sunday', 'opens': '11:0', 'closes': '16:59'}, {'@type': 'OpeningHoursSpecification', 'dayOfWeek': 'Sunday', 'opens': '17:0', 'closes': '22:45'}, {'@type': 'OpeningHoursSpecification', 'dayOfWeek': ['Monday', 'Tuesday', 'Wednesday', 'Thursday', 'Friday'], 'opens': '6:0', 'closes': '10:29'}, {'@type': 'OpeningHoursSpecification', 'dayOfWeek': ['Monday', 'Tuesday', 'Wednesday', 'Thursday', 'Friday'], 'opens': '10:30', 'closes': '16:59'}, {'@type': 'OpeningHoursSpecification', 'dayOfWeek': ['Monday', 'Tuesday', 'Wednesday', 'Thursday', 'Friday'], 'opens': '17:0', 'closes': '22:45'}, {'@type': 'OpeningHoursSpecification', 'dayOfWeek': 'Saturday', 'opens': '6:0', 'closes': '10:59'}, {'@type': 'OpeningHoursSpecification', 'dayOfWeek': 'Saturday', 'opens': '11:0', 'closes': '16:59'}, {'@type': 'OpeningHoursSpecification', 'dayOfWeek': 'Saturday', 'opens': '17:0', 'closes': '22:45'}]","{'@type': 'PostalAddress', 'addressLocality': 'CARTERSVILLE', 'addressRegion': 'GA', 'postalCode': '30120', 'addressCountry': 'US', 'streetAddress': '266 N DIXIE AVE'}","{'@type': 'GeoCoordinates', 'latitude': 34.176113, 'longitude': -84.786979}","{'@type': 'AggregateRating', 'ratingValue': 4.7, 'reviewCount': '21'}"
China Chef,https://www.ubereats.com/atlanta/food-delivery/china-chef/ykeHeKTQTxO493ZFsZdLaA,cartersville-georgia,['Chinese'],4.5,162,$$,34.074982,-84.64727,+16785740848,30101,3305,Acworth,Georgia,"[{'@type': 'OpeningHoursSpecification', 'dayOfWeek': 'Sunday', 'opens': '12:0', 'closes': '21:0'}, {'@type': 'OpeningHoursSpecification', 'dayOfWeek': ['Tuesday', 'Wednesday', 'Thursday'], 'opens': '11:0', 'closes': '21:0'}, {'@type': 'OpeningHoursSpecification', 'dayOfWeek': ['Friday', 'Saturday'], 'opens': '11:0', 'closes': '22:0'}]","{'@type': 'PostalAddress', 'addressLocality': 'Acworth', 'addressRegion': 'Georgia', 'postalCode': '30101', 'addressCountry': 'US', 'streetAddress': '3305'}","{'@type': 'GeoCoordinates', 'latitude': 34.074982, 'longitude': -84.64727}","{'@type': 'AggregateRating', 'ratingValue': 4.5, 'reviewCount': '162'}"
Zaxby's (5 Walnut Grove Road),https://www.ubereats.com/atlanta/food-delivery/zaxbys-5-walnut-grove-road/5lzP8u4YQ8ejOZVf3ATNoQ,cartersville-georgia,"['American', 'Salads', 'Wings', 'Family Meals']",4.3,24,$$,34.1484544,-84.82826,+17706070005,30120,5 Walnut Grove Road,Cartersville,GA,"[{'@type': 'OpeningHoursSpecification', 'dayOfWeek': ['Monday', 'Tuesday', 'Wednesday', 'Thursday', 'Friday', 'Saturday', 'Sunday'], 'opens': '11:0', 'closes': '20:30'}]","{'@type': 'PostalAddress', 'addressLocality': 'Cartersville', 'addressRegion': 'GA', 'postalCode': '30120', 'addressCountry': 'US', 'streetAddress': '5 Walnut Grove Road'}","{'@type': 'GeoCoordinates', 'latitude': 34.1484544, 'longitude': -84.82826}","{'@type': 'AggregateRating', 'ratingValue': 4.3, 'reviewCount': '24'}"
Wendy's  (95 Old Allatoona Road),https://www.ubereats.com/atlanta/food-delivery/wendys-95-old-allatoona-road/9woYBAD0SdmH0Ay581Orcw,cartersville-georgia,"['American', 'Burgers', 'Fast Food']",,,$,34.1210277,-84.7452266,+17706078182,30121,95 Old Allatoona Road,Cartersville,GA,"[{'@type': 'OpeningHoursSpecification', 'dayOfWeek': ['Monday', 'Tuesday', 'Wednesday', 'Thursday', 'Friday', 'Saturday', 'Sunday'], 'opens': '10:30', 'closes': '20:30'}, {'@type': 'OpeningHoursSpecification', 'dayOfWeek': ['Monday', 'Tuesday', 'Wednesday', 'Thursday', 'Friday', 'Saturday', 'Sunday'], 'opens': '6:30', 'closes': '10:0'}]","{'@type': 'PostalAddress', 'addressLocality': 'Cartersville', 'addressRegion': 'GA', 'postalCode': '30121', 'addressCountry': 'US', 'streetAddress': '95 Old Allatoona Road'}","{'@type': 'GeoCoordinates', 'latitude': 34.1210277, 'longitude': -84.7452266}",{}
"Panera© (104 Main Street Market Place, SE)",https://www.ubereats.com/atlanta/food-delivery/panera-104-main-street-market-place-se/AJdIrg0qSUOzHTtZ4gWx3Q,cartersville-georgia,"['Sandwich', 'Salads', 'Breakfast and Brunch', 'Family Meals']",5.0,12,$,34.1734173,-84.7780018,+16785355012,,"104 Main Street Market Place, SE",Cartersville,GA,"[{'@type': 'OpeningHoursSpecification', 'dayOfWeek': ['Monday', 'Tuesday', 'Wednesday', 'Thursday', 'Friday', 'Saturday', 'Sunday'], 'opens': '11:0', 'closes': '18:30'}]","{'@type': 'PostalAddress', 'addressLocality': 'Cartersville', 'addressRegion': 'GA', 'postalCode': '', 'addressCountry': 'US', 'streetAddress': '104 Main Street Market Place, SE'}","{'@type': 'GeoCoordinates', 'latitude': 34.1734173, 'longitude': -84.7780018}","{'@type': 'AggregateRating', 'ratingValue': 5, 'reviewCount': '12'}"
McDonald's® (11 CANYON ROAD),https://www.ubereats.com/atlanta/food-delivery/mcdonalds-11-canyon-road/awaxoKUbSviOdwKD_07JeA,cartersville-georgia,"['American', 'Burgers', 'Fast Food']",,,$,34.174242,-84.763258,+17703833307,30121,11 CANYON ROAD,CARTERSVILLE,GA,"[{'@type': 'OpeningHoursSpecification', 'dayOfWeek': 'Sunday', 'opens': '5:0', 'closes': '10:59'}, {'@type': 'OpeningHoursSpecification', 'dayOfWeek': 'Sunday', 'opens': '11:0', 'closes': '16:59'}, {'@type': 'OpeningHoursSpecification', 'dayOfWeek': 'Sunday', 'opens': '17:0', 'closes': '22:45'}, {'@type': 'OpeningHoursSpecification', 'dayOfWeek': ['Monday', 'Tuesday', 'Wednesday', 'Thursday'], 'opens': '5:0', 'closes': '10:29'}, {'@type': 'OpeningHoursSpecification', 'dayOfWeek': ['Monday', 'Tuesday', 'Wednesday', 'Thursday'], 'opens': '10:30', 'closes': '16:59'}, {'@type': 'OpeningHoursSpecification', 'dayOfWeek': ['Monday', 'Tuesday', 'Wednesday', 'Thursday'], 'opens': '17:0', 'closes': '22:45'}, {'@type': 'OpeningHoursSpecification', 'dayOfWeek': 'Friday', 'opens': '5:0', 'closes': '10:29'}, {'@type': 'OpeningHoursSpecification', 'dayOfWeek': 'Friday', 'opens': '10:30', 'closes': '16:59'}, {'@type': 'OpeningHoursSpecification', 'dayOfWeek': 'Friday', 'opens': '17:0', 'closes': '23:44'}, {'@type': 'OpeningHoursSpecification', 'dayOfWeek': 'Saturday', 'opens': '5:0', 'closes': '10:59'}, {'@type': 'OpeningHoursSpecification', 'dayOfWeek': 'Saturday', 'opens': '11:0', 'closes': '16:59'}, {'@type': 'OpeningHoursSpecification', 'dayOfWeek': 'Saturday', 'opens': '17:0', 'closes': '23:44'}]","{'@type': 'PostalAddress', 'addressLocality': 'CARTERSVILLE', 'addressRegion': 'GA', 'postalCode': '30121', 'addressCountry': 'US', 'streetAddress': '11 CANYON ROAD'}","{'@type': 'GeoCoordinates', 'latitude': 34.174242, 'longitude': -84.763258}",{}
La Bamba Mexican Bar & Grill (Acworth),https://www.ubereats.com/atlanta/food-delivery/la-bamba-mexican-bar-%26-grill-acworth/RjT8U1HySbKKO4tXFvwxSA,cartersville-georgia,['Mexican'],4.4,286,$,34.074715,-84.652612,+16785406539,,3509 Baker Rd,Acworth,Georgia,"[{'@type': 'OpeningHoursSpecification', 'dayOfWeek': ['Monday', 'Tuesday', 'Wednesday', 'Thursday', 'Friday', 'Saturday', 'Sunday'], 'opens': '11:0', 'closes': '21:44'}]","{'@type': 'PostalAddress', 'addressLocality': 'Acworth', 'addressRegion': 'Georgia', 'postalCode': '', 'addressCountry': 'US', 'streetAddress': '3509 Baker Rd'}","{'@type': 'GeoCoordinates', 'latitude': 34.074715, 'longitude': -84.652612}","{'@type': 'AggregateRating', 'ratingValue': 4.4, 'reviewCount': '286'}"
Johnny's New York Style Pizza (244 North Dixie Ave),https://www.ubereats.com/atlanta/food-delivery/johnnys-new-york-style-pizza-244-north-dixie-ave/tSx25OcUSnqiYB79Y-d6mA,cartersville-georgia,"['Pizza', 'Salads', 'Italian']",,,$$,34.173635,-84.7877267,+16787210520,30120,244 North Dixie Ave,Cartersville,GA,"[{'@type': 'OpeningHoursSpecification', 'dayOfWeek': 'Sunday', 'opens': '12:0', 'closes': '20:30'}, {'@type': 'OpeningHoursSpecification', 'dayOfWeek': ['Monday', 'Tuesday', 'Wednesday', 'Thursday'], 'opens': '11:0', 'closes': '20:30'}, {'@type': 'OpeningHoursSpecification', 'dayOfWeek': ['Monday', 'Tuesday', 'Wednesday', 'Thursday'], 'opens': '11:0', 'closes': '15:0'}, {'@type': 'OpeningHoursSpecification', 'dayOfWeek': ['Friday', 'Saturday'], 'opens': '11:0', 'closes': '21:30'}, {'@type': 'OpeningHoursSpecification', 'dayOfWeek': ['Friday', 'Saturday'], 'opens': '11:0', 'closes': '15:0'}]","{'@type': 'PostalAddress', 'addressLocality': 'Cartersville', 'addressRegion': 'GA', 'postalCode': '30120', 'addressCountry': 'US', 'streetAddress': '244 North Dixie Ave'}","{'@type': 'GeoCoordinates', 'latitude': 34.173635, 'longitude': -84.7877267}",{}
"Dunkin' (4395 Acworth Dallas Rd, Suite 100)",https://www.ubereats.com/atlanta/food-delivery/dunkin-4395-acworth-dallas-rd-suite-100/Xen3WOh9SgqO1UxbmhuDvw,cartersville-georgia,"['Breakfast and Brunch', 'Donuts']",3.9,25,$,34.0584321,-84.72319879999999,+17706753774,30101,4395,Acworth,GA,"[{'@type': 'OpeningHoursSpecification', 'dayOfWeek': 'Sunday', 'opens': '6:0', 'closes': '21:0'}, {'@type': 'OpeningHoursSpecification', 'dayOfWeek': ['Monday', 'Tuesday', 'Wednesday', 'Thursday', 'Friday', 'Saturday'], 'opens': '5:0', 'closes': '21:0'}]","{'@type': 'PostalAddress', 'addressLocality': 'Acworth', 'addressRegion': 'GA', 'postalCode': '30101', 'addressCountry': 'US', 'streetAddress': '4395'}","{'@type': 'GeoCoordinates', 'latitude': 34.0584321, 'longitude': -84.72319879999999}","{'@type': 'AggregateRating', 'ratingValue': 3.9, 'reviewCount': '25'}"
Starbucks (Hwy 113 & Hwy 41 - Cartersville),https://www.ubereats.com/atlanta/food-delivery/starbucks-hwy-113-%26-hwy-41-cartersville/6FnpcpwmRYGHpbzm_MPG5g,cartersville-georgia,"['Bakery', 'Breakfast and Brunch', 'Cafe', 'Coffee & Tea']",4.6,53,$,34.1720392,-84.781264,+17706073306,30121,605 E MAIN ST,Cartersville,GA,"[{'@type': 'OpeningHoursSpecification', 'dayOfWeek': 'Sunday', 'opens': '6:0', 'closes': '21:0'}, {'@type': 'OpeningHoursSpecification', 'dayOfWeek': ['Monday', 'Tuesday', 'Wednesday', 'Thursday', 'Friday', 'Saturday'], 'opens': '5:0', 'closes': '21:0'}]","{'@type': 'PostalAddress', 'addressLocality': 'Cartersville', 'addressRegion': 'GA', 'postalCode': '30121', 'addressCountry': 'US', 'streetAddress': '605 E MAIN ST'}","{'@type': 'GeoCoordinates', 'latitude': 34.1720392, 'longitude': -84.781264}","{'@type': 'AggregateRating', 'ratingValue': 4.6, 'reviewCount': '53'}"
