name,url,city,cuisine,avgRating,numReviews,priceRange,latitude,longitude,telephone,postalCode,streetAddress,addressLocality,addressRegion,openingHoursSpecification,addressString,geoString,ratingString
Ben's Soft Pretzel's (6050 US Highway 6),https://www.ubereats.com/nw-indiana/food-delivery/bens-soft-pretzels-6050-us-highway-6/ugQvPSilSkCdMIDgu1V11A,chesterton-indiana,"['American', 'Breakfast and Brunch', 'Desserts']",,,$,41.55048439999999,-87.1706121,+12197636276,46368,6050 Highway 6,Portage,IN,"[{'@type': 'OpeningHoursSpecification', 'dayOfWeek': ['Sunday', 'Monday', 'Tuesday', 'Wednesday', 'Thursday'], 'opens': '11:0', 'closes': '19:0'}, {'@type': 'OpeningHoursSpecification', 'dayOfWeek': ['Friday', 'Saturday'], 'opens': '11:0', 'closes': '21:0'}]","{'@type': 'PostalAddress', 'addressLocality': 'Portage', 'addressRegion': 'IN', 'postalCode': '46368', 'addressCountry': 'US', 'streetAddress': '6050 Highway 6'}","{'@type': 'GeoCoordinates', 'latitude': 41.55048439999999, 'longitude': -87.1706121}",{}
Firehouse Subs (Valparaiso),https://www.ubereats.com/nw-indiana/food-delivery/firehouse-subs-valparaiso/gi2wjM-2SP2rGcGvYZpdaA,chesterton-indiana,"['Sandwich', 'Deli']",4.6,57,$,41.4675,-87.02635,+12192867382,46383,71 Silhavy Rd.,Valparaiso,IN,"[{'@type': 'OpeningHoursSpecification', 'dayOfWeek': ['Monday', 'Tuesday', 'Wednesday', 'Thursday', 'Friday', 'Saturday', 'Sunday'], 'opens': '10:30', 'closes': '19:30'}]","{'@type': 'PostalAddress', 'addressLocality': 'Valparaiso', 'addressRegion': 'IN', 'postalCode': '46383', 'addressCountry': 'US', 'streetAddress': '71 Silhavy Rd.'}","{'@type': 'GeoCoordinates', 'latitude': 41.4675, 'longitude': -87.02635}","{'@type': 'AggregateRating', 'ratingValue': 4.6, 'reviewCount': '57'}"
Cold Stone Creamery (71 Silhavy Road),https://www.ubereats.com/nw-indiana/food-delivery/cold-stone-creamery-71-silhavy-road/oIi-A11ORPmEdUZNNxzXJQ,chesterton-indiana,"['Ice Cream and Frozen Yogurt', 'Desserts', 'Cupcakes']",4.9,68,$,41.4674995,-87.0263501,+12194763430,46383,71 Silhavy Rd Ste 161,Valparaiso,IN,"[{'@type': 'OpeningHoursSpecification', 'dayOfWeek': ['Monday', 'Tuesday', 'Wednesday', 'Thursday', 'Friday', 'Saturday', 'Sunday'], 'opens': '12:0', 'closes': '21:30'}]","{'@type': 'PostalAddress', 'addressLocality': 'Valparaiso', 'addressRegion': 'IN', 'postalCode': '46383', 'addressCountry': 'US', 'streetAddress': '71 Silhavy Rd Ste 161'}","{'@type': 'GeoCoordinates', 'latitude': 41.4674995, 'longitude': -87.0263501}","{'@type': 'AggregateRating', 'ratingValue': 4.9, 'reviewCount': '68'}"
The Chesterton Brewery,https://www.ubereats.com/nw-indiana/food-delivery/the-chesterton-brewery/oKp5eqDHQfORxDMr61jt1w,chesterton-indiana,"['BBQ', 'American', 'Burgers']",,,$,41.6124233,-87.0668166,+12197286558,46304,1050 Broadway 36,Chesterton,IN,"[{'@type': 'OpeningHoursSpecification', 'dayOfWeek': 'Sunday', 'opens': '11:0', 'closes': '20:0'}, {'@type': 'OpeningHoursSpecification', 'dayOfWeek': ['Monday', 'Tuesday', 'Wednesday', 'Thursday', 'Friday'], 'opens': '15:0', 'closes': '20:0'}, {'@type': 'OpeningHoursSpecification', 'dayOfWeek': 'Saturday', 'opens': '11:0', 'closes': '20:0'}]","{'@type': 'PostalAddress', 'addressLocality': 'Chesterton', 'addressRegion': 'IN', 'postalCode': '46304', 'addressCountry': 'US', 'streetAddress': '1050 Broadway 36'}","{'@type': 'GeoCoordinates', 'latitude': 41.6124233, 'longitude': -87.0668166}",{}
Nueva Vista Mexican Cuisine,https://www.ubereats.com/nw-indiana/food-delivery/nueva-vista-mexican-cuisine/RzYjhKmnQOuwk-Q9hXyRHQ,chesterton-indiana,['Mexican'],,,$,41.575432,-87.171464,+12197621900,46368,6291 Central Ave,Portage,Indiana,"[{'@type': 'OpeningHoursSpecification', 'dayOfWeek': 'Sunday', 'opens': '11:0', 'closes': '22:0'}, {'@type': 'OpeningHoursSpecification', 'dayOfWeek': 'Sunday', 'opens': '11:0', 'closes': '22:0'}, {'@type': 'OpeningHoursSpecification', 'dayOfWeek': ['Tuesday', 'Wednesday', 'Thursday', 'Friday', 'Saturday'], 'opens': '11:0', 'closes': '22:0'}, {'@type': 'OpeningHoursSpecification', 'dayOfWeek': ['Tuesday', 'Wednesday', 'Thursday', 'Friday', 'Saturday'], 'opens': '11:0', 'closes': '22:0'}]","{'@type': 'PostalAddress', 'addressLocality': 'Portage', 'addressRegion': 'Indiana', 'postalCode': '46368', 'addressCountry': 'US', 'streetAddress': '6291 Central Ave'}","{'@type': 'GeoCoordinates', 'latitude': 41.575432, 'longitude': -87.171464}",{}
Papa John's (123 Lincoln Way),https://www.ubereats.com/nw-indiana/food-delivery/papa-johns-123-lincoln-way/_q5mruhIRw6Aa10sYv7W3w,chesterton-indiana,"['Pizza', 'Wings', 'Desserts']",4.8,26,$,41.4680911,-87.0586505,+12195310025,46383,123 Lincoln Way,Valparaiso,IN,"[{'@type': 'OpeningHoursSpecification', 'dayOfWeek': ['Monday', 'Tuesday', 'Wednesday', 'Thursday', 'Friday', 'Saturday', 'Sunday'], 'opens': '10:0', 'closes': '21:40'}]","{'@type': 'PostalAddress', 'addressLocality': 'Valparaiso', 'addressRegion': 'IN', 'postalCode': '46383', 'addressCountry': 'US', 'streetAddress': '123 Lincoln Way'}","{'@type': 'GeoCoordinates', 'latitude': 41.4680911, 'longitude': -87.0586505}","{'@type': 'AggregateRating', 'ratingValue': 4.8, 'reviewCount': '26'}"
Hardee's (5223 Franklin Street),https://www.ubereats.com/nw-indiana/food-delivery/hardees-5223-franklin-street/nOVQhvWJStO-Ep4GEwehSg,chesterton-indiana,"['American', 'burger', 'Fast Food', 'Fast Food']",4.7,11,$,41.67188619999999,-86.89460319999999,+12198798025,46360,5223 Franklin Street,Michigan City,IN,"[{'@type': 'OpeningHoursSpecification', 'dayOfWeek': 'Sunday', 'opens': '11:0', 'closes': '21:0'}, {'@type': 'OpeningHoursSpecification', 'dayOfWeek': 'Sunday', 'opens': '6:0', 'closes': '22:0'}, {'@type': 'OpeningHoursSpecification', 'dayOfWeek': ['Monday', 'Tuesday', 'Wednesday', 'Thursday', 'Friday'], 'opens': '10:30', 'closes': '21:0'}, {'@type': 'OpeningHoursSpecification', 'dayOfWeek': ['Monday', 'Tuesday', 'Wednesday', 'Thursday', 'Friday'], 'opens': '5:0', 'closes': '23:0'}, {'@type': 'OpeningHoursSpecification', 'dayOfWeek': 'Saturday', 'opens': '11:0', 'closes': '21:0'}, {'@type': 'OpeningHoursSpecification', 'dayOfWeek': 'Saturday', 'opens': '5:0', 'closes': '23:0'}]","{'@type': 'PostalAddress', 'addressLocality': 'Michigan City', 'addressRegion': 'IN', 'postalCode': '46360', 'addressCountry': 'US', 'streetAddress': '5223 Franklin Street'}","{'@type': 'GeoCoordinates', 'latitude': 41.67188619999999, 'longitude': -86.89460319999999}","{'@type': 'AggregateRating', 'ratingValue': 4.7, 'reviewCount': '11'}"
Fresh Express,https://www.ubereats.com/nw-indiana/food-delivery/fresh-express/s-r42t0OQSeScXxagq_rKw,chesterton-indiana,"['Sandwich', 'Juice and Smoothies']",,,$,41.6013445,-87.12664679999999,+12193318583,46304,311 Melton Rd,Chesterton,Indiana,"[{'@type': 'OpeningHoursSpecification', 'dayOfWeek': ['Monday', 'Tuesday', 'Wednesday', 'Thursday', 'Friday', 'Saturday', 'Sunday'], 'opens': '7:0', 'closes': '19:0'}]","{'@type': 'PostalAddress', 'addressLocality': 'Chesterton', 'addressRegion': 'Indiana', 'postalCode': '46304', 'addressCountry': 'US', 'streetAddress': '311 Melton Rd'}","{'@type': 'GeoCoordinates', 'latitude': 41.6013445, 'longitude': -87.12664679999999}",{}
Sonic (110 Dunes Plaza),https://www.ubereats.com/nw-indiana/food-delivery/sonic-110-dunes-plaza/kH9-XOw-T4SJ9HbXfOOK6w,chesterton-indiana,"['American', 'Burgers', 'Breakfast and Brunch', 'Fast Food']",4.6,27,$$,41.6799688,-86.8971679,+12198781950,46360,110 Dunes Plaza,Michigan City,IN,"[{'@type': 'OpeningHoursSpecification', 'dayOfWeek': ['Sunday', 'Monday', 'Tuesday', 'Wednesday', 'Thursday'], 'opens': '8:0', 'closes': '22:30'}, {'@type': 'OpeningHoursSpecification', 'dayOfWeek': ['Friday', 'Saturday'], 'opens': '8:0', 'closes': '23:59'}]","{'@type': 'PostalAddress', 'addressLocality': 'Michigan City', 'addressRegion': 'IN', 'postalCode': '46360', 'addressCountry': 'US', 'streetAddress': '110 Dunes Plaza'}","{'@type': 'GeoCoordinates', 'latitude': 41.6799688, 'longitude': -86.8971679}","{'@type': 'AggregateRating', 'ratingValue': 4.6, 'reviewCount': '27'}"
SMYLE Yogurt Bar,https://www.ubereats.com/nw-indiana/food-delivery/smyle-yogurt-bar/qEbzD4qTQ2S-XYOgy4G4GQ,chesterton-indiana,"['Ice Cream & Frozen Yogurt', 'Comfort Food', 'Desserts']",,,$,41.467648,-87.02908409999999,+12194629696,46383,2620 Laporte Ave,Valparaiso,IN,"[{'@type': 'OpeningHoursSpecification', 'dayOfWeek': ['Monday', 'Tuesday', 'Wednesday', 'Thursday', 'Friday', 'Saturday', 'Sunday'], 'opens': '12:0', 'closes': '20:30'}]","{'@type': 'PostalAddress', 'addressLocality': 'Valparaiso', 'addressRegion': 'IN', 'postalCode': '46383', 'addressCountry': 'US', 'streetAddress': '2620 Laporte Ave'}","{'@type': 'GeoCoordinates', 'latitude': 41.467648, 'longitude': -87.02908409999999}",{}
Shrimp Fish & Chicken Max,https://www.ubereats.com/nw-indiana/food-delivery/shrimp-fish-%26-chicken-max/doQ4CxNIRp6D4K1IhyO68w,chesterton-indiana,"['Seafood', 'American', 'Southern']",4.3,57,$,41.6800653,-86.89497469999999,+12198881138,46360,104 Highway 20,Michigan City,IL,"[{'@type': 'OpeningHoursSpecification', 'dayOfWeek': 'Sunday', 'opens': '11:0', 'closes': '0:0'}, {'@type': 'OpeningHoursSpecification', 'dayOfWeek': ['Monday', 'Tuesday', 'Wednesday', 'Thursday'], 'opens': '10:0', 'closes': '23:59'}, {'@type': 'OpeningHoursSpecification', 'dayOfWeek': ['Friday', 'Saturday'], 'opens': '10:0', 'closes': '1:0'}]","{'@type': 'PostalAddress', 'addressLocality': 'Michigan City', 'addressRegion': 'IL', 'postalCode': '46360', 'addressCountry': 'US', 'streetAddress': '104 Highway 20'}","{'@type': 'GeoCoordinates', 'latitude': 41.6800653, 'longitude': -86.89497469999999}","{'@type': 'AggregateRating', 'ratingValue': 4.3, 'reviewCount': '57'}"
Papa John's (3229 S. Franklin St.),https://www.ubereats.com/nw-indiana/food-delivery/papa-johns-3229-s-franklin-st/HtFOKZTsQoOFjexer_vptw,chesterton-indiana,"['Pizza', 'Wings', 'Desserts']",4.6,25,$,41.6938822,-86.8946418,+12198727227,46360,3229 S. Franklin St.,Michigan City,IN,"[{'@type': 'OpeningHoursSpecification', 'dayOfWeek': ['Monday', 'Tuesday', 'Wednesday', 'Thursday', 'Friday', 'Saturday', 'Sunday'], 'opens': '10:0', 'closes': '21:40'}]","{'@type': 'PostalAddress', 'addressLocality': 'Michigan City', 'addressRegion': 'IN', 'postalCode': '46360', 'addressCountry': 'US', 'streetAddress': '3229 S. Franklin St.'}","{'@type': 'GeoCoordinates', 'latitude': 41.6938822, 'longitude': -86.8946418}","{'@type': 'AggregateRating', 'ratingValue': 4.6, 'reviewCount': '25'}"
Firehouse Subs (Portage),https://www.ubereats.com/nw-indiana/food-delivery/firehouse-subs-portage/yws-vyVOSWikSfaiE2L3Zw,chesterton-indiana,"['Sandwich', 'Deli']",4.7,75,$,41.551071,-87.161144,+12197633473,46368,6536 Hwy 6,Portage,IN,"[{'@type': 'OpeningHoursSpecification', 'dayOfWeek': ['Monday', 'Tuesday', 'Wednesday', 'Thursday', 'Friday', 'Saturday', 'Sunday'], 'opens': '10:30', 'closes': '19:30'}, {'@type': 'OpeningHoursSpecification', 'dayOfWeek': ['Monday', 'Tuesday', 'Wednesday', 'Thursday', 'Friday', 'Saturday', 'Sunday'], 'opens': '10:30', 'closes': '7:30'}]","{'@type': 'PostalAddress', 'addressLocality': 'Portage', 'addressRegion': 'IN', 'postalCode': '46368', 'addressCountry': 'US', 'streetAddress': '6536 Hwy 6'}","{'@type': 'GeoCoordinates', 'latitude': 41.551071, 'longitude': -87.161144}","{'@type': 'AggregateRating', 'ratingValue': 4.7, 'reviewCount': '75'}"
Chipotle Mexican Grill (2505 Laporte Ave Ste 121),https://www.ubereats.com/nw-indiana/food-delivery/chipotle-mexican-grill-2505-laporte-ave-ste-121/j48w2ThDTO-s-n_B1-REWg,chesterton-indiana,"['Healthy', 'Mexican']",4.6,96,$,41.4690779,-87.0300214,+12194767419,46383,2505 Laporte Ave Ste 121,Valparaiso,IN,"[{'@type': 'OpeningHoursSpecification', 'dayOfWeek': ['Monday', 'Tuesday', 'Wednesday', 'Thursday', 'Friday', 'Saturday', 'Sunday'], 'opens': '10:45', 'closes': '21:40'}]","{'@type': 'PostalAddress', 'addressLocality': 'Valparaiso', 'addressRegion': 'IN', 'postalCode': '46383', 'addressCountry': 'US', 'streetAddress': '2505 Laporte Ave Ste 121'}","{'@type': 'GeoCoordinates', 'latitude': 41.4690779, 'longitude': -87.0300214}","{'@type': 'AggregateRating', 'ratingValue': 4.6, 'reviewCount': '96'}"
KFC (381 Indian Boundary Rd.),https://www.ubereats.com/nw-indiana/food-delivery/kfc-381-indian-boundary-rd/YYe3xD4xRIizFRYHfkgEvQ,chesterton-indiana,"['American', 'Fast Food', 'wings']",4.0,35,$,41.6171689,-87.0459923,+12199269661,46304,381 Indian Boundary Rd.,Chesterton,IN,"[{'@type': 'OpeningHoursSpecification', 'dayOfWeek': ['Sunday', 'Monday', 'Tuesday', 'Wednesday', 'Thursday'], 'opens': '10:30', 'closes': '21:30'}, {'@type': 'OpeningHoursSpecification', 'dayOfWeek': ['Friday', 'Saturday'], 'opens': '10:30', 'closes': '22:30'}]","{'@type': 'PostalAddress', 'addressLocality': 'Chesterton', 'addressRegion': 'IN', 'postalCode': '46304', 'addressCountry': 'US', 'streetAddress': '381 Indian Boundary Rd.'}","{'@type': 'GeoCoordinates', 'latitude': 41.6171689, 'longitude': -87.0459923}","{'@type': 'AggregateRating', 'ratingValue': 4, 'reviewCount': '35'}"
Chipotle Mexican Grill (5218 Franklin St),https://www.ubereats.com/nw-indiana/food-delivery/chipotle-mexican-grill-5218-franklin-st/wif3dMAsQTa91ALShfDvmw,chesterton-indiana,"['Healthy', 'Mexican']",4.5,85,$,41.6734681,-86.8933885,+12198799084,46360,5218 Franklin St,Michigan City,IN,"[{'@type': 'OpeningHoursSpecification', 'dayOfWeek': ['Monday', 'Tuesday', 'Wednesday', 'Thursday', 'Friday', 'Saturday', 'Sunday'], 'opens': '10:30', 'closes': '21:40'}]","{'@type': 'PostalAddress', 'addressLocality': 'Michigan City', 'addressRegion': 'IN', 'postalCode': '46360', 'addressCountry': 'US', 'streetAddress': '5218 Franklin St'}","{'@type': 'GeoCoordinates', 'latitude': 41.6734681, 'longitude': -86.8933885}","{'@type': 'AggregateRating', 'ratingValue': 4.5, 'reviewCount': '85'}"
Martinis in Valpo,https://www.ubereats.com/nw-indiana/food-delivery/martinis-in-valpo/ysOZzFWASY2fs-SykaX0Rg,chesterton-indiana,"['Salads', 'Pasta', 'Sandwich', 'Allergy Friendly']",4.5,39,$,41.477189,-87.055518,+12194640801,46383,1004 Calumet Ave,Valparaiso,IN,"[{'@type': 'OpeningHoursSpecification', 'dayOfWeek': ['Monday', 'Tuesday', 'Wednesday', 'Thursday'], 'opens': '11:0', 'closes': '16:0'}, {'@type': 'OpeningHoursSpecification', 'dayOfWeek': ['Monday', 'Tuesday', 'Wednesday', 'Thursday'], 'opens': '16:0', 'closes': '20:0'}, {'@type': 'OpeningHoursSpecification', 'dayOfWeek': ['Friday', 'Saturday'], 'opens': '11:0', 'closes': '16:0'}, {'@type': 'OpeningHoursSpecification', 'dayOfWeek': ['Friday', 'Saturday'], 'opens': '16:0', 'closes': '20:30'}]","{'@type': 'PostalAddress', 'addressLocality': 'Valparaiso', 'addressRegion': 'IN', 'postalCode': '46383', 'addressCountry': 'US', 'streetAddress': '1004 Calumet Ave'}","{'@type': 'GeoCoordinates', 'latitude': 41.477189, 'longitude': -87.055518}","{'@type': 'AggregateRating', 'ratingValue': 4.5, 'reviewCount': '39'}"
Applebee's (6211 US Highway 6),https://www.ubereats.com/nw-indiana/food-delivery/applebees-6211-us-highway-6/sXsJ1VvGTjiAOBTpfymSZg,chesterton-indiana,"['American', 'Burgers', 'Sandwich']",4.2,89,$$,41.54997,-87.174462,+12197623243,46368,6211 Highway 6,Portage,IN,"[{'@type': 'OpeningHoursSpecification', 'dayOfWeek': ['Sunday', 'Monday', 'Tuesday', 'Wednesday', 'Thursday'], 'opens': '11:0', 'closes': '22:30'}, {'@type': 'OpeningHoursSpecification', 'dayOfWeek': ['Friday', 'Saturday'], 'opens': '11:0', 'closes': '23:29'}]","{'@type': 'PostalAddress', 'addressLocality': 'Portage', 'addressRegion': 'IN', 'postalCode': '46368', 'addressCountry': 'US', 'streetAddress': '6211 Highway 6'}","{'@type': 'GeoCoordinates', 'latitude': 41.54997, 'longitude': -87.174462}","{'@type': 'AggregateRating', 'ratingValue': 4.2, 'reviewCount': '89'}"
"Noodles & Company (71 Silhavy Rd, Ste A-1)",https://www.ubereats.com/nw-indiana/food-delivery/noodles-%26-company-71-silhavy-rd-ste-a-1/wEmOnjKhSPqFrtqsyv_5xw,chesterton-indiana,"['Healthy', 'Pasta', 'American', 'Italian', 'Comfort Food', 'Chinese', 'Noodles']",4.7,123,$,41.4674995,-87.0263501,+12195480921,46383,71 Silhavy Rd Ste A-1,Valparaiso,IN,"[{'@type': 'OpeningHoursSpecification', 'dayOfWeek': ['Monday', 'Tuesday', 'Wednesday', 'Thursday', 'Friday', 'Saturday', 'Sunday'], 'opens': '10:30', 'closes': '21:45'}]","{'@type': 'PostalAddress', 'addressLocality': 'Valparaiso', 'addressRegion': 'IN', 'postalCode': '46383', 'addressCountry': 'US', 'streetAddress': '71 Silhavy Rd Ste A-1'}","{'@type': 'GeoCoordinates', 'latitude': 41.4674995, 'longitude': -87.0263501}","{'@type': 'AggregateRating', 'ratingValue': 4.7, 'reviewCount': '123'}"
219 Taproom,https://www.ubereats.com/nw-indiana/food-delivery/219-taproom/Q2VOUx5sQKi8k0Y-WlRAhQ,chesterton-indiana,"['American', 'Kids Friendly', 'Desserts']",,,$,41.61082870000001,-87.0543921,+12197281381,46304,109 S 3rd St,Chesterton,IN,"[{'@type': 'OpeningHoursSpecification', 'dayOfWeek': 'Sunday', 'opens': '11:0', 'closes': '19:0'}, {'@type': 'OpeningHoursSpecification', 'dayOfWeek': ['Monday', 'Tuesday', 'Wednesday', 'Thursday'], 'opens': '16:0', 'closes': '21:0'}, {'@type': 'OpeningHoursSpecification', 'dayOfWeek': ['Friday', 'Saturday'], 'opens': '11:0', 'closes': '22:0'}]","{'@type': 'PostalAddress', 'addressLocality': 'Chesterton', 'addressRegion': 'IN', 'postalCode': '46304', 'addressCountry': 'US', 'streetAddress': '109 S 3rd St'}","{'@type': 'GeoCoordinates', 'latitude': 41.61082870000001, 'longitude': -87.0543921}",{}
Panda Express (5246 Franklin St),https://www.ubereats.com/nw-indiana/food-delivery/panda-express-5246-franklin-st/-WM7C9BvRCyJmm4I2XZLww,chesterton-indiana,['Chinese'],4.3,74,$,41.6719914,-86.893085,+12198791079,46360,5246 Franklin St,Michigan City,IN,"[{'@type': 'OpeningHoursSpecification', 'dayOfWeek': 'Sunday', 'opens': '10:30', 'closes': '20:30'}, {'@type': 'OpeningHoursSpecification', 'dayOfWeek': ['Monday', 'Tuesday', 'Wednesday', 'Thursday'], 'opens': '10:30', 'closes': '21:0'}, {'@type': 'OpeningHoursSpecification', 'dayOfWeek': ['Friday', 'Saturday'], 'opens': '10:30', 'closes': '21:30'}]","{'@type': 'PostalAddress', 'addressLocality': 'Michigan City', 'addressRegion': 'IN', 'postalCode': '46360', 'addressCountry': 'US', 'streetAddress': '5246 Franklin St'}","{'@type': 'GeoCoordinates', 'latitude': 41.6719914, 'longitude': -86.893085}","{'@type': 'AggregateRating', 'ratingValue': 4.3, 'reviewCount': '74'}"
Five Guys IN-1735 6050 US Highway 6 Portage,https://www.ubereats.com/nw-indiana/food-delivery/five-guys-in-1735-6050-us-highway-6-portage/DWEXZ4maT1ui7HCEuhcb7Q,chesterton-indiana,"['American', 'Burgers']",4.7,121,$,41.5518983,-87.180301,+12197641777,46368,6050 Highway 6,Portage,IN,"[{'@type': 'OpeningHoursSpecification', 'dayOfWeek': ['Monday', 'Tuesday', 'Wednesday', 'Thursday', 'Friday', 'Saturday', 'Sunday'], 'opens': '10:0', 'closes': '21:30'}]","{'@type': 'PostalAddress', 'addressLocality': 'Portage', 'addressRegion': 'IN', 'postalCode': '46368', 'addressCountry': 'US', 'streetAddress': '6050 Highway 6'}","{'@type': 'GeoCoordinates', 'latitude': 41.5518983, 'longitude': -87.180301}","{'@type': 'AggregateRating', 'ratingValue': 4.7, 'reviewCount': '121'}"
Dunkin' (6550 U.S. Highway 6),https://www.ubereats.com/nw-indiana/food-delivery/dunkin-6550-us-highway-6/Z_T1fF1fQf-OJ3kEDP8G8A,chesterton-indiana,"['Breakfast and Brunch', 'Donuts']",3.9,11,$,41.5538294,-87.16013120000001,+12197634400,46368,6550 U.S. Highway 6,Portage,IN,"[{'@type': 'OpeningHoursSpecification', 'dayOfWeek': ['Monday', 'Tuesday', 'Wednesday', 'Thursday', 'Friday', 'Saturday', 'Sunday'], 'opens': '5:0', 'closes': '22:0'}]","{'@type': 'PostalAddress', 'addressLocality': 'Portage', 'addressRegion': 'IN', 'postalCode': '46368', 'addressCountry': 'US', 'streetAddress': '6550 U.S. Highway 6'}","{'@type': 'GeoCoordinates', 'latitude': 41.5538294, 'longitude': -87.16013120000001}","{'@type': 'AggregateRating', 'ratingValue': 3.9, 'reviewCount': '11'}"
Dickey's Barbecue Pit  (6200 U.S. 6),https://www.ubereats.com/nw-indiana/food-delivery/dickeys-barbecue-pit-6200-us-6/OQpd1qh8SQKMOCL4uyjiNA,chesterton-indiana,"['BBQ', 'American', 'Wings', 'Sandwich', 'Family Meals']",4.3,59,$$,41.551184,-87.174524,+12197649892,46368,6200 U.S. 6,Portage,IN,"[{'@type': 'OpeningHoursSpecification', 'dayOfWeek': ['Monday', 'Tuesday', 'Wednesday', 'Thursday', 'Friday', 'Saturday', 'Sunday'], 'opens': '11:0', 'closes': '19:30'}]","{'@type': 'PostalAddress', 'addressLocality': 'Portage', 'addressRegion': 'IN', 'postalCode': '46368', 'addressCountry': 'US', 'streetAddress': '6200 U.S. 6'}","{'@type': 'GeoCoordinates', 'latitude': 41.551184, 'longitude': -87.174524}","{'@type': 'AggregateRating', 'ratingValue': 4.3, 'reviewCount': '59'}"
Papa John's (3200 Central Ave.),https://www.ubereats.com/nw-indiana/food-delivery/papa-johns-3200-central-ave/0wiOMBSwS9GfEnI9-QDhYQ,chesterton-indiana,"['Pizza', 'Wings', 'Desserts']",4.4,45,$,41.574298,-87.24455429999999,+12199637272,46405,3200 Central Ave.,Lake Station,IN,"[{'@type': 'OpeningHoursSpecification', 'dayOfWeek': ['Monday', 'Tuesday', 'Wednesday', 'Thursday', 'Friday', 'Saturday', 'Sunday'], 'opens': '10:0', 'closes': '21:40'}]","{'@type': 'PostalAddress', 'addressLocality': 'Lake Station', 'addressRegion': 'IN', 'postalCode': '46405', 'addressCountry': 'US', 'streetAddress': '3200 Central Ave.'}","{'@type': 'GeoCoordinates', 'latitude': 41.574298, 'longitude': -87.24455429999999}","{'@type': 'AggregateRating', 'ratingValue': 4.4, 'reviewCount': '45'}"
Denny's (6171 Melton Dr),https://www.ubereats.com/nw-indiana/food-delivery/dennys-6171-melton-dr/dBVM0VPgSYS-7-dCAJSILA,chesterton-indiana,"['American', 'Breakfast and Brunch', 'Coffee and Tea', 'Diner', 'Desserts', 'Salads', 'Steak', 'Sandwich']",4.2,35,$$,41.597801,-87.174657,+12197640311,46368,6171 Melton Dr,Portage,IN,"[{'@type': 'OpeningHoursSpecification', 'dayOfWeek': ['Monday', 'Tuesday', 'Wednesday', 'Thursday', 'Friday', 'Saturday', 'Sunday'], 'opens': '0:0', 'closes': '23:59'}]","{'@type': 'PostalAddress', 'addressLocality': 'Portage', 'addressRegion': 'IN', 'postalCode': '46368', 'addressCountry': 'US', 'streetAddress': '6171 Melton Dr'}","{'@type': 'GeoCoordinates', 'latitude': 41.597801, 'longitude': -87.174657}","{'@type': 'AggregateRating', 'ratingValue': 4.2, 'reviewCount': '35'}"
Burger King (2595 Willow Creek Road),https://www.ubereats.com/nw-indiana/food-delivery/burger-king-2595-willow-creek-road/bFvXM6QMSKO_LSCYNX3cJA,chesterton-indiana,"['American', 'burger', 'Fast Food']",4.4,44,$,41.5764027,-87.18244340000001,+12197626090,46368,2595 Willow Creek Road,Portage,IN,"[{'@type': 'OpeningHoursSpecification', 'dayOfWeek': 'Sunday', 'opens': '6:0', 'closes': '23:30'}, {'@type': 'OpeningHoursSpecification', 'dayOfWeek': 'Sunday', 'opens': '7:0', 'closes': '10:30'}, {'@type': 'OpeningHoursSpecification', 'dayOfWeek': ['Monday', 'Tuesday', 'Wednesday', 'Thursday', 'Friday'], 'opens': '5:0', 'closes': '0:30'}, {'@type': 'OpeningHoursSpecification', 'dayOfWeek': ['Monday', 'Tuesday', 'Wednesday', 'Thursday', 'Friday'], 'opens': '6:0', 'closes': '10:0'}, {'@type': 'OpeningHoursSpecification', 'dayOfWeek': 'Saturday', 'opens': '5:30', 'closes': '23:30'}, {'@type': 'OpeningHoursSpecification', 'dayOfWeek': 'Saturday', 'opens': '7:0', 'closes': '10:30'}]","{'@type': 'PostalAddress', 'addressLocality': 'Portage', 'addressRegion': 'IN', 'postalCode': '46368', 'addressCountry': 'US', 'streetAddress': '2595 Willow Creek Road'}","{'@type': 'GeoCoordinates', 'latitude': 41.5764027, 'longitude': -87.18244340000001}","{'@type': 'AggregateRating', 'ratingValue': 4.4, 'reviewCount': '44'}"
Hooters (Portage),https://www.ubereats.com/nw-indiana/food-delivery/hooters-portage/3HHm5g-0T96WYmS1wnk7tw,chesterton-indiana,"['American', 'Bar Food', 'Wings']",4.1,180,$$,41.603602,-87.170429,+12197062600,46368,1665 Olmstead Dr,Portage,Indiana,"[{'@type': 'OpeningHoursSpecification', 'dayOfWeek': ['Sunday', 'Monday', 'Tuesday', 'Wednesday', 'Thursday'], 'opens': '11:0', 'closes': '22:30'}, {'@type': 'OpeningHoursSpecification', 'dayOfWeek': ['Friday', 'Saturday'], 'opens': '11:0', 'closes': '23:30'}]","{'@type': 'PostalAddress', 'addressLocality': 'Portage', 'addressRegion': 'Indiana', 'postalCode': '46368', 'addressCountry': 'US', 'streetAddress': '1665 Olmstead Dr'}","{'@type': 'GeoCoordinates', 'latitude': 41.603602, 'longitude': -87.170429}","{'@type': 'AggregateRating', 'ratingValue': 4.1, 'reviewCount': '180'}"
Denny's (5800 S Franklin St),https://www.ubereats.com/nw-indiana/food-delivery/dennys-5800-s-franklin-st/Tcnq1PeVSMOuxw5Xi8SWUg,chesterton-indiana,"['American', 'Breakfast and Brunch', 'Coffee and Tea', 'Dinner', 'Desserts', 'Salads', 'Steak', 'Sandwich']",3.9,31,$$,41.66799959999999,-86.8932906,+12198791860,46360,5800 S Franklin St,Michigan City,IN,"[{'@type': 'OpeningHoursSpecification', 'dayOfWeek': ['Monday', 'Tuesday', 'Wednesday', 'Thursday', 'Friday', 'Saturday', 'Sunday'], 'opens': '6:0', 'closes': '23:0'}]","{'@type': 'PostalAddress', 'addressLocality': 'Michigan City', 'addressRegion': 'IN', 'postalCode': '46360', 'addressCountry': 'US', 'streetAddress': '5800 S Franklin St'}","{'@type': 'GeoCoordinates', 'latitude': 41.66799959999999, 'longitude': -86.8932906}","{'@type': 'AggregateRating', 'ratingValue': 3.9, 'reviewCount': '31'}"
Chipotle Mexican Grill (6040 Us Highway 6),https://www.ubereats.com/nw-indiana/food-delivery/chipotle-mexican-grill-6040-us-highway-6/F5Y3gfoZQwml6oVDqRI2-w,chesterton-indiana,"['Healthy', 'Mexican']",4.3,200,$,41.5511782,-87.1808083,+12197639102,46368,6040 Highway 6,Portage,IN,"[{'@type': 'OpeningHoursSpecification', 'dayOfWeek': ['Monday', 'Tuesday', 'Wednesday', 'Thursday', 'Friday', 'Saturday', 'Sunday'], 'opens': '10:45', 'closes': '21:40'}]","{'@type': 'PostalAddress', 'addressLocality': 'Portage', 'addressRegion': 'IN', 'postalCode': '46368', 'addressCountry': 'US', 'streetAddress': '6040 Highway 6'}","{'@type': 'GeoCoordinates', 'latitude': 41.5511782, 'longitude': -87.1808083}","{'@type': 'AggregateRating', 'ratingValue': 4.3, 'reviewCount': '200'}"
Red Cup Cafe & Deli,https://www.ubereats.com/nw-indiana/food-delivery/red-cup-cafe-%26-deli/DKaw5dydRYimFdDbJhh3-w,chesterton-indiana,"['Sandwiches', 'American', 'Healthy']",,,$,41.6105488,-87.0530272,+12199291804,46304,115 Broadway,Chesterton,IN,"[{'@type': 'OpeningHoursSpecification', 'dayOfWeek': ['Monday', 'Tuesday', 'Wednesday', 'Thursday', 'Friday', 'Saturday'], 'opens': '7:0', 'closes': '16:0'}]","{'@type': 'PostalAddress', 'addressLocality': 'Chesterton', 'addressRegion': 'IN', 'postalCode': '46304', 'addressCountry': 'US', 'streetAddress': '115 Broadway'}","{'@type': 'GeoCoordinates', 'latitude': 41.6105488, 'longitude': -87.0530272}",{}
Bob Evans 247 (2201 Morthland Drive),https://www.ubereats.com/nw-indiana/food-delivery/bob-evans-247-2201-morthland-drive/p7c__dVnR5ShqtPhDfm-Tg,chesterton-indiana,"['American', 'Breakfast and Brunch', 'Cafe', 'Omelette', 'Traditional American']",4.6,87,$$,41.4601624,-87.034122,+12194649201,46383,2201 Morthland Drive,Valparaiso,IN,"[{'@type': 'OpeningHoursSpecification', 'dayOfWeek': ['Monday', 'Tuesday', 'Wednesday', 'Thursday', 'Friday', 'Saturday', 'Sunday'], 'opens': '7:0', 'closes': '19:30'}]","{'@type': 'PostalAddress', 'addressLocality': 'Valparaiso', 'addressRegion': 'IN', 'postalCode': '46383', 'addressCountry': 'US', 'streetAddress': '2201 Morthland Drive'}","{'@type': 'GeoCoordinates', 'latitude': 41.4601624, 'longitude': -87.034122}","{'@type': 'AggregateRating', 'ratingValue': 4.6, 'reviewCount': '87'}"
Five Guys IN-1752 5226 Franklin St,https://www.ubereats.com/nw-indiana/food-delivery/five-guys-in-1752-5226-franklin-st/bGj_AK6jRne7PGk62gzEHw,chesterton-indiana,"['American', 'Burgers', 'Sandwich']",4.8,45,$,41.6731958,-86.8933885,+12198785800,46360,5226 Franklin St,Michigan City,IN,"[{'@type': 'OpeningHoursSpecification', 'dayOfWeek': ['Monday', 'Tuesday', 'Wednesday', 'Thursday', 'Friday', 'Saturday', 'Sunday'], 'opens': '10:0', 'closes': '20:30'}]","{'@type': 'PostalAddress', 'addressLocality': 'Michigan City', 'addressRegion': 'IN', 'postalCode': '46360', 'addressCountry': 'US', 'streetAddress': '5226 Franklin St'}","{'@type': 'GeoCoordinates', 'latitude': 41.6731958, 'longitude': -86.8933885}","{'@type': 'AggregateRating', 'ratingValue': 4.8, 'reviewCount': '45'}"
Applebee's (670 Morthland),https://www.ubereats.com/nw-indiana/food-delivery/applebees-670-morthland/XACZN7IQRy-IJu4uae8_pQ,chesterton-indiana,"['American', 'Burgers', 'Sandwich']",4.6,71,$$,41.460547,-87.06906,+12194773868,46385,670 Morthland,Valparaiso,IN,"[{'@type': 'OpeningHoursSpecification', 'dayOfWeek': ['Sunday', 'Monday', 'Tuesday', 'Wednesday', 'Thursday'], 'opens': '11:0', 'closes': '21:30'}, {'@type': 'OpeningHoursSpecification', 'dayOfWeek': ['Friday', 'Saturday'], 'opens': '11:0', 'closes': '22:30'}]","{'@type': 'PostalAddress', 'addressLocality': 'Valparaiso', 'addressRegion': 'IN', 'postalCode': '46385', 'addressCountry': 'US', 'streetAddress': '670 Morthland'}","{'@type': 'GeoCoordinates', 'latitude': 41.460547, 'longitude': -87.06906}","{'@type': 'AggregateRating', 'ratingValue': 4.6, 'reviewCount': '71'}"
Broaster Chicken,https://www.ubereats.com/nw-indiana/food-delivery/broaster-chicken/0j8vgHVjT3-zml3GjtJaCw,chesterton-indiana,"['Chicken', 'American']",,,$,41.55031279999999,-87.1417963,+17736798130,46385,393 W Hwy 6,NW Indiana,IN,"[{'@type': 'OpeningHoursSpecification', 'dayOfWeek': ['Monday', 'Tuesday', 'Wednesday', 'Thursday', 'Friday', 'Saturday', 'Sunday'], 'opens': '9:0', 'closes': '21:0'}, {'@type': 'OpeningHoursSpecification', 'dayOfWeek': ['Monday', 'Tuesday', 'Wednesday', 'Thursday', 'Friday', 'Saturday', 'Sunday'], 'opens': '9:0', 'closes': '21:0'}]","{'@type': 'PostalAddress', 'addressLocality': 'NW Indiana', 'addressRegion': 'IN', 'postalCode': '46385', 'addressCountry': 'US', 'streetAddress': '393 W Hwy 6'}","{'@type': 'GeoCoordinates', 'latitude': 41.55031279999999, 'longitude': -87.1417963}",{}
Subway (705 Plaza Dr),https://www.ubereats.com/nw-indiana/food-delivery/subway-705-plaza-dr/qiLNA8SkTQaai4O8pdSONA,chesterton-indiana,"['Fast Food', 'Sandwich', 'American']",4.5,11,$,41.6174736,-87.0453751,+12199268908,46304,705 Plaza Dr,Chesterton,IN,"[{'@type': 'OpeningHoursSpecification', 'dayOfWeek': ['Sunday', 'Monday', 'Tuesday', 'Wednesday', 'Thursday', 'Friday'], 'opens': '10:0', 'closes': '19:30'}, {'@type': 'OpeningHoursSpecification', 'dayOfWeek': 'Saturday', 'opens': '11:0', 'closes': '16:30'}]","{'@type': 'PostalAddress', 'addressLocality': 'Chesterton', 'addressRegion': 'IN', 'postalCode': '46304', 'addressCountry': 'US', 'streetAddress': '705 Plaza Dr'}","{'@type': 'GeoCoordinates', 'latitude': 41.6174736, 'longitude': -87.0453751}","{'@type': 'AggregateRating', 'ratingValue': 4.5, 'reviewCount': '11'}"
Wendy's  (2675 Willowcreek),https://www.ubereats.com/nw-indiana/food-delivery/wendys-2675-willowcreek/XEcPYKbATS2EjfFJq4zkOw,chesterton-indiana,"['American', 'Burgers', 'Fast Food']",4.4,40,$,41.5744396,-87.18265749999999,+12197633096,46368,2675 Willowcreek,Portage,IN,"[{'@type': 'OpeningHoursSpecification', 'dayOfWeek': ['Monday', 'Tuesday', 'Wednesday', 'Thursday', 'Friday', 'Saturday', 'Sunday'], 'opens': '10:30', 'closes': '23:30'}, {'@type': 'OpeningHoursSpecification', 'dayOfWeek': ['Monday', 'Tuesday', 'Wednesday', 'Thursday', 'Friday', 'Saturday', 'Sunday'], 'opens': '6:30', 'closes': '10:0'}]","{'@type': 'PostalAddress', 'addressLocality': 'Portage', 'addressRegion': 'IN', 'postalCode': '46368', 'addressCountry': 'US', 'streetAddress': '2675 Willowcreek'}","{'@type': 'GeoCoordinates', 'latitude': 41.5744396, 'longitude': -87.18265749999999}","{'@type': 'AggregateRating', 'ratingValue': 4.4, 'reviewCount': '40'}"
Buffalo Wild Wings (212 Lincolnway),https://www.ubereats.com/nw-indiana/food-delivery/buffalo-wild-wings-212-lincolnway/VIrY5_YjQnC9wiMYPcfpcA,chesterton-indiana,"['Wings', 'Burgers', 'Sandwich']",4.4,109,$,41.4675739,-87.057666,+12195489464,46383,212 Lincolnway,Valparaiso,IN,"[{'@type': 'OpeningHoursSpecification', 'dayOfWeek': ['Monday', 'Tuesday', 'Wednesday', 'Thursday', 'Friday', 'Saturday', 'Sunday'], 'opens': '11:0', 'closes': '22:0'}]","{'@type': 'PostalAddress', 'addressLocality': 'Valparaiso', 'addressRegion': 'IN', 'postalCode': '46383', 'addressCountry': 'US', 'streetAddress': '212 Lincolnway'}","{'@type': 'GeoCoordinates', 'latitude': 41.4675739, 'longitude': -87.057666}","{'@type': 'AggregateRating', 'ratingValue': 4.4, 'reviewCount': '109'}"
Wendy's  (748 Indian Boundry Pike),https://www.ubereats.com/nw-indiana/food-delivery/wendys-748-indian-boundry-pike/FAsN8YxrQryC05fmBnxKuw,chesterton-indiana,"['American', 'Burgers', 'Fast Food']",4.3,22,$,41.6165481,-87.0404251,+12192501454,46304,748 Indian Boundry Pike,Chesterton,IN,"[{'@type': 'OpeningHoursSpecification', 'dayOfWeek': ['Monday', 'Tuesday', 'Wednesday', 'Thursday', 'Friday', 'Saturday', 'Sunday'], 'opens': '10:30', 'closes': '23:30'}, {'@type': 'OpeningHoursSpecification', 'dayOfWeek': ['Monday', 'Tuesday', 'Wednesday', 'Thursday', 'Friday', 'Saturday', 'Sunday'], 'opens': '6:30', 'closes': '10:0'}]","{'@type': 'PostalAddress', 'addressLocality': 'Chesterton', 'addressRegion': 'IN', 'postalCode': '46304', 'addressCountry': 'US', 'streetAddress': '748 Indian Boundry Pike'}","{'@type': 'GeoCoordinates', 'latitude': 41.6165481, 'longitude': -87.0404251}","{'@type': 'AggregateRating', 'ratingValue': 4.3, 'reviewCount': '22'}"
Dunkin' (3310 Calumet Ave),https://www.ubereats.com/nw-indiana/food-delivery/dunkin-3310-calumet-ave/k8U9mge4S_u00rafbEHLPA,chesterton-indiana,"['Breakfast and Brunch', 'Donuts']",4.2,19,$,41.498782,-87.0420098,+12194650440,46383,3310 Calumet Ave,Valparaiso,IN,"[{'@type': 'OpeningHoursSpecification', 'dayOfWeek': ['Sunday', 'Monday', 'Tuesday', 'Wednesday', 'Thursday'], 'opens': '5:30', 'closes': '19:30'}, {'@type': 'OpeningHoursSpecification', 'dayOfWeek': ['Friday', 'Saturday'], 'opens': '5:30', 'closes': '20:30'}]","{'@type': 'PostalAddress', 'addressLocality': 'Valparaiso', 'addressRegion': 'IN', 'postalCode': '46383', 'addressCountry': 'US', 'streetAddress': '3310 Calumet Ave'}","{'@type': 'GeoCoordinates', 'latitude': 41.498782, 'longitude': -87.0420098}","{'@type': 'AggregateRating', 'ratingValue': 4.2, 'reviewCount': '19'}"
Cinco de Mayo,https://www.ubereats.com/nw-indiana/food-delivery/cinco-de-mayo/HYrSGMaySECr1uae7P_OLw,chesterton-indiana,['Mexican'],4.4,74,$,41.553857,-87.182802,+12197633833,46368,3380 Willowcreek Rd,Portage,Indiana,"[{'@type': 'OpeningHoursSpecification', 'dayOfWeek': ['Sunday', 'Monday'], 'opens': '10:0', 'closes': '22:0'}, {'@type': 'OpeningHoursSpecification', 'dayOfWeek': ['Sunday', 'Monday'], 'opens': '10:0', 'closes': '22:0'}, {'@type': 'OpeningHoursSpecification', 'dayOfWeek': ['Sunday', 'Monday'], 'opens': '10:0', 'closes': '22:0'}, {'@type': 'OpeningHoursSpecification', 'dayOfWeek': ['Tuesday', 'Wednesday', 'Thursday', 'Friday', 'Saturday'], 'opens': '10:0', 'closes': '22:0'}, {'@type': 'OpeningHoursSpecification', 'dayOfWeek': ['Tuesday', 'Wednesday', 'Thursday', 'Friday', 'Saturday'], 'opens': '10:0', 'closes': '22:0'}]","{'@type': 'PostalAddress', 'addressLocality': 'Portage', 'addressRegion': 'Indiana', 'postalCode': '46368', 'addressCountry': 'US', 'streetAddress': '3380 Willowcreek Rd'}","{'@type': 'GeoCoordinates', 'latitude': 41.553857, 'longitude': -87.182802}","{'@type': 'AggregateRating', 'ratingValue': 4.4, 'reviewCount': '74'}"
Wagner's Ribs,https://www.ubereats.com/nw-indiana/food-delivery/wagners-ribs/eLu5DU97SJOPo8Wc-i9EEA,chesterton-indiana,"['BBQ', 'Burgers', 'Sandwich']",4.5,193,$,41.618321,-87.076689,+12199267614,46304,361 Wagner Rd,Porter,Indiana,"[{'@type': 'OpeningHoursSpecification', 'dayOfWeek': 'Sunday', 'opens': '12:0', 'closes': '20:0'}, {'@type': 'OpeningHoursSpecification', 'dayOfWeek': ['Monday', 'Tuesday', 'Wednesday', 'Thursday'], 'opens': '10:0', 'closes': '20:0'}, {'@type': 'OpeningHoursSpecification', 'dayOfWeek': 'Friday', 'opens': '10:0', 'closes': '21:0'}, {'@type': 'OpeningHoursSpecification', 'dayOfWeek': 'Saturday', 'opens': '11:0', 'closes': '21:0'}]","{'@type': 'PostalAddress', 'addressLocality': 'Porter', 'addressRegion': 'Indiana', 'postalCode': '46304', 'addressCountry': 'US', 'streetAddress': '361 Wagner Rd'}","{'@type': 'GeoCoordinates', 'latitude': 41.618321, 'longitude': -87.076689}","{'@type': 'AggregateRating', 'ratingValue': 4.5, 'reviewCount': '193'}"
Quaker Steak & Lube (6245 Ameriplex Dr),https://www.ubereats.com/nw-indiana/food-delivery/quaker-steak-%26-lube-6245-ameriplex-dr/SHq1vM4rQbSEsqghABwkHw,chesterton-indiana,"['Wings', 'Burgers', 'Sandwich', 'Salads']",3.8,13,$,41.60640799999999,-87.17316749999999,+12197066200,46368,6245 Ameriplex Dr,Portage,IN,"[{'@type': 'OpeningHoursSpecification', 'dayOfWeek': ['Monday', 'Tuesday', 'Wednesday', 'Thursday', 'Friday', 'Saturday', 'Sunday'], 'opens': '11:0', 'closes': '19:30'}]","{'@type': 'PostalAddress', 'addressLocality': 'Portage', 'addressRegion': 'IN', 'postalCode': '46368', 'addressCountry': 'US', 'streetAddress': '6245 Ameriplex Dr'}","{'@type': 'GeoCoordinates', 'latitude': 41.60640799999999, 'longitude': -87.17316749999999}","{'@type': 'AggregateRating', 'ratingValue': 3.8, 'reviewCount': '13'}"
Cici's Pizza,https://www.ubereats.com/nw-indiana/food-delivery/cicis-pizza/-r_BgES9S3yFCScAz2zZtA,chesterton-indiana,"['Pizza', 'American', 'Italian']",,,$,41.5773764,-87.1820192,+12197648045,46368,6028 Central Ave,Portage,IN,"[{'@type': 'OpeningHoursSpecification', 'dayOfWeek': ['Monday', 'Tuesday', 'Wednesday', 'Thursday', 'Friday', 'Saturday', 'Sunday'], 'opens': '12:0', 'closes': '20:0'}]","{'@type': 'PostalAddress', 'addressLocality': 'Portage', 'addressRegion': 'IN', 'postalCode': '46368', 'addressCountry': 'US', 'streetAddress': '6028 Central Ave'}","{'@type': 'GeoCoordinates', 'latitude': 41.5773764, 'longitude': -87.1820192}",{}
KFC (2402 N. Calumet St.),https://www.ubereats.com/nw-indiana/food-delivery/kfc-2402-n-calumet-st/0ELd7LTtSxqxliCRz_2oyQ,chesterton-indiana,"['American', 'Fast Food', 'wings']",3.8,12,$,41.4710273,-87.0596396,+12194644512,46383,2402 N. Calumet St.,Valparaiso,IN,"[{'@type': 'OpeningHoursSpecification', 'dayOfWeek': ['Sunday', 'Monday', 'Tuesday', 'Wednesday', 'Thursday'], 'opens': '10:30', 'closes': '21:0'}, {'@type': 'OpeningHoursSpecification', 'dayOfWeek': ['Friday', 'Saturday'], 'opens': '10:30', 'closes': '21:30'}]","{'@type': 'PostalAddress', 'addressLocality': 'Valparaiso', 'addressRegion': 'IN', 'postalCode': '46383', 'addressCountry': 'US', 'streetAddress': '2402 N. Calumet St.'}","{'@type': 'GeoCoordinates', 'latitude': 41.4710273, 'longitude': -87.0596396}","{'@type': 'AggregateRating', 'ratingValue': 3.8, 'reviewCount': '12'}"
Panda Express (6150 US-6),https://www.ubereats.com/nw-indiana/food-delivery/panda-express-6150-us-6/mG2FVd4UTZm985tqNJ6xEw,chesterton-indiana,['Chinese'],4.4,190,$,41.5511039,-87.1761753,+12197626662,46368,6150 US-6,Portage,IN,"[{'@type': 'OpeningHoursSpecification', 'dayOfWeek': 'Sunday', 'opens': '10:30', 'closes': '20:0'}, {'@type': 'OpeningHoursSpecification', 'dayOfWeek': ['Monday', 'Tuesday', 'Wednesday', 'Thursday'], 'opens': '10:30', 'closes': '20:30'}, {'@type': 'OpeningHoursSpecification', 'dayOfWeek': ['Friday', 'Saturday'], 'opens': '10:30', 'closes': '21:0'}]","{'@type': 'PostalAddress', 'addressLocality': 'Portage', 'addressRegion': 'IN', 'postalCode': '46368', 'addressCountry': 'US', 'streetAddress': '6150 US-6'}","{'@type': 'GeoCoordinates', 'latitude': 41.5511039, 'longitude': -87.1761753}","{'@type': 'AggregateRating', 'ratingValue': 4.4, 'reviewCount': '190'}"
JC Bocatas,https://www.ubereats.com/nw-indiana/food-delivery/jc-bocatas/UeVWtSrsRZ6YkXUdmafrSg,chesterton-indiana,"['Mexican', 'Latin American', 'New Mexican']",,,$,41.5503995,-87.1640687,+12198419523,46368,6475 Highway 6,Portage,IN,"[{'@type': 'OpeningHoursSpecification', 'dayOfWeek': 'Monday', 'opens': '11:0', 'closes': '21:0'}, {'@type': 'OpeningHoursSpecification', 'dayOfWeek': 'Tuesday', 'opens': '11:0', 'closes': '21:0'}, {'@type': 'OpeningHoursSpecification', 'dayOfWeek': 'Tuesday', 'opens': '11:0', 'closes': '21:0'}, {'@type': 'OpeningHoursSpecification', 'dayOfWeek': ['Wednesday', 'Thursday', 'Friday', 'Saturday'], 'opens': '11:0', 'closes': '21:0'}]","{'@type': 'PostalAddress', 'addressLocality': 'Portage', 'addressRegion': 'IN', 'postalCode': '46368', 'addressCountry': 'US', 'streetAddress': '6475 Highway 6'}","{'@type': 'GeoCoordinates', 'latitude': 41.5503995, 'longitude': -87.1640687}",{}
White Castle (525 Indian Boundary Rd.),https://www.ubereats.com/nw-indiana/food-delivery/white-castle-525-indian-boundary-rd/DGQp__E1QPmhcxrF1bFTVA,chesterton-indiana,"['American', 'burger', 'Fast Food']",4.2,26,$,41.617326,-87.043995,+12193959818,,,,,"[{'@type': 'OpeningHoursSpecification', 'dayOfWeek': ['Monday', 'Tuesday', 'Wednesday', 'Thursday', 'Friday', 'Saturday', 'Sunday'], 'opens': '0:0', 'closes': '23:59'}]",,"{'@type': 'GeoCoordinates', 'latitude': 41.617326, 'longitude': -87.043995}","{'@type': 'AggregateRating', 'ratingValue': 4.2, 'reviewCount': '26'}"
Panda Express (2904 John Howell Drive),https://www.ubereats.com/nw-indiana/food-delivery/panda-express-2904-john-howell-drive/3xe13WKUSqGWtFfdw5DXnA,chesterton-indiana,['Chinese'],4.6,147,$,41.4700025,-87.02574469999999,+12194767773,46385,2904 John Howell Drive,Valparaiso,IN,"[{'@type': 'OpeningHoursSpecification', 'dayOfWeek': 'Sunday', 'opens': '10:30', 'closes': '20:30'}, {'@type': 'OpeningHoursSpecification', 'dayOfWeek': ['Monday', 'Tuesday', 'Wednesday', 'Thursday'], 'opens': '10:30', 'closes': '21:0'}, {'@type': 'OpeningHoursSpecification', 'dayOfWeek': ['Friday', 'Saturday'], 'opens': '10:30', 'closes': '21:30'}]","{'@type': 'PostalAddress', 'addressLocality': 'Valparaiso', 'addressRegion': 'IN', 'postalCode': '46385', 'addressCountry': 'US', 'streetAddress': '2904 John Howell Drive'}","{'@type': 'GeoCoordinates', 'latitude': 41.4700025, 'longitude': -87.02574469999999}","{'@type': 'AggregateRating', 'ratingValue': 4.6, 'reviewCount': '147'}"
George's Gyros Spot,https://www.ubereats.com/nw-indiana/food-delivery/georges-gyros-spot/gulufxBBS4SyUvSgArtk-Q,chesterton-indiana,"['Sandwich', 'Salads', 'American']",4.4,85,$,41.6145132,-87.0519865,+12199265435,46304,325 N Calumet Rd,CHESTERTON,IN,"[{'@type': 'OpeningHoursSpecification', 'dayOfWeek': 'Sunday', 'opens': '11:0', 'closes': '19:30'}, {'@type': 'OpeningHoursSpecification', 'dayOfWeek': ['Monday', 'Tuesday', 'Wednesday', 'Thursday', 'Friday', 'Saturday'], 'opens': '10:30', 'closes': '20:30'}]","{'@type': 'PostalAddress', 'addressLocality': 'CHESTERTON', 'addressRegion': 'IN', 'postalCode': '46304', 'addressCountry': 'US', 'streetAddress': '325 N Calumet Rd'}","{'@type': 'GeoCoordinates', 'latitude': 41.6145132, 'longitude': -87.0519865}","{'@type': 'AggregateRating', 'ratingValue': 4.4, 'reviewCount': '85'}"
El Salto Mexican Restaurant (Valparaiso),https://www.ubereats.com/nw-indiana/food-delivery/el-salto-mexican-restaurant-valparaiso/ra2l3m7mSkiIib1whbLSWA,chesterton-indiana,['Mexican'],4.4,62,$,41.500425,-87.040126,+12194620100,46383,3530 Calumet Ave,Valparaiso,Indiana,"[{'@type': 'OpeningHoursSpecification', 'dayOfWeek': 'Sunday', 'opens': '12:0', 'closes': '20:0'}, {'@type': 'OpeningHoursSpecification', 'dayOfWeek': ['Tuesday', 'Wednesday'], 'opens': '12:0', 'closes': '20:0'}, {'@type': 'OpeningHoursSpecification', 'dayOfWeek': ['Thursday', 'Friday'], 'opens': '12:0', 'closes': '20:0'}, {'@type': 'OpeningHoursSpecification', 'dayOfWeek': ['Thursday', 'Friday'], 'opens': '11:0', 'closes': '14:0'}, {'@type': 'OpeningHoursSpecification', 'dayOfWeek': 'Saturday', 'opens': '12:0', 'closes': '20:0'}]","{'@type': 'PostalAddress', 'addressLocality': 'Valparaiso', 'addressRegion': 'Indiana', 'postalCode': '46383', 'addressCountry': 'US', 'streetAddress': '3530 Calumet Ave'}","{'@type': 'GeoCoordinates', 'latitude': 41.500425, 'longitude': -87.040126}","{'@type': 'AggregateRating', 'ratingValue': 4.4, 'reviewCount': '62'}"
Hunter's Brewing,https://www.ubereats.com/nw-indiana/food-delivery/hunters-brewing/7MykOfozTIiTP8K1zH-udQ,chesterton-indiana,"['Vegetarian', 'Vegan']",,,$,41.597244,-87.046342,+12197286729,46304,1535 S Calumet Rd,Chesterton,Indiana,"[{'@type': 'OpeningHoursSpecification', 'dayOfWeek': 'Sunday', 'opens': '11:0', 'closes': '17:0'}, {'@type': 'OpeningHoursSpecification', 'dayOfWeek': ['Monday', 'Tuesday'], 'opens': '16:0', 'closes': '19:0'}, {'@type': 'OpeningHoursSpecification', 'dayOfWeek': ['Wednesday', 'Thursday'], 'opens': '16:0', 'closes': '20:0'}, {'@type': 'OpeningHoursSpecification', 'dayOfWeek': ['Friday', 'Saturday'], 'opens': '12:0', 'closes': '21:0'}]","{'@type': 'PostalAddress', 'addressLocality': 'Chesterton', 'addressRegion': 'Indiana', 'postalCode': '46304', 'addressCountry': 'US', 'streetAddress': '1535 S Calumet Rd'}","{'@type': 'GeoCoordinates', 'latitude': 41.597244, 'longitude': -87.046342}",{}
Hootie's Burger Bar (1665 Olmstead Drive),https://www.ubereats.com/nw-indiana/food-delivery/hooties-burger-bar-1665-olmstead-drive/iqHGlz82QRKCfx50t5WEew,chesterton-indiana,"['American', 'Bar Food', 'burger']",3.7,31,$$,41.6036021,-87.1704292,+12197062600,46368,1665 Olmstead Drive,Portage,IN,"[{'@type': 'OpeningHoursSpecification', 'dayOfWeek': ['Sunday', 'Monday', 'Tuesday', 'Wednesday', 'Thursday'], 'opens': '11:0', 'closes': '22:30'}, {'@type': 'OpeningHoursSpecification', 'dayOfWeek': ['Friday', 'Saturday'], 'opens': '11:0', 'closes': '23:30'}]","{'@type': 'PostalAddress', 'addressLocality': 'Portage', 'addressRegion': 'IN', 'postalCode': '46368', 'addressCountry': 'US', 'streetAddress': '1665 Olmstead Drive'}","{'@type': 'GeoCoordinates', 'latitude': 41.6036021, 'longitude': -87.1704292}","{'@type': 'AggregateRating', 'ratingValue': 3.7, 'reviewCount': '31'}"
KFC (6140 Central Avenue),https://www.ubereats.com/nw-indiana/food-delivery/kfc-6140-central-avenue/FvQD4GoyRwq0W9tj4bmqmw,chesterton-indiana,"['American', 'Fast Food', 'wings']",3.8,12,$,41.5762618,-87.1774796,+12197627177,46368,6140 Central Avenue,Portage,IN,"[{'@type': 'OpeningHoursSpecification', 'dayOfWeek': ['Sunday', 'Monday', 'Tuesday', 'Wednesday', 'Thursday'], 'opens': '10:30', 'closes': '21:30'}, {'@type': 'OpeningHoursSpecification', 'dayOfWeek': ['Friday', 'Saturday'], 'opens': '10:30', 'closes': '22:30'}]","{'@type': 'PostalAddress', 'addressLocality': 'Portage', 'addressRegion': 'IN', 'postalCode': '46368', 'addressCountry': 'US', 'streetAddress': '6140 Central Avenue'}","{'@type': 'GeoCoordinates', 'latitude': 41.5762618, 'longitude': -87.1774796}","{'@type': 'AggregateRating', 'ratingValue': 3.8, 'reviewCount': '12'}"
Dunkin' (701 Plaza Dr),https://www.ubereats.com/nw-indiana/food-delivery/dunkin-701-plaza-dr/OTblAUkzTO6IzicTEtDmiA,chesterton-indiana,"['Breakfast and Brunch', 'Donuts']",4.5,33,$,41.617059,-87.0455042,+12199262052,46304,701 Plaza Dr,Chesterton,IN,"[{'@type': 'OpeningHoursSpecification', 'dayOfWeek': ['Monday', 'Tuesday', 'Wednesday', 'Thursday', 'Friday', 'Saturday', 'Sunday'], 'opens': '5:30', 'closes': '19:30'}]","{'@type': 'PostalAddress', 'addressLocality': 'Chesterton', 'addressRegion': 'IN', 'postalCode': '46304', 'addressCountry': 'US', 'streetAddress': '701 Plaza Dr'}","{'@type': 'GeoCoordinates', 'latitude': 41.617059, 'longitude': -87.0455042}","{'@type': 'AggregateRating', 'ratingValue': 4.5, 'reviewCount': '33'}"
McDonald's® (364 WEST US HWY 6),https://www.ubereats.com/nw-indiana/food-delivery/mcdonalds-364-west-us-hwy-6/I0CFGqMsR4eVzmTv-7XmgQ,chesterton-indiana,"['American', 'Burgers', 'Fast Food']",4.2,47,$,41.549749,-87.137073,+12197626885,46383-7914,364 WEST HWY 6,VALPARAISO,IN,"[{'@type': 'OpeningHoursSpecification', 'dayOfWeek': ['Sunday', 'Monday', 'Tuesday', 'Wednesday', 'Thursday'], 'opens': '5:0', 'closes': '10:29'}, {'@type': 'OpeningHoursSpecification', 'dayOfWeek': ['Sunday', 'Monday', 'Tuesday', 'Wednesday', 'Thursday'], 'opens': '10:30', 'closes': '15:59'}, {'@type': 'OpeningHoursSpecification', 'dayOfWeek': ['Sunday', 'Monday', 'Tuesday', 'Wednesday', 'Thursday'], 'opens': '16:0', 'closes': '22:15'}, {'@type': 'OpeningHoursSpecification', 'dayOfWeek': ['Friday', 'Saturday'], 'opens': '5:0', 'closes': '10:29'}, {'@type': 'OpeningHoursSpecification', 'dayOfWeek': ['Friday', 'Saturday'], 'opens': '10:30', 'closes': '15:59'}, {'@type': 'OpeningHoursSpecification', 'dayOfWeek': ['Friday', 'Saturday'], 'opens': '16:0', 'closes': '23:15'}]","{'@type': 'PostalAddress', 'addressLocality': 'VALPARAISO', 'addressRegion': 'IN', 'postalCode': '46383-7914', 'addressCountry': 'US', 'streetAddress': '364 WEST HWY 6'}","{'@type': 'GeoCoordinates', 'latitude': 41.549749, 'longitude': -87.137073}","{'@type': 'AggregateRating', 'ratingValue': 4.2, 'reviewCount': '47'}"
Taco Bell (8476 E Ridge Rd),https://www.ubereats.com/nw-indiana/food-delivery/taco-bell-8476-e-ridge-rd/9Y9joCQgTZKZXU084owkig,chesterton-indiana,"['Burritos', 'Fast Food', 'Mexican']",3.7,131,$,41.5510342,-87.2368946,+12199624182,46342,8476 E Ridge Rd,Hobart,IN,"[{'@type': 'OpeningHoursSpecification', 'dayOfWeek': ['Monday', 'Tuesday', 'Wednesday', 'Thursday', 'Friday', 'Saturday', 'Sunday'], 'opens': '14:0', 'closes': '17:0'}, {'@type': 'OpeningHoursSpecification', 'dayOfWeek': ['Monday', 'Tuesday', 'Wednesday', 'Thursday', 'Friday', 'Saturday', 'Sunday'], 'opens': '9:0', 'closes': '0:30'}, {'@type': 'OpeningHoursSpecification', 'dayOfWeek': ['Monday', 'Tuesday', 'Wednesday', 'Thursday', 'Friday', 'Saturday', 'Sunday'], 'opens': '8:0', 'closes': '10:30'}]","{'@type': 'PostalAddress', 'addressLocality': 'Hobart', 'addressRegion': 'IN', 'postalCode': '46342', 'addressCountry': 'US', 'streetAddress': '8476 E Ridge Rd'}","{'@type': 'GeoCoordinates', 'latitude': 41.5510342, 'longitude': -87.2368946}","{'@type': 'AggregateRating', 'ratingValue': 3.7, 'reviewCount': '131'}"
Burger King (535 Indian Boundary Road),https://www.ubereats.com/nw-indiana/food-delivery/burger-king-535-indian-boundary-road/ovZdcZDwSVmAidZz3woAQQ,chesterton-indiana,"['American', 'burger', 'Fast Food']",4.6,13,$,41.6173984,-87.04279070000001,+12199264886,46304,535 Indian Boundary Road,Chesterton,IN,"[{'@type': 'OpeningHoursSpecification', 'dayOfWeek': 'Sunday', 'opens': '6:30', 'closes': '22:0'}, {'@type': 'OpeningHoursSpecification', 'dayOfWeek': 'Sunday', 'opens': '6:0', 'closes': '10:15'}, {'@type': 'OpeningHoursSpecification', 'dayOfWeek': ['Monday', 'Tuesday', 'Wednesday', 'Thursday', 'Friday', 'Saturday'], 'opens': '6:0', 'closes': '22:30'}, {'@type': 'OpeningHoursSpecification', 'dayOfWeek': ['Monday', 'Tuesday', 'Wednesday', 'Thursday', 'Friday', 'Saturday'], 'opens': '6:0', 'closes': '10:15'}]","{'@type': 'PostalAddress', 'addressLocality': 'Chesterton', 'addressRegion': 'IN', 'postalCode': '46304', 'addressCountry': 'US', 'streetAddress': '535 Indian Boundary Road'}","{'@type': 'GeoCoordinates', 'latitude': 41.6173984, 'longitude': -87.04279070000001}","{'@type': 'AggregateRating', 'ratingValue': 4.6, 'reviewCount': '13'}"
McAlister's Deli (300 Porter's Vale Boulevard),https://www.ubereats.com/nw-indiana/food-delivery/mcalisters-deli-300-porters-vale-boulevard/LsUgCA3fR-mF76E-yWKDmg,chesterton-indiana,"['Sandwich', 'Salads']",4.8,114,$,41.47137,-87.01596,+12194764089,46383,"300 Porters Vale Boulevard, Suite 130",Valparaiso,IN,"[{'@type': 'OpeningHoursSpecification', 'dayOfWeek': ['Monday', 'Tuesday', 'Wednesday', 'Thursday', 'Friday', 'Saturday', 'Sunday'], 'opens': '10:30', 'closes': '20:40'}]","{'@type': 'PostalAddress', 'addressLocality': 'Valparaiso', 'addressRegion': 'IN', 'postalCode': '46383', 'addressCountry': 'US', 'streetAddress': '300 Porters Vale Boulevard, Suite 130'}","{'@type': 'GeoCoordinates', 'latitude': 41.47137, 'longitude': -87.01596}","{'@type': 'AggregateRating', 'ratingValue': 4.8, 'reviewCount': '114'}"
Papa John's (709 Plaza Dr.),https://www.ubereats.com/nw-indiana/food-delivery/papa-johns-709-plaza-dr/L4ngGmR6Q8eo9mU0AyqwXA,chesterton-indiana,"['Pizza', 'Wings', 'Desserts']",4.7,15,$,41.6181594,-87.04513329999999,+12193959220,46304,709 Plaza Dr.,Chesterton,IN,"[{'@type': 'OpeningHoursSpecification', 'dayOfWeek': ['Monday', 'Tuesday', 'Wednesday', 'Thursday', 'Friday', 'Saturday', 'Sunday'], 'opens': '10:0', 'closes': '21:40'}]","{'@type': 'PostalAddress', 'addressLocality': 'Chesterton', 'addressRegion': 'IN', 'postalCode': '46304', 'addressCountry': 'US', 'streetAddress': '709 Plaza Dr.'}","{'@type': 'GeoCoordinates', 'latitude': 41.6181594, 'longitude': -87.04513329999999}","{'@type': 'AggregateRating', 'ratingValue': 4.7, 'reviewCount': '15'}"
Fazoli's (2809 Calumet Ave.),https://www.ubereats.com/nw-indiana/food-delivery/fazolis-2809-calumet-ave/1JIFj2kDQ5KxVuerRtPjCA,chesterton-indiana,"['Italian', 'Pizza', 'Pasta']",4.5,60,$,41.49443669999999,-87.04607039999999,+12195310001,46383,2809 Calumet Ave.,Valparaiso,IN,"[{'@type': 'OpeningHoursSpecification', 'dayOfWeek': ['Monday', 'Tuesday', 'Wednesday', 'Thursday', 'Friday', 'Saturday', 'Sunday'], 'opens': '10:30', 'closes': '22:0'}]","{'@type': 'PostalAddress', 'addressLocality': 'Valparaiso', 'addressRegion': 'IN', 'postalCode': '46383', 'addressCountry': 'US', 'streetAddress': '2809 Calumet Ave.'}","{'@type': 'GeoCoordinates', 'latitude': 41.49443669999999, 'longitude': -87.04607039999999}","{'@type': 'AggregateRating', 'ratingValue': 4.5, 'reviewCount': '60'}"
McDonald's® (6120 CENTRAL AVENUE),https://www.ubereats.com/nw-indiana/food-delivery/mcdonalds-6120-central-avenue/FgYcUum2Q2-0n3diIUvD5Q,chesterton-indiana,"['American', 'Burgers', 'Fast Food']",4.6,68,$,41.576383,-87.178472,+12197629453,46368-3602,6120 CENTRAL AVENUE,PORTAGE,IN,"[{'@type': 'OpeningHoursSpecification', 'dayOfWeek': 'Sunday', 'opens': '5:0', 'closes': '10:29'}, {'@type': 'OpeningHoursSpecification', 'dayOfWeek': 'Sunday', 'opens': '10:30', 'closes': '15:59'}, {'@type': 'OpeningHoursSpecification', 'dayOfWeek': 'Sunday', 'opens': '16:0', 'closes': '22:15'}, {'@type': 'OpeningHoursSpecification', 'dayOfWeek': 'Monday', 'opens': '5:0', 'closes': '10:29'}, {'@type': 'OpeningHoursSpecification', 'dayOfWeek': 'Monday', 'opens': '10:30', 'closes': '14:30'}, {'@type': 'OpeningHoursSpecification', 'dayOfWeek': 'Monday', 'opens': '16:0', 'closes': '22:15'}, {'@type': 'OpeningHoursSpecification', 'dayOfWeek': ['Tuesday', 'Wednesday', 'Thursday', 'Friday', 'Saturday'], 'opens': '5:0', 'closes': '10:29'}, {'@type': 'OpeningHoursSpecification', 'dayOfWeek': ['Tuesday', 'Wednesday', 'Thursday', 'Friday', 'Saturday'], 'opens': '10:30', 'closes': '15:59'}, {'@type': 'OpeningHoursSpecification', 'dayOfWeek': ['Tuesday', 'Wednesday', 'Thursday', 'Friday', 'Saturday'], 'opens': '16:0', 'closes': '22:15'}]","{'@type': 'PostalAddress', 'addressLocality': 'PORTAGE', 'addressRegion': 'IN', 'postalCode': '46368-3602', 'addressCountry': 'US', 'streetAddress': '6120 CENTRAL AVENUE'}","{'@type': 'GeoCoordinates', 'latitude': 41.576383, 'longitude': -87.178472}","{'@type': 'AggregateRating', 'ratingValue': 4.6, 'reviewCount': '68'}"
"TGI Friday's (2681 - VALPARAISO, IN)",https://www.ubereats.com/nw-indiana/food-delivery/tgi-fridays-2681-valparaiso-in/gGu5DAhSTo-uTQuVQi1heA,chesterton-indiana,"['Burgers', 'Bar Food', 'American']",4.5,34,$$,41.4667605,-87.0264673,+12194620302,46383,81 Silhavy Rd,Valparaiso,IN,"[{'@type': 'OpeningHoursSpecification', 'dayOfWeek': ['Monday', 'Tuesday', 'Wednesday', 'Thursday', 'Friday', 'Saturday', 'Sunday'], 'opens': '11:0', 'closes': '21:0'}]","{'@type': 'PostalAddress', 'addressLocality': 'Valparaiso', 'addressRegion': 'IN', 'postalCode': '46383', 'addressCountry': 'US', 'streetAddress': '81 Silhavy Rd'}","{'@type': 'GeoCoordinates', 'latitude': 41.4667605, 'longitude': -87.0264673}","{'@type': 'AggregateRating', 'ratingValue': 4.5, 'reviewCount': '34'}"
Islamorada Fish Company (Portage),https://www.ubereats.com/nw-indiana/food-delivery/islamorada-fish-company-portage/heTGIxEoSbqPpqX6ln-m0A,chesterton-indiana,"['Seafood', 'American', 'Southern']",,,$,41.6030528,-87.1679982,+12197871800,46368,6425 Daniel Burnham Dr,PORTAGE,IN,"[{'@type': 'OpeningHoursSpecification', 'dayOfWeek': ['Monday', 'Tuesday', 'Wednesday', 'Thursday', 'Friday', 'Saturday', 'Sunday'], 'opens': '11:0', 'closes': '18:30'}]","{'@type': 'PostalAddress', 'addressLocality': 'PORTAGE', 'addressRegion': 'IN', 'postalCode': '46368', 'addressCountry': 'US', 'streetAddress': '6425 Daniel Burnham Dr'}","{'@type': 'GeoCoordinates', 'latitude': 41.6030528, 'longitude': -87.1679982}",{}
KFC (7770 E. Ridge Road),https://www.ubereats.com/nw-indiana/food-delivery/kfc-7770-e-ridge-road/Vz7aTlxJR9Ozavm059Y9Nw,chesterton-indiana,"['American', 'Fast Food', 'wings']",3.8,42,$,41.55108,-87.2453319,+15856700299,46342,7770 E. Ridge Road,Hobart,IN,"[{'@type': 'OpeningHoursSpecification', 'dayOfWeek': ['Monday', 'Tuesday', 'Wednesday', 'Thursday', 'Friday', 'Saturday', 'Sunday'], 'opens': '10:30', 'closes': '22:30'}]","{'@type': 'PostalAddress', 'addressLocality': 'Hobart', 'addressRegion': 'IN', 'postalCode': '46342', 'addressCountry': 'US', 'streetAddress': '7770 E. Ridge Road'}","{'@type': 'GeoCoordinates', 'latitude': 41.55108, 'longitude': -87.2453319}","{'@type': 'AggregateRating', 'ratingValue': 3.8, 'reviewCount': '42'}"
Wendy's  (1504 N Calumet),https://www.ubereats.com/nw-indiana/food-delivery/wendys-1504-n-calumet/oypAim17TEGv25zZFs2gpw,chesterton-indiana,"['American', 'Burgers', 'Fast Food']",4.5,45,$,41.4822428,-87.0525486,+12194648781,46383,1504 N Calumet,Valparaiso,IN,"[{'@type': 'OpeningHoursSpecification', 'dayOfWeek': ['Monday', 'Tuesday', 'Wednesday', 'Thursday', 'Friday', 'Saturday', 'Sunday'], 'opens': '10:30', 'closes': '23:30'}, {'@type': 'OpeningHoursSpecification', 'dayOfWeek': ['Monday', 'Tuesday', 'Wednesday', 'Thursday', 'Friday', 'Saturday', 'Sunday'], 'opens': '6:30', 'closes': '10:0'}]","{'@type': 'PostalAddress', 'addressLocality': 'Valparaiso', 'addressRegion': 'IN', 'postalCode': '46383', 'addressCountry': 'US', 'streetAddress': '1504 N Calumet'}","{'@type': 'GeoCoordinates', 'latitude': 41.4822428, 'longitude': -87.0525486}","{'@type': 'AggregateRating', 'ratingValue': 4.5, 'reviewCount': '45'}"
KFC (1475 S. Lake Park Avenue),https://www.ubereats.com/nw-indiana/food-delivery/kfc-1475-s-lake-park-avenue/i9z57KWXT7SzKTmFaiAwiw,chesterton-indiana,"['American', 'Fast Food', 'wings']",,,$,41.513105,-87.2584514,+12199423433,46342,1475 S. Lake Park Avenue,Hobart,IN,"[{'@type': 'OpeningHoursSpecification', 'dayOfWeek': ['Sunday', 'Monday', 'Tuesday', 'Wednesday', 'Thursday'], 'opens': '10:30', 'closes': '21:30'}, {'@type': 'OpeningHoursSpecification', 'dayOfWeek': ['Friday', 'Saturday'], 'opens': '10:30', 'closes': '22:0'}]","{'@type': 'PostalAddress', 'addressLocality': 'Hobart', 'addressRegion': 'IN', 'postalCode': '46342', 'addressCountry': 'US', 'streetAddress': '1475 S. Lake Park Avenue'}","{'@type': 'GeoCoordinates', 'latitude': 41.513105, 'longitude': -87.2584514}",{}
Taco Bell (702 Plaza Dr),https://www.ubereats.com/nw-indiana/food-delivery/taco-bell-702-plaza-dr/ld_eMmecTyWcb-K5cvSRtA,chesterton-indiana,"['Burritos', 'Fast Food', 'Mexican']",4.4,16,$,41.6171918,-87.04460630000001,+12199268445,46304,702 Plaza Dr,Chesterton,IN,"[{'@type': 'OpeningHoursSpecification', 'dayOfWeek': ['Sunday', 'Monday', 'Tuesday', 'Wednesday', 'Thursday'], 'opens': '14:0', 'closes': '17:0'}, {'@type': 'OpeningHoursSpecification', 'dayOfWeek': ['Sunday', 'Monday', 'Tuesday', 'Wednesday', 'Thursday'], 'opens': '9:0', 'closes': '23:30'}, {'@type': 'OpeningHoursSpecification', 'dayOfWeek': ['Sunday', 'Monday', 'Tuesday', 'Wednesday', 'Thursday'], 'opens': '8:0', 'closes': '10:30'}, {'@type': 'OpeningHoursSpecification', 'dayOfWeek': ['Friday', 'Saturday'], 'opens': '14:0', 'closes': '17:0'}, {'@type': 'OpeningHoursSpecification', 'dayOfWeek': ['Friday', 'Saturday'], 'opens': '8:0', 'closes': '10:30'}, {'@type': 'OpeningHoursSpecification', 'dayOfWeek': ['Friday', 'Saturday'], 'opens': '9:0', 'closes': '1:30'}]","{'@type': 'PostalAddress', 'addressLocality': 'Chesterton', 'addressRegion': 'IN', 'postalCode': '46304', 'addressCountry': 'US', 'streetAddress': '702 Plaza Dr'}","{'@type': 'GeoCoordinates', 'latitude': 41.6171918, 'longitude': -87.04460630000001}","{'@type': 'AggregateRating', 'ratingValue': 4.4, 'reviewCount': '16'}"
El Salto Mexican Restaurant (Chesterton),https://www.ubereats.com/nw-indiana/food-delivery/el-salto-mexican-restaurant-chesterton/_LGK-jGkSjCVTXCcHGJkNA,chesterton-indiana,['Mexican'],,,$,41.617806,-87.037919,+12193959890,46304,757 Indian Boundary Rd,Chesterton,Indiana,"[{'@type': 'OpeningHoursSpecification', 'dayOfWeek': 'Sunday', 'opens': '0:0', 'closes': '8:0'}, {'@type': 'OpeningHoursSpecification', 'dayOfWeek': 'Sunday', 'opens': '11:0', 'closes': '21:0'}, {'@type': 'OpeningHoursSpecification', 'dayOfWeek': ['Tuesday', 'Wednesday'], 'opens': '0:0', 'closes': '8:0'}, {'@type': 'OpeningHoursSpecification', 'dayOfWeek': 'Thursday', 'opens': '0:0', 'closes': '8:0'}, {'@type': 'OpeningHoursSpecification', 'dayOfWeek': 'Thursday', 'opens': '11:0', 'closes': '14:0'}, {'@type': 'OpeningHoursSpecification', 'dayOfWeek': 'Friday', 'opens': '0:0', 'closes': '8:0'}, {'@type': 'OpeningHoursSpecification', 'dayOfWeek': 'Friday', 'opens': '11:0', 'closes': '22:30'}, {'@type': 'OpeningHoursSpecification', 'dayOfWeek': 'Friday', 'opens': '11:0', 'closes': '14:0'}, {'@type': 'OpeningHoursSpecification', 'dayOfWeek': 'Saturday', 'opens': '0:0', 'closes': '8:0'}, {'@type': 'OpeningHoursSpecification', 'dayOfWeek': 'Saturday', 'opens': '11:0', 'closes': '22:30'}]","{'@type': 'PostalAddress', 'addressLocality': 'Chesterton', 'addressRegion': 'Indiana', 'postalCode': '46304', 'addressCountry': 'US', 'streetAddress': '757 Indian Boundary Rd'}","{'@type': 'GeoCoordinates', 'latitude': 41.617806, 'longitude': -87.037919}",{}
McDonald's® (480 INDIAN BOUNDARY RD),https://www.ubereats.com/nw-indiana/food-delivery/mcdonalds-480-indian-boundary-rd/oB8zmmH9TE68sXtpVAaRZQ,chesterton-indiana,"['American', 'Burgers', 'Fast Food']",4.3,66,$,41.616504,-87.044712,+12199267444,,,,,"[{'@type': 'OpeningHoursSpecification', 'dayOfWeek': ['Monday', 'Tuesday', 'Wednesday', 'Thursday', 'Friday', 'Saturday', 'Sunday'], 'opens': '5:0', 'closes': '10:29'}, {'@type': 'OpeningHoursSpecification', 'dayOfWeek': ['Monday', 'Tuesday', 'Wednesday', 'Thursday', 'Friday', 'Saturday', 'Sunday'], 'opens': '10:30', 'closes': '15:59'}, {'@type': 'OpeningHoursSpecification', 'dayOfWeek': ['Monday', 'Tuesday', 'Wednesday', 'Thursday', 'Friday', 'Saturday', 'Sunday'], 'opens': '16:0', 'closes': '22:15'}]",,"{'@type': 'GeoCoordinates', 'latitude': 41.616504, 'longitude': -87.044712}","{'@type': 'AggregateRating', 'ratingValue': 4.3, 'reviewCount': '66'}"
Bob Evans (475 Gateway Blvd N),https://www.ubereats.com/nw-indiana/food-delivery/bob-evans-475-gateway-blvd-n/-GEXSSMqSHCq_dlY3AY5iA,chesterton-indiana,"['American', 'Breakfast and Brunch', 'Cafe', 'Omelette', 'Traditional American']",,,$$,41.5752226,-87.04497719999999,+12199831575,46304,475 Gateway Blvd N,Chesterton,IN,"[{'@type': 'OpeningHoursSpecification', 'dayOfWeek': ['Monday', 'Tuesday', 'Wednesday', 'Thursday', 'Friday', 'Saturday', 'Sunday'], 'opens': '7:0', 'closes': '19:30'}]","{'@type': 'PostalAddress', 'addressLocality': 'Chesterton', 'addressRegion': 'IN', 'postalCode': '46304', 'addressCountry': 'US', 'streetAddress': '475 Gateway Blvd N'}","{'@type': 'GeoCoordinates', 'latitude': 41.5752226, 'longitude': -87.04497719999999}",{}
McDonald's® (243 MELTON ROAD),https://www.ubereats.com/nw-indiana/food-delivery/mcdonalds-243-melton-road/_T6NM9RpS8m21jS0TuR38A,chesterton-indiana,"['American', 'Burgers', 'Fast Food']",4.2,38,$,41.604469,-87.11533100000001,+12197878288,,,,,"[{'@type': 'OpeningHoursSpecification', 'dayOfWeek': ['Monday', 'Tuesday', 'Wednesday', 'Thursday', 'Friday', 'Saturday', 'Sunday'], 'opens': '4:30', 'closes': '10:29'}, {'@type': 'OpeningHoursSpecification', 'dayOfWeek': ['Monday', 'Tuesday', 'Wednesday', 'Thursday', 'Friday', 'Saturday', 'Sunday'], 'opens': '10:30', 'closes': '15:59'}, {'@type': 'OpeningHoursSpecification', 'dayOfWeek': ['Monday', 'Tuesday', 'Wednesday', 'Thursday', 'Friday', 'Saturday', 'Sunday'], 'opens': '16:0', 'closes': '2:15'}]",,"{'@type': 'GeoCoordinates', 'latitude': 41.604469, 'longitude': -87.11533100000001}","{'@type': 'AggregateRating', 'ratingValue': 4.2, 'reviewCount': '38'}"
PJ Fresh (1235 Ripley Street),https://www.ubereats.com/nw-indiana/food-delivery/pj-fresh-1235-ripley-street/89GQ4HqWSSerVxuoouBFrg,chesterton-indiana,"['Burgers', 'American', 'Sandwiches']",,,$,41.588385,-87.23969389999999,+12199621110,46405,1235 Ripley Street,Lake Station,IN,"[{'@type': 'OpeningHoursSpecification', 'dayOfWeek': ['Monday', 'Tuesday', 'Wednesday', 'Thursday', 'Friday'], 'opens': '10:0', 'closes': '21:0'}]","{'@type': 'PostalAddress', 'addressLocality': 'Lake Station', 'addressRegion': 'IN', 'postalCode': '46405', 'addressCountry': 'US', 'streetAddress': '1235 Ripley Street'}","{'@type': 'GeoCoordinates', 'latitude': 41.588385, 'longitude': -87.23969389999999}",{}
McDonald's® (6075 US HWY 6),https://www.ubereats.com/nw-indiana/food-delivery/mcdonalds-6075-us-hwy-6/sQMKu4YJQTiaCGHEeePeaQ,chesterton-indiana,"['American', 'Burgers', 'Fast Food']",4.0,64,$,41.549935999999995,-87.179912,+12197631810,,,,,"[{'@type': 'OpeningHoursSpecification', 'dayOfWeek': ['Monday', 'Tuesday', 'Wednesday', 'Thursday', 'Friday', 'Saturday', 'Sunday'], 'opens': '4:30', 'closes': '10:29'}, {'@type': 'OpeningHoursSpecification', 'dayOfWeek': ['Monday', 'Tuesday', 'Wednesday', 'Thursday', 'Friday', 'Saturday', 'Sunday'], 'opens': '10:30', 'closes': '15:59'}, {'@type': 'OpeningHoursSpecification', 'dayOfWeek': ['Monday', 'Tuesday', 'Wednesday', 'Thursday', 'Friday', 'Saturday', 'Sunday'], 'opens': '16:0', 'closes': '2:15'}]",,"{'@type': 'GeoCoordinates', 'latitude': 41.549935999999995, 'longitude': -87.179912}","{'@type': 'AggregateRating', 'ratingValue': 4, 'reviewCount': '64'}"
