name,url,city,cuisine,avgRating,numReviews,priceRange,latitude,longitude,telephone,postalCode,streetAddress,addressLocality,addressRegion,openingHoursSpecification,addressString,geoString,ratingString
MOD Pizza (Chico),https://www.ubereats.com/sacramento/food-delivery/mod-pizza-chico/-uTX8mpZQbKSWTapUfVlgw,chico-california,"['Desserts', 'PIzza', 'Salads', 'Healthy', 'Vegetarian Friendly', 'Kids Friendly']",4.2,100,$,39.76059600000001,-121.8448659,+15306364862,95926,851 East Ave,Chico,CA,"[{'@type': 'OpeningHoursSpecification', 'dayOfWeek': ['Monday', 'Tuesday', 'Wednesday', 'Thursday', 'Friday', 'Saturday', 'Sunday'], 'opens': '11:0', 'closes': '20:40'}]","{'@type': 'PostalAddress', 'addressLocality': 'Chico', 'addressRegion': 'CA', 'postalCode': '95926', 'addressCountry': 'US', 'streetAddress': '851 East Ave'}","{'@type': 'GeoCoordinates', 'latitude': 39.76059600000001, 'longitude': -121.8448659}","{'@type': 'AggregateRating', 'ratingValue': 4.2, 'reviewCount': '100'}"
Cream (Chico),https://www.ubereats.com/sacramento/food-delivery/cream-chico/WTGunKv1TMCoyKGGucMLgg,chico-california,"['Ice Cream & Frozen Yogurt', 'Desserts']",,,$$,39.760299,-121.8437625,+15305923945,95926,2471 Cohasset Rd Ste 120,Chico,CA,"[{'@type': 'OpeningHoursSpecification', 'dayOfWeek': 'Sunday', 'opens': '13:0', 'closes': '21:0'}, {'@type': 'OpeningHoursSpecification', 'dayOfWeek': ['Monday', 'Tuesday', 'Wednesday', 'Thursday'], 'opens': '16:0', 'closes': '21:0'}, {'@type': 'OpeningHoursSpecification', 'dayOfWeek': 'Friday', 'opens': '16:0', 'closes': '22:0'}, {'@type': 'OpeningHoursSpecification', 'dayOfWeek': 'Saturday', 'opens': '13:0', 'closes': '22:0'}]","{'@type': 'PostalAddress', 'addressLocality': 'Chico', 'addressRegion': 'CA', 'postalCode': '95926', 'addressCountry': 'US', 'streetAddress': '2471 Cohasset Rd Ste 120'}","{'@type': 'GeoCoordinates', 'latitude': 39.760299, 'longitude': -121.8437625}",{}
Krispy Krunchy Chicken (1008 W. Sacramento),https://www.ubereats.com/sacramento/food-delivery/krispy-krunchy-chicken-1008-w-sacramento/VC8oEFMBSgGTtSfN1k5tjA,chico-california,"['Comfort Food', 'Fried Chicken', 'Traditional American', 'Wings']",3.9,22,$,39.7317153,-121.8588721,+15309655550,,,,,"[{'@type': 'OpeningHoursSpecification', 'dayOfWeek': ['Monday', 'Tuesday', 'Wednesday', 'Thursday', 'Friday', 'Saturday', 'Sunday'], 'opens': '11:0', 'closes': '21:45'}]",,"{'@type': 'GeoCoordinates', 'latitude': 39.7317153, 'longitude': -121.8588721}","{'@type': 'AggregateRating', 'ratingValue': 3.9, 'reviewCount': '22'}"
Carl's Jr. (1940 E 20th St),https://www.ubereats.com/sacramento/food-delivery/carls-jr-1940-e-20th-st/790Y_yJDQ4SoSG9guWvk9w,chico-california,"['Fast Food', 'Salads', 'Burritos', 'American']",4.5,44,$,39.7275461,-121.8059469,+15303459643,95928,1940 E 20th St,Chico,CA,"[{'@type': 'OpeningHoursSpecification', 'dayOfWeek': 'Sunday', 'opens': '7:0', 'closes': '10:30'}, {'@type': 'OpeningHoursSpecification', 'dayOfWeek': 'Sunday', 'opens': '10:30', 'closes': '0:0'}, {'@type': 'OpeningHoursSpecification', 'dayOfWeek': ['Monday', 'Tuesday', 'Wednesday', 'Thursday', 'Friday', 'Saturday'], 'opens': '6:0', 'closes': '10:30'}, {'@type': 'OpeningHoursSpecification', 'dayOfWeek': ['Monday', 'Tuesday', 'Wednesday', 'Thursday', 'Friday', 'Saturday'], 'opens': '10:30', 'closes': '0:0'}]","{'@type': 'PostalAddress', 'addressLocality': 'Chico', 'addressRegion': 'CA', 'postalCode': '95928', 'addressCountry': 'US', 'streetAddress': '1940 E 20th St'}","{'@type': 'GeoCoordinates', 'latitude': 39.7275461, 'longitude': -121.8059469}","{'@type': 'AggregateRating', 'ratingValue': 4.5, 'reviewCount': '44'}"
Midnite Munchies,https://www.ubereats.com/sacramento/food-delivery/midnite-munchies/zQ8JNBBQTBSnggtx_AjI5w,chico-california,"['American', 'Breakfast and Brunch', 'Desserts']",,,$,39.7317153,-121.8588721,+15305143211,95926,1008 W Sacramento Ave Ste 1,Chico,CA,"[{'@type': 'OpeningHoursSpecification', 'dayOfWeek': ['Monday', 'Tuesday', 'Wednesday', 'Thursday', 'Friday', 'Saturday', 'Sunday'], 'opens': '17:0', 'closes': '1:0'}]","{'@type': 'PostalAddress', 'addressLocality': 'Chico', 'addressRegion': 'CA', 'postalCode': '95926', 'addressCountry': 'US', 'streetAddress': '1008 W Sacramento Ave Ste 1'}","{'@type': 'GeoCoordinates', 'latitude': 39.7317153, 'longitude': -121.8588721}",{}
Gojo Market,https://www.ubereats.com/sacramento/food-delivery/gojo-market/14BWZwX4Qb-G93vYveHF7w,chico-california,"['BBQ', 'American', 'Burgers', 'Deli', 'Sandwich', 'Desserts']",,,$,39.729325,-121.8564612,+15303427262,95926,735 Nord Ave,Chico,CA,"[{'@type': 'OpeningHoursSpecification', 'dayOfWeek': ['Monday', 'Tuesday', 'Wednesday', 'Thursday', 'Friday', 'Saturday', 'Sunday'], 'opens': '11:30', 'closes': '19:30'}]","{'@type': 'PostalAddress', 'addressLocality': 'Chico', 'addressRegion': 'CA', 'postalCode': '95926', 'addressCountry': 'US', 'streetAddress': '735 Nord Ave'}","{'@type': 'GeoCoordinates', 'latitude': 39.729325, 'longitude': -121.8564612}",{}
Coco’s Ramen,https://www.ubereats.com/sacramento/food-delivery/cocos-ramen/cQHG9AWnShGnMzqDPtpuHg,chico-california,"['Ramen', 'Japanese', 'Comfort Food']",4.7,58,$,39.7315044,-121.85891,+15309655541,95926,1008 W Sacramento Ave,Chico,CA,"[{'@type': 'OpeningHoursSpecification', 'dayOfWeek': ['Sunday', 'Monday'], 'opens': '17:30', 'closes': '21:0'}, {'@type': 'OpeningHoursSpecification', 'dayOfWeek': ['Wednesday', 'Thursday', 'Friday', 'Saturday'], 'opens': '17:30', 'closes': '21:0'}]","{'@type': 'PostalAddress', 'addressLocality': 'Chico', 'addressRegion': 'CA', 'postalCode': '95926', 'addressCountry': 'US', 'streetAddress': '1008 W Sacramento Ave'}","{'@type': 'GeoCoordinates', 'latitude': 39.7315044, 'longitude': -121.85891}","{'@type': 'AggregateRating', 'ratingValue': 4.7, 'reviewCount': '58'}"
CREAM (Cohasset),https://www.ubereats.com/sacramento/food-delivery/cream-cohasset/SIPc9Vm8S3qUWWO06Tqikw,chico-california,"['Desserts', 'Ice Cream and Frozen Yogurt']",,,$,39.760299,-121.843762,+15305923945,95926,2471 Cohasset Rd,Chico,California,"[{'@type': 'OpeningHoursSpecification', 'dayOfWeek': 'Sunday', 'opens': '13:0', 'closes': '22:0'}, {'@type': 'OpeningHoursSpecification', 'dayOfWeek': ['Monday', 'Tuesday', 'Wednesday', 'Thursday'], 'opens': '16:0', 'closes': '21:0'}, {'@type': 'OpeningHoursSpecification', 'dayOfWeek': 'Friday', 'opens': '16:0', 'closes': '22:0'}, {'@type': 'OpeningHoursSpecification', 'dayOfWeek': 'Saturday', 'opens': '13:0', 'closes': '22:0'}]","{'@type': 'PostalAddress', 'addressLocality': 'Chico', 'addressRegion': 'California', 'postalCode': '95926', 'addressCountry': 'US', 'streetAddress': '2471 Cohasset Rd'}","{'@type': 'GeoCoordinates', 'latitude': 39.760299, 'longitude': -121.843762}",{}
Aca Taco,https://www.ubereats.com/sacramento/food-delivery/aca-taco/f9zZH77eRoaasejsk-JSXw,chico-california,"['Mexican', 'Latin American', 'Family Meals']",4.7,100,$,39.730105729256714,-121.84138488589748,+15308940191,95928,133 Broadway St,Chico,California,"[{'@type': 'OpeningHoursSpecification', 'dayOfWeek': ['Sunday', 'Monday', 'Tuesday', 'Wednesday', 'Thursday'], 'opens': '9:30', 'closes': '11:0'}, {'@type': 'OpeningHoursSpecification', 'dayOfWeek': ['Sunday', 'Monday', 'Tuesday', 'Wednesday', 'Thursday'], 'opens': '9:30', 'closes': '20:45'}, {'@type': 'OpeningHoursSpecification', 'dayOfWeek': ['Friday', 'Saturday'], 'opens': '9:30', 'closes': '11:0'}, {'@type': 'OpeningHoursSpecification', 'dayOfWeek': ['Friday', 'Saturday'], 'opens': '9:30', 'closes': '21:45'}]","{'@type': 'PostalAddress', 'addressLocality': 'Chico', 'addressRegion': 'California', 'postalCode': '95928', 'addressCountry': 'US', 'streetAddress': '133 Broadway St'}","{'@type': 'GeoCoordinates', 'latitude': 39.730105729256714, 'longitude': -121.84138488589748}","{'@type': 'AggregateRating', 'ratingValue': 4.7, 'reviewCount': '100'}"
Lasalles,https://www.ubereats.com/sacramento/food-delivery/lasalles/oyp-znsqSiO0dmSMWwwG5A,chico-california,"['American', 'Burgers', 'Sandwiches']",,,$,39.7293811,-121.8405738,+15304877207,95928,229 Broadway St,Chico,CA,"[{'@type': 'OpeningHoursSpecification', 'dayOfWeek': 'Sunday', 'opens': '16:0', 'closes': '20:30'}, {'@type': 'OpeningHoursSpecification', 'dayOfWeek': ['Wednesday', 'Thursday'], 'opens': '16:0', 'closes': '20:30'}, {'@type': 'OpeningHoursSpecification', 'dayOfWeek': ['Friday', 'Saturday'], 'opens': '16:0', 'closes': '21:30'}]","{'@type': 'PostalAddress', 'addressLocality': 'Chico', 'addressRegion': 'CA', 'postalCode': '95928', 'addressCountry': 'US', 'streetAddress': '229 Broadway St'}","{'@type': 'GeoCoordinates', 'latitude': 39.7293811, 'longitude': -121.8405738}",{}
Jersey Mike's Subs (605 Mangrove Ave),https://www.ubereats.com/sacramento/food-delivery/jersey-mikes-subs-605-mangrove-ave/_eJxH_DGR3eOMrXqb_oFOg,chico-california,"['Sandwich', 'American']",4.7,39,$,39.7340372,-121.836276,+15308910117,95926,605 Mangrove Ave,Chico,CA,"[{'@type': 'OpeningHoursSpecification', 'dayOfWeek': ['Monday', 'Tuesday', 'Wednesday', 'Thursday', 'Friday', 'Saturday', 'Sunday'], 'opens': '10:0', 'closes': '20:30'}]","{'@type': 'PostalAddress', 'addressLocality': 'Chico', 'addressRegion': 'CA', 'postalCode': '95926', 'addressCountry': 'US', 'streetAddress': '605 Mangrove Ave'}","{'@type': 'GeoCoordinates', 'latitude': 39.7340372, 'longitude': -121.836276}","{'@type': 'AggregateRating', 'ratingValue': 4.7, 'reviewCount': '39'}"
Oya Mediterranean Grill,https://www.ubereats.com/sacramento/food-delivery/oya-mediterranean-grill/vgDJehs3STK_sLpGNc8U7w,chico-california,"['Mediterranean', 'Greek', 'Vegetarian', 'Family Meals']",4.1,15,$,39.73036800000001,-121.840026,+15304877063,95928,201 Main Street,Chico,CA,"[{'@type': 'OpeningHoursSpecification', 'dayOfWeek': ['Monday', 'Tuesday', 'Wednesday', 'Thursday', 'Friday', 'Saturday', 'Sunday'], 'opens': '10:30', 'closes': '21:0'}]","{'@type': 'PostalAddress', 'addressLocality': 'Chico', 'addressRegion': 'CA', 'postalCode': '95928', 'addressCountry': 'US', 'streetAddress': '201 Main Street'}","{'@type': 'GeoCoordinates', 'latitude': 39.73036800000001, 'longitude': -121.840026}","{'@type': 'AggregateRating', 'ratingValue': 4.1, 'reviewCount': '15'}"
Tecos EL Líder,https://www.ubereats.com/sacramento/food-delivery/tecos-el-lider/2mBeyoDRSyifjLcsVtncNQ,chico-california,"['Mexican', 'Latin American', 'New Mexican']",,,$,39.7612975,-121.8666284,+15307747251,95973,2819 Esplanade,Chico,CA,"[{'@type': 'OpeningHoursSpecification', 'dayOfWeek': ['Monday', 'Tuesday', 'Wednesday', 'Thursday', 'Friday'], 'opens': '10:0', 'closes': '18:0'}, {'@type': 'OpeningHoursSpecification', 'dayOfWeek': 'Saturday', 'opens': '9:0', 'closes': '15:0'}]","{'@type': 'PostalAddress', 'addressLocality': 'Chico', 'addressRegion': 'CA', 'postalCode': '95973', 'addressCountry': 'US', 'streetAddress': '2819 Esplanade'}","{'@type': 'GeoCoordinates', 'latitude': 39.7612975, 'longitude': -121.8666284}",{}
Papa Murphy's  (1305 Mangrove Avenue),https://www.ubereats.com/sacramento/food-delivery/papa-murphys-1305-mangrove-avenue/m56evMupSnexn2tK-3fGWA,chico-california,"['Pizza', 'Italian', 'Salads']",,,$,39.7433889,-121.8396528,+15303456403,95926,1305 Mangrove Avenue,Chico,CA,"[{'@type': 'OpeningHoursSpecification', 'dayOfWeek': ['Friday', 'Saturday'], 'opens': '10:0', 'closes': '21:0'}]","{'@type': 'PostalAddress', 'addressLocality': 'Chico', 'addressRegion': 'CA', 'postalCode': '95926', 'addressCountry': 'US', 'streetAddress': '1305 Mangrove Avenue'}","{'@type': 'GeoCoordinates', 'latitude': 39.7433889, 'longitude': -121.8396528}",{}
Red Lobster (2010 Business Lane),https://www.ubereats.com/sacramento/food-delivery/red-lobster-2010-business-lane/ajYpnrmMTNy44OFDYW2yIA,chico-california,"['Seafood', 'American']",4.4,19,$$,39.7262395,-121.8066589,+15308935595,95928,2010 Business Lane,Chico,CA,"[{'@type': 'OpeningHoursSpecification', 'dayOfWeek': ['Sunday', 'Monday', 'Tuesday', 'Wednesday', 'Thursday'], 'opens': '11:30', 'closes': '20:0'}, {'@type': 'OpeningHoursSpecification', 'dayOfWeek': ['Friday', 'Saturday'], 'opens': '11:30', 'closes': '21:0'}]","{'@type': 'PostalAddress', 'addressLocality': 'Chico', 'addressRegion': 'CA', 'postalCode': '95928', 'addressCountry': 'US', 'streetAddress': '2010 Business Lane'}","{'@type': 'GeoCoordinates', 'latitude': 39.7262395, 'longitude': -121.8066589}","{'@type': 'AggregateRating', 'ratingValue': 4.4, 'reviewCount': '19'}"
Ike's Place,https://www.ubereats.com/sacramento/food-delivery/ikes-place/LwQOBuvHSmaw0bYMp1dFPw,chico-california,"['Vegetarian', 'Vegan', 'Healthy']",4.7,18,$,39.72473799999999,-121.8436036,+15309243171,,,,,"[{'@type': 'OpeningHoursSpecification', 'dayOfWeek': ['Monday', 'Tuesday', 'Wednesday', 'Thursday', 'Friday', 'Saturday', 'Sunday'], 'opens': '11:0', 'closes': '17:0'}]",,"{'@type': 'GeoCoordinates', 'latitude': 39.72473799999999, 'longitude': -121.8436036}","{'@type': 'AggregateRating', 'ratingValue': 4.7, 'reviewCount': '18'}"
KFC (1980 E. 20th Street),https://www.ubereats.com/sacramento/food-delivery/kfc-1980-e-20th-street/ZCBARHLURge6oraMKZu0eg,chico-california,"['American', 'Fast Food', 'wings']",4.3,79,$,39.7275544,-121.8034773,+15303425181,95928,1980 E. 20th Street,Chico,CA,"[{'@type': 'OpeningHoursSpecification', 'dayOfWeek': ['Monday', 'Tuesday', 'Wednesday', 'Thursday', 'Friday', 'Saturday', 'Sunday'], 'opens': '10:30', 'closes': '21:30'}]","{'@type': 'PostalAddress', 'addressLocality': 'Chico', 'addressRegion': 'CA', 'postalCode': '95928', 'addressCountry': 'US', 'streetAddress': '1980 E. 20th Street'}","{'@type': 'GeoCoordinates', 'latitude': 39.7275544, 'longitude': -121.8034773}","{'@type': 'AggregateRating', 'ratingValue': 4.3, 'reviewCount': '79'}"
Krispy Kreme (2060 Business Lane),https://www.ubereats.com/sacramento/food-delivery/krispy-kreme-2060-business-lane/6u1TxLPBQqiufYV4_X72Ag,chico-california,"['American', 'Bakery', 'Desserts']",,,$,39.7231519,-121.8063029,+15308913492,95928,2060 Business Lane,Chico,CA,"[{'@type': 'OpeningHoursSpecification', 'dayOfWeek': ['Monday', 'Tuesday', 'Wednesday', 'Thursday', 'Friday', 'Saturday', 'Sunday'], 'opens': '7:15', 'closes': '19:45'}, {'@type': 'OpeningHoursSpecification', 'dayOfWeek': ['Monday', 'Tuesday', 'Wednesday', 'Thursday', 'Friday', 'Saturday', 'Sunday'], 'opens': '14:0', 'closes': '18:0'}]","{'@type': 'PostalAddress', 'addressLocality': 'Chico', 'addressRegion': 'CA', 'postalCode': '95928', 'addressCountry': 'US', 'streetAddress': '2060 Business Lane'}","{'@type': 'GeoCoordinates', 'latitude': 39.7231519, 'longitude': -121.8063029}",{}
Cafe Coda,https://www.ubereats.com/sacramento/food-delivery/cafe-coda/9LH-Sy6jTD-9OIBDh5spfw,chico-california,"['Sandwiches', 'Salads', 'Kids Friendly']",,,$,39.7256029,-121.8329752,+15305669476,95928,265 Humboldt Ave,Chico,CA,"[{'@type': 'OpeningHoursSpecification', 'dayOfWeek': ['Monday', 'Tuesday', 'Wednesday', 'Thursday', 'Friday', 'Saturday', 'Sunday'], 'opens': '7:0', 'closes': '14:0'}]","{'@type': 'PostalAddress', 'addressLocality': 'Chico', 'addressRegion': 'CA', 'postalCode': '95928', 'addressCountry': 'US', 'streetAddress': '265 Humboldt Ave'}","{'@type': 'GeoCoordinates', 'latitude': 39.7256029, 'longitude': -121.8329752}",{}
Papa Murphy's  (2485 Notre Dame Blvd. Suite 440),https://www.ubereats.com/sacramento/food-delivery/papa-murphys-2485-notre-dame-blvd-suite-440/w8mQnrchR0W_wo7xqG7F8g,chico-california,"['Pizza', 'Comfort Food', 'Salads']",,,$,39.7164731,-121.7941247,+15308981560,95928,2485 Notre Dame Blvd. Suite 440,Chico,CA,"[{'@type': 'OpeningHoursSpecification', 'dayOfWeek': ['Sunday', 'Monday', 'Tuesday', 'Wednesday', 'Thursday'], 'opens': '10:0', 'closes': '20:0'}, {'@type': 'OpeningHoursSpecification', 'dayOfWeek': ['Friday', 'Saturday'], 'opens': '10:0', 'closes': '21:0'}]","{'@type': 'PostalAddress', 'addressLocality': 'Chico', 'addressRegion': 'CA', 'postalCode': '95928', 'addressCountry': 'US', 'streetAddress': '2485 Notre Dame Blvd. Suite 440'}","{'@type': 'GeoCoordinates', 'latitude': 39.7164731, 'longitude': -121.7941247}",{}
Gogi's Cafe,https://www.ubereats.com/sacramento/food-delivery/gogis-cafe/5PCHr8pZSDiOqr3G-K7OoQ,chico-california,"['Indian', 'Vegan', 'Halal']",4.8,25,$,39.728623,-121.841898,+15308913570,95928,230 Salem St,Chico,California,"[{'@type': 'OpeningHoursSpecification', 'dayOfWeek': ['Monday', 'Tuesday', 'Wednesday', 'Thursday', 'Friday', 'Saturday'], 'opens': '11:0', 'closes': '19:0'}]","{'@type': 'PostalAddress', 'addressLocality': 'Chico', 'addressRegion': 'California', 'postalCode': '95928', 'addressCountry': 'US', 'streetAddress': '230 Salem St'}","{'@type': 'GeoCoordinates', 'latitude': 39.728623, 'longitude': -121.841898}","{'@type': 'AggregateRating', 'ratingValue': 4.8, 'reviewCount': '25'}"
Fresh Cove,https://www.ubereats.com/sacramento/food-delivery/fresh-cove/kCUBrp5eQACHZFH1XvB_tA,chico-california,"['Other', 'Pasta', 'Seafood', 'Allergy Friendly']",,,$$,39.77233829999999,-121.877741,+15305880547,,,,,"[{'@type': 'OpeningHoursSpecification', 'dayOfWeek': 'Monday', 'opens': '14:0', 'closes': '19:0'}]",,"{'@type': 'GeoCoordinates', 'latitude': 39.77233829999999, 'longitude': -121.877741}",{}
TOGOs (241 W East Ave),https://www.ubereats.com/sacramento/food-delivery/togos-241-w-east-ave/yfiGOC0XTSOoAQSEYtcWJQ,chico-california,"['Sandwich', 'American']",4.5,11,$,39.7554345,-121.8631089,+15308911131,95926,241 W East Ave,Chico,CA,"[{'@type': 'OpeningHoursSpecification', 'dayOfWeek': ['Monday', 'Tuesday', 'Wednesday', 'Thursday', 'Friday', 'Saturday', 'Sunday'], 'opens': '10:0', 'closes': '21:40'}]","{'@type': 'PostalAddress', 'addressLocality': 'Chico', 'addressRegion': 'CA', 'postalCode': '95926', 'addressCountry': 'US', 'streetAddress': '241 W East Ave'}","{'@type': 'GeoCoordinates', 'latitude': 39.7554345, 'longitude': -121.8631089}","{'@type': 'AggregateRating', 'ratingValue': 4.5, 'reviewCount': '11'}"
Burger Hut - (2nd Location),https://www.ubereats.com/sacramento/food-delivery/burger-hut-2nd-location/4bFMZFQrTEKSQ_owgWa03w,chico-california,"['Burgers', 'American', 'Sandwiches']",,,$,39.7183906,-121.7971363,+15308911430,95928,2451 Forest Avenue,Chico,CA,"[{'@type': 'OpeningHoursSpecification', 'dayOfWeek': ['Tuesday', 'Wednesday', 'Thursday', 'Friday', 'Saturday'], 'opens': '11:0', 'closes': '19:0'}]","{'@type': 'PostalAddress', 'addressLocality': 'Chico', 'addressRegion': 'CA', 'postalCode': '95928', 'addressCountry': 'US', 'streetAddress': '2451 Forest Avenue'}","{'@type': 'GeoCoordinates', 'latitude': 39.7183906, 'longitude': -121.7971363}",{}
La Flor De Michoacan Paleteria Y Neveria (Mangrove),https://www.ubereats.com/sacramento/food-delivery/la-flor-de-michoacan-paleteria-y-neveria-mangrove/rw7Ho2kISlKJhgqEst5Qeg,chico-california,"['Ice Cream and Frozen Yogurt', 'Desserts']",4.6,49,$,39.7353829,-121.8349765,+15307742461,,,,,"[{'@type': 'OpeningHoursSpecification', 'dayOfWeek': ['Monday', 'Tuesday', 'Wednesday', 'Thursday', 'Friday', 'Saturday', 'Sunday'], 'opens': '11:0', 'closes': '23:0'}]",,"{'@type': 'GeoCoordinates', 'latitude': 39.7353829, 'longitude': -121.8349765}","{'@type': 'AggregateRating', 'ratingValue': 4.6, 'reviewCount': '49'}"
Burgers & Brew - Chico,https://www.ubereats.com/sacramento/food-delivery/burgers-%26-brew-chico/J4bPpWSRR3W8dCR0HMAZHQ,chico-california,"['Burgers', 'American', 'Sandwiches']",4.5,100,$,39.72877,-121.84015,+15308799100,95928,301 Broadway St,Chico,CA,"[{'@type': 'OpeningHoursSpecification', 'dayOfWeek': ['Sunday', 'Monday', 'Tuesday', 'Wednesday', 'Thursday'], 'opens': '11:0', 'closes': '21:30'}, {'@type': 'OpeningHoursSpecification', 'dayOfWeek': ['Friday', 'Saturday'], 'opens': '11:0', 'closes': '22:30'}]","{'@type': 'PostalAddress', 'addressLocality': 'Chico', 'addressRegion': 'CA', 'postalCode': '95928', 'addressCountry': 'US', 'streetAddress': '301 Broadway St'}","{'@type': 'GeoCoordinates', 'latitude': 39.72877, 'longitude': -121.84015}","{'@type': 'AggregateRating', 'ratingValue': 4.5, 'reviewCount': '100'}"
EL PATRON MEXICAN COCINA,https://www.ubereats.com/sacramento/food-delivery/el-patron-mexican-cocina/NhUISvk8Qw2gz-Q2ef78lQ,chico-california,"['Mexican', 'Chicken', 'Vegan Friendly']",,,$,39.7620273,-121.8238331,+15305708850,95926,"1354 East Ave, E E",Chico,CA,"[{'@type': 'OpeningHoursSpecification', 'dayOfWeek': 'Sunday', 'opens': '8:0', 'closes': '19:0'}, {'@type': 'OpeningHoursSpecification', 'dayOfWeek': ['Monday', 'Tuesday', 'Wednesday', 'Thursday', 'Friday'], 'opens': '10:30', 'closes': '20:0'}, {'@type': 'OpeningHoursSpecification', 'dayOfWeek': 'Saturday', 'opens': '9:0', 'closes': '20:0'}]","{'@type': 'PostalAddress', 'addressLocality': 'Chico', 'addressRegion': 'CA', 'postalCode': '95926', 'addressCountry': 'US', 'streetAddress': '1354 East Ave, E E'}","{'@type': 'GeoCoordinates', 'latitude': 39.7620273, 'longitude': -121.8238331}",{}
"Jamba Juice (855 East Ave., #210)",https://www.ubereats.com/sacramento/food-delivery/jamba-juice-855-east-ave-%23210/kYyugdcGShGkPzHCRdraHA,chico-california,"['Juice Bars', 'Healthy', 'Juice and Smoothies']",4.9,11,$,39.760644,-121.8442963,+15308919340,95926,"855 East Ave., #210",Chico,CA,"[{'@type': 'OpeningHoursSpecification', 'dayOfWeek': 'Sunday', 'opens': '8:0', 'closes': '21:0'}, {'@type': 'OpeningHoursSpecification', 'dayOfWeek': ['Monday', 'Tuesday', 'Wednesday', 'Thursday', 'Friday'], 'opens': '7:0', 'closes': '21:0'}, {'@type': 'OpeningHoursSpecification', 'dayOfWeek': 'Saturday', 'opens': '8:0', 'closes': '21:0'}]","{'@type': 'PostalAddress', 'addressLocality': 'Chico', 'addressRegion': 'CA', 'postalCode': '95926', 'addressCountry': 'US', 'streetAddress': '855 East Ave., #210'}","{'@type': 'GeoCoordinates', 'latitude': 39.760644, 'longitude': -121.8442963}","{'@type': 'AggregateRating', 'ratingValue': 4.9, 'reviewCount': '11'}"
Great Harvest (2760 Esplanade),https://www.ubereats.com/sacramento/food-delivery/great-harvest-2760-esplanade/wSwSdBk8TU-vFsQ3Gssc-g,chico-california,"['Sandwich', 'Bakery', 'Salads', 'Breakfast and Brunch', 'Healthy', 'Comfort Food', 'Deli', 'American', 'Chicken']",4.5,22,$,39.76019400000001,-121.8641573,+15305669605,95973,2760 Esplanade,Chico,CA,"[{'@type': 'OpeningHoursSpecification', 'dayOfWeek': 'Monday', 'opens': '6:0', 'closes': '15:30'}, {'@type': 'OpeningHoursSpecification', 'dayOfWeek': 'Monday', 'opens': '6:0', 'closes': '17:30'}, {'@type': 'OpeningHoursSpecification', 'dayOfWeek': 'Monday', 'opens': '6:0', 'closes': '16:0'}, {'@type': 'OpeningHoursSpecification', 'dayOfWeek': 'Monday', 'opens': '6:0', 'closes': '16:0'}, {'@type': 'OpeningHoursSpecification', 'dayOfWeek': 'Monday', 'opens': '7:0', 'closes': '16:0'}, {'@type': 'OpeningHoursSpecification', 'dayOfWeek': 'Tuesday', 'opens': '6:0', 'closes': '15:30'}, {'@type': 'OpeningHoursSpecification', 'dayOfWeek': 'Tuesday', 'opens': '6:0', 'closes': '16:0'}, {'@type': 'OpeningHoursSpecification', 'dayOfWeek': 'Tuesday', 'opens': '6:0', 'closes': '16:0'}, {'@type': 'OpeningHoursSpecification', 'dayOfWeek': 'Tuesday', 'opens': '6:0', 'closes': '16:0'}, {'@type': 'OpeningHoursSpecification', 'dayOfWeek': 'Tuesday', 'opens': '7:0', 'closes': '16:0'}, {'@type': 'OpeningHoursSpecification', 'dayOfWeek': ['Wednesday', 'Thursday', 'Friday'], 'opens': '6:0', 'closes': '15:30'}, {'@type': 'OpeningHoursSpecification', 'dayOfWeek': ['Wednesday', 'Thursday', 'Friday'], 'opens': '6:0', 'closes': '16:0'}, {'@type': 'OpeningHoursSpecification', 'dayOfWeek': ['Wednesday', 'Thursday', 'Friday'], 'opens': '6:0', 'closes': '16:0'}, {'@type': 'OpeningHoursSpecification', 'dayOfWeek': ['Wednesday', 'Thursday', 'Friday'], 'opens': '7:0', 'closes': '16:0'}, {'@type': 'OpeningHoursSpecification', 'dayOfWeek': 'Saturday', 'opens': '7:0', 'closes': '14:30'}]","{'@type': 'PostalAddress', 'addressLocality': 'Chico', 'addressRegion': 'CA', 'postalCode': '95973', 'addressCountry': 'US', 'streetAddress': '2760 Esplanade'}","{'@type': 'GeoCoordinates', 'latitude': 39.76019400000001, 'longitude': -121.8641573}","{'@type': 'AggregateRating', 'ratingValue': 4.5, 'reviewCount': '22'}"
Kinder's Meat & Deli,https://www.ubereats.com/sacramento/food-delivery/kinders-meat-%26-deli/vLVEzO7eQVmDA7COo34HeA,chico-california,"['BBQ', 'American', 'Burgers']",4.5,66,$,39.728018,-121.8423016,+15303423354,95928,221 Normal Ave,Chico,CA,"[{'@type': 'OpeningHoursSpecification', 'dayOfWeek': 'Sunday', 'opens': '12:0', 'closes': '18:0'}, {'@type': 'OpeningHoursSpecification', 'dayOfWeek': ['Monday', 'Tuesday', 'Wednesday', 'Thursday', 'Friday', 'Saturday'], 'opens': '11:0', 'closes': '19:0'}]","{'@type': 'PostalAddress', 'addressLocality': 'Chico', 'addressRegion': 'CA', 'postalCode': '95928', 'addressCountry': 'US', 'streetAddress': '221 Normal Ave'}","{'@type': 'GeoCoordinates', 'latitude': 39.728018, 'longitude': -121.8423016}","{'@type': 'AggregateRating', 'ratingValue': 4.5, 'reviewCount': '66'}"
Jack in the Box (500 Broadway St),https://www.ubereats.com/sacramento/food-delivery/jack-in-the-box-500-broadway-st/QW4f7X8FR_uWwX0YVT6iXA,chico-california,"['Burgers', 'American', 'Sandwiches']",4.0,62,$,39.7274012,-121.8389806,+15308935198,95928,500 Broadway St,Chico,CA,"[{'@type': 'OpeningHoursSpecification', 'dayOfWeek': ['Monday', 'Tuesday', 'Wednesday', 'Thursday', 'Friday', 'Saturday', 'Sunday'], 'opens': '0:0', 'closes': '23:59'}]","{'@type': 'PostalAddress', 'addressLocality': 'Chico', 'addressRegion': 'CA', 'postalCode': '95928', 'addressCountry': 'US', 'streetAddress': '500 Broadway St'}","{'@type': 'GeoCoordinates', 'latitude': 39.7274012, 'longitude': -121.8389806}","{'@type': 'AggregateRating', 'ratingValue': 4, 'reviewCount': '62'}"
Tender Loving Coffee,https://www.ubereats.com/sacramento/food-delivery/tender-loving-coffee/4LiiPUloR86warpRjZBqCw,chico-california,"['Coffee and Tea', 'Pizza', 'Sandwich']",,,$,39.7289156,-121.83491,+15304330414,95928,365 E 6th St,Chico,California,"[{'@type': 'OpeningHoursSpecification', 'dayOfWeek': ['Monday', 'Tuesday', 'Wednesday', 'Thursday', 'Friday'], 'opens': '11:30', 'closes': '20:0'}, {'@type': 'OpeningHoursSpecification', 'dayOfWeek': ['Monday', 'Tuesday', 'Wednesday', 'Thursday', 'Friday'], 'opens': '7:0', 'closes': '11:30'}, {'@type': 'OpeningHoursSpecification', 'dayOfWeek': ['Monday', 'Tuesday', 'Wednesday', 'Thursday', 'Friday'], 'opens': '8:0', 'closes': '20:0'}, {'@type': 'OpeningHoursSpecification', 'dayOfWeek': ['Monday', 'Tuesday', 'Wednesday', 'Thursday', 'Friday'], 'opens': '7:0', 'closes': '20:0'}, {'@type': 'OpeningHoursSpecification', 'dayOfWeek': 'Saturday', 'opens': '11:30', 'closes': '20:0'}, {'@type': 'OpeningHoursSpecification', 'dayOfWeek': 'Saturday', 'opens': '7:0', 'closes': '11:30'}, {'@type': 'OpeningHoursSpecification', 'dayOfWeek': 'Saturday', 'opens': '8:0', 'closes': '20:0'}]","{'@type': 'PostalAddress', 'addressLocality': 'Chico', 'addressRegion': 'California', 'postalCode': '95928', 'addressCountry': 'US', 'streetAddress': '365 E 6th St'}","{'@type': 'GeoCoordinates', 'latitude': 39.7289156, 'longitude': -121.83491}",{}
La Flor De Michoacan Paleteria Y Neveria (W Sacramento),https://www.ubereats.com/sacramento/food-delivery/la-flor-de-michoacan-paleteria-y-neveria-w-sacramento/4z9e81jWTDSieZ2fHSJajA,chico-california,"['Ice Cream and Frozen Yogurt', 'Desserts']",4.6,24,$,39.7313348,-121.8582724,+15308939999,95926,1008 W Sacramento Ave,Chico,California,"[{'@type': 'OpeningHoursSpecification', 'dayOfWeek': ['Monday', 'Tuesday', 'Wednesday', 'Thursday', 'Friday', 'Saturday', 'Sunday'], 'opens': '11:0', 'closes': '23:0'}]","{'@type': 'PostalAddress', 'addressLocality': 'Chico', 'addressRegion': 'California', 'postalCode': '95926', 'addressCountry': 'US', 'streetAddress': '1008 W Sacramento Ave'}","{'@type': 'GeoCoordinates', 'latitude': 39.7313348, 'longitude': -121.8582724}","{'@type': 'AggregateRating', 'ratingValue': 4.6, 'reviewCount': '24'}"
La Flor De Michoacan Paleteria Y Neveria (East Ave),https://www.ubereats.com/sacramento/food-delivery/la-flor-de-michoacan-paleteria-y-neveria-east-ave/03eAf0-qQs-5UzuGyIcIpQ,chico-california,"['Ice Cream and Frozen Yogurt', 'Desserts']",5.0,11,$,39.7615443,-121.8238224,+15307742219,95926,1354 East Ave,Chico,California,"[{'@type': 'OpeningHoursSpecification', 'dayOfWeek': 'Wednesday', 'opens': '12:0', 'closes': '22:0'}]","{'@type': 'PostalAddress', 'addressLocality': 'Chico', 'addressRegion': 'California', 'postalCode': '95926', 'addressCountry': 'US', 'streetAddress': '1354 East Ave'}","{'@type': 'GeoCoordinates', 'latitude': 39.7615443, 'longitude': -121.8238224}","{'@type': 'AggregateRating', 'ratingValue': 5, 'reviewCount': '11'}"
Carl's Jr. (2516 Esplanade),https://www.ubereats.com/sacramento/food-delivery/carls-jr-2516-esplanade/ApLpyw9kTsyOtIQ0yziR0g,chico-california,"['Fast Food', 'Burgers', 'Salads', 'Burritos', 'American']",3.6,59,$,39.7566619,-121.8606765,+15308932908,95926,2516 Esplanade,Chico,CA,"[{'@type': 'OpeningHoursSpecification', 'dayOfWeek': ['Monday', 'Tuesday', 'Wednesday', 'Thursday', 'Friday', 'Saturday', 'Sunday'], 'opens': '5:0', 'closes': '10:30'}, {'@type': 'OpeningHoursSpecification', 'dayOfWeek': ['Monday', 'Tuesday', 'Wednesday', 'Thursday', 'Friday', 'Saturday', 'Sunday'], 'opens': '10:30', 'closes': '4:59'}]","{'@type': 'PostalAddress', 'addressLocality': 'Chico', 'addressRegion': 'CA', 'postalCode': '95926', 'addressCountry': 'US', 'streetAddress': '2516 Esplanade'}","{'@type': 'GeoCoordinates', 'latitude': 39.7566619, 'longitude': -121.8606765}","{'@type': 'AggregateRating', 'ratingValue': 3.6, 'reviewCount': '59'}"
TOGOs (2009 Forest Ave),https://www.ubereats.com/sacramento/food-delivery/togos-2009-forest-ave/S9pE55saS6y-2uaoOIxCAg,chico-california,"['Sandwich', 'American']",,,$,39.7262507,-121.8011412,+15303457331,95928,2009 Forest Ave,Chico,CA,"[{'@type': 'OpeningHoursSpecification', 'dayOfWeek': ['Monday', 'Tuesday', 'Wednesday', 'Thursday', 'Friday', 'Saturday', 'Sunday'], 'opens': '10:0', 'closes': '21:40'}]","{'@type': 'PostalAddress', 'addressLocality': 'Chico', 'addressRegion': 'CA', 'postalCode': '95928', 'addressCountry': 'US', 'streetAddress': '2009 Forest Ave'}","{'@type': 'GeoCoordinates', 'latitude': 39.7262507, 'longitude': -121.8011412}",{}
IHOP (2040 Business Lane),https://www.ubereats.com/sacramento/food-delivery/ihop-2040-business-lane/s7wdEDaVR7Op5XrBYFhIhA,chico-california,"['American', 'Breakfast and Brunch', 'burger', 'Comfort Food', 'Dinner', 'Omelette', 'salad', 'Traditional American', 'Family Meals']",4.4,26,$,39.7242655,-121.8065158,+15308934988,95928,2040 Business Lane,CHICO,CA,"[{'@type': 'OpeningHoursSpecification', 'dayOfWeek': ['Monday', 'Tuesday', 'Wednesday', 'Thursday', 'Friday', 'Saturday', 'Sunday'], 'opens': '7:0', 'closes': '21:35'}]","{'@type': 'PostalAddress', 'addressLocality': 'CHICO', 'addressRegion': 'CA', 'postalCode': '95928', 'addressCountry': 'US', 'streetAddress': '2040 Business Lane'}","{'@type': 'GeoCoordinates', 'latitude': 39.7242655, 'longitude': -121.8065158}","{'@type': 'AggregateRating', 'ratingValue': 4.4, 'reviewCount': '26'}"
Ali Baba,https://www.ubereats.com/sacramento/food-delivery/ali-baba/4bOLJF0sTQSQ0WxQdiRpsA,chico-california,"['Mediterranean', 'Middle Eastern']",4.9,30,$,39.72978371847082,-121.8417623306358,+15303455000,95928,138 Broadway St,Chico,California,"[{'@type': 'OpeningHoursSpecification', 'dayOfWeek': ['Sunday', 'Monday', 'Tuesday', 'Wednesday', 'Thursday', 'Friday'], 'opens': '11:0', 'closes': '19:0'}, {'@type': 'OpeningHoursSpecification', 'dayOfWeek': 'Saturday', 'opens': '12:0', 'closes': '19:0'}]","{'@type': 'PostalAddress', 'addressLocality': 'Chico', 'addressRegion': 'California', 'postalCode': '95928', 'addressCountry': 'US', 'streetAddress': '138 Broadway St'}","{'@type': 'GeoCoordinates', 'latitude': 39.72978371847082, 'longitude': -121.8417623306358}","{'@type': 'AggregateRating', 'ratingValue': 4.9, 'reviewCount': '30'}"
Chipotle Mexican Grill (620 Mangrove Ave),https://www.ubereats.com/sacramento/food-delivery/chipotle-mexican-grill-620-mangrove-ave/_CFcqzxwSzqCcQz4GbPiJg,chico-california,"['Healthy', 'Mexican']",4.5,100,$,39.73439169999999,-121.8351105,+15303438707,95926,620 Mangrove Ave,Chico,CA,"[{'@type': 'OpeningHoursSpecification', 'dayOfWeek': ['Monday', 'Tuesday', 'Wednesday', 'Thursday', 'Friday', 'Saturday', 'Sunday'], 'opens': '10:45', 'closes': '21:40'}]","{'@type': 'PostalAddress', 'addressLocality': 'Chico', 'addressRegion': 'CA', 'postalCode': '95926', 'addressCountry': 'US', 'streetAddress': '620 Mangrove Ave'}","{'@type': 'GeoCoordinates', 'latitude': 39.73439169999999, 'longitude': -121.8351105}","{'@type': 'AggregateRating', 'ratingValue': 4.5, 'reviewCount': '100'}"
Cozy Diner,https://www.ubereats.com/sacramento/food-delivery/cozy-diner/tcfBrXMNQaqSx_IFQrNw5w,chico-california,"['Burgers', 'American', 'Sandwiches']",,,$,39.7470511,-121.8426949,+15308951195,95926,1695 Mangrove Ave,Chico,CA,"[{'@type': 'OpeningHoursSpecification', 'dayOfWeek': ['Monday', 'Tuesday', 'Wednesday', 'Thursday', 'Friday', 'Saturday', 'Sunday'], 'opens': '7:0', 'closes': '19:0'}, {'@type': 'OpeningHoursSpecification', 'dayOfWeek': ['Monday', 'Tuesday', 'Wednesday', 'Thursday', 'Friday', 'Saturday', 'Sunday'], 'opens': '7:0', 'closes': '20:0'}, {'@type': 'OpeningHoursSpecification', 'dayOfWeek': ['Monday', 'Tuesday', 'Wednesday', 'Thursday', 'Friday', 'Saturday', 'Sunday'], 'opens': '7:0', 'closes': '20:0'}]","{'@type': 'PostalAddress', 'addressLocality': 'Chico', 'addressRegion': 'CA', 'postalCode': '95926', 'addressCountry': 'US', 'streetAddress': '1695 Mangrove Ave'}","{'@type': 'GeoCoordinates', 'latitude': 39.7470511, 'longitude': -121.8426949}",{}
Mulberry Station Brewing Company,https://www.ubereats.com/sacramento/food-delivery/mulberry-station-brewing-company/R7Xrjc9LQOO71Iu8kja8NA,chico-california,"['Pizza', 'Salads', 'Italian']",,,$,39.71957949999999,-121.822187,+17192503314,95928,175 East 20th Street Ste 100,Chico,CA,[],"{'@type': 'PostalAddress', 'addressLocality': 'Chico', 'addressRegion': 'CA', 'postalCode': '95928', 'addressCountry': 'US', 'streetAddress': '175 East 20th Street Ste 100'}","{'@type': 'GeoCoordinates', 'latitude': 39.71957949999999, 'longitude': -121.822187}",{}
Fresh Twisted Cafe,https://www.ubereats.com/sacramento/food-delivery/fresh-twisted-cafe/I7OqARZpR5KKPBxnwD8C6w,chico-california,"['Coffee and Tea', 'Sandwich', 'Burgers']",4.8,14,$,39.7727944,-121.8768703,+15308092489,,,,,"[{'@type': 'OpeningHoursSpecification', 'dayOfWeek': 'Sunday', 'opens': '7:0', 'closes': '16:0'}, {'@type': 'OpeningHoursSpecification', 'dayOfWeek': 'Sunday', 'opens': '6:30', 'closes': '19:0'}, {'@type': 'OpeningHoursSpecification', 'dayOfWeek': ['Monday', 'Tuesday', 'Wednesday', 'Thursday', 'Friday', 'Saturday'], 'opens': '6:30', 'closes': '19:0'}, {'@type': 'OpeningHoursSpecification', 'dayOfWeek': ['Monday', 'Tuesday', 'Wednesday', 'Thursday', 'Friday', 'Saturday'], 'opens': '6:30', 'closes': '19:0'}]",,"{'@type': 'GeoCoordinates', 'latitude': 39.7727944, 'longitude': -121.8768703}","{'@type': 'AggregateRating', 'ratingValue': 4.8, 'reviewCount': '14'}"
Panda Express (2443 Cohasset Rd.),https://www.ubereats.com/sacramento/food-delivery/panda-express-2443-cohasset-rd/8YJy7adLTgidkJljyAyLBw,chico-california,"['Chinese', 'Rice-bowls', 'Chicken', 'Family Meals']",4.3,100,$,39.7593193,-121.8441183,+15303457389,95926,2443 Cohasset Rd.,Chico,CA,"[{'@type': 'OpeningHoursSpecification', 'dayOfWeek': ['Monday', 'Tuesday', 'Wednesday', 'Thursday', 'Friday', 'Saturday', 'Sunday'], 'opens': '10:0', 'closes': '22:0'}]","{'@type': 'PostalAddress', 'addressLocality': 'Chico', 'addressRegion': 'CA', 'postalCode': '95926', 'addressCountry': 'US', 'streetAddress': '2443 Cohasset Rd.'}","{'@type': 'GeoCoordinates', 'latitude': 39.7593193, 'longitude': -121.8441183}","{'@type': 'AggregateRating', 'ratingValue': 4.3, 'reviewCount': '100'}"
Applebee's (2030 Business Lane),https://www.ubereats.com/sacramento/food-delivery/applebees-2030-business-lane/ryYlOlmyRUiTkc3Ffql2CQ,chico-california,"['American', 'Bar Food', 'BBQ', 'burger', 'Chicken Strips', 'Comfort Food', 'Dinner', 'pasta', 'salad', 'Sandwich', 'Soup', 'Steak', 'Traditional American', 'wings', 'Family Meals']",4.5,56,$$,39.72479550000001,-121.8063919,+15303436888,95928,2030 Business Lane,Chico,CA,"[{'@type': 'OpeningHoursSpecification', 'dayOfWeek': ['Sunday', 'Monday', 'Tuesday', 'Wednesday', 'Thursday'], 'opens': '11:0', 'closes': '20:30'}, {'@type': 'OpeningHoursSpecification', 'dayOfWeek': ['Friday', 'Saturday'], 'opens': '11:0', 'closes': '21:30'}]","{'@type': 'PostalAddress', 'addressLocality': 'Chico', 'addressRegion': 'CA', 'postalCode': '95928', 'addressCountry': 'US', 'streetAddress': '2030 Business Lane'}","{'@type': 'GeoCoordinates', 'latitude': 39.72479550000001, 'longitude': -121.8063919}","{'@type': 'AggregateRating', 'ratingValue': 4.5, 'reviewCount': '56'}"
Taco Bell (1930 East 20th St),https://www.ubereats.com/sacramento/food-delivery/taco-bell-1930-east-20th-st/KyD4zq-fRqes1SvDvhEYhA,chico-california,"['Burritos', 'Fast Food', 'Mexican']",3.9,16,$,39.72751279999999,-121.8065921,+15303428238,95928,1930 East 20th St,Chico,CA,"[{'@type': 'OpeningHoursSpecification', 'dayOfWeek': ['Sunday', 'Monday', 'Tuesday', 'Wednesday', 'Thursday'], 'opens': '14:0', 'closes': '17:0'}, {'@type': 'OpeningHoursSpecification', 'dayOfWeek': ['Sunday', 'Monday', 'Tuesday', 'Wednesday', 'Thursday'], 'opens': '7:0', 'closes': '23:30'}, {'@type': 'OpeningHoursSpecification', 'dayOfWeek': ['Sunday', 'Monday', 'Tuesday', 'Wednesday', 'Thursday'], 'opens': '7:0', 'closes': '10:30'}, {'@type': 'OpeningHoursSpecification', 'dayOfWeek': ['Friday', 'Saturday'], 'opens': '14:0', 'closes': '17:0'}, {'@type': 'OpeningHoursSpecification', 'dayOfWeek': ['Friday', 'Saturday'], 'opens': '7:0', 'closes': '10:30'}, {'@type': 'OpeningHoursSpecification', 'dayOfWeek': ['Friday', 'Saturday'], 'opens': '7:0', 'closes': '0:30'}]","{'@type': 'PostalAddress', 'addressLocality': 'Chico', 'addressRegion': 'CA', 'postalCode': '95928', 'addressCountry': 'US', 'streetAddress': '1930 East 20th St'}","{'@type': 'GeoCoordinates', 'latitude': 39.72751279999999, 'longitude': -121.8065921}","{'@type': 'AggregateRating', 'ratingValue': 3.9, 'reviewCount': '16'}"
Great Harvest Bread Co. (1141 Forest Ave),https://www.ubereats.com/sacramento/food-delivery/great-harvest-bread-co-1141-forest-ave/a7zkxoTRS_-O8EVwNtUbmA,chico-california,"['Sandwich', 'Bakery', 'Salads', 'Breakfast and Brunch', 'Healthy', 'Comfort Food', 'Deli']",4.8,10,$,39.738559,-121.8041865,+15303457155,95928,1141 Forest Ave,Chico,CA,"[{'@type': 'OpeningHoursSpecification', 'dayOfWeek': 'Monday', 'opens': '6:30', 'closes': '15:0'}, {'@type': 'OpeningHoursSpecification', 'dayOfWeek': 'Monday', 'opens': '6:0', 'closes': '16:0'}, {'@type': 'OpeningHoursSpecification', 'dayOfWeek': 'Tuesday', 'opens': '6:30', 'closes': '15:0'}, {'@type': 'OpeningHoursSpecification', 'dayOfWeek': 'Tuesday', 'opens': '6:0', 'closes': '16:0'}, {'@type': 'OpeningHoursSpecification', 'dayOfWeek': 'Wednesday', 'opens': '6:30', 'closes': '15:0'}, {'@type': 'OpeningHoursSpecification', 'dayOfWeek': 'Wednesday', 'opens': '6:0', 'closes': '16:0'}, {'@type': 'OpeningHoursSpecification', 'dayOfWeek': 'Thursday', 'opens': '6:30', 'closes': '15:0'}, {'@type': 'OpeningHoursSpecification', 'dayOfWeek': 'Thursday', 'opens': '6:0', 'closes': '16:0'}, {'@type': 'OpeningHoursSpecification', 'dayOfWeek': 'Friday', 'opens': '6:30', 'closes': '15:0'}, {'@type': 'OpeningHoursSpecification', 'dayOfWeek': 'Friday', 'opens': '6:0', 'closes': '16:0'}, {'@type': 'OpeningHoursSpecification', 'dayOfWeek': 'Saturday', 'opens': '7:0', 'closes': '14:30'}, {'@type': 'OpeningHoursSpecification', 'dayOfWeek': 'Saturday', 'opens': '7:0', 'closes': '15:0'}]","{'@type': 'PostalAddress', 'addressLocality': 'Chico', 'addressRegion': 'CA', 'postalCode': '95928', 'addressCountry': 'US', 'streetAddress': '1141 Forest Ave'}","{'@type': 'GeoCoordinates', 'latitude': 39.738559, 'longitude': -121.8041865}","{'@type': 'AggregateRating', 'ratingValue': 4.8, 'reviewCount': '10'}"
Unwined Kitchen ,https://www.ubereats.com/sacramento/food-delivery/unwined-kitchen/rg0xevB-QKeFM622qtxz8Q,chico-california,"['Traditional American', 'Breakfast and Brunch']",,,$$,39.73934727464551,-121.8364222752534,+15308092634,95926,980 Mangrove Ave,Chico,California,"[{'@type': 'OpeningHoursSpecification', 'dayOfWeek': ['Monday', 'Tuesday', 'Wednesday', 'Thursday', 'Friday', 'Saturday'], 'opens': '16:0', 'closes': '20:45'}]","{'@type': 'PostalAddress', 'addressLocality': 'Chico', 'addressRegion': 'California', 'postalCode': '95926', 'addressCountry': 'US', 'streetAddress': '980 Mangrove Ave'}","{'@type': 'GeoCoordinates', 'latitude': 39.73934727464551, 'longitude': -121.8364222752534}",{}
Burrito Barajas,https://www.ubereats.com/sacramento/food-delivery/burrito-barajas/na3fBhzUQOCtlosZdx9hTA,chico-california,"['Mexican', 'Latin American', 'New Mexican']",,,$,39.7247911,-121.8497896,+15305184811,95928,1013 W 1st St,Chico,CA,"[{'@type': 'OpeningHoursSpecification', 'dayOfWeek': 'Sunday', 'opens': '8:30', 'closes': '17:0'}, {'@type': 'OpeningHoursSpecification', 'dayOfWeek': ['Monday', 'Tuesday', 'Wednesday', 'Thursday', 'Friday', 'Saturday'], 'opens': '9:0', 'closes': '19:0'}]","{'@type': 'PostalAddress', 'addressLocality': 'Chico', 'addressRegion': 'CA', 'postalCode': '95928', 'addressCountry': 'US', 'streetAddress': '1013 W 1st St'}","{'@type': 'GeoCoordinates', 'latitude': 39.7247911, 'longitude': -121.8497896}",{}
Jack in the Box (1955 E 20th St),https://www.ubereats.com/sacramento/food-delivery/jack-in-the-box-1955-e-20th-st/dWfxkUKSTzeBm49tP3crcg,chico-california,"['American', 'burger', 'Fast Food']",4.1,40,$,39.7269247,-121.8027431,+15308942557,95928,1955 E 20th St,Chico,CA,"[{'@type': 'OpeningHoursSpecification', 'dayOfWeek': 'Sunday', 'opens': '7:0', 'closes': '0:0'}, {'@type': 'OpeningHoursSpecification', 'dayOfWeek': ['Monday', 'Tuesday', 'Wednesday', 'Thursday', 'Friday', 'Saturday'], 'opens': '7:0', 'closes': '1:0'}]","{'@type': 'PostalAddress', 'addressLocality': 'Chico', 'addressRegion': 'CA', 'postalCode': '95928', 'addressCountry': 'US', 'streetAddress': '1955 E 20th St'}","{'@type': 'GeoCoordinates', 'latitude': 39.7269247, 'longitude': -121.8027431}","{'@type': 'AggregateRating', 'ratingValue': 4.1, 'reviewCount': '40'}"
Chicago's Pizza With A Twist (Chico),https://www.ubereats.com/sacramento/food-delivery/chicagos-pizza-with-a-twist-chico/A95J5Zj6QHKr0bwm9hZPCg,chico-california,"['Pizza', 'American', 'Indian', 'Family Meals']",4.1,18,$$$,39.7317153,-121.8588721,+15309655550,95926,1008 W Sacramento Ave,Chico,California,"[{'@type': 'OpeningHoursSpecification', 'dayOfWeek': ['Monday', 'Tuesday', 'Wednesday', 'Thursday', 'Friday', 'Saturday', 'Sunday'], 'opens': '11:0', 'closes': '21:40'}]","{'@type': 'PostalAddress', 'addressLocality': 'Chico', 'addressRegion': 'California', 'postalCode': '95926', 'addressCountry': 'US', 'streetAddress': '1008 W Sacramento Ave'}","{'@type': 'GeoCoordinates', 'latitude': 39.7317153, 'longitude': -121.8588721}","{'@type': 'AggregateRating', 'ratingValue': 4.1, 'reviewCount': '18'}"
Burger King (2520 Notre Dame Boulevard),https://www.ubereats.com/sacramento/food-delivery/burger-king-2520-notre-dame-boulevard/8x95EJnVSJmg-0oN0hVb-w,chico-california,"['American', 'burger', 'Fast Food']",,,$,39.7143634,-121.7956255,+15308939560,95928,2520 Notre Dame Boulevard,Chico,CA,"[{'@type': 'OpeningHoursSpecification', 'dayOfWeek': 'Sunday', 'opens': '7:30', 'closes': '10:29'}, {'@type': 'OpeningHoursSpecification', 'dayOfWeek': 'Sunday', 'opens': '10:30', 'closes': '22:30'}, {'@type': 'OpeningHoursSpecification', 'dayOfWeek': ['Monday', 'Tuesday', 'Wednesday', 'Thursday'], 'opens': '6:30', 'closes': '10:29'}, {'@type': 'OpeningHoursSpecification', 'dayOfWeek': ['Monday', 'Tuesday', 'Wednesday', 'Thursday'], 'opens': '10:30', 'closes': '22:30'}, {'@type': 'OpeningHoursSpecification', 'dayOfWeek': ['Friday', 'Saturday'], 'opens': '6:30', 'closes': '10:29'}, {'@type': 'OpeningHoursSpecification', 'dayOfWeek': ['Friday', 'Saturday'], 'opens': '10:30', 'closes': '23:30'}]","{'@type': 'PostalAddress', 'addressLocality': 'Chico', 'addressRegion': 'CA', 'postalCode': '95928', 'addressCountry': 'US', 'streetAddress': '2520 Notre Dame Boulevard'}","{'@type': 'GeoCoordinates', 'latitude': 39.7143634, 'longitude': -121.7956255}",{}
Burger Hut,https://www.ubereats.com/sacramento/food-delivery/burger-hut/vkzGp0raR4mNJGxaewjv2A,chico-california,"['Burgers', 'American', 'Sandwiches']",,,$,39.7744414,-121.8440294,+15302284170,95973,3211 Cohasset Rd 140,Chico,CA,"[{'@type': 'OpeningHoursSpecification', 'dayOfWeek': ['Monday', 'Tuesday', 'Wednesday', 'Thursday', 'Friday', 'Saturday'], 'opens': '11:0', 'closes': '18:30'}]","{'@type': 'PostalAddress', 'addressLocality': 'Chico', 'addressRegion': 'CA', 'postalCode': '95973', 'addressCountry': 'US', 'streetAddress': '3211 Cohasset Rd 140'}","{'@type': 'GeoCoordinates', 'latitude': 39.7744414, 'longitude': -121.8440294}",{}
La Familia Restaurant,https://www.ubereats.com/sacramento/food-delivery/la-familia-restaurant/i0d2CT31Sx-BbMFwBRmZ1w,chico-california,"['Mexican', 'Latin American', 'New Mexican']",4.6,68,$,39.7317153,-121.8588721,+15308989029,95926,1008 W Sacramento Ave,Chico,CA,"[{'@type': 'OpeningHoursSpecification', 'dayOfWeek': 'Sunday', 'opens': '10:0', 'closes': '22:0'}, {'@type': 'OpeningHoursSpecification', 'dayOfWeek': 'Sunday', 'opens': '11:0', 'closes': '22:0'}, {'@type': 'OpeningHoursSpecification', 'dayOfWeek': ['Monday', 'Tuesday', 'Wednesday', 'Thursday', 'Friday'], 'opens': '10:0', 'closes': '22:0'}, {'@type': 'OpeningHoursSpecification', 'dayOfWeek': ['Monday', 'Tuesday', 'Wednesday', 'Thursday', 'Friday'], 'opens': '11:0', 'closes': '22:0'}, {'@type': 'OpeningHoursSpecification', 'dayOfWeek': ['Monday', 'Tuesday', 'Wednesday', 'Thursday', 'Friday'], 'opens': '11:0', 'closes': '22:0'}, {'@type': 'OpeningHoursSpecification', 'dayOfWeek': 'Saturday', 'opens': '10:0', 'closes': '22:0'}, {'@type': 'OpeningHoursSpecification', 'dayOfWeek': 'Saturday', 'opens': '11:0', 'closes': '22:0'}]","{'@type': 'PostalAddress', 'addressLocality': 'Chico', 'addressRegion': 'CA', 'postalCode': '95926', 'addressCountry': 'US', 'streetAddress': '1008 W Sacramento Ave'}","{'@type': 'GeoCoordinates', 'latitude': 39.7317153, 'longitude': -121.8588721}","{'@type': 'AggregateRating', 'ratingValue': 4.6, 'reviewCount': '68'}"
House of Dumplings (No MSG),https://www.ubereats.com/sacramento/food-delivery/house-of-dumplings-no-msg/R5wgTJdsSBCB7qJGpmaNHg,chico-california,"['Chinese', 'Asian', 'Asian Fusion']",4.1,33,$,39.7315106,-121.8584403,+15303431788,,,,,"[{'@type': 'OpeningHoursSpecification', 'dayOfWeek': 'Sunday', 'opens': '11:0', 'closes': '0:0'}, {'@type': 'OpeningHoursSpecification', 'dayOfWeek': 'Sunday', 'opens': '11:0', 'closes': '17:0'}, {'@type': 'OpeningHoursSpecification', 'dayOfWeek': 'Sunday', 'opens': '0:0', 'closes': '0:0'}, {'@type': 'OpeningHoursSpecification', 'dayOfWeek': 'Sunday', 'opens': '17:0', 'closes': '22:0'}, {'@type': 'OpeningHoursSpecification', 'dayOfWeek': 'Monday', 'opens': '11:0', 'closes': '0:0'}, {'@type': 'OpeningHoursSpecification', 'dayOfWeek': 'Monday', 'opens': '11:0', 'closes': '17:0'}, {'@type': 'OpeningHoursSpecification', 'dayOfWeek': 'Monday', 'opens': '17:0', 'closes': '0:0'}, {'@type': 'OpeningHoursSpecification', 'dayOfWeek': 'Tuesday', 'opens': '11:0', 'closes': '0:0'}, {'@type': 'OpeningHoursSpecification', 'dayOfWeek': 'Tuesday', 'opens': '11:0', 'closes': '17:0'}, {'@type': 'OpeningHoursSpecification', 'dayOfWeek': 'Tuesday', 'opens': '17:0', 'closes': '22:0'}, {'@type': 'OpeningHoursSpecification', 'dayOfWeek': 'Wednesday', 'opens': '11:0', 'closes': '0:0'}, {'@type': 'OpeningHoursSpecification', 'dayOfWeek': 'Wednesday', 'opens': '11:0', 'closes': '17:0'}, {'@type': 'OpeningHoursSpecification', 'dayOfWeek': 'Wednesday', 'opens': '17:0', 'closes': '0:0'}, {'@type': 'OpeningHoursSpecification', 'dayOfWeek': 'Thursday', 'opens': '0:0', 'closes': '1:30'}, {'@type': 'OpeningHoursSpecification', 'dayOfWeek': 'Thursday', 'opens': '11:0', 'closes': '1:30'}, {'@type': 'OpeningHoursSpecification', 'dayOfWeek': 'Thursday', 'opens': '11:0', 'closes': '17:0'}, {'@type': 'OpeningHoursSpecification', 'dayOfWeek': 'Thursday', 'opens': '17:0', 'closes': '0:0'}, {'@type': 'OpeningHoursSpecification', 'dayOfWeek': 'Friday', 'opens': '0:0', 'closes': '1:30'}, {'@type': 'OpeningHoursSpecification', 'dayOfWeek': 'Friday', 'opens': '11:0', 'closes': '1:30'}, {'@type': 'OpeningHoursSpecification', 'dayOfWeek': 'Friday', 'opens': '11:0', 'closes': '17:0'}, {'@type': 'OpeningHoursSpecification', 'dayOfWeek': 'Friday', 'opens': '17:0', 'closes': '23:59'}, {'@type': 'OpeningHoursSpecification', 'dayOfWeek': 'Saturday', 'opens': '0:0', 'closes': '1:30'}, {'@type': 'OpeningHoursSpecification', 'dayOfWeek': 'Saturday', 'opens': '11:0', 'closes': '1:30'}, {'@type': 'OpeningHoursSpecification', 'dayOfWeek': 'Saturday', 'opens': '11:0', 'closes': '17:0'}, {'@type': 'OpeningHoursSpecification', 'dayOfWeek': 'Saturday', 'opens': '17:0', 'closes': '1:30'}, {'@type': 'OpeningHoursSpecification', 'dayOfWeek': 'Saturday', 'opens': '17:0', 'closes': '23:59'}]",,"{'@type': 'GeoCoordinates', 'latitude': 39.7315106, 'longitude': -121.8584403}","{'@type': 'AggregateRating', 'ratingValue': 4.1, 'reviewCount': '33'}"
Denny's (675 Manzanita Court),https://www.ubereats.com/sacramento/food-delivery/dennys-675-manzanita-court/pcY9a5XvRtm1r8YDhsA-XQ,chico-california,"['American', 'Breakfast and Brunch', 'Coffee and Tea', 'Dinner', 'Desserts', 'Salads', 'Steak', 'Sandwich', 'Family Meals']",3.7,56,$$,39.7527579,-121.8444981,+15303451146,95926,675 Manzanita Court,Chico,CA,"[{'@type': 'OpeningHoursSpecification', 'dayOfWeek': ['Monday', 'Tuesday', 'Wednesday', 'Thursday', 'Friday', 'Saturday', 'Sunday'], 'opens': '6:0', 'closes': '3:0'}]","{'@type': 'PostalAddress', 'addressLocality': 'Chico', 'addressRegion': 'CA', 'postalCode': '95926', 'addressCountry': 'US', 'streetAddress': '675 Manzanita Court'}","{'@type': 'GeoCoordinates', 'latitude': 39.7527579, 'longitude': -121.8444981}","{'@type': 'AggregateRating', 'ratingValue': 3.7, 'reviewCount': '56'}"
I Fish Poke Bar Thai,https://www.ubereats.com/sacramento/food-delivery/i-fish-poke-bar-thai/zE3nJZ5dQkWh8Rd88HxYJw,chico-california,"['Thai', 'Sushi']",4.5,89,$$,39.7317153,-121.8588721,+15308921868,95926,1008 W Sacramento Ave,Chico,California,"[{'@type': 'OpeningHoursSpecification', 'dayOfWeek': 'Sunday', 'opens': '12:0', 'closes': '20:0'}, {'@type': 'OpeningHoursSpecification', 'dayOfWeek': ['Tuesday', 'Wednesday', 'Thursday', 'Friday', 'Saturday'], 'opens': '11:0', 'closes': '15:0'}, {'@type': 'OpeningHoursSpecification', 'dayOfWeek': ['Tuesday', 'Wednesday', 'Thursday', 'Friday', 'Saturday'], 'opens': '17:0', 'closes': '20:0'}]","{'@type': 'PostalAddress', 'addressLocality': 'Chico', 'addressRegion': 'California', 'postalCode': '95926', 'addressCountry': 'US', 'streetAddress': '1008 W Sacramento Ave'}","{'@type': 'GeoCoordinates', 'latitude': 39.7317153, 'longitude': -121.8588721}","{'@type': 'AggregateRating', 'ratingValue': 4.5, 'reviewCount': '89'}"
Subway (1398 East Ave Ste 200),https://www.ubereats.com/sacramento/food-delivery/subway-1398-east-ave-ste-200/1O44H5acQ8GKu1QwwKxV2A,chico-california,"['Fast Food', 'Sandwich', 'American']",,,$,39.7615542,-121.820256,+15308948757,95926,1398 East Ave Ste 200,Chico,CA,"[{'@type': 'OpeningHoursSpecification', 'dayOfWeek': ['Monday', 'Tuesday', 'Wednesday', 'Thursday', 'Friday', 'Saturday', 'Sunday'], 'opens': '9:0', 'closes': '18:30'}]","{'@type': 'PostalAddress', 'addressLocality': 'Chico', 'addressRegion': 'CA', 'postalCode': '95926', 'addressCountry': 'US', 'streetAddress': '1398 East Ave Ste 200'}","{'@type': 'GeoCoordinates', 'latitude': 39.7615542, 'longitude': -121.820256}",{}
The Jack In The Box (2542 Esplanade),https://www.ubereats.com/sacramento/food-delivery/the-jack-in-the-box-2542-esplanade/ajfCmNErSxmsmpVkmjxLhg,chico-california,"['Burgers', 'American', 'Sandwiches']",4.3,11,$,39.7575602,-121.8617573,+15308946910,95973,2542 Esplanade,Chico,CA,"[{'@type': 'OpeningHoursSpecification', 'dayOfWeek': ['Sunday', 'Monday', 'Tuesday', 'Wednesday', 'Thursday'], 'opens': '6:0', 'closes': '1:0'}, {'@type': 'OpeningHoursSpecification', 'dayOfWeek': ['Friday', 'Saturday'], 'opens': '6:0', 'closes': '3:0'}]","{'@type': 'PostalAddress', 'addressLocality': 'Chico', 'addressRegion': 'CA', 'postalCode': '95973', 'addressCountry': 'US', 'streetAddress': '2542 Esplanade'}","{'@type': 'GeoCoordinates', 'latitude': 39.7575602, 'longitude': -121.8617573}","{'@type': 'AggregateRating', 'ratingValue': 4.3, 'reviewCount': '11'}"
Coffee Ranch,https://www.ubereats.com/sacramento/food-delivery/coffee-ranch/eNXhGl-jQFeV6a9rCWBu0A,chico-california,['Coffee and Tea'],,,$,39.7500645,-121.8259822,+15308099338,95926,1288 E 1st Ave,Chico,California,"[{'@type': 'OpeningHoursSpecification', 'dayOfWeek': 'Sunday', 'opens': '7:30', 'closes': '13:30'}, {'@type': 'OpeningHoursSpecification', 'dayOfWeek': ['Monday', 'Tuesday', 'Wednesday', 'Thursday', 'Friday'], 'opens': '6:30', 'closes': '16:30'}, {'@type': 'OpeningHoursSpecification', 'dayOfWeek': ['Monday', 'Tuesday', 'Wednesday', 'Thursday', 'Friday'], 'opens': '11:0', 'closes': '13:30'}, {'@type': 'OpeningHoursSpecification', 'dayOfWeek': 'Saturday', 'opens': '7:30', 'closes': '13:30'}]","{'@type': 'PostalAddress', 'addressLocality': 'Chico', 'addressRegion': 'California', 'postalCode': '95926', 'addressCountry': 'US', 'streetAddress': '1288 E 1st Ave'}","{'@type': 'GeoCoordinates', 'latitude': 39.7500645, 'longitude': -121.8259822}",{}
Subway (1947 E 20Th St Ste A),https://www.ubereats.com/sacramento/food-delivery/subway-1947-e-20th-st-ste-a/7m-em0ILQxel90ZIWwXw-g,chico-california,"['Fast Food', 'Sandwich', 'American']",,,$,39.7269276,-121.8035179,+15303435803,95928,1947 E 20Th St Ste A,Chico,CA,"[{'@type': 'OpeningHoursSpecification', 'dayOfWeek': ['Monday', 'Tuesday', 'Wednesday', 'Thursday', 'Friday', 'Saturday', 'Sunday'], 'opens': '9:30', 'closes': '20:30'}]","{'@type': 'PostalAddress', 'addressLocality': 'Chico', 'addressRegion': 'CA', 'postalCode': '95928', 'addressCountry': 'US', 'streetAddress': '1947 E 20Th St Ste A'}","{'@type': 'GeoCoordinates', 'latitude': 39.7269276, 'longitude': -121.8035179}",{}
Taco Bell (757 East Avenue),https://www.ubereats.com/sacramento/food-delivery/taco-bell-757-east-avenue/0JcWu4z0Q0CQ3ab9fiaGhA,chico-california,"['Burritos', 'Fast Food', 'Mexican']",4.2,82,$,39.76063519999999,-121.8489,+15308921476,95926,757 East Avenue,Chico,CA,"[{'@type': 'OpeningHoursSpecification', 'dayOfWeek': ['Sunday', 'Monday', 'Tuesday'], 'opens': '14:0', 'closes': '17:0'}, {'@type': 'OpeningHoursSpecification', 'dayOfWeek': ['Sunday', 'Monday', 'Tuesday'], 'opens': '7:0', 'closes': '19:30'}, {'@type': 'OpeningHoursSpecification', 'dayOfWeek': ['Sunday', 'Monday', 'Tuesday'], 'opens': '7:0', 'closes': '10:30'}, {'@type': 'OpeningHoursSpecification', 'dayOfWeek': 'Wednesday', 'opens': '14:0', 'closes': '17:0'}, {'@type': 'OpeningHoursSpecification', 'dayOfWeek': 'Wednesday', 'opens': '7:0', 'closes': '10:30'}, {'@type': 'OpeningHoursSpecification', 'dayOfWeek': 'Wednesday', 'opens': '7:0', 'closes': '16:30'}, {'@type': 'OpeningHoursSpecification', 'dayOfWeek': ['Thursday', 'Friday', 'Saturday'], 'opens': '14:0', 'closes': '17:0'}, {'@type': 'OpeningHoursSpecification', 'dayOfWeek': ['Thursday', 'Friday', 'Saturday'], 'opens': '7:0', 'closes': '19:30'}, {'@type': 'OpeningHoursSpecification', 'dayOfWeek': ['Thursday', 'Friday', 'Saturday'], 'opens': '7:0', 'closes': '10:30'}]","{'@type': 'PostalAddress', 'addressLocality': 'Chico', 'addressRegion': 'CA', 'postalCode': '95926', 'addressCountry': 'US', 'streetAddress': '757 East Avenue'}","{'@type': 'GeoCoordinates', 'latitude': 39.76063519999999, 'longitude': -121.8489}","{'@type': 'AggregateRating', 'ratingValue': 4.2, 'reviewCount': '82'}"
Buffalo Wild Wings (845 East Street),https://www.ubereats.com/sacramento/food-delivery/buffalo-wild-wings-845-east-street/8_wBKgnrSy-sZjf41vl8Ag,chico-california,['wings'],3.8,38,$$,39.7597552,-121.84483,+15305923251,95926,845 East Ave,Chico,CA,"[{'@type': 'OpeningHoursSpecification', 'dayOfWeek': ['Monday', 'Tuesday', 'Wednesday', 'Thursday', 'Friday', 'Saturday', 'Sunday'], 'opens': '11:0', 'closes': '21:30'}]","{'@type': 'PostalAddress', 'addressLocality': 'Chico', 'addressRegion': 'CA', 'postalCode': '95926', 'addressCountry': 'US', 'streetAddress': '845 East Ave'}","{'@type': 'GeoCoordinates', 'latitude': 39.7597552, 'longitude': -121.84483}","{'@type': 'AggregateRating', 'ratingValue': 3.8, 'reviewCount': '38'}"
Chipotle Mexican Grill (962 East Ave.),https://www.ubereats.com/sacramento/food-delivery/chipotle-mexican-grill-962-east-ave/UKxjl9HdTnWuNI9qOMPc2w,chico-california,"['Healthy', 'Mexican']",,,$,39.761161,-121.8421775,+15309245953,95926,962 East Ave.,Chico,CA,"[{'@type': 'OpeningHoursSpecification', 'dayOfWeek': ['Monday', 'Tuesday', 'Wednesday', 'Thursday', 'Friday', 'Saturday', 'Sunday'], 'opens': '10:45', 'closes': '21:40'}]","{'@type': 'PostalAddress', 'addressLocality': 'Chico', 'addressRegion': 'CA', 'postalCode': '95926', 'addressCountry': 'US', 'streetAddress': '962 East Ave.'}","{'@type': 'GeoCoordinates', 'latitude': 39.761161, 'longitude': -121.8421775}",{}
Del Taco (1957 East 20th St.),https://www.ubereats.com/sacramento/food-delivery/del-taco-1957-east-20th-st/FKJGTkiHTvOTcfz9-lrrEA,chico-california,"['Fast Food', 'Mexican', 'Tacos']",4.1,21,$,39.72703489999999,-121.8019644,+15308090765,95928,1957 East 20th St.,Chico,CA,"[{'@type': 'OpeningHoursSpecification', 'dayOfWeek': 'Sunday', 'opens': '8:0', 'closes': '23:0'}, {'@type': 'OpeningHoursSpecification', 'dayOfWeek': 'Monday', 'opens': '7:0', 'closes': '23:0'}, {'@type': 'OpeningHoursSpecification', 'dayOfWeek': ['Tuesday', 'Wednesday', 'Thursday'], 'opens': '7:0', 'closes': '23:59'}, {'@type': 'OpeningHoursSpecification', 'dayOfWeek': 'Friday', 'opens': '7:0', 'closes': '1:0'}, {'@type': 'OpeningHoursSpecification', 'dayOfWeek': 'Saturday', 'opens': '8:0', 'closes': '1:0'}]","{'@type': 'PostalAddress', 'addressLocality': 'Chico', 'addressRegion': 'CA', 'postalCode': '95928', 'addressCountry': 'US', 'streetAddress': '1957 East 20th St.'}","{'@type': 'GeoCoordinates', 'latitude': 39.72703489999999, 'longitude': -121.8019644}","{'@type': 'AggregateRating', 'ratingValue': 4.1, 'reviewCount': '21'}"
McDonald's® (2452 CONNORS AVE),https://www.ubereats.com/sacramento/food-delivery/mcdonalds-2452-connors-ave/kFg0p1yJTgapSjRwILqPvQ,chico-california,"['American', 'Burgers', 'Fast Food']",4.3,42,$,39.759289,-121.856593,+15308959740,95926-1172,2452 CONNORS AVE,CHICO,CA,"[{'@type': 'OpeningHoursSpecification', 'dayOfWeek': ['Sunday', 'Monday', 'Tuesday', 'Wednesday', 'Thursday'], 'opens': '5:0', 'closes': '10:29'}, {'@type': 'OpeningHoursSpecification', 'dayOfWeek': ['Sunday', 'Monday', 'Tuesday', 'Wednesday', 'Thursday'], 'opens': '10:30', 'closes': '16:59'}, {'@type': 'OpeningHoursSpecification', 'dayOfWeek': ['Sunday', 'Monday', 'Tuesday', 'Wednesday', 'Thursday'], 'opens': '17:0', 'closes': '1:14'}, {'@type': 'OpeningHoursSpecification', 'dayOfWeek': ['Friday', 'Saturday'], 'opens': '5:0', 'closes': '10:29'}, {'@type': 'OpeningHoursSpecification', 'dayOfWeek': ['Friday', 'Saturday'], 'opens': '10:30', 'closes': '16:59'}, {'@type': 'OpeningHoursSpecification', 'dayOfWeek': ['Friday', 'Saturday'], 'opens': '17:0', 'closes': '1:44'}]","{'@type': 'PostalAddress', 'addressLocality': 'CHICO', 'addressRegion': 'CA', 'postalCode': '95926-1172', 'addressCountry': 'US', 'streetAddress': '2452 CONNORS AVE'}","{'@type': 'GeoCoordinates', 'latitude': 39.759289, 'longitude': -121.856593}","{'@type': 'AggregateRating', 'ratingValue': 4.3, 'reviewCount': '42'}"
Arby's (2485 Notre Dame Blvd),https://www.ubereats.com/sacramento/food-delivery/arbys-2485-notre-dame-blvd/hBSf6wUqRqiqENkdr60v2Q,chico-california,"['American', 'Sandwiches', 'Deli']",4.3,28,$,39.715981899999996,-121.7933001,+15303456457,95928,2485 Notre Dame Blvd,Chico,CA,"[{'@type': 'OpeningHoursSpecification', 'dayOfWeek': ['Sunday', 'Monday', 'Tuesday'], 'opens': '8:30', 'closes': '22:0'}, {'@type': 'OpeningHoursSpecification', 'dayOfWeek': ['Wednesday', 'Thursday', 'Friday', 'Saturday'], 'opens': '8:30', 'closes': '22:30'}]","{'@type': 'PostalAddress', 'addressLocality': 'Chico', 'addressRegion': 'CA', 'postalCode': '95928', 'addressCountry': 'US', 'streetAddress': '2485 Notre Dame Blvd'}","{'@type': 'GeoCoordinates', 'latitude': 39.715981899999996, 'longitude': -121.7933001}","{'@type': 'AggregateRating', 'ratingValue': 4.3, 'reviewCount': '28'}"
Pizza Guys (Chico),https://www.ubereats.com/sacramento/food-delivery/pizza-guys-chico/dkS-T5fkReWwlURwZJMOTg,chico-california,"['Pizza', 'Wings', 'Pasta']",4.6,26,$,39.760299,-121.8437625,+15308948888,95926,2471 Cohasset Rd,Chico,CA,"[{'@type': 'OpeningHoursSpecification', 'dayOfWeek': ['Sunday', 'Monday', 'Tuesday', 'Wednesday', 'Thursday'], 'opens': '10:0', 'closes': '21:45'}, {'@type': 'OpeningHoursSpecification', 'dayOfWeek': ['Friday', 'Saturday'], 'opens': '10:0', 'closes': '22:45'}]","{'@type': 'PostalAddress', 'addressLocality': 'Chico', 'addressRegion': 'CA', 'postalCode': '95926', 'addressCountry': 'US', 'streetAddress': '2471 Cohasset Rd'}","{'@type': 'GeoCoordinates', 'latitude': 39.760299, 'longitude': -121.8437625}","{'@type': 'AggregateRating', 'ratingValue': 4.6, 'reviewCount': '26'}"
McDonald's® (655 PALMETTO AVE),https://www.ubereats.com/sacramento/food-delivery/mcdonalds-655-palmetto-ave/qm6kgjmxSrC8Rnt4hQXaJg,chico-california,"['American', 'Burgers', 'Fast Food']",4.5,100,$,39.737907,-121.835311,+15308959900,95926-4099,655 PALMETTO AVE,CHICO,CA,"[{'@type': 'OpeningHoursSpecification', 'dayOfWeek': ['Sunday', 'Monday', 'Tuesday', 'Wednesday', 'Thursday'], 'opens': '5:0', 'closes': '10:29'}, {'@type': 'OpeningHoursSpecification', 'dayOfWeek': ['Sunday', 'Monday', 'Tuesday', 'Wednesday', 'Thursday'], 'opens': '10:30', 'closes': '16:59'}, {'@type': 'OpeningHoursSpecification', 'dayOfWeek': ['Sunday', 'Monday', 'Tuesday', 'Wednesday', 'Thursday'], 'opens': '17:0', 'closes': '23:14'}, {'@type': 'OpeningHoursSpecification', 'dayOfWeek': ['Friday', 'Saturday'], 'opens': '5:0', 'closes': '10:29'}, {'@type': 'OpeningHoursSpecification', 'dayOfWeek': ['Friday', 'Saturday'], 'opens': '10:30', 'closes': '16:59'}, {'@type': 'OpeningHoursSpecification', 'dayOfWeek': ['Friday', 'Saturday'], 'opens': '17:0', 'closes': '0:14'}]","{'@type': 'PostalAddress', 'addressLocality': 'CHICO', 'addressRegion': 'CA', 'postalCode': '95926-4099', 'addressCountry': 'US', 'streetAddress': '655 PALMETTO AVE'}","{'@type': 'GeoCoordinates', 'latitude': 39.737907, 'longitude': -121.835311}","{'@type': 'AggregateRating', 'ratingValue': 4.5, 'reviewCount': '100'}"
McDonald's® (2444 NOTRE DAME BLVD),https://www.ubereats.com/sacramento/food-delivery/mcdonalds-2444-notre-dame-blvd/LY9J0jHUTv-wU_UW7TNPZw,chico-california,"['American', 'Burgers', 'Fast Food']",4.5,16,$,39.7166,-121.795623,+15308991285,95928-7136,2444 NOTRE DAME BLVD,CHICO,CA,"[{'@type': 'OpeningHoursSpecification', 'dayOfWeek': ['Sunday', 'Monday', 'Tuesday', 'Wednesday', 'Thursday'], 'opens': '5:0', 'closes': '10:29'}, {'@type': 'OpeningHoursSpecification', 'dayOfWeek': ['Sunday', 'Monday', 'Tuesday', 'Wednesday', 'Thursday'], 'opens': '10:30', 'closes': '16:59'}, {'@type': 'OpeningHoursSpecification', 'dayOfWeek': ['Sunday', 'Monday', 'Tuesday', 'Wednesday', 'Thursday'], 'opens': '17:0', 'closes': '22:14'}, {'@type': 'OpeningHoursSpecification', 'dayOfWeek': ['Friday', 'Saturday'], 'opens': '5:0', 'closes': '10:29'}, {'@type': 'OpeningHoursSpecification', 'dayOfWeek': ['Friday', 'Saturday'], 'opens': '10:30', 'closes': '16:59'}, {'@type': 'OpeningHoursSpecification', 'dayOfWeek': ['Friday', 'Saturday'], 'opens': '17:0', 'closes': '23:14'}]","{'@type': 'PostalAddress', 'addressLocality': 'CHICO', 'addressRegion': 'CA', 'postalCode': '95928-7136', 'addressCountry': 'US', 'streetAddress': '2444 NOTRE DAME BLVD'}","{'@type': 'GeoCoordinates', 'latitude': 39.7166, 'longitude': -121.795623}","{'@type': 'AggregateRating', 'ratingValue': 4.5, 'reviewCount': '16'}"
Starbucks (East & Cohasset),https://www.ubereats.com/sacramento/food-delivery/starbucks-east-%26-cohasset/PjW5-BA7S3uLrrgWVSfuAQ,chico-california,"['Bakery', 'Breakfast and Brunch', 'Cafe', 'Coffee & Tea']",4.6,88,$,39.76059900000001,-121.844919,+15308941323,95926,851 East Ave,Chico,CA,"[{'@type': 'OpeningHoursSpecification', 'dayOfWeek': 'Sunday', 'opens': '5:30', 'closes': '21:0'}, {'@type': 'OpeningHoursSpecification', 'dayOfWeek': ['Monday', 'Tuesday', 'Wednesday', 'Thursday'], 'opens': '4:30', 'closes': '21:0'}, {'@type': 'OpeningHoursSpecification', 'dayOfWeek': ['Friday', 'Saturday'], 'opens': '4:30', 'closes': '22:0'}]","{'@type': 'PostalAddress', 'addressLocality': 'Chico', 'addressRegion': 'CA', 'postalCode': '95926', 'addressCountry': 'US', 'streetAddress': '851 East Ave'}","{'@type': 'GeoCoordinates', 'latitude': 39.76059900000001, 'longitude': -121.844919}","{'@type': 'AggregateRating', 'ratingValue': 4.6, 'reviewCount': '88'}"
Woodstock's Pizza - Chico,https://www.ubereats.com/sacramento/food-delivery/woodstocks-pizza-chico/U0isOm57QYSSY71mAPIBsg,chico-california,"['Pizza', 'Gluten Free', 'Vegetarian', 'Salads', 'Sandwich', 'Vegan', 'Comfort Food', 'Wings', 'Family Meals']",4.9,49,$$,39.72962769999999,-121.8399917,+15308931500,,,,,"[{'@type': 'OpeningHoursSpecification', 'dayOfWeek': ['Sunday', 'Monday', 'Tuesday', 'Wednesday', 'Thursday'], 'opens': '11:0', 'closes': '23:0'}, {'@type': 'OpeningHoursSpecification', 'dayOfWeek': ['Friday', 'Saturday'], 'opens': '11:0', 'closes': '23:59'}]",,"{'@type': 'GeoCoordinates', 'latitude': 39.72962769999999, 'longitude': -121.8399917}","{'@type': 'AggregateRating', 'ratingValue': 4.9, 'reviewCount': '49'}"
Starbucks (Chico - 246 Broadway Street),https://www.ubereats.com/sacramento/food-delivery/starbucks-chico-246-broadway-street/BO0igOpcQQeg9gOQVFN1-w,chico-california,"['Bakery', 'Breakfast and Brunch', 'Cafe', 'Coffee & Tea']",4.8,100,$,39.7289813,-121.840879,+15303438182,95928,246 Broadway,Chico,CA,"[{'@type': 'OpeningHoursSpecification', 'dayOfWeek': 'Sunday', 'opens': '6:0', 'closes': '19:0'}, {'@type': 'OpeningHoursSpecification', 'dayOfWeek': ['Monday', 'Tuesday', 'Wednesday', 'Thursday', 'Friday'], 'opens': '5:30', 'closes': '19:0'}, {'@type': 'OpeningHoursSpecification', 'dayOfWeek': 'Saturday', 'opens': '6:0', 'closes': '20:0'}]","{'@type': 'PostalAddress', 'addressLocality': 'Chico', 'addressRegion': 'CA', 'postalCode': '95928', 'addressCountry': 'US', 'streetAddress': '246 Broadway'}","{'@type': 'GeoCoordinates', 'latitude': 39.7289813, 'longitude': -121.840879}","{'@type': 'AggregateRating', 'ratingValue': 4.8, 'reviewCount': '100'}"
Main Street Pizza,https://www.ubereats.com/sacramento/food-delivery/main-street-pizza/4TcJvFbIRp2qw9IRQGgNZQ,chico-california,"['Pizza', 'Italian']",,,$,39.7292641,-121.8388361,+15303456246,95928,331 Main St,Chico,California,"[{'@type': 'OpeningHoursSpecification', 'dayOfWeek': ['Wednesday', 'Thursday', 'Friday', 'Saturday'], 'opens': '17:0', 'closes': '0:0'}]","{'@type': 'PostalAddress', 'addressLocality': 'Chico', 'addressRegion': 'California', 'postalCode': '95928', 'addressCountry': 'US', 'streetAddress': '331 Main St'}","{'@type': 'GeoCoordinates', 'latitude': 39.7292641, 'longitude': -121.8388361}",{}
Starbucks (20th & Forest - Chico),https://www.ubereats.com/sacramento/food-delivery/starbucks-20th-%26-forest-chico/dcAwvXCCSAe3cp99I5tTXA,chico-california,"['Bakery', 'Breakfast and Brunch', 'Cafe', 'Coffee & Tea']",4.9,100,$,39.7262507,-121.8011412,+15308947533,95926,2009 Forest,Chico,CA,"[{'@type': 'OpeningHoursSpecification', 'dayOfWeek': 'Sunday', 'opens': '5:30', 'closes': '19:0'}, {'@type': 'OpeningHoursSpecification', 'dayOfWeek': ['Monday', 'Tuesday', 'Wednesday', 'Thursday', 'Friday'], 'opens': '5:0', 'closes': '20:0'}, {'@type': 'OpeningHoursSpecification', 'dayOfWeek': 'Saturday', 'opens': '5:30', 'closes': '20:0'}]","{'@type': 'PostalAddress', 'addressLocality': 'Chico', 'addressRegion': 'CA', 'postalCode': '95926', 'addressCountry': 'US', 'streetAddress': '2009 Forest'}","{'@type': 'GeoCoordinates', 'latitude': 39.7262507, 'longitude': -121.8011412}","{'@type': 'AggregateRating', 'ratingValue': 4.9, 'reviewCount': '100'}"
McDonald's® (1388 EAST AVE),https://www.ubereats.com/sacramento/food-delivery/mcdonalds-1388-east-ave/A_VMEZRoS6OpSYfwePKo8A,chico-california,"['American', 'Burgers', 'Fast Food']",4.9,18,$,39.761708,-121.821084,+15308947011,95973,1388 EAST AVE,CHICO,CA,"[{'@type': 'OpeningHoursSpecification', 'dayOfWeek': ['Monday', 'Tuesday', 'Wednesday', 'Thursday', 'Friday', 'Saturday', 'Sunday'], 'opens': '5:30', 'closes': '10:29'}, {'@type': 'OpeningHoursSpecification', 'dayOfWeek': ['Monday', 'Tuesday', 'Wednesday', 'Thursday', 'Friday', 'Saturday', 'Sunday'], 'opens': '10:30', 'closes': '16:59'}, {'@type': 'OpeningHoursSpecification', 'dayOfWeek': ['Monday', 'Tuesday', 'Wednesday', 'Thursday', 'Friday', 'Saturday', 'Sunday'], 'opens': '17:0', 'closes': '22:14'}]","{'@type': 'PostalAddress', 'addressLocality': 'CHICO', 'addressRegion': 'CA', 'postalCode': '95973', 'addressCountry': 'US', 'streetAddress': '1388 EAST AVE'}","{'@type': 'GeoCoordinates', 'latitude': 39.761708, 'longitude': -121.821084}","{'@type': 'AggregateRating', 'ratingValue': 4.9, 'reviewCount': '18'}"
"Chipotle Mexican Grill (1960 E 20Th St, Ste 100)",https://www.ubereats.com/sacramento/food-delivery/chipotle-mexican-grill-1960-e-20th-st-ste-100/zq8ZOR2TQK-UrhPEFsx4pQ,chico-california,"['Healthy', 'Mexican']",4.6,49,$,39.7274927,-121.8049903,+15308791623,95928,1960 E 20Th St Ste 100,Chico,CA,"[{'@type': 'OpeningHoursSpecification', 'dayOfWeek': ['Monday', 'Tuesday', 'Wednesday', 'Thursday', 'Friday', 'Saturday', 'Sunday'], 'opens': '10:45', 'closes': '21:40'}]","{'@type': 'PostalAddress', 'addressLocality': 'Chico', 'addressRegion': 'CA', 'postalCode': '95928', 'addressCountry': 'US', 'streetAddress': '1960 E 20Th St Ste 100'}","{'@type': 'GeoCoordinates', 'latitude': 39.7274927, 'longitude': -121.8049903}","{'@type': 'AggregateRating', 'ratingValue': 4.6, 'reviewCount': '49'}"
Burger King (1104 West 2nd Street),https://www.ubereats.com/sacramento/food-delivery/burger-king-1104-west-2nd-street/w3QunCglTPC_wNPiA9EVFg,chico-california,"['American', 'burger', 'Fast Food']",4.4,18,$,39.724038,-121.8502343,+15308953438,95928,1104 West 2nd Street,Chico,CA,"[{'@type': 'OpeningHoursSpecification', 'dayOfWeek': 'Sunday', 'opens': '7:30', 'closes': '10:29'}, {'@type': 'OpeningHoursSpecification', 'dayOfWeek': 'Sunday', 'opens': '10:30', 'closes': '23:30'}, {'@type': 'OpeningHoursSpecification', 'dayOfWeek': 'Sunday', 'opens': '0:0', 'closes': '1:30'}, {'@type': 'OpeningHoursSpecification', 'dayOfWeek': ['Monday', 'Tuesday', 'Wednesday', 'Thursday'], 'opens': '6:30', 'closes': '10:29'}, {'@type': 'OpeningHoursSpecification', 'dayOfWeek': ['Monday', 'Tuesday', 'Wednesday', 'Thursday'], 'opens': '10:30', 'closes': '23:30'}, {'@type': 'OpeningHoursSpecification', 'dayOfWeek': 'Friday', 'opens': '6:30', 'closes': '10:29'}, {'@type': 'OpeningHoursSpecification', 'dayOfWeek': 'Friday', 'opens': '10:30', 'closes': '23:59'}, {'@type': 'OpeningHoursSpecification', 'dayOfWeek': 'Saturday', 'opens': '6:30', 'closes': '10:29'}, {'@type': 'OpeningHoursSpecification', 'dayOfWeek': 'Saturday', 'opens': '0:0', 'closes': '1:30'}, {'@type': 'OpeningHoursSpecification', 'dayOfWeek': 'Saturday', 'opens': '10:30', 'closes': '23:59'}]","{'@type': 'PostalAddress', 'addressLocality': 'Chico', 'addressRegion': 'CA', 'postalCode': '95928', 'addressCountry': 'US', 'streetAddress': '1104 West 2nd Street'}","{'@type': 'GeoCoordinates', 'latitude': 39.724038, 'longitude': -121.8502343}","{'@type': 'AggregateRating', 'ratingValue': 4.4, 'reviewCount': '18'}"
Great Harvest (1223 Mangrove Ave),https://www.ubereats.com/sacramento/food-delivery/great-harvest-1223-mangrove-ave/4tvfYKjCT364YcH5GC63iQ,chico-california,"['Sandwich', 'Bakery', 'Salads', 'Breakfast and Brunch', 'Healthy', 'American', 'Chicken', 'Comfort Food', 'Deli']",,,$,39.742466,-121.8394032,+15308997273,95926,1223 Mangrove Ave,Chico,CA,"[{'@type': 'OpeningHoursSpecification', 'dayOfWeek': 'Monday', 'opens': '6:0', 'closes': '15:30'}, {'@type': 'OpeningHoursSpecification', 'dayOfWeek': 'Monday', 'opens': '6:0', 'closes': '16:0'}, {'@type': 'OpeningHoursSpecification', 'dayOfWeek': 'Tuesday', 'opens': '6:0', 'closes': '15:30'}, {'@type': 'OpeningHoursSpecification', 'dayOfWeek': 'Tuesday', 'opens': '6:0', 'closes': '16:0'}, {'@type': 'OpeningHoursSpecification', 'dayOfWeek': 'Wednesday', 'opens': '6:0', 'closes': '15:30'}, {'@type': 'OpeningHoursSpecification', 'dayOfWeek': 'Wednesday', 'opens': '6:0', 'closes': '16:0'}, {'@type': 'OpeningHoursSpecification', 'dayOfWeek': 'Thursday', 'opens': '6:0', 'closes': '15:30'}, {'@type': 'OpeningHoursSpecification', 'dayOfWeek': 'Thursday', 'opens': '6:0', 'closes': '16:0'}, {'@type': 'OpeningHoursSpecification', 'dayOfWeek': 'Friday', 'opens': '6:0', 'closes': '15:30'}, {'@type': 'OpeningHoursSpecification', 'dayOfWeek': 'Friday', 'opens': '6:0', 'closes': '16:0'}, {'@type': 'OpeningHoursSpecification', 'dayOfWeek': 'Saturday', 'opens': '6:30', 'closes': '15:0'}, {'@type': 'OpeningHoursSpecification', 'dayOfWeek': 'Saturday', 'opens': '7:0', 'closes': '15:0'}]","{'@type': 'PostalAddress', 'addressLocality': 'Chico', 'addressRegion': 'CA', 'postalCode': '95926', 'addressCountry': 'US', 'streetAddress': '1223 Mangrove Ave'}","{'@type': 'GeoCoordinates', 'latitude': 39.742466, 'longitude': -121.8394032}",{}
Panera (1910 E 20th Street),https://www.ubereats.com/sacramento/food-delivery/panera-1910-e-20th-street/9ldGrDstRiuUsAJtHerDmw,chico-california,"['Breakfast and Brunch', 'salad', 'Sandwich', 'Family Meals']",4.6,39,$,39.7274379,-121.80743,+15308945009,95928,1910 E 20th Street,Chico,CA,"[{'@type': 'OpeningHoursSpecification', 'dayOfWeek': ['Monday', 'Tuesday', 'Wednesday', 'Thursday', 'Friday', 'Saturday', 'Sunday'], 'opens': '7:0', 'closes': '20:30'}]","{'@type': 'PostalAddress', 'addressLocality': 'Chico', 'addressRegion': 'CA', 'postalCode': '95928', 'addressCountry': 'US', 'streetAddress': '1910 E 20th Street'}","{'@type': 'GeoCoordinates', 'latitude': 39.7274379, 'longitude': -121.80743}","{'@type': 'AggregateRating', 'ratingValue': 4.6, 'reviewCount': '39'}"
Pueblito 2,https://www.ubereats.com/sacramento/food-delivery/pueblito-2/N8KQSSUoRemk0oFRlm9Low,chico-california,"['Mexican', 'Latin American', 'New Mexican']",4.4,18,$,39.7535114,-121.8586183,+15308959607,95926,2365 Esplanade,Chico,CA,"[{'@type': 'OpeningHoursSpecification', 'dayOfWeek': 'Sunday', 'opens': '11:0', 'closes': '18:0'}, {'@type': 'OpeningHoursSpecification', 'dayOfWeek': 'Monday', 'opens': '11:0', 'closes': '20:0'}, {'@type': 'OpeningHoursSpecification', 'dayOfWeek': ['Tuesday', 'Wednesday', 'Thursday', 'Friday'], 'opens': '11:0', 'closes': '20:0'}, {'@type': 'OpeningHoursSpecification', 'dayOfWeek': ['Tuesday', 'Wednesday', 'Thursday', 'Friday'], 'opens': '11:0', 'closes': '14:0'}, {'@type': 'OpeningHoursSpecification', 'dayOfWeek': 'Saturday', 'opens': '11:0', 'closes': '20:0'}]","{'@type': 'PostalAddress', 'addressLocality': 'Chico', 'addressRegion': 'CA', 'postalCode': '95926', 'addressCountry': 'US', 'streetAddress': '2365 Esplanade'}","{'@type': 'GeoCoordinates', 'latitude': 39.7535114, 'longitude': -121.8586183}","{'@type': 'AggregateRating', 'ratingValue': 4.4, 'reviewCount': '18'}"
