name,url,city,cuisine,avgRating,numReviews,priceRange,latitude,longitude,telephone,postalCode,streetAddress,addressLocality,addressRegion,openingHoursSpecification,addressString,geoString,ratingString
Nardozzi Pizza,https://www.ubereats.com/wilkesbarre-scranton/food-delivery/nardozzi-pizza/IK9F31cDSBu8UiJMCsH5yQ,dunmore-pennsylvania,"['Pizza', 'Italian']",4.5,33,$,41.420538742878755,-75.63199147272128,+15709619911,18512,220 S Blakely St,Dunmore,Pennsylvania,"[{'@type': 'OpeningHoursSpecification', 'dayOfWeek': ['Sunday', 'Monday', 'Tuesday', 'Wednesday', 'Thursday'], 'opens': '17:0', 'closes': '22:0'}, {'@type': 'OpeningHoursSpecification', 'dayOfWeek': ['Friday', 'Saturday'], 'opens': '16:0', 'closes': '22:0'}]","{'@type': 'PostalAddress', 'addressLocality': 'Dunmore', 'addressRegion': 'Pennsylvania', 'postalCode': '18512', 'addressCountry': 'US', 'streetAddress': '220 S Blakely St'}","{'@type': 'GeoCoordinates', 'latitude': 41.420538742878755, 'longitude': -75.63199147272128}","{'@type': 'AggregateRating', 'ratingValue': 4.5, 'reviewCount': '33'}"
Majestic Lunch,https://www.ubereats.com/wilkesbarre-scranton/food-delivery/majestic-lunch/NG-MnhtMS_60TJdR7DgiMA,dunmore-pennsylvania,"['Traditional American', 'Burgers', 'Sandwich']",4.4,18,$,41.322075,-75.7906306,+15706558888,18640,20 S Main St,Pittston,Pennsylvania,"[{'@type': 'OpeningHoursSpecification', 'dayOfWeek': ['Monday', 'Tuesday', 'Wednesday', 'Thursday', 'Friday', 'Saturday'], 'opens': '9:0', 'closes': '16:30'}]","{'@type': 'PostalAddress', 'addressLocality': 'Pittston', 'addressRegion': 'Pennsylvania', 'postalCode': '18640', 'addressCountry': 'US', 'streetAddress': '20 S Main St'}","{'@type': 'GeoCoordinates', 'latitude': 41.322075, 'longitude': -75.7906306}","{'@type': 'AggregateRating', 'ratingValue': 4.4, 'reviewCount': '18'}"
Jersey Mike's Subs (539 Scranton Carbondale Hwy),https://www.ubereats.com/wilkesbarre-scranton/food-delivery/jersey-mikes-subs-539-scranton-carbondale-hwy/8GPQy45TTuWTLtOPuzAOwg,dunmore-pennsylvania,"['Sandwich', 'American']",4.7,70,$,41.4638565,-75.6522803,+15703442973,18508,539 Scranton Carbondale Hwy,Dickson City,PA,"[{'@type': 'OpeningHoursSpecification', 'dayOfWeek': ['Monday', 'Tuesday', 'Wednesday', 'Thursday', 'Friday', 'Saturday', 'Sunday'], 'opens': '10:0', 'closes': '20:30'}]","{'@type': 'PostalAddress', 'addressLocality': 'Dickson City', 'addressRegion': 'PA', 'postalCode': '18508', 'addressCountry': 'US', 'streetAddress': '539 Scranton Carbondale Hwy'}","{'@type': 'GeoCoordinates', 'latitude': 41.4638565, 'longitude': -75.6522803}","{'@type': 'AggregateRating', 'ratingValue': 4.7, 'reviewCount': '70'}"
Pizza by Pappas,https://www.ubereats.com/wilkesbarre-scranton/food-delivery/pizza-by-pappas/TCLG1PqERKGyqILRZu5Y1Q,dunmore-pennsylvania,"['Pizza', 'American', 'Sandwich']",4.9,90,$,41.4094428,-75.6623444,+15703462290,18503,303 N Washington Ave,Scranton,PA,"[{'@type': 'OpeningHoursSpecification', 'dayOfWeek': ['Monday', 'Tuesday', 'Wednesday', 'Thursday', 'Friday', 'Saturday'], 'opens': '10:45', 'closes': '19:0'}]","{'@type': 'PostalAddress', 'addressLocality': 'Scranton', 'addressRegion': 'PA', 'postalCode': '18503', 'addressCountry': 'US', 'streetAddress': '303 N Washington Ave'}","{'@type': 'GeoCoordinates', 'latitude': 41.4094428, 'longitude': -75.6623444}","{'@type': 'AggregateRating', 'ratingValue': 4.9, 'reviewCount': '90'}"
Coney Island Texas Lunch,https://www.ubereats.com/wilkesbarre-scranton/food-delivery/coney-island-texas-lunch/sS_jr4IsQ_aIcZPUyJuoyw,dunmore-pennsylvania,['American'],4.7,15,$,41.4058303,-75.66397,+15709618288,18503,100 Cedar Avenue,Scranton,PA,"[{'@type': 'OpeningHoursSpecification', 'dayOfWeek': ['Monday', 'Tuesday', 'Wednesday', 'Thursday', 'Friday', 'Saturday'], 'opens': '11:0', 'closes': '20:0'}]","{'@type': 'PostalAddress', 'addressLocality': 'Scranton', 'addressRegion': 'PA', 'postalCode': '18503', 'addressCountry': 'US', 'streetAddress': '100 Cedar Avenue'}","{'@type': 'GeoCoordinates', 'latitude': 41.4058303, 'longitude': -75.66397}","{'@type': 'AggregateRating', 'ratingValue': 4.7, 'reviewCount': '15'}"
Pasqually's Pizza & Wings (1003 Commerce Blvd),https://www.ubereats.com/wilkesbarre-scranton/food-delivery/pasquallys-pizza-%26-wings-1003-commerce-blvd/Wk6l3yW7QjqI6iPjp-059Q,dunmore-pennsylvania,"['Pizza', 'Italian', 'Wings']",,,$,41.4620233,-75.6409023,+15704871240,18519,1003 Commerce Blvd,Dickson City,PA,"[{'@type': 'OpeningHoursSpecification', 'dayOfWeek': ['Monday', 'Tuesday', 'Wednesday', 'Thursday', 'Friday', 'Saturday', 'Sunday'], 'opens': '11:0', 'closes': '20:0'}]","{'@type': 'PostalAddress', 'addressLocality': 'Dickson City', 'addressRegion': 'PA', 'postalCode': '18519', 'addressCountry': 'US', 'streetAddress': '1003 Commerce Blvd'}","{'@type': 'GeoCoordinates', 'latitude': 41.4620233, 'longitude': -75.6409023}",{}
Pancheros Mexican Grill (2011 Shoppes Blvd),https://www.ubereats.com/wilkesbarre-scranton/food-delivery/pancheros-mexican-grill-2011-shoppes-blvd/R7muAwniQB6VxkTJ69O3Pg,dunmore-pennsylvania,"['Burritos', 'Mexican', 'Tex Mex']",4.7,54,$$,41.3636777,-75.67887689999999,+15703489300,18507,2011 Shoppes Boulevard,Moosic,PA,"[{'@type': 'OpeningHoursSpecification', 'dayOfWeek': ['Monday', 'Tuesday', 'Wednesday', 'Thursday', 'Friday', 'Saturday', 'Sunday'], 'opens': '11:0', 'closes': '20:45'}]","{'@type': 'PostalAddress', 'addressLocality': 'Moosic', 'addressRegion': 'PA', 'postalCode': '18507', 'addressCountry': 'US', 'streetAddress': '2011 Shoppes Boulevard'}","{'@type': 'GeoCoordinates', 'latitude': 41.3636777, 'longitude': -75.67887689999999}","{'@type': 'AggregateRating', 'ratingValue': 4.7, 'reviewCount': '54'}"
Revello's Pizza (MarketPlace),https://www.ubereats.com/wilkesbarre-scranton/food-delivery/revellos-pizza-marketplace/tUDZir1HTteGfL8f8q2xFQ,dunmore-pennsylvania,['American'],,,$$,41.407928,-75.668086,+15703440200,18503,Marketplace at Steamtown 300 Lackawanna ave,Scranton,PA,"[{'@type': 'OpeningHoursSpecification', 'dayOfWeek': 'Sunday', 'opens': '10:30', 'closes': '17:0'}, {'@type': 'OpeningHoursSpecification', 'dayOfWeek': ['Monday', 'Tuesday', 'Wednesday', 'Thursday', 'Friday', 'Saturday'], 'opens': '10:30', 'closes': '18:0'}]","{'@type': 'PostalAddress', 'addressLocality': 'Scranton', 'addressRegion': 'PA', 'postalCode': '18503', 'addressCountry': 'US', 'streetAddress': 'Marketplace at Steamtown 300 Lackawanna ave'}","{'@type': 'GeoCoordinates', 'latitude': 41.407928, 'longitude': -75.668086}",{}
Taylor's Korner,https://www.ubereats.com/wilkesbarre-scranton/food-delivery/taylors-korner/WgPMMiu_QTWbx-2CZ8Ks9Q,dunmore-pennsylvania,"['Burgers', 'American', 'Sandwiches']",,,$,41.3531438,-75.7299259,+15704572846,18507,4810 Birney Avenue,Moosic,Pennsylvania,"[{'@type': 'OpeningHoursSpecification', 'dayOfWeek': 'Monday', 'opens': '2:0', 'closes': '2:1'}]","{'@type': 'PostalAddress', 'addressLocality': 'Moosic', 'addressRegion': 'Pennsylvania', 'postalCode': '18507', 'addressCountry': 'US', 'streetAddress': '4810 Birney Avenue'}","{'@type': 'GeoCoordinates', 'latitude': 41.3531438, 'longitude': -75.7299259}",{}
POSH @ The Scranton Club,https://www.ubereats.com/wilkesbarre-scranton/food-delivery/posh-%40-the-scranton-club/vMY-d3f5TnKN7xlO-Ue5ng,dunmore-pennsylvania,"['American', 'New American', 'Comfort Food']",,,$$$,41.41045330000001,-75.6608425,+15709555890,,,,,"[{'@type': 'OpeningHoursSpecification', 'dayOfWeek': 'Sunday', 'opens': '11:0', 'closes': '13:30'}, {'@type': 'OpeningHoursSpecification', 'dayOfWeek': 'Sunday', 'opens': '11:30', 'closes': '17:0'}, {'@type': 'OpeningHoursSpecification', 'dayOfWeek': 'Sunday', 'opens': '17:0', 'closes': '21:0'}, {'@type': 'OpeningHoursSpecification', 'dayOfWeek': 'Wednesday', 'opens': '11:30', 'closes': '17:0'}, {'@type': 'OpeningHoursSpecification', 'dayOfWeek': 'Wednesday', 'opens': '17:0', 'closes': '21:0'}, {'@type': 'OpeningHoursSpecification', 'dayOfWeek': ['Thursday', 'Friday', 'Saturday'], 'opens': '16:0', 'closes': '19:30'}, {'@type': 'OpeningHoursSpecification', 'dayOfWeek': ['Thursday', 'Friday', 'Saturday'], 'opens': '11:30', 'closes': '17:0'}, {'@type': 'OpeningHoursSpecification', 'dayOfWeek': ['Thursday', 'Friday', 'Saturday'], 'opens': '17:0', 'closes': '21:0'}]",,"{'@type': 'GeoCoordinates', 'latitude': 41.41045330000001, 'longitude': -75.6608425}",{}
Rosa’s Southern BBQ,https://www.ubereats.com/wilkesbarre-scranton/food-delivery/rosas-southern-bbq/atgXQV2wSvqrmR2nF51WZA,dunmore-pennsylvania,"['BBQ', 'Desserts', 'Sandwich']",,,$$,41.4077053,-75.6677196,+15704727064,,,,,"[{'@type': 'OpeningHoursSpecification', 'dayOfWeek': ['Thursday', 'Friday', 'Saturday'], 'opens': '11:0', 'closes': '18:0'}]",,"{'@type': 'GeoCoordinates', 'latitude': 41.4077053, 'longitude': -75.6677196}",{}
PJ's 1910 Pub,https://www.ubereats.com/wilkesbarre-scranton/food-delivery/pjs-1910-pub/k99zOXzJRies8aKG91hdZw,dunmore-pennsylvania,"['American', 'Salads', 'Sandwich']",,,,41.40589,-75.66361,+15705587377,18503,100 Adams Avenue,Scranton,PA,"[{'@type': 'OpeningHoursSpecification', 'dayOfWeek': ['Monday', 'Tuesday', 'Wednesday', 'Thursday', 'Friday', 'Saturday', 'Sunday'], 'opens': '16:0', 'closes': '23:0'}]","{'@type': 'PostalAddress', 'addressLocality': 'Scranton', 'addressRegion': 'PA', 'postalCode': '18503', 'addressCountry': 'US', 'streetAddress': '100 Adams Avenue'}","{'@type': 'GeoCoordinates', 'latitude': 41.40589, 'longitude': -75.66361}",{}
KFC (531 Scranton-Carbondale Highway),https://www.ubereats.com/wilkesbarre-scranton/food-delivery/kfc-531-scranton-carbondale-highway/u-sdiyDWRa6_zNvpEfswWA,dunmore-pennsylvania,"['American', 'Fast Food', 'wings']",,,$,41.5025826,-75.5806817,+15708761404,18403,531 Scranton-Carbondale Highway,Eynon,PA,"[{'@type': 'OpeningHoursSpecification', 'dayOfWeek': ['Monday', 'Tuesday', 'Wednesday', 'Thursday', 'Friday', 'Saturday', 'Sunday'], 'opens': '11:0', 'closes': '20:30'}]","{'@type': 'PostalAddress', 'addressLocality': 'Eynon', 'addressRegion': 'PA', 'postalCode': '18403', 'addressCountry': 'US', 'streetAddress': '531 Scranton-Carbondale Highway'}","{'@type': 'GeoCoordinates', 'latitude': 41.5025826, 'longitude': -75.5806817}",{}
KFC (1831 Keyser Avenue),https://www.ubereats.com/wilkesbarre-scranton/food-delivery/kfc-1831-keyser-avenue/aKSiFK7aT3qPxNvWAhRCag,dunmore-pennsylvania,"['American', 'Fast Food', 'wings']",4.0,113,$,41.44573729999999,-75.6663107,+15703432040,18508,1831 Keyser Avenue,Scranton,PA,"[{'@type': 'OpeningHoursSpecification', 'dayOfWeek': ['Monday', 'Tuesday', 'Wednesday', 'Thursday', 'Friday', 'Saturday', 'Sunday'], 'opens': '10:30', 'closes': '21:30'}]","{'@type': 'PostalAddress', 'addressLocality': 'Scranton', 'addressRegion': 'PA', 'postalCode': '18508', 'addressCountry': 'US', 'streetAddress': '1831 Keyser Avenue'}","{'@type': 'GeoCoordinates', 'latitude': 41.44573729999999, 'longitude': -75.6663107}","{'@type': 'AggregateRating', 'ratingValue': 4, 'reviewCount': '113'}"
Westside Flava's,https://www.ubereats.com/wilkesbarre-scranton/food-delivery/westside-flavas/t4SiMPB_Sm64h885JpZ88g,dunmore-pennsylvania,"['Mexican', 'Southern', 'Tex Mex']",,,$,41.4152983,-75.6987058,+15705079142,18504,1316 Luzerne St,Scranton,Pennsylvania,"[{'@type': 'OpeningHoursSpecification', 'dayOfWeek': 'Sunday', 'opens': '12:0', 'closes': '18:0'}, {'@type': 'OpeningHoursSpecification', 'dayOfWeek': 'Sunday', 'opens': '12:0', 'closes': '18:0'}, {'@type': 'OpeningHoursSpecification', 'dayOfWeek': ['Monday', 'Tuesday', 'Wednesday', 'Thursday'], 'opens': '9:0', 'closes': '19:30'}, {'@type': 'OpeningHoursSpecification', 'dayOfWeek': ['Monday', 'Tuesday', 'Wednesday', 'Thursday'], 'opens': '9:0', 'closes': '19:30'}, {'@type': 'OpeningHoursSpecification', 'dayOfWeek': 'Friday', 'opens': '9:0', 'closes': '20:30'}, {'@type': 'OpeningHoursSpecification', 'dayOfWeek': 'Friday', 'opens': '9:0', 'closes': '20:30'}, {'@type': 'OpeningHoursSpecification', 'dayOfWeek': 'Saturday', 'opens': '10:30', 'closes': '19:30'}, {'@type': 'OpeningHoursSpecification', 'dayOfWeek': 'Saturday', 'opens': '10:30', 'closes': '19:30'}]","{'@type': 'PostalAddress', 'addressLocality': 'Scranton', 'addressRegion': 'Pennsylvania', 'postalCode': '18504', 'addressCountry': 'US', 'streetAddress': '1316 Luzerne St'}","{'@type': 'GeoCoordinates', 'latitude': 41.4152983, 'longitude': -75.6987058}",{}
Chuck E. Cheese (1003 Commerce Blvd),https://www.ubereats.com/wilkesbarre-scranton/food-delivery/chuck-e-cheese-1003-commerce-blvd/yPNzundITUyicSP8KwKyXA,dunmore-pennsylvania,['Pizza'],,,$,41.462023,-75.640902,+15704871240,18519,1003 Commerce Blvd,Dickson City,PA,"[{'@type': 'OpeningHoursSpecification', 'dayOfWeek': ['Monday', 'Tuesday', 'Wednesday', 'Thursday', 'Friday', 'Saturday', 'Sunday'], 'opens': '11:0', 'closes': '20:0'}]","{'@type': 'PostalAddress', 'addressLocality': 'Dickson City', 'addressRegion': 'PA', 'postalCode': '18519', 'addressCountry': 'US', 'streetAddress': '1003 Commerce Blvd'}","{'@type': 'GeoCoordinates', 'latitude': 41.462023, 'longitude': -75.640902}",{}
Five Guys PA-0051 735 Scranton-Carbondale Hwy,https://www.ubereats.com/wilkesbarre-scranton/food-delivery/five-guys-pa-0051-735-scranton-carbondale-hwy/IZL8DdkLSUOB3D5n0aWj3w,dunmore-pennsylvania,"['American', 'Burgers']",4.7,109,$,41.4703838,-75.63825109999999,+15709410113,,,,,"[{'@type': 'OpeningHoursSpecification', 'dayOfWeek': ['Monday', 'Tuesday', 'Wednesday', 'Thursday', 'Friday', 'Saturday', 'Sunday'], 'opens': '11:0', 'closes': '22:0'}]",,"{'@type': 'GeoCoordinates', 'latitude': 41.4703838, 'longitude': -75.63825109999999}","{'@type': 'AggregateRating', 'ratingValue': 4.7, 'reviewCount': '109'}"
Sweet Treats Cafe,https://www.ubereats.com/wilkesbarre-scranton/food-delivery/sweet-treats-cafe/JuPwRPpjRnevHj7pQiekwA,dunmore-pennsylvania,"['Breakfast and Brunch', 'Cafe', 'Coffee and Tea']",,,$,41.47978139999999,-75.5876049,+15703823161,18452,"1000 Main St, Peckville, USA",Blakely,PA,"[{'@type': 'OpeningHoursSpecification', 'dayOfWeek': 'Sunday', 'opens': '8:0', 'closes': '11:0'}, {'@type': 'OpeningHoursSpecification', 'dayOfWeek': 'Sunday', 'opens': '7:0', 'closes': '11:0'}, {'@type': 'OpeningHoursSpecification', 'dayOfWeek': ['Wednesday', 'Thursday', 'Friday'], 'opens': '7:0', 'closes': '13:0'}, {'@type': 'OpeningHoursSpecification', 'dayOfWeek': ['Wednesday', 'Thursday', 'Friday'], 'opens': '7:0', 'closes': '13:0'}, {'@type': 'OpeningHoursSpecification', 'dayOfWeek': 'Saturday', 'opens': '8:0', 'closes': '11:0'}, {'@type': 'OpeningHoursSpecification', 'dayOfWeek': 'Saturday', 'opens': '7:0', 'closes': '11:0'}]","{'@type': 'PostalAddress', 'addressLocality': 'Blakely', 'addressRegion': 'PA', 'postalCode': '18452', 'addressCountry': 'US', 'streetAddress': '1000 Main St, Peckville, USA'}","{'@type': 'GeoCoordinates', 'latitude': 41.47978139999999, 'longitude': -75.5876049}",{}
Uncle Joe's Pizza and Subs,https://www.ubereats.com/wilkesbarre-scranton/food-delivery/uncle-joes-pizza-and-subs/F0otE2fhQ4G5MpgJSUnZ9w,dunmore-pennsylvania,"['Pizza', 'Italian']",4.2,31,$,41.31368459999999,-75.75738539999999,+15702997811,18643,320 PA-315,Pittston,PA,"[{'@type': 'OpeningHoursSpecification', 'dayOfWeek': 'Sunday', 'opens': '11:0', 'closes': '20:0'}, {'@type': 'OpeningHoursSpecification', 'dayOfWeek': ['Monday', 'Tuesday', 'Wednesday', 'Thursday', 'Friday', 'Saturday'], 'opens': '10:30', 'closes': '20:0'}]","{'@type': 'PostalAddress', 'addressLocality': 'Pittston', 'addressRegion': 'PA', 'postalCode': '18643', 'addressCountry': 'US', 'streetAddress': '320 PA-315'}","{'@type': 'GeoCoordinates', 'latitude': 41.31368459999999, 'longitude': -75.75738539999999}","{'@type': 'AggregateRating', 'ratingValue': 4.2, 'reviewCount': '31'}"
Red Robin (1235 Commerce Blvd),https://www.ubereats.com/wilkesbarre-scranton/food-delivery/red-robin-1235-commerce-blvd/PuydcGhQQ5WzFeP6Ubh6iA,dunmore-pennsylvania,"['American', 'burger']",3.8,36,$$,41.4649155,-75.6380384,+15704892777,18519,1235 Commerce Blvd,Dickson City,PA,"[{'@type': 'OpeningHoursSpecification', 'dayOfWeek': ['Monday', 'Tuesday', 'Wednesday', 'Thursday', 'Friday', 'Saturday', 'Sunday'], 'opens': '11:0', 'closes': '19:30'}, {'@type': 'OpeningHoursSpecification', 'dayOfWeek': ['Monday', 'Tuesday', 'Wednesday', 'Thursday', 'Friday', 'Saturday', 'Sunday'], 'opens': '11:0', 'closes': '20:0'}]","{'@type': 'PostalAddress', 'addressLocality': 'Dickson City', 'addressRegion': 'PA', 'postalCode': '18519', 'addressCountry': 'US', 'streetAddress': '1235 Commerce Blvd'}","{'@type': 'GeoCoordinates', 'latitude': 41.4649155, 'longitude': -75.6380384}","{'@type': 'AggregateRating', 'ratingValue': 3.8, 'reviewCount': '36'}"
Pronto Restaurant,https://www.ubereats.com/wilkesbarre-scranton/food-delivery/pronto-restaurant/I9Bg1sf1Sk-vDA7MwbhOcg,dunmore-pennsylvania,"['Pasta', 'Italian', 'Salads']",,,$$,41.4126334,-75.6798313,+15708007560,18504,110 N Main Ave,Scranton,PA,"[{'@type': 'OpeningHoursSpecification', 'dayOfWeek': ['Monday', 'Tuesday', 'Wednesday', 'Thursday', 'Friday'], 'opens': '11:30', 'closes': '21:0'}]","{'@type': 'PostalAddress', 'addressLocality': 'Scranton', 'addressRegion': 'PA', 'postalCode': '18504', 'addressCountry': 'US', 'streetAddress': '110 N Main Ave'}","{'@type': 'GeoCoordinates', 'latitude': 41.4126334, 'longitude': -75.6798313}",{}
Ice Cream Lady Shoppe,https://www.ubereats.com/wilkesbarre-scranton/food-delivery/ice-cream-lady-shoppe/kcDt17bQSgGY8iBAVGdhug,dunmore-pennsylvania,"['Burgers', 'American', 'Sandwiches']",,,$,41.402665999999996,-75.6426001,+15705912833,18510,500 Arthur Ave,Scranton,PA,"[{'@type': 'OpeningHoursSpecification', 'dayOfWeek': ['Monday', 'Tuesday', 'Wednesday', 'Thursday', 'Friday', 'Saturday', 'Sunday'], 'opens': '11:0', 'closes': '22:0'}]","{'@type': 'PostalAddress', 'addressLocality': 'Scranton', 'addressRegion': 'PA', 'postalCode': '18510', 'addressCountry': 'US', 'streetAddress': '500 Arthur Ave'}","{'@type': 'GeoCoordinates', 'latitude': 41.402665999999996, 'longitude': -75.6426001}",{}
Cheap Shots Bar and Restaurant,https://www.ubereats.com/wilkesbarre-scranton/food-delivery/cheap-shots-bar-and-restaurant/fRlA0DkRSWqImt1jqQD1Nw,dunmore-pennsylvania,"['American', 'Burgers', 'Sandwiches']",4.6,19,$,41.4648321,-75.618235,+15702914420,18519,1044 Main St,Dickson City,PA,"[{'@type': 'OpeningHoursSpecification', 'dayOfWeek': ['Sunday', 'Monday'], 'opens': '16:0', 'closes': '21:45'}, {'@type': 'OpeningHoursSpecification', 'dayOfWeek': ['Wednesday', 'Thursday'], 'opens': '16:0', 'closes': '21:45'}, {'@type': 'OpeningHoursSpecification', 'dayOfWeek': ['Friday', 'Saturday'], 'opens': '16:0', 'closes': '22:30'}]","{'@type': 'PostalAddress', 'addressLocality': 'Dickson City', 'addressRegion': 'PA', 'postalCode': '18519', 'addressCountry': 'US', 'streetAddress': '1044 Main St'}","{'@type': 'GeoCoordinates', 'latitude': 41.4648321, 'longitude': -75.618235}","{'@type': 'AggregateRating', 'ratingValue': 4.6, 'reviewCount': '19'}"
Krispy Kreme (831 Northern Boulevard),https://www.ubereats.com/wilkesbarre-scranton/food-delivery/krispy-kreme-831-northern-boulevard/LZRfaZtUTnum6T2Z4FbhUw,dunmore-pennsylvania,"['Breakfast and Brunch', 'Bakery', 'Comfort Food']",,,$,41.48128859999999,-75.68937439999999,+15705854120,18411,831 Northern Boulevard,Clarks Summit,PA,"[{'@type': 'OpeningHoursSpecification', 'dayOfWeek': ['Monday', 'Tuesday', 'Wednesday', 'Thursday', 'Friday', 'Saturday', 'Sunday'], 'opens': '6:15', 'closes': '23:45'}]","{'@type': 'PostalAddress', 'addressLocality': 'Clarks Summit', 'addressRegion': 'PA', 'postalCode': '18411', 'addressCountry': 'US', 'streetAddress': '831 Northern Boulevard'}","{'@type': 'GeoCoordinates', 'latitude': 41.48128859999999, 'longitude': -75.68937439999999}",{}
JoJo’s at the Donkey,https://www.ubereats.com/wilkesbarre-scranton/food-delivery/jojos-at-the-donkey/K-DeeYeDRg6_SnfDal3GJA,dunmore-pennsylvania,"['American', 'Burgers', 'Sandwiches']",,,$,41.43911300000001,-75.6428796,+15706773213,,,,,"[{'@type': 'OpeningHoursSpecification', 'dayOfWeek': ['Monday', 'Tuesday', 'Wednesday', 'Thursday', 'Friday', 'Saturday'], 'opens': '11:30', 'closes': '19:30'}]",,"{'@type': 'GeoCoordinates', 'latitude': 41.43911300000001, 'longitude': -75.6428796}",{}
La Cucina Restaurant,https://www.ubereats.com/wilkesbarre-scranton/food-delivery/la-cucina-restaurant/Ospdh1qtSs-KE06Zi_9bRw,dunmore-pennsylvania,"['Italian', 'Pasta', 'Comfort Food']",,,$,41.4162341,-75.6368792,+15703418747,18510,600 S Blakely St,Dunmore,PA,"[{'@type': 'OpeningHoursSpecification', 'dayOfWeek': ['Tuesday', 'Wednesday', 'Thursday'], 'opens': '17:0', 'closes': '21:0'}, {'@type': 'OpeningHoursSpecification', 'dayOfWeek': 'Friday', 'opens': '17:0', 'closes': '22:0'}, {'@type': 'OpeningHoursSpecification', 'dayOfWeek': 'Saturday', 'opens': '16:0', 'closes': '21:30'}]","{'@type': 'PostalAddress', 'addressLocality': 'Dunmore', 'addressRegion': 'PA', 'postalCode': '18510', 'addressCountry': 'US', 'streetAddress': '600 S Blakely St'}","{'@type': 'GeoCoordinates', 'latitude': 41.4162341, 'longitude': -75.6368792}",{}
Moe's Southwest Grill (929 South State Street),https://www.ubereats.com/wilkesbarre-scranton/food-delivery/moes-southwest-grill-929-south-state-street/MODi32_cRfGAK1TSaKNcPA,dunmore-pennsylvania,"['Mexican', 'Fast Food']",4.0,22,$,41.4884577,-75.6950319,+15705856637,18411,929 South State Street,Clarks Summit,PA,"[{'@type': 'OpeningHoursSpecification', 'dayOfWeek': ['Monday', 'Tuesday', 'Wednesday', 'Thursday', 'Friday', 'Saturday', 'Sunday'], 'opens': '11:0', 'closes': '20:0'}]","{'@type': 'PostalAddress', 'addressLocality': 'Clarks Summit', 'addressRegion': 'PA', 'postalCode': '18411', 'addressCountry': 'US', 'streetAddress': '929 South State Street'}","{'@type': 'GeoCoordinates', 'latitude': 41.4884577, 'longitude': -75.6950319}","{'@type': 'AggregateRating', 'ratingValue': 4, 'reviewCount': '22'}"
Revello's Pizza,https://www.ubereats.com/wilkesbarre-scranton/food-delivery/revellos-pizza/xxVV4HNBQwW-5ySK_PfQVw,dunmore-pennsylvania,['PIzza'],,,$$,41.3673312,-75.7381714,+15704579843,18518,502 S Main St,Old Forge,PA,"[{'@type': 'OpeningHoursSpecification', 'dayOfWeek': ['Monday', 'Tuesday', 'Wednesday', 'Thursday', 'Friday', 'Saturday'], 'opens': '11:0', 'closes': '20:0'}]","{'@type': 'PostalAddress', 'addressLocality': 'Old Forge', 'addressRegion': 'PA', 'postalCode': '18518', 'addressCountry': 'US', 'streetAddress': '502 S Main St'}","{'@type': 'GeoCoordinates', 'latitude': 41.3673312, 'longitude': -75.7381714}",{}
Jitty Joe's,https://www.ubereats.com/wilkesbarre-scranton/food-delivery/jitty-joes/DU2u_oIzR8CZehrg8zOYZg,dunmore-pennsylvania,"['Ice Cream & Frozen Yogurt', 'Comfort Food', 'Desserts']",4.9,200,$,41.36545020000001,-75.71611469999999,+15709550801,18507,4211 Birney Avenue,Moosic,PA,"[{'@type': 'OpeningHoursSpecification', 'dayOfWeek': ['Sunday', 'Monday', 'Tuesday', 'Wednesday', 'Thursday'], 'opens': '12:0', 'closes': '21:0'}, {'@type': 'OpeningHoursSpecification', 'dayOfWeek': ['Friday', 'Saturday'], 'opens': '12:0', 'closes': '21:0'}, {'@type': 'OpeningHoursSpecification', 'dayOfWeek': ['Friday', 'Saturday'], 'opens': '12:0', 'closes': '21:30'}]","{'@type': 'PostalAddress', 'addressLocality': 'Moosic', 'addressRegion': 'PA', 'postalCode': '18507', 'addressCountry': 'US', 'streetAddress': '4211 Birney Avenue'}","{'@type': 'GeoCoordinates', 'latitude': 41.36545020000001, 'longitude': -75.71611469999999}","{'@type': 'AggregateRating', 'ratingValue': 4.9, 'reviewCount': '200'}"
Brownie's Famous Pizzeria,https://www.ubereats.com/wilkesbarre-scranton/food-delivery/brownies-famous-pizzeria/-2pj4Uq-TauUwTFsjyQe7Q,dunmore-pennsylvania,['Pizza'],,,$,41.4068497,-75.6818536,+15709618111,18504,401 S 9th Ave,Scranton,PA,"[{'@type': 'OpeningHoursSpecification', 'dayOfWeek': 'Sunday', 'opens': '12:0', 'closes': '23:30'}, {'@type': 'OpeningHoursSpecification', 'dayOfWeek': 'Monday', 'opens': '14:0', 'closes': '23:0'}, {'@type': 'OpeningHoursSpecification', 'dayOfWeek': ['Tuesday', 'Wednesday', 'Thursday'], 'opens': '10:30', 'closes': '23:0'}, {'@type': 'OpeningHoursSpecification', 'dayOfWeek': 'Friday', 'opens': '10:30', 'closes': '23:0'}, {'@type': 'OpeningHoursSpecification', 'dayOfWeek': 'Friday', 'opens': '10:30', 'closes': '23:30'}, {'@type': 'OpeningHoursSpecification', 'dayOfWeek': 'Saturday', 'opens': '10:30', 'closes': '23:0'}, {'@type': 'OpeningHoursSpecification', 'dayOfWeek': 'Saturday', 'opens': '12:0', 'closes': '23:30'}]","{'@type': 'PostalAddress', 'addressLocality': 'Scranton', 'addressRegion': 'PA', 'postalCode': '18504', 'addressCountry': 'US', 'streetAddress': '401 S 9th Ave'}","{'@type': 'GeoCoordinates', 'latitude': 41.4068497, 'longitude': -75.6818536}",{}
Mainline Hoagie & Pizza Shop,https://www.ubereats.com/wilkesbarre-scranton/food-delivery/mainline-hoagie-%26-pizza-shop/TWcNHGDGSTmRPQF1MF2bIA,dunmore-pennsylvania,"['Pizza', 'American', 'Italian']",,,$,41.4647027,-75.6187401,+15704892662,18519,1035 Main St,Dickson City,PA,"[{'@type': 'OpeningHoursSpecification', 'dayOfWeek': ['Monday', 'Tuesday'], 'opens': '10:0', 'closes': '14:0'}, {'@type': 'OpeningHoursSpecification', 'dayOfWeek': ['Wednesday', 'Thursday', 'Friday', 'Saturday'], 'opens': '10:0', 'closes': '21:0'}]","{'@type': 'PostalAddress', 'addressLocality': 'Dickson City', 'addressRegion': 'PA', 'postalCode': '18519', 'addressCountry': 'US', 'streetAddress': '1035 Main St'}","{'@type': 'GeoCoordinates', 'latitude': 41.4647027, 'longitude': -75.6187401}",{}
Donut Connection of Exeter,https://www.ubereats.com/wilkesbarre-scranton/food-delivery/donut-connection-of-exeter/MEt6eOZPT_KUVDAJJfJw1w,dunmore-pennsylvania,"['Bakery', 'Sandwich', 'Desserts']",4.5,57,$$,41.31778260000001,-75.82368439999999,+15706559551,,,,,"[{'@type': 'OpeningHoursSpecification', 'dayOfWeek': ['Monday', 'Tuesday', 'Wednesday', 'Thursday', 'Friday', 'Saturday', 'Sunday'], 'opens': '6:30', 'closes': '22:30'}]",,"{'@type': 'GeoCoordinates', 'latitude': 41.31778260000001, 'longitude': -75.82368439999999}","{'@type': 'AggregateRating', 'ratingValue': 4.5, 'reviewCount': '57'}"
Ale Mary's,https://www.ubereats.com/wilkesbarre-scranton/food-delivery/ale-marys/t8LdM8l1ROmWE2AUbRrjoA,dunmore-pennsylvania,"['American', 'Burgers', 'Sandwiches']",,,$,41.409743399999996,-75.6677651,+15709550176,18503,126 Franklin Ave,Scranton,PA,"[{'@type': 'OpeningHoursSpecification', 'dayOfWeek': 'Sunday', 'opens': '12:0', 'closes': '18:0'}, {'@type': 'OpeningHoursSpecification', 'dayOfWeek': ['Monday', 'Tuesday', 'Wednesday', 'Thursday'], 'opens': '17:0', 'closes': '20:30'}, {'@type': 'OpeningHoursSpecification', 'dayOfWeek': ['Friday', 'Saturday'], 'opens': '12:0', 'closes': '18:0'}]","{'@type': 'PostalAddress', 'addressLocality': 'Scranton', 'addressRegion': 'PA', 'postalCode': '18503', 'addressCountry': 'US', 'streetAddress': '126 Franklin Ave'}","{'@type': 'GeoCoordinates', 'latitude': 41.409743399999996, 'longitude': -75.6677651}",{}
Cangiano's Wood Fired Pizza,https://www.ubereats.com/wilkesbarre-scranton/food-delivery/cangianos-wood-fired-pizza/1jR2zrxQRSWGrTQiFR3IhA,dunmore-pennsylvania,"['Mediterranean', 'Italian', 'Pizza']",,,$,41.4608603,-75.6572709,+15705077122,18508,235 Scranton Carbondale Hwy,Dickson City,PA,"[{'@type': 'OpeningHoursSpecification', 'dayOfWeek': ['Monday', 'Tuesday', 'Wednesday', 'Thursday', 'Friday', 'Saturday'], 'opens': '10:30', 'closes': '20:30'}]","{'@type': 'PostalAddress', 'addressLocality': 'Dickson City', 'addressRegion': 'PA', 'postalCode': '18508', 'addressCountry': 'US', 'streetAddress': '235 Scranton Carbondale Hwy'}","{'@type': 'GeoCoordinates', 'latitude': 41.4608603, 'longitude': -75.6572709}",{}
Colarusso's Coal Fired Pizza,https://www.ubereats.com/wilkesbarre-scranton/food-delivery/colarussos-coal-fired-pizza/MMssoMhtTFOCU1PaJg2DuQ,dunmore-pennsylvania,"['Italian', 'Pizza', 'Pasta']",4.7,36,$$,41.4690597,-75.6371183,+15704892627,18519,1126 Commerce Blvd,Dickson City,PA,"[{'@type': 'OpeningHoursSpecification', 'dayOfWeek': 'Thursday', 'opens': '15:0', 'closes': '20:0'}, {'@type': 'OpeningHoursSpecification', 'dayOfWeek': ['Friday', 'Saturday'], 'opens': '15:0', 'closes': '20:0'}, {'@type': 'OpeningHoursSpecification', 'dayOfWeek': ['Friday', 'Saturday'], 'opens': '12:0', 'closes': '21:0'}, {'@type': 'OpeningHoursSpecification', 'dayOfWeek': ['Friday', 'Saturday'], 'opens': '11:0', 'closes': '0:0'}]","{'@type': 'PostalAddress', 'addressLocality': 'Dickson City', 'addressRegion': 'PA', 'postalCode': '18519', 'addressCountry': 'US', 'streetAddress': '1126 Commerce Blvd'}","{'@type': 'GeoCoordinates', 'latitude': 41.4690597, 'longitude': -75.6371183}","{'@type': 'AggregateRating', 'ratingValue': 4.7, 'reviewCount': '36'}"
Cold Stone Creamery (3 Montage Mountain Rd),https://www.ubereats.com/wilkesbarre-scranton/food-delivery/cold-stone-creamery-3-montage-mountain-rd/xpqRQouySES3CQ81DnR6eQ,dunmore-pennsylvania,"['Ice Cream and Frozen Yogurt', 'Desserts', 'Cupcakes']",,,$,41.36865969999999,-75.6869024,+15704140330,18507,3 Montage Mountain Rd,Moosic,PA,"[{'@type': 'OpeningHoursSpecification', 'dayOfWeek': ['Monday', 'Tuesday', 'Wednesday', 'Thursday', 'Friday', 'Saturday', 'Sunday'], 'opens': '16:30', 'closes': '19:30'}]","{'@type': 'PostalAddress', 'addressLocality': 'Moosic', 'addressRegion': 'PA', 'postalCode': '18507', 'addressCountry': 'US', 'streetAddress': '3 Montage Mountain Rd'}","{'@type': 'GeoCoordinates', 'latitude': 41.36865969999999, 'longitude': -75.6869024}",{}
Chipotle Mexican Grill (1245 Commerce Blvd),https://www.ubereats.com/wilkesbarre-scranton/food-delivery/chipotle-mexican-grill-1245-commerce-blvd/31u0N7PAQCGpgYCwNm8XsA,dunmore-pennsylvania,"['Healthy', 'Mexican']",4.1,132,$,41.4654591,-75.6374929,+15704833701,18519,1245 Commerce Blvd,Dickson City,PA,"[{'@type': 'OpeningHoursSpecification', 'dayOfWeek': ['Monday', 'Tuesday', 'Wednesday', 'Thursday', 'Friday', 'Saturday', 'Sunday'], 'opens': '10:45', 'closes': '21:40'}]","{'@type': 'PostalAddress', 'addressLocality': 'Dickson City', 'addressRegion': 'PA', 'postalCode': '18519', 'addressCountry': 'US', 'streetAddress': '1245 Commerce Blvd'}","{'@type': 'GeoCoordinates', 'latitude': 41.4654591, 'longitude': -75.6374929}","{'@type': 'AggregateRating', 'ratingValue': 4.1, 'reviewCount': '132'}"
The Garden: A Mediterranean Restaurant,https://www.ubereats.com/wilkesbarre-scranton/food-delivery/the-garden%3A-a-mediterranean-restaurant/N669f6AbQfmhxmUTksPaKA,dunmore-pennsylvania,"['Halal', 'Chicken', 'Middle Eastern']",,,$,41.40723,-75.6643,+15706772784,18503,116 N Washington Ave,Scranton,PA,"[{'@type': 'OpeningHoursSpecification', 'dayOfWeek': 'Sunday', 'opens': '11:0', 'closes': '14:45'}, {'@type': 'OpeningHoursSpecification', 'dayOfWeek': 'Sunday', 'opens': '11:0', 'closes': '14:45'}, {'@type': 'OpeningHoursSpecification', 'dayOfWeek': ['Tuesday', 'Wednesday', 'Thursday'], 'opens': '11:0', 'closes': '20:45'}, {'@type': 'OpeningHoursSpecification', 'dayOfWeek': ['Tuesday', 'Wednesday', 'Thursday'], 'opens': '11:0', 'closes': '20:45'}, {'@type': 'OpeningHoursSpecification', 'dayOfWeek': 'Friday', 'opens': '11:0', 'closes': '21:45'}, {'@type': 'OpeningHoursSpecification', 'dayOfWeek': 'Friday', 'opens': '11:0', 'closes': '21:45'}, {'@type': 'OpeningHoursSpecification', 'dayOfWeek': 'Saturday', 'opens': '16:0', 'closes': '21:45'}, {'@type': 'OpeningHoursSpecification', 'dayOfWeek': 'Saturday', 'opens': '16:0', 'closes': '21:45'}]","{'@type': 'PostalAddress', 'addressLocality': 'Scranton', 'addressRegion': 'PA', 'postalCode': '18503', 'addressCountry': 'US', 'streetAddress': '116 N Washington Ave'}","{'@type': 'GeoCoordinates', 'latitude': 41.40723, 'longitude': -75.6643}",{}
Teikoku168 Asian Buffet,https://www.ubereats.com/wilkesbarre-scranton/food-delivery/teikoku168-asian-buffet/AfeHp34qTKSZfY3o9kVKtA,dunmore-pennsylvania,"['Chinese', 'Asian', 'Asian Fusion']",,,$,41.3992039,-75.67508219999999,+13473851785,18505,1078 S Washington Ave,Scranton,PA,"[{'@type': 'OpeningHoursSpecification', 'dayOfWeek': ['Sunday', 'Monday', 'Tuesday', 'Wednesday', 'Thursday'], 'opens': '11:0', 'closes': '21:30'}, {'@type': 'OpeningHoursSpecification', 'dayOfWeek': ['Sunday', 'Monday', 'Tuesday', 'Wednesday', 'Thursday'], 'opens': '11:0', 'closes': '15:0'}, {'@type': 'OpeningHoursSpecification', 'dayOfWeek': ['Sunday', 'Monday', 'Tuesday', 'Wednesday', 'Thursday'], 'opens': '15:0', 'closes': '21:30'}, {'@type': 'OpeningHoursSpecification', 'dayOfWeek': ['Friday', 'Saturday'], 'opens': '11:0', 'closes': '22:30'}, {'@type': 'OpeningHoursSpecification', 'dayOfWeek': ['Friday', 'Saturday'], 'opens': '11:0', 'closes': '15:0'}, {'@type': 'OpeningHoursSpecification', 'dayOfWeek': ['Friday', 'Saturday'], 'opens': '15:0', 'closes': '22:30'}]","{'@type': 'PostalAddress', 'addressLocality': 'Scranton', 'addressRegion': 'PA', 'postalCode': '18505', 'addressCountry': 'US', 'streetAddress': '1078 S Washington Ave'}","{'@type': 'GeoCoordinates', 'latitude': 41.3992039, 'longitude': -75.67508219999999}",{}
Harvest Seasonal Grill & Wine Bar - Montage,https://www.ubereats.com/wilkesbarre-scranton/food-delivery/harvest-seasonal-grill-%26-wine-bar-montage/GamSBem1SWauXN4qLzMMcg,dunmore-pennsylvania,"['Burgers', 'American', 'Sandwiches']",,,$,41.3615276,-75.6769,+15703423330,18507,7011 Shoppes Boulevard,Moosic,PA,"[{'@type': 'OpeningHoursSpecification', 'dayOfWeek': 'Monday', 'opens': '3:0', 'closes': '3:30'}]","{'@type': 'PostalAddress', 'addressLocality': 'Moosic', 'addressRegion': 'PA', 'postalCode': '18507', 'addressCountry': 'US', 'streetAddress': '7011 Shoppes Boulevard'}","{'@type': 'GeoCoordinates', 'latitude': 41.3615276, 'longitude': -75.6769}",{}
PARADISE SOULFOOD & SWEETS LLC,https://www.ubereats.com/wilkesbarre-scranton/food-delivery/paradise-soulfood-%26-sweets-llc/VGeQtjA1Qr6zQEkD81Mkcg,dunmore-pennsylvania,"['Soul Food', 'American', 'Burgers']",,,$,41.4077053,-75.6677196,+15702412370,18503,"300 Lackawanna Ave, 2nd FLR",Scranton,PA,"[{'@type': 'OpeningHoursSpecification', 'dayOfWeek': 'Wednesday', 'opens': '13:0', 'closes': '19:30'}, {'@type': 'OpeningHoursSpecification', 'dayOfWeek': 'Thursday', 'opens': '12:30', 'closes': '15:30'}, {'@type': 'OpeningHoursSpecification', 'dayOfWeek': 'Friday', 'opens': '13:0', 'closes': '19:30'}, {'@type': 'OpeningHoursSpecification', 'dayOfWeek': 'Saturday', 'opens': '15:30', 'closes': '20:30'}]","{'@type': 'PostalAddress', 'addressLocality': 'Scranton', 'addressRegion': 'PA', 'postalCode': '18503', 'addressCountry': 'US', 'streetAddress': '300 Lackawanna Ave, 2nd FLR'}","{'@type': 'GeoCoordinates', 'latitude': 41.4077053, 'longitude': -75.6677196}",{}
Fireside Martini Grill llc,https://www.ubereats.com/wilkesbarre-scranton/food-delivery/fireside-martini-grill-llc/VJSr2B7BRfOC6gxVlb_TLw,dunmore-pennsylvania,"['Pizza', 'Wings', 'Sandwich']",,,,41.4157242,-75.6284919,+15708714837,18512,411 Chestnut St,Dunmore,PA,"[{'@type': 'OpeningHoursSpecification', 'dayOfWeek': ['Tuesday', 'Wednesday', 'Thursday', 'Friday'], 'opens': '16:0', 'closes': '21:0'}, {'@type': 'OpeningHoursSpecification', 'dayOfWeek': 'Saturday', 'opens': '16:0', 'closes': '18:0'}]","{'@type': 'PostalAddress', 'addressLocality': 'Dunmore', 'addressRegion': 'PA', 'postalCode': '18512', 'addressCountry': 'US', 'streetAddress': '411 Chestnut St'}","{'@type': 'GeoCoordinates', 'latitude': 41.4157242, 'longitude': -75.6284919}",{}
State Street Grill,https://www.ubereats.com/wilkesbarre-scranton/food-delivery/state-street-grill/ohAoZifvQP6uKK9RG7AbRQ,dunmore-pennsylvania,"['Burgers', 'American', 'Sandwiches']",,,$,41.4947029,-75.70459679999999,+15705855590,18411,114 S State St,Clarks Summit,PA,"[{'@type': 'OpeningHoursSpecification', 'dayOfWeek': 'Sunday', 'opens': '16:30', 'closes': '20:30'}, {'@type': 'OpeningHoursSpecification', 'dayOfWeek': ['Monday', 'Tuesday', 'Wednesday', 'Thursday'], 'opens': '16:30', 'closes': '21:30'}, {'@type': 'OpeningHoursSpecification', 'dayOfWeek': ['Monday', 'Tuesday', 'Wednesday', 'Thursday'], 'opens': '11:0', 'closes': '15:30'}, {'@type': 'OpeningHoursSpecification', 'dayOfWeek': ['Monday', 'Tuesday', 'Wednesday', 'Thursday'], 'opens': '8:0', 'closes': '11:0'}, {'@type': 'OpeningHoursSpecification', 'dayOfWeek': 'Friday', 'opens': '11:0', 'closes': '15:30'}, {'@type': 'OpeningHoursSpecification', 'dayOfWeek': 'Friday', 'opens': '8:0', 'closes': '11:0'}]","{'@type': 'PostalAddress', 'addressLocality': 'Clarks Summit', 'addressRegion': 'PA', 'postalCode': '18411', 'addressCountry': 'US', 'streetAddress': '114 S State St'}","{'@type': 'GeoCoordinates', 'latitude': 41.4947029, 'longitude': -75.70459679999999}",{}
OTOWN BAR AND GRILL,https://www.ubereats.com/wilkesbarre-scranton/food-delivery/otown-bar-and-grill/rghl8h3eRMOkUhpClxkqgA,dunmore-pennsylvania,"['American', 'Burgers', 'Sandwiches', 'Salads']",4.4,82,$,41.469131,-75.6032815,+15704834429,,,,,"[{'@type': 'OpeningHoursSpecification', 'dayOfWeek': ['Sunday', 'Monday', 'Tuesday', 'Wednesday', 'Thursday'], 'opens': '11:0', 'closes': '21:0'}, {'@type': 'OpeningHoursSpecification', 'dayOfWeek': ['Friday', 'Saturday'], 'opens': '11:0', 'closes': '22:0'}]",,"{'@type': 'GeoCoordinates', 'latitude': 41.469131, 'longitude': -75.6032815}","{'@type': 'AggregateRating', 'ratingValue': 4.4, 'reviewCount': '82'}"
Nearme Cafe,https://www.ubereats.com/wilkesbarre-scranton/food-delivery/nearme-cafe/3vrCU8TVQDGJQ2EICDpDgg,dunmore-pennsylvania,"['Breakfast and Brunch', 'Juice and Smoothies', 'Salads', 'Seafood', 'Chicken']",4.9,34,$,41.35488689999999,-75.7297442,+15704713051,18507,700 Main St,Moosic,Pennsylvania,"[{'@type': 'OpeningHoursSpecification', 'dayOfWeek': 'Sunday', 'opens': '10:0', 'closes': '15:0'}, {'@type': 'OpeningHoursSpecification', 'dayOfWeek': ['Monday', 'Tuesday', 'Wednesday', 'Thursday', 'Friday'], 'opens': '10:0', 'closes': '13:0'}, {'@type': 'OpeningHoursSpecification', 'dayOfWeek': 'Saturday', 'opens': '10:0', 'closes': '15:0'}]","{'@type': 'PostalAddress', 'addressLocality': 'Moosic', 'addressRegion': 'Pennsylvania', 'postalCode': '18507', 'addressCountry': 'US', 'streetAddress': '700 Main St'}","{'@type': 'GeoCoordinates', 'latitude': 41.35488689999999, 'longitude': -75.7297442}","{'@type': 'AggregateRating', 'ratingValue': 4.9, 'reviewCount': '34'}"
Krispy Kreme (511 Moosic Street),https://www.ubereats.com/wilkesbarre-scranton/food-delivery/krispy-kreme-511-moosic-street/05d9U55VSOyj67qxv-nR4Q,dunmore-pennsylvania,"['Breakfast and Brunch', 'Bakery']",,,$,41.4028733,-75.6589477,+15703434608,18505,511 Moosic Street,Scranton,PA,"[{'@type': 'OpeningHoursSpecification', 'dayOfWeek': ['Monday', 'Tuesday', 'Wednesday', 'Thursday', 'Friday', 'Saturday', 'Sunday'], 'opens': '6:15', 'closes': '20:45'}]","{'@type': 'PostalAddress', 'addressLocality': 'Scranton', 'addressRegion': 'PA', 'postalCode': '18505', 'addressCountry': 'US', 'streetAddress': '511 Moosic Street'}","{'@type': 'GeoCoordinates', 'latitude': 41.4028733, 'longitude': -75.6589477}",{}
Tequila,https://www.ubereats.com/wilkesbarre-scranton/food-delivery/tequila/TkY_ispHTMGvR1l8Sv5bAw,dunmore-pennsylvania,"['Mexican', 'Burritos', 'Tacos']",4.4,29,$$,41.4083444,-75.66458930000002,+15703410205,18503,414 Spruce St,Scranton,PA,"[{'@type': 'OpeningHoursSpecification', 'dayOfWeek': ['Tuesday', 'Wednesday', 'Thursday', 'Friday', 'Saturday'], 'opens': '16:0', 'closes': '20:0'}]","{'@type': 'PostalAddress', 'addressLocality': 'Scranton', 'addressRegion': 'PA', 'postalCode': '18503', 'addressCountry': 'US', 'streetAddress': '414 Spruce St'}","{'@type': 'GeoCoordinates', 'latitude': 41.4083444, 'longitude': -75.66458930000002}","{'@type': 'AggregateRating', 'ratingValue': 4.4, 'reviewCount': '29'}"
Dunkin' (927 S. State St),https://www.ubereats.com/wilkesbarre-scranton/food-delivery/dunkin-927-s-state-st/KA47NBSpRQSU9uVwJA_aDw,dunmore-pennsylvania,"['Breakfast and Brunch', 'Donuts']",4.1,11,$,41.4883477,-75.69582710000002,+15705870103,18411,927 S. State St,Clarks Summit,PA,"[{'@type': 'OpeningHoursSpecification', 'dayOfWeek': ['Monday', 'Tuesday', 'Wednesday', 'Thursday', 'Friday', 'Saturday', 'Sunday'], 'opens': '5:30', 'closes': '18:30'}]","{'@type': 'PostalAddress', 'addressLocality': 'Clarks Summit', 'addressRegion': 'PA', 'postalCode': '18411', 'addressCountry': 'US', 'streetAddress': '927 S. State St'}","{'@type': 'GeoCoordinates', 'latitude': 41.4883477, 'longitude': -75.69582710000002}","{'@type': 'AggregateRating', 'ratingValue': 4.1, 'reviewCount': '11'}"
Dunkin' (100 Mulberry St),https://www.ubereats.com/wilkesbarre-scranton/food-delivery/dunkin-100-mulberry-st/jLBRfC4cT6OL4mIcEWbPcg,dunmore-pennsylvania,"['Breakfast and Brunch', 'Donuts']",4.5,91,$,41.4130637,-75.66612889999999,+15709637856,18503,100 Mulberry St,Scranton,PA,"[{'@type': 'OpeningHoursSpecification', 'dayOfWeek': ['Monday', 'Tuesday', 'Wednesday', 'Thursday', 'Friday', 'Saturday', 'Sunday'], 'opens': '5:30', 'closes': '20:0'}]","{'@type': 'PostalAddress', 'addressLocality': 'Scranton', 'addressRegion': 'PA', 'postalCode': '18503', 'addressCountry': 'US', 'streetAddress': '100 Mulberry St'}","{'@type': 'GeoCoordinates', 'latitude': 41.4130637, 'longitude': -75.66612889999999}","{'@type': 'AggregateRating', 'ratingValue': 4.5, 'reviewCount': '91'}"
Mi Ranchito Bakery and Colombian Restaurant,https://www.ubereats.com/wilkesbarre-scranton/food-delivery/mi-ranchito-bakery-and-colombian-restaurant/Qi6qmhmXQwarxwSxMKzvKg,dunmore-pennsylvania,"['Latin American', 'Mexican', 'Vegetarian']",4.4,45,$,41.4059272,-75.67772219999999,+15709555988,18504,395B Meridian Ave,Scranton,PA,"[{'@type': 'OpeningHoursSpecification', 'dayOfWeek': ['Monday', 'Tuesday', 'Wednesday', 'Thursday'], 'opens': '8:0', 'closes': '17:30'}, {'@type': 'OpeningHoursSpecification', 'dayOfWeek': ['Monday', 'Tuesday', 'Wednesday', 'Thursday'], 'opens': '6:0', 'closes': '19:30'}, {'@type': 'OpeningHoursSpecification', 'dayOfWeek': ['Friday', 'Saturday'], 'opens': '8:0', 'closes': '17:30'}, {'@type': 'OpeningHoursSpecification', 'dayOfWeek': ['Friday', 'Saturday'], 'opens': '6:0', 'closes': '20:30'}]","{'@type': 'PostalAddress', 'addressLocality': 'Scranton', 'addressRegion': 'PA', 'postalCode': '18504', 'addressCountry': 'US', 'streetAddress': '395B Meridian Ave'}","{'@type': 'GeoCoordinates', 'latitude': 41.4059272, 'longitude': -75.67772219999999}","{'@type': 'AggregateRating', 'ratingValue': 4.4, 'reviewCount': '45'}"
Trax Bar + Kitchen,https://www.ubereats.com/wilkesbarre-scranton/food-delivery/trax-bar-%2B-kitchen/jv3Tp98zSPmHy_IrDgbfNw,dunmore-pennsylvania,"['American', 'Salads', 'Vegan Friendly', 'Burgers']",,,$,41.4055833,-75.6612657,+15703428300,18503,700 Lackawanna Ave  #101,Scranton,PA,"[{'@type': 'OpeningHoursSpecification', 'dayOfWeek': 'Sunday', 'opens': '13:0', 'closes': '21:0'}, {'@type': 'OpeningHoursSpecification', 'dayOfWeek': 'Sunday', 'opens': '16:0', 'closes': '21:0'}, {'@type': 'OpeningHoursSpecification', 'dayOfWeek': ['Monday', 'Tuesday', 'Wednesday', 'Thursday'], 'opens': '16:0', 'closes': '22:0'}, {'@type': 'OpeningHoursSpecification', 'dayOfWeek': ['Monday', 'Tuesday', 'Wednesday', 'Thursday'], 'opens': '16:0', 'closes': '22:0'}, {'@type': 'OpeningHoursSpecification', 'dayOfWeek': ['Friday', 'Saturday'], 'opens': '16:0', 'closes': '0:0'}, {'@type': 'OpeningHoursSpecification', 'dayOfWeek': ['Friday', 'Saturday'], 'opens': '16:0', 'closes': '22:0'}]","{'@type': 'PostalAddress', 'addressLocality': 'Scranton', 'addressRegion': 'PA', 'postalCode': '18503', 'addressCountry': 'US', 'streetAddress': '700 Lackawanna Ave  #101'}","{'@type': 'GeoCoordinates', 'latitude': 41.4055833, 'longitude': -75.6612657}",{}
Primanti Bros. (1249 Commerce Blvd),https://www.ubereats.com/wilkesbarre-scranton/food-delivery/primanti-bros-1249-commerce-blvd/v979i3HQS3CIxv5KGc0pnQ,dunmore-pennsylvania,['Sandwiches'],4.3,21,$$,41.4657078,-75.6370383,+15702307811,18519,1249 Commerce Blvd,Dickson City,PA,"[{'@type': 'OpeningHoursSpecification', 'dayOfWeek': ['Sunday', 'Monday'], 'opens': '11:0', 'closes': '22:0'}, {'@type': 'OpeningHoursSpecification', 'dayOfWeek': ['Sunday', 'Monday'], 'opens': '11:0', 'closes': '22:0'}, {'@type': 'OpeningHoursSpecification', 'dayOfWeek': ['Tuesday', 'Wednesday', 'Thursday'], 'opens': '11:0', 'closes': '22:0'}, {'@type': 'OpeningHoursSpecification', 'dayOfWeek': ['Friday', 'Saturday'], 'opens': '11:0', 'closes': '23:0'}]","{'@type': 'PostalAddress', 'addressLocality': 'Dickson City', 'addressRegion': 'PA', 'postalCode': '18519', 'addressCountry': 'US', 'streetAddress': '1249 Commerce Blvd'}","{'@type': 'GeoCoordinates', 'latitude': 41.4657078, 'longitude': -75.6370383}","{'@type': 'AggregateRating', 'ratingValue': 4.3, 'reviewCount': '21'}"
Dunkin' (3380 N Main Ave),https://www.ubereats.com/wilkesbarre-scranton/food-delivery/dunkin-3380-n-main-ave/YOiEsmfNSy2fpMVFeW_BDA,dunmore-pennsylvania,"['Breakfast and Brunch', 'Donuts']",,,$,41.4484434,-75.6404685,+15708007119,18508,3380 N Main Ave,Scranton,PA,"[{'@type': 'OpeningHoursSpecification', 'dayOfWeek': ['Monday', 'Tuesday', 'Wednesday', 'Thursday', 'Friday', 'Saturday', 'Sunday'], 'opens': '5:30', 'closes': '18:30'}]","{'@type': 'PostalAddress', 'addressLocality': 'Scranton', 'addressRegion': 'PA', 'postalCode': '18508', 'addressCountry': 'US', 'streetAddress': '3380 N Main Ave'}","{'@type': 'GeoCoordinates', 'latitude': 41.4484434, 'longitude': -75.6404685}",{}
Uno Pizzeria & Grill (3905 Commerce Blvd.),https://www.ubereats.com/wilkesbarre-scranton/food-delivery/uno-pizzeria-%26-grill-3905-commerce-blvd/OXRHfTjOQ3epS1Ts5whHsw,dunmore-pennsylvania,"['Italian', 'Pizza', 'Sandwich', 'Salads']",,,$$,41.467484,-75.634745,+15703074200,18519,3905 Commerce Blvd.,Dickson City,PA,"[{'@type': 'OpeningHoursSpecification', 'dayOfWeek': 'Sunday', 'opens': '0:0', 'closes': '2:0'}, {'@type': 'OpeningHoursSpecification', 'dayOfWeek': 'Sunday', 'opens': '11:0', 'closes': '23:59'}, {'@type': 'OpeningHoursSpecification', 'dayOfWeek': ['Monday', 'Tuesday', 'Wednesday', 'Thursday', 'Friday'], 'opens': '0:0', 'closes': '1:0'}, {'@type': 'OpeningHoursSpecification', 'dayOfWeek': ['Monday', 'Tuesday', 'Wednesday', 'Thursday', 'Friday'], 'opens': '11:0', 'closes': '23:59'}, {'@type': 'OpeningHoursSpecification', 'dayOfWeek': 'Saturday', 'opens': '0:0', 'closes': '2:0'}, {'@type': 'OpeningHoursSpecification', 'dayOfWeek': 'Saturday', 'opens': '11:0', 'closes': '23:59'}]","{'@type': 'PostalAddress', 'addressLocality': 'Dickson City', 'addressRegion': 'PA', 'postalCode': '18519', 'addressCountry': 'US', 'streetAddress': '3905 Commerce Blvd.'}","{'@type': 'GeoCoordinates', 'latitude': 41.467484, 'longitude': -75.634745}",{}
Arby's (502 7TH AVE),https://www.ubereats.com/wilkesbarre-scranton/food-delivery/arbys-502-7th-ave/-5Fvihn3SwS39KqY84Ua3g,dunmore-pennsylvania,"['American', 'Sandwich', 'Fast Food', 'Kids Friendly']",4.4,71,$,41.4143207,-75.6701593,+15703460900,18503,502 N 7th Ave,Scranton,PA,"[{'@type': 'OpeningHoursSpecification', 'dayOfWeek': ['Monday', 'Tuesday', 'Wednesday', 'Thursday', 'Friday', 'Saturday', 'Sunday'], 'opens': '10:30', 'closes': '21:30'}]","{'@type': 'PostalAddress', 'addressLocality': 'Scranton', 'addressRegion': 'PA', 'postalCode': '18503', 'addressCountry': 'US', 'streetAddress': '502 N 7th Ave'}","{'@type': 'GeoCoordinates', 'latitude': 41.4143207, 'longitude': -75.6701593}","{'@type': 'AggregateRating', 'ratingValue': 4.4, 'reviewCount': '71'}"
Burger King (1813 North Keyser Avenue),https://www.ubereats.com/wilkesbarre-scranton/food-delivery/burger-king-1813-north-keyser-avenue/pQj5QCaATPmp-TtemA8IDQ,dunmore-pennsylvania,"['American', 'burger', 'Fast Food']",4.2,13,$,41.4456772,-75.66758329999999,+15704960540,18508,1813 North Keyser Avenue,Scranton,PA,"[{'@type': 'OpeningHoursSpecification', 'dayOfWeek': 'Sunday', 'opens': '7:30', 'closes': '10:29'}, {'@type': 'OpeningHoursSpecification', 'dayOfWeek': 'Sunday', 'opens': '10:30', 'closes': '22:30'}, {'@type': 'OpeningHoursSpecification', 'dayOfWeek': ['Monday', 'Tuesday', 'Wednesday', 'Thursday', 'Friday', 'Saturday'], 'opens': '6:30', 'closes': '10:29'}, {'@type': 'OpeningHoursSpecification', 'dayOfWeek': ['Monday', 'Tuesday', 'Wednesday', 'Thursday', 'Friday', 'Saturday'], 'opens': '10:30', 'closes': '22:30'}]","{'@type': 'PostalAddress', 'addressLocality': 'Scranton', 'addressRegion': 'PA', 'postalCode': '18508', 'addressCountry': 'US', 'streetAddress': '1813 North Keyser Avenue'}","{'@type': 'GeoCoordinates', 'latitude': 41.4456772, 'longitude': -75.66758329999999}","{'@type': 'AggregateRating', 'ratingValue': 4.2, 'reviewCount': '13'}"
Perkins (304 Route 315),https://www.ubereats.com/wilkesbarre-scranton/food-delivery/perkins-304-route-315/5ahbjbgrSm6cJzqRV-g24w,dunmore-pennsylvania,"['Breakfast and Brunch', 'American', 'Dinner', 'Bakery']",4.5,12,$$,41.3067384,-75.7646298,+15708835682,18640,304 Route 315,Pittston,PA,"[{'@type': 'OpeningHoursSpecification', 'dayOfWeek': ['Monday', 'Tuesday', 'Wednesday', 'Thursday', 'Friday', 'Saturday', 'Sunday'], 'opens': '8:15', 'closes': '19:0'}]","{'@type': 'PostalAddress', 'addressLocality': 'Pittston', 'addressRegion': 'PA', 'postalCode': '18640', 'addressCountry': 'US', 'streetAddress': '304 Route 315'}","{'@type': 'GeoCoordinates', 'latitude': 41.3067384, 'longitude': -75.7646298}","{'@type': 'AggregateRating', 'ratingValue': 4.5, 'reviewCount': '12'}"
Villa Maria's II,https://www.ubereats.com/wilkesbarre-scranton/food-delivery/villa-marias-ii/R3M24V-rS1-MxyQt8e4e4Q,dunmore-pennsylvania,"['Italian', 'Pasta', 'Comfort Food', 'Burgers']",3.9,31,$,41.4137983,-75.6876703,+15703478010,,,,,"[{'@type': 'OpeningHoursSpecification', 'dayOfWeek': 'Sunday', 'opens': '12:0', 'closes': '21:0'}, {'@type': 'OpeningHoursSpecification', 'dayOfWeek': 'Monday', 'opens': '12:0', 'closes': '21:0'}, {'@type': 'OpeningHoursSpecification', 'dayOfWeek': 'Monday', 'opens': '12:0', 'closes': '23:30'}, {'@type': 'OpeningHoursSpecification', 'dayOfWeek': ['Tuesday', 'Wednesday', 'Thursday', 'Friday', 'Saturday'], 'opens': '12:0', 'closes': '21:0'}]",,"{'@type': 'GeoCoordinates', 'latitude': 41.4137983, 'longitude': -75.6876703}","{'@type': 'AggregateRating', 'ratingValue': 3.9, 'reviewCount': '31'}"
Red Lobster (1502 Scranton-Carbondale Hwy),https://www.ubereats.com/wilkesbarre-scranton/food-delivery/red-lobster-1502-scranton-carbondale-hwy/7nPLWlX2Rqyq7dJL_PycMA,dunmore-pennsylvania,"['Seafood', 'American']",3.7,41,$$,41.4702702,-75.6366534,+15703836686,18508,1502,Scranton,PA,"[{'@type': 'OpeningHoursSpecification', 'dayOfWeek': ['Sunday', 'Monday', 'Tuesday', 'Wednesday', 'Thursday'], 'opens': '11:30', 'closes': '20:0'}, {'@type': 'OpeningHoursSpecification', 'dayOfWeek': ['Friday', 'Saturday'], 'opens': '11:30', 'closes': '21:0'}]","{'@type': 'PostalAddress', 'addressLocality': 'Scranton', 'addressRegion': 'PA', 'postalCode': '18508', 'addressCountry': 'US', 'streetAddress': '1502'}","{'@type': 'GeoCoordinates', 'latitude': 41.4702702, 'longitude': -75.6366534}","{'@type': 'AggregateRating', 'ratingValue': 3.7, 'reviewCount': '41'}"
Taco Bell (2 Olive St),https://www.ubereats.com/wilkesbarre-scranton/food-delivery/taco-bell-2-olive-st/fFnew1lbTfaMe7zSXYF-iA,dunmore-pennsylvania,"['Burritos', 'Fast Food', 'Mexican']",4.3,200,$,41.4169313,-75.6653335,+15703400507,18508,2 Olive St,Scranton,PA,"[{'@type': 'OpeningHoursSpecification', 'dayOfWeek': ['Sunday', 'Monday', 'Tuesday', 'Wednesday', 'Thursday'], 'opens': '14:0', 'closes': '17:0'}, {'@type': 'OpeningHoursSpecification', 'dayOfWeek': ['Sunday', 'Monday', 'Tuesday', 'Wednesday', 'Thursday'], 'opens': '9:0', 'closes': '0:30'}, {'@type': 'OpeningHoursSpecification', 'dayOfWeek': ['Sunday', 'Monday', 'Tuesday', 'Wednesday', 'Thursday'], 'opens': '9:0', 'closes': '10:30'}, {'@type': 'OpeningHoursSpecification', 'dayOfWeek': ['Friday', 'Saturday'], 'opens': '14:0', 'closes': '17:0'}, {'@type': 'OpeningHoursSpecification', 'dayOfWeek': ['Friday', 'Saturday'], 'opens': '9:0', 'closes': '10:30'}, {'@type': 'OpeningHoursSpecification', 'dayOfWeek': ['Friday', 'Saturday'], 'opens': '9:0', 'closes': '1:30'}]","{'@type': 'PostalAddress', 'addressLocality': 'Scranton', 'addressRegion': 'PA', 'postalCode': '18508', 'addressCountry': 'US', 'streetAddress': '2 Olive St'}","{'@type': 'GeoCoordinates', 'latitude': 41.4169313, 'longitude': -75.6653335}","{'@type': 'AggregateRating', 'ratingValue': 4.3, 'reviewCount': '200'}"
Burger King (700 North Blakely Street),https://www.ubereats.com/wilkesbarre-scranton/food-delivery/burger-king-700-north-blakely-street/66cYe1P7RlCKLDb0US2FAw,dunmore-pennsylvania,"['American', 'burger', 'Fast Food']",4.6,51,$,41.4277069,-75.62369570000001,+15703475885,18512,700 North Blakely Street,Dunmore,PA,"[{'@type': 'OpeningHoursSpecification', 'dayOfWeek': 'Sunday', 'opens': '7:30', 'closes': '10:29'}, {'@type': 'OpeningHoursSpecification', 'dayOfWeek': 'Sunday', 'opens': '10:30', 'closes': '22:30'}, {'@type': 'OpeningHoursSpecification', 'dayOfWeek': ['Monday', 'Tuesday', 'Wednesday', 'Thursday', 'Friday', 'Saturday'], 'opens': '6:30', 'closes': '10:29'}, {'@type': 'OpeningHoursSpecification', 'dayOfWeek': ['Monday', 'Tuesday', 'Wednesday', 'Thursday', 'Friday', 'Saturday'], 'opens': '10:30', 'closes': '22:30'}]","{'@type': 'PostalAddress', 'addressLocality': 'Dunmore', 'addressRegion': 'PA', 'postalCode': '18512', 'addressCountry': 'US', 'streetAddress': '700 North Blakely Street'}","{'@type': 'GeoCoordinates', 'latitude': 41.4277069, 'longitude': -75.62369570000001}","{'@type': 'AggregateRating', 'ratingValue': 4.6, 'reviewCount': '51'}"
Angelos Pizza,https://www.ubereats.com/wilkesbarre-scranton/food-delivery/angelos-pizza/CThpNdJSS9-lOkoroX6g5g,dunmore-pennsylvania,"['Italian', 'Pizza', 'Sandwich']",,,$,41.4588283,-75.6546124,+15703445091,18508,100 Viewmont Mall,Scranton,PA,"[{'@type': 'OpeningHoursSpecification', 'dayOfWeek': 'Sunday', 'opens': '11:0', 'closes': '18:0'}, {'@type': 'OpeningHoursSpecification', 'dayOfWeek': ['Monday', 'Tuesday', 'Wednesday', 'Thursday', 'Friday', 'Saturday'], 'opens': '10:0', 'closes': '21:0'}]","{'@type': 'PostalAddress', 'addressLocality': 'Scranton', 'addressRegion': 'PA', 'postalCode': '18508', 'addressCountry': 'US', 'streetAddress': '100 Viewmont Mall'}","{'@type': 'GeoCoordinates', 'latitude': 41.4588283, 'longitude': -75.6546124}",{}
Thai Rak Thai,https://www.ubereats.com/wilkesbarre-scranton/food-delivery/thai-rak-thai/Qj9dpJm2RkyTvBqT6r7Iaw,dunmore-pennsylvania,"['Thai', 'Asian', 'Noodles']",4.8,64,$,41.4094703,-75.6600158,+15703442240,18503,349 Adams Ave,Scranton,PA,"[{'@type': 'OpeningHoursSpecification', 'dayOfWeek': ['Monday', 'Tuesday', 'Wednesday', 'Thursday', 'Friday'], 'opens': '11:0', 'closes': '19:30'}, {'@type': 'OpeningHoursSpecification', 'dayOfWeek': ['Monday', 'Tuesday', 'Wednesday', 'Thursday', 'Friday'], 'opens': '11:0', 'closes': '15:0'}, {'@type': 'OpeningHoursSpecification', 'dayOfWeek': 'Saturday', 'opens': '11:0', 'closes': '19:30'}]","{'@type': 'PostalAddress', 'addressLocality': 'Scranton', 'addressRegion': 'PA', 'postalCode': '18503', 'addressCountry': 'US', 'streetAddress': '349 Adams Ave'}","{'@type': 'GeoCoordinates', 'latitude': 41.4094703, 'longitude': -75.6600158}","{'@type': 'AggregateRating', 'ratingValue': 4.8, 'reviewCount': '64'}"
Auntie Anne's (834 Viewmont Mall),https://www.ubereats.com/wilkesbarre-scranton/food-delivery/auntie-annes-834-viewmont-mall/WMUSNSaKTl6Z1UIMNNUGWQ,dunmore-pennsylvania,"['Bakery', 'Comfort Food', 'Desserts']",,,$,41.4588283,-75.6546124,+15709692250,18508,834 Viewmont Mall,Dickson City,PA,"[{'@type': 'OpeningHoursSpecification', 'dayOfWeek': 'Sunday', 'opens': '12:15', 'closes': '17:45'}, {'@type': 'OpeningHoursSpecification', 'dayOfWeek': ['Monday', 'Tuesday', 'Wednesday', 'Thursday', 'Friday', 'Saturday'], 'opens': '11:15', 'closes': '18:45'}]","{'@type': 'PostalAddress', 'addressLocality': 'Dickson City', 'addressRegion': 'PA', 'postalCode': '18508', 'addressCountry': 'US', 'streetAddress': '834 Viewmont Mall'}","{'@type': 'GeoCoordinates', 'latitude': 41.4588283, 'longitude': -75.6546124}",{}
Dunkin' (1251 Scranton-Carbondale Hwy),https://www.ubereats.com/wilkesbarre-scranton/food-delivery/dunkin-1251-scranton-carbondale-hwy/JGOz5fvURSiwFHxbVRV_Lg,dunmore-pennsylvania,"['Breakfast and Brunch', 'Donuts']",,,$,41.47025250000001,-75.63955490000001,+15704834705,18508,1251,Scranton,PA,"[{'@type': 'OpeningHoursSpecification', 'dayOfWeek': ['Monday', 'Tuesday', 'Wednesday', 'Thursday', 'Friday', 'Saturday', 'Sunday'], 'opens': '5:30', 'closes': '18:30'}]","{'@type': 'PostalAddress', 'addressLocality': 'Scranton', 'addressRegion': 'PA', 'postalCode': '18508', 'addressCountry': 'US', 'streetAddress': '1251'}","{'@type': 'GeoCoordinates', 'latitude': 41.47025250000001, 'longitude': -75.63955490000001}",{}
Taco Bell (823 Commerce Blvd),https://www.ubereats.com/wilkesbarre-scranton/food-delivery/taco-bell-823-commerce-blvd/jraq0vTuRWa-SyeOdWh8Pg,dunmore-pennsylvania,"['Burritos', 'Fast Food', 'Mexican']",4.5,49,$,41.4630388,-75.643016,+15703417505,18519,823 Commerce Blvd,Dickson City,PA,"[{'@type': 'OpeningHoursSpecification', 'dayOfWeek': ['Sunday', 'Monday', 'Tuesday', 'Wednesday', 'Thursday'], 'opens': '14:0', 'closes': '17:0'}, {'@type': 'OpeningHoursSpecification', 'dayOfWeek': ['Sunday', 'Monday', 'Tuesday', 'Wednesday', 'Thursday'], 'opens': '9:0', 'closes': '0:30'}, {'@type': 'OpeningHoursSpecification', 'dayOfWeek': ['Sunday', 'Monday', 'Tuesday', 'Wednesday', 'Thursday'], 'opens': '7:0', 'closes': '10:30'}, {'@type': 'OpeningHoursSpecification', 'dayOfWeek': ['Friday', 'Saturday'], 'opens': '14:0', 'closes': '17:0'}, {'@type': 'OpeningHoursSpecification', 'dayOfWeek': ['Friday', 'Saturday'], 'opens': '7:0', 'closes': '10:30'}, {'@type': 'OpeningHoursSpecification', 'dayOfWeek': ['Friday', 'Saturday'], 'opens': '9:0', 'closes': '1:30'}]","{'@type': 'PostalAddress', 'addressLocality': 'Dickson City', 'addressRegion': 'PA', 'postalCode': '18519', 'addressCountry': 'US', 'streetAddress': '823 Commerce Blvd'}","{'@type': 'GeoCoordinates', 'latitude': 41.4630388, 'longitude': -75.643016}","{'@type': 'AggregateRating', 'ratingValue': 4.5, 'reviewCount': '49'}"
Burger King (524 Scranton-Carbondale Hwy),https://www.ubereats.com/wilkesbarre-scranton/food-delivery/burger-king-524-scranton-carbondale-hwy/YQeG_xr2TTyanOoMAkXhZA,dunmore-pennsylvania,"['American', 'burger', 'Fast Food']",3.9,18,$,41.4631041,-75.6521298,+15703463450,18508,524,Scranton,PA,"[{'@type': 'OpeningHoursSpecification', 'dayOfWeek': ['Monday', 'Tuesday', 'Wednesday', 'Thursday', 'Friday', 'Saturday', 'Sunday'], 'opens': '7:30', 'closes': '10:29'}, {'@type': 'OpeningHoursSpecification', 'dayOfWeek': ['Monday', 'Tuesday', 'Wednesday', 'Thursday', 'Friday', 'Saturday', 'Sunday'], 'opens': '10:30', 'closes': '22:30'}]","{'@type': 'PostalAddress', 'addressLocality': 'Scranton', 'addressRegion': 'PA', 'postalCode': '18508', 'addressCountry': 'US', 'streetAddress': '524'}","{'@type': 'GeoCoordinates', 'latitude': 41.4631041, 'longitude': -75.6521298}","{'@type': 'AggregateRating', 'ratingValue': 3.9, 'reviewCount': '18'}"
Zummo's Cafe,https://www.ubereats.com/wilkesbarre-scranton/food-delivery/zummos-cafe/4k4fSjeCS9i4M74fY6JwJA,dunmore-pennsylvania,"['Coffee and Tea', 'American', 'Breakfast and Brunch']",4.9,54,$,41.4255636,-75.6495216,+15703442715,18509,918 Marion St,Scranton,PA,"[{'@type': 'OpeningHoursSpecification', 'dayOfWeek': ['Monday', 'Tuesday', 'Wednesday', 'Thursday', 'Friday', 'Saturday', 'Sunday'], 'opens': '6:30', 'closes': '15:0'}]","{'@type': 'PostalAddress', 'addressLocality': 'Scranton', 'addressRegion': 'PA', 'postalCode': '18509', 'addressCountry': 'US', 'streetAddress': '918 Marion St'}","{'@type': 'GeoCoordinates', 'latitude': 41.4255636, 'longitude': -75.6495216}","{'@type': 'AggregateRating', 'ratingValue': 4.9, 'reviewCount': '54'}"
Terry's Diner,https://www.ubereats.com/wilkesbarre-scranton/food-delivery/terrys-diner/nIGNzKAGTPOHcZ6pICTLRQ,dunmore-pennsylvania,"['Burgers', 'American', 'Sandwiches']",4.5,85,$,41.3685329,-75.7143882,+15703463137,18507,4118 Birney Ave,Moosic,PA,"[{'@type': 'OpeningHoursSpecification', 'dayOfWeek': ['Monday', 'Tuesday', 'Wednesday', 'Thursday', 'Friday', 'Saturday', 'Sunday'], 'opens': '8:0', 'closes': '19:30'}]","{'@type': 'PostalAddress', 'addressLocality': 'Moosic', 'addressRegion': 'PA', 'postalCode': '18507', 'addressCountry': 'US', 'streetAddress': '4118 Birney Ave'}","{'@type': 'GeoCoordinates', 'latitude': 41.3685329, 'longitude': -75.7143882}","{'@type': 'AggregateRating', 'ratingValue': 4.5, 'reviewCount': '85'}"
Taco Bell (100 Sumner Ave),https://www.ubereats.com/wilkesbarre-scranton/food-delivery/taco-bell-100-sumner-ave/NH-nwbrbRNaE3TaH8kL4VQ,dunmore-pennsylvania,"['Burritos', 'Fast Food', 'Mexican']",,,$,41.4860707,-75.69387309999999,+15705865788,18411,100 Sumner Ave,Clarks Summit,PA,"[{'@type': 'OpeningHoursSpecification', 'dayOfWeek': ['Sunday', 'Monday', 'Tuesday', 'Wednesday', 'Thursday'], 'opens': '14:0', 'closes': '17:0'}, {'@type': 'OpeningHoursSpecification', 'dayOfWeek': ['Sunday', 'Monday', 'Tuesday', 'Wednesday', 'Thursday'], 'opens': '9:0', 'closes': '23:30'}, {'@type': 'OpeningHoursSpecification', 'dayOfWeek': ['Sunday', 'Monday', 'Tuesday', 'Wednesday', 'Thursday'], 'opens': '9:0', 'closes': '10:30'}, {'@type': 'OpeningHoursSpecification', 'dayOfWeek': ['Friday', 'Saturday'], 'opens': '14:0', 'closes': '17:0'}, {'@type': 'OpeningHoursSpecification', 'dayOfWeek': ['Friday', 'Saturday'], 'opens': '9:0', 'closes': '10:30'}, {'@type': 'OpeningHoursSpecification', 'dayOfWeek': ['Friday', 'Saturday'], 'opens': '9:0', 'closes': '0:30'}]","{'@type': 'PostalAddress', 'addressLocality': 'Clarks Summit', 'addressRegion': 'PA', 'postalCode': '18411', 'addressCountry': 'US', 'streetAddress': '100 Sumner Ave'}","{'@type': 'GeoCoordinates', 'latitude': 41.4860707, 'longitude': -75.69387309999999}",{}
Buffalo Wild Wings (100 Viewmont Mall),https://www.ubereats.com/wilkesbarre-scranton/food-delivery/buffalo-wild-wings-100-viewmont-mall/PC54UU8hRyeSkiGG9IyRXw,dunmore-pennsylvania,"['wings', 'Chicken', 'American']",4.2,50,$$,41.4588283,-75.6546124,+15703449224,18508,100 Viewmont Mall Ste 614,Dickson City,PA,"[{'@type': 'OpeningHoursSpecification', 'dayOfWeek': ['Monday', 'Tuesday', 'Wednesday', 'Thursday', 'Friday', 'Saturday', 'Sunday'], 'opens': '11:0', 'closes': '21:0'}]","{'@type': 'PostalAddress', 'addressLocality': 'Dickson City', 'addressRegion': 'PA', 'postalCode': '18508', 'addressCountry': 'US', 'streetAddress': '100 Viewmont Mall Ste 614'}","{'@type': 'GeoCoordinates', 'latitude': 41.4588283, 'longitude': -75.6546124}","{'@type': 'AggregateRating', 'ratingValue': 4.2, 'reviewCount': '50'}"
Denny's (449 Pennsylvania 315),https://www.ubereats.com/wilkesbarre-scranton/food-delivery/dennys-449-pennsylvania-315/UBCj-D22SZiLaVsy-x0dbg,dunmore-pennsylvania,"['American', 'Breakfast and Brunch', 'Coffee and Tea', 'Dinner', 'Desserts', 'Salads', 'Steak', 'Sandwich']",4.5,25,$$,41.314766,-75.7563091,+15705692865,18640,449 Pennsylvania 315,Pittston,PA,"[{'@type': 'OpeningHoursSpecification', 'dayOfWeek': ['Sunday', 'Monday', 'Tuesday', 'Wednesday', 'Thursday'], 'opens': '8:0', 'closes': '21:0'}, {'@type': 'OpeningHoursSpecification', 'dayOfWeek': ['Friday', 'Saturday'], 'opens': '8:0', 'closes': '22:0'}]","{'@type': 'PostalAddress', 'addressLocality': 'Pittston', 'addressRegion': 'PA', 'postalCode': '18640', 'addressCountry': 'US', 'streetAddress': '449 Pennsylvania 315'}","{'@type': 'GeoCoordinates', 'latitude': 41.314766, 'longitude': -75.7563091}","{'@type': 'AggregateRating', 'ratingValue': 4.5, 'reviewCount': '25'}"
Dunkin' (1510 Main Street),https://www.ubereats.com/wilkesbarre-scranton/food-delivery/dunkin-1510-main-street/WapzAO1rSY-kfyTerdCfHg,dunmore-pennsylvania,"['Breakfast and Brunch', 'Donuts']",,,$,41.4691674,-75.6100335,+15704892070,18519,1510 Main Street,Dickson City,PA,"[{'@type': 'OpeningHoursSpecification', 'dayOfWeek': ['Monday', 'Tuesday', 'Wednesday', 'Thursday', 'Friday', 'Saturday', 'Sunday'], 'opens': '6:0', 'closes': '18:0'}]","{'@type': 'PostalAddress', 'addressLocality': 'Dickson City', 'addressRegion': 'PA', 'postalCode': '18519', 'addressCountry': 'US', 'streetAddress': '1510 Main Street'}","{'@type': 'GeoCoordinates', 'latitude': 41.4691674, 'longitude': -75.6100335}",{}
Two Brothers Restaurant,https://www.ubereats.com/wilkesbarre-scranton/food-delivery/two-brothers-restaurant/pZe_MnmjTEq5QQbQ1_-oIg,dunmore-pennsylvania,"['Italian', 'Pasta', 'Comfort Food', 'Pizza', 'Sandwich']",,,$,41.42186900000001,-75.6293329,+15703443701,18512,215 E Drinker St,Scranton,PA,"[{'@type': 'OpeningHoursSpecification', 'dayOfWeek': 'Sunday', 'opens': '15:45', 'closes': '20:30'}, {'@type': 'OpeningHoursSpecification', 'dayOfWeek': ['Monday', 'Tuesday'], 'opens': '15:45', 'closes': '20:45'}, {'@type': 'OpeningHoursSpecification', 'dayOfWeek': 'Thursday', 'opens': '15:45', 'closes': '20:45'}, {'@type': 'OpeningHoursSpecification', 'dayOfWeek': 'Friday', 'opens': '11:0', 'closes': '22:0'}, {'@type': 'OpeningHoursSpecification', 'dayOfWeek': 'Saturday', 'opens': '15:45', 'closes': '21:30'}]","{'@type': 'PostalAddress', 'addressLocality': 'Scranton', 'addressRegion': 'PA', 'postalCode': '18512', 'addressCountry': 'US', 'streetAddress': '215 E Drinker St'}","{'@type': 'GeoCoordinates', 'latitude': 41.42186900000001, 'longitude': -75.6293329}",{}
Goodfella's,https://www.ubereats.com/wilkesbarre-scranton/food-delivery/goodfellas/aaWKRyh_TMu_xG2TEjfe4w,dunmore-pennsylvania,['American'],3.6,31,$$,41.4048608,-75.65269800000002,+15709615775,18510,1212 Mulberry St,Scranton,PA,"[{'@type': 'OpeningHoursSpecification', 'dayOfWeek': 'Sunday', 'opens': '12:0', 'closes': '1:30'}, {'@type': 'OpeningHoursSpecification', 'dayOfWeek': 'Sunday', 'opens': '11:0', 'closes': '2:0'}, {'@type': 'OpeningHoursSpecification', 'dayOfWeek': ['Monday', 'Tuesday', 'Wednesday'], 'opens': '12:0', 'closes': '1:30'}, {'@type': 'OpeningHoursSpecification', 'dayOfWeek': ['Thursday', 'Friday'], 'opens': '12:0', 'closes': '1:30'}, {'@type': 'OpeningHoursSpecification', 'dayOfWeek': ['Thursday', 'Friday'], 'opens': '10:30', 'closes': '3:0'}, {'@type': 'OpeningHoursSpecification', 'dayOfWeek': 'Saturday', 'opens': '12:0', 'closes': '1:30'}, {'@type': 'OpeningHoursSpecification', 'dayOfWeek': 'Saturday', 'opens': '11:0', 'closes': '3:0'}]","{'@type': 'PostalAddress', 'addressLocality': 'Scranton', 'addressRegion': 'PA', 'postalCode': '18510', 'addressCountry': 'US', 'streetAddress': '1212 Mulberry St'}","{'@type': 'GeoCoordinates', 'latitude': 41.4048608, 'longitude': -75.65269800000002}","{'@type': 'AggregateRating', 'ratingValue': 3.6, 'reviewCount': '31'}"
Arby's (309 Highway 315),https://www.ubereats.com/wilkesbarre-scranton/food-delivery/arbys-309-highway-315/M_1YQ_VnRgmgf-0ALwoXpQ,dunmore-pennsylvania,"['American', 'Sandwich', 'Fast Food', 'Kids Friendly']",4.3,33,$,41.3066488,-75.76315369999999,+15706541107,18640,309 Highway 315,Pittston,PA,"[{'@type': 'OpeningHoursSpecification', 'dayOfWeek': ['Monday', 'Tuesday', 'Wednesday', 'Thursday', 'Friday', 'Saturday', 'Sunday'], 'opens': '10:0', 'closes': '22:30'}]","{'@type': 'PostalAddress', 'addressLocality': 'Pittston', 'addressRegion': 'PA', 'postalCode': '18640', 'addressCountry': 'US', 'streetAddress': '309 Highway 315'}","{'@type': 'GeoCoordinates', 'latitude': 41.3066488, 'longitude': -75.76315369999999}","{'@type': 'AggregateRating', 'ratingValue': 4.3, 'reviewCount': '33'}"
"TGI Friday's (1425 - DICKSON CITY, PA)",https://www.ubereats.com/wilkesbarre-scranton/food-delivery/tgi-fridays-1425-dickson-city-pa/qhKr_nvxQ1WVWl-l1i7J4A,dunmore-pennsylvania,"['Burgers', 'Bar Food', 'American']",4.2,89,$$,41.463875,-75.649892,+15705585500,18508,620,Scranton,PA,"[{'@type': 'OpeningHoursSpecification', 'dayOfWeek': ['Sunday', 'Monday', 'Tuesday', 'Wednesday', 'Thursday'], 'opens': '11:0', 'closes': '21:30'}, {'@type': 'OpeningHoursSpecification', 'dayOfWeek': ['Friday', 'Saturday'], 'opens': '11:0', 'closes': '22:30'}]","{'@type': 'PostalAddress', 'addressLocality': 'Scranton', 'addressRegion': 'PA', 'postalCode': '18508', 'addressCountry': 'US', 'streetAddress': '620'}","{'@type': 'GeoCoordinates', 'latitude': 41.463875, 'longitude': -75.649892}","{'@type': 'AggregateRating', 'ratingValue': 4.2, 'reviewCount': '89'}"
Adezzo,https://www.ubereats.com/wilkesbarre-scranton/food-delivery/adezzo/8TY3VYSKSgCN-hRVtl1MSg,dunmore-pennsylvania,"['Cafe', 'Breakfast and Brunch']",,,$,41.4067391,-75.6638791,+15709550130,18503,515 Center St,Scranton,PA,"[{'@type': 'OpeningHoursSpecification', 'dayOfWeek': ['Monday', 'Tuesday', 'Wednesday', 'Thursday', 'Friday', 'Saturday', 'Sunday'], 'opens': '9:0', 'closes': '16:30'}]","{'@type': 'PostalAddress', 'addressLocality': 'Scranton', 'addressRegion': 'PA', 'postalCode': '18503', 'addressCountry': 'US', 'streetAddress': '515 Center St'}","{'@type': 'GeoCoordinates', 'latitude': 41.4067391, 'longitude': -75.6638791}",{}
Denny's (410 Scranton Carbondale Hwy),https://www.ubereats.com/wilkesbarre-scranton/food-delivery/dennys-410-scranton-carbondale-hwy/sl2LuS9NTnuYa5vHAZxJSQ,dunmore-pennsylvania,"['American', 'Breakfast and Brunch', 'Coffee and Tea', 'Dinner', 'Desserts', 'Salads', 'Steak', 'Sandwich']",4.3,75,$$,41.46181079999999,-75.65522059999999,+15703468006,18508,410,Scranton,PA,"[{'@type': 'OpeningHoursSpecification', 'dayOfWeek': ['Sunday', 'Monday', 'Tuesday', 'Wednesday', 'Thursday'], 'opens': '6:15', 'closes': '21:30'}, {'@type': 'OpeningHoursSpecification', 'dayOfWeek': ['Friday', 'Saturday'], 'opens': '6:15', 'closes': '23:30'}]","{'@type': 'PostalAddress', 'addressLocality': 'Scranton', 'addressRegion': 'PA', 'postalCode': '18508', 'addressCountry': 'US', 'streetAddress': '410'}","{'@type': 'GeoCoordinates', 'latitude': 41.46181079999999, 'longitude': -75.65522059999999}","{'@type': 'AggregateRating', 'ratingValue': 4.3, 'reviewCount': '75'}"
Electric City Subs,https://www.ubereats.com/wilkesbarre-scranton/food-delivery/electric-city-subs/dgxK4O3dQniHn1OCg1YtDg,dunmore-pennsylvania,"['Sandwiches', 'American', 'Healthy', 'New American', 'Comfort Food', 'Salads', 'Soul Food']",,,$,41.3944379,-75.6645609,+15702404280,18505,902 S Webster Ave,Scranton,PA,"[{'@type': 'OpeningHoursSpecification', 'dayOfWeek': 'Sunday', 'opens': '11:0', 'closes': '19:0'}, {'@type': 'OpeningHoursSpecification', 'dayOfWeek': 'Sunday', 'opens': '16:0', 'closes': '19:0'}, {'@type': 'OpeningHoursSpecification', 'dayOfWeek': 'Monday', 'opens': '11:0', 'closes': '19:0'}, {'@type': 'OpeningHoursSpecification', 'dayOfWeek': 'Monday', 'opens': '11:0', 'closes': '15:0'}, {'@type': 'OpeningHoursSpecification', 'dayOfWeek': 'Monday', 'opens': '16:0', 'closes': '19:0'}, {'@type': 'OpeningHoursSpecification', 'dayOfWeek': 'Monday', 'opens': '16:0', 'closes': '19:0'}, {'@type': 'OpeningHoursSpecification', 'dayOfWeek': 'Tuesday', 'opens': '11:0', 'closes': '19:0'}, {'@type': 'OpeningHoursSpecification', 'dayOfWeek': 'Tuesday', 'opens': '11:0', 'closes': '15:0'}, {'@type': 'OpeningHoursSpecification', 'dayOfWeek': 'Tuesday', 'opens': '16:0', 'closes': '19:0'}, {'@type': 'OpeningHoursSpecification', 'dayOfWeek': 'Tuesday', 'opens': '16:0', 'closes': '19:0'}, {'@type': 'OpeningHoursSpecification', 'dayOfWeek': 'Wednesday', 'opens': '11:0', 'closes': '19:0'}, {'@type': 'OpeningHoursSpecification', 'dayOfWeek': 'Wednesday', 'opens': '11:0', 'closes': '15:0'}, {'@type': 'OpeningHoursSpecification', 'dayOfWeek': 'Wednesday', 'opens': '16:0', 'closes': '19:0'}, {'@type': 'OpeningHoursSpecification', 'dayOfWeek': 'Wednesday', 'opens': '16:0', 'closes': '19:0'}, {'@type': 'OpeningHoursSpecification', 'dayOfWeek': 'Thursday', 'opens': '11:0', 'closes': '19:0'}, {'@type': 'OpeningHoursSpecification', 'dayOfWeek': 'Thursday', 'opens': '11:0', 'closes': '15:0'}, {'@type': 'OpeningHoursSpecification', 'dayOfWeek': 'Thursday', 'opens': '16:0', 'closes': '19:0'}, {'@type': 'OpeningHoursSpecification', 'dayOfWeek': 'Thursday', 'opens': '16:0', 'closes': '19:0'}, {'@type': 'OpeningHoursSpecification', 'dayOfWeek': 'Friday', 'opens': '11:0', 'closes': '21:0'}, {'@type': 'OpeningHoursSpecification', 'dayOfWeek': 'Friday', 'opens': '11:0', 'closes': '15:0'}, {'@type': 'OpeningHoursSpecification', 'dayOfWeek': 'Friday', 'opens': '16:0', 'closes': '21:0'}, {'@type': 'OpeningHoursSpecification', 'dayOfWeek': 'Friday', 'opens': '16:0', 'closes': '21:0'}, {'@type': 'OpeningHoursSpecification', 'dayOfWeek': 'Saturday', 'opens': '11:0', 'closes': '21:0'}, {'@type': 'OpeningHoursSpecification', 'dayOfWeek': 'Saturday', 'opens': '16:0', 'closes': '21:0'}, {'@type': 'OpeningHoursSpecification', 'dayOfWeek': 'Saturday', 'opens': '16:0', 'closes': '21:0'}]","{'@type': 'PostalAddress', 'addressLocality': 'Scranton', 'addressRegion': 'PA', 'postalCode': '18505', 'addressCountry': 'US', 'streetAddress': '902 S Webster Ave'}","{'@type': 'GeoCoordinates', 'latitude': 41.3944379, 'longitude': -75.6645609}",{}
Joseph's Family Restaurant,https://www.ubereats.com/wilkesbarre-scranton/food-delivery/josephs-family-restaurant/NV_cpm6cSc2FHrrBpvCGug,dunmore-pennsylvania,"['Burgers', 'American', 'Sandwiches', 'Breakfast and Brunch', 'Italian']",5.0,16,$,41.4788597,-75.5996894,+15703831931,18452,1546 Main St,Peckville,PA,"[{'@type': 'OpeningHoursSpecification', 'dayOfWeek': ['Monday', 'Tuesday', 'Wednesday', 'Thursday', 'Friday'], 'opens': '16:0', 'closes': '21:0'}]","{'@type': 'PostalAddress', 'addressLocality': 'Peckville', 'addressRegion': 'PA', 'postalCode': '18452', 'addressCountry': 'US', 'streetAddress': '1546 Main St'}","{'@type': 'GeoCoordinates', 'latitude': 41.4788597, 'longitude': -75.5996894}","{'@type': 'AggregateRating', 'ratingValue': 5, 'reviewCount': '16'}"
Sambuca Italian Grill,https://www.ubereats.com/wilkesbarre-scranton/food-delivery/sambuca-italian-grill/NZUtmO0uTIC8Sre4y2vuQQ,dunmore-pennsylvania,"['Italian', 'pasta', 'Steak']",,,$$,41.410204,-75.665184,+15709615205,15202,234 Pennsylvania Ave,Scranton,PA,"[{'@type': 'OpeningHoursSpecification', 'dayOfWeek': ['Monday', 'Tuesday', 'Wednesday', 'Thursday', 'Friday'], 'opens': '16:30', 'closes': '20:30'}, {'@type': 'OpeningHoursSpecification', 'dayOfWeek': 'Saturday', 'opens': '16:3', 'closes': '20:30'}]","{'@type': 'PostalAddress', 'addressLocality': 'Scranton', 'addressRegion': 'PA', 'postalCode': '15202', 'addressCountry': 'US', 'streetAddress': '234 Pennsylvania Ave'}","{'@type': 'GeoCoordinates', 'latitude': 41.410204, 'longitude': -75.665184}",{}
Friendly's (708 N Blakely St),https://www.ubereats.com/wilkesbarre-scranton/food-delivery/friendlys-708-n-blakely-st/_rPmFsYARL2j5LbE-NbL-g,dunmore-pennsylvania,"['American', 'Ice Cream and Frozen Yogurt', 'Kids Friendly', 'Family Meals', 'Burgers', 'Desserts']",4.5,22,$,41.4288189,-75.6229455,+15709611565,18512,708 N Blakely St,Scranton,PA,"[{'@type': 'OpeningHoursSpecification', 'dayOfWeek': ['Sunday', 'Monday', 'Tuesday', 'Wednesday', 'Thursday'], 'opens': '8:0', 'closes': '20:30'}, {'@type': 'OpeningHoursSpecification', 'dayOfWeek': ['Friday', 'Saturday'], 'opens': '8:0', 'closes': '21:30'}]","{'@type': 'PostalAddress', 'addressLocality': 'Scranton', 'addressRegion': 'PA', 'postalCode': '18512', 'addressCountry': 'US', 'streetAddress': '708 N Blakely St'}","{'@type': 'GeoCoordinates', 'latitude': 41.4288189, 'longitude': -75.6229455}","{'@type': 'AggregateRating', 'ratingValue': 4.5, 'reviewCount': '22'}"
McDonald's® (1201 ONEIL HWY),https://www.ubereats.com/wilkesbarre-scranton/food-delivery/mcdonalds-1201-oneil-hwy/BPJZRL4iTTOWdGhkRrjKNw,dunmore-pennsylvania,"['American', 'Burgers', 'Fast Food']",4.6,30,$,41.435485,-75.62023,+15703436190,,,,,"[{'@type': 'OpeningHoursSpecification', 'dayOfWeek': 'Sunday', 'opens': '5:0', 'closes': '10:59'}, {'@type': 'OpeningHoursSpecification', 'dayOfWeek': 'Sunday', 'opens': '11:0', 'closes': '16:59'}, {'@type': 'OpeningHoursSpecification', 'dayOfWeek': 'Sunday', 'opens': '17:0', 'closes': '23:44'}, {'@type': 'OpeningHoursSpecification', 'dayOfWeek': ['Monday', 'Tuesday', 'Wednesday', 'Thursday', 'Friday'], 'opens': '5:0', 'closes': '10:29'}, {'@type': 'OpeningHoursSpecification', 'dayOfWeek': ['Monday', 'Tuesday', 'Wednesday', 'Thursday', 'Friday'], 'opens': '10:30', 'closes': '16:59'}, {'@type': 'OpeningHoursSpecification', 'dayOfWeek': ['Monday', 'Tuesday', 'Wednesday', 'Thursday', 'Friday'], 'opens': '17:0', 'closes': '23:44'}, {'@type': 'OpeningHoursSpecification', 'dayOfWeek': 'Saturday', 'opens': '5:0', 'closes': '10:59'}, {'@type': 'OpeningHoursSpecification', 'dayOfWeek': 'Saturday', 'opens': '11:0', 'closes': '16:59'}, {'@type': 'OpeningHoursSpecification', 'dayOfWeek': 'Saturday', 'opens': '17:0', 'closes': '23:44'}]",,"{'@type': 'GeoCoordinates', 'latitude': 41.435485, 'longitude': -75.62023}","{'@type': 'AggregateRating', 'ratingValue': 4.6, 'reviewCount': '30'}"
Sake Japanese Restaurant,https://www.ubereats.com/wilkesbarre-scranton/food-delivery/sake-japanese-restaurant/-s7j-pZnRdqN3_eFvoyfSw,dunmore-pennsylvania,"['Sushi', 'Asian', 'Japanese', 'Allergy Friendly']",4.4,125,$,41.39963849999999,-75.6880566,+15708005437,18504,1142 S Main Ave,Scranton,PA,"[{'@type': 'OpeningHoursSpecification', 'dayOfWeek': 'Sunday', 'opens': '12:0', 'closes': '21:0'}, {'@type': 'OpeningHoursSpecification', 'dayOfWeek': 'Monday', 'opens': '11:0', 'closes': '15:0'}, {'@type': 'OpeningHoursSpecification', 'dayOfWeek': ['Tuesday', 'Wednesday', 'Thursday', 'Friday', 'Saturday'], 'opens': '11:0', 'closes': '21:30'}, {'@type': 'OpeningHoursSpecification', 'dayOfWeek': ['Tuesday', 'Wednesday', 'Thursday', 'Friday', 'Saturday'], 'opens': '11:0', 'closes': '15:0'}]","{'@type': 'PostalAddress', 'addressLocality': 'Scranton', 'addressRegion': 'PA', 'postalCode': '18504', 'addressCountry': 'US', 'streetAddress': '1142 S Main Ave'}","{'@type': 'GeoCoordinates', 'latitude': 41.39963849999999, 'longitude': -75.6880566}","{'@type': 'AggregateRating', 'ratingValue': 4.4, 'reviewCount': '125'}"
McDonald's® (1236 WYOMING AVE),https://www.ubereats.com/wilkesbarre-scranton/food-delivery/mcdonalds-1236-wyoming-ave/KbUAS6RLQgWCwWijFkWdUA,dunmore-pennsylvania,"['American', 'Burgers', 'Fast Food']",4.5,200,$,41.421243,-75.65056700000001,+15702079130,,,,,"[{'@type': 'OpeningHoursSpecification', 'dayOfWeek': 'Sunday', 'opens': '4:0', 'closes': '10:59'}, {'@type': 'OpeningHoursSpecification', 'dayOfWeek': 'Sunday', 'opens': '11:0', 'closes': '16:59'}, {'@type': 'OpeningHoursSpecification', 'dayOfWeek': 'Sunday', 'opens': '17:0', 'closes': '22:45'}, {'@type': 'OpeningHoursSpecification', 'dayOfWeek': ['Monday', 'Tuesday', 'Wednesday', 'Thursday'], 'opens': '6:0', 'closes': '10:59'}, {'@type': 'OpeningHoursSpecification', 'dayOfWeek': ['Monday', 'Tuesday', 'Wednesday', 'Thursday'], 'opens': '11:0', 'closes': '16:59'}, {'@type': 'OpeningHoursSpecification', 'dayOfWeek': ['Monday', 'Tuesday', 'Wednesday', 'Thursday'], 'opens': '17:0', 'closes': '22:45'}, {'@type': 'OpeningHoursSpecification', 'dayOfWeek': ['Friday', 'Saturday'], 'opens': '4:0', 'closes': '10:59'}, {'@type': 'OpeningHoursSpecification', 'dayOfWeek': ['Friday', 'Saturday'], 'opens': '11:0', 'closes': '16:59'}, {'@type': 'OpeningHoursSpecification', 'dayOfWeek': ['Friday', 'Saturday'], 'opens': '17:0', 'closes': '22:45'}]",,"{'@type': 'GeoCoordinates', 'latitude': 41.421243, 'longitude': -75.65056700000001}","{'@type': 'AggregateRating', 'ratingValue': 4.5, 'reviewCount': '200'}"
Panera (1101 Commerce Boulevard),https://www.ubereats.com/wilkesbarre-scranton/food-delivery/panera-1101-commerce-boulevard/8Qy5wuSeREaTA6HSzbiRog,dunmore-pennsylvania,"['Breakfast and Brunch', 'salad', 'Sandwich']",4.6,45,$,41.4639931,-75.63922029999999,+15704896707,18519,1101 Commerce Boulevard,Dickson City,PA,"[{'@type': 'OpeningHoursSpecification', 'dayOfWeek': 'Sunday', 'opens': '9:0', 'closes': '19:30'}, {'@type': 'OpeningHoursSpecification', 'dayOfWeek': ['Monday', 'Tuesday', 'Wednesday', 'Thursday'], 'opens': '8:0', 'closes': '20:30'}, {'@type': 'OpeningHoursSpecification', 'dayOfWeek': ['Friday', 'Saturday'], 'opens': '7:0', 'closes': '20:30'}]","{'@type': 'PostalAddress', 'addressLocality': 'Dickson City', 'addressRegion': 'PA', 'postalCode': '18519', 'addressCountry': 'US', 'streetAddress': '1101 Commerce Boulevard'}","{'@type': 'GeoCoordinates', 'latitude': 41.4639931, 'longitude': -75.63922029999999}","{'@type': 'AggregateRating', 'ratingValue': 4.6, 'reviewCount': '45'}"
Perkins (1130 Ravine Street),https://www.ubereats.com/wilkesbarre-scranton/food-delivery/perkins-1130-ravine-street/Kx_wvFEWSgOQevfpdbfOOg,dunmore-pennsylvania,"['Breakfast and Brunch', 'American', 'Dinner']",,,$$,41.4627935,-75.65149339999999,+15709631115,18508,1130 Ravine Street,Scranton,PA,"[{'@type': 'OpeningHoursSpecification', 'dayOfWeek': ['Monday', 'Tuesday', 'Wednesday', 'Thursday', 'Friday', 'Saturday', 'Sunday'], 'opens': '9:14', 'closes': '18:15'}]","{'@type': 'PostalAddress', 'addressLocality': 'Scranton', 'addressRegion': 'PA', 'postalCode': '18508', 'addressCountry': 'US', 'streetAddress': '1130 Ravine Street'}","{'@type': 'GeoCoordinates', 'latitude': 41.4627935, 'longitude': -75.65149339999999}",{}
Burger King (600 Luzerne Street),https://www.ubereats.com/wilkesbarre-scranton/food-delivery/burger-king-600-luzerne-street/mAzX9r59Q2G3ONTKpdIsKg,dunmore-pennsylvania,"['American', 'burger', 'Fast Food']",4.4,78,$,41.4061516,-75.6787633,+15703433682,18504,600 Luzerne Street,Scranton,PA,"[{'@type': 'OpeningHoursSpecification', 'dayOfWeek': 'Sunday', 'opens': '7:30', 'closes': '10:29'}, {'@type': 'OpeningHoursSpecification', 'dayOfWeek': 'Sunday', 'opens': '10:30', 'closes': '22:30'}, {'@type': 'OpeningHoursSpecification', 'dayOfWeek': ['Monday', 'Tuesday', 'Wednesday', 'Thursday', 'Friday', 'Saturday'], 'opens': '6:30', 'closes': '10:29'}, {'@type': 'OpeningHoursSpecification', 'dayOfWeek': ['Monday', 'Tuesday', 'Wednesday', 'Thursday', 'Friday', 'Saturday'], 'opens': '10:30', 'closes': '22:30'}]","{'@type': 'PostalAddress', 'addressLocality': 'Scranton', 'addressRegion': 'PA', 'postalCode': '18504', 'addressCountry': 'US', 'streetAddress': '600 Luzerne Street'}","{'@type': 'GeoCoordinates', 'latitude': 41.4061516, 'longitude': -75.6787633}","{'@type': 'AggregateRating', 'ratingValue': 4.4, 'reviewCount': '78'}"
McDonald's® (900 S WASHINGTON AVE),https://www.ubereats.com/wilkesbarre-scranton/food-delivery/mcdonalds-900-s-washington-ave/Pg2Ar49nSW-7Q_XPUvaX7w,dunmore-pennsylvania,"['American', 'Burgers', 'Fast Food']",4.2,200,$,41.399725,-75.673286,+15702073355,18519,900 S WASHINGTON AVE,SCRANTON,PA,"[{'@type': 'OpeningHoursSpecification', 'dayOfWeek': ['Monday', 'Tuesday', 'Wednesday', 'Thursday', 'Friday', 'Saturday', 'Sunday'], 'opens': '4:0', 'closes': '10:29'}, {'@type': 'OpeningHoursSpecification', 'dayOfWeek': ['Monday', 'Tuesday', 'Wednesday', 'Thursday', 'Friday', 'Saturday', 'Sunday'], 'opens': '10:30', 'closes': '15:59'}, {'@type': 'OpeningHoursSpecification', 'dayOfWeek': ['Monday', 'Tuesday', 'Wednesday', 'Thursday', 'Friday', 'Saturday', 'Sunday'], 'opens': '16:0', 'closes': '3:59'}]","{'@type': 'PostalAddress', 'addressLocality': 'SCRANTON', 'addressRegion': 'PA', 'postalCode': '18519', 'addressCountry': 'US', 'streetAddress': '900 S WASHINGTON AVE'}","{'@type': 'GeoCoordinates', 'latitude': 41.399725, 'longitude': -75.673286}","{'@type': 'AggregateRating', 'ratingValue': 4.2, 'reviewCount': '200'}"
Subway (620 N Blakely St),https://www.ubereats.com/wilkesbarre-scranton/food-delivery/subway-620-n-blakely-st/eMdFZsbnQSiOkmw1wjHROQ,dunmore-pennsylvania,"['Fast Food', 'Sandwich', 'American']",,,$,41.4271651,-75.62406589999999,+15703421237,18512,620 N Blakely St,Dunmore,PA,"[{'@type': 'OpeningHoursSpecification', 'dayOfWeek': 'Sunday', 'opens': '9:0', 'closes': '20:30'}, {'@type': 'OpeningHoursSpecification', 'dayOfWeek': ['Monday', 'Tuesday', 'Wednesday', 'Thursday', 'Friday', 'Saturday'], 'opens': '9:0', 'closes': '21:30'}]","{'@type': 'PostalAddress', 'addressLocality': 'Dunmore', 'addressRegion': 'PA', 'postalCode': '18512', 'addressCountry': 'US', 'streetAddress': '620 N Blakely St'}","{'@type': 'GeoCoordinates', 'latitude': 41.4271651, 'longitude': -75.62406589999999}",{}
Starbucks (The Marketplace at Steamtown),https://www.ubereats.com/wilkesbarre-scranton/food-delivery/starbucks-the-marketplace-at-steamtown/OJ8g17G5QQO8kyUvYhSLKg,dunmore-pennsylvania,"['Bakery', 'Breakfast and Brunch', 'Cafe', 'Coffee & Tea']",5.0,23,$,41.4078995,-75.6681463,+15709630377,18503,300 Lackawanna Ave  The Marketplace at Steamtown  S-5,Scranton,PA,"[{'@type': 'OpeningHoursSpecification', 'dayOfWeek': 'Sunday', 'opens': '7:0', 'closes': '18:30'}, {'@type': 'OpeningHoursSpecification', 'dayOfWeek': ['Monday', 'Tuesday', 'Wednesday', 'Thursday', 'Friday'], 'opens': '6:0', 'closes': '20:0'}, {'@type': 'OpeningHoursSpecification', 'dayOfWeek': 'Saturday', 'opens': '7:0', 'closes': '20:0'}]","{'@type': 'PostalAddress', 'addressLocality': 'Scranton', 'addressRegion': 'PA', 'postalCode': '18503', 'addressCountry': 'US', 'streetAddress': '300 Lackawanna Ave  The Marketplace at Steamtown  S-5'}","{'@type': 'GeoCoordinates', 'latitude': 41.4078995, 'longitude': -75.6681463}","{'@type': 'AggregateRating', 'ratingValue': 5, 'reviewCount': '23'}"
McDonald's® (1739 N KEYSER AVE),https://www.ubereats.com/wilkesbarre-scranton/food-delivery/mcdonalds-1739-n-keyser-ave/O9LCOmLySai4Q9g70ExLLw,dunmore-pennsylvania,"['American', 'Burgers', 'Fast Food']",4.3,93,$,41.445329,-75.669674,+15709610757,18508,1739 N KEYSER AVE,SCRANTON,PA,"[{'@type': 'OpeningHoursSpecification', 'dayOfWeek': 'Sunday', 'opens': '4:0', 'closes': '10:29'}, {'@type': 'OpeningHoursSpecification', 'dayOfWeek': 'Sunday', 'opens': '10:30', 'closes': '16:59'}, {'@type': 'OpeningHoursSpecification', 'dayOfWeek': 'Sunday', 'opens': '17:0', 'closes': '3:59'}, {'@type': 'OpeningHoursSpecification', 'dayOfWeek': 'Monday', 'opens': '4:0', 'closes': '10:29'}, {'@type': 'OpeningHoursSpecification', 'dayOfWeek': 'Monday', 'opens': '10:30', 'closes': '16:59'}, {'@type': 'OpeningHoursSpecification', 'dayOfWeek': 'Monday', 'opens': '17:0', 'closes': '0:45'}, {'@type': 'OpeningHoursSpecification', 'dayOfWeek': 'Tuesday', 'opens': '5:0', 'closes': '10:29'}, {'@type': 'OpeningHoursSpecification', 'dayOfWeek': 'Tuesday', 'opens': '10:30', 'closes': '16:59'}, {'@type': 'OpeningHoursSpecification', 'dayOfWeek': 'Tuesday', 'opens': '17:0', 'closes': '3:59'}, {'@type': 'OpeningHoursSpecification', 'dayOfWeek': ['Wednesday', 'Thursday', 'Friday', 'Saturday'], 'opens': '4:0', 'closes': '10:29'}, {'@type': 'OpeningHoursSpecification', 'dayOfWeek': ['Wednesday', 'Thursday', 'Friday', 'Saturday'], 'opens': '10:30', 'closes': '16:59'}, {'@type': 'OpeningHoursSpecification', 'dayOfWeek': ['Wednesday', 'Thursday', 'Friday', 'Saturday'], 'opens': '17:0', 'closes': '3:59'}]","{'@type': 'PostalAddress', 'addressLocality': 'SCRANTON', 'addressRegion': 'PA', 'postalCode': '18508', 'addressCountry': 'US', 'streetAddress': '1739 N KEYSER AVE'}","{'@type': 'GeoCoordinates', 'latitude': 41.445329, 'longitude': -75.669674}","{'@type': 'AggregateRating', 'ratingValue': 4.3, 'reviewCount': '93'}"
Applebee's  (74 Viewmont Mall),https://www.ubereats.com/wilkesbarre-scranton/food-delivery/applebees-74-viewmont-mall/4HlLvXelRSqAfftDs4ERUg,dunmore-pennsylvania,"['American', 'Bar Food', 'BBQ', 'burger', 'Chicken Strips', 'Comfort Food', 'Dinner', 'pasta', 'salad', 'Sandwich', 'Soup', 'Steak', 'Traditional American', 'wings']",4.3,134,$$,41.4588283,-75.6546124,+15703422781,18508,74 Viewmont Mall,Scranton,PA,"[{'@type': 'OpeningHoursSpecification', 'dayOfWeek': ['Sunday', 'Monday', 'Tuesday', 'Wednesday', 'Thursday'], 'opens': '11:30', 'closes': '22:30'}, {'@type': 'OpeningHoursSpecification', 'dayOfWeek': ['Friday', 'Saturday'], 'opens': '11:30', 'closes': '23:29'}]","{'@type': 'PostalAddress', 'addressLocality': 'Scranton', 'addressRegion': 'PA', 'postalCode': '18508', 'addressCountry': 'US', 'streetAddress': '74 Viewmont Mall'}","{'@type': 'GeoCoordinates', 'latitude': 41.4588283, 'longitude': -75.6546124}","{'@type': 'AggregateRating', 'ratingValue': 4.3, 'reviewCount': '134'}"
Ck's Pizza,https://www.ubereats.com/wilkesbarre-scranton/food-delivery/cks-pizza/4grIENa9ToyttHmBwjCHRw,dunmore-pennsylvania,"['Pizza', 'American', 'Italian']",3.9,16,$,41.40529890000001,-75.65267519999999,+15709690335,18510,1201 Mulberry Ave,Scranton,PA,"[{'@type': 'OpeningHoursSpecification', 'dayOfWeek': 'Sunday', 'opens': '16:0', 'closes': '0:0'}, {'@type': 'OpeningHoursSpecification', 'dayOfWeek': 'Sunday', 'opens': '16:0', 'closes': '1:0'}, {'@type': 'OpeningHoursSpecification', 'dayOfWeek': 'Sunday', 'opens': '0:0', 'closes': '2:30'}, {'@type': 'OpeningHoursSpecification', 'dayOfWeek': ['Monday', 'Tuesday', 'Wednesday'], 'opens': '16:0', 'closes': '0:0'}, {'@type': 'OpeningHoursSpecification', 'dayOfWeek': ['Monday', 'Tuesday', 'Wednesday'], 'opens': '16:0', 'closes': '1:0'}, {'@type': 'OpeningHoursSpecification', 'dayOfWeek': ['Monday', 'Tuesday', 'Wednesday'], 'opens': '16:0', 'closes': '11:39'}, {'@type': 'OpeningHoursSpecification', 'dayOfWeek': 'Thursday', 'opens': '12:0', 'closes': '23:59'}, {'@type': 'OpeningHoursSpecification', 'dayOfWeek': 'Friday', 'opens': '11:0', 'closes': '23:59'}, {'@type': 'OpeningHoursSpecification', 'dayOfWeek': 'Saturday', 'opens': '12:0', 'closes': '23:59'}]","{'@type': 'PostalAddress', 'addressLocality': 'Scranton', 'addressRegion': 'PA', 'postalCode': '18510', 'addressCountry': 'US', 'streetAddress': '1201 Mulberry Ave'}","{'@type': 'GeoCoordinates', 'latitude': 41.40529890000001, 'longitude': -75.65267519999999}","{'@type': 'AggregateRating', 'ratingValue': 3.9, 'reviewCount': '16'}"
Bartari,https://www.ubereats.com/wilkesbarre-scranton/food-delivery/bartari/TbM4MEgjSkWAi6213BJdcA,dunmore-pennsylvania,"['Bar / Pub Food', 'Sandwich', 'Snacks']",,,,41.4063662,-75.663811,+15708404406,,,,,"[{'@type': 'OpeningHoursSpecification', 'dayOfWeek': 'Sunday', 'opens': '11:0', 'closes': '22:0'}, {'@type': 'OpeningHoursSpecification', 'dayOfWeek': ['Wednesday', 'Thursday'], 'opens': '16:0', 'closes': '22:0'}, {'@type': 'OpeningHoursSpecification', 'dayOfWeek': ['Friday', 'Saturday'], 'opens': '11:0', 'closes': '22:0'}]",,"{'@type': 'GeoCoordinates', 'latitude': 41.4063662, 'longitude': -75.663811}",{}
McDonald's® (411 S MAIN ST),https://www.ubereats.com/wilkesbarre-scranton/food-delivery/mcdonalds-411-s-main-st/qvm0NbhfQmufaDnPTBSmhQ,dunmore-pennsylvania,"['American', 'Burgers', 'Fast Food']",4.4,98,$,41.368582,-75.737907,+15704579900,18518,411 S MAIN ST,OLD FORGE,PA,"[{'@type': 'OpeningHoursSpecification', 'dayOfWeek': ['Monday', 'Tuesday', 'Wednesday', 'Thursday', 'Friday', 'Saturday', 'Sunday'], 'opens': '5:30', 'closes': '10:59'}, {'@type': 'OpeningHoursSpecification', 'dayOfWeek': ['Monday', 'Tuesday', 'Wednesday', 'Thursday', 'Friday', 'Saturday', 'Sunday'], 'opens': '11:0', 'closes': '16:59'}, {'@type': 'OpeningHoursSpecification', 'dayOfWeek': ['Monday', 'Tuesday', 'Wednesday', 'Thursday', 'Friday', 'Saturday', 'Sunday'], 'opens': '17:0', 'closes': '22:45'}]","{'@type': 'PostalAddress', 'addressLocality': 'OLD FORGE', 'addressRegion': 'PA', 'postalCode': '18518', 'addressCountry': 'US', 'streetAddress': '411 S MAIN ST'}","{'@type': 'GeoCoordinates', 'latitude': 41.368582, 'longitude': -75.737907}","{'@type': 'AggregateRating', 'ratingValue': 4.4, 'reviewCount': '98'}"
