name,url,city,cuisine,avgRating,numReviews,priceRange,latitude,longitude,telephone,postalCode,streetAddress,addressLocality,addressRegion,openingHoursSpecification,addressString,geoString,ratingString
Moe's Southwest Grill (830 County Road 64),https://www.ubereats.com/upstate-ny/food-delivery/moes-southwest-grill-830-county-road-64/BE0GkxOoQt69od56wdNs-g,elmira-new-york,"['Mexican', 'Fast Food', 'Family Meals']",4.0,29,$,42.1531542,-76.8823651,+16074421065,14814,830 County Road 64,Big Flats,NY,"[{'@type': 'OpeningHoursSpecification', 'dayOfWeek': ['Monday', 'Tuesday', 'Wednesday', 'Thursday', 'Friday', 'Saturday', 'Sunday'], 'opens': '11:0', 'closes': '21:30'}]","{'@type': 'PostalAddress', 'addressLocality': 'Big Flats', 'addressRegion': 'NY', 'postalCode': '14814', 'addressCountry': 'US', 'streetAddress': '830 County Road 64'}","{'@type': 'GeoCoordinates', 'latitude': 42.1531542, 'longitude': -76.8823651}","{'@type': 'AggregateRating', 'ratingValue': 4, 'reviewCount': '29'}"
Rita’s Italian Ice,https://www.ubereats.com/upstate-ny/food-delivery/ritas-italian-ice/6fnAtnTMT9qBaElFAQb0Qw,elmira-new-york,"['Desserts', 'Vegetarian', 'Coffee and Tea']",,,$,42.15814779999999,-76.8369814,+16073982150,14845,2614 Corning Rd,Horseheads,NY,"[{'@type': 'OpeningHoursSpecification', 'dayOfWeek': ['Sunday', 'Monday', 'Tuesday', 'Wednesday', 'Thursday'], 'opens': '0:0', 'closes': '20:0'}, {'@type': 'OpeningHoursSpecification', 'dayOfWeek': ['Friday', 'Saturday'], 'opens': '12:0', 'closes': '21:0'}]","{'@type': 'PostalAddress', 'addressLocality': 'Horseheads', 'addressRegion': 'NY', 'postalCode': '14845', 'addressCountry': 'US', 'streetAddress': '2614 Corning Rd'}","{'@type': 'GeoCoordinates', 'latitude': 42.15814779999999, 'longitude': -76.8369814}",{}
Bar and Grill,https://www.ubereats.com/upstate-ny/food-delivery/bar-and-grill/eJNUtbYCR0y5nrF_k-sktg,elmira-new-york,"['Sandwich', 'Vegan Friendly', 'Wings', 'Bar Food']",,,$$,42.163367,-76.8958561,+13157195232,14845,276 Sing Sing Rd,Upstate Ny,NY,"[{'@type': 'OpeningHoursSpecification', 'dayOfWeek': ['Monday', 'Tuesday', 'Wednesday', 'Thursday', 'Friday', 'Saturday', 'Sunday'], 'opens': '8:0', 'closes': '17:30'}]","{'@type': 'PostalAddress', 'addressLocality': 'Upstate Ny', 'addressRegion': 'NY', 'postalCode': '14845', 'addressCountry': 'US', 'streetAddress': '276 Sing Sing Rd'}","{'@type': 'GeoCoordinates', 'latitude': 42.163367, 'longitude': -76.8958561}",{}
Charley's Philly Steaks (830 County Road 64),https://www.ubereats.com/upstate-ny/food-delivery/charleys-philly-steaks-830-county-road-64/quODM8PzR-a2JzlHje5xFw,elmira-new-york,['Sandwich'],4.6,17,$,42.15415650000001,-76.8797062,+16077391663,14903,830 County Road 64,Elmira,NY,"[{'@type': 'OpeningHoursSpecification', 'dayOfWeek': ['Monday', 'Tuesday', 'Wednesday', 'Thursday', 'Friday', 'Saturday', 'Sunday'], 'opens': '11:0', 'closes': '18:30'}]","{'@type': 'PostalAddress', 'addressLocality': 'Elmira', 'addressRegion': 'NY', 'postalCode': '14903', 'addressCountry': 'US', 'streetAddress': '830 County Road 64'}","{'@type': 'GeoCoordinates', 'latitude': 42.15415650000001, 'longitude': -76.8797062}","{'@type': 'AggregateRating', 'ratingValue': 4.6, 'reviewCount': '17'}"
Red Lobster (3328 Chambers Road S.),https://www.ubereats.com/upstate-ny/food-delivery/red-lobster-3328-chambers-road-s/PukmDVxES5qQ6si3lKHhPg,elmira-new-york,"['Seafood', 'American', 'Family Meals']",4.2,21,$$,42.16103589999999,-76.8778865,+16077965434,14845,3328 Chambers Road S.,Horseheads,NY,"[{'@type': 'OpeningHoursSpecification', 'dayOfWeek': ['Sunday', 'Monday', 'Tuesday', 'Wednesday', 'Thursday'], 'opens': '11:30', 'closes': '20:0'}, {'@type': 'OpeningHoursSpecification', 'dayOfWeek': ['Friday', 'Saturday'], 'opens': '11:30', 'closes': '21:0'}]","{'@type': 'PostalAddress', 'addressLocality': 'Horseheads', 'addressRegion': 'NY', 'postalCode': '14845', 'addressCountry': 'US', 'streetAddress': '3328 Chambers Road S.'}","{'@type': 'GeoCoordinates', 'latitude': 42.16103589999999, 'longitude': -76.8778865}","{'@type': 'AggregateRating', 'ratingValue': 4.2, 'reviewCount': '21'}"
Subway (303 N Main St),https://www.ubereats.com/upstate-ny/food-delivery/subway-303-n-main-st/z4jBsQiWTaa0EQt35Dlobw,elmira-new-york,"['Fast Food', 'Sandwich', 'American']",,,$,42.090047,-76.809288,+16077325859,14901,303 N Main St,Elmira,NY,"[{'@type': 'OpeningHoursSpecification', 'dayOfWeek': 'Sunday', 'opens': '9:30', 'closes': '21:30'}, {'@type': 'OpeningHoursSpecification', 'dayOfWeek': ['Monday', 'Tuesday', 'Wednesday', 'Thursday', 'Friday', 'Saturday'], 'opens': '9:0', 'closes': '23:29'}]","{'@type': 'PostalAddress', 'addressLocality': 'Elmira', 'addressRegion': 'NY', 'postalCode': '14901', 'addressCountry': 'US', 'streetAddress': '303 N Main St'}","{'@type': 'GeoCoordinates', 'latitude': 42.090047, 'longitude': -76.809288}",{}
The Captain's Boil (3300 Chambers Rd Ste 5055),https://www.ubereats.com/upstate-ny/food-delivery/the-captains-boil-3300-chambers-rd-ste-5055/4o1bv5Q3SsqyDCv5tevC9A,elmira-new-york,"['Seafood', 'American', 'Southern']",,,$,42.1601337,-76.87317709999999,+16077965269,14845,3300 Chambers Rd Ste 5055,Horseheads,NY,"[{'@type': 'OpeningHoursSpecification', 'dayOfWeek': ['Monday', 'Tuesday', 'Wednesday', 'Thursday', 'Friday', 'Saturday', 'Sunday'], 'opens': '11:0', 'closes': '21:0'}]","{'@type': 'PostalAddress', 'addressLocality': 'Horseheads', 'addressRegion': 'NY', 'postalCode': '14845', 'addressCountry': 'US', 'streetAddress': '3300 Chambers Rd Ste 5055'}","{'@type': 'GeoCoordinates', 'latitude': 42.1601337, 'longitude': -76.87317709999999}",{}
Cinnabon  (3300 Chambers Road Suite H8),https://www.ubereats.com/upstate-ny/food-delivery/cinnabon-3300-chambers-road-suite-h8/Kv2CQz4kSTiRLYV_U5Ymsg,elmira-new-york,"['Bakery', 'Desserts', 'Rolls']",,,$,42.1601337,-76.87317709999999,+16078462820,14845,3300 Chambers Road,Horseheads,NY,"[{'@type': 'OpeningHoursSpecification', 'dayOfWeek': ['Monday', 'Tuesday', 'Wednesday', 'Thursday', 'Friday', 'Saturday', 'Sunday'], 'opens': '10:0', 'closes': '16:0'}]","{'@type': 'PostalAddress', 'addressLocality': 'Horseheads', 'addressRegion': 'NY', 'postalCode': '14845', 'addressCountry': 'US', 'streetAddress': '3300 Chambers Road'}","{'@type': 'GeoCoordinates', 'latitude': 42.1601337, 'longitude': -76.87317709999999}",{}
Papa John's (950 County Rd 64),https://www.ubereats.com/upstate-ny/food-delivery/papa-johns-950-county-rd-64/yonSCrpDRWuMQJZ-Sww0tQ,elmira-new-york,"['Pizza', 'Wings', 'Desserts']",,,$,42.1534871,-76.87109989999999,+16073586077,14903,950 County Rd 64,Elmira,NY,"[{'@type': 'OpeningHoursSpecification', 'dayOfWeek': ['Sunday', 'Monday', 'Tuesday', 'Wednesday', 'Thursday'], 'opens': '9:0', 'closes': '20:25'}, {'@type': 'OpeningHoursSpecification', 'dayOfWeek': ['Friday', 'Saturday'], 'opens': '9:0', 'closes': '21:25'}]","{'@type': 'PostalAddress', 'addressLocality': 'Elmira', 'addressRegion': 'NY', 'postalCode': '14903', 'addressCountry': 'US', 'streetAddress': '950 County Rd 64'}","{'@type': 'GeoCoordinates', 'latitude': 42.1534871, 'longitude': -76.87109989999999}",{}
Arby's (2487 Corning Rd),https://www.ubereats.com/upstate-ny/food-delivery/arbys-2487-corning-rd/kyphStHAR1SnjvMpOzwWSQ,elmira-new-york,"['American', 'Sandwich', 'Fast Food', 'Kids Friendly']",4.5,37,$,42.1499625,-76.834143,+16077964271,14903,2487 Corning Rd,Elmira,NY,"[{'@type': 'OpeningHoursSpecification', 'dayOfWeek': ['Monday', 'Tuesday', 'Wednesday', 'Thursday', 'Friday', 'Saturday', 'Sunday'], 'opens': '10:0', 'closes': '22:30'}]","{'@type': 'PostalAddress', 'addressLocality': 'Elmira', 'addressRegion': 'NY', 'postalCode': '14903', 'addressCountry': 'US', 'streetAddress': '2487 Corning Rd'}","{'@type': 'GeoCoordinates', 'latitude': 42.1499625, 'longitude': -76.834143}","{'@type': 'AggregateRating', 'ratingValue': 4.5, 'reviewCount': '37'}"
Outback Steakhouse (200 Colonial Drive),https://www.ubereats.com/upstate-ny/food-delivery/outback-steakhouse-200-colonial-drive/MIkJbHdVRTSZ5yjCXxB_OA,elmira-new-york,"['Burgers', 'American', 'Sandwiches', 'Steak', 'Seafood', 'Salads', 'BBQ']",4.3,32,$,42.1621562,-76.8667361,+16077951224,14845,200 Colonial Drive,Horseheads,NY,"[{'@type': 'OpeningHoursSpecification', 'dayOfWeek': ['Sunday', 'Monday', 'Tuesday', 'Wednesday', 'Thursday'], 'opens': '11:0', 'closes': '20:30'}, {'@type': 'OpeningHoursSpecification', 'dayOfWeek': ['Friday', 'Saturday'], 'opens': '11:0', 'closes': '21:30'}]","{'@type': 'PostalAddress', 'addressLocality': 'Horseheads', 'addressRegion': 'NY', 'postalCode': '14845', 'addressCountry': 'US', 'streetAddress': '200 Colonial Drive'}","{'@type': 'GeoCoordinates', 'latitude': 42.1621562, 'longitude': -76.8667361}","{'@type': 'AggregateRating', 'ratingValue': 4.3, 'reviewCount': '32'}"
"Red Robin, 457 (1720 County Route 64)",https://www.ubereats.com/upstate-ny/food-delivery/red-robin-457-1720-county-route-64/TM3q7k9CTHS7tdZGF06K4A,elmira-new-york,"['American', 'burger']",4.6,30,$,42.15939165923541,-76.85822364232816,+16072154303,,,,,"[{'@type': 'OpeningHoursSpecification', 'dayOfWeek': ['Monday', 'Tuesday', 'Wednesday', 'Thursday', 'Friday', 'Saturday', 'Sunday'], 'opens': '11:0', 'closes': '20:30'}]",,"{'@type': 'GeoCoordinates', 'latitude': 42.15939165923541, 'longitude': -76.85822364232816}","{'@type': 'AggregateRating', 'ratingValue': 4.6, 'reviewCount': '30'}"
Five Guys NY-1335 950 Big Flats Rd,https://www.ubereats.com/upstate-ny/food-delivery/five-guys-ny-1335-950-big-flats-rd/S7lwmplqSV-qpgi9qYdmEw,elmira-new-york,"['American', 'Burgers']",4.4,31,$,42.1535143,-76.8706573,+16072150771,14903,"950 COUNTY RT. 64, SUITE 110",Elmira,NY,"[{'@type': 'OpeningHoursSpecification', 'dayOfWeek': ['Monday', 'Tuesday', 'Wednesday', 'Thursday', 'Friday', 'Saturday', 'Sunday'], 'opens': '11:0', 'closes': '21:30'}]","{'@type': 'PostalAddress', 'addressLocality': 'Elmira', 'addressRegion': 'NY', 'postalCode': '14903', 'addressCountry': 'US', 'streetAddress': '950 COUNTY RT. 64, SUITE 110'}","{'@type': 'GeoCoordinates', 'latitude': 42.1535143, 'longitude': -76.8706573}","{'@type': 'AggregateRating', 'ratingValue': 4.4, 'reviewCount': '31'}"
Burger King (901 Lake Street),https://www.ubereats.com/upstate-ny/food-delivery/burger-king-901-lake-street/kvc2Q5k5Q12Up0SCLhVPuA,elmira-new-york,"['American', 'burger', 'Fast Food']",4.2,33,$,42.1018914,-76.80507899999999,+16077339793,14901,901 Lake Street,Elmira,NY,"[{'@type': 'OpeningHoursSpecification', 'dayOfWeek': 'Sunday', 'opens': '7:30', 'closes': '10:29'}, {'@type': 'OpeningHoursSpecification', 'dayOfWeek': 'Sunday', 'opens': '10:30', 'closes': '22:30'}, {'@type': 'OpeningHoursSpecification', 'dayOfWeek': ['Monday', 'Tuesday', 'Wednesday'], 'opens': '6:30', 'closes': '10:29'}, {'@type': 'OpeningHoursSpecification', 'dayOfWeek': ['Monday', 'Tuesday', 'Wednesday'], 'opens': '10:30', 'closes': '22:30'}, {'@type': 'OpeningHoursSpecification', 'dayOfWeek': ['Thursday', 'Friday', 'Saturday'], 'opens': '6:30', 'closes': '10:29'}, {'@type': 'OpeningHoursSpecification', 'dayOfWeek': ['Thursday', 'Friday', 'Saturday'], 'opens': '10:30', 'closes': '23:30'}]","{'@type': 'PostalAddress', 'addressLocality': 'Elmira', 'addressRegion': 'NY', 'postalCode': '14901', 'addressCountry': 'US', 'streetAddress': '901 Lake Street'}","{'@type': 'GeoCoordinates', 'latitude': 42.1018914, 'longitude': -76.80507899999999}","{'@type': 'AggregateRating', 'ratingValue': 4.2, 'reviewCount': '33'}"
Wendy's  (830 County Road 64),https://www.ubereats.com/upstate-ny/food-delivery/wendys-830-county-road-64/PNx0GDvBSDqMRFfkK7HX-w,elmira-new-york,"['American', 'Burgers', 'Fast Food']",,,$,42.15415650000001,-76.8797062,+16077960183,14903,830 County Road 64,Elmira,NY,"[{'@type': 'OpeningHoursSpecification', 'dayOfWeek': ['Monday', 'Tuesday', 'Wednesday', 'Thursday', 'Friday', 'Saturday', 'Sunday'], 'opens': '10:30', 'closes': '21:30'}, {'@type': 'OpeningHoursSpecification', 'dayOfWeek': ['Monday', 'Tuesday', 'Wednesday', 'Thursday', 'Friday', 'Saturday', 'Sunday'], 'opens': '7:0', 'closes': '10:0'}]","{'@type': 'PostalAddress', 'addressLocality': 'Elmira', 'addressRegion': 'NY', 'postalCode': '14903', 'addressCountry': 'US', 'streetAddress': '830 County Road 64'}","{'@type': 'GeoCoordinates', 'latitude': 42.15415650000001, 'longitude': -76.8797062}",{}
Auntie Anne's (3300 Chambers Rd),https://www.ubereats.com/upstate-ny/food-delivery/auntie-annes-3300-chambers-rd/SHzaIsC0T66a8BSOHtBEPg,elmira-new-york,"['Bakery', 'Comfort Food', 'Pretzel']",,,$,42.1601337,-76.87317709999999,+16077391045,14845,3300 Chambers Rd,Horseheads,NY,"[{'@type': 'OpeningHoursSpecification', 'dayOfWeek': 'Sunday', 'opens': '11:30', 'closes': '16:0'}, {'@type': 'OpeningHoursSpecification', 'dayOfWeek': ['Monday', 'Tuesday', 'Wednesday', 'Thursday', 'Friday', 'Saturday'], 'opens': '11:30', 'closes': '17:0'}]","{'@type': 'PostalAddress', 'addressLocality': 'Horseheads', 'addressRegion': 'NY', 'postalCode': '14845', 'addressCountry': 'US', 'streetAddress': '3300 Chambers Rd'}","{'@type': 'GeoCoordinates', 'latitude': 42.1601337, 'longitude': -76.87317709999999}",{}
KFC / Taco Bell (1149 Broadway Street),https://www.ubereats.com/upstate-ny/food-delivery/kfc-taco-bell-1149-broadway-street/XHUrLGYTTqO-6gvdtgcSmg,elmira-new-york,"['American', 'Fast Food', 'wings']",4.1,59,$,42.0566478,-76.8188684,+16077348912,14904,1149 Broadway Street,Elmira,NY,"[{'@type': 'OpeningHoursSpecification', 'dayOfWeek': ['Monday', 'Tuesday', 'Wednesday', 'Thursday', 'Friday', 'Saturday', 'Sunday'], 'opens': '10:30', 'closes': '22:30'}, {'@type': 'OpeningHoursSpecification', 'dayOfWeek': ['Monday', 'Tuesday', 'Wednesday', 'Thursday', 'Friday', 'Saturday', 'Sunday'], 'opens': '10:30', 'closes': '22:30'}]","{'@type': 'PostalAddress', 'addressLocality': 'Elmira', 'addressRegion': 'NY', 'postalCode': '14904', 'addressCountry': 'US', 'streetAddress': '1149 Broadway Street'}","{'@type': 'GeoCoordinates', 'latitude': 42.0566478, 'longitude': -76.8188684}","{'@type': 'AggregateRating', 'ratingValue': 4.1, 'reviewCount': '59'}"
McDonald's® (1600 CEDAR ST),https://www.ubereats.com/upstate-ny/food-delivery/mcdonalds-1600-cedar-st/7dGDMHKbQaCMasab9kxd0g,elmira-new-york,"['American', 'Burgers', 'Fast Food', 'Fast Food']",3.8,13,$,42.057302,-76.79519,+16077341875,,,,,"[{'@type': 'OpeningHoursSpecification', 'dayOfWeek': 'Sunday', 'opens': '5:0', 'closes': '10:59'}, {'@type': 'OpeningHoursSpecification', 'dayOfWeek': 'Sunday', 'opens': '11:0', 'closes': '16:59'}, {'@type': 'OpeningHoursSpecification', 'dayOfWeek': 'Sunday', 'opens': '17:0', 'closes': '23:30'}, {'@type': 'OpeningHoursSpecification', 'dayOfWeek': ['Monday', 'Tuesday', 'Wednesday', 'Thursday', 'Friday'], 'opens': '5:0', 'closes': '10:29'}, {'@type': 'OpeningHoursSpecification', 'dayOfWeek': ['Monday', 'Tuesday', 'Wednesday', 'Thursday', 'Friday'], 'opens': '10:30', 'closes': '16:59'}, {'@type': 'OpeningHoursSpecification', 'dayOfWeek': ['Monday', 'Tuesday', 'Wednesday', 'Thursday', 'Friday'], 'opens': '17:0', 'closes': '23:30'}, {'@type': 'OpeningHoursSpecification', 'dayOfWeek': 'Saturday', 'opens': '5:0', 'closes': '10:59'}, {'@type': 'OpeningHoursSpecification', 'dayOfWeek': 'Saturday', 'opens': '11:0', 'closes': '16:59'}, {'@type': 'OpeningHoursSpecification', 'dayOfWeek': 'Saturday', 'opens': '17:0', 'closes': '23:30'}]",,"{'@type': 'GeoCoordinates', 'latitude': 42.057302, 'longitude': -76.79519}","{'@type': 'AggregateRating', 'ratingValue': 3.8, 'reviewCount': '13'}"
Subway (1600 Cedar St),https://www.ubereats.com/upstate-ny/food-delivery/subway-1600-cedar-st/dRRklLwbQ_uaQXAeO2Akpg,elmira-new-york,"['Fast Food', 'Sandwich', 'American']",,,$,42.0575299,-76.79390289999999,+16073987117,14904,1600 Cedar St,Elmira,NY,"[{'@type': 'OpeningHoursSpecification', 'dayOfWeek': 'Sunday', 'opens': '9:30', 'closes': '21:30'}, {'@type': 'OpeningHoursSpecification', 'dayOfWeek': ['Monday', 'Tuesday', 'Wednesday', 'Thursday', 'Friday', 'Saturday'], 'opens': '9:0', 'closes': '22:30'}]","{'@type': 'PostalAddress', 'addressLocality': 'Elmira', 'addressRegion': 'NY', 'postalCode': '14904', 'addressCountry': 'US', 'streetAddress': '1600 Cedar St'}","{'@type': 'GeoCoordinates', 'latitude': 42.0575299, 'longitude': -76.79390289999999}",{}
Burger King (2143 Grand Central Avenue),https://www.ubereats.com/upstate-ny/food-delivery/burger-king-2143-grand-central-avenue/MeYkAgcARMqANI3B7b5dKQ,elmira-new-york,"['American', 'burger', 'Fast Food']",4.9,22,$,42.1551464,-76.8219166,+16077391343,14845,2143 Grand Central Avenue,Horseheads,NY,"[{'@type': 'OpeningHoursSpecification', 'dayOfWeek': 'Sunday', 'opens': '7:30', 'closes': '10:29'}, {'@type': 'OpeningHoursSpecification', 'dayOfWeek': 'Sunday', 'opens': '10:30', 'closes': '20:30'}, {'@type': 'OpeningHoursSpecification', 'dayOfWeek': ['Monday', 'Tuesday', 'Wednesday', 'Thursday', 'Friday', 'Saturday'], 'opens': '6:30', 'closes': '10:29'}, {'@type': 'OpeningHoursSpecification', 'dayOfWeek': ['Monday', 'Tuesday', 'Wednesday', 'Thursday', 'Friday', 'Saturday'], 'opens': '10:30', 'closes': '20:30'}]","{'@type': 'PostalAddress', 'addressLocality': 'Horseheads', 'addressRegion': 'NY', 'postalCode': '14845', 'addressCountry': 'US', 'streetAddress': '2143 Grand Central Avenue'}","{'@type': 'GeoCoordinates', 'latitude': 42.1551464, 'longitude': -76.8219166}","{'@type': 'AggregateRating', 'ratingValue': 4.9, 'reviewCount': '22'}"
Buffalo Wild Wings (1631 County Road 64),https://www.ubereats.com/upstate-ny/food-delivery/buffalo-wild-wings-1631-county-road-64/aT0n-V2sTOy5b5Xwpw3-hQ,elmira-new-york,"['wings', 'Chicken', 'American']",3.9,29,$$,42.15913219999999,-76.8536053,+16077399464,14845-8135,1631 County Road 64,Horseheads,NY,"[{'@type': 'OpeningHoursSpecification', 'dayOfWeek': ['Monday', 'Tuesday', 'Wednesday', 'Thursday', 'Friday', 'Saturday', 'Sunday'], 'opens': '11:0', 'closes': '21:0'}]","{'@type': 'PostalAddress', 'addressLocality': 'Horseheads', 'addressRegion': 'NY', 'postalCode': '14845-8135', 'addressCountry': 'US', 'streetAddress': '1631 County Road 64'}","{'@type': 'GeoCoordinates', 'latitude': 42.15913219999999, 'longitude': -76.8536053}","{'@type': 'AggregateRating', 'ratingValue': 3.9, 'reviewCount': '29'}"
"TGI Friday's (590 - BIG FLATS, NY)",https://www.ubereats.com/upstate-ny/food-delivery/tgi-fridays-590-big-flats-ny/51--8AEFRSyEXWgQgk-HVA,elmira-new-york,"['Burgers', 'Bar Food', 'American']",,,$$,42.15415650000001,-76.8797062,+16077396724,14903,830 County Road 64,Elmira,NY,"[{'@type': 'OpeningHoursSpecification', 'dayOfWeek': ['Sunday', 'Monday', 'Tuesday', 'Wednesday', 'Thursday'], 'opens': '11:0', 'closes': '22:30'}, {'@type': 'OpeningHoursSpecification', 'dayOfWeek': ['Friday', 'Saturday'], 'opens': '11:0', 'closes': '0:30'}]","{'@type': 'PostalAddress', 'addressLocality': 'Elmira', 'addressRegion': 'NY', 'postalCode': '14903', 'addressCountry': 'US', 'streetAddress': '830 County Road 64'}","{'@type': 'GeoCoordinates', 'latitude': 42.15415650000001, 'longitude': -76.8797062}",{}
KFC (2122 Grand Central Avenue),https://www.ubereats.com/upstate-ny/food-delivery/kfc-2122-grand-central-avenue/PsO-o5LLQ-Gt_7MJF1cj-w,elmira-new-york,"['American', 'Fast Food', 'wings']",4.5,22,$,42.154387,-76.821236,+12814888533,14845,2122 Grand Central Avenue,Horseheads,NY,"[{'@type': 'OpeningHoursSpecification', 'dayOfWeek': ['Sunday', 'Monday', 'Tuesday', 'Wednesday', 'Thursday'], 'opens': '10:30', 'closes': '21:30'}, {'@type': 'OpeningHoursSpecification', 'dayOfWeek': ['Friday', 'Saturday'], 'opens': '10:30', 'closes': '22:30'}]","{'@type': 'PostalAddress', 'addressLocality': 'Horseheads', 'addressRegion': 'NY', 'postalCode': '14845', 'addressCountry': 'US', 'streetAddress': '2122 Grand Central Avenue'}","{'@type': 'GeoCoordinates', 'latitude': 42.154387, 'longitude': -76.821236}","{'@type': 'AggregateRating', 'ratingValue': 4.5, 'reviewCount': '22'}"
Wendy's  (2123 Grand Central Ave),https://www.ubereats.com/upstate-ny/food-delivery/wendys-2123-grand-central-ave/9I47er0ZQSaX6v_fTmkDRQ,elmira-new-york,"['American', 'Burgers', 'Fast Food']",,,$,42.1546613,-76.8218649,+16077969352,14845,2123 Grand Central Ave,Horseheads,NY,"[{'@type': 'OpeningHoursSpecification', 'dayOfWeek': ['Monday', 'Tuesday', 'Wednesday', 'Thursday', 'Friday', 'Saturday', 'Sunday'], 'opens': '10:30', 'closes': '23:30'}, {'@type': 'OpeningHoursSpecification', 'dayOfWeek': ['Monday', 'Tuesday', 'Wednesday', 'Thursday', 'Friday', 'Saturday', 'Sunday'], 'opens': '6:30', 'closes': '10:0'}]","{'@type': 'PostalAddress', 'addressLocality': 'Horseheads', 'addressRegion': 'NY', 'postalCode': '14845', 'addressCountry': 'US', 'streetAddress': '2123 Grand Central Ave'}","{'@type': 'GeoCoordinates', 'latitude': 42.1546613, 'longitude': -76.8218649}",{}
Applebee's  (877 County Route 64),https://www.ubereats.com/upstate-ny/food-delivery/applebees-877-county-route-64/Y7LNll1BQk-HTIy1OMDWzA,elmira-new-york,"['American', 'Bar Food', 'BBQ', 'burger', 'Chicken Strips', 'Comfort Food', 'Dinner', 'pasta', 'salad', 'Sandwich', 'Soup', 'Steak', 'Traditional American', 'wings']",4.6,25,$$,42.1548212,-76.8780864,+16077391959,14903,877 County Route 64,Elmira,NY,"[{'@type': 'OpeningHoursSpecification', 'dayOfWeek': ['Sunday', 'Monday', 'Tuesday', 'Wednesday', 'Thursday'], 'opens': '11:0', 'closes': '21:30'}, {'@type': 'OpeningHoursSpecification', 'dayOfWeek': ['Friday', 'Saturday'], 'opens': '11:0', 'closes': '22:30'}]","{'@type': 'PostalAddress', 'addressLocality': 'Elmira', 'addressRegion': 'NY', 'postalCode': '14903', 'addressCountry': 'US', 'streetAddress': '877 County Route 64'}","{'@type': 'GeoCoordinates', 'latitude': 42.1548212, 'longitude': -76.8780864}","{'@type': 'AggregateRating', 'ratingValue': 4.6, 'reviewCount': '25'}"
McDonald's® (410-15 N MAIN ST),https://www.ubereats.com/upstate-ny/food-delivery/mcdonalds-410-15-n-main-st/PpU5GOANSRq-rRvefpbbFQ,elmira-new-york,"['American', 'Burgers', 'Fast Food']",3.7,54,$,42.092407,-76.809183,+16077332303,14901,410-15 N MAIN ST,ELMIRA,NY,"[{'@type': 'OpeningHoursSpecification', 'dayOfWeek': 'Sunday', 'opens': '4:0', 'closes': '10:59'}, {'@type': 'OpeningHoursSpecification', 'dayOfWeek': 'Sunday', 'opens': '11:0', 'closes': '16:59'}, {'@type': 'OpeningHoursSpecification', 'dayOfWeek': 'Sunday', 'opens': '17:0', 'closes': '3:59'}, {'@type': 'OpeningHoursSpecification', 'dayOfWeek': ['Monday', 'Tuesday', 'Wednesday', 'Thursday', 'Friday'], 'opens': '4:0', 'closes': '10:29'}, {'@type': 'OpeningHoursSpecification', 'dayOfWeek': ['Monday', 'Tuesday', 'Wednesday', 'Thursday', 'Friday'], 'opens': '10:30', 'closes': '16:59'}, {'@type': 'OpeningHoursSpecification', 'dayOfWeek': ['Monday', 'Tuesday', 'Wednesday', 'Thursday', 'Friday'], 'opens': '17:0', 'closes': '3:59'}, {'@type': 'OpeningHoursSpecification', 'dayOfWeek': 'Saturday', 'opens': '4:0', 'closes': '10:59'}, {'@type': 'OpeningHoursSpecification', 'dayOfWeek': 'Saturday', 'opens': '11:0', 'closes': '16:59'}, {'@type': 'OpeningHoursSpecification', 'dayOfWeek': 'Saturday', 'opens': '17:0', 'closes': '3:59'}]","{'@type': 'PostalAddress', 'addressLocality': 'ELMIRA', 'addressRegion': 'NY', 'postalCode': '14901', 'addressCountry': 'US', 'streetAddress': '410-15 N MAIN ST'}","{'@type': 'GeoCoordinates', 'latitude': 42.092407, 'longitude': -76.809183}","{'@type': 'AggregateRating', 'ratingValue': 3.7, 'reviewCount': '54'}"
Friendly's (2669 Corning Rd),https://www.ubereats.com/upstate-ny/food-delivery/friendlys-2669-corning-rd/hfAfqR-WSXO7bWSFV0i0mg,elmira-new-york,"['Kids Friendly', 'Family Meals', 'American', 'Burgers', 'Ice Cream and Frozen Yogurt', 'Desserts']",,,$,42.1621578,-76.8399775,+16077399800,14845,2669 Corning Rd,Horseheads,NY,"[{'@type': 'OpeningHoursSpecification', 'dayOfWeek': ['Monday', 'Tuesday', 'Wednesday', 'Thursday', 'Friday', 'Saturday', 'Sunday'], 'opens': '12:0', 'closes': '21:0'}]","{'@type': 'PostalAddress', 'addressLocality': 'Horseheads', 'addressRegion': 'NY', 'postalCode': '14845', 'addressCountry': 'US', 'streetAddress': '2669 Corning Rd'}","{'@type': 'GeoCoordinates', 'latitude': 42.1621578, 'longitude': -76.8399775}",{}
Subway (1869 Davis St),https://www.ubereats.com/upstate-ny/food-delivery/subway-1869-davis-st/tzzmg6MgRW6RUn2S3talXQ,elmira-new-york,"['Fast Food', 'Sandwich', 'American']",,,$,42.1140844,-76.82717319999999,+16077334099,14901,1869 Davis St,Elmira,NY,"[{'@type': 'OpeningHoursSpecification', 'dayOfWeek': 'Sunday', 'opens': '9:30', 'closes': '21:30'}, {'@type': 'OpeningHoursSpecification', 'dayOfWeek': ['Monday', 'Tuesday', 'Wednesday', 'Thursday', 'Friday', 'Saturday'], 'opens': '9:0', 'closes': '23:29'}]","{'@type': 'PostalAddress', 'addressLocality': 'Elmira', 'addressRegion': 'NY', 'postalCode': '14901', 'addressCountry': 'US', 'streetAddress': '1869 Davis St'}","{'@type': 'GeoCoordinates', 'latitude': 42.1140844, 'longitude': -76.82717319999999}",{}
