name,url,city,cuisine,avgRating,numReviews,priceRange,latitude,longitude,telephone,postalCode,streetAddress,addressLocality,addressRegion,openingHoursSpecification,addressString,geoString,ratingString
People's Pressed,https://www.ubereats.com/boston/food-delivery/peoples-pressed/5A-ZRmjcTbiJCrux8zwM3w,fairhaven-massachusetts,['Juice and Smoothies'],,,$,41.6344856,-70.92484999999999,+17749296559,02740,141 Union St,New Bedford,Massachusetts,"[{'@type': 'OpeningHoursSpecification', 'dayOfWeek': ['Monday', 'Tuesday', 'Wednesday', 'Thursday', 'Friday', 'Saturday'], 'opens': '8:0', 'closes': '15:0'}]","{'@type': 'PostalAddress', 'addressLocality': 'New Bedford', 'addressRegion': 'Massachusetts', 'postalCode': '02740', 'addressCountry': 'US', 'streetAddress': '141 Union St'}","{'@type': 'GeoCoordinates', 'latitude': 41.6344856, 'longitude': -70.92484999999999}",{}
Smoothie World (New Bedford),https://www.ubereats.com/boston/food-delivery/smoothie-world-new-bedford/lm5QWitLQTyLBA01sCy2DA,fairhaven-massachusetts,"['Juice and Smoothies', 'Breakfast and Brunch', 'Vegetarian']",,,$,41.6730775,-70.9410067,+14017715909,2745,500 Kings Hwy,New Bedford,MA,"[{'@type': 'OpeningHoursSpecification', 'dayOfWeek': 'Sunday', 'opens': '9:0', 'closes': '15:0'}, {'@type': 'OpeningHoursSpecification', 'dayOfWeek': ['Monday', 'Tuesday', 'Wednesday', 'Thursday', 'Friday', 'Saturday'], 'opens': '9:0', 'closes': '21:0'}]","{'@type': 'PostalAddress', 'addressLocality': 'New Bedford', 'addressRegion': 'MA', 'postalCode': '2745', 'addressCountry': 'US', 'streetAddress': '500 Kings Hwy'}","{'@type': 'GeoCoordinates', 'latitude': 41.6730775, 'longitude': -70.9410067}",{}
Cold Stone Creamery (83C Faunce Corner Mall Rd),https://www.ubereats.com/boston/food-delivery/cold-stone-creamery-83c-faunce-corner-mall-rd/Oa_-sLwaTMSDG-Q_qc-bTg,fairhaven-massachusetts,"['Ice Cream and Frozen Yogurt', 'Desserts', 'Cupcakes']",,,$,41.647096,-70.987859,+15089912337,2747,83C Faunce Corner Mall Rd Ste 102A,Dartmouth,MA,"[{'@type': 'OpeningHoursSpecification', 'dayOfWeek': ['Monday', 'Tuesday', 'Wednesday', 'Thursday', 'Friday', 'Saturday', 'Sunday'], 'opens': '12:0', 'closes': '21:0'}]","{'@type': 'PostalAddress', 'addressLocality': 'Dartmouth', 'addressRegion': 'MA', 'postalCode': '2747', 'addressCountry': 'US', 'streetAddress': '83C Faunce Corner Mall Rd Ste 102A'}","{'@type': 'GeoCoordinates', 'latitude': 41.647096, 'longitude': -70.987859}",{}
,https://www.ubereats.com/boston/food-delivery/dunkin-150-s-main-st/w5V3eTKVTVe8UPFHdP-QfA,fairhaven-massachusetts,,,,,,,,,,,,,,,
Brazilian Grill,https://www.ubereats.com/boston/food-delivery/brazilian-grill/f_4u9gKxS-iYnoOR7d12NA,fairhaven-massachusetts,"['Steak', 'American', 'Fast Food', 'Allergy Friendly']",,,$,41.6409049,-70.998052,+17742024220,02747,464 State Rd,North Dartmouth,MA,"[{'@type': 'OpeningHoursSpecification', 'dayOfWeek': 'Sunday', 'opens': '12:0', 'closes': '21:0'}, {'@type': 'OpeningHoursSpecification', 'dayOfWeek': ['Monday', 'Tuesday', 'Wednesday', 'Thursday'], 'opens': '16:30', 'closes': '21:30'}, {'@type': 'OpeningHoursSpecification', 'dayOfWeek': 'Friday', 'opens': '16:30', 'closes': '22:0'}, {'@type': 'OpeningHoursSpecification', 'dayOfWeek': 'Saturday', 'opens': '11:30', 'closes': '22:0'}]","{'@type': 'PostalAddress', 'addressLocality': 'North Dartmouth', 'addressRegion': 'MA', 'postalCode': '02747', 'addressCountry': 'US', 'streetAddress': '464 State Rd'}","{'@type': 'GeoCoordinates', 'latitude': 41.6409049, 'longitude': -70.998052}",{}
Crown Fried Chicken (1570 Acushnet Ave),https://www.ubereats.com/boston/food-delivery/crown-fried-chicken-1570-acushnet-ave/DPq9eeyQRUWiSZNVNKJu0Q,fairhaven-massachusetts,['Chicken'],4.4,64,$$,41.6632643,-70.9282552,+15089993000,02746,1570 Acushnet Ave,New Bedford,MA,"[{'@type': 'OpeningHoursSpecification', 'dayOfWeek': ['Monday', 'Tuesday', 'Wednesday', 'Thursday', 'Friday', 'Saturday', 'Sunday'], 'opens': '10:0', 'closes': '23:59'}]","{'@type': 'PostalAddress', 'addressLocality': 'New Bedford', 'addressRegion': 'MA', 'postalCode': '02746', 'addressCountry': 'US', 'streetAddress': '1570 Acushnet Ave'}","{'@type': 'GeoCoordinates', 'latitude': 41.6632643, 'longitude': -70.9282552}","{'@type': 'AggregateRating', 'ratingValue': 4.4, 'reviewCount': '64'}"
Dunkin' (951 Brock Ave),https://www.ubereats.com/boston/food-delivery/dunkin-951-brock-ave/5svcmiQIQJuaTcoBoPXUvA,fairhaven-massachusetts,"['Breakfast and Brunch', 'Donuts']",,,$,41.61368160000001,-70.9180878,+15089920369,2744,951 Brock Ave,New Bedford,MA,"[{'@type': 'OpeningHoursSpecification', 'dayOfWeek': 'Sunday', 'opens': '5:0', 'closes': '19:0'}, {'@type': 'OpeningHoursSpecification', 'dayOfWeek': 'Sunday', 'opens': '6:0', 'closes': '18:0'}, {'@type': 'OpeningHoursSpecification', 'dayOfWeek': ['Monday', 'Tuesday', 'Wednesday', 'Thursday', 'Friday', 'Saturday'], 'opens': '6:0', 'closes': '18:0'}]","{'@type': 'PostalAddress', 'addressLocality': 'New Bedford', 'addressRegion': 'MA', 'postalCode': '2744', 'addressCountry': 'US', 'streetAddress': '951 Brock Ave'}","{'@type': 'GeoCoordinates', 'latitude': 41.61368160000001, 'longitude': -70.9180878}",{}
Cafe Arpeggio,https://www.ubereats.com/boston/food-delivery/cafe-arpeggio/XHqVbgaySyCGG9RBmgAbLw,fairhaven-massachusetts,"['Breakfast and Brunch', 'Pastry', 'Coffee and Tea']",4.8,20,$,41.6352578,-70.92563539999999,+15089992233,27406,800 Purchase St Ste 130,New Bedford,MA,"[{'@type': 'OpeningHoursSpecification', 'dayOfWeek': ['Monday', 'Tuesday', 'Wednesday', 'Thursday', 'Friday'], 'opens': '8:0', 'closes': '14:30'}]","{'@type': 'PostalAddress', 'addressLocality': 'New Bedford', 'addressRegion': 'MA', 'postalCode': '27406', 'addressCountry': 'US', 'streetAddress': '800 Purchase St Ste 130'}","{'@type': 'GeoCoordinates', 'latitude': 41.6352578, 'longitude': -70.92563539999999}","{'@type': 'AggregateRating', 'ratingValue': 4.8, 'reviewCount': '20'}"
Dunkin' (131 Nauset St),https://www.ubereats.com/boston/food-delivery/dunkin-131-nauset-st/XQcjtmO4Q96bQRgZoLGePQ,fairhaven-massachusetts,"['Breakfast and Brunch', 'Donuts']",4.3,62,$,41.6628468,-70.9424082,+15089934860,2746,131 Nauset St,New Bedford,MA,"[{'@type': 'OpeningHoursSpecification', 'dayOfWeek': ['Monday', 'Tuesday', 'Wednesday', 'Thursday', 'Friday', 'Saturday', 'Sunday'], 'opens': '6:0', 'closes': '15:0'}]","{'@type': 'PostalAddress', 'addressLocality': 'New Bedford', 'addressRegion': 'MA', 'postalCode': '2746', 'addressCountry': 'US', 'streetAddress': '131 Nauset St'}","{'@type': 'GeoCoordinates', 'latitude': 41.6628468, 'longitude': -70.9424082}","{'@type': 'AggregateRating', 'ratingValue': 4.3, 'reviewCount': '62'}"
PlanIt Eats (Dartmouth),https://www.ubereats.com/boston/food-delivery/planit-eats-dartmouth/QKsSXCcqTuqiaU_oKa3WDg,fairhaven-massachusetts,"['Healthy', 'Vegetarian', 'Salads']",,,$,41.652171,-70.988255,+17742020717,2747,154 Faunce Corner Mall Rd,Dartmouth,MA,"[{'@type': 'OpeningHoursSpecification', 'dayOfWeek': 'Sunday', 'opens': '11:0', 'closes': '17:0'}, {'@type': 'OpeningHoursSpecification', 'dayOfWeek': ['Monday', 'Tuesday', 'Wednesday', 'Thursday', 'Friday'], 'opens': '10:30', 'closes': '19:0'}, {'@type': 'OpeningHoursSpecification', 'dayOfWeek': 'Saturday', 'opens': '11:0', 'closes': '16:0'}]","{'@type': 'PostalAddress', 'addressLocality': 'Dartmouth', 'addressRegion': 'MA', 'postalCode': '2747', 'addressCountry': 'US', 'streetAddress': '154 Faunce Corner Mall Rd'}","{'@type': 'GeoCoordinates', 'latitude': 41.652171, 'longitude': -70.988255}",{}
Mi Antojo Mexican Restaurant,https://www.ubereats.com/boston/food-delivery/mi-antojo-mexican-restaurant/_H1U_VoRTqyr6sVxr9gzqw,fairhaven-massachusetts,['New Mexican'],4.4,258,$$,41.6170733,-70.9214387,+15089934985,,,,,"[{'@type': 'OpeningHoursSpecification', 'dayOfWeek': 'Sunday', 'opens': '9:30', 'closes': '22:0'}, {'@type': 'OpeningHoursSpecification', 'dayOfWeek': 'Sunday', 'opens': '9:0', 'closes': '1:0'}, {'@type': 'OpeningHoursSpecification', 'dayOfWeek': ['Monday', 'Tuesday', 'Wednesday', 'Thursday', 'Friday'], 'opens': '8:30', 'closes': '22:0'}, {'@type': 'OpeningHoursSpecification', 'dayOfWeek': ['Monday', 'Tuesday', 'Wednesday', 'Thursday', 'Friday'], 'opens': '9:0', 'closes': '1:0'}, {'@type': 'OpeningHoursSpecification', 'dayOfWeek': 'Saturday', 'opens': '9:30', 'closes': '22:0'}, {'@type': 'OpeningHoursSpecification', 'dayOfWeek': 'Saturday', 'opens': '9:0', 'closes': '1:0'}]",,"{'@type': 'GeoCoordinates', 'latitude': 41.6170733, 'longitude': -70.9214387}","{'@type': 'AggregateRating', 'ratingValue': 4.4, 'reviewCount': '258'}"
Da Burga Boiz,https://www.ubereats.com/boston/food-delivery/da-burga-boiz/xbkK_1NAS8ecV9lUtvZz9g,fairhaven-massachusetts,"['Burgers', 'American', 'Sandwiches']",,,$,41.6477409,-70.94937639999999,+15089911964,02740,319 Hathaway Blvd,New Bedford,MA,"[{'@type': 'OpeningHoursSpecification', 'dayOfWeek': ['Monday', 'Tuesday', 'Wednesday', 'Thursday', 'Friday'], 'opens': '14:0', 'closes': '19:0'}, {'@type': 'OpeningHoursSpecification', 'dayOfWeek': 'Saturday', 'opens': '13:30', 'closes': '19:0'}]","{'@type': 'PostalAddress', 'addressLocality': 'New Bedford', 'addressRegion': 'MA', 'postalCode': '02740', 'addressCountry': 'US', 'streetAddress': '319 Hathaway Blvd'}","{'@type': 'GeoCoordinates', 'latitude': 41.6477409, 'longitude': -70.94937639999999}",{}
Festiva Buffet,https://www.ubereats.com/boston/food-delivery/festiva-buffet/S2XUmH2zTVC9RpRtzMKPcA,fairhaven-massachusetts,"['Chinese: Other', 'Vegetarian Friendly']",,,,41.6401252,-70.88306469999999,+15089991000,02719,31 Berdon Way,Fairhaven,MA,"[{'@type': 'OpeningHoursSpecification', 'dayOfWeek': 'Sunday', 'opens': '11:30', 'closes': '21:0'}, {'@type': 'OpeningHoursSpecification', 'dayOfWeek': 'Sunday', 'opens': '11:30', 'closes': '21:30'}, {'@type': 'OpeningHoursSpecification', 'dayOfWeek': ['Tuesday', 'Wednesday', 'Thursday'], 'opens': '11:30', 'closes': '21:0'}, {'@type': 'OpeningHoursSpecification', 'dayOfWeek': ['Tuesday', 'Wednesday', 'Thursday'], 'opens': '11:30', 'closes': '15:0'}, {'@type': 'OpeningHoursSpecification', 'dayOfWeek': ['Tuesday', 'Wednesday', 'Thursday'], 'opens': '11:30', 'closes': '21:30'}, {'@type': 'OpeningHoursSpecification', 'dayOfWeek': 'Friday', 'opens': '11:30', 'closes': '21:30'}, {'@type': 'OpeningHoursSpecification', 'dayOfWeek': 'Friday', 'opens': '11:30', 'closes': '15:0'}, {'@type': 'OpeningHoursSpecification', 'dayOfWeek': 'Friday', 'opens': '11:30', 'closes': '21:30'}, {'@type': 'OpeningHoursSpecification', 'dayOfWeek': 'Saturday', 'opens': '11:30', 'closes': '21:30'}, {'@type': 'OpeningHoursSpecification', 'dayOfWeek': 'Saturday', 'opens': '11:30', 'closes': '21:30'}]","{'@type': 'PostalAddress', 'addressLocality': 'Fairhaven', 'addressRegion': 'MA', 'postalCode': '02719', 'addressCountry': 'US', 'streetAddress': '31 Berdon Way'}","{'@type': 'GeoCoordinates', 'latitude': 41.6401252, 'longitude': -70.88306469999999}",{}
Chipotle Mexican Grill (349 State Rd),https://www.ubereats.com/boston/food-delivery/chipotle-mexican-grill-349-state-rd/xkjJNJztTEa2jsg6YwLgug,fairhaven-massachusetts,"['Healthy', 'Mexican']",3.9,36,$,41.6394784,-70.9916904,+17746343358,2747,349 State Rd,North Dartmouth,MA,"[{'@type': 'OpeningHoursSpecification', 'dayOfWeek': ['Monday', 'Tuesday', 'Wednesday', 'Thursday', 'Friday', 'Saturday', 'Sunday'], 'opens': '10:45', 'closes': '21:40'}]","{'@type': 'PostalAddress', 'addressLocality': 'North Dartmouth', 'addressRegion': 'MA', 'postalCode': '2747', 'addressCountry': 'US', 'streetAddress': '349 State Rd'}","{'@type': 'GeoCoordinates', 'latitude': 41.6394784, 'longitude': -70.9916904}","{'@type': 'AggregateRating', 'ratingValue': 3.9, 'reviewCount': '36'}"
Dunkin' (1121 Kempton St),https://www.ubereats.com/boston/food-delivery/dunkin-1121-kempton-st/N9NKM6n1R3enAv2tipI4Iw,fairhaven-massachusetts,"['Breakfast and Brunch', 'Donuts']",,,$,41.6369518,-70.9557158,+15089921386,2740,1121 Kempton St,New Bedford,MA,"[{'@type': 'OpeningHoursSpecification', 'dayOfWeek': 'Sunday', 'opens': '6:0', 'closes': '19:0'}, {'@type': 'OpeningHoursSpecification', 'dayOfWeek': ['Monday', 'Tuesday', 'Wednesday', 'Thursday', 'Friday'], 'opens': '5:30', 'closes': '19:0'}, {'@type': 'OpeningHoursSpecification', 'dayOfWeek': 'Saturday', 'opens': '6:0', 'closes': '19:0'}]","{'@type': 'PostalAddress', 'addressLocality': 'New Bedford', 'addressRegion': 'MA', 'postalCode': '2740', 'addressCountry': 'US', 'streetAddress': '1121 Kempton St'}","{'@type': 'GeoCoordinates', 'latitude': 41.6369518, 'longitude': -70.9557158}",{}
Cfc fried chicken,https://www.ubereats.com/boston/food-delivery/cfc-fried-chicken/qAFqwBSoSJauOJhtPqV8xg,fairhaven-massachusetts,['Chicken'],4.4,89,$,41.6147569,-70.9190237,+17742025668,,,,,"[{'@type': 'OpeningHoursSpecification', 'dayOfWeek': ['Monday', 'Tuesday', 'Wednesday', 'Thursday', 'Friday', 'Saturday', 'Sunday'], 'opens': '10:0', 'closes': '23:45'}]",,"{'@type': 'GeoCoordinates', 'latitude': 41.6147569, 'longitude': -70.9190237}","{'@type': 'AggregateRating', 'ratingValue': 4.4, 'reviewCount': '89'}"
From the Seoul,https://www.ubereats.com/boston/food-delivery/from-the-seoul/NYcmorHNQyae9v9p7n13XA,fairhaven-massachusetts,"['Asian', 'Korean']",4.5,25,$$,41.6499918,-70.9872785,+17743289344,02747,127 Faunce Corner Rd,Dartmouth,Massachusetts,"[{'@type': 'OpeningHoursSpecification', 'dayOfWeek': 'Sunday', 'opens': '12:0', 'closes': '18:0'}, {'@type': 'OpeningHoursSpecification', 'dayOfWeek': ['Tuesday', 'Wednesday', 'Thursday', 'Friday'], 'opens': '12:0', 'closes': '18:0'}, {'@type': 'OpeningHoursSpecification', 'dayOfWeek': ['Tuesday', 'Wednesday', 'Thursday', 'Friday'], 'opens': '12:0', 'closes': '14:0'}, {'@type': 'OpeningHoursSpecification', 'dayOfWeek': 'Saturday', 'opens': '12:0', 'closes': '18:0'}]","{'@type': 'PostalAddress', 'addressLocality': 'Dartmouth', 'addressRegion': 'Massachusetts', 'postalCode': '02747', 'addressCountry': 'US', 'streetAddress': '127 Faunce Corner Rd'}","{'@type': 'GeoCoordinates', 'latitude': 41.6499918, 'longitude': -70.9872785}","{'@type': 'AggregateRating', 'ratingValue': 4.5, 'reviewCount': '25'}"
Dunkin' (450 State Rd),https://www.ubereats.com/boston/food-delivery/dunkin-450-state-rd/ihwnFYY2RAqjng8mbyY5Lg,fairhaven-massachusetts,"['Breakfast and Brunch', 'Donuts']",,,$,41.6409536,-71.00163739999999,+17742021722,2747,450 State Rd,North Dartmouth,MA,"[{'@type': 'OpeningHoursSpecification', 'dayOfWeek': ['Monday', 'Tuesday', 'Wednesday', 'Thursday', 'Friday', 'Saturday', 'Sunday'], 'opens': '5:30', 'closes': '18:30'}]","{'@type': 'PostalAddress', 'addressLocality': 'North Dartmouth', 'addressRegion': 'MA', 'postalCode': '2747', 'addressCountry': 'US', 'streetAddress': '450 State Rd'}","{'@type': 'GeoCoordinates', 'latitude': 41.6409536, 'longitude': -71.00163739999999}",{}
Burger King (247 State Road),https://www.ubereats.com/boston/food-delivery/burger-king-247-state-road/aY2fi4iKRbOeV6lMnQrUpQ,fairhaven-massachusetts,"['American', 'burger', 'Fast Food']",4.8,11,$,41.639121,-70.9820299,+15089902970,2747,247 State Road,North Dartmouth,MA,"[{'@type': 'OpeningHoursSpecification', 'dayOfWeek': 'Sunday', 'opens': '8:30', 'closes': '10:29'}, {'@type': 'OpeningHoursSpecification', 'dayOfWeek': 'Sunday', 'opens': '10:30', 'closes': '21:30'}, {'@type': 'OpeningHoursSpecification', 'dayOfWeek': ['Monday', 'Tuesday', 'Wednesday', 'Thursday'], 'opens': '7:30', 'closes': '10:29'}, {'@type': 'OpeningHoursSpecification', 'dayOfWeek': ['Monday', 'Tuesday', 'Wednesday', 'Thursday'], 'opens': '10:30', 'closes': '21:30'}, {'@type': 'OpeningHoursSpecification', 'dayOfWeek': 'Friday', 'opens': '7:30', 'closes': '10:29'}, {'@type': 'OpeningHoursSpecification', 'dayOfWeek': 'Friday', 'opens': '10:30', 'closes': '22:15'}, {'@type': 'OpeningHoursSpecification', 'dayOfWeek': 'Saturday', 'opens': '7:30', 'closes': '10:29'}, {'@type': 'OpeningHoursSpecification', 'dayOfWeek': 'Saturday', 'opens': '10:30', 'closes': '21:30'}]","{'@type': 'PostalAddress', 'addressLocality': 'North Dartmouth', 'addressRegion': 'MA', 'postalCode': '2747', 'addressCountry': 'US', 'streetAddress': '247 State Road'}","{'@type': 'GeoCoordinates', 'latitude': 41.639121, 'longitude': -70.9820299}","{'@type': 'AggregateRating', 'ratingValue': 4.8, 'reviewCount': '11'}"
Burger King (605 Tarklin Hill Road),https://www.ubereats.com/boston/food-delivery/burger-king-605-tarklin-hill-road/UMuwdnHWQUqU9QzUgVJ4JA,fairhaven-massachusetts,"['American', 'burger', 'Fast Food']",4.4,25,$,41.680049,-70.94023709999999,+15089971651,2745,605 Tarklin Hill Road,New Bedford,MA,"[{'@type': 'OpeningHoursSpecification', 'dayOfWeek': 'Sunday', 'opens': '8:30', 'closes': '10:29'}, {'@type': 'OpeningHoursSpecification', 'dayOfWeek': 'Sunday', 'opens': '10:30', 'closes': '21:30'}, {'@type': 'OpeningHoursSpecification', 'dayOfWeek': ['Monday', 'Tuesday', 'Wednesday', 'Thursday'], 'opens': '7:30', 'closes': '10:29'}, {'@type': 'OpeningHoursSpecification', 'dayOfWeek': ['Monday', 'Tuesday', 'Wednesday', 'Thursday'], 'opens': '10:30', 'closes': '21:30'}, {'@type': 'OpeningHoursSpecification', 'dayOfWeek': 'Friday', 'opens': '7:30', 'closes': '10:29'}, {'@type': 'OpeningHoursSpecification', 'dayOfWeek': 'Friday', 'opens': '10:30', 'closes': '22:15'}, {'@type': 'OpeningHoursSpecification', 'dayOfWeek': 'Saturday', 'opens': '7:30', 'closes': '10:29'}, {'@type': 'OpeningHoursSpecification', 'dayOfWeek': 'Saturday', 'opens': '10:30', 'closes': '21:30'}]","{'@type': 'PostalAddress', 'addressLocality': 'New Bedford', 'addressRegion': 'MA', 'postalCode': '2745', 'addressCountry': 'US', 'streetAddress': '605 Tarklin Hill Road'}","{'@type': 'GeoCoordinates', 'latitude': 41.680049, 'longitude': -70.94023709999999}","{'@type': 'AggregateRating', 'ratingValue': 4.4, 'reviewCount': '25'}"
Dunkin' (231 Union St),https://www.ubereats.com/boston/food-delivery/dunkin-231-union-st/2MbNdh3zQO-chyUVcGecGA,fairhaven-massachusetts,"['Breakfast and Brunch', 'Donuts']",4.5,82,$,41.634218,-70.9275354,+15089973047,2740,231 Union St,New Bedford,MA,"[{'@type': 'OpeningHoursSpecification', 'dayOfWeek': 'Sunday', 'opens': '6:30', 'closes': '15:30'}, {'@type': 'OpeningHoursSpecification', 'dayOfWeek': ['Monday', 'Tuesday', 'Wednesday', 'Thursday', 'Friday', 'Saturday'], 'opens': '5:30', 'closes': '17:30'}]","{'@type': 'PostalAddress', 'addressLocality': 'New Bedford', 'addressRegion': 'MA', 'postalCode': '2740', 'addressCountry': 'US', 'streetAddress': '231 Union St'}","{'@type': 'GeoCoordinates', 'latitude': 41.634218, 'longitude': -70.9275354}","{'@type': 'AggregateRating', 'ratingValue': 4.5, 'reviewCount': '82'}"
Mystic Cafe,https://www.ubereats.com/boston/food-delivery/mystic-cafe/BFbsVcAeQMeb6xhbhtbjKg,fairhaven-massachusetts,"['Breakfast and Brunch', 'American', 'Sandwiches']",4.4,39,$,41.6598849,-70.908734,+17742061143,02719,398 Main St,Fairhaven,MA,"[{'@type': 'OpeningHoursSpecification', 'dayOfWeek': 'Sunday', 'opens': '6:15', 'closes': '12:30'}, {'@type': 'OpeningHoursSpecification', 'dayOfWeek': 'Sunday', 'opens': '6:0', 'closes': '12:30'}, {'@type': 'OpeningHoursSpecification', 'dayOfWeek': ['Monday', 'Tuesday', 'Wednesday', 'Thursday', 'Friday'], 'opens': '6:15', 'closes': '13:30'}, {'@type': 'OpeningHoursSpecification', 'dayOfWeek': ['Monday', 'Tuesday', 'Wednesday', 'Thursday', 'Friday'], 'opens': '11:0', 'closes': '13:45'}, {'@type': 'OpeningHoursSpecification', 'dayOfWeek': 'Saturday', 'opens': '6:15', 'closes': '12:30'}, {'@type': 'OpeningHoursSpecification', 'dayOfWeek': 'Saturday', 'opens': '6:0', 'closes': '12:30'}]","{'@type': 'PostalAddress', 'addressLocality': 'Fairhaven', 'addressRegion': 'MA', 'postalCode': '02719', 'addressCountry': 'US', 'streetAddress': '398 Main St'}","{'@type': 'GeoCoordinates', 'latitude': 41.6598849, 'longitude': -70.908734}","{'@type': 'AggregateRating', 'ratingValue': 4.4, 'reviewCount': '39'}"
Tropical Smoothie Cafe (29 Alden Road),https://www.ubereats.com/boston/food-delivery/tropical-smoothie-cafe-29-alden-road/jtTQft37TE2bYXMVtjRiHA,fairhaven-massachusetts,"['Juice and Smoothies', 'Healthy', 'Sandwich']",3.7,25,$,41.6421715,-70.8846904,+17742020321,2719,29 Alden Road,Fairhaven,MA,"[{'@type': 'OpeningHoursSpecification', 'dayOfWeek': 'Sunday', 'opens': '9:0', 'closes': '21:0'}, {'@type': 'OpeningHoursSpecification', 'dayOfWeek': ['Monday', 'Tuesday', 'Wednesday', 'Thursday', 'Friday', 'Saturday'], 'opens': '8:0', 'closes': '21:30'}]","{'@type': 'PostalAddress', 'addressLocality': 'Fairhaven', 'addressRegion': 'MA', 'postalCode': '2719', 'addressCountry': 'US', 'streetAddress': '29 Alden Road'}","{'@type': 'GeoCoordinates', 'latitude': 41.6421715, 'longitude': -70.8846904}","{'@type': 'AggregateRating', 'ratingValue': 3.7, 'reviewCount': '25'}"
Five Guys MA-0388 85D Faunce Corner Rd,https://www.ubereats.com/boston/food-delivery/five-guys-ma-0388-85d-faunce-corner-rd/ejTokRfGR0KV8aLD6CvsAA,fairhaven-massachusetts,"['American', 'Burgers']",4.3,44,$,41.648124,-70.987689,+15088585030,2747,85D Faunce Corner Road,North Dartmouth,MA,"[{'@type': 'OpeningHoursSpecification', 'dayOfWeek': ['Sunday', 'Monday', 'Tuesday', 'Wednesday', 'Thursday'], 'opens': '11:0', 'closes': '21:0'}, {'@type': 'OpeningHoursSpecification', 'dayOfWeek': ['Friday', 'Saturday'], 'opens': '11:0', 'closes': '22:0'}]","{'@type': 'PostalAddress', 'addressLocality': 'North Dartmouth', 'addressRegion': 'MA', 'postalCode': '2747', 'addressCountry': 'US', 'streetAddress': '85D Faunce Corner Road'}","{'@type': 'GeoCoordinates', 'latitude': 41.648124, 'longitude': -70.987689}","{'@type': 'AggregateRating', 'ratingValue': 4.3, 'reviewCount': '44'}"
Popeyes (107 Coggeshall Street),https://www.ubereats.com/boston/food-delivery/popeyes-107-coggeshall-street/LsILuT6kSQm4v4LwdIqthg,fairhaven-massachusetts,"['American', 'Fast Food', 'Southern', 'Wings']",3.9,59,$,41.6563603,-70.92043799999999,+17744252983,2746,107 Coggeshall Street,New Bedford,MA,"[{'@type': 'OpeningHoursSpecification', 'dayOfWeek': ['Sunday', 'Monday', 'Tuesday', 'Wednesday', 'Thursday'], 'opens': '11:30', 'closes': '22:0'}, {'@type': 'OpeningHoursSpecification', 'dayOfWeek': ['Friday', 'Saturday'], 'opens': '11:30', 'closes': '22:30'}]","{'@type': 'PostalAddress', 'addressLocality': 'New Bedford', 'addressRegion': 'MA', 'postalCode': '2746', 'addressCountry': 'US', 'streetAddress': '107 Coggeshall Street'}","{'@type': 'GeoCoordinates', 'latitude': 41.6563603, 'longitude': -70.92043799999999}","{'@type': 'AggregateRating', 'ratingValue': 3.9, 'reviewCount': '59'}"
Papa Gino's (171 Huttleston Avenue),https://www.ubereats.com/boston/food-delivery/papa-ginos-171-huttleston-avenue/DUN7WbElQHqRA-OJX1mJ9w,fairhaven-massachusetts,"['American', 'Pasta', 'Pizza']",,,$,41.64219019999999,-70.8893555,+15089971535,2719,171 Huttleston Avenue,Fairhaven,MA,"[{'@type': 'OpeningHoursSpecification', 'dayOfWeek': 'Sunday', 'opens': '11:0', 'closes': '20:45'}, {'@type': 'OpeningHoursSpecification', 'dayOfWeek': ['Monday', 'Tuesday', 'Wednesday', 'Thursday'], 'opens': '10:30', 'closes': '20:45'}, {'@type': 'OpeningHoursSpecification', 'dayOfWeek': ['Friday', 'Saturday'], 'opens': '10:30', 'closes': '21:15'}]","{'@type': 'PostalAddress', 'addressLocality': 'Fairhaven', 'addressRegion': 'MA', 'postalCode': '2719', 'addressCountry': 'US', 'streetAddress': '171 Huttleston Avenue'}","{'@type': 'GeoCoordinates', 'latitude': 41.64219019999999, 'longitude': -70.8893555}",{}
Dunkin' (19 Rockdale Ave),https://www.ubereats.com/boston/food-delivery/dunkin-19-rockdale-ave/wA8lzyyLRmOg-jf8l_UFSQ,fairhaven-massachusetts,"['Breakfast and Brunch', 'Donuts']",,,$,41.6137307,-70.93153020000001,+15089964520,2740,19 Rockdale Ave,New Bedford,MA,"[{'@type': 'OpeningHoursSpecification', 'dayOfWeek': ['Monday', 'Tuesday', 'Wednesday', 'Thursday', 'Friday', 'Saturday', 'Sunday'], 'opens': '4:0', 'closes': '18:30'}]","{'@type': 'PostalAddress', 'addressLocality': 'New Bedford', 'addressRegion': 'MA', 'postalCode': '2740', 'addressCountry': 'US', 'streetAddress': '19 Rockdale Ave'}","{'@type': 'GeoCoordinates', 'latitude': 41.6137307, 'longitude': -70.93153020000001}",{}
Dunkin' (2095 Acushnet Ave),https://www.ubereats.com/boston/food-delivery/dunkin-2095-acushnet-ave/OM76lELUQHqvl-unUFYG5w,fairhaven-massachusetts,"['Breakfast and Brunch', 'Donuts']",4.8,12,$,41.6793105,-70.9233845,+15089955915,2745,2095 Acushnet Ave,New Bedford,MA,"[{'@type': 'OpeningHoursSpecification', 'dayOfWeek': ['Sunday', 'Monday', 'Tuesday', 'Wednesday'], 'opens': '4:30', 'closes': '23:30'}, {'@type': 'OpeningHoursSpecification', 'dayOfWeek': 'Thursday', 'opens': '4:30', 'closes': '11:30'}, {'@type': 'OpeningHoursSpecification', 'dayOfWeek': ['Friday', 'Saturday'], 'opens': '4:30', 'closes': '23:30'}]","{'@type': 'PostalAddress', 'addressLocality': 'New Bedford', 'addressRegion': 'MA', 'postalCode': '2745', 'addressCountry': 'US', 'streetAddress': '2095 Acushnet Ave'}","{'@type': 'GeoCoordinates', 'latitude': 41.6793105, 'longitude': -70.9233845}","{'@type': 'AggregateRating', 'ratingValue': 4.8, 'reviewCount': '12'}"
Dunkin' (380 Hathaway Rd),https://www.ubereats.com/boston/food-delivery/dunkin-380-hathaway-rd/Cs56wJU6QcGtTzNdbs3_Yw,fairhaven-massachusetts,"['Breakfast and Brunch', 'Donuts']",,,$,41.6562337,-70.95518369999999,+15089992016,2740,380 Hathaway Rd,New Bedford,MA,"[{'@type': 'OpeningHoursSpecification', 'dayOfWeek': ['Monday', 'Tuesday', 'Wednesday', 'Thursday', 'Friday', 'Saturday', 'Sunday'], 'opens': '6:0', 'closes': '18:0'}]","{'@type': 'PostalAddress', 'addressLocality': 'New Bedford', 'addressRegion': 'MA', 'postalCode': '2740', 'addressCountry': 'US', 'streetAddress': '380 Hathaway Rd'}","{'@type': 'GeoCoordinates', 'latitude': 41.6562337, 'longitude': -70.95518369999999}",{}
"Wings Over (972 Kempton St, New Bedford)",https://www.ubereats.com/boston/food-delivery/wings-over-972-kempton-st-new-bedford/AaSh8ISgQEWYKdd_oIQsbg,fairhaven-massachusetts,"['Wings', 'American', 'Sandwich']",,,$$,41.6355254,-70.9515917,+15089999464,02740,972 Kempton St,New Bedford,MA,"[{'@type': 'OpeningHoursSpecification', 'dayOfWeek': 'Sunday', 'opens': '11:0', 'closes': '23:59'}, {'@type': 'OpeningHoursSpecification', 'dayOfWeek': ['Monday', 'Tuesday', 'Wednesday', 'Thursday'], 'opens': '15:30', 'closes': '23:59'}, {'@type': 'OpeningHoursSpecification', 'dayOfWeek': ['Friday', 'Saturday'], 'opens': '11:0', 'closes': '23:59'}, {'@type': 'OpeningHoursSpecification', 'dayOfWeek': ['Friday', 'Saturday'], 'opens': '0:0', 'closes': '2:0'}]","{'@type': 'PostalAddress', 'addressLocality': 'New Bedford', 'addressRegion': 'MA', 'postalCode': '02740', 'addressCountry': 'US', 'streetAddress': '972 Kempton St'}","{'@type': 'GeoCoordinates', 'latitude': 41.6355254, 'longitude': -70.9515917}",{}
Dunkin' (255 State Rd),https://www.ubereats.com/boston/food-delivery/dunkin-255-state-rd/-kjPpNHYSNC8u2f0D72dfg,fairhaven-massachusetts,"['Breakfast and Brunch', 'Donuts']",4.1,35,$,41.63917729999999,-70.9828496,+15089937299,2747,255 State Rd,Dartmouth,MA,"[{'@type': 'OpeningHoursSpecification', 'dayOfWeek': ['Monday', 'Tuesday', 'Wednesday', 'Thursday', 'Friday', 'Saturday', 'Sunday'], 'opens': '0:1', 'closes': '23:59'}]","{'@type': 'PostalAddress', 'addressLocality': 'Dartmouth', 'addressRegion': 'MA', 'postalCode': '2747', 'addressCountry': 'US', 'streetAddress': '255 State Rd'}","{'@type': 'GeoCoordinates', 'latitude': 41.63917729999999, 'longitude': -70.9828496}","{'@type': 'AggregateRating', 'ratingValue': 4.1, 'reviewCount': '35'}"
Lorenzos Bakery,https://www.ubereats.com/boston/food-delivery/lorenzos-bakery/cZebepFPQ0KvIpnPuSWk9w,fairhaven-massachusetts,"['Bakery', 'Coffee and Tea', 'Sandwich']",,,$,41.66267599999999,-70.928477,+17742026201,02746,1533 Acushnet Ave,Boston,MA,"[{'@type': 'OpeningHoursSpecification', 'dayOfWeek': ['Monday', 'Tuesday', 'Wednesday', 'Thursday', 'Friday', 'Saturday', 'Sunday'], 'opens': '6:0', 'closes': '20:0'}]","{'@type': 'PostalAddress', 'addressLocality': 'Boston', 'addressRegion': 'MA', 'postalCode': '02746', 'addressCountry': 'US', 'streetAddress': '1533 Acushnet Ave'}","{'@type': 'GeoCoordinates', 'latitude': 41.66267599999999, 'longitude': -70.928477}",{}
Mari Pizzeria,https://www.ubereats.com/boston/food-delivery/mari-pizzeria/fMguxv9cTNSmo9IZ6IIMIA,fairhaven-massachusetts,"['Pizza', 'Italian', 'American', 'Allergy Friendly']",,,$,41.664996,-70.928541,+17743289214,02746,1634 Acushnet Ave,New Bedford,Massachusetts,"[{'@type': 'OpeningHoursSpecification', 'dayOfWeek': ['Monday', 'Tuesday', 'Wednesday', 'Thursday', 'Friday', 'Saturday', 'Sunday'], 'opens': '11:30', 'closes': '22:0'}]","{'@type': 'PostalAddress', 'addressLocality': 'New Bedford', 'addressRegion': 'Massachusetts', 'postalCode': '02746', 'addressCountry': 'US', 'streetAddress': '1634 Acushnet Ave'}","{'@type': 'GeoCoordinates', 'latitude': 41.664996, 'longitude': -70.928541}",{}
Subway (42 Fairhaven Commons Way),https://www.ubereats.com/boston/food-delivery/subway-42-fairhaven-commons-way/HsVIuwz2S8K_RQC2MHZ4SA,fairhaven-massachusetts,"['Fast Food', 'Sandwich', 'American']",,,$,41.6447435,-70.8881246,+15089940178,2719,42,Fairhaven,MA,"[{'@type': 'OpeningHoursSpecification', 'dayOfWeek': ['Monday', 'Tuesday', 'Wednesday', 'Thursday', 'Friday', 'Saturday', 'Sunday'], 'opens': '10:0', 'closes': '18:30'}]","{'@type': 'PostalAddress', 'addressLocality': 'Fairhaven', 'addressRegion': 'MA', 'postalCode': '2719', 'addressCountry': 'US', 'streetAddress': '42'}","{'@type': 'GeoCoordinates', 'latitude': 41.6447435, 'longitude': -70.8881246}",{}
Pasqually's Pizza & Wings (412-418 State Road 6),https://www.ubereats.com/boston/food-delivery/pasquallys-pizza-%26-wings-412-418-state-road-6/yliMcUtzSi2lTCb2fojtpA,fairhaven-massachusetts,"['Pizza', 'Italian', 'Wings']",,,$,41.6422356,-70.9959518,+15089930022,2747,412-418 State Road 6,N Dartmouth,MA,"[{'@type': 'OpeningHoursSpecification', 'dayOfWeek': ['Monday', 'Tuesday', 'Wednesday', 'Thursday', 'Friday', 'Saturday', 'Sunday'], 'opens': '11:0', 'closes': '20:0'}]","{'@type': 'PostalAddress', 'addressLocality': 'N Dartmouth', 'addressRegion': 'MA', 'postalCode': '2747', 'addressCountry': 'US', 'streetAddress': '412-418 State Road 6'}","{'@type': 'GeoCoordinates', 'latitude': 41.6422356, 'longitude': -70.9959518}",{}
Tropical Smoothie Cafe (606 Tarkiln Hill Road),https://www.ubereats.com/boston/food-delivery/tropical-smoothie-cafe-606-tarkiln-hill-road/uhv8F-7ZRoK-AeY91ncwGg,fairhaven-massachusetts,"['Juice and Smoothies', 'Healthy', 'Sandwich']",4.3,30,$,41.6795504,-70.9399585,+17743054946,2745,606 Tarkiln Hill Road,New Bedford,MA,"[{'@type': 'OpeningHoursSpecification', 'dayOfWeek': 'Sunday', 'opens': '9:0', 'closes': '21:0'}, {'@type': 'OpeningHoursSpecification', 'dayOfWeek': ['Monday', 'Tuesday', 'Wednesday', 'Thursday', 'Friday', 'Saturday'], 'opens': '8:0', 'closes': '21:30'}]","{'@type': 'PostalAddress', 'addressLocality': 'New Bedford', 'addressRegion': 'MA', 'postalCode': '2745', 'addressCountry': 'US', 'streetAddress': '606 Tarkiln Hill Road'}","{'@type': 'GeoCoordinates', 'latitude': 41.6795504, 'longitude': -70.9399585}","{'@type': 'AggregateRating', 'ratingValue': 4.3, 'reviewCount': '30'}"
Subway (157 Coggeshall St),https://www.ubereats.com/boston/food-delivery/subway-157-coggeshall-st/xmR4sJCRR0-zhi14fzfd7g,fairhaven-massachusetts,"['Fast Food', 'Sandwich', 'American']",,,$,41.6563881,-70.9221242,+17742061386,2746,157 Coggeshall St,New Bedford,MA,"[{'@type': 'OpeningHoursSpecification', 'dayOfWeek': ['Monday', 'Tuesday', 'Wednesday', 'Thursday', 'Friday', 'Saturday', 'Sunday'], 'opens': '10:0', 'closes': '18:30'}]","{'@type': 'PostalAddress', 'addressLocality': 'New Bedford', 'addressRegion': 'MA', 'postalCode': '2746', 'addressCountry': 'US', 'streetAddress': '157 Coggeshall St'}","{'@type': 'GeoCoordinates', 'latitude': 41.6563881, 'longitude': -70.9221242}",{}
Applebee's (500 State Road) #81084,https://www.ubereats.com/boston/food-delivery/applebees-500-state-road-%2381084/FSNFaOEFTW-HrpkanPRm9A,fairhaven-massachusetts,"['American', 'Bar Food', 'BBQ', 'burger', 'Chicken Strips', 'Comfort Food', 'Dinner', 'pasta', 'salad', 'Sandwich', 'Soup', 'Steak', 'Traditional American', 'wings', 'Family Meals']",3.5,26,$$,41.64172055417963,-71.00589558188615,+15089973957,,,,,"[{'@type': 'OpeningHoursSpecification', 'dayOfWeek': ['Sunday', 'Monday', 'Tuesday', 'Wednesday', 'Thursday'], 'opens': '11:0', 'closes': '23:29'}, {'@type': 'OpeningHoursSpecification', 'dayOfWeek': ['Friday', 'Saturday'], 'opens': '11:0', 'closes': '0:30'}]",,"{'@type': 'GeoCoordinates', 'latitude': 41.64172055417963, 'longitude': -71.00589558188615}","{'@type': 'AggregateRating', 'ratingValue': 3.5, 'reviewCount': '26'}"
McDonald's® (141 COGGESHALL ST),https://www.ubereats.com/boston/food-delivery/mcdonalds-141-coggeshall-st/rHm9vVecStKGGXVZg4WYvQ,fairhaven-massachusetts,"['American', 'Burgers', 'Fast Food']",4.2,83,$,41.656459,-70.921709,+15089960900,2746,141 COGGESHALL ST,NEW BEDFORD,MA,"[{'@type': 'OpeningHoursSpecification', 'dayOfWeek': ['Monday', 'Tuesday', 'Wednesday', 'Thursday', 'Friday', 'Saturday', 'Sunday'], 'opens': '4:0', 'closes': '10:59'}, {'@type': 'OpeningHoursSpecification', 'dayOfWeek': ['Monday', 'Tuesday', 'Wednesday', 'Thursday', 'Friday', 'Saturday', 'Sunday'], 'opens': '11:0', 'closes': '16:59'}, {'@type': 'OpeningHoursSpecification', 'dayOfWeek': ['Monday', 'Tuesday', 'Wednesday', 'Thursday', 'Friday', 'Saturday', 'Sunday'], 'opens': '17:0', 'closes': '3:59'}]","{'@type': 'PostalAddress', 'addressLocality': 'NEW BEDFORD', 'addressRegion': 'MA', 'postalCode': '2746', 'addressCountry': 'US', 'streetAddress': '141 COGGESHALL ST'}","{'@type': 'GeoCoordinates', 'latitude': 41.656459, 'longitude': -70.921709}","{'@type': 'AggregateRating', 'ratingValue': 4.2, 'reviewCount': '83'}"
The Ice Cream Shop ,https://www.ubereats.com/boston/food-delivery/the-ice-cream-shop/v7mlm3VBTIqpnAIIdpQmVQ,fairhaven-massachusetts,"['Desserts', 'Ice Cream and Frozen Yogurt', 'Allergy Friendly']",,,$,41.6338891,-70.87650289999999,+15089971336,,,,,"[{'@type': 'OpeningHoursSpecification', 'dayOfWeek': ['Monday', 'Tuesday', 'Wednesday', 'Thursday', 'Friday', 'Saturday', 'Sunday'], 'opens': '7:0', 'closes': '21:0'}]",,"{'@type': 'GeoCoordinates', 'latitude': 41.6338891, 'longitude': -70.87650289999999}",{}
Jersey Mike's Subs,https://www.ubereats.com/boston/food-delivery/jersey-mikes-subs/UpLobW_4SXmWCKGeXd59vA,fairhaven-massachusetts,"['Sandwich', 'American', 'Comfort Food']",4.4,11,$,41.6481942,-70.98770189999999,+15087429500,2747,85 Faunce Corner Mall Road,North Dartmouth,MA,"[{'@type': 'OpeningHoursSpecification', 'dayOfWeek': ['Sunday', 'Monday', 'Tuesday', 'Wednesday', 'Thursday'], 'opens': '10:0', 'closes': '21:0'}, {'@type': 'OpeningHoursSpecification', 'dayOfWeek': 'Friday', 'opens': '11:0', 'closes': '21:0'}, {'@type': 'OpeningHoursSpecification', 'dayOfWeek': 'Saturday', 'opens': '10:0', 'closes': '21:0'}]","{'@type': 'PostalAddress', 'addressLocality': 'North Dartmouth', 'addressRegion': 'MA', 'postalCode': '2747', 'addressCountry': 'US', 'streetAddress': '85 Faunce Corner Mall Road'}","{'@type': 'GeoCoordinates', 'latitude': 41.6481942, 'longitude': -70.98770189999999}","{'@type': 'AggregateRating', 'ratingValue': 4.4, 'reviewCount': '11'}"
D'Angelo Grilled Sandwiches (902 Mt. Pleasant St),https://www.ubereats.com/boston/food-delivery/dangelo-grilled-sandwiches-902-mt-pleasant-st/q-3ruxGRRGCvah3LLsbEAA,fairhaven-massachusetts,"['Sandwiches', 'American', 'Healthy']",4.1,25,$,41.6751516,-70.94474009999999,+15089987818,2745,902 Mt. Pleasant St,New Bedford,MA,"[{'@type': 'OpeningHoursSpecification', 'dayOfWeek': 'Sunday', 'opens': '11:0', 'closes': '20:15'}, {'@type': 'OpeningHoursSpecification', 'dayOfWeek': ['Monday', 'Tuesday', 'Wednesday', 'Thursday', 'Friday', 'Saturday'], 'opens': '10:30', 'closes': '20:15'}]","{'@type': 'PostalAddress', 'addressLocality': 'New Bedford', 'addressRegion': 'MA', 'postalCode': '2745', 'addressCountry': 'US', 'streetAddress': '902 Mt. Pleasant St'}","{'@type': 'GeoCoordinates', 'latitude': 41.6751516, 'longitude': -70.94474009999999}","{'@type': 'AggregateRating', 'ratingValue': 4.1, 'reviewCount': '25'}"
Taco Bell (85 Coggeshall St),https://www.ubereats.com/boston/food-delivery/taco-bell-85-coggeshall-st/v8wCT0IoQSeyDSWIPdiyTA,fairhaven-massachusetts,"['Burritos', 'Fast Food', 'Mexican']",3.7,303,$,41.6561458,-70.92030880000002,+15089920938,2746,85 Coggeshall St,New Bedford,MA,"[{'@type': 'OpeningHoursSpecification', 'dayOfWeek': ['Monday', 'Tuesday', 'Wednesday', 'Thursday', 'Friday', 'Saturday', 'Sunday'], 'opens': '8:0', 'closes': '3:30'}, {'@type': 'OpeningHoursSpecification', 'dayOfWeek': ['Monday', 'Tuesday', 'Wednesday', 'Thursday', 'Friday', 'Saturday', 'Sunday'], 'opens': '7:0', 'closes': '10:30'}, {'@type': 'OpeningHoursSpecification', 'dayOfWeek': ['Monday', 'Tuesday', 'Wednesday', 'Thursday', 'Friday', 'Saturday', 'Sunday'], 'opens': '14:0', 'closes': '17:0'}]","{'@type': 'PostalAddress', 'addressLocality': 'New Bedford', 'addressRegion': 'MA', 'postalCode': '2746', 'addressCountry': 'US', 'streetAddress': '85 Coggeshall St'}","{'@type': 'GeoCoordinates', 'latitude': 41.6561458, 'longitude': -70.92030880000002}","{'@type': 'AggregateRating', 'ratingValue': 3.7, 'reviewCount': '303'}"
PlanIt Eats (Fairhaven),https://www.ubereats.com/boston/food-delivery/planit-eats-fairhaven/SsyvZfd3R5CRTgloTRUARw,fairhaven-massachusetts,"['Healthy', 'Vegetarian', 'Salads']",,,$,41.6456239,-70.8974398,+18555696325,02719,6 Sarah's Way,Fairhaven,MA,"[{'@type': 'OpeningHoursSpecification', 'dayOfWeek': ['Monday', 'Tuesday', 'Wednesday', 'Thursday', 'Friday', 'Saturday', 'Sunday'], 'opens': '10:30', 'closes': '19:0'}]","{'@type': 'PostalAddress', 'addressLocality': 'Fairhaven', 'addressRegion': 'MA', 'postalCode': '02719', 'addressCountry': 'US', 'streetAddress': ""6 Sarah's Way""}","{'@type': 'GeoCoordinates', 'latitude': 41.6456239, 'longitude': -70.8974398}",{}
Auntie Anne's (157 N Dartmouth Mall),https://www.ubereats.com/boston/food-delivery/auntie-annes-157-n-dartmouth-mall/VLbMskjqRm28k8yEkyZMjg,fairhaven-massachusetts,"['Bakery', 'Comfort Food', 'Desserts', 'Pretzel']",,,$,41.6414084,-70.9931718,+15089945500,2747,157 N,Dartmouth,MA,"[{'@type': 'OpeningHoursSpecification', 'dayOfWeek': 'Sunday', 'opens': '12:15', 'closes': '17:45'}, {'@type': 'OpeningHoursSpecification', 'dayOfWeek': ['Monday', 'Tuesday', 'Wednesday', 'Thursday', 'Friday', 'Saturday'], 'opens': '11:15', 'closes': '18:45'}]","{'@type': 'PostalAddress', 'addressLocality': 'Dartmouth', 'addressRegion': 'MA', 'postalCode': '2747', 'addressCountry': 'US', 'streetAddress': '157 N'}","{'@type': 'GeoCoordinates', 'latitude': 41.6414084, 'longitude': -70.9931718}",{}
Taco Bell (78 N Dartmouth Mall),https://www.ubereats.com/boston/food-delivery/taco-bell-78-n-dartmouth-mall/nTVW6IoYQeCjjHQQxcSWCw,fairhaven-massachusetts,"['Burritos', 'Fast Food', 'Mexican']",3.1,17,$,41.6411386,-70.9913463,+15089923600,2747,78 N Dartmouth Mall,North Dartmouth,MA,"[{'@type': 'OpeningHoursSpecification', 'dayOfWeek': ['Monday', 'Tuesday', 'Wednesday', 'Thursday', 'Friday', 'Saturday', 'Sunday'], 'opens': '14:0', 'closes': '17:0'}, {'@type': 'OpeningHoursSpecification', 'dayOfWeek': ['Monday', 'Tuesday', 'Wednesday', 'Thursday', 'Friday', 'Saturday', 'Sunday'], 'opens': '10:0', 'closes': '0:30'}, {'@type': 'OpeningHoursSpecification', 'dayOfWeek': ['Monday', 'Tuesday', 'Wednesday', 'Thursday', 'Friday', 'Saturday', 'Sunday'], 'opens': '8:0', 'closes': '10:30'}]","{'@type': 'PostalAddress', 'addressLocality': 'North Dartmouth', 'addressRegion': 'MA', 'postalCode': '2747', 'addressCountry': 'US', 'streetAddress': '78 N Dartmouth Mall'}","{'@type': 'GeoCoordinates', 'latitude': 41.6411386, 'longitude': -70.9913463}","{'@type': 'AggregateRating', 'ratingValue': 3.1, 'reviewCount': '17'}"
Dunkin' (450 Ashley Blvd),https://www.ubereats.com/boston/food-delivery/dunkin-450-ashley-blvd/UIz6timMT7KzB2Si3vi24A,fairhaven-massachusetts,"['Breakfast and Brunch', 'Donuts']",,,$,41.66978649999999,-70.93122749999999,+15089950404,2745,450 Ashley Blvd,New Bedford,MA,"[{'@type': 'OpeningHoursSpecification', 'dayOfWeek': ['Monday', 'Tuesday', 'Wednesday', 'Thursday', 'Friday', 'Saturday', 'Sunday'], 'opens': '5:0', 'closes': '18:30'}]","{'@type': 'PostalAddress', 'addressLocality': 'New Bedford', 'addressRegion': 'MA', 'postalCode': '2745', 'addressCountry': 'US', 'streetAddress': '450 Ashley Blvd'}","{'@type': 'GeoCoordinates', 'latitude': 41.66978649999999, 'longitude': -70.93122749999999}",{}
Buffalo Wild Wings (186 N Dartmouth Mall),https://www.ubereats.com/boston/food-delivery/buffalo-wild-wings-186-n-dartmouth-mall/ih8ild4IQWSuLJfdNimc3Q,fairhaven-massachusetts,['wings'],3.4,21,$$,41.6412801,-70.9929906,+15089921438,02747-4200,186 N Dartmouth Mall,North Dartmouth,MA,"[{'@type': 'OpeningHoursSpecification', 'dayOfWeek': ['Monday', 'Tuesday', 'Wednesday', 'Thursday', 'Friday', 'Saturday', 'Sunday'], 'opens': '11:0', 'closes': '21:0'}]","{'@type': 'PostalAddress', 'addressLocality': 'North Dartmouth', 'addressRegion': 'MA', 'postalCode': '02747-4200', 'addressCountry': 'US', 'streetAddress': '186 N Dartmouth Mall'}","{'@type': 'GeoCoordinates', 'latitude': 41.6412801, 'longitude': -70.9929906}","{'@type': 'AggregateRating', 'ratingValue': 3.4, 'reviewCount': '21'}"
Subway (20 Sconticut Neck Rd),https://www.ubereats.com/boston/food-delivery/subway-20-sconticut-neck-rd/PVwwY80dTriiPbdnjklDpQ,fairhaven-massachusetts,"['Fast Food', 'Sandwich', 'American']",,,$,41.6396132,-70.8822991,+15089912344,02719,20 Sconticut Neck Rd,Fairhaven,MA,"[{'@type': 'OpeningHoursSpecification', 'dayOfWeek': 'Sunday', 'opens': '8:0', 'closes': '19:30'}, {'@type': 'OpeningHoursSpecification', 'dayOfWeek': ['Monday', 'Tuesday', 'Wednesday', 'Thursday', 'Friday', 'Saturday'], 'opens': '7:0', 'closes': '20:30'}]","{'@type': 'PostalAddress', 'addressLocality': 'Fairhaven', 'addressRegion': 'MA', 'postalCode': '02719', 'addressCountry': 'US', 'streetAddress': '20 Sconticut Neck Rd'}","{'@type': 'GeoCoordinates', 'latitude': 41.6396132, 'longitude': -70.8822991}",{}
KFC (506 County St.),https://www.ubereats.com/boston/food-delivery/kfc-506-county-st/h-i-bcC6RyCPWv6NDwByrw,fairhaven-massachusetts,"['American', 'Fast Food', 'wings']",4.1,148,$,41.6373461,-70.9303706,+12814873423,2740,506 County St.,New Bedford,MA,"[{'@type': 'OpeningHoursSpecification', 'dayOfWeek': ['Sunday', 'Monday', 'Tuesday', 'Wednesday', 'Thursday'], 'opens': '10:30', 'closes': '21:30'}, {'@type': 'OpeningHoursSpecification', 'dayOfWeek': ['Friday', 'Saturday'], 'opens': '10:30', 'closes': '22:30'}]","{'@type': 'PostalAddress', 'addressLocality': 'New Bedford', 'addressRegion': 'MA', 'postalCode': '2740', 'addressCountry': 'US', 'streetAddress': '506 County St.'}","{'@type': 'GeoCoordinates', 'latitude': 41.6373461, 'longitude': -70.9303706}","{'@type': 'AggregateRating', 'ratingValue': 4.1, 'reviewCount': '148'}"
Ice House Sports Bar & Restaurant,https://www.ubereats.com/boston/food-delivery/ice-house-sports-bar-%26-restaurant/UMSidaPfRPu9_EMro9Yhcw,fairhaven-massachusetts,"['American', 'Burgers', 'Sandwiches']",,,$,41.6445752,-70.8918036,+15086176805,2719,136 Huttleston Ave,Fairhaven,MA,"[{'@type': 'OpeningHoursSpecification', 'dayOfWeek': ['Sunday', 'Monday', 'Tuesday', 'Wednesday', 'Thursday'], 'opens': '11:0', 'closes': '19:30'}, {'@type': 'OpeningHoursSpecification', 'dayOfWeek': ['Friday', 'Saturday'], 'opens': '11:0', 'closes': '20:0'}]","{'@type': 'PostalAddress', 'addressLocality': 'Fairhaven', 'addressRegion': 'MA', 'postalCode': '2719', 'addressCountry': 'US', 'streetAddress': '136 Huttleston Ave'}","{'@type': 'GeoCoordinates', 'latitude': 41.6445752, 'longitude': -70.8918036}",{}
Tropical Smoothie Cafe - North Dartmouth,https://www.ubereats.com/boston/food-delivery/tropical-smoothie-cafe-north-dartmouth/85YWQw5yQ6CCbzHCk7aHKQ,fairhaven-massachusetts,"['Juice and Smoothies', 'Healthy', 'Sandwich']",4.2,12,$,41.6481942,-70.98770189999999,+15088585456,2747,85A Faunce Corner Mall Road,North Dartmouth,MA,"[{'@type': 'OpeningHoursSpecification', 'dayOfWeek': 'Sunday', 'opens': '9:0', 'closes': '20:0'}, {'@type': 'OpeningHoursSpecification', 'dayOfWeek': ['Monday', 'Tuesday', 'Wednesday', 'Thursday', 'Friday', 'Saturday'], 'opens': '8:0', 'closes': '21:0'}]","{'@type': 'PostalAddress', 'addressLocality': 'North Dartmouth', 'addressRegion': 'MA', 'postalCode': '2747', 'addressCountry': 'US', 'streetAddress': '85A Faunce Corner Mall Road'}","{'@type': 'GeoCoordinates', 'latitude': 41.6481942, 'longitude': -70.98770189999999}","{'@type': 'AggregateRating', 'ratingValue': 4.2, 'reviewCount': '12'}"
Honey Dew Donuts (2813 Acushnet Ave),https://www.ubereats.com/boston/food-delivery/honey-dew-donuts-2813-acushnet-ave/wwCzmKXvRaGf83R7Pl788g,fairhaven-massachusetts,"['Bakery', 'Donuts', 'Coffee and Tea']",,,$,41.6963592,-70.934173,+15089982464,,,,,"[{'@type': 'OpeningHoursSpecification', 'dayOfWeek': ['Monday', 'Tuesday', 'Wednesday', 'Thursday', 'Friday', 'Saturday', 'Sunday'], 'opens': '5:0', 'closes': '18:0'}]",,"{'@type': 'GeoCoordinates', 'latitude': 41.6963592, 'longitude': -70.934173}",{}
Chuck E. Cheese (412-418 State Road 6),https://www.ubereats.com/boston/food-delivery/chuck-e-cheese-412-418-state-road-6/_pR4nStvRJqRqWDsB1e5eQ,fairhaven-massachusetts,['Pizza'],,,$,41.642217,-70.996077,+15089930022,02747,412-418 State Road 6,N Dartmouth,MA,"[{'@type': 'OpeningHoursSpecification', 'dayOfWeek': ['Monday', 'Tuesday', 'Wednesday', 'Thursday', 'Friday', 'Saturday', 'Sunday'], 'opens': '11:0', 'closes': '20:0'}]","{'@type': 'PostalAddress', 'addressLocality': 'N Dartmouth', 'addressRegion': 'MA', 'postalCode': '02747', 'addressCountry': 'US', 'streetAddress': '412-418 State Road 6'}","{'@type': 'GeoCoordinates', 'latitude': 41.642217, 'longitude': -70.996077}",{}
Taco Bell (33 Alden Road),https://www.ubereats.com/boston/food-delivery/taco-bell-33-alden-road/i9QneTPPSY6SKKL0rjYF-g,fairhaven-massachusetts,"['Burritos', 'Fast Food', 'Mexican']",,,$,41.64310199999999,-70.88476179999999,+15089840415,2719,33 Alden Road,Fairhaven,MA,"[{'@type': 'OpeningHoursSpecification', 'dayOfWeek': ['Sunday', 'Monday', 'Tuesday', 'Wednesday', 'Thursday'], 'opens': '14:0', 'closes': '17:0'}, {'@type': 'OpeningHoursSpecification', 'dayOfWeek': ['Sunday', 'Monday', 'Tuesday', 'Wednesday', 'Thursday'], 'opens': '8:0', 'closes': '23:30'}, {'@type': 'OpeningHoursSpecification', 'dayOfWeek': ['Sunday', 'Monday', 'Tuesday', 'Wednesday', 'Thursday'], 'opens': '7:0', 'closes': '10:30'}, {'@type': 'OpeningHoursSpecification', 'dayOfWeek': ['Friday', 'Saturday'], 'opens': '14:0', 'closes': '17:0'}, {'@type': 'OpeningHoursSpecification', 'dayOfWeek': ['Friday', 'Saturday'], 'opens': '7:0', 'closes': '10:30'}, {'@type': 'OpeningHoursSpecification', 'dayOfWeek': ['Friday', 'Saturday'], 'opens': '8:0', 'closes': '0:30'}]","{'@type': 'PostalAddress', 'addressLocality': 'Fairhaven', 'addressRegion': 'MA', 'postalCode': '2719', 'addressCountry': 'US', 'streetAddress': '33 Alden Road'}","{'@type': 'GeoCoordinates', 'latitude': 41.64310199999999, 'longitude': -70.88476179999999}",{}
Wendy's  (1095 Kings Highway),https://www.ubereats.com/boston/food-delivery/wendys-1095-kings-highway/-J_AQQEQRXmDWoQFzk9ynQ,fairhaven-massachusetts,"['American', 'Burgers', 'Fast Food', 'Breakfast and Brunch']",3.9,57,$,41.6793773,-70.9414678,+15089954410,2745,1095 Kings Highway,New Bedford,MA,"[{'@type': 'OpeningHoursSpecification', 'dayOfWeek': ['Sunday', 'Monday', 'Tuesday', 'Wednesday', 'Thursday'], 'opens': '10:30', 'closes': '1:30'}, {'@type': 'OpeningHoursSpecification', 'dayOfWeek': ['Sunday', 'Monday', 'Tuesday', 'Wednesday', 'Thursday'], 'opens': '6:30', 'closes': '10:0'}, {'@type': 'OpeningHoursSpecification', 'dayOfWeek': ['Friday', 'Saturday'], 'opens': '10:30', 'closes': '2:30'}, {'@type': 'OpeningHoursSpecification', 'dayOfWeek': ['Friday', 'Saturday'], 'opens': '6:30', 'closes': '10:0'}]","{'@type': 'PostalAddress', 'addressLocality': 'New Bedford', 'addressRegion': 'MA', 'postalCode': '2745', 'addressCountry': 'US', 'streetAddress': '1095 Kings Highway'}","{'@type': 'GeoCoordinates', 'latitude': 41.6793773, 'longitude': -70.9414678}","{'@type': 'AggregateRating', 'ratingValue': 3.9, 'reviewCount': '57'}"
IHOP (47 Faunce Corner Rd),https://www.ubereats.com/boston/food-delivery/ihop-47-faunce-corner-rd/CKsoc134TgKTGwxjLnE6vw,fairhaven-massachusetts,"['American', 'Breakfast and Brunch', 'burger', 'Comfort Food', 'Dinner', 'Omelette', 'salad', 'Traditional American', 'Family Meals']",4.2,67,$,41.6395996,-70.9866026,+15089961999,2747,47 Faunce Corner Rd,NORTH DARTMOUTH,MA,"[{'@type': 'OpeningHoursSpecification', 'dayOfWeek': ['Monday', 'Tuesday', 'Wednesday', 'Thursday', 'Friday', 'Saturday', 'Sunday'], 'opens': '7:0', 'closes': '21:50'}]","{'@type': 'PostalAddress', 'addressLocality': 'NORTH DARTMOUTH', 'addressRegion': 'MA', 'postalCode': '2747', 'addressCountry': 'US', 'streetAddress': '47 Faunce Corner Rd'}","{'@type': 'GeoCoordinates', 'latitude': 41.6395996, 'longitude': -70.9866026}","{'@type': 'AggregateRating', 'ratingValue': 4.2, 'reviewCount': '67'}"
Burger King (180 Huttleston Avenue),https://www.ubereats.com/boston/food-delivery/burger-king-180-huttleston-avenue/a93c2wUcT-qvKL5MoV6owA,fairhaven-massachusetts,"['American', 'burger', 'Fast Food']",4.2,15,$,41.6419345,-70.8872015,+15089977272,2719,180 Huttleston Avenue,Fairhaven,MA,"[{'@type': 'OpeningHoursSpecification', 'dayOfWeek': 'Sunday', 'opens': '8:30', 'closes': '10:29'}, {'@type': 'OpeningHoursSpecification', 'dayOfWeek': 'Sunday', 'opens': '10:30', 'closes': '21:30'}, {'@type': 'OpeningHoursSpecification', 'dayOfWeek': ['Monday', 'Tuesday', 'Wednesday', 'Thursday'], 'opens': '7:30', 'closes': '10:29'}, {'@type': 'OpeningHoursSpecification', 'dayOfWeek': ['Monday', 'Tuesday', 'Wednesday', 'Thursday'], 'opens': '10:30', 'closes': '21:30'}, {'@type': 'OpeningHoursSpecification', 'dayOfWeek': 'Friday', 'opens': '7:30', 'closes': '10:29'}, {'@type': 'OpeningHoursSpecification', 'dayOfWeek': 'Friday', 'opens': '10:30', 'closes': '22:15'}, {'@type': 'OpeningHoursSpecification', 'dayOfWeek': 'Saturday', 'opens': '7:30', 'closes': '10:29'}, {'@type': 'OpeningHoursSpecification', 'dayOfWeek': 'Saturday', 'opens': '10:30', 'closes': '21:30'}]","{'@type': 'PostalAddress', 'addressLocality': 'Fairhaven', 'addressRegion': 'MA', 'postalCode': '2719', 'addressCountry': 'US', 'streetAddress': '180 Huttleston Avenue'}","{'@type': 'GeoCoordinates', 'latitude': 41.6419345, 'longitude': -70.8872015}","{'@type': 'AggregateRating', 'ratingValue': 4.2, 'reviewCount': '15'}"
CFC Fried Chicken,https://www.ubereats.com/boston/food-delivery/cfc-fried-chicken/54oorUxERNCMd6zbyMaKEQ,fairhaven-massachusetts,"['Comfort Food', 'American', 'Wings']",,,$,41.64868740000001,-70.948875,+19176553490,2740,330 Hathaway Boulevard,New Bedford,MA,"[{'@type': 'OpeningHoursSpecification', 'dayOfWeek': ['Monday', 'Tuesday', 'Wednesday', 'Thursday', 'Friday', 'Saturday', 'Sunday'], 'opens': '10:0', 'closes': '22:0'}]","{'@type': 'PostalAddress', 'addressLocality': 'New Bedford', 'addressRegion': 'MA', 'postalCode': '2740', 'addressCountry': 'US', 'streetAddress': '330 Hathaway Boulevard'}","{'@type': 'GeoCoordinates', 'latitude': 41.64868740000001, 'longitude': -70.948875}",{}
Dunkin' (12 Plaza Way),https://www.ubereats.com/boston/food-delivery/dunkin-12-plaza-way/hI17lHQrRSuU15rV1aTaAA,fairhaven-massachusetts,"['Breakfast and Brunch', 'Donuts']",,,$,41.6399584,-70.8855324,+15089991105,2719,12 Plaza Way,Fairhaven,MA,"[{'@type': 'OpeningHoursSpecification', 'dayOfWeek': ['Monday', 'Tuesday', 'Wednesday', 'Thursday', 'Friday', 'Saturday', 'Sunday'], 'opens': '5:30', 'closes': '18:30'}]","{'@type': 'PostalAddress', 'addressLocality': 'Fairhaven', 'addressRegion': 'MA', 'postalCode': '2719', 'addressCountry': 'US', 'streetAddress': '12 Plaza Way'}","{'@type': 'GeoCoordinates', 'latitude': 41.6399584, 'longitude': -70.8855324}",{}
Burger King (1383 Cove Road),https://www.ubereats.com/boston/food-delivery/burger-king-1383-cove-road/htCrW_BqR-qAsftonoMAyg,fairhaven-massachusetts,"['American', 'burger', 'Fast Food']",4.1,53,$,41.6149091,-70.92944849999999,+15089974168,2744,1383 Cove Road,New Bedford,MA,"[{'@type': 'OpeningHoursSpecification', 'dayOfWeek': 'Sunday', 'opens': '8:30', 'closes': '10:29'}, {'@type': 'OpeningHoursSpecification', 'dayOfWeek': 'Sunday', 'opens': '10:30', 'closes': '21:30'}, {'@type': 'OpeningHoursSpecification', 'dayOfWeek': ['Monday', 'Tuesday', 'Wednesday', 'Thursday'], 'opens': '7:30', 'closes': '10:29'}, {'@type': 'OpeningHoursSpecification', 'dayOfWeek': ['Monday', 'Tuesday', 'Wednesday', 'Thursday'], 'opens': '10:30', 'closes': '21:30'}, {'@type': 'OpeningHoursSpecification', 'dayOfWeek': 'Friday', 'opens': '7:30', 'closes': '10:29'}, {'@type': 'OpeningHoursSpecification', 'dayOfWeek': 'Friday', 'opens': '10:30', 'closes': '22:15'}, {'@type': 'OpeningHoursSpecification', 'dayOfWeek': 'Saturday', 'opens': '7:30', 'closes': '10:29'}, {'@type': 'OpeningHoursSpecification', 'dayOfWeek': 'Saturday', 'opens': '10:30', 'closes': '21:30'}]","{'@type': 'PostalAddress', 'addressLocality': 'New Bedford', 'addressRegion': 'MA', 'postalCode': '2744', 'addressCountry': 'US', 'streetAddress': '1383 Cove Road'}","{'@type': 'GeoCoordinates', 'latitude': 41.6149091, 'longitude': -70.92944849999999}","{'@type': 'AggregateRating', 'ratingValue': 4.1, 'reviewCount': '53'}"
KFC (2135 Acushnet Avenue),https://www.ubereats.com/boston/food-delivery/kfc-2135-acushnet-avenue/QP8NXyYkSPu9h5XEVl5aHw,fairhaven-massachusetts,"['American', 'Fast Food', 'wings']",4.3,49,$,41.6804922,-70.92302,+17136909720,2745,2135 Acushnet Avenue,New Bedford,MA,"[{'@type': 'OpeningHoursSpecification', 'dayOfWeek': ['Sunday', 'Monday', 'Tuesday', 'Wednesday', 'Thursday'], 'opens': '10:30', 'closes': '21:30'}, {'@type': 'OpeningHoursSpecification', 'dayOfWeek': ['Friday', 'Saturday'], 'opens': '10:30', 'closes': '22:30'}]","{'@type': 'PostalAddress', 'addressLocality': 'New Bedford', 'addressRegion': 'MA', 'postalCode': '2745', 'addressCountry': 'US', 'streetAddress': '2135 Acushnet Avenue'}","{'@type': 'GeoCoordinates', 'latitude': 41.6804922, 'longitude': -70.92302}","{'@type': 'AggregateRating', 'ratingValue': 4.3, 'reviewCount': '49'}"
Honey Dew Donuts (174 State Rd),https://www.ubereats.com/boston/food-delivery/honey-dew-donuts-174-state-rd/OqhyPjxzRumIuQWPDQ8rVA,fairhaven-massachusetts,"['Bakery', 'Donuts']",4.9,13,$,41.6757777,-71.1081706,+15086720266,2790,174 State Rd,Westport,MA,"[{'@type': 'OpeningHoursSpecification', 'dayOfWeek': ['Monday', 'Tuesday', 'Wednesday', 'Thursday', 'Friday', 'Saturday', 'Sunday'], 'opens': '4:30', 'closes': '17:30'}]","{'@type': 'PostalAddress', 'addressLocality': 'Westport', 'addressRegion': 'MA', 'postalCode': '2790', 'addressCountry': 'US', 'streetAddress': '174 State Rd'}","{'@type': 'GeoCoordinates', 'latitude': 41.6757777, 'longitude': -71.1081706}","{'@type': 'AggregateRating', 'ratingValue': 4.9, 'reviewCount': '13'}"
Greasy Luck ,https://www.ubereats.com/boston/food-delivery/greasy-luck/Rdu67otoQbqQzas_K62y3Q,fairhaven-massachusetts,"['American', 'Burgers', 'Sandwiches']",4.2,112,$,41.63496019999999,-70.92624169999999,+17744254600,,,,,"[{'@type': 'OpeningHoursSpecification', 'dayOfWeek': ['Monday', 'Tuesday', 'Wednesday', 'Thursday', 'Friday', 'Saturday', 'Sunday'], 'opens': '11:0', 'closes': '22:0'}]",,"{'@type': 'GeoCoordinates', 'latitude': 41.63496019999999, 'longitude': -70.92624169999999}","{'@type': 'AggregateRating', 'ratingValue': 4.2, 'reviewCount': '112'}"
McDonald's® (14 PLAZA WAY),https://www.ubereats.com/boston/food-delivery/mcdonalds-14-plaza-way/4KZB799PRte8rr89antE-A,fairhaven-massachusetts,"['American', 'Burgers', 'Fast Food']",,,$,41.641005,-70.885739,+15089943055,2719,14 PLAZA WAY,FAIRHAVEN,MA,"[{'@type': 'OpeningHoursSpecification', 'dayOfWeek': ['Monday', 'Tuesday', 'Wednesday', 'Thursday', 'Friday', 'Saturday', 'Sunday'], 'opens': '6:0', 'closes': '10:59'}, {'@type': 'OpeningHoursSpecification', 'dayOfWeek': ['Monday', 'Tuesday', 'Wednesday', 'Thursday', 'Friday', 'Saturday', 'Sunday'], 'opens': '11:0', 'closes': '16:59'}, {'@type': 'OpeningHoursSpecification', 'dayOfWeek': ['Monday', 'Tuesday', 'Wednesday', 'Thursday', 'Friday', 'Saturday', 'Sunday'], 'opens': '17:0', 'closes': '20:45'}]","{'@type': 'PostalAddress', 'addressLocality': 'FAIRHAVEN', 'addressRegion': 'MA', 'postalCode': '2719', 'addressCountry': 'US', 'streetAddress': '14 PLAZA WAY'}","{'@type': 'GeoCoordinates', 'latitude': 41.641005, 'longitude': -70.885739}",{}
Rose Alley Ale House,https://www.ubereats.com/boston/food-delivery/rose-alley-ale-house/kpFYk-5fTkKxt0IGzKCiIw,fairhaven-massachusetts,"['Burgers', 'American', 'Sandwiches']",4.7,24,$,41.6350395,-70.9219739,+15088585123,,,,,"[{'@type': 'OpeningHoursSpecification', 'dayOfWeek': ['Monday', 'Tuesday', 'Wednesday', 'Thursday', 'Friday', 'Saturday', 'Sunday'], 'opens': '11:0', 'closes': '21:30'}]",,"{'@type': 'GeoCoordinates', 'latitude': 41.6350395, 'longitude': -70.9219739}","{'@type': 'AggregateRating', 'ratingValue': 4.7, 'reviewCount': '24'}"
Dunkin' (99 Belleville Ave),https://www.ubereats.com/boston/food-delivery/dunkin-99-belleville-ave/fGdqY-TRRauZkn6aZek3xw,fairhaven-massachusetts,"['Breakfast and Brunch', 'Donuts']",,,$,41.65522860000001,-70.9238783,+15089920804,2746,99 Belleville Ave,New Bedford,MA,"[{'@type': 'OpeningHoursSpecification', 'dayOfWeek': 'Sunday', 'opens': '5:30', 'closes': '18:30'}, {'@type': 'OpeningHoursSpecification', 'dayOfWeek': ['Monday', 'Tuesday', 'Wednesday', 'Thursday', 'Friday', 'Saturday'], 'opens': '4:30', 'closes': '18:30'}]","{'@type': 'PostalAddress', 'addressLocality': 'New Bedford', 'addressRegion': 'MA', 'postalCode': '2746', 'addressCountry': 'US', 'streetAddress': '99 Belleville Ave'}","{'@type': 'GeoCoordinates', 'latitude': 41.65522860000001, 'longitude': -70.9238783}",{}
"TGI Friday's (621 - N. DARTMOUTH, MA)",https://www.ubereats.com/boston/food-delivery/tgi-fridays-621-n-dartmouth-ma/u1vSl_ikTsakmRzObmSKaA,fairhaven-massachusetts,"['Burgers', 'Bar Food', 'Family Meals']",2.8,31,$$,41.6402967,-71.00307029999999,+15089841083,2747,455 State Rd,North Dartmouth,MA,"[{'@type': 'OpeningHoursSpecification', 'dayOfWeek': ['Monday', 'Tuesday', 'Wednesday', 'Thursday', 'Friday', 'Saturday', 'Sunday'], 'opens': '11:0', 'closes': '0:30'}]","{'@type': 'PostalAddress', 'addressLocality': 'North Dartmouth', 'addressRegion': 'MA', 'postalCode': '2747', 'addressCountry': 'US', 'streetAddress': '455 State Rd'}","{'@type': 'GeoCoordinates', 'latitude': 41.6402967, 'longitude': -71.00307029999999}","{'@type': 'AggregateRating', 'ratingValue': 2.8, 'reviewCount': '31'}"
The Boat Restaurant Seafood ,https://www.ubereats.com/boston/food-delivery/the-boat-restaurant-seafood/QZyj5MdLRLyPEXq1mg69XA,fairhaven-massachusetts,['Seafood'],,,$$,41.6857483,-70.9345945,+15089982411,,,,,"[{'@type': 'OpeningHoursSpecification', 'dayOfWeek': 'Sunday', 'opens': '7:0', 'closes': '11:30'}, {'@type': 'OpeningHoursSpecification', 'dayOfWeek': 'Thursday', 'opens': '6:30', 'closes': '18:30'}, {'@type': 'OpeningHoursSpecification', 'dayOfWeek': 'Friday', 'opens': '6:30', 'closes': '19:30'}, {'@type': 'OpeningHoursSpecification', 'dayOfWeek': 'Saturday', 'opens': '6:30', 'closes': '13:30'}]",,"{'@type': 'GeoCoordinates', 'latitude': 41.6857483, 'longitude': -70.9345945}",{}
McDonald's® (159 HATHAWAY RD),https://www.ubereats.com/boston/food-delivery/mcdonalds-159-hathaway-rd/dY0kQE7mSMeJt7qnTTbwng,fairhaven-massachusetts,"['American', 'Burgers', 'Fast Food', 'Fast Food']",3.8,30,$,41.660023,-70.947193,+15089932279,2746,159 HATHAWAY RD,NEW BEDFORD,MA,"[{'@type': 'OpeningHoursSpecification', 'dayOfWeek': ['Monday', 'Tuesday', 'Wednesday', 'Thursday', 'Friday', 'Saturday', 'Sunday'], 'opens': '6:0', 'closes': '10:59'}, {'@type': 'OpeningHoursSpecification', 'dayOfWeek': ['Monday', 'Tuesday', 'Wednesday', 'Thursday', 'Friday', 'Saturday', 'Sunday'], 'opens': '11:0', 'closes': '16:59'}, {'@type': 'OpeningHoursSpecification', 'dayOfWeek': ['Monday', 'Tuesday', 'Wednesday', 'Thursday', 'Friday', 'Saturday', 'Sunday'], 'opens': '17:0', 'closes': '22:45'}]","{'@type': 'PostalAddress', 'addressLocality': 'NEW BEDFORD', 'addressRegion': 'MA', 'postalCode': '2746', 'addressCountry': 'US', 'streetAddress': '159 HATHAWAY RD'}","{'@type': 'GeoCoordinates', 'latitude': 41.660023, 'longitude': -70.947193}","{'@type': 'AggregateRating', 'ratingValue': 3.8, 'reviewCount': '30'}"
McDonald's® (486 COUNTY ST),https://www.ubereats.com/boston/food-delivery/mcdonalds-486-county-st/F9QVyrq5RG6OYvPwpgfsdQ,fairhaven-massachusetts,"['American', 'Burgers', 'Fast Food', 'Fast Food']",4.3,247,$,41.636131,-70.930497,+15089940250,2740,486 COUNTY ST,NEW BEDFORD,MA,"[{'@type': 'OpeningHoursSpecification', 'dayOfWeek': ['Monday', 'Tuesday', 'Wednesday', 'Thursday', 'Friday', 'Saturday', 'Sunday'], 'opens': '6:0', 'closes': '10:59'}, {'@type': 'OpeningHoursSpecification', 'dayOfWeek': ['Monday', 'Tuesday', 'Wednesday', 'Thursday', 'Friday', 'Saturday', 'Sunday'], 'opens': '11:0', 'closes': '16:59'}, {'@type': 'OpeningHoursSpecification', 'dayOfWeek': ['Monday', 'Tuesday', 'Wednesday', 'Thursday', 'Friday', 'Saturday', 'Sunday'], 'opens': '17:0', 'closes': '22:45'}]","{'@type': 'PostalAddress', 'addressLocality': 'NEW BEDFORD', 'addressRegion': 'MA', 'postalCode': '2740', 'addressCountry': 'US', 'streetAddress': '486 COUNTY ST'}","{'@type': 'GeoCoordinates', 'latitude': 41.636131, 'longitude': -70.930497}","{'@type': 'AggregateRating', 'ratingValue': 4.3, 'reviewCount': '247'}"
McDonald's® (179 ROCKSDALE AVE),https://www.ubereats.com/boston/food-delivery/mcdonalds-179-rocksdale-ave/vzEGAkq3SHim6MosJZGAfQ,fairhaven-massachusetts,"['American', 'Burgers', 'Fast Food', 'Fast Food']",4.0,128,$,41.614655,-70.938296,+15089995581,2714,179 ROCKSDALE AVE,SOUTH DARTMOUTH,MA,"[{'@type': 'OpeningHoursSpecification', 'dayOfWeek': ['Monday', 'Tuesday', 'Wednesday', 'Thursday', 'Friday', 'Saturday', 'Sunday'], 'opens': '4:0', 'closes': '10:59'}, {'@type': 'OpeningHoursSpecification', 'dayOfWeek': ['Monday', 'Tuesday', 'Wednesday', 'Thursday', 'Friday', 'Saturday', 'Sunday'], 'opens': '11:0', 'closes': '16:59'}, {'@type': 'OpeningHoursSpecification', 'dayOfWeek': ['Monday', 'Tuesday', 'Wednesday', 'Thursday', 'Friday', 'Saturday', 'Sunday'], 'opens': '17:0', 'closes': '3:59'}]","{'@type': 'PostalAddress', 'addressLocality': 'SOUTH DARTMOUTH', 'addressRegion': 'MA', 'postalCode': '2714', 'addressCountry': 'US', 'streetAddress': '179 ROCKSDALE AVE'}","{'@type': 'GeoCoordinates', 'latitude': 41.614655, 'longitude': -70.938296}","{'@type': 'AggregateRating', 'ratingValue': 4, 'reviewCount': '128'}"
Subway (836 Pleasant St),https://www.ubereats.com/boston/food-delivery/subway-836-pleasant-st/sf-dvMA-Taukr1bSNCTaOw,fairhaven-massachusetts,"['Fast Food', 'Sandwich', 'American']",4.3,30,$,41.6385173,-70.92719420000002,+15089994670,2740,836 Pleasant St,New Bedford,MA,"[{'@type': 'OpeningHoursSpecification', 'dayOfWeek': 'Sunday', 'opens': '10:0', 'closes': '19:30'}, {'@type': 'OpeningHoursSpecification', 'dayOfWeek': ['Monday', 'Tuesday', 'Wednesday', 'Thursday', 'Friday', 'Saturday'], 'opens': '9:0', 'closes': '19:30'}]","{'@type': 'PostalAddress', 'addressLocality': 'New Bedford', 'addressRegion': 'MA', 'postalCode': '2740', 'addressCountry': 'US', 'streetAddress': '836 Pleasant St'}","{'@type': 'GeoCoordinates', 'latitude': 41.6385173, 'longitude': -70.92719420000002}","{'@type': 'AggregateRating', 'ratingValue': 4.3, 'reviewCount': '30'}"
Wendy's  (7 Fairhaven Commons),https://www.ubereats.com/boston/food-delivery/wendys-7-fairhaven-commons/NjNdgjOKTt-wLYIR7X0aww,fairhaven-massachusetts,"['American', 'Burgers', 'Fast Food', 'Breakfast and Brunch']",,,$,41.6439167,-70.88554959999999,+15089994407,2719,7,Fairhaven,MA,"[{'@type': 'OpeningHoursSpecification', 'dayOfWeek': ['Monday', 'Tuesday', 'Wednesday', 'Thursday', 'Friday', 'Saturday', 'Sunday'], 'opens': '10:30', 'closes': '0:30'}, {'@type': 'OpeningHoursSpecification', 'dayOfWeek': ['Monday', 'Tuesday', 'Wednesday', 'Thursday', 'Friday', 'Saturday', 'Sunday'], 'opens': '6:30', 'closes': '10:0'}]","{'@type': 'PostalAddress', 'addressLocality': 'Fairhaven', 'addressRegion': 'MA', 'postalCode': '2719', 'addressCountry': 'US', 'streetAddress': '7'}","{'@type': 'GeoCoordinates', 'latitude': 41.6439167, 'longitude': -70.88554959999999}",{}
Friendly's (307 State Road),https://www.ubereats.com/boston/food-delivery/friendlys-307-state-road/GFZgON9FRtGz__5JfkBKOA,fairhaven-massachusetts,"['American', 'Ice Cream and Frozen Yogurt', 'Family Meals', 'Burgers', 'Desserts', 'Kids Friendly']",3.4,27,$,41.63920299999999,-70.9878827,+15089949657,2747,307 State Road,North Dartmouth,MA,"[{'@type': 'OpeningHoursSpecification', 'dayOfWeek': ['Monday', 'Tuesday', 'Wednesday', 'Thursday', 'Friday', 'Saturday', 'Sunday'], 'opens': '11:0', 'closes': '21:30'}]","{'@type': 'PostalAddress', 'addressLocality': 'North Dartmouth', 'addressRegion': 'MA', 'postalCode': '2747', 'addressCountry': 'US', 'streetAddress': '307 State Road'}","{'@type': 'GeoCoordinates', 'latitude': 41.63920299999999, 'longitude': -70.9878827}","{'@type': 'AggregateRating', 'ratingValue': 3.4, 'reviewCount': '27'}"
Da burga Boiz,https://www.ubereats.com/boston/food-delivery/da-burga-boiz/0E9qjAxkQbKoMHvJkPVI9Q,fairhaven-massachusetts,"['Burgers', 'American', 'Sandwiches']",,,$,41.6477409,-70.94937639999999,+15089911924,02740,319 Hathaway Blvd,New Bedford,MA,"[{'@type': 'OpeningHoursSpecification', 'dayOfWeek': ['Monday', 'Tuesday', 'Wednesday', 'Thursday', 'Friday', 'Saturday', 'Sunday'], 'opens': '12:0', 'closes': '19:0'}]","{'@type': 'PostalAddress', 'addressLocality': 'New Bedford', 'addressRegion': 'MA', 'postalCode': '02740', 'addressCountry': 'US', 'streetAddress': '319 Hathaway Blvd'}","{'@type': 'GeoCoordinates', 'latitude': 41.6477409, 'longitude': -70.94937639999999}",{}
Subway (823 Rockdale Ave Ste D),https://www.ubereats.com/boston/food-delivery/subway-823-rockdale-ave-ste-d/261fxxzKQwi1aZ_azc5ZWA,fairhaven-massachusetts,"['Fast Food', 'Sandwich', 'American']",,,$,41.6361325,-70.94970049999999,+15087170260,02740,823 Rockdale Ave Ste D,New Bedford,MA,"[{'@type': 'OpeningHoursSpecification', 'dayOfWeek': 'Sunday', 'opens': '8:0', 'closes': '18:30'}, {'@type': 'OpeningHoursSpecification', 'dayOfWeek': ['Monday', 'Tuesday', 'Wednesday', 'Thursday', 'Friday', 'Saturday'], 'opens': '7:0', 'closes': '18:30'}]","{'@type': 'PostalAddress', 'addressLocality': 'New Bedford', 'addressRegion': 'MA', 'postalCode': '02740', 'addressCountry': 'US', 'streetAddress': '823 Rockdale Ave Ste D'}","{'@type': 'GeoCoordinates', 'latitude': 41.6361325, 'longitude': -70.94970049999999}",{}
