name,url,city,cuisine,avgRating,numReviews,priceRange,latitude,longitude,telephone,postalCode,streetAddress,addressLocality,addressRegion,openingHoursSpecification,addressString,geoString,ratingString
Menchie's Frozen Yogurt (32195 Temecula Pkwy),https://www.ubereats.com/palm-springs/food-delivery/menchies-frozen-yogurt-32195-temecula-pkwy/OLMU_JoSRuqw-7UyUoxWzw,fallbrook-california,"['Ice Cream and Frozen Yogurt', 'American']",,,$$,33.4813948,-117.0969493,+19513031600,,,,,"[{'@type': 'OpeningHoursSpecification', 'dayOfWeek': 'Sunday', 'opens': '13:0', 'closes': '18:30'}, {'@type': 'OpeningHoursSpecification', 'dayOfWeek': ['Monday', 'Tuesday', 'Wednesday', 'Thursday'], 'opens': '13:0', 'closes': '20:0'}, {'@type': 'OpeningHoursSpecification', 'dayOfWeek': ['Friday', 'Saturday'], 'opens': '13:0', 'closes': '21:0'}]",,"{'@type': 'GeoCoordinates', 'latitude': 33.4813948, 'longitude': -117.0969493}",{}
,https://www.ubereats.com/san-diego/food-delivery/papa-johns-30590-rancho-california-road/XSl7iju4Rg6kPZuPrLxgsA,fallbrook-california,,,,,,,,,,,,,,,
Daisuki Ramen,https://www.ubereats.com/palm-springs/food-delivery/daisuki-ramen/hm3t6ICHRlm4grJX2oGC-Q,fallbrook-california,"['Noodles', 'Japanese', 'Sushi']",,,$,33.5048311,-117.1520694,+19515870013,92591,27473 Ynez Rd,Temecula,CA,"[{'@type': 'OpeningHoursSpecification', 'dayOfWeek': ['Monday', 'Tuesday', 'Wednesday', 'Thursday', 'Friday', 'Saturday', 'Sunday'], 'opens': '11:0', 'closes': '17:0'}]","{'@type': 'PostalAddress', 'addressLocality': 'Temecula', 'addressRegion': 'CA', 'postalCode': '92591', 'addressCountry': 'US', 'streetAddress': '27473 Ynez Rd'}","{'@type': 'GeoCoordinates', 'latitude': 33.5048311, 'longitude': -117.1520694}",{}
,https://www.ubereats.com/palm-springs/food-delivery/marietas-mexican-restaurant-vandegrift-blvd/W7ifFUkSQYK_HVRGJcEzdQ,fallbrook-california,,,,,,,,,,,,,,,
,https://www.ubereats.com/palm-springs/food-delivery/romas-pizza/8PNeSeDSSKe0DTY_-oxyMA,fallbrook-california,,,,,,,,,,,,,,,
,https://www.ubereats.com/san-diego/food-delivery/dairy-queen-treat-31845-temecula-pkwy-ste-c/9afZy8RXSPyvjaBYSKVQqQ,fallbrook-california,,,,,,,,,,,,,,,
Francesca's Italian Kitchen,https://www.ubereats.com/palm-springs/food-delivery/francescas-italian-kitchen/q7p6AJEfQri5ZZjbqFxZXA,fallbrook-california,"['Italian', 'Pasta', 'Comfort Food']",,,$,33.4755486,-117.1199932,+19513033300,92592,31165,Temecula,CA,"[{'@type': 'OpeningHoursSpecification', 'dayOfWeek': ['Wednesday', 'Thursday', 'Friday', 'Saturday'], 'opens': '16:0', 'closes': '20:0'}]","{'@type': 'PostalAddress', 'addressLocality': 'Temecula', 'addressRegion': 'CA', 'postalCode': '92592', 'addressCountry': 'US', 'streetAddress': '31165'}","{'@type': 'GeoCoordinates', 'latitude': 33.4755486, 'longitude': -117.1199932}",{}
,https://www.ubereats.com/palm-springs/food-delivery/panda-express-1115-s-mission-road/7Kgg4ru3Tt2OM52G5TNQSw,fallbrook-california,,,,,,,,,,,,,,,
,https://www.ubereats.com/san-diego/food-delivery/firehouse-subs-26480-ynez-rd-ste-b/xhCktGLHT_uvuwMQNb5u4A,fallbrook-california,,,,,,,,,,,,,,,
,https://www.ubereats.com/palm-springs/food-delivery/dennys-s-main-ave/drljFCyETsSQQTMr9XiIrg,fallbrook-california,,,,,,,,,,,,,,,
,https://www.ubereats.com/san-diego/food-delivery/carls-jr-33125-temecula-pkwy/t5_FUbkkRUaoMWAtDeFq2Q,fallbrook-california,,,,,,,,,,,,,,,
,https://www.ubereats.com/san-diego/food-delivery/jack-in-the-box-29105-old-town-front-street/S6ydJeXhR7WRongwdjE12g,fallbrook-california,,,,,,,,,,,,,,,
,https://www.ubereats.com/palm-springs/food-delivery/jack-in-the-box-1465-s-mission-rd/RcyPJEaITySQnOwm0wp0FA,fallbrook-california,,,,,,,,,,,,,,,
,https://www.ubereats.com/palm-springs/food-delivery/fallbrook-cafe/6821Nym7Tb-kWLI0cRlakg,fallbrook-california,,,,,,,,,,,,,,,
,https://www.ubereats.com/palm-springs/food-delivery/el-pollo-loco-483-college-blvd3781/cQU9JtXdQZ-Sc2zDEbclmg,fallbrook-california,,,,,,,,,,,,,,,
,https://www.ubereats.com/palm-springs/food-delivery/aqua-terra-restaurant-at-pala-mesa-resort/SopiueN9Sh6CzpiUABt0gg,fallbrook-california,,,,,,,,,,,,,,,
Green Deli Cafe,https://www.ubereats.com/palm-springs/food-delivery/green-deli-cafe/O4ijBCDISC6VabIKhn2VAg,fallbrook-california,"['Salad / Sandwiches', 'Juice and Smoothies', 'Cafe', 'Healthy', 'Coffee and Tea']",,,$,33.5202559,-117.1515024,+19512966222,92591,41653 Margarita Rd suite 106,Temecula,CA,"[{'@type': 'OpeningHoursSpecification', 'dayOfWeek': 'Sunday', 'opens': '10:0', 'closes': '18:0'}, {'@type': 'OpeningHoursSpecification', 'dayOfWeek': ['Monday', 'Tuesday', 'Wednesday', 'Thursday', 'Friday', 'Saturday'], 'opens': '10:0', 'closes': '20:0'}]","{'@type': 'PostalAddress', 'addressLocality': 'Temecula', 'addressRegion': 'CA', 'postalCode': '92591', 'addressCountry': 'US', 'streetAddress': '41653 Margarita Rd suite 106'}","{'@type': 'GeoCoordinates', 'latitude': 33.5202559, 'longitude': -117.1515024}",{}
,https://www.ubereats.com/palm-springs/food-delivery/jersey-mikes-subs-fallbrook-833-s-main-street/TOuXMDyuQ2a6BCVq11z_xw,fallbrook-california,,,,,,,,,,,,,,,
Roma's Pizza,https://www.ubereats.com/san-diego/food-delivery/romas-pizza/8PNeSeDSSKe0DTY_-oxyMA,fallbrook-california,['Italian'],4.7,28,$$,33.254804,-117.300998,+17607572003,92057,617 N Redondo Dr,Oceanside,CA,"[{'@type': 'OpeningHoursSpecification', 'dayOfWeek': 'Sunday', 'opens': '13:0', 'closes': '20:0'}, {'@type': 'OpeningHoursSpecification', 'dayOfWeek': 'Sunday', 'opens': '12:0', 'closes': '20:0'}, {'@type': 'OpeningHoursSpecification', 'dayOfWeek': ['Monday', 'Tuesday', 'Wednesday', 'Thursday', 'Friday', 'Saturday'], 'opens': '13:0', 'closes': '20:0'}]","{'@type': 'PostalAddress', 'addressLocality': 'Oceanside', 'addressRegion': 'CA', 'postalCode': '92057', 'addressCountry': 'US', 'streetAddress': '617 N Redondo Dr'}","{'@type': 'GeoCoordinates', 'latitude': 33.254804, 'longitude': -117.300998}","{'@type': 'AggregateRating', 'ratingValue': 4.7, 'reviewCount': '28'}"
,https://www.ubereats.com/san-diego/food-delivery/arbys-27702-jefferson-ave/QPLDX_uTR0CTlz7caUdkXQ,fallbrook-california,,,,,,,,,,,,,,,
,https://www.ubereats.com/san-diego/food-delivery/carls-jr-44515-bedford-ct/E0_Ob1mQTymYDrW59wvgWQ,fallbrook-california,,,,,,,,,,,,,,,
Chipotle Mexican Grill (32195 Temecula Pkwy Ste 105),https://www.ubereats.com/palm-springs/food-delivery/chipotle-mexican-grill-32195-temecula-pkwy-ste-105/-Cfk8aBwSV66mdJz4JGE8g,fallbrook-california,"['Healthy', 'Mexican']",4.7,100,$,33.4811175,-117.0969907,+19513036215,92592,32195,Temecula,CA,"[{'@type': 'OpeningHoursSpecification', 'dayOfWeek': ['Monday', 'Tuesday', 'Wednesday', 'Thursday', 'Friday', 'Saturday', 'Sunday'], 'opens': '10:30', 'closes': '21:40'}]","{'@type': 'PostalAddress', 'addressLocality': 'Temecula', 'addressRegion': 'CA', 'postalCode': '92592', 'addressCountry': 'US', 'streetAddress': '32195'}","{'@type': 'GeoCoordinates', 'latitude': 33.4811175, 'longitude': -117.0969907}","{'@type': 'AggregateRating', 'ratingValue': 4.7, 'reviewCount': '100'}"
,https://www.ubereats.com/san-diego/food-delivery/applebees-32175-hwy-79-%2379048/wrvqTsOcTYai-utP7hcaaA,fallbrook-california,,,,,,,,,,,,,,,
Fallbrook Froyo,https://www.ubereats.com/san-diego/food-delivery/fallbrook-froyo/LGhM3QYgQrKTXXJUa8wl5g,fallbrook-california,"['Desserts', 'Vegetarian', 'Coffee and Tea']",,,$,33.384453,-117.2506472,+17609942486,92028,127 East Mission Road,Fallbrook,CA,"[{'@type': 'OpeningHoursSpecification', 'dayOfWeek': ['Monday', 'Tuesday', 'Wednesday', 'Thursday', 'Friday', 'Saturday', 'Sunday'], 'opens': '12:0', 'closes': '21:0'}]","{'@type': 'PostalAddress', 'addressLocality': 'Fallbrook', 'addressRegion': 'CA', 'postalCode': '92028', 'addressCountry': 'US', 'streetAddress': '127 East Mission Road'}","{'@type': 'GeoCoordinates', 'latitude': 33.384453, 'longitude': -117.2506472}",{}
,https://www.ubereats.com/palm-springs/food-delivery/kfc-1077-s-mission-rd/mJ5tJM6NRdGmzcBKH9eepA,fallbrook-california,,,,,,,,,,,,,,,
Dragon Express,https://www.ubereats.com/palm-springs/food-delivery/dragon-express/vsP8YNccSe6Bs8AJ3H0Byw,fallbrook-california,"['Chinese', 'Asian', 'Asian Fusion', 'Family Meals']",,,$,33.5055271,-117.1472163,+19516939578,92591,29588 Rancho California Rd Ste K11,Temecula,CA,"[{'@type': 'OpeningHoursSpecification', 'dayOfWeek': ['Monday', 'Tuesday', 'Wednesday', 'Thursday', 'Friday', 'Saturday', 'Sunday'], 'opens': '11:0', 'closes': '20:0'}]","{'@type': 'PostalAddress', 'addressLocality': 'Temecula', 'addressRegion': 'CA', 'postalCode': '92591', 'addressCountry': 'US', 'streetAddress': '29588 Rancho California Rd Ste K11'}","{'@type': 'GeoCoordinates', 'latitude': 33.5055271, 'longitude': -117.1472163}",{}
Farmer Boys - Winchester Road,https://www.ubereats.com/palm-springs/food-delivery/farmer-boys-winchester-road/DatoPJTmQ4SxbkOM_3Cb4w,fallbrook-california,"['Breakfast and Brunch', 'Burgers', 'Salads', 'Sandwich']",4.4,56,$,33.518644,-117.167238,+19512960220,92590,41700 Winchester Road,Temecula,CA,"[{'@type': 'OpeningHoursSpecification', 'dayOfWeek': 'Sunday', 'opens': '7:0', 'closes': '22:0'}, {'@type': 'OpeningHoursSpecification', 'dayOfWeek': ['Monday', 'Tuesday', 'Wednesday', 'Thursday', 'Friday'], 'opens': '6:0', 'closes': '23:0'}, {'@type': 'OpeningHoursSpecification', 'dayOfWeek': 'Saturday', 'opens': '7:0', 'closes': '22:0'}]","{'@type': 'PostalAddress', 'addressLocality': 'Temecula', 'addressRegion': 'CA', 'postalCode': '92590', 'addressCountry': 'US', 'streetAddress': '41700 Winchester Road'}","{'@type': 'GeoCoordinates', 'latitude': 33.518644, 'longitude': -117.167238}","{'@type': 'AggregateRating', 'ratingValue': 4.4, 'reviewCount': '56'}"
,https://www.ubereats.com/palm-springs/food-delivery/the-ice-cream-shop/z6PHYk3uTi2uGUoH4Ck5EQ,fallbrook-california,,,,,,,,,,,,,,,
,https://www.ubereats.com/palm-springs/food-delivery/mountain-mikes-pizza-1125-s-mission-blvd/MHyRJjhPQuWOEOFHaR-FTg,fallbrook-california,,,,,,,,,,,,,,,
,https://www.ubereats.com/san-diego/food-delivery/jack-in-the-box-27410-jefferson-ave/DcUfCfHSR3aD54WXv4zHtA,fallbrook-california,,,,,,,,,,,,,,,
"El Pollo Loco (483 College Blvd,3781)",https://www.ubereats.com/san-diego/food-delivery/el-pollo-loco-483-college-blvd3781/cQU9JtXdQZ-Sc2zDEbclmg,fallbrook-california,"['Latin American', 'Mexican', 'New American', 'Family Meals']",4.6,44,$,33.2468951,-117.2917906,+17604078278,92057,483 College Blvd,Oceanside,CA,"[{'@type': 'OpeningHoursSpecification', 'dayOfWeek': ['Monday', 'Tuesday', 'Wednesday', 'Thursday', 'Friday', 'Saturday', 'Sunday'], 'opens': '10:0', 'closes': '21:30'}]","{'@type': 'PostalAddress', 'addressLocality': 'Oceanside', 'addressRegion': 'CA', 'postalCode': '92057', 'addressCountry': 'US', 'streetAddress': '483 College Blvd'}","{'@type': 'GeoCoordinates', 'latitude': 33.2468951, 'longitude': -117.2917906}","{'@type': 'AggregateRating', 'ratingValue': 4.6, 'reviewCount': '44'}"
The Ice Cream Shop ,https://www.ubereats.com/san-diego/food-delivery/the-ice-cream-shop/z6PHYk3uTi2uGUoH4Ck5EQ,fallbrook-california,"['Desserts', 'Ice Cream and Frozen Yogurt', 'Comfort Food']",,,$,33.37299059999999,-117.2514974,+17607286187,92028,1051 S Main Ave,Fallbrook,CA,[],"{'@type': 'PostalAddress', 'addressLocality': 'Fallbrook', 'addressRegion': 'CA', 'postalCode': '92028', 'addressCountry': 'US', 'streetAddress': '1051 S Main Ave'}","{'@type': 'GeoCoordinates', 'latitude': 33.37299059999999, 'longitude': -117.2514974}",{}
Jamba Juice - Ynez Rd,https://www.ubereats.com/palm-springs/food-delivery/jamba-juice-ynez-rd/nes-3843QvKLFgY-CIDOxA,fallbrook-california,['Juice and Smoothies'],4.5,13,$,33.522533,-117.157219,+9515872337,92591,26550 Ynez Rd,Temecula,California,"[{'@type': 'OpeningHoursSpecification', 'dayOfWeek': ['Monday', 'Tuesday', 'Wednesday', 'Thursday', 'Friday', 'Saturday', 'Sunday'], 'opens': '6:0', 'closes': '22:0'}]","{'@type': 'PostalAddress', 'addressLocality': 'Temecula', 'addressRegion': 'California', 'postalCode': '92591', 'addressCountry': 'US', 'streetAddress': '26550 Ynez Rd'}","{'@type': 'GeoCoordinates', 'latitude': 33.522533, 'longitude': -117.157219}","{'@type': 'AggregateRating', 'ratingValue': 4.5, 'reviewCount': '13'}"
,https://www.ubereats.com/san-diego/food-delivery/le-poke/eaYBwHmWS2CpEAloHk2lzA,fallbrook-california,,,,,,,,,,,,,,,
,https://www.ubereats.com/san-diego/food-delivery/jack-in-the-box-32055-temecula-pkwy/57EZEAqgQj-kSp3kbgfUTg,fallbrook-california,,,,,,,,,,,,,,,
Mountain Mike’s Pizza (1125 S Mission Blvd),https://www.ubereats.com/san-diego/food-delivery/mountain-mikes-pizza-1125-s-mission-blvd/MHyRJjhPQuWOEOFHaR-FTg,fallbrook-california,"['American', 'Salads', 'Pizza']",,,$,33.3723449,-117.2555958,+17606450505,92028,1125 S Mission Blvd,Fallbrook,CA,"[{'@type': 'OpeningHoursSpecification', 'dayOfWeek': ['Monday', 'Tuesday', 'Wednesday', 'Thursday', 'Friday', 'Saturday', 'Sunday'], 'opens': '11:0', 'closes': '21:0'}]","{'@type': 'PostalAddress', 'addressLocality': 'Fallbrook', 'addressRegion': 'CA', 'postalCode': '92028', 'addressCountry': 'US', 'streetAddress': '1125 S Mission Blvd'}","{'@type': 'GeoCoordinates', 'latitude': 33.3723449, 'longitude': -117.2555958}",{}
,https://www.ubereats.com/san-diego/food-delivery/krispy-krunchy-chicken-temecula-1/7fxKCjdnQTih4kpSMEle5A,fallbrook-california,,,,,,,,,,,,,,,
"El Pollo Loco (32481 State Highway 79,3521)",https://www.ubereats.com/palm-springs/food-delivery/el-pollo-loco-32481-state-highway-793521/pgdFfUpdTW2p4Gc1GepLEA,fallbrook-california,"['Latin American', 'Mexican', 'New American', 'Family Meals']",4.5,25,$,33.4827945,-117.0905554,+19513022611,92592,32481 State Highway 79,Temecula,CA,"[{'@type': 'OpeningHoursSpecification', 'dayOfWeek': ['Monday', 'Tuesday', 'Wednesday', 'Thursday', 'Friday', 'Saturday', 'Sunday'], 'opens': '10:0', 'closes': '20:30'}]","{'@type': 'PostalAddress', 'addressLocality': 'Temecula', 'addressRegion': 'CA', 'postalCode': '92592', 'addressCountry': 'US', 'streetAddress': '32481 State Highway 79'}","{'@type': 'GeoCoordinates', 'latitude': 33.4827945, 'longitude': -117.0905554}","{'@type': 'AggregateRating', 'ratingValue': 4.5, 'reviewCount': '25'}"
Burger Lounge - Temecula,https://www.ubereats.com/palm-springs/food-delivery/burger-lounge-temecula/SvPOernaQr2vny-hnIcrrA,fallbrook-california,"['Burgers', 'American', 'Chicken', 'Salads', 'Kids Friendly']",4.0,13,$,33.5287851,-117.1554622,+19517191464,92591,40695 Winchester Rd,Temecula,CA,"[{'@type': 'OpeningHoursSpecification', 'dayOfWeek': ['Sunday', 'Monday', 'Tuesday', 'Wednesday', 'Thursday'], 'opens': '11:0', 'closes': '20:0'}, {'@type': 'OpeningHoursSpecification', 'dayOfWeek': ['Friday', 'Saturday'], 'opens': '11:0', 'closes': '21:0'}]","{'@type': 'PostalAddress', 'addressLocality': 'Temecula', 'addressRegion': 'CA', 'postalCode': '92591', 'addressCountry': 'US', 'streetAddress': '40695 Winchester Rd'}","{'@type': 'GeoCoordinates', 'latitude': 33.5287851, 'longitude': -117.1554622}","{'@type': 'AggregateRating', 'ratingValue': 4, 'reviewCount': '13'}"
Le Poke,https://www.ubereats.com/palm-springs/food-delivery/le-poke/eaYBwHmWS2CpEAloHk2lzA,fallbrook-california,"['Asian', 'Asian Fusion', 'Hawaiian']",,,$,33.5216305,-117.1665876,+19517193400,92590,27315 Jefferson Ave,Temecula,CA,"[{'@type': 'OpeningHoursSpecification', 'dayOfWeek': 'Sunday', 'opens': '11:0', 'closes': '15:0'}, {'@type': 'OpeningHoursSpecification', 'dayOfWeek': ['Monday', 'Tuesday', 'Wednesday', 'Thursday', 'Friday'], 'opens': '11:0', 'closes': '15:0'}, {'@type': 'OpeningHoursSpecification', 'dayOfWeek': ['Monday', 'Tuesday', 'Wednesday', 'Thursday', 'Friday'], 'opens': '11:0', 'closes': '15:0'}, {'@type': 'OpeningHoursSpecification', 'dayOfWeek': 'Saturday', 'opens': '11:0', 'closes': '15:0'}]","{'@type': 'PostalAddress', 'addressLocality': 'Temecula', 'addressRegion': 'CA', 'postalCode': '92590', 'addressCountry': 'US', 'streetAddress': '27315 Jefferson Ave'}","{'@type': 'GeoCoordinates', 'latitude': 33.5216305, 'longitude': -117.1665876}",{}
Five Guys CA-1502 32195 Temecula Pkwy,https://www.ubereats.com/palm-springs/food-delivery/five-guys-ca-1502-32195-temecula-pkwy/0qPQXu02QDGuHXLkEek8zg,fallbrook-california,"['American', 'Burgers', 'Comfort Food']",4.7,44,$,33.4822912,-117.0933878,+19513036969,,,,,"[{'@type': 'OpeningHoursSpecification', 'dayOfWeek': ['Sunday', 'Monday', 'Tuesday', 'Wednesday', 'Thursday'], 'opens': '11:0', 'closes': '20:30'}, {'@type': 'OpeningHoursSpecification', 'dayOfWeek': ['Friday', 'Saturday'], 'opens': '11:0', 'closes': '21:30'}]",,"{'@type': 'GeoCoordinates', 'latitude': 33.4822912, 'longitude': -117.0933878}","{'@type': 'AggregateRating', 'ratingValue': 4.7, 'reviewCount': '44'}"
Carl's Jr. (44515 Bedford Ct),https://www.ubereats.com/palm-springs/food-delivery/carls-jr-44515-bedford-ct/E0_Ob1mQTymYDrW59wvgWQ,fallbrook-california,"['Fast Food', 'Burgers', 'Salads', 'Burritos', 'American']",,,$,33.4793395,-117.1390134,+19516949196,92592,44515 Bedford Ct,Temecula,CA,"[{'@type': 'OpeningHoursSpecification', 'dayOfWeek': ['Monday', 'Tuesday', 'Wednesday', 'Thursday', 'Friday', 'Saturday', 'Sunday'], 'opens': '7:0', 'closes': '10:30'}, {'@type': 'OpeningHoursSpecification', 'dayOfWeek': ['Monday', 'Tuesday', 'Wednesday', 'Thursday', 'Friday', 'Saturday', 'Sunday'], 'opens': '7:0', 'closes': '22:30'}]","{'@type': 'PostalAddress', 'addressLocality': 'Temecula', 'addressRegion': 'CA', 'postalCode': '92592', 'addressCountry': 'US', 'streetAddress': '44515 Bedford Ct'}","{'@type': 'GeoCoordinates', 'latitude': 33.4793395, 'longitude': -117.1390134}",{}
,https://www.ubereats.com/san-diego/food-delivery/waba-grill-32389-temecula-parkway-%23110-temecula/NqWiHh6WQqKhKxs25oU85Q,fallbrook-california,,,,,,,,,,,,,,,
LemonShark Poke,https://www.ubereats.com/palm-springs/food-delivery/lemonshark-poke/QRZZS2o1R82bs4u9jn-rbw,fallbrook-california,['Sushi'],,,$$,33.5190102,-117.1519952,+19516767768,92591,29073 Overland Dr,Temecula,California,"[{'@type': 'OpeningHoursSpecification', 'dayOfWeek': ['Monday', 'Tuesday', 'Wednesday', 'Thursday', 'Friday', 'Saturday', 'Sunday'], 'opens': '11:0', 'closes': '20:30'}]","{'@type': 'PostalAddress', 'addressLocality': 'Temecula', 'addressRegion': 'California', 'postalCode': '92591', 'addressCountry': 'US', 'streetAddress': '29073 Overland Dr'}","{'@type': 'GeoCoordinates', 'latitude': 33.5190102, 'longitude': -117.1519952}",{}
Jersey Mike's Subs (32068 Temecula Parkway),https://www.ubereats.com/palm-springs/food-delivery/jersey-mikes-subs-32068-temecula-parkway/bQdU-pi5QwG6A5Uo7oV9kg,fallbrook-california,"['Sandwich', 'American']",4.7,68,$,33.4815293,-117.0982547,+19513033600,92592,32068,Temecula,CA,"[{'@type': 'OpeningHoursSpecification', 'dayOfWeek': ['Monday', 'Tuesday', 'Wednesday', 'Thursday', 'Friday', 'Saturday', 'Sunday'], 'opens': '10:0', 'closes': '20:30'}]","{'@type': 'PostalAddress', 'addressLocality': 'Temecula', 'addressRegion': 'CA', 'postalCode': '92592', 'addressCountry': 'US', 'streetAddress': '32068'}","{'@type': 'GeoCoordinates', 'latitude': 33.4815293, 'longitude': -117.0982547}","{'@type': 'AggregateRating', 'ratingValue': 4.7, 'reviewCount': '68'}"
Dairy Queen - Treat (31845 Temecula Pkwy Ste C),https://www.ubereats.com/palm-springs/food-delivery/dairy-queen-treat-31845-temecula-pkwy-ste-c/9afZy8RXSPyvjaBYSKVQqQ,fallbrook-california,"['American', 'Fast Food', 'Ice Cream & Frozen Yogurt', 'Burgers']",4.5,26,$,33.47942310000001,-117.1015182,+19513026464,92592,31845,Temecula,CA,"[{'@type': 'OpeningHoursSpecification', 'dayOfWeek': ['Monday', 'Tuesday', 'Wednesday', 'Thursday', 'Friday', 'Saturday', 'Sunday'], 'opens': '11:30', 'closes': '21:30'}]","{'@type': 'PostalAddress', 'addressLocality': 'Temecula', 'addressRegion': 'CA', 'postalCode': '92592', 'addressCountry': 'US', 'streetAddress': '31845'}","{'@type': 'GeoCoordinates', 'latitude': 33.47942310000001, 'longitude': -117.1015182}","{'@type': 'AggregateRating', 'ratingValue': 4.5, 'reviewCount': '26'}"
Albertos Mexican Food,https://www.ubereats.com/palm-springs/food-delivery/albertos-mexican-food/WuqdYvzbQZ-S_LfJcEGBvw,fallbrook-california,"['Mexican', 'Latin American', 'New Mexican']",3.3,18,$,33.4994423,-117.1523429,+19516945029,92590,41850 Moreno Rd,Temecula,CA,"[{'@type': 'OpeningHoursSpecification', 'dayOfWeek': 'Sunday', 'opens': '6:0', 'closes': '21:30'}, {'@type': 'OpeningHoursSpecification', 'dayOfWeek': 'Sunday', 'opens': '6:0', 'closes': '20:0'}, {'@type': 'OpeningHoursSpecification', 'dayOfWeek': ['Monday', 'Tuesday', 'Wednesday', 'Thursday', 'Friday', 'Saturday'], 'opens': '6:0', 'closes': '21:30'}]","{'@type': 'PostalAddress', 'addressLocality': 'Temecula', 'addressRegion': 'CA', 'postalCode': '92590', 'addressCountry': 'US', 'streetAddress': '41850 Moreno Rd'}","{'@type': 'GeoCoordinates', 'latitude': 33.4994423, 'longitude': -117.1523429}","{'@type': 'AggregateRating', 'ratingValue': 3.3, 'reviewCount': '18'}"
"Firehouse Subs (26480 Ynez Rd, Ste B)",https://www.ubereats.com/palm-springs/food-delivery/firehouse-subs-26480-ynez-rd-ste-b/xhCktGLHT_uvuwMQNb5u4A,fallbrook-california,"['Sandwich', 'Deli', 'Fast Food']",,,$,33.523634,-117.158046,+19515000732,92591,26480 Ynez Rd,Temecula,California,"[{'@type': 'OpeningHoursSpecification', 'dayOfWeek': ['Monday', 'Tuesday', 'Wednesday', 'Thursday', 'Friday', 'Saturday', 'Sunday'], 'opens': '11:0', 'closes': '20:0'}]","{'@type': 'PostalAddress', 'addressLocality': 'Temecula', 'addressRegion': 'California', 'postalCode': '92591', 'addressCountry': 'US', 'streetAddress': '26480 Ynez Rd'}","{'@type': 'GeoCoordinates', 'latitude': 33.523634, 'longitude': -117.158046}",{}
Earth Bistro,https://www.ubereats.com/palm-springs/food-delivery/earth-bistro/fv2Uh-riR4Sh6QLuYhAN_g,fallbrook-california,"['Pizza', 'Sandwich', 'Gluten Free', 'Allergy Friendly']",4.0,12,$$,33.528785,-117.155462,+19515068888,92591,40695 Winchester Rd,Temecula,California,"[{'@type': 'OpeningHoursSpecification', 'dayOfWeek': ['Monday', 'Tuesday', 'Wednesday', 'Thursday', 'Friday', 'Saturday', 'Sunday'], 'opens': '10:45', 'closes': '19:45'}]","{'@type': 'PostalAddress', 'addressLocality': 'Temecula', 'addressRegion': 'California', 'postalCode': '92591', 'addressCountry': 'US', 'streetAddress': '40695 Winchester Rd'}","{'@type': 'GeoCoordinates', 'latitude': 33.528785, 'longitude': -117.155462}","{'@type': 'AggregateRating', 'ratingValue': 4, 'reviewCount': '12'}"
"WaBa Grill (26490 Ynez Rd, Temecula)",https://www.ubereats.com/palm-springs/food-delivery/waba-grill-26490-ynez-rd-temecula/M-TpEX5iS62hCnP-cSqpYA,fallbrook-california,['Asian Fusion'],4.4,18,$$,33.5191215,-117.1551975,+19516769672,92590,26490 Ynez Rd,Temecula,CA,"[{'@type': 'OpeningHoursSpecification', 'dayOfWeek': 'Sunday', 'opens': '11:0', 'closes': '19:40'}, {'@type': 'OpeningHoursSpecification', 'dayOfWeek': ['Monday', 'Tuesday', 'Wednesday', 'Thursday', 'Friday', 'Saturday'], 'opens': '10:0', 'closes': '20:40'}]","{'@type': 'PostalAddress', 'addressLocality': 'Temecula', 'addressRegion': 'CA', 'postalCode': '92590', 'addressCountry': 'US', 'streetAddress': '26490 Ynez Rd'}","{'@type': 'GeoCoordinates', 'latitude': 33.5191215, 'longitude': -117.1551975}","{'@type': 'AggregateRating', 'ratingValue': 4.4, 'reviewCount': '18'}"
"The Habit Burger Grill (32068 Temecula Pkwy, #500)",https://www.ubereats.com/palm-springs/food-delivery/the-habit-burger-grill-32068-temecula-pkwy-%23500/v8DEK7mUSxip5qW63s9I3A,fallbrook-california,"['American', 'Burgers', 'Comfort Food', 'Family Meals']",4.6,100,$,33.481592607024425,-117.09814663623169,+19513021911,,,,,"[{'@type': 'OpeningHoursSpecification', 'dayOfWeek': ['Monday', 'Tuesday', 'Wednesday', 'Thursday', 'Friday', 'Saturday', 'Sunday'], 'opens': '10:30', 'closes': '21:45'}]",,"{'@type': 'GeoCoordinates', 'latitude': 33.481592607024425, 'longitude': -117.09814663623169}","{'@type': 'AggregateRating', 'ratingValue': 4.6, 'reviewCount': '100'}"
Macaroni Grill - Temecula,https://www.ubereats.com/palm-springs/food-delivery/macaroni-grill-temecula/vvb506fwS9mrGo1jQRAEmA,fallbrook-california,"['Italian', 'Seafood']",4.6,53,$$,33.525034,-117.149545,+19512960700,92591,41221 Margarita Rd,Temecula,California,"[{'@type': 'OpeningHoursSpecification', 'dayOfWeek': ['Sunday', 'Monday', 'Tuesday', 'Wednesday', 'Thursday'], 'opens': '11:0', 'closes': '21:0'}, {'@type': 'OpeningHoursSpecification', 'dayOfWeek': ['Sunday', 'Monday', 'Tuesday', 'Wednesday', 'Thursday'], 'opens': '11:0', 'closes': '21:0'}, {'@type': 'OpeningHoursSpecification', 'dayOfWeek': ['Friday', 'Saturday'], 'opens': '11:0', 'closes': '22:0'}, {'@type': 'OpeningHoursSpecification', 'dayOfWeek': ['Friday', 'Saturday'], 'opens': '11:0', 'closes': '22:0'}]","{'@type': 'PostalAddress', 'addressLocality': 'Temecula', 'addressRegion': 'California', 'postalCode': '92591', 'addressCountry': 'US', 'streetAddress': '41221 Margarita Rd'}","{'@type': 'GeoCoordinates', 'latitude': 33.525034, 'longitude': -117.149545}","{'@type': 'AggregateRating', 'ratingValue': 4.6, 'reviewCount': '53'}"
Blaze Pizza (32240 Temecula Pkwy),https://www.ubereats.com/palm-springs/food-delivery/blaze-pizza-32240-temecula-pkwy/PGH8fOgzQry7PKkEN9-JtA,fallbrook-california,"['Pizza', 'Family Meals', 'American']",4.3,50,$,33.4826841,-117.0948993,+19513033233,92592,32240,Temecula,CA,"[{'@type': 'OpeningHoursSpecification', 'dayOfWeek': ['Sunday', 'Monday', 'Tuesday', 'Wednesday', 'Thursday'], 'opens': '11:0', 'closes': '21:0'}, {'@type': 'OpeningHoursSpecification', 'dayOfWeek': ['Friday', 'Saturday'], 'opens': '11:0', 'closes': '22:30'}]","{'@type': 'PostalAddress', 'addressLocality': 'Temecula', 'addressRegion': 'CA', 'postalCode': '92592', 'addressCountry': 'US', 'streetAddress': '32240'}","{'@type': 'GeoCoordinates', 'latitude': 33.4826841, 'longitude': -117.0948993}","{'@type': 'AggregateRating', 'ratingValue': 4.3, 'reviewCount': '50'}"
Popeyes (30679 Temecula Pkwy),https://www.ubereats.com/palm-springs/food-delivery/popeyes-30679-temecula-pkwy/bZZ2TiU3RyOkQOWMmJNaTQ,fallbrook-california,"['American', 'Chicken', 'Seafood', 'Family Meals']",4.6,100,$,33.4758146,-117.1244071,+19515870461,92592,30679,Temecula,CA,"[{'@type': 'OpeningHoursSpecification', 'dayOfWeek': ['Monday', 'Tuesday', 'Wednesday', 'Thursday', 'Friday', 'Saturday', 'Sunday'], 'opens': '10:0', 'closes': '22:0'}]","{'@type': 'PostalAddress', 'addressLocality': 'Temecula', 'addressRegion': 'CA', 'postalCode': '92592', 'addressCountry': 'US', 'streetAddress': '30679'}","{'@type': 'GeoCoordinates', 'latitude': 33.4758146, 'longitude': -117.1244071}","{'@type': 'AggregateRating', 'ratingValue': 4.6, 'reviewCount': '100'}"
,https://www.ubereats.com/palm-springs/food-delivery/fallbrook-froyo/LGhM3QYgQrKTXXJUa8wl5g,fallbrook-california,,,,,,,,,,,,,,,
Kabob House,https://www.ubereats.com/palm-springs/food-delivery/kabob-house/Ix2DzsDjQbuwJyp6N4F3Aw,fallbrook-california,"['Mediterranean', 'Halal']",4.7,59,$$,33.47518,-117.120652,+19513030110,92592,31093,Temecula,California,"[{'@type': 'OpeningHoursSpecification', 'dayOfWeek': 'Sunday', 'opens': '11:0', 'closes': '18:30'}, {'@type': 'OpeningHoursSpecification', 'dayOfWeek': ['Monday', 'Tuesday', 'Wednesday', 'Thursday', 'Friday', 'Saturday'], 'opens': '11:0', 'closes': '20:0'}]","{'@type': 'PostalAddress', 'addressLocality': 'Temecula', 'addressRegion': 'California', 'postalCode': '92592', 'addressCountry': 'US', 'streetAddress': '31093'}","{'@type': 'GeoCoordinates', 'latitude': 33.47518, 'longitude': -117.120652}","{'@type': 'AggregateRating', 'ratingValue': 4.7, 'reviewCount': '59'}"
The Broken Yolk Cafe - Temecula,https://www.ubereats.com/palm-springs/food-delivery/the-broken-yolk-cafe-temecula/4i7rOZxIT7a4s4ocjS1uDg,fallbrook-california,"['Breakfast and Brunch', 'Mexican', 'Cafe', 'Family Meals']",4.8,11,$,33.5226123,-117.1585979,+18552299655,92591,26495 YNEZ RD,TEMECULA,CA,"[{'@type': 'OpeningHoursSpecification', 'dayOfWeek': ['Monday', 'Tuesday', 'Wednesday', 'Thursday', 'Friday', 'Saturday', 'Sunday'], 'opens': '7:0', 'closes': '13:45'}]","{'@type': 'PostalAddress', 'addressLocality': 'TEMECULA', 'addressRegion': 'CA', 'postalCode': '92591', 'addressCountry': 'US', 'streetAddress': '26495 YNEZ RD'}","{'@type': 'GeoCoordinates', 'latitude': 33.5226123, 'longitude': -117.1585979}","{'@type': 'AggregateRating', 'ratingValue': 4.8, 'reviewCount': '11'}"
The Ice Cream Shop ,https://www.ubereats.com/san-diego/food-delivery/the-ice-cream-shop/yTNTDXKcTM-PwvXGyULwRQ,fallbrook-california,"['Desserts', 'Ice Cream and Frozen Yogurt']",4.9,17,$,33.222234,-117.225728,+17609457580,92084,1581 E.,Vista,CA,"[{'@type': 'OpeningHoursSpecification', 'dayOfWeek': 'Sunday', 'opens': '9:0', 'closes': '23:30'}, {'@type': 'OpeningHoursSpecification', 'dayOfWeek': ['Monday', 'Tuesday', 'Wednesday', 'Thursday'], 'opens': '8:0', 'closes': '22:30'}, {'@type': 'OpeningHoursSpecification', 'dayOfWeek': 'Friday', 'opens': '8:0', 'closes': '23:30'}, {'@type': 'OpeningHoursSpecification', 'dayOfWeek': 'Saturday', 'opens': '9:0', 'closes': '23:30'}]","{'@type': 'PostalAddress', 'addressLocality': 'Vista', 'addressRegion': 'CA', 'postalCode': '92084', 'addressCountry': 'US', 'streetAddress': '1581 E.'}","{'@type': 'GeoCoordinates', 'latitude': 33.222234, 'longitude': -117.225728}","{'@type': 'AggregateRating', 'ratingValue': 4.9, 'reviewCount': '17'}"
KFC (1077 S Mission Rd),https://www.ubereats.com/san-diego/food-delivery/kfc-1077-s-mission-rd/mJ5tJM6NRdGmzcBKH9eepA,fallbrook-california,"['American', 'Fast Food', 'wings']",4.8,24,$,33.3734067,-117.2539479,+17607281767,92028,1077 S Mission Rd,Fallbrook,CA,"[{'@type': 'OpeningHoursSpecification', 'dayOfWeek': ['Monday', 'Tuesday', 'Wednesday', 'Thursday', 'Friday', 'Saturday', 'Sunday'], 'opens': '10:0', 'closes': '20:30'}]","{'@type': 'PostalAddress', 'addressLocality': 'Fallbrook', 'addressRegion': 'CA', 'postalCode': '92028', 'addressCountry': 'US', 'streetAddress': '1077 S Mission Rd'}","{'@type': 'GeoCoordinates', 'latitude': 33.3734067, 'longitude': -117.2539479}","{'@type': 'AggregateRating', 'ratingValue': 4.8, 'reviewCount': '24'}"
Nekter Juice Bar (32068 Temecula Pkwy),https://www.ubereats.com/palm-springs/food-delivery/nekter-juice-bar-32068-temecula-pkwy/vD5x4HkGRg29JTgs4Fwopg,fallbrook-california,"['Juice and Smoothies', 'Breakfast and Brunch', 'Vegetarian']",4.2,16,$,33.4815419,-117.0984601,+19512208654,92592,32068,Temecula,CA,"[{'@type': 'OpeningHoursSpecification', 'dayOfWeek': 'Sunday', 'opens': '8:0', 'closes': '19:0'}, {'@type': 'OpeningHoursSpecification', 'dayOfWeek': ['Tuesday', 'Wednesday', 'Thursday', 'Friday', 'Saturday'], 'opens': '8:0', 'closes': '19:0'}]","{'@type': 'PostalAddress', 'addressLocality': 'Temecula', 'addressRegion': 'CA', 'postalCode': '92592', 'addressCountry': 'US', 'streetAddress': '32068'}","{'@type': 'GeoCoordinates', 'latitude': 33.4815419, 'longitude': -117.0984601}","{'@type': 'AggregateRating', 'ratingValue': 4.2, 'reviewCount': '16'}"
The Ice Cream Shop,https://www.ubereats.com/san-diego/food-delivery/the-ice-cream-shop/K3gj8MjsQp2USGWyK-6PiQ,fallbrook-california,"['Desserts', 'Ice Cream and Frozen Yogurt']",4.6,26,$,33.2280149,-117.3264582,+17606963789,92054,3940 Mission Ave,Oceanside,CA,"[{'@type': 'OpeningHoursSpecification', 'dayOfWeek': 'Sunday', 'opens': '7:0', 'closes': '20:0'}, {'@type': 'OpeningHoursSpecification', 'dayOfWeek': ['Monday', 'Tuesday', 'Wednesday', 'Thursday', 'Friday'], 'opens': '6:0', 'closes': '20:0'}, {'@type': 'OpeningHoursSpecification', 'dayOfWeek': 'Saturday', 'opens': '7:0', 'closes': '20:0'}]","{'@type': 'PostalAddress', 'addressLocality': 'Oceanside', 'addressRegion': 'CA', 'postalCode': '92054', 'addressCountry': 'US', 'streetAddress': '3940 Mission Ave'}","{'@type': 'GeoCoordinates', 'latitude': 33.2280149, 'longitude': -117.3264582}","{'@type': 'AggregateRating', 'ratingValue': 4.6, 'reviewCount': '26'}"
Da Coconut  Cafe,https://www.ubereats.com/palm-springs/food-delivery/da-coconut-cafe/F26tgugyRQum884rtAt_Xg,fallbrook-california,"['Vegan', 'Vegan Friendly', 'Hawaiian', 'Burgers', 'Desserts', 'Asian Fusion']",,,$,33.4758267,-117.116111,+19519724091,,,,,"[{'@type': 'OpeningHoursSpecification', 'dayOfWeek': ['Monday', 'Tuesday', 'Wednesday', 'Thursday', 'Friday', 'Saturday'], 'opens': '11:0', 'closes': '16:0'}]",,"{'@type': 'GeoCoordinates', 'latitude': 33.4758267, 'longitude': -117.116111}",{}
Mad Madelines Grill,https://www.ubereats.com/palm-springs/food-delivery/mad-madelines-grill/DmMueaYySxOPGGl4CWMqEg,fallbrook-california,"['American', 'Salads', 'Sandwich']",,,$$$,33.4947238,-117.1508549,+19516993776,,,,,"[{'@type': 'OpeningHoursSpecification', 'dayOfWeek': 'Sunday', 'opens': '11:0', 'closes': '19:0'}, {'@type': 'OpeningHoursSpecification', 'dayOfWeek': ['Monday', 'Tuesday', 'Wednesday', 'Thursday'], 'opens': '11:0', 'closes': '17:0'}, {'@type': 'OpeningHoursSpecification', 'dayOfWeek': ['Friday', 'Saturday'], 'opens': '11:0', 'closes': '21:0'}]",,"{'@type': 'GeoCoordinates', 'latitude': 33.4947238, 'longitude': -117.1508549}",{}
Papa John's (30590 Rancho California Road),https://www.ubereats.com/palm-springs/food-delivery/papa-johns-30590-rancho-california-road/XSl7iju4Rg6kPZuPrLxgsA,fallbrook-california,"['Pizza', 'Wings', 'Desserts']",4.5,41,$$,33.5101122,-117.1269349,+19516948998,92591,30590 Rancho California Road,Temecula,CA,"[{'@type': 'OpeningHoursSpecification', 'dayOfWeek': ['Monday', 'Tuesday', 'Wednesday', 'Thursday', 'Friday', 'Saturday', 'Sunday'], 'opens': '11:0', 'closes': '21:40'}]","{'@type': 'PostalAddress', 'addressLocality': 'Temecula', 'addressRegion': 'CA', 'postalCode': '92591', 'addressCountry': 'US', 'streetAddress': '30590 Rancho California Road'}","{'@type': 'GeoCoordinates', 'latitude': 33.5101122, 'longitude': -117.1269349}","{'@type': 'AggregateRating', 'ratingValue': 4.5, 'reviewCount': '41'}"
951 Thai Food,https://www.ubereats.com/palm-springs/food-delivery/951-thai-food/PY7FBW4aSw-2xxlwgdPsgg,fallbrook-california,['Thai'],,,$,33.5181263,-117.1640636,+19516992426,92590,27451 Jefferson Ave,Temecula,California,"[{'@type': 'OpeningHoursSpecification', 'dayOfWeek': 'Sunday', 'opens': '9:0', 'closes': '17:0'}, {'@type': 'OpeningHoursSpecification', 'dayOfWeek': ['Monday', 'Tuesday', 'Wednesday', 'Thursday', 'Friday'], 'opens': '9:0', 'closes': '17:0'}, {'@type': 'OpeningHoursSpecification', 'dayOfWeek': ['Monday', 'Tuesday', 'Wednesday', 'Thursday', 'Friday'], 'opens': '9:0', 'closes': '15:0'}, {'@type': 'OpeningHoursSpecification', 'dayOfWeek': ['Monday', 'Tuesday', 'Wednesday', 'Thursday', 'Friday'], 'opens': '9:0', 'closes': '15:0'}]","{'@type': 'PostalAddress', 'addressLocality': 'Temecula', 'addressRegion': 'California', 'postalCode': '92590', 'addressCountry': 'US', 'streetAddress': '27451 Jefferson Ave'}","{'@type': 'GeoCoordinates', 'latitude': 33.5181263, 'longitude': -117.1640636}",{}
Corner Bakery Cafe - Ynez Road Temecula,https://www.ubereats.com/palm-springs/food-delivery/corner-bakery-cafe-ynez-road-temecula/61CohXMWSOOAhEDvG1P2wA,fallbrook-california,"['Breakfast and Brunch', 'American', 'Cafe', 'Desserts', 'Family Meals']",4.3,21,$,33.524005,-117.158874,+19517193289,92591,26440 Ynez Rd,Temecula,California,"[{'@type': 'OpeningHoursSpecification', 'dayOfWeek': ['Monday', 'Tuesday', 'Wednesday', 'Thursday', 'Friday', 'Saturday', 'Sunday'], 'opens': '8:0', 'closes': '20:0'}]","{'@type': 'PostalAddress', 'addressLocality': 'Temecula', 'addressRegion': 'California', 'postalCode': '92591', 'addressCountry': 'US', 'streetAddress': '26440 Ynez Rd'}","{'@type': 'GeoCoordinates', 'latitude': 33.524005, 'longitude': -117.158874}","{'@type': 'AggregateRating', 'ratingValue': 4.3, 'reviewCount': '21'}"
Yellow Basket Temecula,https://www.ubereats.com/palm-springs/food-delivery/yellow-basket-temecula/JLeR-6-iQ_-O2CvMYljzqQ,fallbrook-california,"['American', 'Breakfast and Brunch', 'Burgers']",4.2,10,$,33.529562,-117.154554,+19512960543,92591,40575 Winchester Rd,Temecula,California,"[{'@type': 'OpeningHoursSpecification', 'dayOfWeek': ['Monday', 'Tuesday', 'Wednesday', 'Thursday', 'Friday', 'Saturday', 'Sunday'], 'opens': '7:0', 'closes': '22:0'}, {'@type': 'OpeningHoursSpecification', 'dayOfWeek': ['Monday', 'Tuesday', 'Wednesday', 'Thursday', 'Friday', 'Saturday', 'Sunday'], 'opens': '6:0', 'closes': '22:0'}, {'@type': 'OpeningHoursSpecification', 'dayOfWeek': ['Monday', 'Tuesday', 'Wednesday', 'Thursday', 'Friday', 'Saturday', 'Sunday'], 'opens': '6:0', 'closes': '22:0'}]","{'@type': 'PostalAddress', 'addressLocality': 'Temecula', 'addressRegion': 'California', 'postalCode': '92591', 'addressCountry': 'US', 'streetAddress': '40575 Winchester Rd'}","{'@type': 'GeoCoordinates', 'latitude': 33.529562, 'longitude': -117.154554}","{'@type': 'AggregateRating', 'ratingValue': 4.2, 'reviewCount': '10'}"
La Hacienda Restaurant,https://www.ubereats.com/san-diego/food-delivery/la-hacienda-restaurant/1w55pvh1TDie31HQa_lb9Q,fallbrook-california,"['Mexican', 'Latin American', 'New Mexican']",4.4,46,$,33.23307039999999,-117.3240477,+17607221703,92058,300 Douglas Dr,Oceanside,CA,"[{'@type': 'OpeningHoursSpecification', 'dayOfWeek': 'Sunday', 'opens': '15:0', 'closes': '23:0'}, {'@type': 'OpeningHoursSpecification', 'dayOfWeek': ['Tuesday', 'Wednesday', 'Thursday', 'Friday', 'Saturday'], 'opens': '15:0', 'closes': '23:0'}]","{'@type': 'PostalAddress', 'addressLocality': 'Oceanside', 'addressRegion': 'CA', 'postalCode': '92058', 'addressCountry': 'US', 'streetAddress': '300 Douglas Dr'}","{'@type': 'GeoCoordinates', 'latitude': 33.23307039999999, 'longitude': -117.3240477}","{'@type': 'AggregateRating', 'ratingValue': 4.4, 'reviewCount': '46'}"
Zabber Thai Fusion,https://www.ubereats.com/palm-springs/food-delivery/zabber-thai-fusion/kkbSVdlEQp6ECdg_-i6kMA,fallbrook-california,"['Thai', 'Asian Fusion']",4.7,38,$$,33.518696,-117.153757,+19516934600,92591,41789 Nicole Ln,Temecula,California,"[{'@type': 'OpeningHoursSpecification', 'dayOfWeek': 'Sunday', 'opens': '11:0', 'closes': '21:30'}, {'@type': 'OpeningHoursSpecification', 'dayOfWeek': ['Friday', 'Saturday'], 'opens': '11:0', 'closes': '21:30'}]","{'@type': 'PostalAddress', 'addressLocality': 'Temecula', 'addressRegion': 'California', 'postalCode': '92591', 'addressCountry': 'US', 'streetAddress': '41789 Nicole Ln'}","{'@type': 'GeoCoordinates', 'latitude': 33.518696, 'longitude': -117.153757}","{'@type': 'AggregateRating', 'ratingValue': 4.7, 'reviewCount': '38'}"
Ideku Sushi & Ramen,https://www.ubereats.com/palm-springs/food-delivery/ideku-sushi-%26-ramen/5QwT_HUTQbmXdwLG-XZUtQ,fallbrook-california,"['Asian', 'Japanese', 'Sushi']",4.6,100,$,33.553256,-117.197264,+19516969968,92562,25285 Madison Ave,Murrieta,CA,"[{'@type': 'OpeningHoursSpecification', 'dayOfWeek': ['Monday', 'Tuesday', 'Wednesday', 'Thursday', 'Friday', 'Saturday', 'Sunday'], 'opens': '11:0', 'closes': '20:30'}]","{'@type': 'PostalAddress', 'addressLocality': 'Murrieta', 'addressRegion': 'CA', 'postalCode': '92562', 'addressCountry': 'US', 'streetAddress': '25285 Madison Ave'}","{'@type': 'GeoCoordinates', 'latitude': 33.553256, 'longitude': -117.197264}","{'@type': 'AggregateRating', 'ratingValue': 4.6, 'reviewCount': '100'}"
The Pizza Press (Temecula),https://www.ubereats.com/palm-springs/food-delivery/the-pizza-press-temecula/4LKLSv8EQ8aJaRZVdagI6A,fallbrook-california,"['Pizza', 'American', 'Italian']",4.6,29,$,33.4790335265021,-117.13646558180608,+19513650727,,,,,"[{'@type': 'OpeningHoursSpecification', 'dayOfWeek': 'Sunday', 'opens': '11:0', 'closes': '21:30'}, {'@type': 'OpeningHoursSpecification', 'dayOfWeek': 'Monday', 'opens': '11:0', 'closes': '17:0'}, {'@type': 'OpeningHoursSpecification', 'dayOfWeek': ['Tuesday', 'Wednesday'], 'opens': '11:0', 'closes': '21:30'}, {'@type': 'OpeningHoursSpecification', 'dayOfWeek': 'Thursday', 'opens': '11:0', 'closes': '16:30'}, {'@type': 'OpeningHoursSpecification', 'dayOfWeek': ['Friday', 'Saturday'], 'opens': '11:0', 'closes': '21:30'}]",,"{'@type': 'GeoCoordinates', 'latitude': 33.4790335265021, 'longitude': -117.13646558180608}","{'@type': 'AggregateRating', 'ratingValue': 4.6, 'reviewCount': '29'}"
Applebee's (32175 Hwy. 79) #79048,https://www.ubereats.com/palm-springs/food-delivery/applebees-32175-hwy-79-%2379048/wrvqTsOcTYai-utP7hcaaA,fallbrook-california,"['American', 'Bar Food', 'BBQ', 'burger', 'Chicken Strips', 'Comfort Food', 'Dinner', 'pasta', 'salad', 'Sandwich', 'Soup', 'Steak', 'Traditional American', 'wings', 'Family Meals']",4.7,74,$$,33.4809565,-117.0976813,+19515067852,92592,32175 Hwy. 79,Temecula,CA,"[{'@type': 'OpeningHoursSpecification', 'dayOfWeek': ['Sunday', 'Monday', 'Tuesday', 'Wednesday', 'Thursday'], 'opens': '11:0', 'closes': '21:30'}, {'@type': 'OpeningHoursSpecification', 'dayOfWeek': ['Friday', 'Saturday'], 'opens': '11:0', 'closes': '22:30'}]","{'@type': 'PostalAddress', 'addressLocality': 'Temecula', 'addressRegion': 'CA', 'postalCode': '92592', 'addressCountry': 'US', 'streetAddress': '32175 Hwy. 79'}","{'@type': 'GeoCoordinates', 'latitude': 33.4809565, 'longitude': -117.0976813}","{'@type': 'AggregateRating', 'ratingValue': 4.7, 'reviewCount': '74'}"
"Rubio's Restuarants (32180 Temecula Parkway, Building L)",https://www.ubereats.com/palm-springs/food-delivery/rubios-restuarants-32180-temecula-parkway-building-l/AkKyfDQKSJOlDnpciJUTWQ,fallbrook-california,"['Mexican', 'New Mexican', 'Sandwich', 'Family Meals']",4.7,42,$$,33.48290679999999,-117.0959335,+19515870947,92592,32180,Temecula,CA,"[{'@type': 'OpeningHoursSpecification', 'dayOfWeek': ['Monday', 'Tuesday', 'Wednesday', 'Thursday', 'Friday', 'Saturday', 'Sunday'], 'opens': '11:0', 'closes': '21:0'}]","{'@type': 'PostalAddress', 'addressLocality': 'Temecula', 'addressRegion': 'CA', 'postalCode': '92592', 'addressCountry': 'US', 'streetAddress': '32180'}","{'@type': 'GeoCoordinates', 'latitude': 33.48290679999999, 'longitude': -117.0959335}","{'@type': 'AggregateRating', 'ratingValue': 4.7, 'reviewCount': '42'}"
Jilbertos Mexican Food,https://www.ubereats.com/palm-springs/food-delivery/jilbertos-mexican-food/d1hNw4KmSQCDE-3sc7EzQw,fallbrook-california,"['Mexican', 'Latin American', 'New Mexican']",4.7,65,$,33.4974177,-117.1160654,+19512949227,92592,43049 Margarita Rd,Temecula,CA,"[{'@type': 'OpeningHoursSpecification', 'dayOfWeek': 'Sunday', 'opens': '9:0', 'closes': '19:0'}, {'@type': 'OpeningHoursSpecification', 'dayOfWeek': ['Monday', 'Tuesday', 'Wednesday', 'Thursday', 'Friday', 'Saturday'], 'opens': '8:30', 'closes': '20:0'}]","{'@type': 'PostalAddress', 'addressLocality': 'Temecula', 'addressRegion': 'CA', 'postalCode': '92592', 'addressCountry': 'US', 'streetAddress': '43049 Margarita Rd'}","{'@type': 'GeoCoordinates', 'latitude': 33.4974177, 'longitude': -117.1160654}","{'@type': 'AggregateRating', 'ratingValue': 4.7, 'reviewCount': '65'}"
"WaBa Grill (32389 Temecula Parkway #110, Temecula)",https://www.ubereats.com/palm-springs/food-delivery/waba-grill-32389-temecula-parkway-%23110-temecula/NqWiHh6WQqKhKxs25oU85Q,fallbrook-california,"['Asian Fusion', 'Asian', 'Fast Food']",4.5,23,$,33.48218680000001,-117.0925014,+19513027295,92592,32389,Temecula,CA,"[{'@type': 'OpeningHoursSpecification', 'dayOfWeek': 'Sunday', 'opens': '11:0', 'closes': '19:40'}, {'@type': 'OpeningHoursSpecification', 'dayOfWeek': ['Monday', 'Tuesday', 'Wednesday', 'Thursday', 'Friday', 'Saturday'], 'opens': '10:0', 'closes': '20:40'}]","{'@type': 'PostalAddress', 'addressLocality': 'Temecula', 'addressRegion': 'CA', 'postalCode': '92592', 'addressCountry': 'US', 'streetAddress': '32389'}","{'@type': 'GeoCoordinates', 'latitude': 33.48218680000001, 'longitude': -117.0925014}","{'@type': 'AggregateRating', 'ratingValue': 4.5, 'reviewCount': '23'}"
Red Lobster (41649 Margarita Rd),https://www.ubereats.com/palm-springs/food-delivery/red-lobster-41649-margarita-rd/0zNcJbfKQL-eY6BE4Yy-JA,fallbrook-california,"['Seafood', 'American', 'Family Meals']",4.5,35,$$,33.5203705,-117.1527009,+19514910933,92591,41649 Margarita Rd,Temecula,CA,"[{'@type': 'OpeningHoursSpecification', 'dayOfWeek': ['Sunday', 'Monday', 'Tuesday', 'Wednesday', 'Thursday'], 'opens': '11:30', 'closes': '20:0'}, {'@type': 'OpeningHoursSpecification', 'dayOfWeek': ['Friday', 'Saturday'], 'opens': '11:30', 'closes': '21:0'}]","{'@type': 'PostalAddress', 'addressLocality': 'Temecula', 'addressRegion': 'CA', 'postalCode': '92591', 'addressCountry': 'US', 'streetAddress': '41649 Margarita Rd'}","{'@type': 'GeoCoordinates', 'latitude': 33.5203705, 'longitude': -117.1527009}","{'@type': 'AggregateRating', 'ratingValue': 4.5, 'reviewCount': '35'}"
Luna Grill - Temecula,https://www.ubereats.com/palm-springs/food-delivery/luna-grill-temecula/eTo4Ol5yTVqTzEpSqeHOGw,fallbrook-california,"['Middle Eastern', 'Halal', 'Mediterranean', 'Greek', 'Family Meals']",4.7,94,$$,33.52444368064803,-117.15277304419423,+19512960605,,,,,"[{'@type': 'OpeningHoursSpecification', 'dayOfWeek': ['Sunday', 'Monday', 'Tuesday', 'Wednesday', 'Thursday'], 'opens': '11:0', 'closes': '15:0'}, {'@type': 'OpeningHoursSpecification', 'dayOfWeek': ['Sunday', 'Monday', 'Tuesday', 'Wednesday', 'Thursday'], 'opens': '15:0', 'closes': '20:30'}, {'@type': 'OpeningHoursSpecification', 'dayOfWeek': ['Friday', 'Saturday'], 'opens': '11:0', 'closes': '15:0'}, {'@type': 'OpeningHoursSpecification', 'dayOfWeek': ['Friday', 'Saturday'], 'opens': '15:0', 'closes': '21:30'}]",,"{'@type': 'GeoCoordinates', 'latitude': 33.52444368064803, 'longitude': -117.15277304419423}","{'@type': 'AggregateRating', 'ratingValue': 4.7, 'reviewCount': '94'}"
Aiyara Thai Cuisine,https://www.ubereats.com/palm-springs/food-delivery/aiyara-thai-cuisine/w67NI-4STfm3A-AUcfwnOw,fallbrook-california,"['Thai', 'Asian']",4.8,100,$,33.522269,-117.152285,+19512965758,92591,41533 Margarita Rd Ste 102,Temecula,CA,"[{'@type': 'OpeningHoursSpecification', 'dayOfWeek': 'Sunday', 'opens': '12:0', 'closes': '19:30'}, {'@type': 'OpeningHoursSpecification', 'dayOfWeek': 'Monday', 'opens': '11:0', 'closes': '19:30'}, {'@type': 'OpeningHoursSpecification', 'dayOfWeek': ['Wednesday', 'Thursday', 'Friday', 'Saturday'], 'opens': '11:0', 'closes': '20:15'}]","{'@type': 'PostalAddress', 'addressLocality': 'Temecula', 'addressRegion': 'CA', 'postalCode': '92591', 'addressCountry': 'US', 'streetAddress': '41533 Margarita Rd Ste 102'}","{'@type': 'GeoCoordinates', 'latitude': 33.522269, 'longitude': -117.152285}","{'@type': 'AggregateRating', 'ratingValue': 4.8, 'reviewCount': '100'}"
Hana Sushi #6,https://www.ubereats.com/palm-springs/food-delivery/hana-sushi-%236/T693kYxhSr6V-bChb1-idg,fallbrook-california,"['Sushi', 'Asian', 'Japanese']",4.7,76,$,33.539112,-117.142601,+19516761010,92591,39760 Winchester Rd B&C,Temecula,CA,"[{'@type': 'OpeningHoursSpecification', 'dayOfWeek': 'Sunday', 'opens': '11:30', 'closes': '20:30'}, {'@type': 'OpeningHoursSpecification', 'dayOfWeek': ['Monday', 'Tuesday', 'Wednesday', 'Thursday', 'Friday'], 'opens': '11:30', 'closes': '20:30'}, {'@type': 'OpeningHoursSpecification', 'dayOfWeek': ['Monday', 'Tuesday', 'Wednesday', 'Thursday', 'Friday'], 'opens': '11:0', 'closes': '14:30'}, {'@type': 'OpeningHoursSpecification', 'dayOfWeek': 'Saturday', 'opens': '11:30', 'closes': '20:30'}]","{'@type': 'PostalAddress', 'addressLocality': 'Temecula', 'addressRegion': 'CA', 'postalCode': '92591', 'addressCountry': 'US', 'streetAddress': '39760 Winchester Rd B&C'}","{'@type': 'GeoCoordinates', 'latitude': 33.539112, 'longitude': -117.142601}","{'@type': 'AggregateRating', 'ratingValue': 4.7, 'reviewCount': '76'}"
Jamba Juice - Temecula,https://www.ubereats.com/palm-springs/food-delivery/jamba-juice-temecula/T_59LTynTVaIPOoBNBFVJQ,fallbrook-california,['Juice and Smoothies'],,,$,33.48093,-117.100889,+9513022223,92592,31938,Temecula,California,"[{'@type': 'OpeningHoursSpecification', 'dayOfWeek': ['Monday', 'Tuesday', 'Wednesday', 'Thursday', 'Friday', 'Saturday', 'Sunday'], 'opens': '6:0', 'closes': '22:0'}]","{'@type': 'PostalAddress', 'addressLocality': 'Temecula', 'addressRegion': 'California', 'postalCode': '92592', 'addressCountry': 'US', 'streetAddress': '31938'}","{'@type': 'GeoCoordinates', 'latitude': 33.48093, 'longitude': -117.100889}",{}
Soho Ramen & Sake Bar,https://www.ubereats.com/palm-springs/food-delivery/soho-ramen-%26-sake-bar/kMVi3jcDRy-myiACS42eag,fallbrook-california,"['Ramen', 'Japanese', 'Comfort Food']",5.0,17,$,33.5245731,-117.1496083,+19517193355,92591,"41257 Margarita Rd, Ste B101",Temecula,CA,"[{'@type': 'OpeningHoursSpecification', 'dayOfWeek': ['Monday', 'Tuesday', 'Wednesday', 'Thursday', 'Friday', 'Saturday', 'Sunday'], 'opens': '11:0', 'closes': '20:0'}]","{'@type': 'PostalAddress', 'addressLocality': 'Temecula', 'addressRegion': 'CA', 'postalCode': '92591', 'addressCountry': 'US', 'streetAddress': '41257 Margarita Rd, Ste B101'}","{'@type': 'GeoCoordinates', 'latitude': 33.5245731, 'longitude': -117.1496083}","{'@type': 'AggregateRating', 'ratingValue': 5, 'reviewCount': '17'}"
Thai Kitchen,https://www.ubereats.com/palm-springs/food-delivery/thai-kitchen/bKziIsSNRZmbVLjEhBnbjw,fallbrook-california,"['Asian', 'Salads', 'Noodles']",4.7,40,$$,33.507816,-117.1469718,+19516768966,,,,,"[{'@type': 'OpeningHoursSpecification', 'dayOfWeek': ['Monday', 'Tuesday', 'Wednesday', 'Thursday', 'Friday', 'Saturday', 'Sunday'], 'opens': '10:0', 'closes': '21:0'}, {'@type': 'OpeningHoursSpecification', 'dayOfWeek': ['Monday', 'Tuesday', 'Wednesday', 'Thursday', 'Friday', 'Saturday', 'Sunday'], 'opens': '11:0', 'closes': '15:0'}]",,"{'@type': 'GeoCoordinates', 'latitude': 33.507816, 'longitude': -117.1469718}","{'@type': 'AggregateRating', 'ratingValue': 4.7, 'reviewCount': '40'}"
Jersey Mikes (26475 Ynez Road),https://www.ubereats.com/palm-springs/food-delivery/jersey-mikes-26475-ynez-road/cBUG6Ui0Qg-9P9BHYSmD-g,fallbrook-california,"['Sandwich', 'American']",4.7,29,$,33.521215,-117.157311,+19512962892,92591,26475 Ynez Road,Temecula,CA,"[{'@type': 'OpeningHoursSpecification', 'dayOfWeek': ['Monday', 'Tuesday', 'Wednesday', 'Thursday', 'Friday', 'Saturday', 'Sunday'], 'opens': '10:0', 'closes': '20:30'}]","{'@type': 'PostalAddress', 'addressLocality': 'Temecula', 'addressRegion': 'CA', 'postalCode': '92591', 'addressCountry': 'US', 'streetAddress': '26475 Ynez Road'}","{'@type': 'GeoCoordinates', 'latitude': 33.521215, 'longitude': -117.157311}","{'@type': 'AggregateRating', 'ratingValue': 4.7, 'reviewCount': '29'}"
Chipotle Mexican Grill (495 College Blvd Ste A),https://www.ubereats.com/san-diego/food-delivery/chipotle-mexican-grill-495-college-blvd-ste-a/beVPTxktSQmDkvtPazyV3A,fallbrook-california,"['Healthy', 'Mexican']",4.5,184,$,33.2452254,-117.2905278,+17607581493,92057,495 College Blvd Ste A,Oceanside,CA,"[{'@type': 'OpeningHoursSpecification', 'dayOfWeek': ['Monday', 'Tuesday', 'Wednesday', 'Thursday', 'Friday', 'Saturday', 'Sunday'], 'opens': '10:30', 'closes': '21:40'}]","{'@type': 'PostalAddress', 'addressLocality': 'Oceanside', 'addressRegion': 'CA', 'postalCode': '92057', 'addressCountry': 'US', 'streetAddress': '495 College Blvd Ste A'}","{'@type': 'GeoCoordinates', 'latitude': 33.2452254, 'longitude': -117.2905278}","{'@type': 'AggregateRating', 'ratingValue': 4.5, 'reviewCount': '184'}"
Denny's (605 College Blvd),https://www.ubereats.com/san-diego/food-delivery/dennys-605-college-blvd/nrzgD1MTQW2ZAWk43XAoUQ,fallbrook-california,"['American', 'Diner', 'Salads', 'Steak', 'Sandwich', 'Family Meals']",4.6,97,$$,33.243192,-117.290419,+17609406065,92057,605 College Blvd.,Oceanside,CA,"[{'@type': 'OpeningHoursSpecification', 'dayOfWeek': ['Monday', 'Tuesday', 'Wednesday', 'Thursday', 'Friday', 'Saturday', 'Sunday'], 'opens': '6:0', 'closes': '22:0'}, {'@type': 'OpeningHoursSpecification', 'dayOfWeek': ['Monday', 'Tuesday', 'Wednesday', 'Thursday', 'Friday', 'Saturday', 'Sunday'], 'opens': '6:0', 'closes': '22:0'}]","{'@type': 'PostalAddress', 'addressLocality': 'Oceanside', 'addressRegion': 'CA', 'postalCode': '92057', 'addressCountry': 'US', 'streetAddress': '605 College Blvd.'}","{'@type': 'GeoCoordinates', 'latitude': 33.243192, 'longitude': -117.290419}","{'@type': 'AggregateRating', 'ratingValue': 4.6, 'reviewCount': '97'}"
Panda Express (32195 Highway 79 Suite C),https://www.ubereats.com/palm-springs/food-delivery/panda-express-32195-highway-79-suite-c/qSVqor5qTk6oKKiyDSX1UA,fallbrook-california,"['Chinese', 'Family Meals']",4.4,100,$,33.4811962,-117.0968775,+19513033336,92592,32195 Highway 79 Suite C,Temecula,CA,"[{'@type': 'OpeningHoursSpecification', 'dayOfWeek': ['Sunday', 'Monday', 'Tuesday', 'Wednesday', 'Thursday'], 'opens': '10:0', 'closes': '22:0'}, {'@type': 'OpeningHoursSpecification', 'dayOfWeek': ['Friday', 'Saturday'], 'opens': '10:0', 'closes': '22:30'}]","{'@type': 'PostalAddress', 'addressLocality': 'Temecula', 'addressRegion': 'CA', 'postalCode': '92592', 'addressCountry': 'US', 'streetAddress': '32195 Highway 79 Suite C'}","{'@type': 'GeoCoordinates', 'latitude': 33.4811962, 'longitude': -117.0968775}","{'@type': 'AggregateRating', 'ratingValue': 4.4, 'reviewCount': '100'}"
Arby's (27702 Jefferson Ave),https://www.ubereats.com/palm-springs/food-delivery/arbys-27702-jefferson-ave/QPLDX_uTR0CTlz7caUdkXQ,fallbrook-california,"['American', 'Sandwich', 'Chicken', 'Fast Food', 'Kids Friendly']",4.5,37,$,33.5145699,-117.1586898,+19516761432,92590,27702 Jefferson Ave,Temecula,CA,"[{'@type': 'OpeningHoursSpecification', 'dayOfWeek': ['Monday', 'Tuesday', 'Wednesday', 'Thursday', 'Friday', 'Saturday', 'Sunday'], 'opens': '9:0', 'closes': '23:59'}]","{'@type': 'PostalAddress', 'addressLocality': 'Temecula', 'addressRegion': 'CA', 'postalCode': '92590', 'addressCountry': 'US', 'streetAddress': '27702 Jefferson Ave'}","{'@type': 'GeoCoordinates', 'latitude': 33.5145699, 'longitude': -117.1586898}","{'@type': 'AggregateRating', 'ratingValue': 4.5, 'reviewCount': '37'}"
Fallbrook Cafe,https://www.ubereats.com/san-diego/food-delivery/fallbrook-cafe/6821Nym7Tb-kWLI0cRlakg,fallbrook-california,"['Comfort Food', 'American', 'Burgers']",,,$,33.3842227,-117.2437053,+17605190841,92028,739 E Mission Rd,Fallbrook,CA,"[{'@type': 'OpeningHoursSpecification', 'dayOfWeek': 'Sunday', 'opens': '6:30', 'closes': '20:0'}, {'@type': 'OpeningHoursSpecification', 'dayOfWeek': 'Sunday', 'opens': '15:0', 'closes': '20:0'}, {'@type': 'OpeningHoursSpecification', 'dayOfWeek': 'Sunday', 'opens': '6:30', 'closes': '20:0'}, {'@type': 'OpeningHoursSpecification', 'dayOfWeek': 'Sunday', 'opens': '6:30', 'closes': '20:0'}, {'@type': 'OpeningHoursSpecification', 'dayOfWeek': ['Monday', 'Tuesday', 'Wednesday', 'Thursday', 'Friday', 'Saturday'], 'opens': '6:30', 'closes': '21:0'}, {'@type': 'OpeningHoursSpecification', 'dayOfWeek': ['Monday', 'Tuesday', 'Wednesday', 'Thursday', 'Friday', 'Saturday'], 'opens': '15:0', 'closes': '21:0'}, {'@type': 'OpeningHoursSpecification', 'dayOfWeek': ['Monday', 'Tuesday', 'Wednesday', 'Thursday', 'Friday', 'Saturday'], 'opens': '6:30', 'closes': '21:0'}, {'@type': 'OpeningHoursSpecification', 'dayOfWeek': ['Monday', 'Tuesday', 'Wednesday', 'Thursday', 'Friday', 'Saturday'], 'opens': '6:30', 'closes': '21:0'}]","{'@type': 'PostalAddress', 'addressLocality': 'Fallbrook', 'addressRegion': 'CA', 'postalCode': '92028', 'addressCountry': 'US', 'streetAddress': '739 E Mission Rd'}","{'@type': 'GeoCoordinates', 'latitude': 33.3842227, 'longitude': -117.2437053}",{}
Taste Of Siam Thai Cuisine,https://www.ubereats.com/palm-springs/food-delivery/taste-of-siam-thai-cuisine/2fEb4SumSCC7iyTsCpt14A,fallbrook-california,"['Thai', 'Asian', 'Noodles']",4.6,85,$,33.5574716,-117.176281,+19516775590,92563,40365,Murrieta,California,"[{'@type': 'OpeningHoursSpecification', 'dayOfWeek': 'Sunday', 'opens': '11:0', 'closes': '15:30'}, {'@type': 'OpeningHoursSpecification', 'dayOfWeek': 'Sunday', 'opens': '17:0', 'closes': '20:0'}, {'@type': 'OpeningHoursSpecification', 'dayOfWeek': ['Tuesday', 'Wednesday', 'Thursday', 'Friday', 'Saturday'], 'opens': '11:0', 'closes': '15:30'}, {'@type': 'OpeningHoursSpecification', 'dayOfWeek': ['Tuesday', 'Wednesday', 'Thursday', 'Friday', 'Saturday'], 'opens': '17:0', 'closes': '20:0'}]","{'@type': 'PostalAddress', 'addressLocality': 'Murrieta', 'addressRegion': 'California', 'postalCode': '92563', 'addressCountry': 'US', 'streetAddress': '40365'}","{'@type': 'GeoCoordinates', 'latitude': 33.5574716, 'longitude': -117.176281}","{'@type': 'AggregateRating', 'ratingValue': 4.6, 'reviewCount': '85'}"
Times Square Pizza & Bagels,https://www.ubereats.com/palm-springs/food-delivery/times-square-pizza-%26-bagels/-YKZou5iQe20MHRtard4Lg,fallbrook-california,['Pizza'],4.5,44,$,33.5078608,-117.1421466,+19516993200,92591,"29760 Rancho California Rd, 110",Palm Springs,CA,"[{'@type': 'OpeningHoursSpecification', 'dayOfWeek': ['Sunday', 'Monday', 'Tuesday', 'Wednesday'], 'opens': '11:0', 'closes': '20:0'}, {'@type': 'OpeningHoursSpecification', 'dayOfWeek': ['Thursday', 'Friday', 'Saturday'], 'opens': '11:0', 'closes': '21:0'}]","{'@type': 'PostalAddress', 'addressLocality': 'Palm Springs', 'addressRegion': 'CA', 'postalCode': '92591', 'addressCountry': 'US', 'streetAddress': '29760 Rancho California Rd, 110'}","{'@type': 'GeoCoordinates', 'latitude': 33.5078608, 'longitude': -117.1421466}","{'@type': 'AggregateRating', 'ratingValue': 4.5, 'reviewCount': '44'}"
Denny's- S. Main Ave.,https://www.ubereats.com/san-diego/food-delivery/dennys-s-main-ave/drljFCyETsSQQTMr9XiIrg,fallbrook-california,"['American', 'Diner', 'Family Meals']",4.2,25,$,33.376228,-117.251737,+17607284517,92028,713 S Main Ave,Fallbrook,CA,"[{'@type': 'OpeningHoursSpecification', 'dayOfWeek': ['Sunday', 'Monday', 'Tuesday', 'Wednesday', 'Thursday'], 'opens': '6:0', 'closes': '22:0'}, {'@type': 'OpeningHoursSpecification', 'dayOfWeek': ['Friday', 'Saturday'], 'opens': '6:0', 'closes': '1:0'}]","{'@type': 'PostalAddress', 'addressLocality': 'Fallbrook', 'addressRegion': 'CA', 'postalCode': '92028', 'addressCountry': 'US', 'streetAddress': '713 S Main Ave'}","{'@type': 'GeoCoordinates', 'latitude': 33.376228, 'longitude': -117.251737}","{'@type': 'AggregateRating', 'ratingValue': 4.2, 'reviewCount': '25'}"
P.F. Chang's (40762 Winchester Rd Suite 400),https://www.ubereats.com/palm-springs/food-delivery/pf-changs-40762-winchester-rd-suite-400/FtoMsj4aTISencJzTblC5Q,fallbrook-california,['Chinese'],4.6,77,$$,33.5232723,-117.152716,+19512966700,92591,40762 Winchester Rd Suite 400,Temecula,CA,"[{'@type': 'OpeningHoursSpecification', 'dayOfWeek': 'Sunday', 'opens': '11:0', 'closes': '20:30'}, {'@type': 'OpeningHoursSpecification', 'dayOfWeek': ['Monday', 'Tuesday', 'Wednesday', 'Thursday', 'Friday'], 'opens': '11:0', 'closes': '20:30'}, {'@type': 'OpeningHoursSpecification', 'dayOfWeek': ['Monday', 'Tuesday', 'Wednesday', 'Thursday', 'Friday'], 'opens': '11:0', 'closes': '15:30'}, {'@type': 'OpeningHoursSpecification', 'dayOfWeek': 'Saturday', 'opens': '11:0', 'closes': '20:30'}]","{'@type': 'PostalAddress', 'addressLocality': 'Temecula', 'addressRegion': 'CA', 'postalCode': '92591', 'addressCountry': 'US', 'streetAddress': '40762 Winchester Rd Suite 400'}","{'@type': 'GeoCoordinates', 'latitude': 33.5232723, 'longitude': -117.152716}","{'@type': 'AggregateRating', 'ratingValue': 4.6, 'reviewCount': '77'}"
China Chef,https://www.ubereats.com/palm-springs/food-delivery/china-chef/uip8S1MuQ3az5-7xr2X8Rw,fallbrook-california,"['Chinese', 'Asian Fusion']",4.5,74,$,33.522608,-117.157177,+19512963668,92591,26550 Ynez Rd,Temecula,California,"[{'@type': 'OpeningHoursSpecification', 'dayOfWeek': ['Sunday', 'Monday', 'Tuesday', 'Wednesday', 'Thursday'], 'opens': '11:0', 'closes': '15:0'}, {'@type': 'OpeningHoursSpecification', 'dayOfWeek': ['Sunday', 'Monday', 'Tuesday', 'Wednesday', 'Thursday'], 'opens': '11:0', 'closes': '21:30'}, {'@type': 'OpeningHoursSpecification', 'dayOfWeek': ['Friday', 'Saturday'], 'opens': '11:0', 'closes': '15:0'}, {'@type': 'OpeningHoursSpecification', 'dayOfWeek': ['Friday', 'Saturday'], 'opens': '11:0', 'closes': '22:0'}]","{'@type': 'PostalAddress', 'addressLocality': 'Temecula', 'addressRegion': 'California', 'postalCode': '92591', 'addressCountry': 'US', 'streetAddress': '26550 Ynez Rd'}","{'@type': 'GeoCoordinates', 'latitude': 33.522608, 'longitude': -117.157177}","{'@type': 'AggregateRating', 'ratingValue': 4.5, 'reviewCount': '74'}"
Goldenbowl ,https://www.ubereats.com/palm-springs/food-delivery/goldenbowl/rhdl3NWcRiGb47Ny3V50pQ,fallbrook-california,"['Thai', 'Salads', 'Desserts']",4.3,21,$,33.4750663,-117.1211237,+19513032835,,,,,"[{'@type': 'OpeningHoursSpecification', 'dayOfWeek': ['Monday', 'Tuesday', 'Wednesday', 'Thursday', 'Friday', 'Saturday', 'Sunday'], 'opens': '11:0', 'closes': '15:0'}, {'@type': 'OpeningHoursSpecification', 'dayOfWeek': ['Monday', 'Tuesday', 'Wednesday', 'Thursday', 'Friday', 'Saturday', 'Sunday'], 'opens': '16:0', 'closes': '20:45'}]",,"{'@type': 'GeoCoordinates', 'latitude': 33.4750663, 'longitude': -117.1211237}","{'@type': 'AggregateRating', 'ratingValue': 4.3, 'reviewCount': '21'}"
IHOP (32135 Us Hwy 79),https://www.ubereats.com/palm-springs/food-delivery/ihop-32135-us-hwy-79/TO-A76GOQzKB6AA2EONdlg,fallbrook-california,"['American', 'Breakfast and Brunch', 'burger', 'Comfort Food', 'Dinner', 'Omelette', 'salad', 'Traditional American', 'Family Meals']",4.3,48,$,33.4814541,-117.0973575,+19513027126,92592,32135 Hwy 79,Temecula,CA,"[{'@type': 'OpeningHoursSpecification', 'dayOfWeek': ['Monday', 'Tuesday', 'Wednesday', 'Thursday', 'Friday', 'Saturday', 'Sunday'], 'opens': '7:0', 'closes': '13:50'}]","{'@type': 'PostalAddress', 'addressLocality': 'Temecula', 'addressRegion': 'CA', 'postalCode': '92592', 'addressCountry': 'US', 'streetAddress': '32135 Hwy 79'}","{'@type': 'GeoCoordinates', 'latitude': 33.4814541, 'longitude': -117.0973575}","{'@type': 'AggregateRating', 'ratingValue': 4.3, 'reviewCount': '48'}"
Burger King (825 S Main St),https://www.ubereats.com/san-diego/food-delivery/burger-king-825-s-main-st/Mu2xTXZyQnefH514dX98ng,fallbrook-california,"['American', 'burger', 'Fast Food']",,,$,33.3751407,-117.2516744,+17607280434,92028,825 S Main St,Fallbrook,CA,"[{'@type': 'OpeningHoursSpecification', 'dayOfWeek': 'Sunday', 'opens': '7:30', 'closes': '10:29'}, {'@type': 'OpeningHoursSpecification', 'dayOfWeek': 'Sunday', 'opens': '10:30', 'closes': '22:30'}, {'@type': 'OpeningHoursSpecification', 'dayOfWeek': ['Monday', 'Tuesday', 'Wednesday', 'Thursday', 'Friday'], 'opens': '6:30', 'closes': '10:29'}, {'@type': 'OpeningHoursSpecification', 'dayOfWeek': ['Monday', 'Tuesday', 'Wednesday', 'Thursday', 'Friday'], 'opens': '10:30', 'closes': '22:30'}, {'@type': 'OpeningHoursSpecification', 'dayOfWeek': 'Saturday', 'opens': '7:0', 'closes': '10:29'}, {'@type': 'OpeningHoursSpecification', 'dayOfWeek': 'Saturday', 'opens': '10:30', 'closes': '22:30'}]","{'@type': 'PostalAddress', 'addressLocality': 'Fallbrook', 'addressRegion': 'CA', 'postalCode': '92028', 'addressCountry': 'US', 'streetAddress': '825 S Main St'}","{'@type': 'GeoCoordinates', 'latitude': 33.3751407, 'longitude': -117.2516744}",{}
Starbucks (Temecula Pkwy & La Paz),https://www.ubereats.com/palm-springs/food-delivery/starbucks-temecula-pkwy-%26-la-paz/UcZpUS1ITx2nRq9yBKS9ZA,fallbrook-california,"['Bakery', 'Breakfast and Brunch', 'Cafe', 'Coffee & Tea']",4.7,100,$,33.478933,-117.1361953,+19513080023,92592,30040,Temecula,CA,"[{'@type': 'OpeningHoursSpecification', 'dayOfWeek': ['Monday', 'Tuesday', 'Wednesday', 'Thursday', 'Friday', 'Saturday', 'Sunday'], 'opens': '0:0', 'closes': '23:59'}]","{'@type': 'PostalAddress', 'addressLocality': 'Temecula', 'addressRegion': 'CA', 'postalCode': '92592', 'addressCountry': 'US', 'streetAddress': '30040'}","{'@type': 'GeoCoordinates', 'latitude': 33.478933, 'longitude': -117.1361953}","{'@type': 'AggregateRating', 'ratingValue': 4.7, 'reviewCount': '100'}"
Lisa Donut & Boba,https://www.ubereats.com/palm-springs/food-delivery/lisa-donut-%26-boba/uHhrYtu-RzuyyCTa6hrb6Q,fallbrook-california,"['Breakfast and Brunch', 'American', 'Sandwiches']",4.7,49,$,33.4786163,-117.1011106,+19514068818,,,,,"[{'@type': 'OpeningHoursSpecification', 'dayOfWeek': 'Sunday', 'opens': '5:0', 'closes': '12:45'}, {'@type': 'OpeningHoursSpecification', 'dayOfWeek': ['Monday', 'Tuesday', 'Wednesday', 'Thursday', 'Friday', 'Saturday'], 'opens': '5:0', 'closes': '16:45'}]",,"{'@type': 'GeoCoordinates', 'latitude': 33.4786163, 'longitude': -117.1011106}","{'@type': 'AggregateRating', 'ratingValue': 4.7, 'reviewCount': '49'}"
CHIN's Gourmet - Temecula,https://www.ubereats.com/palm-springs/food-delivery/chins-gourmet-temecula/pGS_Cgb4R6qpCDKAiYSZVw,fallbrook-california,['Chinese'],4.6,39,$$,33.52015069999999,-117.1635483,+19516953888,92590,27464 Jefferson Av,Temecula,CA,"[{'@type': 'OpeningHoursSpecification', 'dayOfWeek': ['Monday', 'Tuesday', 'Wednesday', 'Thursday', 'Friday', 'Saturday', 'Sunday'], 'opens': '11:30', 'closes': '20:0'}, {'@type': 'OpeningHoursSpecification', 'dayOfWeek': ['Monday', 'Tuesday', 'Wednesday', 'Thursday', 'Friday', 'Saturday', 'Sunday'], 'opens': '11:0', 'closes': '20:0'}]","{'@type': 'PostalAddress', 'addressLocality': 'Temecula', 'addressRegion': 'CA', 'postalCode': '92590', 'addressCountry': 'US', 'streetAddress': '27464 Jefferson Av'}","{'@type': 'GeoCoordinates', 'latitude': 33.52015069999999, 'longitude': -117.1635483}","{'@type': 'AggregateRating', 'ratingValue': 4.6, 'reviewCount': '39'}"
Jack in the Box (27410 Jefferson Ave),https://www.ubereats.com/palm-springs/food-delivery/jack-in-the-box-27410-jefferson-ave/DcUfCfHSR3aD54WXv4zHtA,fallbrook-california,"['American', 'burger', 'Fast Food']",4.2,25,$,33.5209696,-117.1644469,+19516766037,92590,27410 Jefferson Ave,Temecula,CA,"[{'@type': 'OpeningHoursSpecification', 'dayOfWeek': 'Sunday', 'opens': '6:0', 'closes': '15:0'}, {'@type': 'OpeningHoursSpecification', 'dayOfWeek': ['Monday', 'Tuesday', 'Wednesday', 'Thursday'], 'opens': '5:30', 'closes': '22:0'}, {'@type': 'OpeningHoursSpecification', 'dayOfWeek': 'Friday', 'opens': '5:30', 'closes': '0:0'}, {'@type': 'OpeningHoursSpecification', 'dayOfWeek': 'Saturday', 'opens': '6:0', 'closes': '0:0'}]","{'@type': 'PostalAddress', 'addressLocality': 'Temecula', 'addressRegion': 'CA', 'postalCode': '92590', 'addressCountry': 'US', 'streetAddress': '27410 Jefferson Ave'}","{'@type': 'GeoCoordinates', 'latitude': 33.5209696, 'longitude': -117.1644469}","{'@type': 'AggregateRating', 'ratingValue': 4.2, 'reviewCount': '25'}"
Bushfire Kitchen - Temecula,https://www.ubereats.com/palm-springs/food-delivery/bushfire-kitchen-temecula/WaUFOdazQYOiUWKvY89rNw,fallbrook-california,"['American', 'Family Meals']",4.6,100,$$,33.5288206,-117.1561498,+19512960190,92591,40665 Winchester Road,Temecula,CA,"[{'@type': 'OpeningHoursSpecification', 'dayOfWeek': ['Monday', 'Tuesday', 'Wednesday', 'Thursday', 'Friday', 'Saturday', 'Sunday'], 'opens': '11:0', 'closes': '20:15'}]","{'@type': 'PostalAddress', 'addressLocality': 'Temecula', 'addressRegion': 'CA', 'postalCode': '92591', 'addressCountry': 'US', 'streetAddress': '40665 Winchester Road'}","{'@type': 'GeoCoordinates', 'latitude': 33.5288206, 'longitude': -117.1561498}","{'@type': 'AggregateRating', 'ratingValue': 4.6, 'reviewCount': '100'}"
Jack in the Box (32055 Temecula Pkwy),https://www.ubereats.com/palm-springs/food-delivery/jack-in-the-box-32055-temecula-pkwy/57EZEAqgQj-kSp3kbgfUTg,fallbrook-california,"['American', 'burger', 'Fast Food']",4.5,83,$,33.4802519,-117.0999784,+19513030933,92592,32055,Temecula,CA,"[{'@type': 'OpeningHoursSpecification', 'dayOfWeek': ['Monday', 'Tuesday', 'Wednesday', 'Thursday', 'Friday', 'Saturday', 'Sunday'], 'opens': '8:0', 'closes': '16:0'}]","{'@type': 'PostalAddress', 'addressLocality': 'Temecula', 'addressRegion': 'CA', 'postalCode': '92592', 'addressCountry': 'US', 'streetAddress': '32055'}","{'@type': 'GeoCoordinates', 'latitude': 33.4802519, 'longitude': -117.0999784}","{'@type': 'AggregateRating', 'ratingValue': 4.5, 'reviewCount': '83'}"
Wahoo's Fish Taco (29073 Overland Dr),https://www.ubereats.com/palm-springs/food-delivery/wahoos-fish-taco-29073-overland-dr/IR2-Cs2cQqG_ENcZ8Inlww,fallbrook-california,"['Mexican', 'Seafood', 'Tacos']",4.6,10,$,33.5190102,-117.1519952,+19516944444,92590,29073 Overland Dr,Temecula,CA,"[{'@type': 'OpeningHoursSpecification', 'dayOfWeek': ['Monday', 'Tuesday', 'Wednesday', 'Thursday', 'Friday', 'Saturday', 'Sunday'], 'opens': '11:0', 'closes': '19:0'}]","{'@type': 'PostalAddress', 'addressLocality': 'Temecula', 'addressRegion': 'CA', 'postalCode': '92590', 'addressCountry': 'US', 'streetAddress': '29073 Overland Dr'}","{'@type': 'GeoCoordinates', 'latitude': 33.5190102, 'longitude': -117.1519952}","{'@type': 'AggregateRating', 'ratingValue': 4.6, 'reviewCount': '10'}"
Devilicious Eatery,https://www.ubereats.com/palm-springs/food-delivery/devilicious-eatery/1VZYEvljSwC3JDG0i0-vJQ,fallbrook-california,"['New American', 'Pub']",,,$$,33.492364,-117.147891,+19515064024,92590,28693 Old Town Front St,Temecula,California,"[{'@type': 'OpeningHoursSpecification', 'dayOfWeek': 'Monday', 'opens': '4:0', 'closes': '6:0'}]","{'@type': 'PostalAddress', 'addressLocality': 'Temecula', 'addressRegion': 'California', 'postalCode': '92590', 'addressCountry': 'US', 'streetAddress': '28693 Old Town Front St'}","{'@type': 'GeoCoordinates', 'latitude': 33.492364, 'longitude': -117.147891}",{}
Mountain Mike's Pizza (455 College Blvd),https://www.ubereats.com/san-diego/food-delivery/mountain-mikes-pizza-455-college-blvd/VLpAmVefQuuVJC-MXMrH8Q,fallbrook-california,"['American', 'Salads', 'Pizza']",4.5,72,$,33.2454083,-117.2930551,+17602953121,92057,455 College Blvd #10,Oceanside,CA,"[{'@type': 'OpeningHoursSpecification', 'dayOfWeek': ['Monday', 'Tuesday', 'Wednesday', 'Thursday', 'Friday', 'Saturday', 'Sunday'], 'opens': '10:45', 'closes': '20:30'}]","{'@type': 'PostalAddress', 'addressLocality': 'Oceanside', 'addressRegion': 'CA', 'postalCode': '92057', 'addressCountry': 'US', 'streetAddress': '455 College Blvd #10'}","{'@type': 'GeoCoordinates', 'latitude': 33.2454083, 'longitude': -117.2930551}","{'@type': 'AggregateRating', 'ratingValue': 4.5, 'reviewCount': '72'}"
McDonald's (143 Ammunition Road),https://www.ubereats.com/san-diego/food-delivery/mcdonalds-143-ammunition-road/nlMLhePARLGYESa1eHYB4w,fallbrook-california,"['American', 'burger', 'Fast Food']",4.5,44,$,33.3714816,-117.2521172,+17607286359,92028,143 Ammunition Road,Fallbrook,CA,"[{'@type': 'OpeningHoursSpecification', 'dayOfWeek': 'Sunday', 'opens': '4:0', 'closes': '10:59'}, {'@type': 'OpeningHoursSpecification', 'dayOfWeek': 'Sunday', 'opens': '10:30', 'closes': '16:59'}, {'@type': 'OpeningHoursSpecification', 'dayOfWeek': 'Sunday', 'opens': '17:0', 'closes': '3:59'}, {'@type': 'OpeningHoursSpecification', 'dayOfWeek': ['Monday', 'Tuesday', 'Wednesday', 'Thursday', 'Friday'], 'opens': '4:0', 'closes': '10:29'}, {'@type': 'OpeningHoursSpecification', 'dayOfWeek': ['Monday', 'Tuesday', 'Wednesday', 'Thursday', 'Friday'], 'opens': '10:30', 'closes': '16:59'}, {'@type': 'OpeningHoursSpecification', 'dayOfWeek': ['Monday', 'Tuesday', 'Wednesday', 'Thursday', 'Friday'], 'opens': '17:0', 'closes': '3:59'}, {'@type': 'OpeningHoursSpecification', 'dayOfWeek': 'Saturday', 'opens': '4:0', 'closes': '10:59'}, {'@type': 'OpeningHoursSpecification', 'dayOfWeek': 'Saturday', 'opens': '10:30', 'closes': '16:59'}, {'@type': 'OpeningHoursSpecification', 'dayOfWeek': 'Saturday', 'opens': '17:0', 'closes': '3:59'}]","{'@type': 'PostalAddress', 'addressLocality': 'Fallbrook', 'addressRegion': 'CA', 'postalCode': '92028', 'addressCountry': 'US', 'streetAddress': '143 Ammunition Road'}","{'@type': 'GeoCoordinates', 'latitude': 33.3714816, 'longitude': -117.2521172}","{'@type': 'AggregateRating', 'ratingValue': 4.5, 'reviewCount': '44'}"
Lazy Dog Restaurant & Bar (Temecula),https://www.ubereats.com/palm-springs/food-delivery/lazy-dog-restaurant-%26-bar-temecula/l0Purbj_S3-HAkujL3l7bA,fallbrook-california,"['Burgers', 'American', 'Sandwiches', 'Family Meals']",4.5,42,$$,33.52365595629341,-117.15233694285729,+19517191884,,,,,"[{'@type': 'OpeningHoursSpecification', 'dayOfWeek': 'Sunday', 'opens': '9:0', 'closes': '23:0'}, {'@type': 'OpeningHoursSpecification', 'dayOfWeek': 'Sunday', 'opens': '9:0', 'closes': '16:0'}, {'@type': 'OpeningHoursSpecification', 'dayOfWeek': 'Sunday', 'opens': '9:0', 'closes': '14:0'}, {'@type': 'OpeningHoursSpecification', 'dayOfWeek': ['Monday', 'Tuesday', 'Wednesday'], 'opens': '11:0', 'closes': '23:0'}, {'@type': 'OpeningHoursSpecification', 'dayOfWeek': ['Monday', 'Tuesday', 'Wednesday'], 'opens': '11:0', 'closes': '16:0'}, {'@type': 'OpeningHoursSpecification', 'dayOfWeek': ['Thursday', 'Friday'], 'opens': '11:0', 'closes': '23:59'}, {'@type': 'OpeningHoursSpecification', 'dayOfWeek': ['Thursday', 'Friday'], 'opens': '11:0', 'closes': '16:0'}, {'@type': 'OpeningHoursSpecification', 'dayOfWeek': 'Saturday', 'opens': '9:0', 'closes': '23:59'}, {'@type': 'OpeningHoursSpecification', 'dayOfWeek': 'Saturday', 'opens': '9:0', 'closes': '16:0'}, {'@type': 'OpeningHoursSpecification', 'dayOfWeek': 'Saturday', 'opens': '9:0', 'closes': '14:0'}]",,"{'@type': 'GeoCoordinates', 'latitude': 33.52365595629341, 'longitude': -117.15233694285729}","{'@type': 'AggregateRating', 'ratingValue': 4.5, 'reviewCount': '42'}"
Carl's Jr. (33125 Temecula Pkwy),https://www.ubereats.com/palm-springs/food-delivery/carls-jr-33125-temecula-pkwy/t5_FUbkkRUaoMWAtDeFq2Q,fallbrook-california,"['Fast Food', 'Burgers', 'Salads', 'Burritos', 'American']",4.6,11,$,33.4852093,-117.0808103,+19513022514,92592,33125,Temecula,CA,"[{'@type': 'OpeningHoursSpecification', 'dayOfWeek': ['Monday', 'Tuesday', 'Wednesday', 'Thursday', 'Friday', 'Saturday', 'Sunday'], 'opens': '7:0', 'closes': '10:30'}, {'@type': 'OpeningHoursSpecification', 'dayOfWeek': ['Monday', 'Tuesday', 'Wednesday', 'Thursday', 'Friday', 'Saturday', 'Sunday'], 'opens': '7:0', 'closes': '22:30'}]","{'@type': 'PostalAddress', 'addressLocality': 'Temecula', 'addressRegion': 'CA', 'postalCode': '92592', 'addressCountry': 'US', 'streetAddress': '33125'}","{'@type': 'GeoCoordinates', 'latitude': 33.4852093, 'longitude': -117.0808103}","{'@type': 'AggregateRating', 'ratingValue': 4.6, 'reviewCount': '11'}"
"Rubio's Restuarants (27480 Ynez Road, Suite O-2)",https://www.ubereats.com/palm-springs/food-delivery/rubios-restuarants-27480-ynez-road-suite-o-2/BhzWMePuQJ2QaG4M5Yis-g,fallbrook-california,"['Mexican', 'New Mexican', 'Salads', 'Family Meals']",4.5,15,$$,33.5075935,-117.1470233,+19096949948,92591,27480 Ynez Road,Temecula,CA,"[{'@type': 'OpeningHoursSpecification', 'dayOfWeek': 'Sunday', 'opens': '10:30', 'closes': '21:0'}, {'@type': 'OpeningHoursSpecification', 'dayOfWeek': 'Sunday', 'opens': '10:30', 'closes': '21:0'}, {'@type': 'OpeningHoursSpecification', 'dayOfWeek': ['Monday', 'Tuesday', 'Wednesday', 'Thursday', 'Friday', 'Saturday'], 'opens': '10:0', 'closes': '21:0'}, {'@type': 'OpeningHoursSpecification', 'dayOfWeek': ['Monday', 'Tuesday', 'Wednesday', 'Thursday', 'Friday', 'Saturday'], 'opens': '10:0', 'closes': '21:0'}]","{'@type': 'PostalAddress', 'addressLocality': 'Temecula', 'addressRegion': 'CA', 'postalCode': '92591', 'addressCountry': 'US', 'streetAddress': '27480 Ynez Road'}","{'@type': 'GeoCoordinates', 'latitude': 33.5075935, 'longitude': -117.1470233}","{'@type': 'AggregateRating', 'ratingValue': 4.5, 'reviewCount': '15'}"
Jack in the Box (29105 Old Town Front Street),https://www.ubereats.com/palm-springs/food-delivery/jack-in-the-box-29105-old-town-front-street/S6ydJeXhR7WRongwdjE12g,fallbrook-california,"['American', 'burger', 'Fast Food']",4.0,36,$,33.4820347,-117.1438022,+19515063322,92590,29105 Old Town Front Street,Temecula,CA,"[{'@type': 'OpeningHoursSpecification', 'dayOfWeek': ['Monday', 'Tuesday', 'Wednesday', 'Thursday', 'Friday', 'Saturday', 'Sunday'], 'opens': '0:0', 'closes': '23:59'}]","{'@type': 'PostalAddress', 'addressLocality': 'Temecula', 'addressRegion': 'CA', 'postalCode': '92590', 'addressCountry': 'US', 'streetAddress': '29105 Old Town Front Street'}","{'@type': 'GeoCoordinates', 'latitude': 33.4820347, 'longitude': -117.1438022}","{'@type': 'AggregateRating', 'ratingValue': 4, 'reviewCount': '36'}"
Siggy's Restaurant,https://www.ubereats.com/palm-springs/food-delivery/siggys-restaurant/3PRGDmmyTHmgmd_4aCrl_A,fallbrook-california,"['Burgers', 'American', 'Sandwiches']",,,$,33.5293498,-117.1746873,+19516960119,92562,26820 Jefferson Ave,Murrieta,CA,"[{'@type': 'OpeningHoursSpecification', 'dayOfWeek': 'Sunday', 'opens': '7:0', 'closes': '15:0'}, {'@type': 'OpeningHoursSpecification', 'dayOfWeek': 'Monday', 'opens': '6:0', 'closes': '19:0'}, {'@type': 'OpeningHoursSpecification', 'dayOfWeek': 'Monday', 'opens': '2:0', 'closes': '2:1'}, {'@type': 'OpeningHoursSpecification', 'dayOfWeek': ['Tuesday', 'Wednesday', 'Thursday', 'Friday', 'Saturday'], 'opens': '6:0', 'closes': '19:0'}]","{'@type': 'PostalAddress', 'addressLocality': 'Murrieta', 'addressRegion': 'CA', 'postalCode': '92562', 'addressCountry': 'US', 'streetAddress': '26820 Jefferson Ave'}","{'@type': 'GeoCoordinates', 'latitude': 33.5293498, 'longitude': -117.1746873}",{}
Philhouse- Temecula,https://www.ubereats.com/palm-springs/food-delivery/philhouse-temecula/ygZQ6XRaTi2YzHO4-YYJ9g,fallbrook-california,"['South East Asian', 'Seafood', 'Chicken']",,,$,33.4833903,-117.1018859,+19512528033,92592,44060 Margarita Road,Temecula,CA,"[{'@type': 'OpeningHoursSpecification', 'dayOfWeek': ['Monday', 'Tuesday', 'Wednesday', 'Thursday', 'Friday', 'Saturday', 'Sunday'], 'opens': '11:0', 'closes': '20:0'}, {'@type': 'OpeningHoursSpecification', 'dayOfWeek': ['Monday', 'Tuesday', 'Wednesday', 'Thursday', 'Friday', 'Saturday', 'Sunday'], 'opens': '8:0', 'closes': '10:0'}, {'@type': 'OpeningHoursSpecification', 'dayOfWeek': ['Monday', 'Tuesday', 'Wednesday', 'Thursday', 'Friday', 'Saturday', 'Sunday'], 'opens': '10:0', 'closes': '20:0'}]","{'@type': 'PostalAddress', 'addressLocality': 'Temecula', 'addressRegion': 'CA', 'postalCode': '92592', 'addressCountry': 'US', 'streetAddress': '44060 Margarita Road'}","{'@type': 'GeoCoordinates', 'latitude': 33.4833903, 'longitude': -117.1018859}",{}
Jack in the Box (1465 S Mission Rd),https://www.ubereats.com/san-diego/food-delivery/jack-in-the-box-1465-s-mission-rd/RcyPJEaITySQnOwm0wp0FA,fallbrook-california,"['American', 'burger', 'Fast Food']",4.3,47,$,33.3665466,-117.2502965,+17607238565,92028,1465 S Mission Rd,Fallbrook,CA,"[{'@type': 'OpeningHoursSpecification', 'dayOfWeek': ['Monday', 'Tuesday', 'Wednesday', 'Thursday', 'Friday', 'Saturday', 'Sunday'], 'opens': '0:0', 'closes': '23:59'}]","{'@type': 'PostalAddress', 'addressLocality': 'Fallbrook', 'addressRegion': 'CA', 'postalCode': '92028', 'addressCountry': 'US', 'streetAddress': '1465 S Mission Rd'}","{'@type': 'GeoCoordinates', 'latitude': 33.3665466, 'longitude': -117.2502965}","{'@type': 'AggregateRating', 'ratingValue': 4.3, 'reviewCount': '47'}"
Krispy Krunchy Chicken (Temecula 1),https://www.ubereats.com/palm-springs/food-delivery/krispy-krunchy-chicken-temecula-1/7fxKCjdnQTih4kpSMEle5A,fallbrook-california,"['American', 'Wings', 'Family Meals']",,,$,33.4752823,-117.1280903,+19515874208,92592,30535,Temecula,CA,"[{'@type': 'OpeningHoursSpecification', 'dayOfWeek': ['Sunday', 'Monday', 'Tuesday'], 'opens': '11:0', 'closes': '18:30'}, {'@type': 'OpeningHoursSpecification', 'dayOfWeek': ['Thursday', 'Friday', 'Saturday'], 'opens': '11:0', 'closes': '18:30'}]","{'@type': 'PostalAddress', 'addressLocality': 'Temecula', 'addressRegion': 'CA', 'postalCode': '92592', 'addressCountry': 'US', 'streetAddress': '30535'}","{'@type': 'GeoCoordinates', 'latitude': 33.4752823, 'longitude': -117.1280903}",{}
