name,url,city,cuisine,avgRating,numReviews,priceRange,latitude,longitude,telephone,postalCode,streetAddress,addressLocality,addressRegion,openingHoursSpecification,addressString,geoString,ratingString
Jersey Mike’s Subs (584 Rt. 9),https://www.ubereats.com/nyc-suburbs/food-delivery/jersey-mikes-subs-584-rt-9/RrCyCHsoRAaWslXkJJZsRQ,fishkill-new-york,"['Sandwich', 'American']",4.5,42,$,41.5285869,-73.8916601,+18458977700,12524,584 Rt. 9,Fishkill,NY,"[{'@type': 'OpeningHoursSpecification', 'dayOfWeek': ['Monday', 'Tuesday', 'Wednesday', 'Thursday', 'Friday', 'Saturday', 'Sunday'], 'opens': '10:0', 'closes': '20:30'}]","{'@type': 'PostalAddress', 'addressLocality': 'Fishkill', 'addressRegion': 'NY', 'postalCode': '12524', 'addressCountry': 'US', 'streetAddress': '584 Rt. 9'}","{'@type': 'GeoCoordinates', 'latitude': 41.5285869, 'longitude': -73.8916601}","{'@type': 'AggregateRating', 'ratingValue': 4.5, 'reviewCount': '42'}"
Chuck E. Cheese (1895 South Rd.),https://www.ubereats.com/nyc-suburbs/food-delivery/chuck-e-cheese-1895-south-rd/rP3AoQt8RcyZUn-QZJ0pVA,fishkill-new-york,"['Pizza', 'American', 'Italian']",,,$,41.6172599,-73.9175656,+18452979508,12601,1895 South Rd.,Poughkeepsie,NY,"[{'@type': 'OpeningHoursSpecification', 'dayOfWeek': ['Monday', 'Tuesday', 'Wednesday', 'Thursday', 'Friday', 'Saturday', 'Sunday'], 'opens': '11:0', 'closes': '20:0'}]","{'@type': 'PostalAddress', 'addressLocality': 'Poughkeepsie', 'addressRegion': 'NY', 'postalCode': '12601', 'addressCountry': 'US', 'streetAddress': '1895 South Rd.'}","{'@type': 'GeoCoordinates', 'latitude': 41.6172599, 'longitude': -73.9175656}",{}
Charley's Philly Steaks (2001 South RoadSpace F107),https://www.ubereats.com/nyc-suburbs/food-delivery/charleys-philly-steaks-2001-south-roadspace-f107/G2hyhUPBSeCUpLbVXpOwuw,fishkill-new-york,"['Sandwich', 'Kids Friendly', 'Chicken']",,,$,41.6268419,-73.921635,+15183622388,12601,2001 South Road Space F107,Poughkeepsie,NY,"[{'@type': 'OpeningHoursSpecification', 'dayOfWeek': 'Sunday', 'opens': '12:0', 'closes': '17:30'}, {'@type': 'OpeningHoursSpecification', 'dayOfWeek': ['Monday', 'Tuesday', 'Wednesday', 'Thursday', 'Friday', 'Saturday'], 'opens': '11:0', 'closes': '18:30'}]","{'@type': 'PostalAddress', 'addressLocality': 'Poughkeepsie', 'addressRegion': 'NY', 'postalCode': '12601', 'addressCountry': 'US', 'streetAddress': '2001 South Road Space F107'}","{'@type': 'GeoCoordinates', 'latitude': 41.6268419, 'longitude': -73.921635}",{}
Heritage Food and Drink,https://www.ubereats.com/nyc-suburbs/food-delivery/heritage-food-and-drink/KL2pzf0USgOQi4ah_C6Mig,fishkill-new-york,"['Burgers', 'American', 'Comfort Food']",,,$,41.5822568,-73.9093901,+18452981555,12590,1379 9,Wappingers Falls,NY,"[{'@type': 'OpeningHoursSpecification', 'dayOfWeek': ['Monday', 'Tuesday', 'Wednesday', 'Thursday', 'Friday', 'Saturday', 'Sunday'], 'opens': '15:30', 'closes': '19:30'}]","{'@type': 'PostalAddress', 'addressLocality': 'Wappingers Falls', 'addressRegion': 'NY', 'postalCode': '12590', 'addressCountry': 'US', 'streetAddress': '1379 9'}","{'@type': 'GeoCoordinates', 'latitude': 41.5822568, 'longitude': -73.9093901}",{}
Cornwall sweets,https://www.ubereats.com/nyc-suburbs/food-delivery/cornwall-sweets/LNsZ_KuqRUa-4y6tMMc1oQ,fishkill-new-york,"['Desserts', 'Vegetarian', 'Coffee and Tea']",,,$,41.435176,-74.0339827,+19144502552,12518,297 Main St,Cornwall,NY,"[{'@type': 'OpeningHoursSpecification', 'dayOfWeek': 'Sunday', 'opens': '11:0', 'closes': '21:0'}, {'@type': 'OpeningHoursSpecification', 'dayOfWeek': ['Tuesday', 'Wednesday', 'Thursday', 'Friday', 'Saturday'], 'opens': '11:0', 'closes': '21:0'}]","{'@type': 'PostalAddress', 'addressLocality': 'Cornwall', 'addressRegion': 'NY', 'postalCode': '12518', 'addressCountry': 'US', 'streetAddress': '297 Main St'}","{'@type': 'GeoCoordinates', 'latitude': 41.435176, 'longitude': -74.0339827}",{}
Dunkin' (1491 Route 9),https://www.ubereats.com/nyc-suburbs/food-delivery/dunkin-1491-route-9/rrvpb_LGTs6E6ScG33pv_w,fishkill-new-york,"['Breakfast and Brunch', 'Donuts']",,,$,41.59008659999999,-73.9088389,+18452189045,12590,1491 Route 9,Wappingers Falls,NY,"[{'@type': 'OpeningHoursSpecification', 'dayOfWeek': ['Monday', 'Tuesday', 'Wednesday', 'Thursday', 'Friday', 'Saturday', 'Sunday'], 'opens': '6:30', 'closes': '19:30'}]","{'@type': 'PostalAddress', 'addressLocality': 'Wappingers Falls', 'addressRegion': 'NY', 'postalCode': '12590', 'addressCountry': 'US', 'streetAddress': '1491 Route 9'}","{'@type': 'GeoCoordinates', 'latitude': 41.59008659999999, 'longitude': -73.9088389}",{}
Kennedy Fried Chicken (472 Broadway),https://www.ubereats.com/nyc-suburbs/food-delivery/kennedy-fried-chicken-472-broadway/29cCFSEATCSzPztoscWjbw,fishkill-new-york,"['Comfort Food', 'American', 'Wings']",4.0,51,$,41.5015046,-74.0294384,+18455692376,12550,472 Broadway,Newburgh,NY,"[{'@type': 'OpeningHoursSpecification', 'dayOfWeek': ['Sunday', 'Monday', 'Tuesday', 'Wednesday', 'Thursday'], 'opens': '11:0', 'closes': '0:0'}, {'@type': 'OpeningHoursSpecification', 'dayOfWeek': ['Friday', 'Saturday'], 'opens': '11:0', 'closes': '2:30'}]","{'@type': 'PostalAddress', 'addressLocality': 'Newburgh', 'addressRegion': 'NY', 'postalCode': '12550', 'addressCountry': 'US', 'streetAddress': '472 Broadway'}","{'@type': 'GeoCoordinates', 'latitude': 41.5015046, 'longitude': -74.0294384}","{'@type': 'AggregateRating', 'ratingValue': 4, 'reviewCount': '51'}"
Dutchess BBQ,https://www.ubereats.com/nyc-suburbs/food-delivery/dutchess-bbq/xG44aJpCRLaP2N8DFWtwsg,fishkill-new-york,"['Burgers', 'American', 'Sandwiches']",3.9,18,$,41.6404058,-73.87447,+18458491774,12603,1820 New Hackensack Road,Poughkeepsie,NY,"[{'@type': 'OpeningHoursSpecification', 'dayOfWeek': 'Sunday', 'opens': '11:30', 'closes': '20:0'}, {'@type': 'OpeningHoursSpecification', 'dayOfWeek': 'Sunday', 'opens': '12:0', 'closes': '19:0'}, {'@type': 'OpeningHoursSpecification', 'dayOfWeek': ['Monday', 'Tuesday', 'Wednesday', 'Thursday'], 'opens': '11:30', 'closes': '20:0'}, {'@type': 'OpeningHoursSpecification', 'dayOfWeek': ['Monday', 'Tuesday', 'Wednesday', 'Thursday'], 'opens': '11:30', 'closes': '20:0'}, {'@type': 'OpeningHoursSpecification', 'dayOfWeek': ['Friday', 'Saturday'], 'opens': '11:30', 'closes': '21:30'}, {'@type': 'OpeningHoursSpecification', 'dayOfWeek': ['Friday', 'Saturday'], 'opens': '11:30', 'closes': '20:0'}]","{'@type': 'PostalAddress', 'addressLocality': 'Poughkeepsie', 'addressRegion': 'NY', 'postalCode': '12603', 'addressCountry': 'US', 'streetAddress': '1820 New Hackensack Road'}","{'@type': 'GeoCoordinates', 'latitude': 41.6404058, 'longitude': -73.87447}","{'@type': 'AggregateRating', 'ratingValue': 3.9, 'reviewCount': '18'}"
Super Kennedy Fried Chicken (136 Lake Street),https://www.ubereats.com/nyc-suburbs/food-delivery/super-kennedy-fried-chicken-136-lake-street/9U4fdNpMTKW3MGyXK5C-1g,fishkill-new-york,"['Comfort Food', 'American', 'Wings']",4.3,49,$,41.4968172,-74.0297678,+18455621013,12550,136 Lake St,Newburgh,NY,"[{'@type': 'OpeningHoursSpecification', 'dayOfWeek': ['Monday', 'Tuesday', 'Wednesday', 'Thursday', 'Friday', 'Saturday', 'Sunday'], 'opens': '11:0', 'closes': '1:30'}]","{'@type': 'PostalAddress', 'addressLocality': 'Newburgh', 'addressRegion': 'NY', 'postalCode': '12550', 'addressCountry': 'US', 'streetAddress': '136 Lake St'}","{'@type': 'GeoCoordinates', 'latitude': 41.4968172, 'longitude': -74.0297678}","{'@type': 'AggregateRating', 'ratingValue': 4.3, 'reviewCount': '49'}"
El toro loco,https://www.ubereats.com/nyc-suburbs/food-delivery/el-toro-loco/BAaW38a6SqKPAhc5AMQb8g,fishkill-new-york,"['Mexican', 'Latin American', 'New Mexican']",,,$,41.62236979999999,-73.91846319999999,+17328106998,12601,1955 South Rd,Poughkeepsie,NY,"[{'@type': 'OpeningHoursSpecification', 'dayOfWeek': ['Sunday', 'Monday', 'Tuesday', 'Wednesday'], 'opens': '11:0', 'closes': '23:0'}, {'@type': 'OpeningHoursSpecification', 'dayOfWeek': ['Friday', 'Saturday'], 'opens': '11:0', 'closes': '2:0'}]","{'@type': 'PostalAddress', 'addressLocality': 'Poughkeepsie', 'addressRegion': 'NY', 'postalCode': '12601', 'addressCountry': 'US', 'streetAddress': '1955 South Rd'}","{'@type': 'GeoCoordinates', 'latitude': 41.62236979999999, 'longitude': -73.91846319999999}",{}
Yummy platters,https://www.ubereats.com/nyc-suburbs/food-delivery/yummy-platters/FaQZDzQ8QMqn6E1pV9aB-A,fishkill-new-york,"['Halal', 'Chicken', 'Middle Eastern']",4.6,84,$,41.52705900000001,-74.0706311,+18455228989,12550,202 S Plank Rd,Newburgh,NY,"[{'@type': 'OpeningHoursSpecification', 'dayOfWeek': 'Sunday', 'opens': '11:0', 'closes': '21:30'}, {'@type': 'OpeningHoursSpecification', 'dayOfWeek': ['Monday', 'Tuesday', 'Wednesday', 'Thursday', 'Friday', 'Saturday'], 'opens': '11:0', 'closes': '22:0'}]","{'@type': 'PostalAddress', 'addressLocality': 'Newburgh', 'addressRegion': 'NY', 'postalCode': '12550', 'addressCountry': 'US', 'streetAddress': '202 S Plank Rd'}","{'@type': 'GeoCoordinates', 'latitude': 41.52705900000001, 'longitude': -74.0706311}","{'@type': 'AggregateRating', 'ratingValue': 4.6, 'reviewCount': '84'}"
Farm to Table Bistro,https://www.ubereats.com/nyc-suburbs/food-delivery/farm-to-table-bistro/AsPxi28JT8WjHmykFd-P2w,fishkill-new-york,"['American', 'Salads', 'Snacks']",,,,41.56178,-73.90503,+19147554407,12524,1083 Route 9 Suite One,Fishkill,NY,"[{'@type': 'OpeningHoursSpecification', 'dayOfWeek': 'Sunday', 'opens': '13:0', 'closes': '20:0'}, {'@type': 'OpeningHoursSpecification', 'dayOfWeek': ['Tuesday', 'Wednesday', 'Thursday', 'Friday', 'Saturday'], 'opens': '12:0', 'closes': '21:0'}]","{'@type': 'PostalAddress', 'addressLocality': 'Fishkill', 'addressRegion': 'NY', 'postalCode': '12524', 'addressCountry': 'US', 'streetAddress': '1083 Route 9 Suite One'}","{'@type': 'GeoCoordinates', 'latitude': 41.56178, 'longitude': -73.90503}",{}
Royal crepes,https://www.ubereats.com/nyc-suburbs/food-delivery/royal-crepes/2C-ZBRioS-uCGyC1SQntsQ,fishkill-new-york,"['European', 'Modern European', 'Pastry', 'Desserts']",4.1,18,$,41.50563669999999,-73.97118689999999,+18454642604,12508,303 Main St,Beacon,NY,"[{'@type': 'OpeningHoursSpecification', 'dayOfWeek': 'Sunday', 'opens': '9:0', 'closes': '19:0'}, {'@type': 'OpeningHoursSpecification', 'dayOfWeek': ['Tuesday', 'Wednesday', 'Thursday', 'Friday'], 'opens': '10:0', 'closes': '20:0'}, {'@type': 'OpeningHoursSpecification', 'dayOfWeek': 'Saturday', 'opens': '10:0', 'closes': '21:0'}]","{'@type': 'PostalAddress', 'addressLocality': 'Beacon', 'addressRegion': 'NY', 'postalCode': '12508', 'addressCountry': 'US', 'streetAddress': '303 Main St'}","{'@type': 'GeoCoordinates', 'latitude': 41.50563669999999, 'longitude': -73.97118689999999}","{'@type': 'AggregateRating', 'ratingValue': 4.1, 'reviewCount': '18'}"
Dunkin' (2265 South Rd),https://www.ubereats.com/nyc-suburbs/food-delivery/dunkin-2265-south-rd/YFs2k1E2RNSWIGlPiC0WiA,fishkill-new-york,"['Breakfast and Brunch', 'Donuts']",4.3,34,$,41.6441052,-73.9228814,+18454620606,12601,2265 South Rd,Poughkeepsie,NY,"[{'@type': 'OpeningHoursSpecification', 'dayOfWeek': 'Sunday', 'opens': '6:30', 'closes': '18:30'}, {'@type': 'OpeningHoursSpecification', 'dayOfWeek': ['Monday', 'Tuesday', 'Wednesday', 'Thursday', 'Friday'], 'opens': '5:30', 'closes': '18:30'}, {'@type': 'OpeningHoursSpecification', 'dayOfWeek': 'Saturday', 'opens': '6:30', 'closes': '18:30'}]","{'@type': 'PostalAddress', 'addressLocality': 'Poughkeepsie', 'addressRegion': 'NY', 'postalCode': '12601', 'addressCountry': 'US', 'streetAddress': '2265 South Rd'}","{'@type': 'GeoCoordinates', 'latitude': 41.6441052, 'longitude': -73.9228814}","{'@type': 'AggregateRating', 'ratingValue': 4.3, 'reviewCount': '34'}"
KFC (746-50 Main Street),https://www.ubereats.com/nyc-suburbs/food-delivery/kfc-746-50-main-street/KIX39j6ERWq8p5Xh-q3gVw,fishkill-new-york,"['American', 'Fast Food', 'wings']",4.2,236,$,41.6963528,-73.9048335,+18454522237,12602,746-50 Main Street,Poughkeepsie,NY,"[{'@type': 'OpeningHoursSpecification', 'dayOfWeek': 'Sunday', 'opens': '10:30', 'closes': '20:30'}, {'@type': 'OpeningHoursSpecification', 'dayOfWeek': ['Monday', 'Tuesday', 'Wednesday', 'Thursday', 'Friday', 'Saturday'], 'opens': '10:30', 'closes': '21:30'}]","{'@type': 'PostalAddress', 'addressLocality': 'Poughkeepsie', 'addressRegion': 'NY', 'postalCode': '12602', 'addressCountry': 'US', 'streetAddress': '746-50 Main Street'}","{'@type': 'GeoCoordinates', 'latitude': 41.6963528, 'longitude': -73.9048335}","{'@type': 'AggregateRating', 'ratingValue': 4.2, 'reviewCount': '236'}"
Taco Bell (755 Main Street),https://www.ubereats.com/nyc-suburbs/food-delivery/taco-bell-755-main-street/bP-zgcKRQXSUxrkBuZwJEQ,fishkill-new-york,"['Burritos', 'Fast Food', 'Mexican']",4.0,328,$,41.6968925,-73.90391029999999,+18454523381,12603,755 Main Street,Poughkeepsie,NY,"[{'@type': 'OpeningHoursSpecification', 'dayOfWeek': ['Sunday', 'Monday', 'Tuesday'], 'opens': '14:0', 'closes': '17:0'}, {'@type': 'OpeningHoursSpecification', 'dayOfWeek': ['Sunday', 'Monday', 'Tuesday'], 'opens': '9:0', 'closes': '23:30'}, {'@type': 'OpeningHoursSpecification', 'dayOfWeek': ['Sunday', 'Monday', 'Tuesday'], 'opens': '9:0', 'closes': '10:30'}, {'@type': 'OpeningHoursSpecification', 'dayOfWeek': ['Wednesday', 'Thursday', 'Friday', 'Saturday'], 'opens': '14:0', 'closes': '17:0'}, {'@type': 'OpeningHoursSpecification', 'dayOfWeek': ['Wednesday', 'Thursday', 'Friday', 'Saturday'], 'opens': '9:0', 'closes': '10:30'}, {'@type': 'OpeningHoursSpecification', 'dayOfWeek': ['Wednesday', 'Thursday', 'Friday', 'Saturday'], 'opens': '9:0', 'closes': '0:30'}]","{'@type': 'PostalAddress', 'addressLocality': 'Poughkeepsie', 'addressRegion': 'NY', 'postalCode': '12603', 'addressCountry': 'US', 'streetAddress': '755 Main Street'}","{'@type': 'GeoCoordinates', 'latitude': 41.6968925, 'longitude': -73.90391029999999}","{'@type': 'AggregateRating', 'ratingValue': 4, 'reviewCount': '328'}"
Tito Santana Taqueria,https://www.ubereats.com/nyc-suburbs/food-delivery/tito-santana-taqueria/gajbpW3MR_Kcd25_WAgZCg,fishkill-new-york,"['Mexican', 'Latin American', 'New Mexican']",4.5,12,$,41.50849770000001,-73.97665529999999,+18457652350,12508,142 Main St,Beacon,NY,"[{'@type': 'OpeningHoursSpecification', 'dayOfWeek': ['Monday', 'Tuesday', 'Wednesday', 'Thursday', 'Friday', 'Saturday', 'Sunday'], 'opens': '11:0', 'closes': '19:0'}]","{'@type': 'PostalAddress', 'addressLocality': 'Beacon', 'addressRegion': 'NY', 'postalCode': '12508', 'addressCountry': 'US', 'streetAddress': '142 Main St'}","{'@type': 'GeoCoordinates', 'latitude': 41.50849770000001, 'longitude': -73.97665529999999}","{'@type': 'AggregateRating', 'ratingValue': 4.5, 'reviewCount': '12'}"
Eat Church,https://www.ubereats.com/nyc-suburbs/food-delivery/eat-church/XXOeEpEVSy60B3ApRdeyBQ,fishkill-new-york,"['Burgers', 'American', 'Sandwiches']",,,$,41.516946,-73.9465929,+19172978676,12508,511 Fishkill Ave,Beacon,NY,"[{'@type': 'OpeningHoursSpecification', 'dayOfWeek': 'Sunday', 'opens': '12:0', 'closes': '18:0'}, {'@type': 'OpeningHoursSpecification', 'dayOfWeek': ['Thursday', 'Friday'], 'opens': '15:0', 'closes': '21:0'}, {'@type': 'OpeningHoursSpecification', 'dayOfWeek': 'Saturday', 'opens': '12:0', 'closes': '21:0'}]","{'@type': 'PostalAddress', 'addressLocality': 'Beacon', 'addressRegion': 'NY', 'postalCode': '12508', 'addressCountry': 'US', 'streetAddress': '511 Fishkill Ave'}","{'@type': 'GeoCoordinates', 'latitude': 41.516946, 'longitude': -73.9465929}",{}
Blend Smoothie and Salad Bar,https://www.ubereats.com/nyc-suburbs/food-delivery/blend-smoothie-and-salad-bar/GjPGTtNwTyGW5FiTngXx7g,fishkill-new-york,"['Salads', 'American', 'Vegetarian']",,,$,41.5082787,-73.9767998,+18453131825,12508,135 Main Street,Beacon,NY,"[{'@type': 'OpeningHoursSpecification', 'dayOfWeek': 'Sunday', 'opens': '9:0', 'closes': '17:0'}, {'@type': 'OpeningHoursSpecification', 'dayOfWeek': ['Monday', 'Tuesday', 'Wednesday', 'Thursday', 'Friday'], 'opens': '7:0', 'closes': '20:0'}, {'@type': 'OpeningHoursSpecification', 'dayOfWeek': 'Saturday', 'opens': '8:0', 'closes': '20:0'}]","{'@type': 'PostalAddress', 'addressLocality': 'Beacon', 'addressRegion': 'NY', 'postalCode': '12508', 'addressCountry': 'US', 'streetAddress': '135 Main Street'}","{'@type': 'GeoCoordinates', 'latitude': 41.5082787, 'longitude': -73.9767998}",{}
G & G Grill,https://www.ubereats.com/nyc-suburbs/food-delivery/g-%26-g-grill/cGQja-E2RVqSozThXGjzGw,fishkill-new-york,"['American', 'Breakfast and Brunch', 'Coffee and Tea']",,,,41.53715,-73.90063,+19172509355,12524,733 Route 9 Gulf Gas Station,Fishkill,NY,"[{'@type': 'OpeningHoursSpecification', 'dayOfWeek': ['Monday', 'Tuesday', 'Wednesday', 'Thursday', 'Friday', 'Saturday', 'Sunday'], 'opens': '5:0', 'closes': '20:43'}]","{'@type': 'PostalAddress', 'addressLocality': 'Fishkill', 'addressRegion': 'NY', 'postalCode': '12524', 'addressCountry': 'US', 'streetAddress': '733 Route 9 Gulf Gas Station'}","{'@type': 'GeoCoordinates', 'latitude': 41.53715, 'longitude': -73.90063}",{}
Toppings Frozen Yogurt,https://www.ubereats.com/nyc-suburbs/food-delivery/toppings-frozen-yogurt/cCuaXzJSQ6K3A9eRCUGE_w,fishkill-new-york,"['Ice Cream & Frozen Yogurt', 'Comfort Food', 'Desserts']",4.5,43,$$,41.4666419,-74.0486035,+18452387462,12553,287 Windsor Hwy,New Windsor,NY,"[{'@type': 'OpeningHoursSpecification', 'dayOfWeek': ['Monday', 'Tuesday', 'Wednesday', 'Thursday', 'Friday', 'Saturday', 'Sunday'], 'opens': '14:0', 'closes': '21:30'}]","{'@type': 'PostalAddress', 'addressLocality': 'New Windsor', 'addressRegion': 'NY', 'postalCode': '12553', 'addressCountry': 'US', 'streetAddress': '287 Windsor Hwy'}","{'@type': 'GeoCoordinates', 'latitude': 41.4666419, 'longitude': -74.0486035}","{'@type': 'AggregateRating', 'ratingValue': 4.5, 'reviewCount': '43'}"
Applebee's  (1205 Route 300),https://www.ubereats.com/nyc-suburbs/food-delivery/applebees-1205-route-300/srTMUbXbQyydnIA3Uu3P3g,fishkill-new-york,"['American', 'Bar Food', 'BBQ', 'burger', 'Chicken Strips', 'Comfort Food', 'Dinner', 'pasta', 'salad', 'Sandwich', 'Soup', 'Steak', 'Traditional American', 'wings']",4.3,99,$$,41.4984056,-74.07219140000001,+18455670910,12550,1205 Route 300,Newburgh,NY,"[{'@type': 'OpeningHoursSpecification', 'dayOfWeek': ['Sunday', 'Monday', 'Tuesday', 'Wednesday', 'Thursday'], 'opens': '11:0', 'closes': '21:30'}, {'@type': 'OpeningHoursSpecification', 'dayOfWeek': ['Friday', 'Saturday'], 'opens': '11:0', 'closes': '22:30'}]","{'@type': 'PostalAddress', 'addressLocality': 'Newburgh', 'addressRegion': 'NY', 'postalCode': '12550', 'addressCountry': 'US', 'streetAddress': '1205 Route 300'}","{'@type': 'GeoCoordinates', 'latitude': 41.4984056, 'longitude': -74.07219140000001}","{'@type': 'AggregateRating', 'ratingValue': 4.3, 'reviewCount': '99'}"
The Green Bowl,https://www.ubereats.com/nyc-suburbs/food-delivery/the-green-bowl/JBt1M5IARGukWhp7ijkxlg,fishkill-new-york,"['Salad / Sandwiches', 'Pastry']",,,,41.5281333,-73.9641535,+18458388909,12590,"1485 NY-9D, B1",Wappingers Falls,NY,"[{'@type': 'OpeningHoursSpecification', 'dayOfWeek': 'Sunday', 'opens': '9:30', 'closes': '18:30'}, {'@type': 'OpeningHoursSpecification', 'dayOfWeek': 'Sunday', 'opens': '9:0', 'closes': '18:30'}, {'@type': 'OpeningHoursSpecification', 'dayOfWeek': ['Monday', 'Tuesday', 'Wednesday', 'Thursday', 'Friday'], 'opens': '6:30', 'closes': '19:30'}, {'@type': 'OpeningHoursSpecification', 'dayOfWeek': ['Monday', 'Tuesday', 'Wednesday', 'Thursday', 'Friday'], 'opens': '6:30', 'closes': '19:30'}, {'@type': 'OpeningHoursSpecification', 'dayOfWeek': 'Saturday', 'opens': '9:30', 'closes': '18:30'}, {'@type': 'OpeningHoursSpecification', 'dayOfWeek': 'Saturday', 'opens': '9:0', 'closes': '18:30'}]","{'@type': 'PostalAddress', 'addressLocality': 'Wappingers Falls', 'addressRegion': 'NY', 'postalCode': '12590', 'addressCountry': 'US', 'streetAddress': '1485 NY-9D, B1'}","{'@type': 'GeoCoordinates', 'latitude': 41.5281333, 'longitude': -73.9641535}",{}
Citrus Restaurant,https://www.ubereats.com/nyc-suburbs/food-delivery/citrus-restaurant/Jy3Qg3QDTN2I3Nq6z3MrdQ,fishkill-new-york,"['Indian', 'Vegetarian', 'Asian', 'Noodles']",4.8,48,$,41.45437010000001,-74.0582628,+18457874947,12553,1004 New York 94,New Windsor,NY,"[{'@type': 'OpeningHoursSpecification', 'dayOfWeek': 'Sunday', 'opens': '12:0', 'closes': '15:0'}, {'@type': 'OpeningHoursSpecification', 'dayOfWeek': 'Sunday', 'opens': '17:0', 'closes': '21:30'}, {'@type': 'OpeningHoursSpecification', 'dayOfWeek': ['Monday', 'Tuesday', 'Wednesday', 'Thursday'], 'opens': '11:30', 'closes': '14:30'}, {'@type': 'OpeningHoursSpecification', 'dayOfWeek': ['Monday', 'Tuesday', 'Wednesday', 'Thursday'], 'opens': '17:0', 'closes': '22:0'}, {'@type': 'OpeningHoursSpecification', 'dayOfWeek': 'Friday', 'opens': '11:30', 'closes': '14:30'}, {'@type': 'OpeningHoursSpecification', 'dayOfWeek': 'Friday', 'opens': '17:0', 'closes': '22:30'}, {'@type': 'OpeningHoursSpecification', 'dayOfWeek': 'Saturday', 'opens': '12:0', 'closes': '15:0'}, {'@type': 'OpeningHoursSpecification', 'dayOfWeek': 'Saturday', 'opens': '17:0', 'closes': '22:30'}]","{'@type': 'PostalAddress', 'addressLocality': 'New Windsor', 'addressRegion': 'NY', 'postalCode': '12553', 'addressCountry': 'US', 'streetAddress': '1004 New York 94'}","{'@type': 'GeoCoordinates', 'latitude': 41.45437010000001, 'longitude': -74.0582628}","{'@type': 'AggregateRating', 'ratingValue': 4.8, 'reviewCount': '48'}"
Burger King (845 South Road),https://www.ubereats.com/nyc-suburbs/food-delivery/burger-king-845-south-road/9PlWv5UZSXWBa6Iqs1eCdg,fishkill-new-york,"['American', 'burger', 'Fast Food']",3.9,13,$,41.6173199,-73.9155449,+18452974942,12601,845 South Road,Poughkeepsie,NY,"[{'@type': 'OpeningHoursSpecification', 'dayOfWeek': 'Sunday', 'opens': '10:30', 'closes': '22:30'}, {'@type': 'OpeningHoursSpecification', 'dayOfWeek': 'Sunday', 'opens': '7:30', 'closes': '9:59'}, {'@type': 'OpeningHoursSpecification', 'dayOfWeek': ['Monday', 'Tuesday', 'Wednesday', 'Thursday', 'Friday', 'Saturday'], 'opens': '10:30', 'closes': '22:30'}, {'@type': 'OpeningHoursSpecification', 'dayOfWeek': ['Monday', 'Tuesday', 'Wednesday', 'Thursday', 'Friday', 'Saturday'], 'opens': '6:30', 'closes': '9:59'}]","{'@type': 'PostalAddress', 'addressLocality': 'Poughkeepsie', 'addressRegion': 'NY', 'postalCode': '12601', 'addressCountry': 'US', 'streetAddress': '845 South Road'}","{'@type': 'GeoCoordinates', 'latitude': 41.6173199, 'longitude': -73.9155449}","{'@type': 'AggregateRating', 'ratingValue': 3.9, 'reviewCount': '13'}"
El Toro Loco,https://www.ubereats.com/nyc-suburbs/food-delivery/el-toro-loco/-T5Q4MfQRZe5kUq0dvtA0w,fishkill-new-york,"['Mexican', 'Latin American', 'New Mexican']",,,$,41.6220602,-73.9168938,+18456323800,12605,1944 South rd,Poughkeepsie,NY,"[{'@type': 'OpeningHoursSpecification', 'dayOfWeek': 'Sunday', 'opens': '11:0', 'closes': '23:59'}, {'@type': 'OpeningHoursSpecification', 'dayOfWeek': ['Monday', 'Tuesday', 'Wednesday', 'Thursday'], 'opens': '11:0', 'closes': '23:59'}, {'@type': 'OpeningHoursSpecification', 'dayOfWeek': ['Monday', 'Tuesday', 'Wednesday', 'Thursday'], 'opens': '11:30', 'closes': '15:30'}, {'@type': 'OpeningHoursSpecification', 'dayOfWeek': 'Friday', 'opens': '11:0', 'closes': '2:0'}, {'@type': 'OpeningHoursSpecification', 'dayOfWeek': 'Friday', 'opens': '11:30', 'closes': '15:30'}, {'@type': 'OpeningHoursSpecification', 'dayOfWeek': 'Saturday', 'opens': '11:0', 'closes': '2:0'}]","{'@type': 'PostalAddress', 'addressLocality': 'Poughkeepsie', 'addressRegion': 'NY', 'postalCode': '12605', 'addressCountry': 'US', 'streetAddress': '1944 South rd'}","{'@type': 'GeoCoordinates', 'latitude': 41.6220602, 'longitude': -73.9168938}",{}
Maisie's Deli,https://www.ubereats.com/nyc-suburbs/food-delivery/maisies-deli/TH_WS0L1T_qAIhwVuwgQkQ,fishkill-new-york,"['Salads', 'Burgers', 'Sandwich', 'Wings', 'Deli']",,,$,41.5514083,-74.06313,+18455645866,12550,331 N Plank Rd,Newburgh,NY,"[{'@type': 'OpeningHoursSpecification', 'dayOfWeek': 'Sunday', 'opens': '5:0', 'closes': '19:0'}, {'@type': 'OpeningHoursSpecification', 'dayOfWeek': 'Monday', 'opens': '5:30', 'closes': '20:0'}, {'@type': 'OpeningHoursSpecification', 'dayOfWeek': 'Monday', 'opens': '7:0', 'closes': '15:0'}, {'@type': 'OpeningHoursSpecification', 'dayOfWeek': ['Tuesday', 'Wednesday', 'Thursday', 'Friday', 'Saturday'], 'opens': '5:0', 'closes': '20:0'}]","{'@type': 'PostalAddress', 'addressLocality': 'Newburgh', 'addressRegion': 'NY', 'postalCode': '12550', 'addressCountry': 'US', 'streetAddress': '331 N Plank Rd'}","{'@type': 'GeoCoordinates', 'latitude': 41.5514083, 'longitude': -74.06313}",{}
Dunkin' (1582 Route 9),https://www.ubereats.com/nyc-suburbs/food-delivery/dunkin-1582-route-9/vSzBNHefTrCWy33F_Z5gxg,fishkill-new-york,"['Breakfast & Brunch', 'Donuts']",,,$,41.59774549999999,-73.9104251,+18452970017,12590,1582 Route 9,Wappingers Falls,NY,"[{'@type': 'OpeningHoursSpecification', 'dayOfWeek': ['Monday', 'Tuesday', 'Wednesday', 'Thursday', 'Friday', 'Saturday', 'Sunday'], 'opens': '5:30', 'closes': '17:30'}]","{'@type': 'PostalAddress', 'addressLocality': 'Wappingers Falls', 'addressRegion': 'NY', 'postalCode': '12590', 'addressCountry': 'US', 'streetAddress': '1582 Route 9'}","{'@type': 'GeoCoordinates', 'latitude': 41.59774549999999, 'longitude': -73.9104251}",{}
Max's On Main,https://www.ubereats.com/nyc-suburbs/food-delivery/maxs-on-main/pVd9RfpbTxKEBMqjRjjECw,fishkill-new-york,"['Burgers', 'American', 'Sandwiches']",4.5,95,$,41.50660209999999,-73.97237369999999,+18458386297,12508,246 Main St,Beacon,NY,"[{'@type': 'OpeningHoursSpecification', 'dayOfWeek': ['Monday', 'Tuesday', 'Wednesday', 'Thursday', 'Friday', 'Saturday', 'Sunday'], 'opens': '12:0', 'closes': '20:30'}]","{'@type': 'PostalAddress', 'addressLocality': 'Beacon', 'addressRegion': 'NY', 'postalCode': '12508', 'addressCountry': 'US', 'streetAddress': '246 Main St'}","{'@type': 'GeoCoordinates', 'latitude': 41.50660209999999, 'longitude': -73.97237369999999}","{'@type': 'AggregateRating', 'ratingValue': 4.5, 'reviewCount': '95'}"
AJ Cafe,https://www.ubereats.com/nyc-suburbs/food-delivery/aj-cafe/l4K2clgaTvqFSk7DuAFTbQ,fishkill-new-york,"['Burgers', 'American', 'Sandwiches']",,,$,41.5921502,-73.91999779999999,+18456321631,12590,2557 South Ave,Wappingers Falls,NY,"[{'@type': 'OpeningHoursSpecification', 'dayOfWeek': 'Sunday', 'opens': '12:0', 'closes': '23:59'}, {'@type': 'OpeningHoursSpecification', 'dayOfWeek': ['Monday', 'Tuesday', 'Wednesday', 'Thursday'], 'opens': '12:0', 'closes': '23:59'}, {'@type': 'OpeningHoursSpecification', 'dayOfWeek': ['Monday', 'Tuesday', 'Wednesday', 'Thursday'], 'opens': '12:0', 'closes': '16:0'}, {'@type': 'OpeningHoursSpecification', 'dayOfWeek': 'Friday', 'opens': '0:0', 'closes': '2:0'}, {'@type': 'OpeningHoursSpecification', 'dayOfWeek': 'Friday', 'opens': '12:0', 'closes': '23:59'}, {'@type': 'OpeningHoursSpecification', 'dayOfWeek': 'Friday', 'opens': '12:0', 'closes': '16:0'}, {'@type': 'OpeningHoursSpecification', 'dayOfWeek': 'Saturday', 'opens': '0:0', 'closes': '2:0'}, {'@type': 'OpeningHoursSpecification', 'dayOfWeek': 'Saturday', 'opens': '12:0', 'closes': '23:59'}]","{'@type': 'PostalAddress', 'addressLocality': 'Wappingers Falls', 'addressRegion': 'NY', 'postalCode': '12590', 'addressCountry': 'US', 'streetAddress': '2557 South Ave'}","{'@type': 'GeoCoordinates', 'latitude': 41.5921502, 'longitude': -73.91999779999999}",{}
Aroma Osteria,https://www.ubereats.com/nyc-suburbs/food-delivery/aroma-osteria/DZqgOOvXScen8JlU-trcEw,fishkill-new-york,"['Italian', 'Pasta', 'Comfort Food']",,,$,41.576114,-73.9079203,+18452986790,12590,114 Old Post Rd,Wappingers Falls,NY,"[{'@type': 'OpeningHoursSpecification', 'dayOfWeek': 'Sunday', 'opens': '16:0', 'closes': '7:30'}, {'@type': 'OpeningHoursSpecification', 'dayOfWeek': 'Tuesday', 'opens': '14:0', 'closes': '19:0'}, {'@type': 'OpeningHoursSpecification', 'dayOfWeek': 'Tuesday', 'opens': '17:0', 'closes': '21:0'}, {'@type': 'OpeningHoursSpecification', 'dayOfWeek': 'Wednesday', 'opens': '17:0', 'closes': '21:0'}, {'@type': 'OpeningHoursSpecification', 'dayOfWeek': 'Thursday', 'opens': '16:30', 'closes': '18:30'}, {'@type': 'OpeningHoursSpecification', 'dayOfWeek': 'Friday', 'opens': '16:30', 'closes': '19:0'}, {'@type': 'OpeningHoursSpecification', 'dayOfWeek': 'Saturday', 'opens': '14:0', 'closes': '19:0'}, {'@type': 'OpeningHoursSpecification', 'dayOfWeek': 'Saturday', 'opens': '17:0', 'closes': '21:30'}]","{'@type': 'PostalAddress', 'addressLocality': 'Wappingers Falls', 'addressRegion': 'NY', 'postalCode': '12590', 'addressCountry': 'US', 'streetAddress': '114 Old Post Rd'}","{'@type': 'GeoCoordinates', 'latitude': 41.576114, 'longitude': -73.9079203}",{}
Blend Smoothie and Salad Bar (New Windsor),https://www.ubereats.com/nyc-suburbs/food-delivery/blend-smoothie-and-salad-bar-new-windsor/LEs8N__9QKG7x39cIrY3Ww,fishkill-new-york,"['Healthy', 'Juice and Smoothies', 'Salads']",4.6,40,$,41.458956812263196,-74.05363769099095,+18457844982,12553,357 Old Forge Hill Rd,New Windsor,New York,"[{'@type': 'OpeningHoursSpecification', 'dayOfWeek': 'Sunday', 'opens': '9:0', 'closes': '17:0'}, {'@type': 'OpeningHoursSpecification', 'dayOfWeek': ['Monday', 'Tuesday', 'Wednesday', 'Thursday', 'Friday'], 'opens': '7:0', 'closes': '19:0'}, {'@type': 'OpeningHoursSpecification', 'dayOfWeek': 'Saturday', 'opens': '8:0', 'closes': '19:0'}]","{'@type': 'PostalAddress', 'addressLocality': 'New Windsor', 'addressRegion': 'New York', 'postalCode': '12553', 'addressCountry': 'US', 'streetAddress': '357 Old Forge Hill Rd'}","{'@type': 'GeoCoordinates', 'latitude': 41.458956812263196, 'longitude': -74.05363769099095}","{'@type': 'AggregateRating', 'ratingValue': 4.6, 'reviewCount': '40'}"
Buffalo Wild Wings (1794 South Rd),https://www.ubereats.com/nyc-suburbs/food-delivery/buffalo-wild-wings-1794-south-rd/x6cMS5FjTiWUhfZd9bXvYw,fishkill-new-york,"['wings', 'Sandwich', 'Kids Friendly']",4.2,97,$$,41.6121646,-73.9122378,+18452189453,12590,1794 South Rd,Wappingers Falls,NY,"[{'@type': 'OpeningHoursSpecification', 'dayOfWeek': ['Monday', 'Tuesday', 'Wednesday', 'Thursday', 'Friday', 'Saturday', 'Sunday'], 'opens': '12:0', 'closes': '22:0'}]","{'@type': 'PostalAddress', 'addressLocality': 'Wappingers Falls', 'addressRegion': 'NY', 'postalCode': '12590', 'addressCountry': 'US', 'streetAddress': '1794 South Rd'}","{'@type': 'GeoCoordinates', 'latitude': 41.6121646, 'longitude': -73.9122378}","{'@type': 'AggregateRating', 'ratingValue': 4.2, 'reviewCount': '97'}"
Burger King (730 RT. 9),https://www.ubereats.com/nyc-suburbs/food-delivery/burger-king-730-rt-9/csmX9R9YQ2yChg_sWKkM0A,fishkill-new-york,"['American', 'burger', 'Fast Food']",,,$,41.53757210000001,-73.8996526,+18458975437,12524,730 RT. 9,Fishkill,NY,"[{'@type': 'OpeningHoursSpecification', 'dayOfWeek': ['Monday', 'Tuesday', 'Wednesday', 'Thursday', 'Friday', 'Saturday', 'Sunday'], 'opens': '7:30', 'closes': '9:59'}, {'@type': 'OpeningHoursSpecification', 'dayOfWeek': ['Monday', 'Tuesday', 'Wednesday', 'Thursday', 'Friday', 'Saturday', 'Sunday'], 'opens': '10:30', 'closes': '22:30'}]","{'@type': 'PostalAddress', 'addressLocality': 'Fishkill', 'addressRegion': 'NY', 'postalCode': '12524', 'addressCountry': 'US', 'streetAddress': '730 RT. 9'}","{'@type': 'GeoCoordinates', 'latitude': 41.53757210000001, 'longitude': -73.8996526}",{}
Kobe Hibachi Sushi Asian Cuisine,https://www.ubereats.com/nyc-suburbs/food-delivery/kobe-hibachi-sushi-asian-cuisine/dbWmua4RTNy1SGN9moeE-g,fishkill-new-york,"['Asian Fusion', 'Asian', 'Chinese', 'Sushi', 'Steak']",4.8,153,$,41.664802099999996,-73.9318287,+18454549888,12601,2585 South Rd,Poughkeepsie,NY,"[{'@type': 'OpeningHoursSpecification', 'dayOfWeek': ['Sunday', 'Monday', 'Tuesday', 'Wednesday', 'Thursday'], 'opens': '11:30', 'closes': '20:45'}, {'@type': 'OpeningHoursSpecification', 'dayOfWeek': ['Friday', 'Saturday'], 'opens': '11:30', 'closes': '21:45'}]","{'@type': 'PostalAddress', 'addressLocality': 'Poughkeepsie', 'addressRegion': 'NY', 'postalCode': '12601', 'addressCountry': 'US', 'streetAddress': '2585 South Rd'}","{'@type': 'GeoCoordinates', 'latitude': 41.664802099999996, 'longitude': -73.9318287}","{'@type': 'AggregateRating', 'ratingValue': 4.8, 'reviewCount': '153'}"
Buffalo Wild Wings (1407 Rt 300),https://www.ubereats.com/nyc-suburbs/food-delivery/buffalo-wild-wings-1407-rt-300/RnVzbi89TZyYIVh-MlwMcw,fishkill-new-york,"['wings', 'American', 'Fast Food']",3.9,141,$$,41.5194446,-74.06947439999999,+18457625550,12550,1407 Rt 300,Newburgh,NY,"[{'@type': 'OpeningHoursSpecification', 'dayOfWeek': ['Monday', 'Tuesday', 'Wednesday', 'Thursday', 'Friday', 'Saturday', 'Sunday'], 'opens': '12:0', 'closes': '22:0'}]","{'@type': 'PostalAddress', 'addressLocality': 'Newburgh', 'addressRegion': 'NY', 'postalCode': '12550', 'addressCountry': 'US', 'streetAddress': '1407 Rt 300'}","{'@type': 'GeoCoordinates', 'latitude': 41.5194446, 'longitude': -74.06947439999999}","{'@type': 'AggregateRating', 'ratingValue': 3.9, 'reviewCount': '141'}"
Five Guys NY-1263 703 Route 9,https://www.ubereats.com/nyc-suburbs/food-delivery/five-guys-ny-1263-703-route-9/nKnwiua5T-Wa8OWWhyVZvw,fishkill-new-york,"['American', 'Burgers', 'Fast Food']",4.7,34,$,41.5269158,-73.8933835,+18458971250,,,,,"[{'@type': 'OpeningHoursSpecification', 'dayOfWeek': ['Monday', 'Tuesday', 'Wednesday', 'Thursday', 'Friday', 'Saturday', 'Sunday'], 'opens': '11:0', 'closes': '21:30'}]",,"{'@type': 'GeoCoordinates', 'latitude': 41.5269158, 'longitude': -73.8933835}","{'@type': 'AggregateRating', 'ratingValue': 4.7, 'reviewCount': '34'}"
Denny's (1283 Rt 300),https://www.ubereats.com/nyc-suburbs/food-delivery/dennys-1283-rt-300/yNSuEiv_QsOTGo2HIDqG2Q,fishkill-new-york,"['American', 'Breakfast and Brunch', 'Coffee and Tea', 'Dinner', 'Desserts', 'Salads', 'Steak', 'Sandwich', 'Family Meals']",4.5,72,$$,41.5070815,-74.06888719999999,+18455646470,12550,1283 Rt 300,Newburgh,NY,"[{'@type': 'OpeningHoursSpecification', 'dayOfWeek': ['Sunday', 'Monday', 'Tuesday', 'Wednesday', 'Thursday'], 'opens': '6:15', 'closes': '22:30'}, {'@type': 'OpeningHoursSpecification', 'dayOfWeek': ['Friday', 'Saturday'], 'opens': '6:15', 'closes': '23:30'}]","{'@type': 'PostalAddress', 'addressLocality': 'Newburgh', 'addressRegion': 'NY', 'postalCode': '12550', 'addressCountry': 'US', 'streetAddress': '1283 Rt 300'}","{'@type': 'GeoCoordinates', 'latitude': 41.5070815, 'longitude': -74.06888719999999}","{'@type': 'AggregateRating', 'ratingValue': 4.5, 'reviewCount': '72'}"
Dunkin' (241 Myers Corners Rd),https://www.ubereats.com/nyc-suburbs/food-delivery/dunkin-241-myers-corners-rd/OhssuC4uThe-d0yJpVq7Ew,fishkill-new-york,"['Breakfast and Brunch', 'Donuts']",,,$,41.6066661,-73.8655787,+18456322244,12590,241 Myers Corners Rd,Wappingers Falls,NY,"[{'@type': 'OpeningHoursSpecification', 'dayOfWeek': 'Sunday', 'opens': '7:30', 'closes': '16:30'}, {'@type': 'OpeningHoursSpecification', 'dayOfWeek': ['Monday', 'Tuesday', 'Wednesday', 'Thursday', 'Friday'], 'opens': '6:30', 'closes': '16:30'}, {'@type': 'OpeningHoursSpecification', 'dayOfWeek': 'Saturday', 'opens': '7:30', 'closes': '16:30'}]","{'@type': 'PostalAddress', 'addressLocality': 'Wappingers Falls', 'addressRegion': 'NY', 'postalCode': '12590', 'addressCountry': 'US', 'streetAddress': '241 Myers Corners Rd'}","{'@type': 'GeoCoordinates', 'latitude': 41.6066661, 'longitude': -73.8655787}",{}
Sukhothai Restaurant,https://www.ubereats.com/nyc-suburbs/food-delivery/sukhothai-restaurant/tjCv_S3lQMGjC4RD4lIwJQ,fishkill-new-york,"['Thai', 'Asian', 'Noodles']",4.6,10,$,41.5025383,-73.9633741,+18454407731,12508,516 Main St,Beacon,NY,"[{'@type': 'OpeningHoursSpecification', 'dayOfWeek': ['Monday', 'Tuesday', 'Wednesday', 'Thursday', 'Friday', 'Saturday', 'Sunday'], 'opens': '11:30', 'closes': '21:0'}]","{'@type': 'PostalAddress', 'addressLocality': 'Beacon', 'addressRegion': 'NY', 'postalCode': '12508', 'addressCountry': 'US', 'streetAddress': '516 Main St'}","{'@type': 'GeoCoordinates', 'latitude': 41.5025383, 'longitude': -73.9633741}","{'@type': 'AggregateRating', 'ratingValue': 4.6, 'reviewCount': '10'}"
Mexicali Blue,https://www.ubereats.com/nyc-suburbs/food-delivery/mexicali-blue/i5aGcxOxSPGe0xO3iSe9og,fishkill-new-york,"['Mexican', 'Latin American', 'New Mexican', 'Family Meals']",4.5,32,$,41.5961326,-73.9114699,+18452988226,12590,1571 Route 9,Wappingers Falls,NY,"[{'@type': 'OpeningHoursSpecification', 'dayOfWeek': ['Sunday', 'Monday', 'Tuesday', 'Wednesday', 'Thursday'], 'opens': '12:0', 'closes': '20:0'}, {'@type': 'OpeningHoursSpecification', 'dayOfWeek': ['Friday', 'Saturday'], 'opens': '12:0', 'closes': '21:0'}]","{'@type': 'PostalAddress', 'addressLocality': 'Wappingers Falls', 'addressRegion': 'NY', 'postalCode': '12590', 'addressCountry': 'US', 'streetAddress': '1571 Route 9'}","{'@type': 'GeoCoordinates', 'latitude': 41.5961326, 'longitude': -73.9114699}","{'@type': 'AggregateRating', 'ratingValue': 4.5, 'reviewCount': '32'}"
Outback Steakhouse (1510 Route 9),https://www.ubereats.com/nyc-suburbs/food-delivery/outback-steakhouse-1510-route-9/BJ5EW94HSgm03-OyKxdi7g,fishkill-new-york,"['Burgers', 'American', 'Sandwiches', 'Steak', 'Seafood', 'Salads', 'BBQ']",4.3,159,$,41.5925794,-73.9081832,+18452986753,,,,,"[{'@type': 'OpeningHoursSpecification', 'dayOfWeek': 'Sunday', 'opens': '11:0', 'closes': '20:30'}, {'@type': 'OpeningHoursSpecification', 'dayOfWeek': ['Monday', 'Tuesday', 'Wednesday', 'Thursday'], 'opens': '11:0', 'closes': '21:30'}, {'@type': 'OpeningHoursSpecification', 'dayOfWeek': ['Friday', 'Saturday'], 'opens': '11:0', 'closes': '22:0'}]",,"{'@type': 'GeoCoordinates', 'latitude': 41.5925794, 'longitude': -73.9081832}","{'@type': 'AggregateRating', 'ratingValue': 4.3, 'reviewCount': '159'}"
Dunkin' (18 Westage Dr),https://www.ubereats.com/nyc-suburbs/food-delivery/dunkin-18-westage-dr/aCK6xdOWRWmb8vhhWNozaA,fishkill-new-york,"['Breakfast & Brunch', 'Donuts']",,,$,41.5281811,-73.8945313,+18452027601,12524,18 Westage Dr,Fishkill,NY,"[{'@type': 'OpeningHoursSpecification', 'dayOfWeek': ['Monday', 'Tuesday', 'Wednesday', 'Thursday', 'Friday', 'Saturday', 'Sunday'], 'opens': '5:0', 'closes': '20:30'}]","{'@type': 'PostalAddress', 'addressLocality': 'Fishkill', 'addressRegion': 'NY', 'postalCode': '12524', 'addressCountry': 'US', 'streetAddress': '18 Westage Dr'}","{'@type': 'GeoCoordinates', 'latitude': 41.5281811, 'longitude': -73.8945313}",{}
Pacini's pizza,https://www.ubereats.com/nyc-suburbs/food-delivery/pacinis-pizza/XfVQ5lD7RIas4LiWIdIJdA,fishkill-new-york,"['Italian', 'Pizza', 'Sandwich']",,,,41.591706099999996,-73.9195185,+18458490700,12590,2554 South Ave,Wappingers Falls,NY,"[{'@type': 'OpeningHoursSpecification', 'dayOfWeek': 'Sunday', 'opens': '11:0', 'closes': '14:0'}, {'@type': 'OpeningHoursSpecification', 'dayOfWeek': ['Monday', 'Tuesday', 'Wednesday'], 'opens': '11:0', 'closes': '21:0'}, {'@type': 'OpeningHoursSpecification', 'dayOfWeek': ['Monday', 'Tuesday', 'Wednesday'], 'opens': '11:0', 'closes': '14:0'}, {'@type': 'OpeningHoursSpecification', 'dayOfWeek': ['Thursday', 'Friday'], 'opens': '11:0', 'closes': '21:0'}, {'@type': 'OpeningHoursSpecification', 'dayOfWeek': ['Thursday', 'Friday'], 'opens': '12:0', 'closes': '21:0'}, {'@type': 'OpeningHoursSpecification', 'dayOfWeek': ['Thursday', 'Friday'], 'opens': '11:0', 'closes': '14:0'}, {'@type': 'OpeningHoursSpecification', 'dayOfWeek': 'Saturday', 'opens': '12:0', 'closes': '21:0'}, {'@type': 'OpeningHoursSpecification', 'dayOfWeek': 'Saturday', 'opens': '11:0', 'closes': '14:0'}]","{'@type': 'PostalAddress', 'addressLocality': 'Wappingers Falls', 'addressRegion': 'NY', 'postalCode': '12590', 'addressCountry': 'US', 'streetAddress': '2554 South Ave'}","{'@type': 'GeoCoordinates', 'latitude': 41.591706099999996, 'longitude': -73.9195185}",{}
KFC (W. Merritt Blvd),https://www.ubereats.com/nyc-suburbs/food-delivery/kfc-w-merritt-blvd/FRRpkW4-TqS4Zpk1ggcRow,fishkill-new-york,"['American', 'Fast Food', 'wings']",4.6,33,$,41.5279903,-73.8993662,+18458962613,12524,59 W Merritt Blvd,Fishkill,NY,"[{'@type': 'OpeningHoursSpecification', 'dayOfWeek': ['Monday', 'Tuesday', 'Wednesday', 'Thursday', 'Friday', 'Saturday', 'Sunday'], 'opens': '10:30', 'closes': '21:30'}]","{'@type': 'PostalAddress', 'addressLocality': 'Fishkill', 'addressRegion': 'NY', 'postalCode': '12524', 'addressCountry': 'US', 'streetAddress': '59 W Merritt Blvd'}","{'@type': 'GeoCoordinates', 'latitude': 41.5279903, 'longitude': -73.8993662}","{'@type': 'AggregateRating', 'ratingValue': 4.6, 'reviewCount': '33'}"
"Red Robin, 321 (2511 South Rd)",https://www.ubereats.com/nyc-suburbs/food-delivery/red-robin-321-2511-south-rd/HU73A18dTcmfaUyWWaKrkA,fishkill-new-york,"['American', 'burger', 'Comfort Food']",4.3,102,$,41.65968549999999,-73.9310493,+18454633610,12601,2511 South Rd,Poughkeepsie,NY,"[{'@type': 'OpeningHoursSpecification', 'dayOfWeek': ['Monday', 'Tuesday', 'Wednesday', 'Thursday', 'Friday', 'Saturday', 'Sunday'], 'opens': '11:0', 'closes': '20:30'}]","{'@type': 'PostalAddress', 'addressLocality': 'Poughkeepsie', 'addressRegion': 'NY', 'postalCode': '12601', 'addressCountry': 'US', 'streetAddress': '2511 South Rd'}","{'@type': 'GeoCoordinates', 'latitude': 41.65968549999999, 'longitude': -73.9310493}","{'@type': 'AggregateRating', 'ratingValue': 4.3, 'reviewCount': '102'}"
Stella’s Trattoria,https://www.ubereats.com/nyc-suburbs/food-delivery/stellas-trattoria/ZOkbTCMmRFimFcrpipHNFQ,fishkill-new-york,"['Italian', 'Pasta', 'Comfort Food']",,,$,41.5003911,-74.0202578,+18455625500,12550,283 Broadway,Newburgh,NY,"[{'@type': 'OpeningHoursSpecification', 'dayOfWeek': 'Sunday', 'opens': '12:0', 'closes': '21:0'}, {'@type': 'OpeningHoursSpecification', 'dayOfWeek': ['Monday', 'Tuesday', 'Wednesday', 'Thursday', 'Friday', 'Saturday'], 'opens': '11:0', 'closes': '22:0'}]","{'@type': 'PostalAddress', 'addressLocality': 'Newburgh', 'addressRegion': 'NY', 'postalCode': '12550', 'addressCountry': 'US', 'streetAddress': '283 Broadway'}","{'@type': 'GeoCoordinates', 'latitude': 41.5003911, 'longitude': -74.0202578}",{}
"TGI Friday's (595 - POUGHKEEPSIE, NY)",https://www.ubereats.com/nyc-suburbs/food-delivery/tgi-fridays-595-poughkeepsie-ny/4U_PNPnqTSKRXjAitt4r6g,fishkill-new-york,"['American', 'Bar Food', 'Burgers', 'Family Meals']",4.0,183,$$,41.66658239999999,-73.92909329999999,+18454831280,12601,2594 South Rd,Poughkeepsie,New York,"[{'@type': 'OpeningHoursSpecification', 'dayOfWeek': ['Sunday', 'Monday', 'Tuesday', 'Wednesday', 'Thursday'], 'opens': '11:0', 'closes': '23:0'}, {'@type': 'OpeningHoursSpecification', 'dayOfWeek': ['Friday', 'Saturday'], 'opens': '11:0', 'closes': '0:0'}]","{'@type': 'PostalAddress', 'addressLocality': 'Poughkeepsie', 'addressRegion': 'New York', 'postalCode': '12601', 'addressCountry': 'US', 'streetAddress': '2594 South Rd'}","{'@type': 'GeoCoordinates', 'latitude': 41.66658239999999, 'longitude': -73.92909329999999}","{'@type': 'AggregateRating', 'ratingValue': 4, 'reviewCount': '183'}"
Luca Pizza Cafe,https://www.ubereats.com/nyc-suburbs/food-delivery/luca-pizza-cafe/DuUgBDxsSw-KdPB0uUFFZw,fishkill-new-york,"['Pizza', 'Sandwich', 'Salads']",4.3,32,$$,41.508796,-74.031396,+18455658181,12550,520 South St,Newburgh,NY,"[{'@type': 'OpeningHoursSpecification', 'dayOfWeek': ['Monday', 'Tuesday', 'Wednesday', 'Thursday', 'Friday', 'Saturday', 'Sunday'], 'opens': '11:0', 'closes': '22:0'}, {'@type': 'OpeningHoursSpecification', 'dayOfWeek': ['Monday', 'Tuesday', 'Wednesday', 'Thursday', 'Friday', 'Saturday', 'Sunday'], 'opens': '11:0', 'closes': '21:45'}, {'@type': 'OpeningHoursSpecification', 'dayOfWeek': ['Monday', 'Tuesday', 'Wednesday', 'Thursday', 'Friday', 'Saturday', 'Sunday'], 'opens': '11:0', 'closes': '21:45'}, {'@type': 'OpeningHoursSpecification', 'dayOfWeek': ['Monday', 'Tuesday', 'Wednesday', 'Thursday', 'Friday', 'Saturday', 'Sunday'], 'opens': '11:0', 'closes': '21:45'}]","{'@type': 'PostalAddress', 'addressLocality': 'Newburgh', 'addressRegion': 'NY', 'postalCode': '12550', 'addressCountry': 'US', 'streetAddress': '520 South St'}","{'@type': 'GeoCoordinates', 'latitude': 41.508796, 'longitude': -74.031396}","{'@type': 'AggregateRating', 'ratingValue': 4.3, 'reviewCount': '32'}"
Pizza and Stuff,https://www.ubereats.com/nyc-suburbs/food-delivery/pizza-and-stuff/2KpdsXJuRAW_t_Hw46JKiQ,fishkill-new-york,"['Pizza', 'American', 'Italian']",,,$,41.533367,-73.9001494,+18458972010,12524,50 Elm St,Fishkill,NY,"[{'@type': 'OpeningHoursSpecification', 'dayOfWeek': ['Monday', 'Tuesday', 'Wednesday', 'Thursday', 'Friday', 'Saturday', 'Sunday'], 'opens': '10:45', 'closes': '20:30'}]","{'@type': 'PostalAddress', 'addressLocality': 'Fishkill', 'addressRegion': 'NY', 'postalCode': '12524', 'addressCountry': 'US', 'streetAddress': '50 Elm St'}","{'@type': 'GeoCoordinates', 'latitude': 41.533367, 'longitude': -73.9001494}",{}
Panera (11 Merritt Boulevard),https://www.ubereats.com/nyc-suburbs/food-delivery/panera-11-merritt-boulevard/wvL7cdBpSNGYPRLMtFTDiA,fishkill-new-york,"['Breakfast and Brunch', 'salad', 'Sandwich']",,,$,41.53065590000001,-73.893084,+18458972066,12524,11 Merritt Boulevard,Fishkill,NY,"[{'@type': 'OpeningHoursSpecification', 'dayOfWeek': ['Monday', 'Tuesday', 'Wednesday', 'Thursday', 'Friday', 'Saturday', 'Sunday'], 'opens': '9:0', 'closes': '20:30'}]","{'@type': 'PostalAddress', 'addressLocality': 'Fishkill', 'addressRegion': 'NY', 'postalCode': '12524', 'addressCountry': 'US', 'streetAddress': '11 Merritt Boulevard'}","{'@type': 'GeoCoordinates', 'latitude': 41.53065590000001, 'longitude': -73.893084}",{}
Ziatun,https://www.ubereats.com/nyc-suburbs/food-delivery/ziatun/koNoDg2VSd20S9S9_WsJ-Q,fishkill-new-york,"['Mediterranean', 'Greek', 'Vegetarian']",4.5,44,$,41.5066532,-73.97246559999999,+18457658268,12508,244 Main St,Beacon,NY,"[{'@type': 'OpeningHoursSpecification', 'dayOfWeek': ['Monday', 'Tuesday', 'Wednesday', 'Thursday', 'Friday', 'Saturday', 'Sunday'], 'opens': '11:0', 'closes': '20:15'}]","{'@type': 'PostalAddress', 'addressLocality': 'Beacon', 'addressRegion': 'NY', 'postalCode': '12508', 'addressCountry': 'US', 'streetAddress': '244 Main St'}","{'@type': 'GeoCoordinates', 'latitude': 41.5066532, 'longitude': -73.97246559999999}","{'@type': 'AggregateRating', 'ratingValue': 4.5, 'reviewCount': '44'}"
Pizza Union,https://www.ubereats.com/nyc-suburbs/food-delivery/pizza-union/s0a8ynWrRgu0E_4wm3Hugw,fishkill-new-york,"['Italian', 'Pizza', 'Pasta', 'Sandwich']",4.3,22,$$,41.5189482,-74.0684725,+18458007688,,,,,"[{'@type': 'OpeningHoursSpecification', 'dayOfWeek': 'Sunday', 'opens': '12:0', 'closes': '15:0'}, {'@type': 'OpeningHoursSpecification', 'dayOfWeek': 'Sunday', 'opens': '12:0', 'closes': '20:30'}, {'@type': 'OpeningHoursSpecification', 'dayOfWeek': 'Sunday', 'opens': '12:0', 'closes': '15:0'}, {'@type': 'OpeningHoursSpecification', 'dayOfWeek': ['Monday', 'Tuesday', 'Wednesday', 'Thursday', 'Friday', 'Saturday'], 'opens': '12:0', 'closes': '15:0'}, {'@type': 'OpeningHoursSpecification', 'dayOfWeek': ['Monday', 'Tuesday', 'Wednesday', 'Thursday', 'Friday', 'Saturday'], 'opens': '12:0', 'closes': '20:30'}]",,"{'@type': 'GeoCoordinates', 'latitude': 41.5189482, 'longitude': -74.0684725}","{'@type': 'AggregateRating', 'ratingValue': 4.3, 'reviewCount': '22'}"
Chipotle Mexican Grill (10 Westage Dr),https://www.ubereats.com/nyc-suburbs/food-delivery/chipotle-mexican-grill-10-westage-dr/f3Fx3IonSYqYleiv5D_c0g,fishkill-new-york,"['Healthy', 'Mexican']",4.3,318,$,41.5274009,-73.8929355,+18458972694,12524,10 Westage Dr,Fishkill,NY,"[{'@type': 'OpeningHoursSpecification', 'dayOfWeek': ['Monday', 'Tuesday', 'Wednesday', 'Thursday', 'Friday', 'Saturday', 'Sunday'], 'opens': '10:45', 'closes': '21:40'}]","{'@type': 'PostalAddress', 'addressLocality': 'Fishkill', 'addressRegion': 'NY', 'postalCode': '12524', 'addressCountry': 'US', 'streetAddress': '10 Westage Dr'}","{'@type': 'GeoCoordinates', 'latitude': 41.5274009, 'longitude': -73.8929355}","{'@type': 'AggregateRating', 'ratingValue': 4.3, 'reviewCount': '318'}"
Youngest Brother Italian,https://www.ubereats.com/nyc-suburbs/food-delivery/youngest-brother-italian/Z7fWzTtyS2SVK3EEGHDdfw,fishkill-new-york,"['Italian', 'Seafood', 'Pasta', 'Pizza', 'Burgers', 'Sandwich', 'Salads']",4.6,37,$$,41.5129747,-74.019684,+18455653110,12550,310 Robinson Ave,Newburgh,NY,"[{'@type': 'OpeningHoursSpecification', 'dayOfWeek': 'Sunday', 'opens': '11:0', 'closes': '15:0'}, {'@type': 'OpeningHoursSpecification', 'dayOfWeek': 'Sunday', 'opens': '11:0', 'closes': '22:0'}, {'@type': 'OpeningHoursSpecification', 'dayOfWeek': ['Monday', 'Tuesday', 'Wednesday', 'Thursday'], 'opens': '11:0', 'closes': '15:0'}, {'@type': 'OpeningHoursSpecification', 'dayOfWeek': ['Monday', 'Tuesday', 'Wednesday', 'Thursday'], 'opens': '11:0', 'closes': '22:0'}, {'@type': 'OpeningHoursSpecification', 'dayOfWeek': ['Monday', 'Tuesday', 'Wednesday', 'Thursday'], 'opens': '11:0', 'closes': '22:0'}, {'@type': 'OpeningHoursSpecification', 'dayOfWeek': ['Monday', 'Tuesday', 'Wednesday', 'Thursday'], 'opens': '11:0', 'closes': '22:0'}, {'@type': 'OpeningHoursSpecification', 'dayOfWeek': 'Friday', 'opens': '11:0', 'closes': '15:0'}, {'@type': 'OpeningHoursSpecification', 'dayOfWeek': 'Friday', 'opens': '11:0', 'closes': '23:0'}, {'@type': 'OpeningHoursSpecification', 'dayOfWeek': 'Friday', 'opens': '11:0', 'closes': '22:0'}, {'@type': 'OpeningHoursSpecification', 'dayOfWeek': 'Friday', 'opens': '11:0', 'closes': '23:0'}, {'@type': 'OpeningHoursSpecification', 'dayOfWeek': 'Saturday', 'opens': '11:0', 'closes': '15:0'}, {'@type': 'OpeningHoursSpecification', 'dayOfWeek': 'Saturday', 'opens': '11:0', 'closes': '23:0'}, {'@type': 'OpeningHoursSpecification', 'dayOfWeek': 'Saturday', 'opens': '11:0', 'closes': '23:0'}]","{'@type': 'PostalAddress', 'addressLocality': 'Newburgh', 'addressRegion': 'NY', 'postalCode': '12550', 'addressCountry': 'US', 'streetAddress': '310 Robinson Ave'}","{'@type': 'GeoCoordinates', 'latitude': 41.5129747, 'longitude': -74.019684}","{'@type': 'AggregateRating', 'ratingValue': 4.6, 'reviewCount': '37'}"
Salsa Restaurant,https://www.ubereats.com/nyc-suburbs/food-delivery/salsa-restaurant/eQFLvCoGS0iPvWa7gInRPQ,fishkill-new-york,"['Mexican', 'Latin American', 'New Mexican', 'Family Meals']",4.9,18,$,41.665507,-73.931506,+18454633477,12601,2585 South Rd Ste 1,Poughkeepsie,NY,"[{'@type': 'OpeningHoursSpecification', 'dayOfWeek': 'Sunday', 'opens': '12:0', 'closes': '19:30'}, {'@type': 'OpeningHoursSpecification', 'dayOfWeek': ['Tuesday', 'Wednesday', 'Thursday', 'Friday', 'Saturday'], 'opens': '12:0', 'closes': '19:30'}]","{'@type': 'PostalAddress', 'addressLocality': 'Poughkeepsie', 'addressRegion': 'NY', 'postalCode': '12601', 'addressCountry': 'US', 'streetAddress': '2585 South Rd Ste 1'}","{'@type': 'GeoCoordinates', 'latitude': 41.665507, 'longitude': -73.931506}","{'@type': 'AggregateRating', 'ratingValue': 4.9, 'reviewCount': '18'}"
Dunkin' (35 Vassar Rd),https://www.ubereats.com/nyc-suburbs/food-delivery/dunkin-35-vassar-rd/cOKncL2uQ7a0XuDGcYP95g,fishkill-new-york,"['Breakfast and Brunch', 'Donuts']",4.1,12,$,41.6529554,-73.87474279999999,+18454622630,12603,35 Vassar Rd,Poughkeepsie,NY,"[{'@type': 'OpeningHoursSpecification', 'dayOfWeek': 'Sunday', 'opens': '6:0', 'closes': '20:30'}, {'@type': 'OpeningHoursSpecification', 'dayOfWeek': ['Monday', 'Tuesday', 'Wednesday', 'Thursday', 'Friday', 'Saturday'], 'opens': '5:0', 'closes': '20:30'}]","{'@type': 'PostalAddress', 'addressLocality': 'Poughkeepsie', 'addressRegion': 'NY', 'postalCode': '12603', 'addressCountry': 'US', 'streetAddress': '35 Vassar Rd'}","{'@type': 'GeoCoordinates', 'latitude': 41.6529554, 'longitude': -73.87474279999999}","{'@type': 'AggregateRating', 'ratingValue': 4.1, 'reviewCount': '12'}"
Bombay wraps,https://www.ubereats.com/nyc-suburbs/food-delivery/bombay-wraps/3ApqqyZ2S0q-VMbG9_5qAQ,fishkill-new-york,"['Indian', 'Rice-bowls']",,,$,41.505744,-73.970646,+18455911690,12508,288 Main St,Beacon,NY,"[{'@type': 'OpeningHoursSpecification', 'dayOfWeek': 'Sunday', 'opens': '11:0', 'closes': '20:0'}, {'@type': 'OpeningHoursSpecification', 'dayOfWeek': ['Wednesday', 'Thursday', 'Friday', 'Saturday'], 'opens': '11:0', 'closes': '20:0'}]","{'@type': 'PostalAddress', 'addressLocality': 'Beacon', 'addressRegion': 'NY', 'postalCode': '12508', 'addressCountry': 'US', 'streetAddress': '288 Main St'}","{'@type': 'GeoCoordinates', 'latitude': 41.505744, 'longitude': -73.970646}",{}
Ms. Fairfax,https://www.ubereats.com/nyc-suburbs/food-delivery/ms-fairfax/Ssvxm2tBQ3-d8uB3abZgpQ,fishkill-new-york,"['Desserts', 'American', 'Breakfast and Brunch', 'Pasta', 'Salads', 'Steak', 'Vegetarian Friendly', 'Healthy']",,,$,41.4986223,-74.0110309,+18455650169,12550,105 Liberty St,Newburgh,NY,"[{'@type': 'OpeningHoursSpecification', 'dayOfWeek': ['Monday', 'Tuesday', 'Wednesday', 'Thursday', 'Friday', 'Saturday', 'Sunday'], 'opens': '11:0', 'closes': '16:0'}, {'@type': 'OpeningHoursSpecification', 'dayOfWeek': ['Monday', 'Tuesday', 'Wednesday', 'Thursday', 'Friday', 'Saturday', 'Sunday'], 'opens': '17:0', 'closes': '20:0'}]","{'@type': 'PostalAddress', 'addressLocality': 'Newburgh', 'addressRegion': 'NY', 'postalCode': '12550', 'addressCountry': 'US', 'streetAddress': '105 Liberty St'}","{'@type': 'GeoCoordinates', 'latitude': 41.4986223, 'longitude': -74.0110309}",{}
Nelly Latin Restaurant,https://www.ubereats.com/nyc-suburbs/food-delivery/nelly-latin-restaurant/fqbm18m8QSOPL-ZposACPA,fishkill-new-york,"['Spanish', 'Sandwich', 'Seafood']",3.7,48,$$,41.523872,-74.030045,+13472132828,12550,60 N Plank Rd,Newburgh,NY,"[{'@type': 'OpeningHoursSpecification', 'dayOfWeek': ['Monday', 'Tuesday', 'Wednesday', 'Thursday', 'Friday', 'Saturday', 'Sunday'], 'opens': '9:0', 'closes': '20:30'}]","{'@type': 'PostalAddress', 'addressLocality': 'Newburgh', 'addressRegion': 'NY', 'postalCode': '12550', 'addressCountry': 'US', 'streetAddress': '60 N Plank Rd'}","{'@type': 'GeoCoordinates', 'latitude': 41.523872, 'longitude': -74.030045}","{'@type': 'AggregateRating', 'ratingValue': 3.7, 'reviewCount': '48'}"
Perkins (1421 Route 300),https://www.ubereats.com/nyc-suburbs/food-delivery/perkins-1421-route-300/sD15AIRtRMexzY2ZcmY1AQ,fishkill-new-york,"['Breakfast and Brunch', 'American', 'Dinner', 'Bakery']",4.7,76,$$,41.5213611,-74.0712736,+18455664045,12550,1421 Route 300,Newburgh,NY,"[{'@type': 'OpeningHoursSpecification', 'dayOfWeek': ['Monday', 'Tuesday', 'Wednesday', 'Thursday', 'Friday', 'Saturday', 'Sunday'], 'opens': '6:0', 'closes': '21:0'}]","{'@type': 'PostalAddress', 'addressLocality': 'Newburgh', 'addressRegion': 'NY', 'postalCode': '12550', 'addressCountry': 'US', 'streetAddress': '1421 Route 300'}","{'@type': 'GeoCoordinates', 'latitude': 41.5213611, 'longitude': -74.0712736}","{'@type': 'AggregateRating', 'ratingValue': 4.7, 'reviewCount': '76'}"
Fresh,https://www.ubereats.com/nyc-suburbs/food-delivery/fresh/re-FBnlVSdG0IU0uVX1YyA,fishkill-new-york,"['Chinese', 'Asian', 'Asian Fusion']",,,$,41.542967,-73.8344217,+18458968835,12533,2003 NY-52,Hopewell Junction,NY,"[{'@type': 'OpeningHoursSpecification', 'dayOfWeek': 'Sunday', 'opens': '7:0', 'closes': '16:0'}, {'@type': 'OpeningHoursSpecification', 'dayOfWeek': 'Sunday', 'opens': '9:0', 'closes': '17:0'}, {'@type': 'OpeningHoursSpecification', 'dayOfWeek': ['Monday', 'Tuesday', 'Wednesday', 'Thursday', 'Friday'], 'opens': '7:0', 'closes': '16:0'}, {'@type': 'OpeningHoursSpecification', 'dayOfWeek': 'Saturday', 'opens': '7:0', 'closes': '16:0'}, {'@type': 'OpeningHoursSpecification', 'dayOfWeek': 'Saturday', 'opens': '8:0', 'closes': '18:0'}]","{'@type': 'PostalAddress', 'addressLocality': 'Hopewell Junction', 'addressRegion': 'NY', 'postalCode': '12533', 'addressCountry': 'US', 'streetAddress': '2003 NY-52'}","{'@type': 'GeoCoordinates', 'latitude': 41.542967, 'longitude': -73.8344217}",{}
Hudson Buffet,https://www.ubereats.com/nyc-suburbs/food-delivery/hudson-buffet/5vpeqj8yQ3SC3DUYXWUSPg,fishkill-new-york,"['Chinese', 'Asian', 'Chicken']",,,$,41.52818229999999,-73.8945008,+18458968008,12524,18 Westage Business Center Dr,Fishkill,NY,"[{'@type': 'OpeningHoursSpecification', 'dayOfWeek': 'Sunday', 'opens': '0:0', 'closes': '20:0'}, {'@type': 'OpeningHoursSpecification', 'dayOfWeek': 'Sunday', 'opens': '11:0', 'closes': '15:0'}, {'@type': 'OpeningHoursSpecification', 'dayOfWeek': ['Monday', 'Tuesday', 'Wednesday', 'Thursday'], 'opens': '11:0', 'closes': '20:30'}, {'@type': 'OpeningHoursSpecification', 'dayOfWeek': ['Monday', 'Tuesday', 'Wednesday', 'Thursday'], 'opens': '11:0', 'closes': '15:0'}, {'@type': 'OpeningHoursSpecification', 'dayOfWeek': ['Friday', 'Saturday'], 'opens': '11:0', 'closes': '21:0'}, {'@type': 'OpeningHoursSpecification', 'dayOfWeek': ['Friday', 'Saturday'], 'opens': '11:0', 'closes': '15:0'}]","{'@type': 'PostalAddress', 'addressLocality': 'Fishkill', 'addressRegion': 'NY', 'postalCode': '12524', 'addressCountry': 'US', 'streetAddress': '18 Westage Business Center Dr'}","{'@type': 'GeoCoordinates', 'latitude': 41.52818229999999, 'longitude': -73.8945008}",{}
Crown Fried Chicken (219 Broadway),https://www.ubereats.com/nyc-suburbs/food-delivery/crown-fried-chicken-219-broadway/Vq51KCEsT7-QazlP6JKttw,fishkill-new-york,"['Comfort Food', 'American', 'Wings']",4.5,53,$,41.500176,-74.01713629999999,+18455621034,12550,219 Broadway,Newburgh,NY,"[{'@type': 'OpeningHoursSpecification', 'dayOfWeek': ['Sunday', 'Monday', 'Tuesday', 'Wednesday', 'Thursday'], 'opens': '11:0', 'closes': '1:15'}, {'@type': 'OpeningHoursSpecification', 'dayOfWeek': ['Friday', 'Saturday'], 'opens': '11:0', 'closes': '1:15'}, {'@type': 'OpeningHoursSpecification', 'dayOfWeek': ['Friday', 'Saturday'], 'opens': '11:0', 'closes': '2:30'}]","{'@type': 'PostalAddress', 'addressLocality': 'Newburgh', 'addressRegion': 'NY', 'postalCode': '12550', 'addressCountry': 'US', 'streetAddress': '219 Broadway'}","{'@type': 'GeoCoordinates', 'latitude': 41.500176, 'longitude': -74.01713629999999}","{'@type': 'AggregateRating', 'ratingValue': 4.5, 'reviewCount': '53'}"
Gloria Jean's Coffees (Poughkeepsie Galleria Mall),https://www.ubereats.com/nyc-suburbs/food-delivery/gloria-jeans-coffees-poughkeepsie-galleria-mall/_j43sK1jTCKB_sJ0S9Ikcw,fishkill-new-york,"['Coffee and Tea', 'American', 'Breakfast and Brunch']",,,$,41.6268419,-73.921635,+18452977171,12601,2001 South Road Suite 185,Poughkeepsie,New York,"[{'@type': 'OpeningHoursSpecification', 'dayOfWeek': 'Sunday', 'opens': '9:30', 'closes': '17:30'}, {'@type': 'OpeningHoursSpecification', 'dayOfWeek': ['Monday', 'Tuesday', 'Wednesday', 'Thursday', 'Friday', 'Saturday'], 'opens': '8:30', 'closes': '21:0'}]","{'@type': 'PostalAddress', 'addressLocality': 'Poughkeepsie', 'addressRegion': 'New York', 'postalCode': '12601', 'addressCountry': 'US', 'streetAddress': '2001 South Road Suite 185'}","{'@type': 'GeoCoordinates', 'latitude': 41.6268419, 'longitude': -73.921635}",{}
Perkins (1576 Route 9 - Unit 11),https://www.ubereats.com/nyc-suburbs/food-delivery/perkins-1576-route-9-unit-11/gY7Hiqe0TsmPqPxfe4st0A,fishkill-new-york,"['Breakfast and Brunch', 'American', 'Dinner', 'Bakery']",4.5,39,$$,41.5984957,-73.9102168,+18452961575,12590,1576 Route 9 - Unit 11,Wappingers Falls,NY,"[{'@type': 'OpeningHoursSpecification', 'dayOfWeek': ['Monday', 'Tuesday', 'Wednesday', 'Thursday', 'Friday', 'Saturday', 'Sunday'], 'opens': '6:0', 'closes': '21:0'}]","{'@type': 'PostalAddress', 'addressLocality': 'Wappingers Falls', 'addressRegion': 'NY', 'postalCode': '12590', 'addressCountry': 'US', 'streetAddress': '1576 Route 9 - Unit 11'}","{'@type': 'GeoCoordinates', 'latitude': 41.5984957, 'longitude': -73.9102168}","{'@type': 'AggregateRating', 'ratingValue': 4.5, 'reviewCount': '39'}"
Wendy's  (1601 Route 9),https://www.ubereats.com/nyc-suburbs/food-delivery/wendys-1601-route-9/FC5yB3zJS_Gsg-4OyFnfNQ,fishkill-new-york,"['American', 'Burgers', 'Fast Food']",4.4,23,$,41.5980579,-73.9116155,+18452980167,12590,1601 Route 9,Wappingers Falls,NY,"[{'@type': 'OpeningHoursSpecification', 'dayOfWeek': ['Monday', 'Tuesday', 'Wednesday', 'Thursday', 'Friday', 'Saturday', 'Sunday'], 'opens': '10:30', 'closes': '0:30'}, {'@type': 'OpeningHoursSpecification', 'dayOfWeek': ['Monday', 'Tuesday', 'Wednesday', 'Thursday', 'Friday', 'Saturday', 'Sunday'], 'opens': '6:30', 'closes': '10:0'}]","{'@type': 'PostalAddress', 'addressLocality': 'Wappingers Falls', 'addressRegion': 'NY', 'postalCode': '12590', 'addressCountry': 'US', 'streetAddress': '1601 Route 9'}","{'@type': 'GeoCoordinates', 'latitude': 41.5980579, 'longitude': -73.9116155}","{'@type': 'AggregateRating', 'ratingValue': 4.4, 'reviewCount': '23'}"
The Beacon Bagel,https://www.ubereats.com/nyc-suburbs/food-delivery/the-beacon-bagel/x8eq6_mtQ4OTUHpP9UygTQ,fishkill-new-york,"['American', 'Breakfast and Brunch', 'Desserts']",,,$,41.5020756,-73.96460239999999,+18455467070,12508,466 Main St,Beacon,NY,"[{'@type': 'OpeningHoursSpecification', 'dayOfWeek': 'Sunday', 'opens': '7:0', 'closes': '16:0'}, {'@type': 'OpeningHoursSpecification', 'dayOfWeek': ['Monday', 'Tuesday', 'Wednesday', 'Thursday', 'Friday'], 'opens': '7:0', 'closes': '15:0'}, {'@type': 'OpeningHoursSpecification', 'dayOfWeek': 'Saturday', 'opens': '7:0', 'closes': '16:0'}]","{'@type': 'PostalAddress', 'addressLocality': 'Beacon', 'addressRegion': 'NY', 'postalCode': '12508', 'addressCountry': 'US', 'streetAddress': '466 Main St'}","{'@type': 'GeoCoordinates', 'latitude': 41.5020756, 'longitude': -73.96460239999999}",{}
Sinapi Pizza Pasta & More,https://www.ubereats.com/nyc-suburbs/food-delivery/sinapi-pizza-pasta-%26-more/IfbaCUqTQSmAlbJhqd1S7Q,fishkill-new-york,"['Pizza', 'American', 'Italian', 'Burgers', 'Salads', 'Wings']",,,$,41.6404058,-73.87447,+18452140996,12603,1820 New Hackensack Rd,Poughkeepsie,NY,"[{'@type': 'OpeningHoursSpecification', 'dayOfWeek': 'Sunday', 'opens': '12:30', 'closes': '19:0'}, {'@type': 'OpeningHoursSpecification', 'dayOfWeek': ['Monday', 'Tuesday', 'Wednesday', 'Thursday'], 'opens': '12:0', 'closes': '19:0'}, {'@type': 'OpeningHoursSpecification', 'dayOfWeek': ['Friday', 'Saturday'], 'opens': '12:0', 'closes': '19:30'}]","{'@type': 'PostalAddress', 'addressLocality': 'Poughkeepsie', 'addressRegion': 'NY', 'postalCode': '12603', 'addressCountry': 'US', 'streetAddress': '1820 New Hackensack Rd'}","{'@type': 'GeoCoordinates', 'latitude': 41.6404058, 'longitude': -73.87447}",{}
Taco Bell (1412 Route 300),https://www.ubereats.com/nyc-suburbs/food-delivery/taco-bell-1412-route-300/vm2a37iuRpWCb3uF3QurOw,fishkill-new-york,"['Burritos', 'Fast Food', 'Mexican']",4.0,282,$,41.5212014,-74.07001149999999,+18455663650,12550,1412 Route 300,Newburgh,NY,"[{'@type': 'OpeningHoursSpecification', 'dayOfWeek': ['Sunday', 'Monday', 'Tuesday', 'Wednesday', 'Thursday'], 'opens': '14:0', 'closes': '17:0'}, {'@type': 'OpeningHoursSpecification', 'dayOfWeek': ['Sunday', 'Monday', 'Tuesday', 'Wednesday', 'Thursday'], 'opens': '9:0', 'closes': '0:30'}, {'@type': 'OpeningHoursSpecification', 'dayOfWeek': ['Sunday', 'Monday', 'Tuesday', 'Wednesday', 'Thursday'], 'opens': '9:0', 'closes': '10:30'}, {'@type': 'OpeningHoursSpecification', 'dayOfWeek': ['Friday', 'Saturday'], 'opens': '14:0', 'closes': '17:0'}, {'@type': 'OpeningHoursSpecification', 'dayOfWeek': ['Friday', 'Saturday'], 'opens': '9:0', 'closes': '10:30'}, {'@type': 'OpeningHoursSpecification', 'dayOfWeek': ['Friday', 'Saturday'], 'opens': '9:0', 'closes': '1:30'}]","{'@type': 'PostalAddress', 'addressLocality': 'Newburgh', 'addressRegion': 'NY', 'postalCode': '12550', 'addressCountry': 'US', 'streetAddress': '1412 Route 300'}","{'@type': 'GeoCoordinates', 'latitude': 41.5212014, 'longitude': -74.07001149999999}","{'@type': 'AggregateRating', 'ratingValue': 4, 'reviewCount': '282'}"
Dunkin' (680 Route 9),https://www.ubereats.com/nyc-suburbs/food-delivery/dunkin-680-route-9/g1398ABYTfeVrOV3BmNJYw,fishkill-new-york,"['Breakfast and Brunch', 'Donuts']",,,$,41.5339411,-73.8965133,+18458973010,12524,680 Route 9,Fishkill,NY,"[{'@type': 'OpeningHoursSpecification', 'dayOfWeek': ['Monday', 'Tuesday', 'Wednesday', 'Thursday', 'Friday', 'Saturday', 'Sunday'], 'opens': '5:30', 'closes': '19:30'}]","{'@type': 'PostalAddress', 'addressLocality': 'Fishkill', 'addressRegion': 'NY', 'postalCode': '12524', 'addressCountry': 'US', 'streetAddress': '680 Route 9'}","{'@type': 'GeoCoordinates', 'latitude': 41.5339411, 'longitude': -73.8965133}",{}
Dunkin' (1404 Union Ave),https://www.ubereats.com/nyc-suburbs/food-delivery/dunkin-1404-union-ave/8CkV8S6JTkuYQ-h-yZyCtA,fishkill-new-york,"['Breakfast and Brunch', 'Donuts']",4.1,29,$,41.5201502,-74.06913469999999,+18455669992,12550,1404 Union Ave,Newburgh,NY,"[{'@type': 'OpeningHoursSpecification', 'dayOfWeek': ['Monday', 'Tuesday', 'Wednesday', 'Thursday', 'Friday', 'Saturday', 'Sunday'], 'opens': '4:30', 'closes': '22:0'}]","{'@type': 'PostalAddress', 'addressLocality': 'Newburgh', 'addressRegion': 'NY', 'postalCode': '12550', 'addressCountry': 'US', 'streetAddress': '1404 Union Ave'}","{'@type': 'GeoCoordinates', 'latitude': 41.5201502, 'longitude': -74.06913469999999}","{'@type': 'AggregateRating', 'ratingValue': 4.1, 'reviewCount': '29'}"
Wendy's  (25 Elm Street),https://www.ubereats.com/nyc-suburbs/food-delivery/wendys-25-elm-street/sobPqTbERrW5Duopdn7sGw,fishkill-new-york,"['American', 'Burgers', 'Fast Food']",4.4,10,$,41.53430669999999,-73.898642,+18458968683,12524,25 Elm Street,Fishkill,NY,"[{'@type': 'OpeningHoursSpecification', 'dayOfWeek': ['Sunday', 'Monday', 'Tuesday', 'Wednesday', 'Thursday'], 'opens': '10:30', 'closes': '21:30'}, {'@type': 'OpeningHoursSpecification', 'dayOfWeek': ['Sunday', 'Monday', 'Tuesday', 'Wednesday', 'Thursday'], 'opens': '6:30', 'closes': '10:0'}, {'@type': 'OpeningHoursSpecification', 'dayOfWeek': ['Friday', 'Saturday'], 'opens': '10:30', 'closes': '0:30'}, {'@type': 'OpeningHoursSpecification', 'dayOfWeek': ['Friday', 'Saturday'], 'opens': '6:30', 'closes': '10:0'}]","{'@type': 'PostalAddress', 'addressLocality': 'Fishkill', 'addressRegion': 'NY', 'postalCode': '12524', 'addressCountry': 'US', 'streetAddress': '25 Elm Street'}","{'@type': 'GeoCoordinates', 'latitude': 41.53430669999999, 'longitude': -73.898642}","{'@type': 'AggregateRating', 'ratingValue': 4.4, 'reviewCount': '10'}"
Golden Jade,https://www.ubereats.com/nyc-suburbs/food-delivery/golden-jade/cFrCh511QR6VfuCTV-BvsQ,fishkill-new-york,"['Chinese', 'Asian', 'Asian Fusion']",,,$,41.5783819,-73.81120279999999,+19173742788,12533,814 NY-82,Hopewell Junction,NY,"[{'@type': 'OpeningHoursSpecification', 'dayOfWeek': 'Sunday', 'opens': '0:0', 'closes': '22:30'}, {'@type': 'OpeningHoursSpecification', 'dayOfWeek': ['Monday', 'Tuesday', 'Wednesday', 'Thursday'], 'opens': '11:0', 'closes': '22:30'}, {'@type': 'OpeningHoursSpecification', 'dayOfWeek': ['Friday', 'Saturday'], 'opens': '11:0', 'closes': '23:0'}]","{'@type': 'PostalAddress', 'addressLocality': 'Hopewell Junction', 'addressRegion': 'NY', 'postalCode': '12533', 'addressCountry': 'US', 'streetAddress': '814 NY-82'}","{'@type': 'GeoCoordinates', 'latitude': 41.5783819, 'longitude': -73.81120279999999}",{}
"TGI Friday's (592 - NEWBURG, NY)",https://www.ubereats.com/nyc-suburbs/food-delivery/tgi-fridays-592-newburg-ny/8F77_3PHRaafiKgJTlP-uA,fishkill-new-york,"['Burgers', 'Bar Food', 'American', 'Family Meals']",4.1,164,$$,41.5038685,-74.0702064,+18455671759,12550,1251 Route 300,Newburgh,NY,"[{'@type': 'OpeningHoursSpecification', 'dayOfWeek': ['Sunday', 'Monday', 'Tuesday', 'Wednesday', 'Thursday'], 'opens': '11:0', 'closes': '23:0'}, {'@type': 'OpeningHoursSpecification', 'dayOfWeek': ['Friday', 'Saturday'], 'opens': '11:0', 'closes': '0:0'}]","{'@type': 'PostalAddress', 'addressLocality': 'Newburgh', 'addressRegion': 'NY', 'postalCode': '12550', 'addressCountry': 'US', 'streetAddress': '1251 Route 300'}","{'@type': 'GeoCoordinates', 'latitude': 41.5038685, 'longitude': -74.0702064}","{'@type': 'AggregateRating', 'ratingValue': 4.1, 'reviewCount': '164'}"
Cracker Barrel Old Country Store (4 Merritt Blvd.),https://www.ubereats.com/nyc-suburbs/food-delivery/cracker-barrel-old-country-store-4-merritt-blvd/WQn_igV9TEusNHYY-Axn3w,fishkill-new-york,"['Burgers', 'American', 'Sandwiches', 'Family Meals']",4.3,55,$,41.5295698,-73.8922063,+18458964194,12524,4 Merritt Blvd.,Fishkill,NY,"[{'@type': 'OpeningHoursSpecification', 'dayOfWeek': ['Sunday', 'Monday', 'Tuesday', 'Wednesday', 'Thursday'], 'opens': '10:30', 'closes': '20:0'}, {'@type': 'OpeningHoursSpecification', 'dayOfWeek': ['Sunday', 'Monday', 'Tuesday', 'Wednesday', 'Thursday'], 'opens': '7:30', 'closes': '20:0'}, {'@type': 'OpeningHoursSpecification', 'dayOfWeek': ['Sunday', 'Monday', 'Tuesday', 'Wednesday', 'Thursday'], 'opens': '7:30', 'closes': '20:0'}, {'@type': 'OpeningHoursSpecification', 'dayOfWeek': ['Friday', 'Saturday'], 'opens': '10:30', 'closes': '21:0'}, {'@type': 'OpeningHoursSpecification', 'dayOfWeek': ['Friday', 'Saturday'], 'opens': '7:30', 'closes': '21:0'}, {'@type': 'OpeningHoursSpecification', 'dayOfWeek': ['Friday', 'Saturday'], 'opens': '7:30', 'closes': '21:0'}]","{'@type': 'PostalAddress', 'addressLocality': 'Fishkill', 'addressRegion': 'NY', 'postalCode': '12524', 'addressCountry': 'US', 'streetAddress': '4 Merritt Blvd.'}","{'@type': 'GeoCoordinates', 'latitude': 41.5295698, 'longitude': -73.8922063}","{'@type': 'AggregateRating', 'ratingValue': 4.3, 'reviewCount': '55'}"
KFC (413 NY-376),https://www.ubereats.com/nyc-suburbs/food-delivery/kfc-413-ny-376/03S9pQqpTtyqF5_C38cnMw,fishkill-new-york,"['American', 'Fast Food', 'Wings']",4.8,14,$,41.578890200000004,-73.8094802,+18452272559,12533,413 NY-376,Hopewell Junction,New York,"[{'@type': 'OpeningHoursSpecification', 'dayOfWeek': ['Sunday', 'Monday', 'Tuesday', 'Wednesday', 'Thursday'], 'opens': '10:30', 'closes': '20:30'}, {'@type': 'OpeningHoursSpecification', 'dayOfWeek': ['Friday', 'Saturday'], 'opens': '10:30', 'closes': '20:30'}, {'@type': 'OpeningHoursSpecification', 'dayOfWeek': ['Friday', 'Saturday'], 'opens': '10:30', 'closes': '21:30'}]","{'@type': 'PostalAddress', 'addressLocality': 'Hopewell Junction', 'addressRegion': 'New York', 'postalCode': '12533', 'addressCountry': 'US', 'streetAddress': '413 NY-376'}","{'@type': 'GeoCoordinates', 'latitude': 41.578890200000004, 'longitude': -73.8094802}","{'@type': 'AggregateRating', 'ratingValue': 4.8, 'reviewCount': '14'}"
Little Asia,https://www.ubereats.com/nyc-suburbs/food-delivery/little-asia/MjyE9_x2Tbm9U_yoLyUpaQ,fishkill-new-york,"['Asian Fusion', 'Asian', 'Rolls']",4.5,13,,41.53073,-73.89135,+18457658159,12524,17 Merritt Boulevard,Fishkill,NY,"[{'@type': 'OpeningHoursSpecification', 'dayOfWeek': 'Sunday', 'opens': '12:0', 'closes': '21:0'}, {'@type': 'OpeningHoursSpecification', 'dayOfWeek': ['Monday', 'Tuesday', 'Wednesday', 'Thursday', 'Friday', 'Saturday'], 'opens': '11:0', 'closes': '21:0'}]","{'@type': 'PostalAddress', 'addressLocality': 'Fishkill', 'addressRegion': 'NY', 'postalCode': '12524', 'addressCountry': 'US', 'streetAddress': '17 Merritt Boulevard'}","{'@type': 'GeoCoordinates', 'latitude': 41.53073, 'longitude': -73.89135}","{'@type': 'AggregateRating', 'ratingValue': 4.5, 'reviewCount': '13'}"
McDonald's® (US ROUTE 9 DUCHESS MALL),https://www.ubereats.com/nyc-suburbs/food-delivery/mcdonalds-us-route-9-duchess-mall/sPypbf8QSfiR_ZkVPHI9yw,fishkill-new-york,"['American', 'Burgers', 'Fast Food']",4.3,42,$,41.520843,-73.892073,+18458967778,12524,US ROUTE 9 DUCHESS MALL,FISHKILL,NY,"[{'@type': 'OpeningHoursSpecification', 'dayOfWeek': ['Monday', 'Tuesday', 'Wednesday', 'Thursday', 'Friday', 'Saturday', 'Sunday'], 'opens': '6:0', 'closes': '10:59'}, {'@type': 'OpeningHoursSpecification', 'dayOfWeek': ['Monday', 'Tuesday', 'Wednesday', 'Thursday', 'Friday', 'Saturday', 'Sunday'], 'opens': '11:0', 'closes': '16:59'}, {'@type': 'OpeningHoursSpecification', 'dayOfWeek': ['Monday', 'Tuesday', 'Wednesday', 'Thursday', 'Friday', 'Saturday', 'Sunday'], 'opens': '17:0', 'closes': '23:45'}]","{'@type': 'PostalAddress', 'addressLocality': 'FISHKILL', 'addressRegion': 'NY', 'postalCode': '12524', 'addressCountry': 'US', 'streetAddress': 'US ROUTE 9 DUCHESS MALL'}","{'@type': 'GeoCoordinates', 'latitude': 41.520843, 'longitude': -73.892073}","{'@type': 'AggregateRating', 'ratingValue': 4.3, 'reviewCount': '42'}"
Jade Palace,https://www.ubereats.com/nyc-suburbs/food-delivery/jade-palace/RyEyczAJQBOnkBMEE7ti8g,fishkill-new-york,"['Seafood', 'Chinese', 'Asian', 'Thai']",4.4,75,$,41.602134,-73.9129311,+18452971188,12590,1659 U.S. 9,Wappingers Falls,NY,"[{'@type': 'OpeningHoursSpecification', 'dayOfWeek': 'Sunday', 'opens': '12:0', 'closes': '21:30'}, {'@type': 'OpeningHoursSpecification', 'dayOfWeek': ['Monday', 'Tuesday', 'Wednesday', 'Thursday'], 'opens': '11:0', 'closes': '21:30'}, {'@type': 'OpeningHoursSpecification', 'dayOfWeek': ['Friday', 'Saturday'], 'opens': '11:0', 'closes': '22:30'}]","{'@type': 'PostalAddress', 'addressLocality': 'Wappingers Falls', 'addressRegion': 'NY', 'postalCode': '12590', 'addressCountry': 'US', 'streetAddress': '1659 U.S. 9'}","{'@type': 'GeoCoordinates', 'latitude': 41.602134, 'longitude': -73.9129311}","{'@type': 'AggregateRating', 'ratingValue': 4.4, 'reviewCount': '75'}"
Taco Bell (3 Elm Street),https://www.ubereats.com/nyc-suburbs/food-delivery/taco-bell-3-elm-street/rdtb4_dUTwaH0oAv-Q2FBw,fishkill-new-york,"['Burritos', 'Fast Food', 'Mexican']",4.2,115,$,41.5343874,-73.8970803,+18458967565,12524,3 Elm Street,Fishkill,NY,"[{'@type': 'OpeningHoursSpecification', 'dayOfWeek': ['Sunday', 'Monday', 'Tuesday', 'Wednesday', 'Thursday'], 'opens': '14:0', 'closes': '17:0'}, {'@type': 'OpeningHoursSpecification', 'dayOfWeek': ['Sunday', 'Monday', 'Tuesday', 'Wednesday', 'Thursday'], 'opens': '9:0', 'closes': '0:30'}, {'@type': 'OpeningHoursSpecification', 'dayOfWeek': ['Sunday', 'Monday', 'Tuesday', 'Wednesday', 'Thursday'], 'opens': '9:0', 'closes': '10:30'}, {'@type': 'OpeningHoursSpecification', 'dayOfWeek': ['Friday', 'Saturday'], 'opens': '14:0', 'closes': '17:0'}, {'@type': 'OpeningHoursSpecification', 'dayOfWeek': ['Friday', 'Saturday'], 'opens': '9:0', 'closes': '10:30'}, {'@type': 'OpeningHoursSpecification', 'dayOfWeek': ['Friday', 'Saturday'], 'opens': '9:0', 'closes': '1:30'}]","{'@type': 'PostalAddress', 'addressLocality': 'Fishkill', 'addressRegion': 'NY', 'postalCode': '12524', 'addressCountry': 'US', 'streetAddress': '3 Elm Street'}","{'@type': 'GeoCoordinates', 'latitude': 41.5343874, 'longitude': -73.8970803}","{'@type': 'AggregateRating', 'ratingValue': 4.2, 'reviewCount': '115'}"
Subway (17 Merritt Blvd),https://www.ubereats.com/nyc-suburbs/food-delivery/subway-17-merritt-blvd/fO7r2kjgQqiaZJJznMwbnw,fishkill-new-york,"['Fast Food', 'Sandwich', 'American']",,,$,41.5313226,-73.89322179999999,+18457652628,12524,17 Merritt Blvd,Fishkill,NY,"[{'@type': 'OpeningHoursSpecification', 'dayOfWeek': ['Monday', 'Tuesday', 'Wednesday', 'Thursday', 'Friday', 'Saturday', 'Sunday'], 'opens': '9:0', 'closes': '20:30'}]","{'@type': 'PostalAddress', 'addressLocality': 'Fishkill', 'addressRegion': 'NY', 'postalCode': '12524', 'addressCountry': 'US', 'streetAddress': '17 Merritt Blvd'}","{'@type': 'GeoCoordinates', 'latitude': 41.5313226, 'longitude': -73.89322179999999}",{}
Tokoharu Japanese & Chinese bistro,https://www.ubereats.com/nyc-suburbs/food-delivery/tokoharu-japanese-%26-chinese-bistro/Oshx2bj1TSOpaqApEo1YCw,fishkill-new-york,"['Asian Fusion', 'Asian', 'Korean']",,,$,41.57863039999999,-73.8087302,+13012223650,12533,415 NY-376,Hopewell Junction,NY,"[{'@type': 'OpeningHoursSpecification', 'dayOfWeek': 'Sunday', 'opens': '12:15', 'closes': '21:0'}, {'@type': 'OpeningHoursSpecification', 'dayOfWeek': ['Monday', 'Tuesday', 'Wednesday', 'Thursday'], 'opens': '11:30', 'closes': '21:0'}, {'@type': 'OpeningHoursSpecification', 'dayOfWeek': ['Friday', 'Saturday'], 'opens': '11:30', 'closes': '22:0'}]","{'@type': 'PostalAddress', 'addressLocality': 'Hopewell Junction', 'addressRegion': 'NY', 'postalCode': '12533', 'addressCountry': 'US', 'streetAddress': '415 NY-376'}","{'@type': 'GeoCoordinates', 'latitude': 41.57863039999999, 'longitude': -73.8087302}",{}
"Starbucks (Fishkill, Ransley Square)",https://www.ubereats.com/nyc-suburbs/food-delivery/starbucks-fishkill-ransley-square/5fx-5cVXSLieWir1n7AMbA,fishkill-new-york,"['Bakery', 'Breakfast and Brunch', 'Cafe', 'Coffee & Tea']",4.1,62,$,41.5306559,-73.893084,+18458971201,12524,11 MERRITT BLVD,Fishkill,NY,"[{'@type': 'OpeningHoursSpecification', 'dayOfWeek': 'Sunday', 'opens': '5:30', 'closes': '22:0'}, {'@type': 'OpeningHoursSpecification', 'dayOfWeek': ['Monday', 'Tuesday', 'Wednesday', 'Thursday'], 'opens': '5:0', 'closes': '22:0'}, {'@type': 'OpeningHoursSpecification', 'dayOfWeek': 'Friday', 'opens': '5:0', 'closes': '23:0'}, {'@type': 'OpeningHoursSpecification', 'dayOfWeek': 'Saturday', 'opens': '5:30', 'closes': '23:0'}]","{'@type': 'PostalAddress', 'addressLocality': 'Fishkill', 'addressRegion': 'NY', 'postalCode': '12524', 'addressCountry': 'US', 'streetAddress': '11 MERRITT BLVD'}","{'@type': 'GeoCoordinates', 'latitude': 41.5306559, 'longitude': -73.893084}","{'@type': 'AggregateRating', 'ratingValue': 4.1, 'reviewCount': '62'}"
Vitality Bowls (1839 South Rd),https://www.ubereats.com/nyc-suburbs/food-delivery/vitality-bowls-1839-south-rd/RXjEGXpuQwCgBDV1P_yGgw,fishkill-new-york,"['Juice and Smoothies', 'Vegan', 'Vegetarian']",4.8,24,$$,41.6144675,-73.9153151,+18452981000,12590,1839 South Rd,Wappingers Falls,NY,"[{'@type': 'OpeningHoursSpecification', 'dayOfWeek': 'Sunday', 'opens': '11:0', 'closes': '16:30'}, {'@type': 'OpeningHoursSpecification', 'dayOfWeek': ['Monday', 'Tuesday', 'Wednesday', 'Thursday', 'Friday', 'Saturday'], 'opens': '10:0', 'closes': '17:30'}]","{'@type': 'PostalAddress', 'addressLocality': 'Wappingers Falls', 'addressRegion': 'NY', 'postalCode': '12590', 'addressCountry': 'US', 'streetAddress': '1839 South Rd'}","{'@type': 'GeoCoordinates', 'latitude': 41.6144675, 'longitude': -73.9153151}","{'@type': 'AggregateRating', 'ratingValue': 4.8, 'reviewCount': '24'}"
Papa John's (60 North Plank Road),https://www.ubereats.com/nyc-suburbs/food-delivery/papa-johns-60-north-plank-road/RO1fgF8URTCW7UsVAtmDEA,fishkill-new-york,"['Pizza', 'Wings', 'Desserts']",4.3,70,$$,41.5239565,-74.0299663,+18455657272,12550,60 North Plank Road,Newburgh,NY,"[{'@type': 'OpeningHoursSpecification', 'dayOfWeek': ['Sunday', 'Monday', 'Tuesday', 'Wednesday', 'Thursday'], 'opens': '11:0', 'closes': '22:25'}, {'@type': 'OpeningHoursSpecification', 'dayOfWeek': ['Friday', 'Saturday'], 'opens': '11:0', 'closes': '0:25'}]","{'@type': 'PostalAddress', 'addressLocality': 'Newburgh', 'addressRegion': 'NY', 'postalCode': '12550', 'addressCountry': 'US', 'streetAddress': '60 North Plank Road'}","{'@type': 'GeoCoordinates', 'latitude': 41.5239565, 'longitude': -74.0299663}","{'@type': 'AggregateRating', 'ratingValue': 4.3, 'reviewCount': '70'}"
bella's deli and grill,https://www.ubereats.com/nyc-suburbs/food-delivery/bellas-deli-and-grill/MwKTOrM2RxuYXICjxqtiUA,fishkill-new-york,"['Breakfast & Brunch', 'American', 'Sandwich']",4.7,22,$,41.6590443,-73.9299851,+19143300385,12603,"2494 South Rd, ste 3",NYC Suburbs,NY,"[{'@type': 'OpeningHoursSpecification', 'dayOfWeek': 'Sunday', 'opens': '8:0', 'closes': '15:0'}, {'@type': 'OpeningHoursSpecification', 'dayOfWeek': 'Sunday', 'opens': '8:0', 'closes': '15:0'}, {'@type': 'OpeningHoursSpecification', 'dayOfWeek': ['Monday', 'Tuesday', 'Wednesday', 'Thursday', 'Friday'], 'opens': '7:0', 'closes': '20:0'}, {'@type': 'OpeningHoursSpecification', 'dayOfWeek': ['Monday', 'Tuesday', 'Wednesday', 'Thursday', 'Friday'], 'opens': '7:0', 'closes': '20:0'}, {'@type': 'OpeningHoursSpecification', 'dayOfWeek': 'Saturday', 'opens': '7:0', 'closes': '20:0'}, {'@type': 'OpeningHoursSpecification', 'dayOfWeek': 'Saturday', 'opens': '8:0', 'closes': '20:0'}]","{'@type': 'PostalAddress', 'addressLocality': 'NYC Suburbs', 'addressRegion': 'NY', 'postalCode': '12603', 'addressCountry': 'US', 'streetAddress': '2494 South Rd, ste 3'}","{'@type': 'GeoCoordinates', 'latitude': 41.6590443, 'longitude': -73.9299851}","{'@type': 'AggregateRating', 'ratingValue': 4.7, 'reviewCount': '22'}"
Burger King (10 North Plank Road),https://www.ubereats.com/nyc-suburbs/food-delivery/burger-king-10-north-plank-road/E9QEZXvTTQa_nLvxiIz0FQ,fishkill-new-york,"['American', 'burger', 'Fast Food']",4.5,127,$,41.5208044,-74.0228159,+18455623890,12550,10 North Plank Road,Newburgh,NY,"[{'@type': 'OpeningHoursSpecification', 'dayOfWeek': 'Sunday', 'opens': '7:30', 'closes': '9:59'}, {'@type': 'OpeningHoursSpecification', 'dayOfWeek': 'Sunday', 'opens': '10:30', 'closes': '23:30'}, {'@type': 'OpeningHoursSpecification', 'dayOfWeek': ['Monday', 'Tuesday', 'Wednesday', 'Thursday', 'Friday', 'Saturday'], 'opens': '6:30', 'closes': '9:59'}, {'@type': 'OpeningHoursSpecification', 'dayOfWeek': ['Monday', 'Tuesday', 'Wednesday', 'Thursday', 'Friday', 'Saturday'], 'opens': '10:30', 'closes': '23:30'}]","{'@type': 'PostalAddress', 'addressLocality': 'Newburgh', 'addressRegion': 'NY', 'postalCode': '12550', 'addressCountry': 'US', 'streetAddress': '10 North Plank Road'}","{'@type': 'GeoCoordinates', 'latitude': 41.5208044, 'longitude': -74.0228159}","{'@type': 'AggregateRating', 'ratingValue': 4.5, 'reviewCount': '127'}"
