name,url,city,cuisine,avgRating,numReviews,priceRange,latitude,longitude,telephone,postalCode,streetAddress,addressLocality,addressRegion,openingHoursSpecification,addressString,geoString,ratingString
Haus Heidelberg German Restaurant,https://www.ubereats.com/asheville-nc/food-delivery/haus-heidelberg-german-restaurant/pWv3Th7cQ8-_86bHA7iFWw,fletcher-north-carolina,"['European', 'Modern European', 'German']",,,$,35.3061568,-82.4580549,+18286938227,28792,630 Greenville Hwy,Hendersonville,NC,"[{'@type': 'OpeningHoursSpecification', 'dayOfWeek': 'Sunday', 'opens': '11:0', 'closes': '19:30'}, {'@type': 'OpeningHoursSpecification', 'dayOfWeek': ['Wednesday', 'Thursday'], 'opens': '11:0', 'closes': '13:30'}, {'@type': 'OpeningHoursSpecification', 'dayOfWeek': ['Wednesday', 'Thursday'], 'opens': '17:0', 'closes': '20:30'}, {'@type': 'OpeningHoursSpecification', 'dayOfWeek': ['Friday', 'Saturday'], 'opens': '11:0', 'closes': '20:0'}]","{'@type': 'PostalAddress', 'addressLocality': 'Hendersonville', 'addressRegion': 'NC', 'postalCode': '28792', 'addressCountry': 'US', 'streetAddress': '630 Greenville Hwy'}","{'@type': 'GeoCoordinates', 'latitude': 35.3061568, 'longitude': -82.4580549}",{}
Wicked Weed Funkatorium,https://www.ubereats.com/asheville-nc/food-delivery/wicked-weed-funkatorium/qXrR9Mw0SIC1eTltZbg_UQ,fletcher-north-carolina,"['American', 'Seafood', 'Thai']",,,$,35.467395,-82.5249599,+19546122573,28704,95 Old Shoals Rd,Arden,NC,"[{'@type': 'OpeningHoursSpecification', 'dayOfWeek': ['Thursday', 'Friday', 'Saturday'], 'opens': '12:0', 'closes': '20:0'}]","{'@type': 'PostalAddress', 'addressLocality': 'Arden', 'addressRegion': 'NC', 'postalCode': '28704', 'addressCountry': 'US', 'streetAddress': '95 Old Shoals Rd'}","{'@type': 'GeoCoordinates', 'latitude': 35.467395, 'longitude': -82.5249599}",{}
Bojangles' Famous Chicken & Biscuits 1099 (5697 Asheville Hwy),https://www.ubereats.com/asheville-nc/food-delivery/bojangles-famous-chicken-%26-biscuits-1099-5697-asheville-hwy/reJZotrbQAyKu-LS9Jh2hg,fletcher-north-carolina,"['BBQ', 'American', 'Burgers']",,,$,35.395293,-82.5060044,+18286540441,28791,5697 Asheville Hwy,Hendersonville,NC,"[{'@type': 'OpeningHoursSpecification', 'dayOfWeek': ['Monday', 'Tuesday', 'Wednesday', 'Thursday', 'Friday', 'Saturday', 'Sunday'], 'opens': '6:30', 'closes': '21:0'}]","{'@type': 'PostalAddress', 'addressLocality': 'Hendersonville', 'addressRegion': 'NC', 'postalCode': '28791', 'addressCountry': 'US', 'streetAddress': '5697 Asheville Hwy'}","{'@type': 'GeoCoordinates', 'latitude': 35.395293, 'longitude': -82.5060044}",{}
Sonic (301 Airport Road),https://www.ubereats.com/asheville-nc/food-delivery/sonic-301-airport-road/k2KyxUp0SfCTurfbXsXEKQ,fletcher-north-carolina,"['American', 'Burgers', 'Breakfast and Brunch', 'Fast Food']",4.6,34,$$,35.45046749999999,-82.5260668,+18286819508,28704,301 Airport Road,Arden,NC,"[{'@type': 'OpeningHoursSpecification', 'dayOfWeek': ['Monday', 'Tuesday', 'Wednesday', 'Thursday', 'Friday', 'Saturday', 'Sunday'], 'opens': '7:0', 'closes': '21:30'}]","{'@type': 'PostalAddress', 'addressLocality': 'Arden', 'addressRegion': 'NC', 'postalCode': '28704', 'addressCountry': 'US', 'streetAddress': '301 Airport Road'}","{'@type': 'GeoCoordinates', 'latitude': 35.45046749999999, 'longitude': -82.5260668}","{'@type': 'AggregateRating', 'ratingValue': 4.6, 'reviewCount': '34'}"
Blaze Pizza (1840 Hendersonville Rd.),https://www.ubereats.com/asheville-nc/food-delivery/blaze-pizza-1840-hendersonville-rd/kWXV3ysjQ8GsLKDsszP8EQ,fletcher-north-carolina,"['Pizza', 'Family Meals', 'American']",4.6,69,$,35.50299760000001,-82.52352049999999,+18285759242,28803,1840 Hendersonville Rd.,Asheville,NC,"[{'@type': 'OpeningHoursSpecification', 'dayOfWeek': ['Sunday', 'Monday', 'Tuesday', 'Wednesday', 'Thursday'], 'opens': '11:0', 'closes': '20:30'}, {'@type': 'OpeningHoursSpecification', 'dayOfWeek': ['Friday', 'Saturday'], 'opens': '11:0', 'closes': '21:30'}]","{'@type': 'PostalAddress', 'addressLocality': 'Asheville', 'addressRegion': 'NC', 'postalCode': '28803', 'addressCountry': 'US', 'streetAddress': '1840 Hendersonville Rd.'}","{'@type': 'GeoCoordinates', 'latitude': 35.50299760000001, 'longitude': -82.52352049999999}","{'@type': 'AggregateRating', 'ratingValue': 4.6, 'reviewCount': '69'}"
Applebee's  (1635 Four Seasons Blvd),https://www.ubereats.com/asheville-nc/food-delivery/applebees-1635-four-seasons-blvd/adQYmuMHRESf3DSYBju0_g,fletcher-north-carolina,"['American', 'Bar Food', 'BBQ', 'burger', 'Chicken Strips', 'Comfort Food', 'Dinner', 'pasta', 'salad', 'Sandwich', 'Soup', 'Steak', 'Traditional American', 'wings']",4.3,37,$$,35.33452,-82.4483849,+18286923006,28792,1635 Four Seasons Blvd,Hendersonville,NC,"[{'@type': 'OpeningHoursSpecification', 'dayOfWeek': ['Sunday', 'Monday', 'Tuesday', 'Wednesday', 'Thursday'], 'opens': '11:0', 'closes': '21:30'}, {'@type': 'OpeningHoursSpecification', 'dayOfWeek': ['Friday', 'Saturday'], 'opens': '11:0', 'closes': '23:29'}]","{'@type': 'PostalAddress', 'addressLocality': 'Hendersonville', 'addressRegion': 'NC', 'postalCode': '28792', 'addressCountry': 'US', 'streetAddress': '1635 Four Seasons Blvd'}","{'@type': 'GeoCoordinates', 'latitude': 35.33452, 'longitude': -82.4483849}","{'@type': 'AggregateRating', 'ratingValue': 4.3, 'reviewCount': '37'}"
Pomodoros Cafe - South Asheville,https://www.ubereats.com/asheville-nc/food-delivery/pomodoros-cafe-south-asheville/w1Tr7xb4Q4aS66TEG1GCzA,fletcher-north-carolina,['Italian'],4.9,18,$$,35.4829134734989,-82.53694778181074,+18286873884,,,,,"[{'@type': 'OpeningHoursSpecification', 'dayOfWeek': 'Monday', 'opens': '0:28', 'closes': '0:30'}, {'@type': 'OpeningHoursSpecification', 'dayOfWeek': ['Tuesday', 'Wednesday', 'Thursday', 'Friday', 'Saturday'], 'opens': '15:55', 'closes': '20:30'}]",,"{'@type': 'GeoCoordinates', 'latitude': 35.4829134734989, 'longitude': -82.53694778181074}","{'@type': 'AggregateRating', 'ratingValue': 4.9, 'reviewCount': '18'}"
The Captain's Boil (260 Underwood Rd),https://www.ubereats.com/asheville-nc/food-delivery/the-captains-boil-260-underwood-rd/ACMsZhk8S72oZDppiuu5tw,fletcher-north-carolina,"['Seafood', 'American', 'Southern']",,,$,35.4426603,-82.5336971,+18286845201,28732,260 Underwood Rd,Fletcher,NC,"[{'@type': 'OpeningHoursSpecification', 'dayOfWeek': ['Monday', 'Tuesday', 'Wednesday', 'Thursday', 'Friday', 'Saturday', 'Sunday'], 'opens': '11:0', 'closes': '20:0'}]","{'@type': 'PostalAddress', 'addressLocality': 'Fletcher', 'addressRegion': 'NC', 'postalCode': '28732', 'addressCountry': 'US', 'streetAddress': '260 Underwood Rd'}","{'@type': 'GeoCoordinates', 'latitude': 35.4426603, 'longitude': -82.5336971}",{}
Baked Pie Company - South Asheville,https://www.ubereats.com/asheville-nc/food-delivery/baked-pie-company-south-asheville/a-meSW7URqSihmlf3fTzEw,fletcher-north-carolina,"['American', 'Breakfast and Brunch', 'Desserts']",,,$,35.4850534,-82.5267745,+18282169141,28704,4 Long Shoals Rd,Arden,NC,"[{'@type': 'OpeningHoursSpecification', 'dayOfWeek': 'Sunday', 'opens': '11:0', 'closes': '16:0'}, {'@type': 'OpeningHoursSpecification', 'dayOfWeek': ['Tuesday', 'Wednesday', 'Thursday'], 'opens': '10:0', 'closes': '20:0'}, {'@type': 'OpeningHoursSpecification', 'dayOfWeek': ['Friday', 'Saturday'], 'opens': '10:0', 'closes': '21:0'}]","{'@type': 'PostalAddress', 'addressLocality': 'Arden', 'addressRegion': 'NC', 'postalCode': '28704', 'addressCountry': 'US', 'streetAddress': '4 Long Shoals Rd'}","{'@type': 'GeoCoordinates', 'latitude': 35.4850534, 'longitude': -82.5267745}",{}
Jersey Mike's Subs (300 Airport Rd.),https://www.ubereats.com/asheville-nc/food-delivery/jersey-mikes-subs-300-airport-rd/w2y2saQCT5iEbAp3P1YyOw,fletcher-north-carolina,"['Sandwich', 'American']",4.4,21,$,35.451615,-82.5263518,+18286844266,28704,300 Airport Rd.,Arden,NC,"[{'@type': 'OpeningHoursSpecification', 'dayOfWeek': ['Monday', 'Tuesday', 'Wednesday', 'Thursday', 'Friday', 'Saturday', 'Sunday'], 'opens': '10:0', 'closes': '20:30'}]","{'@type': 'PostalAddress', 'addressLocality': 'Arden', 'addressRegion': 'NC', 'postalCode': '28704', 'addressCountry': 'US', 'streetAddress': '300 Airport Rd.'}","{'@type': 'GeoCoordinates', 'latitude': 35.451615, 'longitude': -82.5263518}","{'@type': 'AggregateRating', 'ratingValue': 4.4, 'reviewCount': '21'}"
Five Guys NC-0322 1838 Hendersonville Rd,https://www.ubereats.com/asheville-nc/food-delivery/five-guys-nc-0322-1838-hendersonville-rd/RjO7BeG7STu17EwVd0ke-g,fletcher-north-carolina,"['American', 'Burgers']",4.9,92,$,35.503433,-82.523715,+18282773894,28803,1838 Hendersonville Rd.,Asheville,NC,"[{'@type': 'OpeningHoursSpecification', 'dayOfWeek': ['Monday', 'Tuesday', 'Wednesday', 'Thursday', 'Friday', 'Saturday', 'Sunday'], 'opens': '11:0', 'closes': '21:30'}]","{'@type': 'PostalAddress', 'addressLocality': 'Asheville', 'addressRegion': 'NC', 'postalCode': '28803', 'addressCountry': 'US', 'streetAddress': '1838 Hendersonville Rd.'}","{'@type': 'GeoCoordinates', 'latitude': 35.503433, 'longitude': -82.523715}","{'@type': 'AggregateRating', 'ratingValue': 4.9, 'reviewCount': '92'}"
Mr. Sushi,https://www.ubereats.com/asheville-nc/food-delivery/mr-sushi/ydTEXDd0TnqJ6gfEp-lFSQ,fletcher-north-carolina,"['Japanese', 'Asian', 'Sushi', 'Fast Food', 'Seafood', 'Healthy']",4.7,130,$,35.5146331,-82.52675409999999,+18285752282,28803,1578 B Hendersonville Rd,Asheville,NC,"[{'@type': 'OpeningHoursSpecification', 'dayOfWeek': 'Sunday', 'opens': '11:30', 'closes': '19:30'}, {'@type': 'OpeningHoursSpecification', 'dayOfWeek': ['Monday', 'Tuesday', 'Wednesday', 'Thursday', 'Friday', 'Saturday'], 'opens': '0:30', 'closes': '20:30'}]","{'@type': 'PostalAddress', 'addressLocality': 'Asheville', 'addressRegion': 'NC', 'postalCode': '28803', 'addressCountry': 'US', 'streetAddress': '1578 B Hendersonville Rd'}","{'@type': 'GeoCoordinates', 'latitude': 35.5146331, 'longitude': -82.52675409999999}","{'@type': 'AggregateRating', 'ratingValue': 4.7, 'reviewCount': '130'}"
Arby's (1628),https://www.ubereats.com/asheville-nc/food-delivery/arbys-1628/DeQ4QRs8SzK1OXp1qtm61g,fletcher-north-carolina,"['American', 'Sandwich', 'Fast Food', 'Kids Friendly']",4.4,26,$,35.3363374,-82.44677659999999,+18286976237,28739,1809 FOUR SEASONS BLVD,Hendersonville,NC,"[{'@type': 'OpeningHoursSpecification', 'dayOfWeek': ['Monday', 'Tuesday', 'Wednesday', 'Thursday', 'Friday', 'Saturday', 'Sunday'], 'opens': '10:0', 'closes': '21:0'}]","{'@type': 'PostalAddress', 'addressLocality': 'Hendersonville', 'addressRegion': 'NC', 'postalCode': '28739', 'addressCountry': 'US', 'streetAddress': '1809 FOUR SEASONS BLVD'}","{'@type': 'GeoCoordinates', 'latitude': 35.3363374, 'longitude': -82.44677659999999}","{'@type': 'AggregateRating', 'ratingValue': 4.4, 'reviewCount': '26'}"
Acropolis Pizza Cafe - Asheville,https://www.ubereats.com/asheville-nc/food-delivery/acropolis-pizza-cafe-asheville/IW80Xsc2SaSCvAQcw6044Q,fletcher-north-carolina,"['Italian', 'Allergy Friendly']",3.9,22,$$,35.529268,-82.603405,+18286337500,28806,800 Brevard Rd,Asheville,NC,"[{'@type': 'OpeningHoursSpecification', 'dayOfWeek': 'Sunday', 'opens': '12:0', 'closes': '18:0'}, {'@type': 'OpeningHoursSpecification', 'dayOfWeek': ['Monday', 'Tuesday', 'Wednesday', 'Thursday', 'Friday', 'Saturday'], 'opens': '10:30', 'closes': '20:0'}]","{'@type': 'PostalAddress', 'addressLocality': 'Asheville', 'addressRegion': 'NC', 'postalCode': '28806', 'addressCountry': 'US', 'streetAddress': '800 Brevard Rd'}","{'@type': 'GeoCoordinates', 'latitude': 35.529268, 'longitude': -82.603405}","{'@type': 'AggregateRating', 'ratingValue': 3.9, 'reviewCount': '22'}"
Mr.kabab Grill,https://www.ubereats.com/asheville-nc/food-delivery/mrkabab-grill/R_YqIU3uT76Vm9aiY5MHyw,fletcher-north-carolina,"['Middle Eastern', 'Arabian', 'Chicken']",4.6,19,$,35.56965810000001,-82.5039391,+18285053113,28803,"801 Fairview Rd, 4",Asheville,NC,"[{'@type': 'OpeningHoursSpecification', 'dayOfWeek': ['Monday', 'Tuesday', 'Wednesday', 'Thursday', 'Friday', 'Saturday'], 'opens': '11:0', 'closes': '20:0'}]","{'@type': 'PostalAddress', 'addressLocality': 'Asheville', 'addressRegion': 'NC', 'postalCode': '28803', 'addressCountry': 'US', 'streetAddress': '801 Fairview Rd, 4'}","{'@type': 'GeoCoordinates', 'latitude': 35.56965810000001, 'longitude': -82.5039391}","{'@type': 'AggregateRating', 'ratingValue': 4.6, 'reviewCount': '19'}"
Cantina Louie (Asheville),https://www.ubereats.com/asheville-nc/food-delivery/cantina-louie-asheville/US8UCPycSAChlWFanmkZFA,fletcher-north-carolina,"['Mexican', 'Latin American', 'New Mexican', 'Allergy Friendly']",4.6,191,$,35.5028024,-82.5230164,+18285058555,28803,2 Gerber Rd,Asheville,NC,"[{'@type': 'OpeningHoursSpecification', 'dayOfWeek': ['Sunday', 'Monday'], 'opens': '11:0', 'closes': '20:30'}, {'@type': 'OpeningHoursSpecification', 'dayOfWeek': ['Tuesday', 'Wednesday', 'Thursday', 'Friday', 'Saturday'], 'opens': '11:0', 'closes': '21:30'}]","{'@type': 'PostalAddress', 'addressLocality': 'Asheville', 'addressRegion': 'NC', 'postalCode': '28803', 'addressCountry': 'US', 'streetAddress': '2 Gerber Rd'}","{'@type': 'GeoCoordinates', 'latitude': 35.5028024, 'longitude': -82.5230164}","{'@type': 'AggregateRating', 'ratingValue': 4.6, 'reviewCount': '191'}"
Chipotle Mexican Grill (1828 Hendersonville Rd),https://www.ubereats.com/asheville-nc/food-delivery/chipotle-mexican-grill-1828-hendersonville-rd/cHbGxOWcQGyUnW7HnC8MAQ,fletcher-north-carolina,"['Healthy', 'Mexican']",4.5,116,$,35.5046124,-82.5239319,+18282746370,28803,1828 Hendersonville Rd,Asheville,NC,"[{'@type': 'OpeningHoursSpecification', 'dayOfWeek': ['Monday', 'Tuesday', 'Wednesday', 'Thursday', 'Friday', 'Saturday', 'Sunday'], 'opens': '10:45', 'closes': '21:40'}]","{'@type': 'PostalAddress', 'addressLocality': 'Asheville', 'addressRegion': 'NC', 'postalCode': '28803', 'addressCountry': 'US', 'streetAddress': '1828 Hendersonville Rd'}","{'@type': 'GeoCoordinates', 'latitude': 35.5046124, 'longitude': -82.5239319}","{'@type': 'AggregateRating', 'ratingValue': 4.5, 'reviewCount': '116'}"
The Casual Pint,https://www.ubereats.com/asheville-nc/food-delivery/the-casual-pint/-ZGdfw_cQHWo4wkOe9RN9Q,fletcher-north-carolina,"['American', 'Sandwiches', 'Chicken']",4.8,16,$,35.50152619999999,-82.5243831,+18283854677,28803,1863 Hendersonville Rd #145 (828) 385-4677,Asheville,NC,"[{'@type': 'OpeningHoursSpecification', 'dayOfWeek': ['Monday', 'Tuesday', 'Wednesday', 'Thursday', 'Friday', 'Saturday', 'Sunday'], 'opens': '15:30', 'closes': '21:0'}]","{'@type': 'PostalAddress', 'addressLocality': 'Asheville', 'addressRegion': 'NC', 'postalCode': '28803', 'addressCountry': 'US', 'streetAddress': '1863 Hendersonville Rd #145 (828) 385-4677'}","{'@type': 'GeoCoordinates', 'latitude': 35.50152619999999, 'longitude': -82.5243831}","{'@type': 'AggregateRating', 'ratingValue': 4.8, 'reviewCount': '16'}"
Zaxby's (67 Highlands Square Dr.),https://www.ubereats.com/asheville-nc/food-delivery/zaxbys-67-highlands-square-dr/7hNwAGCfSo-1eaKBw-22tg,fletcher-north-carolina,"['American', 'Chicken Strips', 'Fast Food']",4.6,40,$$,35.3471023,-82.43560219999999,+18286934566,28792,67 Highlands Square Dr.,Hendersonville,NC,"[{'@type': 'OpeningHoursSpecification', 'dayOfWeek': ['Monday', 'Tuesday', 'Wednesday', 'Thursday', 'Friday', 'Saturday', 'Sunday'], 'opens': '11:0', 'closes': '20:30'}]","{'@type': 'PostalAddress', 'addressLocality': 'Hendersonville', 'addressRegion': 'NC', 'postalCode': '28792', 'addressCountry': 'US', 'streetAddress': '67 Highlands Square Dr.'}","{'@type': 'GeoCoordinates', 'latitude': 35.3471023, 'longitude': -82.43560219999999}","{'@type': 'AggregateRating', 'ratingValue': 4.6, 'reviewCount': '40'}"
"Whit's Frozen Custard (Asheville, NC)",https://www.ubereats.com/asheville-nc/food-delivery/whits-frozen-custard-asheville-nc/ZwfQRSCPSkKnA7FILD7A7A,fletcher-north-carolina,"['Ice Cream & Frozen Yogurt', 'Comfort Food', 'Desserts']",,,$,35.5029976,-82.52352049999999,+18285752455,28803,1840 Hendersonville Rd,Asheville,NC,"[{'@type': 'OpeningHoursSpecification', 'dayOfWeek': ['Monday', 'Tuesday', 'Wednesday', 'Thursday', 'Friday', 'Saturday', 'Sunday'], 'opens': '12:0', 'closes': '21:0'}]","{'@type': 'PostalAddress', 'addressLocality': 'Asheville', 'addressRegion': 'NC', 'postalCode': '28803', 'addressCountry': 'US', 'streetAddress': '1840 Hendersonville Rd'}","{'@type': 'GeoCoordinates', 'latitude': 35.5029976, 'longitude': -82.52352049999999}",{}
Marco's Pizza (100 Julian Shoals #10),https://www.ubereats.com/asheville-nc/food-delivery/marcos-pizza-100-julian-shoals-%2310/O_ce6boQSJizIm-K07ZpBw,fletcher-north-carolina,"['pizza', 'Sandwich', 'Italian']",,,$,35.4795619,-82.5455483,+18286300606,28704,100 Julian Shoals #10,Arden,NC,"[{'@type': 'OpeningHoursSpecification', 'dayOfWeek': ['Sunday', 'Monday', 'Tuesday', 'Wednesday', 'Thursday'], 'opens': '11:0', 'closes': '22:0'}, {'@type': 'OpeningHoursSpecification', 'dayOfWeek': ['Friday', 'Saturday'], 'opens': '11:0', 'closes': '23:0'}]","{'@type': 'PostalAddress', 'addressLocality': 'Arden', 'addressRegion': 'NC', 'postalCode': '28704', 'addressCountry': 'US', 'streetAddress': '100 Julian Shoals #10'}","{'@type': 'GeoCoordinates', 'latitude': 35.4795619, 'longitude': -82.5455483}",{}
Arby's (6659),https://www.ubereats.com/asheville-nc/food-delivery/arbys-6659/OrBnuq8hRe697vmrko7hsw,fletcher-north-carolina,"['American', 'Sandwich', 'Salads', 'Fast Food', 'Kids Friendly']",,,$,35.4441257,-82.533424,+18286549034,28704,443 Airport Rd,Arden,NC,"[{'@type': 'OpeningHoursSpecification', 'dayOfWeek': ['Monday', 'Tuesday', 'Wednesday', 'Thursday', 'Friday', 'Saturday', 'Sunday'], 'opens': '10:0', 'closes': '21:0'}]","{'@type': 'PostalAddress', 'addressLocality': 'Arden', 'addressRegion': 'NC', 'postalCode': '28704', 'addressCountry': 'US', 'streetAddress': '443 Airport Rd'}","{'@type': 'GeoCoordinates', 'latitude': 35.4441257, 'longitude': -82.533424}",{}
Mosaic Cafe,https://www.ubereats.com/asheville-nc/food-delivery/mosaic-cafe/7ynF12MgQeij7xC3PoTDjg,fletcher-north-carolina,"['Juice and Smoothies', 'Breakfast and Brunch', 'Vegetarian', 'Allergy Friendly']",4.7,31,$,35.48624529999999,-82.5542718,+18286762446,28803,1 Town Square Blvd,Asheville,NC,"[{'@type': 'OpeningHoursSpecification', 'dayOfWeek': ['Monday', 'Tuesday', 'Wednesday', 'Thursday', 'Friday'], 'opens': '8:15', 'closes': '13:45'}, {'@type': 'OpeningHoursSpecification', 'dayOfWeek': 'Saturday', 'opens': '10:15', 'closes': '14:45'}]","{'@type': 'PostalAddress', 'addressLocality': 'Asheville', 'addressRegion': 'NC', 'postalCode': '28803', 'addressCountry': 'US', 'streetAddress': '1 Town Square Blvd'}","{'@type': 'GeoCoordinates', 'latitude': 35.48624529999999, 'longitude': -82.5542718}","{'@type': 'AggregateRating', 'ratingValue': 4.7, 'reviewCount': '31'}"
Moe's Southwest Grill (One Hendersonville Road),https://www.ubereats.com/asheville-nc/food-delivery/moes-southwest-grill-one-hendersonville-road/s6SYpKBxQ2m1EDixujD_PA,fletcher-north-carolina,"['Mexican', 'Fast Food']",4.8,43,$,35.5683952,-82.5444752,+18282256637,,,,,"[{'@type': 'OpeningHoursSpecification', 'dayOfWeek': 'Sunday', 'opens': '11:0', 'closes': '20:0'}, {'@type': 'OpeningHoursSpecification', 'dayOfWeek': ['Monday', 'Tuesday', 'Wednesday', 'Thursday', 'Friday', 'Saturday'], 'opens': '11:0', 'closes': '21:0'}]",,"{'@type': 'GeoCoordinates', 'latitude': 35.5683952, 'longitude': -82.5444752}","{'@type': 'AggregateRating', 'ratingValue': 4.8, 'reviewCount': '43'}"
Lennys Grill & Subs (645 Biltmore Avenue),https://www.ubereats.com/asheville-nc/food-delivery/lennys-grill-%26-subs-645-biltmore-avenue/kG5aq-mBTu2QlSjwjEnvaQ,fletcher-north-carolina,"['American', 'Sandwich', 'Salads']",4.9,27,$,35.573611,-82.546317,+18283501338,28803,645 Biltmore Ave,Asheville,North Carolina,"[{'@type': 'OpeningHoursSpecification', 'dayOfWeek': ['Monday', 'Tuesday', 'Wednesday', 'Thursday', 'Friday'], 'opens': '10:0', 'closes': '20:0'}, {'@type': 'OpeningHoursSpecification', 'dayOfWeek': 'Saturday', 'opens': '10:0', 'closes': '19:0'}]","{'@type': 'PostalAddress', 'addressLocality': 'Asheville', 'addressRegion': 'North Carolina', 'postalCode': '28803', 'addressCountry': 'US', 'streetAddress': '645 Biltmore Ave'}","{'@type': 'GeoCoordinates', 'latitude': 35.573611, 'longitude': -82.546317}","{'@type': 'AggregateRating', 'ratingValue': 4.9, 'reviewCount': '27'}"
Arby's (1738),https://www.ubereats.com/asheville-nc/food-delivery/arbys-1738/fKzY-uOxREaoQe6mJn0cqw,fletcher-north-carolina,"['American', 'Sandwich', 'Fast Food', 'Kids Friendly']",5.0,16,$,35.5842823,-82.4688872,+18282988804,,,,,"[{'@type': 'OpeningHoursSpecification', 'dayOfWeek': ['Monday', 'Tuesday', 'Wednesday', 'Thursday', 'Friday', 'Saturday', 'Sunday'], 'opens': '10:0', 'closes': '22:0'}]",,"{'@type': 'GeoCoordinates', 'latitude': 35.5842823, 'longitude': -82.4688872}","{'@type': 'AggregateRating', 'ratingValue': 5, 'reviewCount': '16'}"
"Buffalo Wild Wings (421 Airport Road, Ste 102)",https://www.ubereats.com/asheville-nc/food-delivery/buffalo-wild-wings-421-airport-road-ste-102/PHT-RpSORgq2vzQHep3Pug,fletcher-north-carolina,"['wings', 'New American', 'American', 'Comfort Food']",4.4,36,$$,35.4459358,-82.53215240000002,+18286540197,28704,421 Airport Road Ste 102,Arden,NC,"[{'@type': 'OpeningHoursSpecification', 'dayOfWeek': ['Monday', 'Tuesday', 'Wednesday', 'Thursday', 'Friday', 'Saturday', 'Sunday'], 'opens': '11:0', 'closes': '22:0'}]","{'@type': 'PostalAddress', 'addressLocality': 'Arden', 'addressRegion': 'NC', 'postalCode': '28704', 'addressCountry': 'US', 'streetAddress': '421 Airport Road Ste 102'}","{'@type': 'GeoCoordinates', 'latitude': 35.4459358, 'longitude': -82.53215240000002}","{'@type': 'AggregateRating', 'ratingValue': 4.4, 'reviewCount': '36'}"
Moe's Southwest Grill (300 Airport Road),https://www.ubereats.com/asheville-nc/food-delivery/moes-southwest-grill-300-airport-road/4JHR2jKSQJWj7Hlze366Dg,fletcher-north-carolina,"['Mexican', 'Fast Food']",4.3,56,$,35.45152059999999,-82.52657409999999,+18286844452,28704,300 Airport Road,Arden,NC,"[{'@type': 'OpeningHoursSpecification', 'dayOfWeek': 'Sunday', 'opens': '11:0', 'closes': '20:0'}, {'@type': 'OpeningHoursSpecification', 'dayOfWeek': ['Monday', 'Tuesday', 'Wednesday', 'Thursday', 'Friday', 'Saturday'], 'opens': '11:0', 'closes': '21:0'}]","{'@type': 'PostalAddress', 'addressLocality': 'Arden', 'addressRegion': 'NC', 'postalCode': '28704', 'addressCountry': 'US', 'streetAddress': '300 Airport Road'}","{'@type': 'GeoCoordinates', 'latitude': 35.45152059999999, 'longitude': -82.52657409999999}","{'@type': 'AggregateRating', 'ratingValue': 4.3, 'reviewCount': '56'}"
Outback Steakhouse (250 Mitchelle Drive),https://www.ubereats.com/asheville-nc/food-delivery/outback-steakhouse-250-mitchelle-drive/xxWBNwEFT9O4F_1odKcapw,fletcher-north-carolina,"['Burgers', 'American', 'Sandwiches', 'Steak', 'Seafood', 'Salads', 'BBQ']",4.1,79,$,35.3383872,-82.4390097,+18286921109,28792,250 Mitchelle Drive,Hendersonville,NC,"[{'@type': 'OpeningHoursSpecification', 'dayOfWeek': 'Sunday', 'opens': '11:0', 'closes': '20:30'}, {'@type': 'OpeningHoursSpecification', 'dayOfWeek': ['Monday', 'Tuesday', 'Wednesday', 'Thursday'], 'opens': '11:0', 'closes': '21:30'}, {'@type': 'OpeningHoursSpecification', 'dayOfWeek': ['Friday', 'Saturday'], 'opens': '11:0', 'closes': '22:30'}]","{'@type': 'PostalAddress', 'addressLocality': 'Hendersonville', 'addressRegion': 'NC', 'postalCode': '28792', 'addressCountry': 'US', 'streetAddress': '250 Mitchelle Drive'}","{'@type': 'GeoCoordinates', 'latitude': 35.3383872, 'longitude': -82.4390097}","{'@type': 'AggregateRating', 'ratingValue': 4.1, 'reviewCount': '79'}"
Bojangles' Famous Chicken & Biscuits 1232 (241 Long Shoals Road),https://www.ubereats.com/asheville-nc/food-delivery/bojangles-famous-chicken-%26-biscuits-1232-241-long-shoals-road/4rrCGvIbRECcnfw3FatShg,fletcher-north-carolina,"['BBQ', 'American', 'Burgers']",,,$,35.47974389999999,-82.545097,+18285852248,28704,241 Long Shoals Road,Arden,NC,"[{'@type': 'OpeningHoursSpecification', 'dayOfWeek': ['Monday', 'Tuesday', 'Wednesday', 'Thursday', 'Friday', 'Saturday', 'Sunday'], 'opens': '6:30', 'closes': '21:0'}]","{'@type': 'PostalAddress', 'addressLocality': 'Arden', 'addressRegion': 'NC', 'postalCode': '28704', 'addressCountry': 'US', 'streetAddress': '241 Long Shoals Road'}","{'@type': 'GeoCoordinates', 'latitude': 35.47974389999999, 'longitude': -82.545097}",{}
Farm Burger (South Asheville),https://www.ubereats.com/asheville-nc/food-delivery/farm-burger-south-asheville/PYcaULGAT8GsSHtQvh3CTw,fletcher-north-carolina,"['Burgers', 'American']",4.5,75,$$,35.503412,-82.524682,+18285752393,28803,1831 Hendersonville Rd,Asheville,NC,"[{'@type': 'OpeningHoursSpecification', 'dayOfWeek': ['Monday', 'Tuesday', 'Wednesday', 'Thursday', 'Friday', 'Saturday', 'Sunday'], 'opens': '11:0', 'closes': '20:30'}]","{'@type': 'PostalAddress', 'addressLocality': 'Asheville', 'addressRegion': 'NC', 'postalCode': '28803', 'addressCountry': 'US', 'streetAddress': '1831 Hendersonville Rd'}","{'@type': 'GeoCoordinates', 'latitude': 35.503412, 'longitude': -82.524682}","{'@type': 'AggregateRating', 'ratingValue': 4.5, 'reviewCount': '75'}"
Firehouse Subs (229 Airport Rd. #5),https://www.ubereats.com/asheville-nc/food-delivery/firehouse-subs-229-airport-rd-%235/qEEOwu_tSB-uoMTcRQjzLw,fletcher-north-carolina,"['Sandwich', 'Deli']",4.7,18,$,35.4510457,-82.5250945,+18286549095,28704,229 Airport Rd. #5,Arden,NC,"[{'@type': 'OpeningHoursSpecification', 'dayOfWeek': ['Monday', 'Tuesday', 'Wednesday', 'Thursday', 'Friday', 'Saturday', 'Sunday'], 'opens': '10:30', 'closes': '19:30'}]","{'@type': 'PostalAddress', 'addressLocality': 'Arden', 'addressRegion': 'NC', 'postalCode': '28704', 'addressCountry': 'US', 'streetAddress': '229 Airport Rd. #5'}","{'@type': 'GeoCoordinates', 'latitude': 35.4510457, 'longitude': -82.5250945}","{'@type': 'AggregateRating', 'ratingValue': 4.7, 'reviewCount': '18'}"
Stone bowl,https://www.ubereats.com/asheville-nc/food-delivery/stone-bowl/wsp3jp4ySju551lfEdZmyg,fletcher-north-carolina,"['Korean', 'Asian', 'Asian Fusion']",4.7,38,$$,35.48792359999999,-82.5254874,+18286762172,,,,,"[{'@type': 'OpeningHoursSpecification', 'dayOfWeek': 'Sunday', 'opens': '12:0', 'closes': '21:0'}, {'@type': 'OpeningHoursSpecification', 'dayOfWeek': 'Sunday', 'opens': '12:0', 'closes': '21:30'}, {'@type': 'OpeningHoursSpecification', 'dayOfWeek': 'Monday', 'opens': '11:0', 'closes': '14:30'}, {'@type': 'OpeningHoursSpecification', 'dayOfWeek': 'Monday', 'opens': '17:0', 'closes': '21:0'}, {'@type': 'OpeningHoursSpecification', 'dayOfWeek': 'Monday', 'opens': '11:0', 'closes': '14:30'}, {'@type': 'OpeningHoursSpecification', 'dayOfWeek': 'Monday', 'opens': '17:0', 'closes': '21:30'}, {'@type': 'OpeningHoursSpecification', 'dayOfWeek': ['Wednesday', 'Thursday', 'Friday'], 'opens': '11:0', 'closes': '14:30'}, {'@type': 'OpeningHoursSpecification', 'dayOfWeek': ['Wednesday', 'Thursday', 'Friday'], 'opens': '17:0', 'closes': '21:0'}, {'@type': 'OpeningHoursSpecification', 'dayOfWeek': ['Wednesday', 'Thursday', 'Friday'], 'opens': '11:0', 'closes': '14:30'}, {'@type': 'OpeningHoursSpecification', 'dayOfWeek': ['Wednesday', 'Thursday', 'Friday'], 'opens': '17:0', 'closes': '21:30'}, {'@type': 'OpeningHoursSpecification', 'dayOfWeek': 'Saturday', 'opens': '12:0', 'closes': '21:0'}, {'@type': 'OpeningHoursSpecification', 'dayOfWeek': 'Saturday', 'opens': '12:0', 'closes': '21:30'}]",,"{'@type': 'GeoCoordinates', 'latitude': 35.48792359999999, 'longitude': -82.5254874}","{'@type': 'AggregateRating', 'ratingValue': 4.7, 'reviewCount': '38'}"
Schlotzsky's (377 Long Shoal Road),https://www.ubereats.com/asheville-nc/food-delivery/schlotzskys-377-long-shoal-road/5gwPRRN8RUWQdBNWxDfKrw,fletcher-north-carolina,"['Salads', 'Sandwich', 'Deli']",4.3,19,$,35.481441,-82.5531103,+18286763608,28704,377 Long Shoal Road,Arden,NC,"[{'@type': 'OpeningHoursSpecification', 'dayOfWeek': ['Monday', 'Tuesday', 'Wednesday', 'Thursday', 'Friday', 'Saturday', 'Sunday'], 'opens': '10:30', 'closes': '21:0'}]","{'@type': 'PostalAddress', 'addressLocality': 'Arden', 'addressRegion': 'NC', 'postalCode': '28704', 'addressCountry': 'US', 'streetAddress': '377 Long Shoal Road'}","{'@type': 'GeoCoordinates', 'latitude': 35.481441, 'longitude': -82.5531103}","{'@type': 'AggregateRating', 'ratingValue': 4.3, 'reviewCount': '19'}"
Another Broken Egg Cafe,https://www.ubereats.com/asheville-nc/food-delivery/another-broken-egg-cafe/1uM7LOZvQwWtNGBH3sI0Ww,fletcher-north-carolina,"['Breakfast and Brunch', 'American', 'Sandwiches', 'Burgers', 'Salads']",4.3,22,$,35.485185,-82.5532593,+18286762823,28803,27 Schenck Pkwy,Asheville,NC,"[{'@type': 'OpeningHoursSpecification', 'dayOfWeek': ['Monday', 'Tuesday', 'Wednesday', 'Thursday', 'Friday', 'Saturday', 'Sunday'], 'opens': '7:0', 'closes': '14:0'}]","{'@type': 'PostalAddress', 'addressLocality': 'Asheville', 'addressRegion': 'NC', 'postalCode': '28803', 'addressCountry': 'US', 'streetAddress': '27 Schenck Pkwy'}","{'@type': 'GeoCoordinates', 'latitude': 35.485185, 'longitude': -82.5532593}","{'@type': 'AggregateRating', 'ratingValue': 4.3, 'reviewCount': '22'}"
Hardee's (71 Hendersonville Rd),https://www.ubereats.com/asheville-nc/food-delivery/hardees-71-hendersonville-rd/j_S8Pvp0RUSxaO0_T33X1A,fletcher-north-carolina,"['American', 'burger', 'Fast Food', 'Fast Food']",4.2,19,$,35.5661603,-82.54373559999999,+18282774014,28803,71 Hendersonville Rd,Asheville,NC,"[{'@type': 'OpeningHoursSpecification', 'dayOfWeek': 'Sunday', 'opens': '11:0', 'closes': '21:0'}, {'@type': 'OpeningHoursSpecification', 'dayOfWeek': ['Monday', 'Tuesday', 'Wednesday', 'Thursday', 'Friday'], 'opens': '6:0', 'closes': '11:0'}, {'@type': 'OpeningHoursSpecification', 'dayOfWeek': 'Saturday', 'opens': '11:0', 'closes': '21:0'}]","{'@type': 'PostalAddress', 'addressLocality': 'Asheville', 'addressRegion': 'NC', 'postalCode': '28803', 'addressCountry': 'US', 'streetAddress': '71 Hendersonville Rd'}","{'@type': 'GeoCoordinates', 'latitude': 35.5661603, 'longitude': -82.54373559999999}","{'@type': 'AggregateRating', 'ratingValue': 4.2, 'reviewCount': '19'}"
Burger King (232 Airport Rd),https://www.ubereats.com/asheville-nc/food-delivery/burger-king-232-airport-rd/DqQM83luQrm6CfhegVSn7A,fletcher-north-carolina,"['American', 'burger', 'Fast Food']",4.5,18,$,35.4510468,-82.52619090000002,+18286842786,28704,232 Airport Rd,Arden,NC,"[{'@type': 'OpeningHoursSpecification', 'dayOfWeek': 'Sunday', 'opens': '10:55', 'closes': '0:0'}, {'@type': 'OpeningHoursSpecification', 'dayOfWeek': 'Sunday', 'opens': '6:0', 'closes': '10:30'}, {'@type': 'OpeningHoursSpecification', 'dayOfWeek': 'Sunday', 'opens': '7:0', 'closes': '10:0'}, {'@type': 'OpeningHoursSpecification', 'dayOfWeek': ['Monday', 'Tuesday', 'Wednesday', 'Thursday'], 'opens': '10:55', 'closes': '0:0'}, {'@type': 'OpeningHoursSpecification', 'dayOfWeek': ['Monday', 'Tuesday', 'Wednesday', 'Thursday'], 'opens': '6:0', 'closes': '10:30'}, {'@type': 'OpeningHoursSpecification', 'dayOfWeek': 'Friday', 'opens': '7:0', 'closes': '23:30'}, {'@type': 'OpeningHoursSpecification', 'dayOfWeek': 'Friday', 'opens': '6:0', 'closes': '10:30'}, {'@type': 'OpeningHoursSpecification', 'dayOfWeek': 'Saturday', 'opens': '10:55', 'closes': '0:0'}, {'@type': 'OpeningHoursSpecification', 'dayOfWeek': 'Saturday', 'opens': '7:0', 'closes': '23:30'}, {'@type': 'OpeningHoursSpecification', 'dayOfWeek': 'Saturday', 'opens': '6:0', 'closes': '10:30'}]","{'@type': 'PostalAddress', 'addressLocality': 'Arden', 'addressRegion': 'NC', 'postalCode': '28704', 'addressCountry': 'US', 'streetAddress': '232 Airport Rd'}","{'@type': 'GeoCoordinates', 'latitude': 35.4510468, 'longitude': -82.52619090000002}","{'@type': 'AggregateRating', 'ratingValue': 4.5, 'reviewCount': '18'}"
Clean Juice (28 Schenck Parkway),https://www.ubereats.com/asheville-nc/food-delivery/clean-juice-28-schenck-parkway/CMetm8MPSt-k895UJSXHdw,fletcher-north-carolina,"['Juice and Smoothies', 'Breakfast and Brunch', 'Vegetarian', 'Healthy']",4.9,20,$,35.4852267,-82.5542601,+18286760884,28803,28 Schenck Pkwy Ste 160,Asheville,NC,"[{'@type': 'OpeningHoursSpecification', 'dayOfWeek': 'Sunday', 'opens': '9:0', 'closes': '17:0'}, {'@type': 'OpeningHoursSpecification', 'dayOfWeek': ['Monday', 'Tuesday', 'Wednesday', 'Thursday', 'Friday'], 'opens': '7:0', 'closes': '19:0'}, {'@type': 'OpeningHoursSpecification', 'dayOfWeek': 'Saturday', 'opens': '8:0', 'closes': '19:0'}]","{'@type': 'PostalAddress', 'addressLocality': 'Asheville', 'addressRegion': 'NC', 'postalCode': '28803', 'addressCountry': 'US', 'streetAddress': '28 Schenck Pkwy Ste 160'}","{'@type': 'GeoCoordinates', 'latitude': 35.4852267, 'longitude': -82.5542601}","{'@type': 'AggregateRating', 'ratingValue': 4.9, 'reviewCount': '20'}"
Subway (140 Airport Rd),https://www.ubereats.com/asheville-nc/food-delivery/subway-140-airport-rd/V6R5g-36Rea0URW19eZgyw,fletcher-north-carolina,"['Fast Food', 'Sandwich', 'American']",,,$,35.4523627,-82.52505219999999,+18286845441,28704,140 Airport Rd,Arden,NC,"[{'@type': 'OpeningHoursSpecification', 'dayOfWeek': 'Sunday', 'opens': '10:0', 'closes': '20:30'}, {'@type': 'OpeningHoursSpecification', 'dayOfWeek': ['Monday', 'Tuesday', 'Wednesday', 'Thursday', 'Friday'], 'opens': '7:0', 'closes': '20:30'}, {'@type': 'OpeningHoursSpecification', 'dayOfWeek': 'Saturday', 'opens': '9:0', 'closes': '20:30'}]","{'@type': 'PostalAddress', 'addressLocality': 'Arden', 'addressRegion': 'NC', 'postalCode': '28704', 'addressCountry': 'US', 'streetAddress': '140 Airport Rd'}","{'@type': 'GeoCoordinates', 'latitude': 35.4523627, 'longitude': -82.52505219999999}",{}
Hardee's (6001 Asheville Hwy),https://www.ubereats.com/asheville-nc/food-delivery/hardees-6001-asheville-hwy/5pZUWG59RoerVwi_AQoO8A,fletcher-north-carolina,"['American', 'burger', 'Fast Food', 'Fast Food']",,,$,35.4009882,-82.5095776,+18286870555,28791,6001 Asheville Hwy,Hendersonville,NC,"[{'@type': 'OpeningHoursSpecification', 'dayOfWeek': ['Sunday', 'Monday', 'Tuesday', 'Wednesday', 'Thursday'], 'opens': '5:0', 'closes': '22:0'}, {'@type': 'OpeningHoursSpecification', 'dayOfWeek': ['Sunday', 'Monday', 'Tuesday', 'Wednesday', 'Thursday'], 'opens': '5:0', 'closes': '22:0'}, {'@type': 'OpeningHoursSpecification', 'dayOfWeek': ['Friday', 'Saturday'], 'opens': '5:0', 'closes': '23:0'}, {'@type': 'OpeningHoursSpecification', 'dayOfWeek': ['Friday', 'Saturday'], 'opens': '5:0', 'closes': '23:0'}]","{'@type': 'PostalAddress', 'addressLocality': 'Hendersonville', 'addressRegion': 'NC', 'postalCode': '28791', 'addressCountry': 'US', 'streetAddress': '6001 Asheville Hwy'}","{'@type': 'GeoCoordinates', 'latitude': 35.4009882, 'longitude': -82.5095776}",{}
Typhoon Noodle,https://www.ubereats.com/asheville-nc/food-delivery/typhoon-noodle/o5TOON8QQhyoOXx9WLLGdA,fletcher-north-carolina,"['Asian Fusion', 'Asian', 'Korean']",4.7,200,$,35.5040967,-82.5238473,+18282775511,28803,1834 Hendersonville Rd,Asheville,NC,"[{'@type': 'OpeningHoursSpecification', 'dayOfWeek': 'Sunday', 'opens': '12:0', 'closes': '20:0'}, {'@type': 'OpeningHoursSpecification', 'dayOfWeek': ['Monday', 'Tuesday', 'Wednesday', 'Thursday'], 'opens': '11:0', 'closes': '20:30'}, {'@type': 'OpeningHoursSpecification', 'dayOfWeek': 'Friday', 'opens': '11:0', 'closes': '21:0'}, {'@type': 'OpeningHoursSpecification', 'dayOfWeek': 'Saturday', 'opens': '12:0', 'closes': '21:0'}]","{'@type': 'PostalAddress', 'addressLocality': 'Asheville', 'addressRegion': 'NC', 'postalCode': '28803', 'addressCountry': 'US', 'streetAddress': '1834 Hendersonville Rd'}","{'@type': 'GeoCoordinates', 'latitude': 35.5040967, 'longitude': -82.5238473}","{'@type': 'AggregateRating', 'ratingValue': 4.7, 'reviewCount': '200'}"
Tupelo Honey (South Asheville),https://www.ubereats.com/asheville-nc/food-delivery/tupelo-honey-south-asheville/TKRT5aNZSYOHazpBzjMqFA,fletcher-north-carolina,"['Breakfast and Brunch', 'American']",4.6,43,$$,35.503031,-82.525542,+18285057676,28803,1829 Hendersonville Rd,Asheville,North Carolina,"[{'@type': 'OpeningHoursSpecification', 'dayOfWeek': 'Sunday', 'opens': '9:0', 'closes': '20:45'}, {'@type': 'OpeningHoursSpecification', 'dayOfWeek': ['Monday', 'Tuesday', 'Wednesday', 'Thursday', 'Friday'], 'opens': '11:0', 'closes': '19:45'}, {'@type': 'OpeningHoursSpecification', 'dayOfWeek': 'Saturday', 'opens': '9:0', 'closes': '20:45'}]","{'@type': 'PostalAddress', 'addressLocality': 'Asheville', 'addressRegion': 'North Carolina', 'postalCode': '28803', 'addressCountry': 'US', 'streetAddress': '1829 Hendersonville Rd'}","{'@type': 'GeoCoordinates', 'latitude': 35.503031, 'longitude': -82.525542}","{'@type': 'AggregateRating', 'ratingValue': 4.6, 'reviewCount': '43'}"
Rocky's Hot Chicken Shack (South Asheville),https://www.ubereats.com/asheville-nc/food-delivery/rockys-hot-chicken-shack-south-asheville/ObYKKI_cS_qTuflbGIsGOA,fletcher-north-carolina,['Chicken'],4.8,200,$,35.47348609999999,-82.5154554,+18286763222,,,,,"[{'@type': 'OpeningHoursSpecification', 'dayOfWeek': ['Monday', 'Tuesday', 'Wednesday', 'Thursday', 'Friday', 'Saturday', 'Sunday'], 'opens': '11:0', 'closes': '20:45'}]",,"{'@type': 'GeoCoordinates', 'latitude': 35.47348609999999, 'longitude': -82.5154554}","{'@type': 'AggregateRating', 'ratingValue': 4.8, 'reviewCount': '200'}"
Carrabba's (332 Rockwood Road),https://www.ubereats.com/asheville-nc/food-delivery/carrabbas-332-rockwood-road/X5pVl8qPR_6Qq2h2fy6T4g,fletcher-north-carolina,['Italian'],4.5,52,$$,35.4445492,-82.5377338,+18286548411,8053,332 Rockwood Road,Arden,NC,"[{'@type': 'OpeningHoursSpecification', 'dayOfWeek': 'Sunday', 'opens': '11:0', 'closes': '20:30'}, {'@type': 'OpeningHoursSpecification', 'dayOfWeek': ['Monday', 'Tuesday', 'Wednesday', 'Thursday'], 'opens': '11:0', 'closes': '21:30'}, {'@type': 'OpeningHoursSpecification', 'dayOfWeek': ['Friday', 'Saturday'], 'opens': '11:0', 'closes': '22:30'}]","{'@type': 'PostalAddress', 'addressLocality': 'Arden', 'addressRegion': 'NC', 'postalCode': '8053', 'addressCountry': 'US', 'streetAddress': '332 Rockwood Road'}","{'@type': 'GeoCoordinates', 'latitude': 35.4445492, 'longitude': -82.5377338}","{'@type': 'AggregateRating', 'ratingValue': 4.5, 'reviewCount': '52'}"
Harbor Inn Seafood (Asheville),https://www.ubereats.com/asheville-nc/food-delivery/harbor-inn-seafood-asheville/5cMKamixS62ssmufAP7Wig,fletcher-north-carolina,"['Seafood', 'American', 'Southern']",4.6,44,$,35.5275685,-82.6060892,+18286659940,28806,880 Brevard Rd,Asheville,NC,"[{'@type': 'OpeningHoursSpecification', 'dayOfWeek': 'Sunday', 'opens': '11:0', 'closes': '20:0'}, {'@type': 'OpeningHoursSpecification', 'dayOfWeek': ['Tuesday', 'Wednesday', 'Thursday', 'Friday', 'Saturday'], 'opens': '15:0', 'closes': '20:0'}, {'@type': 'OpeningHoursSpecification', 'dayOfWeek': ['Tuesday', 'Wednesday', 'Thursday', 'Friday', 'Saturday'], 'opens': '11:0', 'closes': '15:0'}]","{'@type': 'PostalAddress', 'addressLocality': 'Asheville', 'addressRegion': 'NC', 'postalCode': '28806', 'addressCountry': 'US', 'streetAddress': '880 Brevard Rd'}","{'@type': 'GeoCoordinates', 'latitude': 35.5275685, 'longitude': -82.6060892}","{'@type': 'AggregateRating', 'ratingValue': 4.6, 'reviewCount': '44'}"
Boston Market (1644 Hendersonville Hwy),https://www.ubereats.com/asheville-nc/food-delivery/boston-market-1644-hendersonville-hwy/oCOYV-PMQ7yFyv-WZ_x-nA,fletcher-north-carolina,"['American', 'Fast Food', 'Comfort Food', 'Fried Chicken']",,,$,35.5112047,-82.52610229999999,+18282748955,28803,1644 Hendersonville Hwy,Asheville,NC,"[{'@type': 'OpeningHoursSpecification', 'dayOfWeek': 'Sunday', 'opens': '11:0', 'closes': '13:45'}, {'@type': 'OpeningHoursSpecification', 'dayOfWeek': ['Thursday', 'Friday', 'Saturday'], 'opens': '11:0', 'closes': '20:15'}]","{'@type': 'PostalAddress', 'addressLocality': 'Asheville', 'addressRegion': 'NC', 'postalCode': '28803', 'addressCountry': 'US', 'streetAddress': '1644 Hendersonville Hwy'}","{'@type': 'GeoCoordinates', 'latitude': 35.5112047, 'longitude': -82.52610229999999}",{}
Cambur Pinton Venezuelan Cuisine,https://www.ubereats.com/asheville-nc/food-delivery/cambur-pinton-venezuelan-cuisine/rEnrA_HaRgSnB8pkrp3K9w,fletcher-north-carolina,"['Latin American', 'Mexican', 'Vegetarian']",,,$,35.336351,-82.4729277,+18282806677,28791,1971 Asheville Hwy,Hendersonville,NC,"[{'@type': 'OpeningHoursSpecification', 'dayOfWeek': 'Sunday', 'opens': '10:0', 'closes': '19:0'}, {'@type': 'OpeningHoursSpecification', 'dayOfWeek': ['Monday', 'Tuesday', 'Wednesday', 'Thursday'], 'opens': '10:0', 'closes': '21:0'}, {'@type': 'OpeningHoursSpecification', 'dayOfWeek': 'Friday', 'opens': '10:0', 'closes': '18:0'}]","{'@type': 'PostalAddress', 'addressLocality': 'Hendersonville', 'addressRegion': 'NC', 'postalCode': '28791', 'addressCountry': 'US', 'streetAddress': '1971 Asheville Hwy'}","{'@type': 'GeoCoordinates', 'latitude': 35.336351, 'longitude': -82.4729277}",{}
Wild Wing Cafe (Asheville - South),https://www.ubereats.com/asheville-nc/food-delivery/wild-wing-cafe-asheville-south/GV41a2W2Tuew-VZ4odwYAg,fletcher-north-carolina,"['Burgers', 'American', 'Wings']",,,$$,35.4826977,-82.53519759999999,+18286919464,28704,65 Long Shoals Rd,Arden,NC,"[{'@type': 'OpeningHoursSpecification', 'dayOfWeek': ['Monday', 'Tuesday', 'Wednesday', 'Thursday', 'Friday', 'Saturday', 'Sunday'], 'opens': '11:30', 'closes': '21:0'}]","{'@type': 'PostalAddress', 'addressLocality': 'Arden', 'addressRegion': 'NC', 'postalCode': '28704', 'addressCountry': 'US', 'streetAddress': '65 Long Shoals Rd'}","{'@type': 'GeoCoordinates', 'latitude': 35.4826977, 'longitude': -82.53519759999999}",{}
South Rock Bar & Grill,https://www.ubereats.com/asheville-nc/food-delivery/south-rock-bar-%26-grill/K_iRJ4HPR_yWF5HJCisw-g,fletcher-north-carolina,"['American', 'Burgers', 'Sandwich']",,,$,35.3031263,-82.45629869999999,+18286982490,28792,830 Greenville Hwy,Hendersonville,NC,"[{'@type': 'OpeningHoursSpecification', 'dayOfWeek': ['Tuesday', 'Wednesday', 'Thursday', 'Friday', 'Saturday'], 'opens': '11:0', 'closes': '19:0'}]","{'@type': 'PostalAddress', 'addressLocality': 'Hendersonville', 'addressRegion': 'NC', 'postalCode': '28792', 'addressCountry': 'US', 'streetAddress': '830 Greenville Hwy'}","{'@type': 'GeoCoordinates', 'latitude': 35.3031263, 'longitude': -82.45629869999999}",{}
Cinnamon Kitchen Indian Cuisine,https://www.ubereats.com/asheville-nc/food-delivery/cinnamon-kitchen-indian-cuisine/kwl1HGv8Qiu6Oy7NY8nQSQ,fletcher-north-carolina,"['Indian', 'Vegetarian', 'Healthy']",4.6,32,$,35.5034331,-82.52371529999999,+18285752100,28803,1838 Hendersonville Rd,Asheville,NC,"[{'@type': 'OpeningHoursSpecification', 'dayOfWeek': ['Monday', 'Tuesday', 'Wednesday', 'Thursday', 'Friday', 'Saturday', 'Sunday'], 'opens': '11:0', 'closes': '14:30'}, {'@type': 'OpeningHoursSpecification', 'dayOfWeek': ['Monday', 'Tuesday', 'Wednesday', 'Thursday', 'Friday', 'Saturday', 'Sunday'], 'opens': '16:30', 'closes': '21:30'}]","{'@type': 'PostalAddress', 'addressLocality': 'Asheville', 'addressRegion': 'NC', 'postalCode': '28803', 'addressCountry': 'US', 'streetAddress': '1838 Hendersonville Rd'}","{'@type': 'GeoCoordinates', 'latitude': 35.5034331, 'longitude': -82.52371529999999}","{'@type': 'AggregateRating', 'ratingValue': 4.6, 'reviewCount': '32'}"
Whit's Frozen Custard (Gerber Village),https://www.ubereats.com/asheville-nc/food-delivery/whits-frozen-custard-gerber-village/nX_x5vKUSVOin-6AQFe7FQ,fletcher-north-carolina,"['Desserts', 'Vegetarian', 'Coffee and Tea']",,,$,35.5035783,-82.5237205,+19043158605,28803,1840 Hendersonville Rd 103,Asheville,NC,"[{'@type': 'OpeningHoursSpecification', 'dayOfWeek': ['Monday', 'Tuesday', 'Wednesday', 'Thursday', 'Friday', 'Saturday', 'Sunday'], 'opens': '14:0', 'closes': '19:30'}]","{'@type': 'PostalAddress', 'addressLocality': 'Asheville', 'addressRegion': 'NC', 'postalCode': '28803', 'addressCountry': 'US', 'streetAddress': '1840 Hendersonville Rd 103'}","{'@type': 'GeoCoordinates', 'latitude': 35.5035783, 'longitude': -82.5237205}",{}
Bojangles' Famous Chicken & Biscuits 1266 (3575 Boylston Highway),https://www.ubereats.com/asheville-nc/food-delivery/bojangles-famous-chicken-%26-biscuits-1266-3575-boylston-highway/PpX2DCaOT469ySezsTuU2A,fletcher-north-carolina,"['American', 'Sandwich', 'Chicken', 'Salads']",,,$,35.4017126,-82.5695119,+18288916300,28759,3575 Boylston Highway,Mills River,NC,"[{'@type': 'OpeningHoursSpecification', 'dayOfWeek': ['Monday', 'Tuesday', 'Wednesday', 'Thursday', 'Friday', 'Saturday', 'Sunday'], 'opens': '6:30', 'closes': '21:0'}]","{'@type': 'PostalAddress', 'addressLocality': 'Mills River', 'addressRegion': 'NC', 'postalCode': '28759', 'addressCountry': 'US', 'streetAddress': '3575 Boylston Highway'}","{'@type': 'GeoCoordinates', 'latitude': 35.4017126, 'longitude': -82.5695119}",{}
KFC (1903 Four Seasons Boulevard),https://www.ubereats.com/asheville-nc/food-delivery/kfc-1903-four-seasons-boulevard/UcWJE4l5RY6rP7mgHUsDMQ,fletcher-north-carolina,"['American', 'Fast Food', 'wings']",4.6,14,$,35.3369375,-82.4447873,+12814888534,28792,1903 Four Seasons Boulevard,Hendersonville,NC,"[{'@type': 'OpeningHoursSpecification', 'dayOfWeek': ['Sunday', 'Monday', 'Tuesday', 'Wednesday', 'Thursday'], 'opens': '10:0', 'closes': '21:30'}, {'@type': 'OpeningHoursSpecification', 'dayOfWeek': ['Friday', 'Saturday'], 'opens': '10:0', 'closes': '22:30'}]","{'@type': 'PostalAddress', 'addressLocality': 'Hendersonville', 'addressRegion': 'NC', 'postalCode': '28792', 'addressCountry': 'US', 'streetAddress': '1903 Four Seasons Boulevard'}","{'@type': 'GeoCoordinates', 'latitude': 35.3369375, 'longitude': -82.4447873}","{'@type': 'AggregateRating', 'ratingValue': 4.6, 'reviewCount': '14'}"
Zaxby's (30 Mcmurray Rd),https://www.ubereats.com/asheville-nc/food-delivery/zaxbys-30-mcmurray-rd/LY20N9FKQFGRWyVnjcEd4Q,fletcher-north-carolina,"['American', 'Chicken Strips']",4.3,24,$$,35.2983958,-82.40496929999999,+18286977277,28731,30 Mcmurray Rd,Flat Rock,NC,"[{'@type': 'OpeningHoursSpecification', 'dayOfWeek': ['Monday', 'Tuesday', 'Wednesday', 'Thursday', 'Friday', 'Saturday', 'Sunday'], 'opens': '10:30', 'closes': '20:45'}]","{'@type': 'PostalAddress', 'addressLocality': 'Flat Rock', 'addressRegion': 'NC', 'postalCode': '28731', 'addressCountry': 'US', 'streetAddress': '30 Mcmurray Rd'}","{'@type': 'GeoCoordinates', 'latitude': 35.2983958, 'longitude': -82.40496929999999}","{'@type': 'AggregateRating', 'ratingValue': 4.3, 'reviewCount': '24'}"
Bojangles' Famous Chicken & Biscuits 1137 (320 Airport Road),https://www.ubereats.com/asheville-nc/food-delivery/bojangles-famous-chicken-%26-biscuits-1137-320-airport-road/jM7WmwPoQMWkYS0R6008GQ,fletcher-north-carolina,"['American', 'Burgers', 'Chicken']",,,$,35.45078609999999,-82.5281171,+18286810004,28704,320 Airport Road,Arden,NC,"[{'@type': 'OpeningHoursSpecification', 'dayOfWeek': 'Sunday', 'opens': '6:30', 'closes': '21:30'}, {'@type': 'OpeningHoursSpecification', 'dayOfWeek': ['Monday', 'Tuesday', 'Wednesday', 'Thursday', 'Friday', 'Saturday'], 'opens': '5:30', 'closes': '21:30'}]","{'@type': 'PostalAddress', 'addressLocality': 'Arden', 'addressRegion': 'NC', 'postalCode': '28704', 'addressCountry': 'US', 'streetAddress': '320 Airport Road'}","{'@type': 'GeoCoordinates', 'latitude': 35.45078609999999, 'longitude': -82.5281171}",{}
"Dickey’s BBQ Pit  (1636 Hendersonville Rd., Suite 125)",https://www.ubereats.com/asheville-nc/food-delivery/dickeys-bbq-pit-1636-hendersonville-rd-suite-125/21OKJuFoSp-64Vo7GCzErA,fletcher-north-carolina,"['BBQ', 'American', 'Wings', 'Sandwich', 'Family Meals']",4.2,67,$$,35.5135095,-82.5238128,+18282775221,28803,"1636 Hendersonville Rd., Suite 125",Asheville,NC,"[{'@type': 'OpeningHoursSpecification', 'dayOfWeek': ['Monday', 'Tuesday', 'Wednesday', 'Thursday', 'Friday', 'Saturday', 'Sunday'], 'opens': '12:0', 'closes': '20:0'}]","{'@type': 'PostalAddress', 'addressLocality': 'Asheville', 'addressRegion': 'NC', 'postalCode': '28803', 'addressCountry': 'US', 'streetAddress': '1636 Hendersonville Rd., Suite 125'}","{'@type': 'GeoCoordinates', 'latitude': 35.5135095, 'longitude': -82.5238128}","{'@type': 'AggregateRating', 'ratingValue': 4.2, 'reviewCount': '67'}"
Tropical Smoothie Cafe (1829 Hendersonville Road Suite 40),https://www.ubereats.com/asheville-nc/food-delivery/tropical-smoothie-cafe-1829-hendersonville-road-suite-40/LBzetxoPSrOtHBFJO6HMLg,fletcher-north-carolina,"['Juice and Smoothies', 'Healthy', 'Sandwich']",4.7,29,$,35.50352120000001,-82.5256216,+18285759190,28803,1829 Hendersonville Road Suite 40,Asheville,NC,"[{'@type': 'OpeningHoursSpecification', 'dayOfWeek': 'Sunday', 'opens': '11:0', 'closes': '18:0'}, {'@type': 'OpeningHoursSpecification', 'dayOfWeek': ['Monday', 'Tuesday', 'Wednesday', 'Thursday', 'Friday'], 'opens': '9:0', 'closes': '19:0'}, {'@type': 'OpeningHoursSpecification', 'dayOfWeek': 'Saturday', 'opens': '10:0', 'closes': '19:0'}]","{'@type': 'PostalAddress', 'addressLocality': 'Asheville', 'addressRegion': 'NC', 'postalCode': '28803', 'addressCountry': 'US', 'streetAddress': '1829 Hendersonville Road Suite 40'}","{'@type': 'GeoCoordinates', 'latitude': 35.50352120000001, 'longitude': -82.5256216}","{'@type': 'AggregateRating', 'ratingValue': 4.7, 'reviewCount': '29'}"
Firehouse Subs (100 Julian Lane ste 150),https://www.ubereats.com/asheville-nc/food-delivery/firehouse-subs-100-julian-lane-ste-150/dFW-cDj2Ra2iFL0HnghCeA,fletcher-north-carolina,"['Sandwich', 'Deli']",4.5,21,$,35.482736,-82.53751729999999,+18286810850,28704,100 Julian Lane ste 150,Arden,NC,"[{'@type': 'OpeningHoursSpecification', 'dayOfWeek': ['Monday', 'Tuesday', 'Wednesday', 'Thursday', 'Friday', 'Saturday', 'Sunday'], 'opens': '10:30', 'closes': '19:30'}]","{'@type': 'PostalAddress', 'addressLocality': 'Arden', 'addressRegion': 'NC', 'postalCode': '28704', 'addressCountry': 'US', 'streetAddress': '100 Julian Lane ste 150'}","{'@type': 'GeoCoordinates', 'latitude': 35.482736, 'longitude': -82.53751729999999}","{'@type': 'AggregateRating', 'ratingValue': 4.5, 'reviewCount': '21'}"
Luella's Bar-B-Que,https://www.ubereats.com/asheville-nc/food-delivery/luellas-bar-b-que/gXIxF_-WRvODoNk3PWfekw,fletcher-north-carolina,['BBQ'],4.7,14,$,35.484444,-82.556261,+18286763855,28803,33 Town Square Blvd,Asheville,North Carolina,"[{'@type': 'OpeningHoursSpecification', 'dayOfWeek': ['Sunday', 'Monday', 'Tuesday', 'Wednesday', 'Thursday'], 'opens': '11:0', 'closes': '20:0'}, {'@type': 'OpeningHoursSpecification', 'dayOfWeek': ['Friday', 'Saturday'], 'opens': '11:0', 'closes': '21:0'}]","{'@type': 'PostalAddress', 'addressLocality': 'Asheville', 'addressRegion': 'North Carolina', 'postalCode': '28803', 'addressCountry': 'US', 'streetAddress': '33 Town Square Blvd'}","{'@type': 'GeoCoordinates', 'latitude': 35.484444, 'longitude': -82.556261}","{'@type': 'AggregateRating', 'ratingValue': 4.7, 'reviewCount': '14'}"
Dunkin' (779 Biltmore Ave),https://www.ubereats.com/asheville-nc/food-delivery/dunkin-779-biltmore-ave/ChiZmNzzQa6ud8r1IzUi0w,fletcher-north-carolina,"['Breakfast and Brunch', 'Donuts']",4.6,34,$,35.5696976,-82.5449699,+18282514542,28803,779 Biltmore Ave,Asheville,NC,"[{'@type': 'OpeningHoursSpecification', 'dayOfWeek': ['Monday', 'Tuesday', 'Wednesday', 'Thursday', 'Friday', 'Saturday', 'Sunday'], 'opens': '6:0', 'closes': '15:0'}]","{'@type': 'PostalAddress', 'addressLocality': 'Asheville', 'addressRegion': 'NC', 'postalCode': '28803', 'addressCountry': 'US', 'streetAddress': '779 Biltmore Ave'}","{'@type': 'GeoCoordinates', 'latitude': 35.5696976, 'longitude': -82.5449699}","{'@type': 'AggregateRating', 'ratingValue': 4.6, 'reviewCount': '34'}"
Subway (60 Airport Rd),https://www.ubereats.com/asheville-nc/food-delivery/subway-60-airport-rd/V58wIN9KS8G0K02XR7t-SA,fletcher-north-carolina,"['Fast Food', 'Sandwich', 'American']",,,$,35.4561288,-82.5234536,+18286815207,28704,60 Airport Rd,Arden,NC,"[{'@type': 'OpeningHoursSpecification', 'dayOfWeek': ['Monday', 'Tuesday', 'Wednesday', 'Thursday', 'Friday', 'Saturday', 'Sunday'], 'opens': '10:0', 'closes': '19:30'}]","{'@type': 'PostalAddress', 'addressLocality': 'Arden', 'addressRegion': 'NC', 'postalCode': '28704', 'addressCountry': 'US', 'streetAddress': '60 Airport Rd'}","{'@type': 'GeoCoordinates', 'latitude': 35.4561288, 'longitude': -82.5234536}",{}
Zaxby's (1650 Hendersonville Rd.),https://www.ubereats.com/asheville-nc/food-delivery/zaxbys-1650-hendersonville-rd/8Z2OjBZmQnmtNAEaV_LjAA,fletcher-north-carolina,"['American', 'Wings', 'Salads']",4.4,41,$,35.510261,-82.525879,+18282772228,28803,1650 Hendersonville Rd,Asheville,NC,"[{'@type': 'OpeningHoursSpecification', 'dayOfWeek': ['Monday', 'Tuesday', 'Wednesday', 'Thursday', 'Friday', 'Saturday', 'Sunday'], 'opens': '11:0', 'closes': '20:30'}]","{'@type': 'PostalAddress', 'addressLocality': 'Asheville', 'addressRegion': 'NC', 'postalCode': '28803', 'addressCountry': 'US', 'streetAddress': '1650 Hendersonville Rd'}","{'@type': 'GeoCoordinates', 'latitude': 35.510261, 'longitude': -82.525879}","{'@type': 'AggregateRating', 'ratingValue': 4.4, 'reviewCount': '41'}"
Dunkin' (1975 Hendersonville Rd),https://www.ubereats.com/asheville-nc/food-delivery/dunkin-1975-hendersonville-rd/5cjuNL6kRo-w77jYDCs1rg,fletcher-north-carolina,"['Breakfast and Brunch', 'Donuts']",4.8,42,$,35.4896954,-82.5241856,+18286846048,28803,1975 Hendersonville Rd,Asheville,NC,"[{'@type': 'OpeningHoursSpecification', 'dayOfWeek': ['Monday', 'Tuesday', 'Wednesday', 'Thursday', 'Friday', 'Saturday', 'Sunday'], 'opens': '5:0', 'closes': '20:30'}]","{'@type': 'PostalAddress', 'addressLocality': 'Asheville', 'addressRegion': 'NC', 'postalCode': '28803', 'addressCountry': 'US', 'streetAddress': '1975 Hendersonville Rd'}","{'@type': 'GeoCoordinates', 'latitude': 35.4896954, 'longitude': -82.5241856}","{'@type': 'AggregateRating', 'ratingValue': 4.8, 'reviewCount': '42'}"
Joey's New York Bagels,https://www.ubereats.com/asheville-nc/food-delivery/joeys-new-york-bagels/nkqVPcXvRVq7UVg2WC0Uug,fletcher-north-carolina,"['American', 'Breakfast and Brunch', 'Sandwich']",,,$,35.3961421,-82.506558,+18283763692,28791,5829 Asheville Hwy,Hendersonville,NC,"[{'@type': 'OpeningHoursSpecification', 'dayOfWeek': 'Sunday', 'opens': '7:0', 'closes': '13:0'}, {'@type': 'OpeningHoursSpecification', 'dayOfWeek': ['Monday', 'Tuesday', 'Wednesday', 'Thursday', 'Friday', 'Saturday'], 'opens': '6:0', 'closes': '14:0'}]","{'@type': 'PostalAddress', 'addressLocality': 'Hendersonville', 'addressRegion': 'NC', 'postalCode': '28791', 'addressCountry': 'US', 'streetAddress': '5829 Asheville Hwy'}","{'@type': 'GeoCoordinates', 'latitude': 35.3961421, 'longitude': -82.506558}",{}
McDonald's® (525 AIRPORT RD),https://www.ubereats.com/asheville-nc/food-delivery/mcdonalds-525-airport-rd/ZySwvMJKRWiQvj9zuuJIZQ,fletcher-north-carolina,"['American', 'Burgers', 'Fast Food']",4.0,39,$,35.443782,-82.533591,+18286540031,28732,525 AIRPORT RD,FLETCHER,NC,"[{'@type': 'OpeningHoursSpecification', 'dayOfWeek': 'Sunday', 'opens': '4:0', 'closes': '10:59'}, {'@type': 'OpeningHoursSpecification', 'dayOfWeek': 'Sunday', 'opens': '11:0', 'closes': '16:59'}, {'@type': 'OpeningHoursSpecification', 'dayOfWeek': 'Sunday', 'opens': '17:0', 'closes': '3:59'}, {'@type': 'OpeningHoursSpecification', 'dayOfWeek': ['Monday', 'Tuesday', 'Wednesday', 'Thursday', 'Friday'], 'opens': '4:0', 'closes': '10:29'}, {'@type': 'OpeningHoursSpecification', 'dayOfWeek': ['Monday', 'Tuesday', 'Wednesday', 'Thursday', 'Friday'], 'opens': '10:30', 'closes': '16:59'}, {'@type': 'OpeningHoursSpecification', 'dayOfWeek': ['Monday', 'Tuesday', 'Wednesday', 'Thursday', 'Friday'], 'opens': '17:0', 'closes': '3:59'}, {'@type': 'OpeningHoursSpecification', 'dayOfWeek': 'Saturday', 'opens': '4:0', 'closes': '10:59'}, {'@type': 'OpeningHoursSpecification', 'dayOfWeek': 'Saturday', 'opens': '11:0', 'closes': '16:59'}, {'@type': 'OpeningHoursSpecification', 'dayOfWeek': 'Saturday', 'opens': '17:0', 'closes': '3:59'}]","{'@type': 'PostalAddress', 'addressLocality': 'FLETCHER', 'addressRegion': 'NC', 'postalCode': '28732', 'addressCountry': 'US', 'streetAddress': '525 AIRPORT RD'}","{'@type': 'GeoCoordinates', 'latitude': 35.443782, 'longitude': -82.533591}","{'@type': 'AggregateRating', 'ratingValue': 4, 'reviewCount': '39'}"
Jersey Mike's Subs (1816 Hendersonville Rd.),https://www.ubereats.com/asheville-nc/food-delivery/jersey-mikes-subs-1816-hendersonville-rd/JYqr-0xaSBqhMqmp_MctOw,fletcher-north-carolina,"['Sandwich', 'American']",4.5,38,$,35.5054123,-82.5227693,+18282771514,28803,1816 Hendersonville Rd.,Asheville,NC,"[{'@type': 'OpeningHoursSpecification', 'dayOfWeek': ['Monday', 'Tuesday', 'Wednesday', 'Thursday', 'Friday', 'Saturday', 'Sunday'], 'opens': '10:0', 'closes': '20:30'}]","{'@type': 'PostalAddress', 'addressLocality': 'Asheville', 'addressRegion': 'NC', 'postalCode': '28803', 'addressCountry': 'US', 'streetAddress': '1816 Hendersonville Rd.'}","{'@type': 'GeoCoordinates', 'latitude': 35.5054123, 'longitude': -82.5227693}","{'@type': 'AggregateRating', 'ratingValue': 4.5, 'reviewCount': '38'}"
KFC (800 Fairview Road),https://www.ubereats.com/asheville-nc/food-delivery/kfc-800-fairview-road/l8rk4x-rTX6Rr5RPIpFJ_Q,fletcher-north-carolina,"['American', 'Fast Food', 'wings']",3.9,14,$,35.5704546,-82.5074633,+12814039170,28803,800 Fairview Road,Asheville,NC,"[{'@type': 'OpeningHoursSpecification', 'dayOfWeek': ['Monday', 'Tuesday', 'Wednesday', 'Thursday', 'Friday', 'Saturday', 'Sunday'], 'opens': '10:0', 'closes': '22:0'}]","{'@type': 'PostalAddress', 'addressLocality': 'Asheville', 'addressRegion': 'NC', 'postalCode': '28803', 'addressCountry': 'US', 'streetAddress': '800 Fairview Road'}","{'@type': 'GeoCoordinates', 'latitude': 35.5704546, 'longitude': -82.5074633}","{'@type': 'AggregateRating', 'ratingValue': 3.9, 'reviewCount': '14'}"
KFC (1860 Hendersonville Road),https://www.ubereats.com/asheville-nc/food-delivery/kfc-1860-hendersonville-road/BZQbN3ocRlavnk2LXI2WbA,fletcher-north-carolina,"['American', 'Fast Food', 'wings']",4.8,13,$,35.500147,-82.52124189999999,+12484560535,28803,1860 Hendersonville Road,Asheville,NC,"[{'@type': 'OpeningHoursSpecification', 'dayOfWeek': ['Monday', 'Tuesday', 'Wednesday', 'Thursday', 'Friday', 'Saturday', 'Sunday'], 'opens': '10:0', 'closes': '21:0'}]","{'@type': 'PostalAddress', 'addressLocality': 'Asheville', 'addressRegion': 'NC', 'postalCode': '28803', 'addressCountry': 'US', 'streetAddress': '1860 Hendersonville Road'}","{'@type': 'GeoCoordinates', 'latitude': 35.500147, 'longitude': -82.52124189999999}","{'@type': 'AggregateRating', 'ratingValue': 4.8, 'reviewCount': '13'}"
The Hot Dog King,https://www.ubereats.com/asheville-nc/food-delivery/the-hot-dog-king/PrW72Fq2Qx2IBRy5S7vG9Q,fletcher-north-carolina,"['Comfort Food', 'American', 'Sandwich', 'Burgers', 'Wings', 'Seafood', 'Salads']",4.4,25,$,35.4490496,-82.50904899999999,+18286762690,28704,2603 Hendersonville Rd,Arden,NC,"[{'@type': 'OpeningHoursSpecification', 'dayOfWeek': ['Monday', 'Tuesday', 'Wednesday', 'Thursday'], 'opens': '13:0', 'closes': '19:30'}, {'@type': 'OpeningHoursSpecification', 'dayOfWeek': ['Monday', 'Tuesday', 'Wednesday', 'Thursday'], 'opens': '11:0', 'closes': '19:30'}, {'@type': 'OpeningHoursSpecification', 'dayOfWeek': 'Friday', 'opens': '13:0', 'closes': '19:30'}, {'@type': 'OpeningHoursSpecification', 'dayOfWeek': 'Friday', 'opens': '11:0', 'closes': '18:30'}, {'@type': 'OpeningHoursSpecification', 'dayOfWeek': 'Saturday', 'opens': '13:0', 'closes': '18:30'}, {'@type': 'OpeningHoursSpecification', 'dayOfWeek': 'Saturday', 'opens': '11:0', 'closes': '18:30'}]","{'@type': 'PostalAddress', 'addressLocality': 'Arden', 'addressRegion': 'NC', 'postalCode': '28704', 'addressCountry': 'US', 'streetAddress': '2603 Hendersonville Rd'}","{'@type': 'GeoCoordinates', 'latitude': 35.4490496, 'longitude': -82.50904899999999}","{'@type': 'AggregateRating', 'ratingValue': 4.4, 'reviewCount': '25'}"
"Blaze Pizza (15 Peaks Center Ln, Suite 40)",https://www.ubereats.com/asheville-nc/food-delivery/blaze-pizza-15-peaks-center-ln-suite-40/acNzcBDcRLGesErBV8UtOw,fletcher-north-carolina,"['Pizza', 'Family Meals', 'American']",4.7,62,$,35.5843434,-82.5257281,+18285540030,28805,15 Peaks Center Ln,Asheville,NC,"[{'@type': 'OpeningHoursSpecification', 'dayOfWeek': ['Sunday', 'Monday', 'Tuesday', 'Wednesday', 'Thursday'], 'opens': '11:0', 'closes': '20:30'}, {'@type': 'OpeningHoursSpecification', 'dayOfWeek': ['Friday', 'Saturday'], 'opens': '11:0', 'closes': '21:30'}]","{'@type': 'PostalAddress', 'addressLocality': 'Asheville', 'addressRegion': 'NC', 'postalCode': '28805', 'addressCountry': 'US', 'streetAddress': '15 Peaks Center Ln'}","{'@type': 'GeoCoordinates', 'latitude': 35.5843434, 'longitude': -82.5257281}","{'@type': 'AggregateRating', 'ratingValue': 4.7, 'reviewCount': '62'}"
Jack in the Box (76 Highlands Square Dr),https://www.ubereats.com/asheville-nc/food-delivery/jack-in-the-box-76-highlands-square-dr/o3bd_b0YSSeQon-VZby5eQ,fletcher-north-carolina,"['American', 'burger', 'Fast Food']",4.6,21,$,35.3475689,-82.433528,+18286970390,28792,76 Highlands Square Dr,Hendersonville,NC,"[{'@type': 'OpeningHoursSpecification', 'dayOfWeek': ['Monday', 'Tuesday', 'Wednesday', 'Thursday', 'Friday', 'Saturday', 'Sunday'], 'opens': '6:0', 'closes': '22:0'}]","{'@type': 'PostalAddress', 'addressLocality': 'Hendersonville', 'addressRegion': 'NC', 'postalCode': '28792', 'addressCountry': 'US', 'streetAddress': '76 Highlands Square Dr'}","{'@type': 'GeoCoordinates', 'latitude': 35.3475689, 'longitude': -82.433528}","{'@type': 'AggregateRating', 'ratingValue': 4.6, 'reviewCount': '21'}"
O'Charley's (65 Highlands Square Dr),https://www.ubereats.com/asheville-nc/food-delivery/ocharleys-65-highlands-square-dr/TNNnUfNZRFSERq-daDjAMg,fletcher-north-carolina,['American'],4.4,15,$$,35.3469279,-82.4352001,+18286924224,28792,65 Highlands Square Dr,Hendersonville,NC,"[{'@type': 'OpeningHoursSpecification', 'dayOfWeek': 'Sunday', 'opens': '11:0', 'closes': '21:0'}, {'@type': 'OpeningHoursSpecification', 'dayOfWeek': 'Sunday', 'opens': '14:0', 'closes': '21:0'}, {'@type': 'OpeningHoursSpecification', 'dayOfWeek': ['Monday', 'Tuesday', 'Wednesday', 'Thursday', 'Friday', 'Saturday'], 'opens': '11:0', 'closes': '21:0'}, {'@type': 'OpeningHoursSpecification', 'dayOfWeek': ['Monday', 'Tuesday', 'Wednesday', 'Thursday', 'Friday', 'Saturday'], 'opens': '11:0', 'closes': '21:0'}]","{'@type': 'PostalAddress', 'addressLocality': 'Hendersonville', 'addressRegion': 'NC', 'postalCode': '28792', 'addressCountry': 'US', 'streetAddress': '65 Highlands Square Dr'}","{'@type': 'GeoCoordinates', 'latitude': 35.3469279, 'longitude': -82.4352001}","{'@type': 'AggregateRating', 'ratingValue': 4.4, 'reviewCount': '15'}"
Asakusa Japanese Cuisine,https://www.ubereats.com/asheville-nc/food-delivery/asakusa-japanese-cuisine/lSgC4HZ0TcGMUXD9J97lYw,fletcher-north-carolina,"['Japanese', 'Asian', 'Sushi']",,,$,35.3486871,-82.43505189999999,+18286987073,28792,144 Highlands Square Drive,Hendersonville,NC,"[{'@type': 'OpeningHoursSpecification', 'dayOfWeek': ['Tuesday', 'Wednesday', 'Thursday', 'Friday', 'Saturday'], 'opens': '11:0', 'closes': '20:30'}]","{'@type': 'PostalAddress', 'addressLocality': 'Hendersonville', 'addressRegion': 'NC', 'postalCode': '28792', 'addressCountry': 'US', 'streetAddress': '144 Highlands Square Drive'}","{'@type': 'GeoCoordinates', 'latitude': 35.3486871, 'longitude': -82.43505189999999}",{}
Arby's (7145),https://www.ubereats.com/asheville-nc/food-delivery/arbys-7145/l4mtgPhUSP-BbtgxgTNYrA,fletcher-north-carolina,"['American', 'Sandwich', 'Fast Food', 'Kids Friendly']",4.5,32,$,35.48120600000001,-82.55235689999999,+18286547191,28704,375 Long Shoals Rd,Arden,NC,"[{'@type': 'OpeningHoursSpecification', 'dayOfWeek': ['Monday', 'Tuesday', 'Wednesday', 'Thursday', 'Friday', 'Saturday', 'Sunday'], 'opens': '10:0', 'closes': '21:0'}]","{'@type': 'PostalAddress', 'addressLocality': 'Arden', 'addressRegion': 'NC', 'postalCode': '28704', 'addressCountry': 'US', 'streetAddress': '375 Long Shoals Rd'}","{'@type': 'GeoCoordinates', 'latitude': 35.48120600000001, 'longitude': -82.55235689999999}","{'@type': 'AggregateRating', 'ratingValue': 4.5, 'reviewCount': '32'}"
Popeyes (432 Airport Road),https://www.ubereats.com/asheville-nc/food-delivery/popeyes-432-airport-road/86kuIGOWSaWGPEwPgYD3xA,fletcher-north-carolina,"['American', 'Fast Food', 'Comfort Food']",4.3,10,$,35.4446928,-82.53425730000001,+18284893166,28704,432 Airport Road,Fletcher,NC,"[{'@type': 'OpeningHoursSpecification', 'dayOfWeek': ['Monday', 'Tuesday', 'Wednesday', 'Thursday', 'Friday', 'Saturday', 'Sunday'], 'opens': '10:30', 'closes': '21:30'}]","{'@type': 'PostalAddress', 'addressLocality': 'Fletcher', 'addressRegion': 'NC', 'postalCode': '28704', 'addressCountry': 'US', 'streetAddress': '432 Airport Road'}","{'@type': 'GeoCoordinates', 'latitude': 35.4446928, 'longitude': -82.53425730000001}","{'@type': 'AggregateRating', 'ratingValue': 4.3, 'reviewCount': '10'}"
Denny's (1550 Four Seasons),https://www.ubereats.com/asheville-nc/food-delivery/dennys-1550-four-seasons/VpQk5Z9uQsWvq6aeNMDE2A,fletcher-north-carolina,"['American', 'Breakfast and Brunch', 'Coffee and Tea', 'Dinner', 'Desserts', 'Salads', 'Steak', 'Sandwich']",,,$$,35.3319693,-82.4481521,+18286938754,28792,1550 Four Seasons,Hendersonville,NC,"[{'@type': 'OpeningHoursSpecification', 'dayOfWeek': ['Monday', 'Tuesday', 'Wednesday', 'Thursday', 'Friday', 'Saturday', 'Sunday'], 'opens': '7:0', 'closes': '23:0'}]","{'@type': 'PostalAddress', 'addressLocality': 'Hendersonville', 'addressRegion': 'NC', 'postalCode': '28792', 'addressCountry': 'US', 'streetAddress': '1550 Four Seasons'}","{'@type': 'GeoCoordinates', 'latitude': 35.3319693, 'longitude': -82.4481521}",{}
Mills River Restaurant,https://www.ubereats.com/asheville-nc/food-delivery/mills-river-restaurant/gz0Bhh3WRPWqjsnH9oWsIw,fletcher-north-carolina,"['Burgers', 'American', 'Sandwiches']",,,$,35.3891871,-82.5667235,+18288914039,28759,4467 Boylston Hwy,Mills River,NC,"[{'@type': 'OpeningHoursSpecification', 'dayOfWeek': 'Sunday', 'opens': '10:0', 'closes': '21:0'}, {'@type': 'OpeningHoursSpecification', 'dayOfWeek': 'Sunday', 'opens': '7:0', 'closes': '12:0'}, {'@type': 'OpeningHoursSpecification', 'dayOfWeek': ['Monday', 'Tuesday', 'Wednesday', 'Thursday', 'Friday'], 'opens': '10:0', 'closes': '21:0'}, {'@type': 'OpeningHoursSpecification', 'dayOfWeek': ['Monday', 'Tuesday', 'Wednesday', 'Thursday', 'Friday'], 'opens': '7:0', 'closes': '12:0'}, {'@type': 'OpeningHoursSpecification', 'dayOfWeek': ['Monday', 'Tuesday', 'Wednesday', 'Thursday', 'Friday'], 'opens': '11:0', 'closes': '15:0'}, {'@type': 'OpeningHoursSpecification', 'dayOfWeek': 'Saturday', 'opens': '10:0', 'closes': '21:0'}, {'@type': 'OpeningHoursSpecification', 'dayOfWeek': 'Saturday', 'opens': '7:0', 'closes': '12:0'}]","{'@type': 'PostalAddress', 'addressLocality': 'Mills River', 'addressRegion': 'NC', 'postalCode': '28759', 'addressCountry': 'US', 'streetAddress': '4467 Boylston Hwy'}","{'@type': 'GeoCoordinates', 'latitude': 35.3891871, 'longitude': -82.5667235}",{}
Burger King (5988 Ashville Highway),https://www.ubereats.com/asheville-nc/food-delivery/burger-king-5988-ashville-highway/hqCmkQ1lQoaUzg89DTz3uw,fletcher-north-carolina,"['American', 'burger', 'Fast Food']",,,$,35.3977,-82.506906,+18286845900,28791,5988 Ashville Highway,Hendersonville,NC,"[{'@type': 'OpeningHoursSpecification', 'dayOfWeek': 'Sunday', 'opens': '7:0', 'closes': '23:0'}, {'@type': 'OpeningHoursSpecification', 'dayOfWeek': ['Monday', 'Tuesday', 'Wednesday', 'Thursday', 'Friday', 'Saturday'], 'opens': '7:0', 'closes': '23:0'}, {'@type': 'OpeningHoursSpecification', 'dayOfWeek': ['Monday', 'Tuesday', 'Wednesday', 'Thursday', 'Friday', 'Saturday'], 'opens': '7:0', 'closes': '10:0'}]","{'@type': 'PostalAddress', 'addressLocality': 'Hendersonville', 'addressRegion': 'NC', 'postalCode': '28791', 'addressCountry': 'US', 'streetAddress': '5988 Ashville Highway'}","{'@type': 'GeoCoordinates', 'latitude': 35.3977, 'longitude': -82.506906}",{}
Wendy's  (1648 Hendersonville Rd),https://www.ubereats.com/asheville-nc/food-delivery/wendys-1648-hendersonville-rd/XTI9rHShRpGpjypwzvO2bg,fletcher-north-carolina,"['American', 'Burgers', 'Fast Food']",4.5,16,$,35.5106519,-82.525919,+18282742483,28803,1648 Hendersonville Rd,Asheville,NC,"[{'@type': 'OpeningHoursSpecification', 'dayOfWeek': ['Monday', 'Tuesday', 'Wednesday', 'Thursday', 'Friday', 'Saturday', 'Sunday'], 'opens': '10:30', 'closes': '23:30'}, {'@type': 'OpeningHoursSpecification', 'dayOfWeek': ['Monday', 'Tuesday', 'Wednesday', 'Thursday', 'Friday', 'Saturday', 'Sunday'], 'opens': '6:30', 'closes': '10:0'}]","{'@type': 'PostalAddress', 'addressLocality': 'Asheville', 'addressRegion': 'NC', 'postalCode': '28803', 'addressCountry': 'US', 'streetAddress': '1648 Hendersonville Rd'}","{'@type': 'GeoCoordinates', 'latitude': 35.5106519, 'longitude': -82.525919}","{'@type': 'AggregateRating', 'ratingValue': 4.5, 'reviewCount': '16'}"
Ruby Tuesday (260 Underwood Rd),https://www.ubereats.com/asheville-nc/food-delivery/ruby-tuesday-260-underwood-rd/Zttq4IjQRZ6oA4eQ77FA4g,fletcher-north-carolina,"['Burgers', 'American', 'Sandwiches']",3.9,29,$,35.4426603,-82.5336971,+18286845201,28732,260 Underwood Rd,Fletcher,NC,"[{'@type': 'OpeningHoursSpecification', 'dayOfWeek': 'Sunday', 'opens': '11:0', 'closes': '21:0'}, {'@type': 'OpeningHoursSpecification', 'dayOfWeek': ['Monday', 'Tuesday', 'Wednesday', 'Thursday'], 'opens': '15:0', 'closes': '22:0'}, {'@type': 'OpeningHoursSpecification', 'dayOfWeek': 'Friday', 'opens': '15:0', 'closes': '23:0'}, {'@type': 'OpeningHoursSpecification', 'dayOfWeek': 'Saturday', 'opens': '11:0', 'closes': '23:0'}]","{'@type': 'PostalAddress', 'addressLocality': 'Fletcher', 'addressRegion': 'NC', 'postalCode': '28732', 'addressCountry': 'US', 'streetAddress': '260 Underwood Rd'}","{'@type': 'GeoCoordinates', 'latitude': 35.4426603, 'longitude': -82.5336971}","{'@type': 'AggregateRating', 'ratingValue': 3.9, 'reviewCount': '29'}"
Taco Bell (1885 Hendersonville Rd),https://www.ubereats.com/asheville-nc/food-delivery/taco-bell-1885-hendersonville-rd/Y0EfA6dfSIehnsnYN2fgQg,fletcher-north-carolina,"['Burritos', 'Fast Food', 'Mexican']",4.2,32,$,35.49838810000001,-82.5216129,+18286843077,28803,1885 Hendersonville Rd,Asheville,NC,"[{'@type': 'OpeningHoursSpecification', 'dayOfWeek': ['Monday', 'Tuesday', 'Wednesday', 'Thursday', 'Friday', 'Saturday', 'Sunday'], 'opens': '14:0', 'closes': '17:0'}, {'@type': 'OpeningHoursSpecification', 'dayOfWeek': ['Monday', 'Tuesday', 'Wednesday', 'Thursday', 'Friday', 'Saturday', 'Sunday'], 'opens': '7:0', 'closes': '23:30'}, {'@type': 'OpeningHoursSpecification', 'dayOfWeek': ['Monday', 'Tuesday', 'Wednesday', 'Thursday', 'Friday', 'Saturday', 'Sunday'], 'opens': '7:0', 'closes': '10:30'}]","{'@type': 'PostalAddress', 'addressLocality': 'Asheville', 'addressRegion': 'NC', 'postalCode': '28803', 'addressCountry': 'US', 'streetAddress': '1885 Hendersonville Rd'}","{'@type': 'GeoCoordinates', 'latitude': 35.49838810000001, 'longitude': -82.5216129}","{'@type': 'AggregateRating', 'ratingValue': 4.2, 'reviewCount': '32'}"
McDonald's® (5775 ASHEVILLE HWY),https://www.ubereats.com/asheville-nc/food-delivery/mcdonalds-5775-asheville-hwy/2pSZ1TROQsWSn477ZNu5EA,fletcher-north-carolina,"['American', 'Burgers', 'Fast Food']",,,$,35.395695,-82.5063,+18286843931,28791,5775 ASHEVILLE HWY,HENDERSONVILLE,NC,"[{'@type': 'OpeningHoursSpecification', 'dayOfWeek': 'Sunday', 'opens': '6:0', 'closes': '10:59'}, {'@type': 'OpeningHoursSpecification', 'dayOfWeek': 'Sunday', 'opens': '11:0', 'closes': '16:59'}, {'@type': 'OpeningHoursSpecification', 'dayOfWeek': 'Sunday', 'opens': '17:0', 'closes': '23:44'}, {'@type': 'OpeningHoursSpecification', 'dayOfWeek': ['Monday', 'Tuesday', 'Wednesday', 'Thursday', 'Friday'], 'opens': '6:0', 'closes': '10:29'}, {'@type': 'OpeningHoursSpecification', 'dayOfWeek': ['Monday', 'Tuesday', 'Wednesday', 'Thursday', 'Friday'], 'opens': '10:30', 'closes': '16:59'}, {'@type': 'OpeningHoursSpecification', 'dayOfWeek': ['Monday', 'Tuesday', 'Wednesday', 'Thursday', 'Friday'], 'opens': '17:0', 'closes': '23:44'}, {'@type': 'OpeningHoursSpecification', 'dayOfWeek': 'Saturday', 'opens': '6:0', 'closes': '10:59'}, {'@type': 'OpeningHoursSpecification', 'dayOfWeek': 'Saturday', 'opens': '11:0', 'closes': '16:59'}, {'@type': 'OpeningHoursSpecification', 'dayOfWeek': 'Saturday', 'opens': '17:0', 'closes': '23:44'}]","{'@type': 'PostalAddress', 'addressLocality': 'HENDERSONVILLE', 'addressRegion': 'NC', 'postalCode': '28791', 'addressCountry': 'US', 'streetAddress': '5775 ASHEVILLE HWY'}","{'@type': 'GeoCoordinates', 'latitude': 35.395695, 'longitude': -82.5063}",{}
Cracker Barrel Old Country Store (344 Rockwood Rd),https://www.ubereats.com/asheville-nc/food-delivery/cracker-barrel-old-country-store-344-rockwood-rd/PVXoNPjOT5epZyvRd5epsw,fletcher-north-carolina,"['Burgers', 'American', 'Sandwiches']",4.3,45,$,35.4451399,-82.53764919999999,+18286842740,28704,344 Rockwood Rd,Arden,NC,"[{'@type': 'OpeningHoursSpecification', 'dayOfWeek': ['Sunday', 'Monday', 'Tuesday', 'Wednesday', 'Thursday'], 'opens': '7:30', 'closes': '20:0'}, {'@type': 'OpeningHoursSpecification', 'dayOfWeek': ['Sunday', 'Monday', 'Tuesday', 'Wednesday', 'Thursday'], 'opens': '10:30', 'closes': '20:0'}, {'@type': 'OpeningHoursSpecification', 'dayOfWeek': ['Friday', 'Saturday'], 'opens': '7:30', 'closes': '21:0'}, {'@type': 'OpeningHoursSpecification', 'dayOfWeek': ['Friday', 'Saturday'], 'opens': '10:30', 'closes': '21:0'}]","{'@type': 'PostalAddress', 'addressLocality': 'Arden', 'addressRegion': 'NC', 'postalCode': '28704', 'addressCountry': 'US', 'streetAddress': '344 Rockwood Rd'}","{'@type': 'GeoCoordinates', 'latitude': 35.4451399, 'longitude': -82.53764919999999}","{'@type': 'AggregateRating', 'ratingValue': 4.3, 'reviewCount': '45'}"
India Garden,https://www.ubereats.com/asheville-nc/food-delivery/india-garden/mAoycy6rQly_UBOlxODkBQ,fletcher-north-carolina,"['Indian', 'Vegetarian', 'Healthy']",4.6,75,$,35.5807826,-82.5210304,+18282985001,28805,80 S Tunnel Rd,Asheville,NC,"[{'@type': 'OpeningHoursSpecification', 'dayOfWeek': ['Monday', 'Tuesday', 'Wednesday', 'Thursday', 'Friday', 'Saturday', 'Sunday'], 'opens': '16:30', 'closes': '21:0'}]","{'@type': 'PostalAddress', 'addressLocality': 'Asheville', 'addressRegion': 'NC', 'postalCode': '28805', 'addressCountry': 'US', 'streetAddress': '80 S Tunnel Rd'}","{'@type': 'GeoCoordinates', 'latitude': 35.5807826, 'longitude': -82.5210304}","{'@type': 'AggregateRating', 'ratingValue': 4.6, 'reviewCount': '75'}"
Subway (3106 Sweeten Creek Rd Ste A),https://www.ubereats.com/asheville-nc/food-delivery/subway-3106-sweeten-creek-rd-ste-a/9Y-8h5zTTC6IflhmfnbP9Q,fletcher-north-carolina,"['Fast Food', 'Sandwich', 'American']",,,$,35.4977968,-82.5176178,+18286879777,28803,3106 Sweeten Creek Rd Ste A,Asheville,NC,"[{'@type': 'OpeningHoursSpecification', 'dayOfWeek': 'Sunday', 'opens': '10:0', 'closes': '20:30'}, {'@type': 'OpeningHoursSpecification', 'dayOfWeek': ['Monday', 'Tuesday', 'Wednesday', 'Thursday', 'Friday', 'Saturday'], 'opens': '9:0', 'closes': '21:0'}]","{'@type': 'PostalAddress', 'addressLocality': 'Asheville', 'addressRegion': 'NC', 'postalCode': '28803', 'addressCountry': 'US', 'streetAddress': '3106 Sweeten Creek Rd Ste A'}","{'@type': 'GeoCoordinates', 'latitude': 35.4977968, 'longitude': -82.5176178}",{}
Starbucks (Airport Road and McKenna Road),https://www.ubereats.com/asheville-nc/food-delivery/starbucks-airport-road-and-mckenna-road/3TQ-qXyQTFibjeHGh3nVpw,fletcher-north-carolina,"['Bakery', 'Breakfast and Brunch', 'Cafe', 'Coffee & Tea']",4.8,68,$,35.4459358,-82.53215240000002,+18286842741,28704,421 Airport Road,Arden,NC,"[{'@type': 'OpeningHoursSpecification', 'dayOfWeek': 'Sunday', 'opens': '6:0', 'closes': '22:0'}, {'@type': 'OpeningHoursSpecification', 'dayOfWeek': ['Monday', 'Tuesday', 'Wednesday', 'Thursday'], 'opens': '5:0', 'closes': '22:0'}, {'@type': 'OpeningHoursSpecification', 'dayOfWeek': 'Friday', 'opens': '5:0', 'closes': '22:30'}, {'@type': 'OpeningHoursSpecification', 'dayOfWeek': 'Saturday', 'opens': '5:30', 'closes': '22:30'}]","{'@type': 'PostalAddress', 'addressLocality': 'Arden', 'addressRegion': 'NC', 'postalCode': '28704', 'addressCountry': 'US', 'streetAddress': '421 Airport Road'}","{'@type': 'GeoCoordinates', 'latitude': 35.4459358, 'longitude': -82.53215240000002}","{'@type': 'AggregateRating', 'ratingValue': 4.8, 'reviewCount': '68'}"
P.F. Chang's (26 Schenck Pkwy),https://www.ubereats.com/asheville-nc/food-delivery/pf-changs-26-schenck-pkwy/2nLdvqk1S6qG6pkHXVTnow,fletcher-north-carolina,['Chinese'],4.5,161,$$,35.4847147,-82.5540473,+18286812975,28803,26 Schenck Pkwy,Asheville,NC,"[{'@type': 'OpeningHoursSpecification', 'dayOfWeek': 'Sunday', 'opens': '11:0', 'closes': '20:30'}, {'@type': 'OpeningHoursSpecification', 'dayOfWeek': ['Monday', 'Tuesday', 'Wednesday', 'Thursday', 'Friday'], 'opens': '11:0', 'closes': '20:30'}, {'@type': 'OpeningHoursSpecification', 'dayOfWeek': ['Monday', 'Tuesday', 'Wednesday', 'Thursday', 'Friday'], 'opens': '11:0', 'closes': '15:30'}, {'@type': 'OpeningHoursSpecification', 'dayOfWeek': 'Saturday', 'opens': '11:0', 'closes': '20:30'}]","{'@type': 'PostalAddress', 'addressLocality': 'Asheville', 'addressRegion': 'NC', 'postalCode': '28803', 'addressCountry': 'US', 'streetAddress': '26 Schenck Pkwy'}","{'@type': 'GeoCoordinates', 'latitude': 35.4847147, 'longitude': -82.5540473}","{'@type': 'AggregateRating', 'ratingValue': 4.5, 'reviewCount': '161'}"
"IHOP (229 Airport Road, Suite 1)",https://www.ubereats.com/asheville-nc/food-delivery/ihop-229-airport-road-suite-1/P2uxf_JDT5CmfKbCYEt7QQ,fletcher-north-carolina,"['American', 'Breakfast and Brunch', 'burger', 'Comfort Food', 'Dinner', 'Omelette', 'salad', 'Traditional American']",4.5,39,$,35.4510457,-82.5250945,+18286842828,28704,229 Airport Road,ARDEN,NC,"[{'@type': 'OpeningHoursSpecification', 'dayOfWeek': ['Sunday', 'Monday', 'Tuesday', 'Wednesday', 'Thursday'], 'opens': '7:0', 'closes': '19:50'}, {'@type': 'OpeningHoursSpecification', 'dayOfWeek': ['Friday', 'Saturday'], 'opens': '7:0', 'closes': '20:50'}]","{'@type': 'PostalAddress', 'addressLocality': 'ARDEN', 'addressRegion': 'NC', 'postalCode': '28704', 'addressCountry': 'US', 'streetAddress': '229 Airport Road'}","{'@type': 'GeoCoordinates', 'latitude': 35.4510457, 'longitude': -82.5250945}","{'@type': 'AggregateRating', 'ratingValue': 4.5, 'reviewCount': '39'}"
Atlanta Bread,https://www.ubereats.com/asheville-nc/food-delivery/atlanta-bread/gVsfImBFR5C906iYWcLsVw,fletcher-north-carolina,['Sandwich'],4.5,15,$,35.553969,-82.5385743,+18282742323,,,,,"[{'@type': 'OpeningHoursSpecification', 'dayOfWeek': 'Sunday', 'opens': '9:0', 'closes': '13:45'}, {'@type': 'OpeningHoursSpecification', 'dayOfWeek': ['Monday', 'Tuesday', 'Wednesday', 'Thursday', 'Friday'], 'opens': '7:0', 'closes': '18:45'}, {'@type': 'OpeningHoursSpecification', 'dayOfWeek': 'Saturday', 'opens': '9:0', 'closes': '13:45'}]",,"{'@type': 'GeoCoordinates', 'latitude': 35.553969, 'longitude': -82.5385743}","{'@type': 'AggregateRating', 'ratingValue': 4.5, 'reviewCount': '15'}"
