name,url,city,cuisine,avgRating,numReviews,priceRange,latitude,longitude,telephone,postalCode,streetAddress,addressLocality,addressRegion,openingHoursSpecification,addressString,geoString,ratingString
China Wok,https://www.ubereats.com/atlanta/food-delivery/china-wok/mZF-fL_TS_CGhLoEmGn-GQ,gainesville-georgia,"['Chinese', 'Asian', 'Asian Fusion']",,,$,34.2895157,-83.83311189999999,+17705317917,30501,1015 Jesse Jewell Pkwy SW,Gainesville,GA,"[{'@type': 'OpeningHoursSpecification', 'dayOfWeek': ['Sunday', 'Monday'], 'opens': '10:30', 'closes': '20:0'}, {'@type': 'OpeningHoursSpecification', 'dayOfWeek': ['Wednesday', 'Thursday', 'Friday', 'Saturday'], 'opens': '10:30', 'closes': '20:0'}]","{'@type': 'PostalAddress', 'addressLocality': 'Gainesville', 'addressRegion': 'GA', 'postalCode': '30501', 'addressCountry': 'US', 'streetAddress': '1015 Jesse Jewell Pkwy SW'}","{'@type': 'GeoCoordinates', 'latitude': 34.2895157, 'longitude': -83.83311189999999}",{}
Dairy Queen Grill & Chill (229 Shallowford Rd NW),https://www.ubereats.com/atlanta/food-delivery/dairy-queen-grill-%26-chill-229-shallowford-rd-nw/XU6QbYfzS5upPQA8flZ-UA,gainesville-georgia,"['American', 'Ice Cream & Frozen Yogurt', 'Sandwich']",4.7,62,$,34.2943871,-83.8507125,+17705344322,30504,229 Shallowford Rd NW,Gainesville,GA,"[{'@type': 'OpeningHoursSpecification', 'dayOfWeek': ['Sunday', 'Monday', 'Tuesday', 'Wednesday', 'Thursday'], 'opens': '10:0', 'closes': '21:30'}, {'@type': 'OpeningHoursSpecification', 'dayOfWeek': ['Friday', 'Saturday'], 'opens': '10:0', 'closes': '22:30'}]","{'@type': 'PostalAddress', 'addressLocality': 'Gainesville', 'addressRegion': 'GA', 'postalCode': '30504', 'addressCountry': 'US', 'streetAddress': '229 Shallowford Rd NW'}","{'@type': 'GeoCoordinates', 'latitude': 34.2943871, 'longitude': -83.8507125}","{'@type': 'AggregateRating', 'ratingValue': 4.7, 'reviewCount': '62'}"
Arby's (634 SHALLOWFORD RD),https://www.ubereats.com/atlanta/food-delivery/arbys-634-shallowford-rd/-1u8wJLHT_quDJduq6L99g,gainesville-georgia,"['American', 'Sandwich', 'Fast Food', 'Kids Friendly']",4.5,28,$,34.2891506,-83.8426203,+17705321761,30504,634 SHALLOWFORD RD,GAINESVILLE,GA,"[{'@type': 'OpeningHoursSpecification', 'dayOfWeek': ['Monday', 'Tuesday', 'Wednesday', 'Thursday', 'Friday', 'Saturday', 'Sunday'], 'opens': '10:0', 'closes': '22:0'}]","{'@type': 'PostalAddress', 'addressLocality': 'GAINESVILLE', 'addressRegion': 'GA', 'postalCode': '30504', 'addressCountry': 'US', 'streetAddress': '634 SHALLOWFORD RD'}","{'@type': 'GeoCoordinates', 'latitude': 34.2891506, 'longitude': -83.8426203}","{'@type': 'AggregateRating', 'ratingValue': 4.5, 'reviewCount': '28'}"
Collegiate Grill,https://www.ubereats.com/atlanta/food-delivery/collegiate-grill/_oViniPHQCWdxI4D9_boLQ,gainesville-georgia,"['Burgers', 'American', 'Sandwiches']",4.8,28,$,34.2981503,-83.827007,+16789892280,30501,220 Main St SW,Gainesville,GA,"[{'@type': 'OpeningHoursSpecification', 'dayOfWeek': ['Monday', 'Tuesday', 'Wednesday'], 'opens': '11:0', 'closes': '14:15'}, {'@type': 'OpeningHoursSpecification', 'dayOfWeek': ['Thursday', 'Friday', 'Saturday'], 'opens': '11:0', 'closes': '18:15'}]","{'@type': 'PostalAddress', 'addressLocality': 'Gainesville', 'addressRegion': 'GA', 'postalCode': '30501', 'addressCountry': 'US', 'streetAddress': '220 Main St SW'}","{'@type': 'GeoCoordinates', 'latitude': 34.2981503, 'longitude': -83.827007}","{'@type': 'AggregateRating', 'ratingValue': 4.8, 'reviewCount': '28'}"
Krystal (1002 Jesse Jewell Pkwy.),https://www.ubereats.com/atlanta/food-delivery/krystal-1002-jesse-jewell-pkwy/b-kC50oKQWGOY00JTyNl5g,gainesville-georgia,"['American', 'Burgers', 'Fast Food']",4.5,27,$,34.2901355,-83.8334019,+17705321639,30501,1002 Jesse Jewell Pkwy.,Gainesville,GA,"[{'@type': 'OpeningHoursSpecification', 'dayOfWeek': ['Monday', 'Tuesday', 'Wednesday', 'Thursday', 'Friday', 'Saturday', 'Sunday'], 'opens': '10:0', 'closes': '0:0'}]","{'@type': 'PostalAddress', 'addressLocality': 'Gainesville', 'addressRegion': 'GA', 'postalCode': '30501', 'addressCountry': 'US', 'streetAddress': '1002 Jesse Jewell Pkwy.'}","{'@type': 'GeoCoordinates', 'latitude': 34.2901355, 'longitude': -83.8334019}","{'@type': 'AggregateRating', 'ratingValue': 4.5, 'reviewCount': '27'}"
Mr. Teriyaki #2,https://www.ubereats.com/atlanta/food-delivery/mr-teriyaki-%232/CvPy3FJdRkGxKrcu680B5A,gainesville-georgia,"['Sushi', 'Asian', 'Japanese']",4.7,16,$,34.3146797,-83.79657089999999,+16784699177,30501,1925 Jesse Jewell Pkwy NE 100,Gainesville,GA,"[{'@type': 'OpeningHoursSpecification', 'dayOfWeek': 'Sunday', 'opens': '15:0', 'closes': '20:30'}, {'@type': 'OpeningHoursSpecification', 'dayOfWeek': 'Sunday', 'opens': '11:0', 'closes': '15:0'}, {'@type': 'OpeningHoursSpecification', 'dayOfWeek': 'Sunday', 'opens': '11:0', 'closes': '20:30'}, {'@type': 'OpeningHoursSpecification', 'dayOfWeek': ['Monday', 'Tuesday', 'Wednesday', 'Thursday'], 'opens': '15:0', 'closes': '21:0'}, {'@type': 'OpeningHoursSpecification', 'dayOfWeek': ['Monday', 'Tuesday', 'Wednesday', 'Thursday'], 'opens': '11:0', 'closes': '15:0'}, {'@type': 'OpeningHoursSpecification', 'dayOfWeek': ['Monday', 'Tuesday', 'Wednesday', 'Thursday'], 'opens': '11:0', 'closes': '21:0'}, {'@type': 'OpeningHoursSpecification', 'dayOfWeek': ['Friday', 'Saturday'], 'opens': '15:0', 'closes': '21:30'}, {'@type': 'OpeningHoursSpecification', 'dayOfWeek': ['Friday', 'Saturday'], 'opens': '11:0', 'closes': '15:0'}, {'@type': 'OpeningHoursSpecification', 'dayOfWeek': ['Friday', 'Saturday'], 'opens': '11:0', 'closes': '21:30'}]","{'@type': 'PostalAddress', 'addressLocality': 'Gainesville', 'addressRegion': 'GA', 'postalCode': '30501', 'addressCountry': 'US', 'streetAddress': '1925 Jesse Jewell Pkwy NE 100'}","{'@type': 'GeoCoordinates', 'latitude': 34.3146797, 'longitude': -83.79657089999999}","{'@type': 'AggregateRating', 'ratingValue': 4.7, 'reviewCount': '16'}"
Stevi B’s Pizza,https://www.ubereats.com/atlanta/food-delivery/stevi-bs-pizza/a9IWgQDDRiy6fo-MSA6hSQ,gainesville-georgia,['Pizza'],,,$,34.2877672,-83.8427445,+16787077070,30501,"1500 Browns Bridge Rd, 119",Gainesville,GA,"[{'@type': 'OpeningHoursSpecification', 'dayOfWeek': ['Monday', 'Tuesday', 'Wednesday', 'Thursday', 'Friday', 'Saturday', 'Sunday'], 'opens': '11:0', 'closes': '20:30'}]","{'@type': 'PostalAddress', 'addressLocality': 'Gainesville', 'addressRegion': 'GA', 'postalCode': '30501', 'addressCountry': 'US', 'streetAddress': '1500 Browns Bridge Rd, 119'}","{'@type': 'GeoCoordinates', 'latitude': 34.2877672, 'longitude': -83.8427445}",{}
El Carreton Taqueria,https://www.ubereats.com/atlanta/food-delivery/el-carreton-taqueria/SotH6DxQSJCgT0O9WmqUzw,gainesville-georgia,"['Mexican', 'Latin American', 'New Mexican']",4.1,11,$,34.279715,-83.8401397,+17705352665,30501,608 Atlanta Hwy,Gainesville,GA,"[{'@type': 'OpeningHoursSpecification', 'dayOfWeek': ['Sunday', 'Monday', 'Tuesday', 'Wednesday', 'Thursday'], 'opens': '9:0', 'closes': '1:0'}, {'@type': 'OpeningHoursSpecification', 'dayOfWeek': ['Friday', 'Saturday'], 'opens': '9:0', 'closes': '3:0'}]","{'@type': 'PostalAddress', 'addressLocality': 'Gainesville', 'addressRegion': 'GA', 'postalCode': '30501', 'addressCountry': 'US', 'streetAddress': '608 Atlanta Hwy'}","{'@type': 'GeoCoordinates', 'latitude': 34.279715, 'longitude': -83.8401397}","{'@type': 'AggregateRating', 'ratingValue': 4.1, 'reviewCount': '11'}"
Hibachi express,https://www.ubereats.com/atlanta/food-delivery/hibachi-express/Ti7i9nlHRMSaRaTDNDG_Dw,gainesville-georgia,"['Asian Fusion', 'Asian', 'Korean']",4.9,33,$,34.3315283,-83.8400724,+19178618266,30501,1872 Thompson Bridge Rd,Gainesville,GA,"[{'@type': 'OpeningHoursSpecification', 'dayOfWeek': 'Sunday', 'opens': '11:30', 'closes': '21:0'}, {'@type': 'OpeningHoursSpecification', 'dayOfWeek': ['Monday', 'Tuesday', 'Wednesday', 'Thursday'], 'opens': '11:0', 'closes': '21:30'}, {'@type': 'OpeningHoursSpecification', 'dayOfWeek': ['Friday', 'Saturday'], 'opens': '11:0', 'closes': '22:0'}]","{'@type': 'PostalAddress', 'addressLocality': 'Gainesville', 'addressRegion': 'GA', 'postalCode': '30501', 'addressCountry': 'US', 'streetAddress': '1872 Thompson Bridge Rd'}","{'@type': 'GeoCoordinates', 'latitude': 34.3315283, 'longitude': -83.8400724}","{'@type': 'AggregateRating', 'ratingValue': 4.9, 'reviewCount': '33'}"
Chipotle Mexican Grill (1134 Dawsonville Hwy),https://www.ubereats.com/atlanta/food-delivery/chipotle-mexican-grill-1134-dawsonville-hwy/_ov_6vFKQ5WqR7qIg9xs2g,gainesville-georgia,"['Healthy', 'Mexican']",4.7,205,$,34.3031797,-83.85860939999999,+17702870887,30501,1134 Dawsonville Hwy,Gainesville,GA,"[{'@type': 'OpeningHoursSpecification', 'dayOfWeek': ['Monday', 'Tuesday', 'Wednesday', 'Thursday', 'Friday', 'Saturday', 'Sunday'], 'opens': '10:45', 'closes': '21:40'}]","{'@type': 'PostalAddress', 'addressLocality': 'Gainesville', 'addressRegion': 'GA', 'postalCode': '30501', 'addressCountry': 'US', 'streetAddress': '1134 Dawsonville Hwy'}","{'@type': 'GeoCoordinates', 'latitude': 34.3031797, 'longitude': -83.85860939999999}","{'@type': 'AggregateRating', 'ratingValue': 4.7, 'reviewCount': '205'}"
Buffalo's Cafe (3446 Winder Hwy.),https://www.ubereats.com/atlanta/food-delivery/buffalos-cafe-3446-winder-hwy/52AkOSmHSOyliXgCA31_Dg,gainesville-georgia,"['Burgers', 'American', 'Sandwiches']",4.8,20,$,34.2182666,-83.86328929999999,+17702977130,30542,3446 Winder Highway,Flowery Branch,GA,"[{'@type': 'OpeningHoursSpecification', 'dayOfWeek': ['Monday', 'Tuesday', 'Wednesday', 'Thursday', 'Friday', 'Saturday', 'Sunday'], 'opens': '11:0', 'closes': '20:0'}]","{'@type': 'PostalAddress', 'addressLocality': 'Flowery Branch', 'addressRegion': 'GA', 'postalCode': '30542', 'addressCountry': 'US', 'streetAddress': '3446 Winder Highway'}","{'@type': 'GeoCoordinates', 'latitude': 34.2182666, 'longitude': -83.86328929999999}","{'@type': 'AggregateRating', 'ratingValue': 4.8, 'reviewCount': '20'}"
Mellow Mushroom (700 Green St NE),https://www.ubereats.com/atlanta/food-delivery/mellow-mushroom-700-green-st-ne/4Ec5z3LcSt-1AeSUzLhS0Q,gainesville-georgia,"['Salads', 'Bar Food', 'Pizza']",4.5,79,$,34.3088954,-83.82637489999999,+17705311500,30501,700 Green St NE,Gainesville,GA,"[{'@type': 'OpeningHoursSpecification', 'dayOfWeek': ['Monday', 'Tuesday', 'Wednesday', 'Thursday', 'Friday', 'Saturday', 'Sunday'], 'opens': '11:0', 'closes': '21:0'}]","{'@type': 'PostalAddress', 'addressLocality': 'Gainesville', 'addressRegion': 'GA', 'postalCode': '30501', 'addressCountry': 'US', 'streetAddress': '700 Green St NE'}","{'@type': 'GeoCoordinates', 'latitude': 34.3088954, 'longitude': -83.82637489999999}","{'@type': 'AggregateRating', 'ratingValue': 4.5, 'reviewCount': '79'}"
Firehouse Subs (333 Shallowford Rd. NW Ste D),https://www.ubereats.com/atlanta/food-delivery/firehouse-subs-333-shallowford-rd-nw-ste-d/h658PDbsT4K_Olp0cjsJIg,gainesville-georgia,"['Sandwich', 'Deli']",4.4,72,$,34.2943289,-83.8493312,+17705337415,30504,333 Shallowford Rd. NW Ste D,Gainesville,GA,"[{'@type': 'OpeningHoursSpecification', 'dayOfWeek': ['Monday', 'Tuesday', 'Wednesday', 'Thursday', 'Friday', 'Saturday', 'Sunday'], 'opens': '11:0', 'closes': '20:0'}]","{'@type': 'PostalAddress', 'addressLocality': 'Gainesville', 'addressRegion': 'GA', 'postalCode': '30504', 'addressCountry': 'US', 'streetAddress': '333 Shallowford Rd. NW Ste D'}","{'@type': 'GeoCoordinates', 'latitude': 34.2943289, 'longitude': -83.8493312}","{'@type': 'AggregateRating', 'ratingValue': 4.4, 'reviewCount': '72'}"
Jersey Mike's Subs (1134 Dawsonville Hwy),https://www.ubereats.com/atlanta/food-delivery/jersey-mikes-subs-1134-dawsonville-hwy/8yMTB4qiSmaEQG8_N3FPaA,gainesville-georgia,"['Sandwich', 'American']",4.7,33,$,34.3031797,-83.85860939999999,+14702525525,30501,1134 Dawsonville Hwy,Gainesville,GA,"[{'@type': 'OpeningHoursSpecification', 'dayOfWeek': ['Monday', 'Tuesday', 'Wednesday', 'Thursday', 'Friday', 'Saturday', 'Sunday'], 'opens': '10:0', 'closes': '20:30'}]","{'@type': 'PostalAddress', 'addressLocality': 'Gainesville', 'addressRegion': 'GA', 'postalCode': '30501', 'addressCountry': 'US', 'streetAddress': '1134 Dawsonville Hwy'}","{'@type': 'GeoCoordinates', 'latitude': 34.3031797, 'longitude': -83.85860939999999}","{'@type': 'AggregateRating', 'ratingValue': 4.7, 'reviewCount': '33'}"
Fajitas Mexican Restaurant,https://www.ubereats.com/atlanta/food-delivery/fajitas-mexican-restaurant/Tqqyrxg1R2WovXT6cNKnYQ,gainesville-georgia,"['Mexican', 'Burritos', 'Tacos', 'Quesadillas']",,,$$,34.3179089,-83.82972529999999,+17705347222,,,,,"[{'@type': 'OpeningHoursSpecification', 'dayOfWeek': 'Sunday', 'opens': '9:0', 'closes': '10:0'}, {'@type': 'OpeningHoursSpecification', 'dayOfWeek': ['Monday', 'Tuesday', 'Wednesday', 'Thursday', 'Friday'], 'opens': '11:0', 'closes': '15:1'}, {'@type': 'OpeningHoursSpecification', 'dayOfWeek': ['Monday', 'Tuesday', 'Wednesday', 'Thursday', 'Friday'], 'opens': '11:0', 'closes': '20:0'}, {'@type': 'OpeningHoursSpecification', 'dayOfWeek': 'Saturday', 'opens': '11:0', 'closes': '20:0'}, {'@type': 'OpeningHoursSpecification', 'dayOfWeek': 'Saturday', 'opens': '11:0', 'closes': '20:0'}]",,"{'@type': 'GeoCoordinates', 'latitude': 34.3179089, 'longitude': -83.82972529999999}",{}
Southern Baked Pie Company (Gainesville),https://www.ubereats.com/atlanta/food-delivery/southern-baked-pie-company-gainesville/HdvJFdX2RVKeEjIqCCUpqQ,gainesville-georgia,"['American', 'Breakfast and Brunch', 'Desserts']",,,$,34.2993318,-83.8233119,+16789712555,30501,302 Broad St SE,Gainesville,GA,"[{'@type': 'OpeningHoursSpecification', 'dayOfWeek': ['Monday', 'Tuesday', 'Wednesday', 'Thursday', 'Friday'], 'opens': '10:0', 'closes': '18:0'}, {'@type': 'OpeningHoursSpecification', 'dayOfWeek': 'Saturday', 'opens': '10:0', 'closes': '15:0'}]","{'@type': 'PostalAddress', 'addressLocality': 'Gainesville', 'addressRegion': 'GA', 'postalCode': '30501', 'addressCountry': 'US', 'streetAddress': '302 Broad St SE'}","{'@type': 'GeoCoordinates', 'latitude': 34.2993318, 'longitude': -83.8233119}",{}
Taco Bell (1409 Browns Bridge Road),https://www.ubereats.com/atlanta/food-delivery/taco-bell-1409-browns-bridge-road/9V1PyQnwSxyl5RJurLp8qA,gainesville-georgia,"['Burritos', 'Fast Food', 'Mexican']",4.1,49,$,34.2862222,-83.84069389999999,+17705346062,30501,1409 Browns Bridge Road,Gainesville,GA,"[{'@type': 'OpeningHoursSpecification', 'dayOfWeek': ['Monday', 'Tuesday', 'Wednesday', 'Thursday', 'Friday', 'Saturday', 'Sunday'], 'opens': '14:0', 'closes': '17:0'}, {'@type': 'OpeningHoursSpecification', 'dayOfWeek': ['Monday', 'Tuesday', 'Wednesday', 'Thursday', 'Friday', 'Saturday', 'Sunday'], 'opens': '9:0', 'closes': '1:30'}, {'@type': 'OpeningHoursSpecification', 'dayOfWeek': ['Monday', 'Tuesday', 'Wednesday', 'Thursday', 'Friday', 'Saturday', 'Sunday'], 'opens': '8:0', 'closes': '10:30'}]","{'@type': 'PostalAddress', 'addressLocality': 'Gainesville', 'addressRegion': 'GA', 'postalCode': '30501', 'addressCountry': 'US', 'streetAddress': '1409 Browns Bridge Road'}","{'@type': 'GeoCoordinates', 'latitude': 34.2862222, 'longitude': -83.84069389999999}","{'@type': 'AggregateRating', 'ratingValue': 4.1, 'reviewCount': '49'}"
Moe's Southwest Grill (333 Shallowford Road S. W.),https://www.ubereats.com/atlanta/food-delivery/moes-southwest-grill-333-shallowford-road-s-w/IFRVcAAlQyGOUA1l_c58mw,gainesville-georgia,"['Mexican', 'Fast Food', 'Latin American', 'Salads', 'Family Meals']",4.7,51,$,34.2943289,-83.8493312,+16789438656,30504,333 Shallowford Road S. W.,Gainesville,GA,"[{'@type': 'OpeningHoursSpecification', 'dayOfWeek': ['Monday', 'Tuesday', 'Wednesday', 'Thursday', 'Friday', 'Saturday', 'Sunday'], 'opens': '11:0', 'closes': '21:0'}]","{'@type': 'PostalAddress', 'addressLocality': 'Gainesville', 'addressRegion': 'GA', 'postalCode': '30504', 'addressCountry': 'US', 'streetAddress': '333 Shallowford Road S. W.'}","{'@type': 'GeoCoordinates', 'latitude': 34.2943289, 'longitude': -83.8493312}","{'@type': 'AggregateRating', 'ratingValue': 4.7, 'reviewCount': '51'}"
Shane's Rib Shack (610 White Sulphur Rd. NE),https://www.ubereats.com/atlanta/food-delivery/shanes-rib-shack-610-white-sulphur-rd-ne/EvDcV5ENQfm_RW_RH2INzA,gainesville-georgia,"['American', 'BBQ']",4.7,51,$$,34.3165945,-83.7942875,+16786965567,30501,610 White Sulphur Rd. NE,Gainesville,GA,"[{'@type': 'OpeningHoursSpecification', 'dayOfWeek': ['Monday', 'Tuesday', 'Wednesday', 'Thursday', 'Friday', 'Saturday', 'Sunday'], 'opens': '11:0', 'closes': '20:45'}]","{'@type': 'PostalAddress', 'addressLocality': 'Gainesville', 'addressRegion': 'GA', 'postalCode': '30501', 'addressCountry': 'US', 'streetAddress': '610 White Sulphur Rd. NE'}","{'@type': 'GeoCoordinates', 'latitude': 34.3165945, 'longitude': -83.7942875}","{'@type': 'AggregateRating', 'ratingValue': 4.7, 'reviewCount': '51'}"
Panda Express (418 Pearl Nix Parkway Sw),https://www.ubereats.com/atlanta/food-delivery/panda-express-418-pearl-nix-parkway-sw/C3DcQgAORnqxiTzMrb1-4Q,gainesville-georgia,"['Chinese', 'Family Meals']",4.3,97,$,34.2879243,-83.8424242,+16789289228,30501,418 Pearl Nix Parkway Sw,Gainesville,GA,"[{'@type': 'OpeningHoursSpecification', 'dayOfWeek': 'Sunday', 'opens': '11:0', 'closes': '20:30'}, {'@type': 'OpeningHoursSpecification', 'dayOfWeek': ['Monday', 'Tuesday', 'Wednesday', 'Thursday'], 'opens': '10:30', 'closes': '20:30'}, {'@type': 'OpeningHoursSpecification', 'dayOfWeek': ['Friday', 'Saturday'], 'opens': '10:30', 'closes': '21:0'}]","{'@type': 'PostalAddress', 'addressLocality': 'Gainesville', 'addressRegion': 'GA', 'postalCode': '30501', 'addressCountry': 'US', 'streetAddress': '418 Pearl Nix Parkway Sw'}","{'@type': 'GeoCoordinates', 'latitude': 34.2879243, 'longitude': -83.8424242}","{'@type': 'AggregateRating', 'ratingValue': 4.3, 'reviewCount': '97'}"
Golden Buddha,https://www.ubereats.com/atlanta/food-delivery/golden-buddha/9iW0YApxTs27Kb4TYWT2_A,gainesville-georgia,"['Chinese', 'Asian']",4.5,91,$$,34.2290795,-83.8701636,+17702878888,30566,"3715 Mundy Mill Rd, Ste M",Oakwood,GA,"[{'@type': 'OpeningHoursSpecification', 'dayOfWeek': ['Sunday', 'Monday', 'Tuesday', 'Wednesday', 'Thursday'], 'opens': '11:0', 'closes': '15:0'}, {'@type': 'OpeningHoursSpecification', 'dayOfWeek': ['Sunday', 'Monday', 'Tuesday', 'Wednesday', 'Thursday'], 'opens': '11:0', 'closes': '20:45'}, {'@type': 'OpeningHoursSpecification', 'dayOfWeek': ['Friday', 'Saturday'], 'opens': '11:0', 'closes': '15:0'}, {'@type': 'OpeningHoursSpecification', 'dayOfWeek': ['Friday', 'Saturday'], 'opens': '11:0', 'closes': '21:45'}]","{'@type': 'PostalAddress', 'addressLocality': 'Oakwood', 'addressRegion': 'GA', 'postalCode': '30566', 'addressCountry': 'US', 'streetAddress': '3715 Mundy Mill Rd, Ste M'}","{'@type': 'GeoCoordinates', 'latitude': 34.2290795, 'longitude': -83.8701636}","{'@type': 'AggregateRating', 'ratingValue': 4.5, 'reviewCount': '91'}"
WNB Factory Wings & Burger - Gainesville,https://www.ubereats.com/atlanta/food-delivery/wnb-factory-wings-%26-burger-gainesville/S-fYfw3rTqOvwQ6B4PTCqA,gainesville-georgia,"['Wings', 'Burgers', 'Sandwich', 'Family Meals']",4.4,28,$,34.3155143,-83.7971496,+16786965443,30501,1943 Jesse Jewell Parkway,Gainesville,GA,"[{'@type': 'OpeningHoursSpecification', 'dayOfWeek': ['Monday', 'Tuesday', 'Wednesday', 'Thursday', 'Friday', 'Saturday', 'Sunday'], 'opens': '11:0', 'closes': '20:0'}]","{'@type': 'PostalAddress', 'addressLocality': 'Gainesville', 'addressRegion': 'GA', 'postalCode': '30501', 'addressCountry': 'US', 'streetAddress': '1943 Jesse Jewell Parkway'}","{'@type': 'GeoCoordinates', 'latitude': 34.3155143, 'longitude': -83.7971496}","{'@type': 'AggregateRating', 'ratingValue': 4.4, 'reviewCount': '28'}"
Zenramen &  sushi burrito,https://www.ubereats.com/atlanta/food-delivery/zenramen-%26-sushi-burrito/2llVuhM1Rzy5gsOLh7zNpQ,gainesville-georgia,"['Ramen', 'Japanese', 'Comfort Food']",4.9,87,$,34.3001943,-83.82649239999999,+16783160199,30501,115 Washington St NE,Gainesville,GA,"[{'@type': 'OpeningHoursSpecification', 'dayOfWeek': ['Monday', 'Tuesday', 'Wednesday', 'Thursday', 'Friday', 'Saturday'], 'opens': '11:30', 'closes': '21:0'}]","{'@type': 'PostalAddress', 'addressLocality': 'Gainesville', 'addressRegion': 'GA', 'postalCode': '30501', 'addressCountry': 'US', 'streetAddress': '115 Washington St NE'}","{'@type': 'GeoCoordinates', 'latitude': 34.3001943, 'longitude': -83.82649239999999}","{'@type': 'AggregateRating', 'ratingValue': 4.9, 'reviewCount': '87'}"
Firehouse Subs (3650 MUNDY MILL Rd),https://www.ubereats.com/atlanta/food-delivery/firehouse-subs-3650-mundy-mill-rd/uCjlqMMvQcitet7hvnfrDA,gainesville-georgia,"['Sandwich', 'Deli', 'Salads']",,,$,34.2291594,-83.8678654,+16789714140,30566,3650 MUNDY MILL Rd,Oakwood,GA,"[{'@type': 'OpeningHoursSpecification', 'dayOfWeek': ['Monday', 'Tuesday', 'Wednesday', 'Thursday', 'Friday', 'Saturday', 'Sunday'], 'opens': '10:45', 'closes': '19:0'}]","{'@type': 'PostalAddress', 'addressLocality': 'Oakwood', 'addressRegion': 'GA', 'postalCode': '30566', 'addressCountry': 'US', 'streetAddress': '3650 MUNDY MILL Rd'}","{'@type': 'GeoCoordinates', 'latitude': 34.2291594, 'longitude': -83.8678654}",{}
Marco’s Pizza (1294 Thompson Bridge Road),https://www.ubereats.com/atlanta/food-delivery/marcos-pizza-1294-thompson-bridge-road/Dt73r8t0R4WQ0jRodEUVJw,gainesville-georgia,"['pizza', 'Sandwich', 'Salads']",4.9,13,$,34.3192757,-83.8312265,+16788661113,30501,1294 Thompson Bridge Road,Gainesville,GA,"[{'@type': 'OpeningHoursSpecification', 'dayOfWeek': ['Sunday', 'Monday', 'Tuesday', 'Wednesday', 'Thursday'], 'opens': '10:0', 'closes': '21:30'}, {'@type': 'OpeningHoursSpecification', 'dayOfWeek': ['Friday', 'Saturday'], 'opens': '10:0', 'closes': '22:30'}]","{'@type': 'PostalAddress', 'addressLocality': 'Gainesville', 'addressRegion': 'GA', 'postalCode': '30501', 'addressCountry': 'US', 'streetAddress': '1294 Thompson Bridge Road'}","{'@type': 'GeoCoordinates', 'latitude': 34.3192757, 'longitude': -83.8312265}","{'@type': 'AggregateRating', 'ratingValue': 4.9, 'reviewCount': '13'}"
Taqueria El Mercadito,https://www.ubereats.com/atlanta/food-delivery/taqueria-el-mercadito/ubA0BXUwQS2cTqsZh98SLQ,gainesville-georgia,"['Mexican', 'Latin American', 'New Mexican']",5.0,12,$,34.29107250000001,-83.8412946,+16787077179,30501,275 Pearl Nix Pkwy,Gainesville,GA,"[{'@type': 'OpeningHoursSpecification', 'dayOfWeek': 'Sunday', 'opens': '9:30', 'closes': '18:30'}, {'@type': 'OpeningHoursSpecification', 'dayOfWeek': ['Thursday', 'Friday'], 'opens': '11:0', 'closes': '18:30'}, {'@type': 'OpeningHoursSpecification', 'dayOfWeek': 'Saturday', 'opens': '9:30', 'closes': '18:30'}]","{'@type': 'PostalAddress', 'addressLocality': 'Gainesville', 'addressRegion': 'GA', 'postalCode': '30501', 'addressCountry': 'US', 'streetAddress': '275 Pearl Nix Pkwy'}","{'@type': 'GeoCoordinates', 'latitude': 34.29107250000001, 'longitude': -83.8412946}","{'@type': 'AggregateRating', 'ratingValue': 5, 'reviewCount': '12'}"
Napoli's Pizza - Gainesville,https://www.ubereats.com/atlanta/food-delivery/napolis-pizza-gainesville/Mvj-qkn1RuSL4QH13pqVwg,gainesville-georgia,"['Italian', 'Pasta', 'Comfort Food']",,,$,34.22888089999999,-83.8661882,+16317489208,30504,3640 Mundy Mill Road,Gainesville,GA,"[{'@type': 'OpeningHoursSpecification', 'dayOfWeek': 'Sunday', 'opens': '10:30', 'closes': '21:0'}, {'@type': 'OpeningHoursSpecification', 'dayOfWeek': ['Monday', 'Tuesday', 'Wednesday', 'Thursday', 'Friday'], 'opens': '10:30', 'closes': '21:0'}, {'@type': 'OpeningHoursSpecification', 'dayOfWeek': ['Monday', 'Tuesday', 'Wednesday', 'Thursday', 'Friday'], 'opens': '11:0', 'closes': '15:0'}, {'@type': 'OpeningHoursSpecification', 'dayOfWeek': 'Saturday', 'opens': '10:30', 'closes': '21:0'}]","{'@type': 'PostalAddress', 'addressLocality': 'Gainesville', 'addressRegion': 'GA', 'postalCode': '30504', 'addressCountry': 'US', 'streetAddress': '3640 Mundy Mill Road'}","{'@type': 'GeoCoordinates', 'latitude': 34.22888089999999, 'longitude': -83.8661882}",{}
Burger and Shake,https://www.ubereats.com/atlanta/food-delivery/burger-and-shake/8JBpM0OhTQGe24vZZ-XKsg,gainesville-georgia,"['American', 'Burgers', 'Wings', 'Fast Food']",4.7,18,$,34.2974284,-83.8576982,+17705348600,30501,891 Dawsonville Highway,Gainesville,GA,"[{'@type': 'OpeningHoursSpecification', 'dayOfWeek': ['Monday', 'Tuesday', 'Wednesday', 'Thursday', 'Friday', 'Saturday', 'Sunday'], 'opens': '23:0', 'closes': '19:20'}]","{'@type': 'PostalAddress', 'addressLocality': 'Gainesville', 'addressRegion': 'GA', 'postalCode': '30501', 'addressCountry': 'US', 'streetAddress': '891 Dawsonville Highway'}","{'@type': 'GeoCoordinates', 'latitude': 34.2974284, 'longitude': -83.8576982}","{'@type': 'AggregateRating', 'ratingValue': 4.7, 'reviewCount': '18'}"
Uncle Maddio's Pizza (658 Dawsonville Hwy Suite B),https://www.ubereats.com/atlanta/food-delivery/uncle-maddios-pizza-658-dawsonville-hwy-suite-b/RBLC-epfRYmJJFoN7dqGfA,gainesville-georgia,['pizza'],4.6,22,$,34.296534,-83.853037,+16787803855,30501,658 Dawsonville Hwy Suite B,Gainesville,GA,"[{'@type': 'OpeningHoursSpecification', 'dayOfWeek': ['Monday', 'Tuesday', 'Wednesday', 'Thursday', 'Friday', 'Saturday', 'Sunday'], 'opens': '11:0', 'closes': '20:0'}]","{'@type': 'PostalAddress', 'addressLocality': 'Gainesville', 'addressRegion': 'GA', 'postalCode': '30501', 'addressCountry': 'US', 'streetAddress': '658 Dawsonville Hwy Suite B'}","{'@type': 'GeoCoordinates', 'latitude': 34.296534, 'longitude': -83.853037}","{'@type': 'AggregateRating', 'ratingValue': 4.6, 'reviewCount': '22'}"
KFC (3711 Mundy Mill Rd.),https://www.ubereats.com/atlanta/food-delivery/kfc-3711-mundy-mill-rd/yEv942bgSeqT9bCyVNjaPA,gainesville-georgia,"['American', 'Fast Food', 'wings']",3.5,21,$,34.2294996,-83.86948040000001,+17702977436,30566,3711 Mundy Mill Rd.,Oakwood,GA,"[{'@type': 'OpeningHoursSpecification', 'dayOfWeek': ['Sunday', 'Monday', 'Tuesday', 'Wednesday', 'Thursday'], 'opens': '10:0', 'closes': '21:30'}, {'@type': 'OpeningHoursSpecification', 'dayOfWeek': ['Friday', 'Saturday'], 'opens': '10:0', 'closes': '22:30'}]","{'@type': 'PostalAddress', 'addressLocality': 'Oakwood', 'addressRegion': 'GA', 'postalCode': '30566', 'addressCountry': 'US', 'streetAddress': '3711 Mundy Mill Rd.'}","{'@type': 'GeoCoordinates', 'latitude': 34.2294996, 'longitude': -83.86948040000001}","{'@type': 'AggregateRating', 'ratingValue': 3.5, 'reviewCount': '21'}"
Captain D's (3522 Thurmon Tanner Pkwy),https://www.ubereats.com/atlanta/food-delivery/captain-ds-3522-thurmon-tanner-pkwy/I8yzFZJdTb2fv097tTfBfQ,gainesville-georgia,"['Seafood', 'Fast Food', 'Fish and Chips', 'American', 'Family Meals']",4.0,26,$,34.2305856,-83.87130239999999,+16787767133,30566,3522 Thurmon Tanner Pkwy,Oakwood,GA,"[{'@type': 'OpeningHoursSpecification', 'dayOfWeek': ['Monday', 'Tuesday', 'Wednesday', 'Thursday', 'Friday', 'Saturday', 'Sunday'], 'opens': '10:30', 'closes': '21:45'}]","{'@type': 'PostalAddress', 'addressLocality': 'Oakwood', 'addressRegion': 'GA', 'postalCode': '30566', 'addressCountry': 'US', 'streetAddress': '3522 Thurmon Tanner Pkwy'}","{'@type': 'GeoCoordinates', 'latitude': 34.2305856, 'longitude': -83.87130239999999}","{'@type': 'AggregateRating', 'ratingValue': 4, 'reviewCount': '26'}"
Dairy Queen - Treat (951 Green St NW),https://www.ubereats.com/atlanta/food-delivery/dairy-queen-treat-951-green-st-nw/rqVAb9YORbKr-LRDmgnBEQ,gainesville-georgia,"['American', 'Fast Food', 'Ice Cream & Frozen Yogurt']",3.9,19,$,34.3134001,-83.828036,+17705326929,30501,951 Green St NW,Gainesville,GA,"[{'@type': 'OpeningHoursSpecification', 'dayOfWeek': ['Monday', 'Tuesday', 'Wednesday', 'Thursday', 'Friday', 'Saturday', 'Sunday'], 'opens': '6:0', 'closes': '21:0'}]","{'@type': 'PostalAddress', 'addressLocality': 'Gainesville', 'addressRegion': 'GA', 'postalCode': '30501', 'addressCountry': 'US', 'streetAddress': '951 Green St NW'}","{'@type': 'GeoCoordinates', 'latitude': 34.3134001, 'longitude': -83.828036}","{'@type': 'AggregateRating', 'ratingValue': 3.9, 'reviewCount': '19'}"
Carniceria Tapatia,https://www.ubereats.com/atlanta/food-delivery/carniceria-tapatia/heRCpHjSTaG5K5nRo-_Cxw,gainesville-georgia,"['Mexican', 'Salads', 'Steak']",,,$,34.2878883,-83.8422016,+16788597307,30501,"1500 Browns Bridge Rd, 122",Gainesville,GA,"[{'@type': 'OpeningHoursSpecification', 'dayOfWeek': ['Monday', 'Tuesday', 'Wednesday', 'Thursday', 'Friday', 'Saturday', 'Sunday'], 'opens': '9:0', 'closes': '21:45'}]","{'@type': 'PostalAddress', 'addressLocality': 'Gainesville', 'addressRegion': 'GA', 'postalCode': '30501', 'addressCountry': 'US', 'streetAddress': '1500 Browns Bridge Rd, 122'}","{'@type': 'GeoCoordinates', 'latitude': 34.2878883, 'longitude': -83.8422016}",{}
Mule Camp Tavern,https://www.ubereats.com/atlanta/food-delivery/mule-camp-tavern/YhzTiGrfQR6DAiXFvO3YJw,gainesville-georgia,"['Burgers', 'American', 'Sandwiches']",,,$,34.2983368,-83.82861869999999,+17047641091,30501,322 Spring St SW,Gainesville,GA,"[{'@type': 'OpeningHoursSpecification', 'dayOfWeek': ['Monday', 'Tuesday', 'Wednesday', 'Thursday', 'Friday', 'Saturday', 'Sunday'], 'opens': '0:0', 'closes': '12:0'}]","{'@type': 'PostalAddress', 'addressLocality': 'Gainesville', 'addressRegion': 'GA', 'postalCode': '30501', 'addressCountry': 'US', 'streetAddress': '322 Spring St SW'}","{'@type': 'GeoCoordinates', 'latitude': 34.2983368, 'longitude': -83.82861869999999}",{}
Hardees (1505983),https://www.ubereats.com/atlanta/food-delivery/hardees-1505983/fTsK1tLjSpuNdNkBHpI60Q,gainesville-georgia,"['American', 'Breakfast and Brunch', 'Burgers', 'Chicken', 'Fast Food', 'Sandwich']",4.6,20,$,34.22585120000001,-83.867453,+17705324210,30566,4538,Oakwood,GA,"[{'@type': 'OpeningHoursSpecification', 'dayOfWeek': 'Sunday', 'opens': '6:0', 'closes': '10:44'}, {'@type': 'OpeningHoursSpecification', 'dayOfWeek': 'Sunday', 'opens': '10:45', 'closes': '21:30'}, {'@type': 'OpeningHoursSpecification', 'dayOfWeek': ['Monday', 'Tuesday', 'Wednesday', 'Thursday', 'Friday'], 'opens': '5:0', 'closes': '10:14'}, {'@type': 'OpeningHoursSpecification', 'dayOfWeek': ['Monday', 'Tuesday', 'Wednesday', 'Thursday', 'Friday'], 'opens': '10:15', 'closes': '21:30'}, {'@type': 'OpeningHoursSpecification', 'dayOfWeek': 'Saturday', 'opens': '5:0', 'closes': '10:44'}, {'@type': 'OpeningHoursSpecification', 'dayOfWeek': 'Saturday', 'opens': '10:45', 'closes': '21:30'}]","{'@type': 'PostalAddress', 'addressLocality': 'Oakwood', 'addressRegion': 'GA', 'postalCode': '30566', 'addressCountry': 'US', 'streetAddress': '4538'}","{'@type': 'GeoCoordinates', 'latitude': 34.22585120000001, 'longitude': -83.867453}","{'@type': 'AggregateRating', 'ratingValue': 4.6, 'reviewCount': '20'}"
Wild Wing Cafe (Gainesville),https://www.ubereats.com/atlanta/food-delivery/wild-wing-cafe-gainesville/Yxph-eRHTvWI13Cx0yVGvQ,gainesville-georgia,"['Wings', 'American', 'Fast Food']",4.5,45,$$,34.2962923,-83.82642469999999,+17705369177,,,,,"[{'@type': 'OpeningHoursSpecification', 'dayOfWeek': ['Monday', 'Tuesday', 'Wednesday', 'Thursday', 'Friday', 'Saturday', 'Sunday'], 'opens': '16:30', 'closes': '20:30'}]",,"{'@type': 'GeoCoordinates', 'latitude': 34.2962923, 'longitude': -83.82642469999999}","{'@type': 'AggregateRating', 'ratingValue': 4.5, 'reviewCount': '45'}"
Locos Deli and Pub,https://www.ubereats.com/atlanta/food-delivery/locos-deli-and-pub/Oem_zxOaQ3SmV-9IuRgk0Q,gainesville-georgia,"['Burgers', 'American', 'Sandwiches']",,,$,34.3114442,-83.8158107,+17705345771,30501,601 S Enota Dr NE,Gainesville,GA,"[{'@type': 'OpeningHoursSpecification', 'dayOfWeek': ['Monday', 'Tuesday', 'Wednesday', 'Thursday', 'Friday', 'Saturday'], 'opens': '11:0', 'closes': '19:0'}]","{'@type': 'PostalAddress', 'addressLocality': 'Gainesville', 'addressRegion': 'GA', 'postalCode': '30501', 'addressCountry': 'US', 'streetAddress': '601 S Enota Dr NE'}","{'@type': 'GeoCoordinates', 'latitude': 34.3114442, 'longitude': -83.8158107}",{}
Taco Bell (3615 Mundy Mill Rd),https://www.ubereats.com/atlanta/food-delivery/taco-bell-3615-mundy-mill-rd/r1SMjGvcRnuOk9FKz-jnzw,gainesville-georgia,"['Burritos', 'Fast Food', 'Mexican']",4.2,27,$,34.2272622,-83.8679896,+16784502889,30566,3615 Mundy Mill Rd,Oakwood,GA,"[{'@type': 'OpeningHoursSpecification', 'dayOfWeek': ['Sunday', 'Monday', 'Tuesday', 'Wednesday', 'Thursday'], 'opens': '14:0', 'closes': '17:0'}, {'@type': 'OpeningHoursSpecification', 'dayOfWeek': ['Sunday', 'Monday', 'Tuesday', 'Wednesday', 'Thursday'], 'opens': '9:0', 'closes': '1:30'}, {'@type': 'OpeningHoursSpecification', 'dayOfWeek': ['Sunday', 'Monday', 'Tuesday', 'Wednesday', 'Thursday'], 'opens': '7:0', 'closes': '10:30'}, {'@type': 'OpeningHoursSpecification', 'dayOfWeek': ['Friday', 'Saturday'], 'opens': '14:0', 'closes': '17:0'}, {'@type': 'OpeningHoursSpecification', 'dayOfWeek': ['Friday', 'Saturday'], 'opens': '7:0', 'closes': '10:30'}, {'@type': 'OpeningHoursSpecification', 'dayOfWeek': ['Friday', 'Saturday'], 'opens': '9:0', 'closes': '3:30'}]","{'@type': 'PostalAddress', 'addressLocality': 'Oakwood', 'addressRegion': 'GA', 'postalCode': '30566', 'addressCountry': 'US', 'streetAddress': '3615 Mundy Mill Rd'}","{'@type': 'GeoCoordinates', 'latitude': 34.2272622, 'longitude': -83.8679896}","{'@type': 'AggregateRating', 'ratingValue': 4.2, 'reviewCount': '27'}"
Subway (3875 Mundy Mill Rd),https://www.ubereats.com/atlanta/food-delivery/subway-3875-mundy-mill-rd/YIM34KURRNGFejwE7R7m5w,gainesville-georgia,"['Fast Food', 'Sandwich', 'American']",,,$,34.231304,-83.87458199999999,+17705359160,30566,3875 Mundy Mill Rd,Oakwood,GA,"[{'@type': 'OpeningHoursSpecification', 'dayOfWeek': ['Monday', 'Tuesday', 'Wednesday', 'Thursday', 'Friday', 'Saturday', 'Sunday'], 'opens': '8:0', 'closes': '18:30'}]","{'@type': 'PostalAddress', 'addressLocality': 'Oakwood', 'addressRegion': 'GA', 'postalCode': '30566', 'addressCountry': 'US', 'streetAddress': '3875 Mundy Mill Rd'}","{'@type': 'GeoCoordinates', 'latitude': 34.231304, 'longitude': -83.87458199999999}",{}
Chicopee Woods Grill,https://www.ubereats.com/atlanta/food-delivery/chicopee-woods-grill/viOx_in-SSKTdh0r-H4Zow,gainesville-georgia,"['American', 'Burgers', 'Salads']",,,$,34.2417826,-83.849994,+17705347322,30504,2515 Atlanta Highway,Gainesville,GA,"[{'@type': 'OpeningHoursSpecification', 'dayOfWeek': 'Monday', 'opens': '10:30', 'closes': '16:0'}, {'@type': 'OpeningHoursSpecification', 'dayOfWeek': 'Monday', 'opens': '22:30', 'closes': '15:30'}, {'@type': 'OpeningHoursSpecification', 'dayOfWeek': 'Tuesday', 'opens': '22:30', 'closes': '15:30'}, {'@type': 'OpeningHoursSpecification', 'dayOfWeek': ['Wednesday', 'Thursday', 'Friday', 'Saturday'], 'opens': '10:30', 'closes': '16:0'}, {'@type': 'OpeningHoursSpecification', 'dayOfWeek': ['Wednesday', 'Thursday', 'Friday', 'Saturday'], 'opens': '22:30', 'closes': '15:30'}]","{'@type': 'PostalAddress', 'addressLocality': 'Gainesville', 'addressRegion': 'GA', 'postalCode': '30504', 'addressCountry': 'US', 'streetAddress': '2515 Atlanta Highway'}","{'@type': 'GeoCoordinates', 'latitude': 34.2417826, 'longitude': -83.849994}",{}
Krystal (3470 Mundy Mill Road (Oakwood exit),https://www.ubereats.com/atlanta/food-delivery/krystal-3470-mundy-mill-road-oakwood-exit/iAKMNmrXSvCQsJWgDEOufQ,gainesville-georgia,"['American', 'Burgers', 'Fast Food']",4.5,11,$,34.2242117,-83.86383359999999,+17702977191,30507,3470 Mundy Mill Road (Oakwood exit),Gainesville,GA,"[{'@type': 'OpeningHoursSpecification', 'dayOfWeek': 'Sunday', 'opens': '7:0', 'closes': '11:0'}, {'@type': 'OpeningHoursSpecification', 'dayOfWeek': 'Sunday', 'opens': '7:0', 'closes': '0:0'}, {'@type': 'OpeningHoursSpecification', 'dayOfWeek': 'Sunday', 'opens': '7:0', 'closes': '11:0'}, {'@type': 'OpeningHoursSpecification', 'dayOfWeek': ['Monday', 'Tuesday', 'Wednesday', 'Thursday'], 'opens': '6:0', 'closes': '11:0'}, {'@type': 'OpeningHoursSpecification', 'dayOfWeek': ['Monday', 'Tuesday', 'Wednesday', 'Thursday'], 'opens': '6:0', 'closes': '0:0'}, {'@type': 'OpeningHoursSpecification', 'dayOfWeek': ['Monday', 'Tuesday', 'Wednesday', 'Thursday'], 'opens': '6:0', 'closes': '11:0'}, {'@type': 'OpeningHoursSpecification', 'dayOfWeek': ['Friday', 'Saturday'], 'opens': '6:0', 'closes': '11:0'}, {'@type': 'OpeningHoursSpecification', 'dayOfWeek': ['Friday', 'Saturday'], 'opens': '6:0', 'closes': '2:0'}, {'@type': 'OpeningHoursSpecification', 'dayOfWeek': ['Friday', 'Saturday'], 'opens': '6:0', 'closes': '11:0'}]","{'@type': 'PostalAddress', 'addressLocality': 'Gainesville', 'addressRegion': 'GA', 'postalCode': '30507', 'addressCountry': 'US', 'streetAddress': '3470 Mundy Mill Road (Oakwood exit)'}","{'@type': 'GeoCoordinates', 'latitude': 34.2242117, 'longitude': -83.86383359999999}","{'@type': 'AggregateRating', 'ratingValue': 4.5, 'reviewCount': '11'}"
Avocados,https://www.ubereats.com/atlanta/food-delivery/avocados/XyrdVvAHQFClhdPW4AS_xQ,gainesville-georgia,"['Burgers', 'American', 'Sandwiches', 'Allergy Friendly']",,,$,34.299324,-83.8262458,+17705320001,30501,109 Bradford St SE,Gainesville,GA,"[{'@type': 'OpeningHoursSpecification', 'dayOfWeek': 'Monday', 'opens': '11:0', 'closes': '15:0'}, {'@type': 'OpeningHoursSpecification', 'dayOfWeek': ['Tuesday', 'Wednesday', 'Thursday', 'Friday'], 'opens': '17:0', 'closes': '20:0'}, {'@type': 'OpeningHoursSpecification', 'dayOfWeek': ['Tuesday', 'Wednesday', 'Thursday', 'Friday'], 'opens': '11:0', 'closes': '15:0'}]","{'@type': 'PostalAddress', 'addressLocality': 'Gainesville', 'addressRegion': 'GA', 'postalCode': '30501', 'addressCountry': 'US', 'streetAddress': '109 Bradford St SE'}","{'@type': 'GeoCoordinates', 'latitude': 34.299324, 'longitude': -83.8262458}",{}
Sliced,https://www.ubereats.com/atlanta/food-delivery/sliced/vzmoVvqwQjuPXJVhBbvHIQ,gainesville-georgia,"['Pizza', 'American', 'Italian']",,,$,34.3147204,-83.82679279999999,+16789715080,30501,990 Riverside Dr,Gainesville,GA,"[{'@type': 'OpeningHoursSpecification', 'dayOfWeek': ['Monday', 'Tuesday', 'Wednesday', 'Thursday', 'Friday', 'Saturday', 'Sunday'], 'opens': '11:30', 'closes': '21:30'}]","{'@type': 'PostalAddress', 'addressLocality': 'Gainesville', 'addressRegion': 'GA', 'postalCode': '30501', 'addressCountry': 'US', 'streetAddress': '990 Riverside Dr'}","{'@type': 'GeoCoordinates', 'latitude': 34.3147204, 'longitude': -83.82679279999999}",{}
Church's Chicken (600 EE Butler Pkwy.),https://www.ubereats.com/atlanta/food-delivery/churchs-chicken-600-ee-butler-pkwy/q2XOHiA_ROSliZ-9Zte6vw,gainesville-georgia,"['Fast Food', 'Family Meals']",4.5,20,$,34.2966212,-83.8207736,+17705341059,30501,600 EE Butler Pkwy.,Gainesville,GA,"[{'@type': 'OpeningHoursSpecification', 'dayOfWeek': ['Monday', 'Tuesday', 'Wednesday', 'Thursday', 'Friday', 'Saturday', 'Sunday'], 'opens': '10:30', 'closes': '21:30'}, {'@type': 'OpeningHoursSpecification', 'dayOfWeek': ['Monday', 'Tuesday', 'Wednesday', 'Thursday', 'Friday', 'Saturday', 'Sunday'], 'opens': '16:0', 'closes': '21:30'}]","{'@type': 'PostalAddress', 'addressLocality': 'Gainesville', 'addressRegion': 'GA', 'postalCode': '30501', 'addressCountry': 'US', 'streetAddress': '600 EE Butler Pkwy.'}","{'@type': 'GeoCoordinates', 'latitude': 34.2966212, 'longitude': -83.8207736}","{'@type': 'AggregateRating', 'ratingValue': 4.5, 'reviewCount': '20'}"
Burger King (1337 Thompson Bridge Road),https://www.ubereats.com/atlanta/food-delivery/burger-king-1337-thompson-bridge-road/Ypj0IHXKSgCuQ218hVCj1g,gainesville-georgia,"['American', 'burger', 'Fast Food']",,,$,34.3196508,-83.8324489,+17702061330,30501,1337 Thompson Bridge Road,Gainesville,GA,"[{'@type': 'OpeningHoursSpecification', 'dayOfWeek': 'Sunday', 'opens': '7:30', 'closes': '10:29'}, {'@type': 'OpeningHoursSpecification', 'dayOfWeek': 'Sunday', 'opens': '10:30', 'closes': '22:30'}, {'@type': 'OpeningHoursSpecification', 'dayOfWeek': ['Monday', 'Tuesday', 'Wednesday', 'Thursday', 'Friday'], 'opens': '6:30', 'closes': '10:29'}, {'@type': 'OpeningHoursSpecification', 'dayOfWeek': ['Monday', 'Tuesday', 'Wednesday', 'Thursday', 'Friday'], 'opens': '10:30', 'closes': '22:30'}, {'@type': 'OpeningHoursSpecification', 'dayOfWeek': 'Saturday', 'opens': '7:30', 'closes': '10:29'}, {'@type': 'OpeningHoursSpecification', 'dayOfWeek': 'Saturday', 'opens': '10:30', 'closes': '22:30'}]","{'@type': 'PostalAddress', 'addressLocality': 'Gainesville', 'addressRegion': 'GA', 'postalCode': '30501', 'addressCountry': 'US', 'streetAddress': '1337 Thompson Bridge Road'}","{'@type': 'GeoCoordinates', 'latitude': 34.3196508, 'longitude': -83.8324489}",{}
Manhattan Chicago Pizza (Gainesville),https://www.ubereats.com/atlanta/food-delivery/manhattan-chicago-pizza-gainesville/u15KwlE3T1uhp2JT8tOasQ,gainesville-georgia,"['Pizza', 'American', 'Italian']",,,$,34.358399,-83.86113569999999,+14702525228,30506,3320 Thompson Bridge Road,Gainesville,GA,"[{'@type': 'OpeningHoursSpecification', 'dayOfWeek': 'Sunday', 'opens': '16:0', 'closes': '21:0'}, {'@type': 'OpeningHoursSpecification', 'dayOfWeek': ['Tuesday', 'Wednesday', 'Thursday', 'Friday', 'Saturday'], 'opens': '16:0', 'closes': '21:0'}]","{'@type': 'PostalAddress', 'addressLocality': 'Gainesville', 'addressRegion': 'GA', 'postalCode': '30506', 'addressCountry': 'US', 'streetAddress': '3320 Thompson Bridge Road'}","{'@type': 'GeoCoordinates', 'latitude': 34.358399, 'longitude': -83.86113569999999}",{}
Dunkin' (3629 Mundy Mill Rd),https://www.ubereats.com/atlanta/food-delivery/dunkin-3629-mundy-mill-rd/nq2oZOscTAG3_Hh4pFZAqA,gainesville-georgia,"['Breakfast and Brunch', 'Donuts']",4.3,22,$,34.2275753,-83.8681967,+16789714160,30566,3629 Mundy Mill Rd,Oakwood,GA,"[{'@type': 'OpeningHoursSpecification', 'dayOfWeek': ['Monday', 'Tuesday', 'Wednesday', 'Thursday', 'Friday', 'Saturday', 'Sunday'], 'opens': '7:0', 'closes': '20:0'}]","{'@type': 'PostalAddress', 'addressLocality': 'Oakwood', 'addressRegion': 'GA', 'postalCode': '30566', 'addressCountry': 'US', 'streetAddress': '3629 Mundy Mill Rd'}","{'@type': 'GeoCoordinates', 'latitude': 34.2275753, 'longitude': -83.8681967}","{'@type': 'AggregateRating', 'ratingValue': 4.3, 'reviewCount': '22'}"
Taco Bell (1957 Jesse Jewell Pkwy),https://www.ubereats.com/atlanta/food-delivery/taco-bell-1957-jesse-jewell-pkwy/0w_9zOn8TACiofJxOxoFPQ,gainesville-georgia,"['Burritos', 'Fast Food', 'Mexican']",4.3,39,$,34.314375416061765,-83.79561983084282,+16789890880,,,,,"[{'@type': 'OpeningHoursSpecification', 'dayOfWeek': ['Sunday', 'Monday', 'Tuesday', 'Wednesday', 'Thursday'], 'opens': '14:0', 'closes': '17:0'}, {'@type': 'OpeningHoursSpecification', 'dayOfWeek': ['Sunday', 'Monday', 'Tuesday', 'Wednesday', 'Thursday'], 'opens': '9:0', 'closes': '0:30'}, {'@type': 'OpeningHoursSpecification', 'dayOfWeek': ['Sunday', 'Monday', 'Tuesday', 'Wednesday', 'Thursday'], 'opens': '7:0', 'closes': '10:30'}, {'@type': 'OpeningHoursSpecification', 'dayOfWeek': ['Friday', 'Saturday'], 'opens': '14:0', 'closes': '17:0'}, {'@type': 'OpeningHoursSpecification', 'dayOfWeek': ['Friday', 'Saturday'], 'opens': '7:0', 'closes': '10:30'}, {'@type': 'OpeningHoursSpecification', 'dayOfWeek': ['Friday', 'Saturday'], 'opens': '9:0', 'closes': '1:30'}]",,"{'@type': 'GeoCoordinates', 'latitude': 34.314375416061765, 'longitude': -83.79561983084282}","{'@type': 'AggregateRating', 'ratingValue': 4.3, 'reviewCount': '39'}"
Natural Juice Cafe,https://www.ubereats.com/atlanta/food-delivery/natural-juice-cafe/07jxrmGCT12Po0_8VcESew,gainesville-georgia,"['Juice and Smoothies', 'Breakfast and Brunch', 'Vegetarian', 'Sandwich']",,,$,34.329868,-83.8049923,+14043957188,30501,2480 Limestone Pkwy,Gainesville,GA,"[{'@type': 'OpeningHoursSpecification', 'dayOfWeek': 'Monday', 'opens': '0:0', 'closes': '0:30'}]","{'@type': 'PostalAddress', 'addressLocality': 'Gainesville', 'addressRegion': 'GA', 'postalCode': '30501', 'addressCountry': 'US', 'streetAddress': '2480 Limestone Pkwy'}","{'@type': 'GeoCoordinates', 'latitude': 34.329868, 'longitude': -83.8049923}",{}
chopBLOCK food & spirits Gainesville,https://www.ubereats.com/atlanta/food-delivery/chopblock-food-%26-spirits-gainesville/Fy51k68LQxWwUC4pHL_4Jw,gainesville-georgia,"['Burgers', 'American', 'Sandwiches']",,,$,34.298845,-83.8278081,+17069498852,30501,110 Main St SW,Gainesville,GA,"[{'@type': 'OpeningHoursSpecification', 'dayOfWeek': 'Sunday', 'opens': '4:0', 'closes': '21:0'}, {'@type': 'OpeningHoursSpecification', 'dayOfWeek': ['Monday', 'Tuesday', 'Wednesday', 'Thursday'], 'opens': '16:0', 'closes': '21:0'}, {'@type': 'OpeningHoursSpecification', 'dayOfWeek': ['Friday', 'Saturday'], 'opens': '16:30', 'closes': '21:0'}]","{'@type': 'PostalAddress', 'addressLocality': 'Gainesville', 'addressRegion': 'GA', 'postalCode': '30501', 'addressCountry': 'US', 'streetAddress': '110 Main St SW'}","{'@type': 'GeoCoordinates', 'latitude': 34.298845, 'longitude': -83.8278081}",{}
King Kong Milktea and Smoothie,https://www.ubereats.com/atlanta/food-delivery/king-kong-milktea-and-smoothie/t2e7R976TDiV2hOhfDPK7w,gainesville-georgia,"['Coffee and Tea', 'American', 'Breakfast and Brunch']",3.8,24,$,34.2333321,-83.8740282,+17702498888,30566,3885 Mundy Mill Rd,Oakwood,GA,"[{'@type': 'OpeningHoursSpecification', 'dayOfWeek': ['Sunday', 'Monday', 'Tuesday', 'Wednesday', 'Thursday'], 'opens': '11:30', 'closes': '20:30'}, {'@type': 'OpeningHoursSpecification', 'dayOfWeek': ['Friday', 'Saturday'], 'opens': '11:30', 'closes': '21:30'}]","{'@type': 'PostalAddress', 'addressLocality': 'Oakwood', 'addressRegion': 'GA', 'postalCode': '30566', 'addressCountry': 'US', 'streetAddress': '3885 Mundy Mill Rd'}","{'@type': 'GeoCoordinates', 'latitude': 34.2333321, 'longitude': -83.8740282}","{'@type': 'AggregateRating', 'ratingValue': 3.8, 'reviewCount': '24'}"
2 Dog,https://www.ubereats.com/atlanta/food-delivery/2-dog/SGHMYpSATBansp-HelWsuw,gainesville-georgia,"['Burgers', 'American', 'Sandwiches', 'Allergy Friendly']",4.7,30,$,34.3006824,-83.8239542,+17702878384,,,,,"[{'@type': 'OpeningHoursSpecification', 'dayOfWeek': ['Wednesday', 'Thursday', 'Friday', 'Saturday'], 'opens': '11:0', 'closes': '20:0'}]",,"{'@type': 'GeoCoordinates', 'latitude': 34.3006824, 'longitude': -83.8239542}","{'@type': 'AggregateRating', 'ratingValue': 4.7, 'reviewCount': '30'}"
Arby's (3652 MUNDY MILL RD),https://www.ubereats.com/atlanta/food-delivery/arbys-3652-mundy-mill-rd/S4yR3cOiTz-zYv7JV-vRPw,gainesville-georgia,"['American', 'Sandwich', 'Fast Food', 'Kids Friendly']",4.5,17,$,34.2294746,-83.8681138,+17705320894,30504,3652 MUNDY MILL RD,GAINESVILLE,GA,"[{'@type': 'OpeningHoursSpecification', 'dayOfWeek': ['Monday', 'Tuesday', 'Wednesday', 'Thursday', 'Friday', 'Saturday', 'Sunday'], 'opens': '10:0', 'closes': '22:30'}]","{'@type': 'PostalAddress', 'addressLocality': 'GAINESVILLE', 'addressRegion': 'GA', 'postalCode': '30504', 'addressCountry': 'US', 'streetAddress': '3652 MUNDY MILL RD'}","{'@type': 'GeoCoordinates', 'latitude': 34.2294746, 'longitude': -83.8681138}","{'@type': 'AggregateRating', 'ratingValue': 4.5, 'reviewCount': '17'}"
El Griton Mexican Grill,https://www.ubereats.com/atlanta/food-delivery/el-griton-mexican-grill/RxZoR6whTPSRG24-6_4uMQ,gainesville-georgia,"['Mexican', 'Latin American', 'New Mexican']",4.5,26,$,34.2817994,-83.8391403,+17705279404,30501,415 Atlanta Hwy,Gainesville,GA,"[{'@type': 'OpeningHoursSpecification', 'dayOfWeek': ['Sunday', 'Monday', 'Tuesday'], 'opens': '10:0', 'closes': '19:0'}, {'@type': 'OpeningHoursSpecification', 'dayOfWeek': 'Thursday', 'opens': '10:0', 'closes': '19:0'}, {'@type': 'OpeningHoursSpecification', 'dayOfWeek': ['Friday', 'Saturday'], 'opens': '10:0', 'closes': '20:0'}]","{'@type': 'PostalAddress', 'addressLocality': 'Gainesville', 'addressRegion': 'GA', 'postalCode': '30501', 'addressCountry': 'US', 'streetAddress': '415 Atlanta Hwy'}","{'@type': 'GeoCoordinates', 'latitude': 34.2817994, 'longitude': -83.8391403}","{'@type': 'AggregateRating', 'ratingValue': 4.5, 'reviewCount': '26'}"
The Inked Pig,https://www.ubereats.com/atlanta/food-delivery/the-inked-pig/fKkhWL_qR_OpfXCKuNyINQ,gainesville-georgia,"['BBQ', 'American', 'Burgers']",4.3,20,$,34.2894998,-83.82013119999999,+17705331765,30501,893 Main St SW,Gainesville,GA,"[{'@type': 'OpeningHoursSpecification', 'dayOfWeek': ['Thursday', 'Friday', 'Saturday'], 'opens': '11:0', 'closes': '15:0'}, {'@type': 'OpeningHoursSpecification', 'dayOfWeek': ['Thursday', 'Friday', 'Saturday'], 'opens': '17:0', 'closes': '21:0'}]","{'@type': 'PostalAddress', 'addressLocality': 'Gainesville', 'addressRegion': 'GA', 'postalCode': '30501', 'addressCountry': 'US', 'streetAddress': '893 Main St SW'}","{'@type': 'GeoCoordinates', 'latitude': 34.2894998, 'longitude': -83.82013119999999}","{'@type': 'AggregateRating', 'ratingValue': 4.3, 'reviewCount': '20'}"
Wendy's  (3646 Thompson Bridge Road),https://www.ubereats.com/atlanta/food-delivery/wendys-3646-thompson-bridge-road/cNjKJtWaRtS4BiDs3tbacQ,gainesville-georgia,"['American', 'Burgers', 'Fast Food']",,,$,34.37385,-83.871675,+17705342737,30506,3646 Thompson Bridge Road,Gainesville,GA,"[{'@type': 'OpeningHoursSpecification', 'dayOfWeek': ['Monday', 'Tuesday', 'Wednesday', 'Thursday', 'Friday', 'Saturday', 'Sunday'], 'opens': '10:30', 'closes': '23:30'}, {'@type': 'OpeningHoursSpecification', 'dayOfWeek': ['Monday', 'Tuesday', 'Wednesday', 'Thursday', 'Friday', 'Saturday', 'Sunday'], 'opens': '6:30', 'closes': '10:0'}]","{'@type': 'PostalAddress', 'addressLocality': 'Gainesville', 'addressRegion': 'GA', 'postalCode': '30506', 'addressCountry': 'US', 'streetAddress': '3646 Thompson Bridge Road'}","{'@type': 'GeoCoordinates', 'latitude': 34.37385, 'longitude': -83.871675}",{}
Zaxby's (3724 Mundy Mill Rd.),https://www.ubereats.com/atlanta/food-delivery/zaxbys-3724-mundy-mill-rd/wtYCj5HuTP20AYZjzWaY2Q,gainesville-georgia,"['American', 'Chicken Strips', 'Fast Food', 'Family Meals']",4.4,162,$$,34.2305851,-83.8686936,+17702970392,30566,3724 Mundy Mill Rd.,Oakwood,GA,"[{'@type': 'OpeningHoursSpecification', 'dayOfWeek': ['Monday', 'Tuesday', 'Wednesday', 'Thursday', 'Friday', 'Saturday', 'Sunday'], 'opens': '10:30', 'closes': '21:30'}]","{'@type': 'PostalAddress', 'addressLocality': 'Oakwood', 'addressRegion': 'GA', 'postalCode': '30566', 'addressCountry': 'US', 'streetAddress': '3724 Mundy Mill Rd.'}","{'@type': 'GeoCoordinates', 'latitude': 34.2305851, 'longitude': -83.8686936}","{'@type': 'AggregateRating', 'ratingValue': 4.4, 'reviewCount': '162'}"
Five Guys GA-0673 1122 Dawsonville Hwy,https://www.ubereats.com/atlanta/food-delivery/five-guys-ga-0673-1122-dawsonville-hwy/O8DCtYiqQK61l8lVXZ0s8g,gainesville-georgia,"['American', 'Burgers']",4.7,71,$,34.3026527,-83.8584437,+16789891875,30501,"1122 Dawsonville Hwy., Suite 100",Gainesville,GA,"[{'@type': 'OpeningHoursSpecification', 'dayOfWeek': ['Monday', 'Tuesday', 'Wednesday', 'Thursday', 'Friday', 'Saturday', 'Sunday'], 'opens': '11:0', 'closes': '21:30'}]","{'@type': 'PostalAddress', 'addressLocality': 'Gainesville', 'addressRegion': 'GA', 'postalCode': '30501', 'addressCountry': 'US', 'streetAddress': '1122 Dawsonville Hwy., Suite 100'}","{'@type': 'GeoCoordinates', 'latitude': 34.3026527, 'longitude': -83.8584437}","{'@type': 'AggregateRating', 'ratingValue': 4.7, 'reviewCount': '71'}"
Wings & Philly,https://www.ubereats.com/atlanta/food-delivery/wings-%26-philly/PTFo_HgLTOWnOpScOjldWg,gainesville-georgia,"['Asian Fusion', 'Asian', 'Korean']",,,$,34.2814108,-83.78517459999999,+17705359200,30507,2115 Athens Hwy,Gainesville,GA,"[{'@type': 'OpeningHoursSpecification', 'dayOfWeek': ['Monday', 'Tuesday', 'Wednesday', 'Thursday'], 'opens': '11:0', 'closes': '21:0'}, {'@type': 'OpeningHoursSpecification', 'dayOfWeek': ['Friday', 'Saturday'], 'opens': '11:0', 'closes': '22:0'}]","{'@type': 'PostalAddress', 'addressLocality': 'Gainesville', 'addressRegion': 'GA', 'postalCode': '30507', 'addressCountry': 'US', 'streetAddress': '2115 Athens Hwy'}","{'@type': 'GeoCoordinates', 'latitude': 34.2814108, 'longitude': -83.78517459999999}",{}
Amici,https://www.ubereats.com/atlanta/food-delivery/amici/sa7OjlGuQjGIowkek9iKYA,gainesville-georgia,"['American', 'Wings', 'Italian', 'Pizza']",,,$$,34.241839,-83.851383,+14702279600,30504,2550 Atlanta Hwy,Gainesville,Georgia,"[{'@type': 'OpeningHoursSpecification', 'dayOfWeek': 'Sunday', 'opens': '12:0', 'closes': '19:0'}, {'@type': 'OpeningHoursSpecification', 'dayOfWeek': 'Monday', 'opens': '11:0', 'closes': '22:0'}, {'@type': 'OpeningHoursSpecification', 'dayOfWeek': ['Tuesday', 'Wednesday', 'Thursday'], 'opens': '11:0', 'closes': '21:0'}, {'@type': 'OpeningHoursSpecification', 'dayOfWeek': ['Friday', 'Saturday'], 'opens': '11:0', 'closes': '22:0'}]","{'@type': 'PostalAddress', 'addressLocality': 'Gainesville', 'addressRegion': 'Georgia', 'postalCode': '30504', 'addressCountry': 'US', 'streetAddress': '2550 Atlanta Hwy'}","{'@type': 'GeoCoordinates', 'latitude': 34.241839, 'longitude': -83.851383}",{}
Bojangles' Famous Chicken & Biscuits 786 (1235 Jesse Jewel Pkwy),https://www.ubereats.com/atlanta/food-delivery/bojangles-famous-chicken-%26-biscuits-786-1235-jesse-jewel-pkwy/oZw4dafhTv2cXjEBDtaNNA,gainesville-georgia,"['BBQ', 'American', 'Burgers']",,,$,34.287276,-83.83737900000001,+17705340888,30501,1235 Jesse Jewel Pkwy,Gainesville,GA,"[{'@type': 'OpeningHoursSpecification', 'dayOfWeek': 'Sunday', 'opens': '6:30', 'closes': '21:30'}, {'@type': 'OpeningHoursSpecification', 'dayOfWeek': ['Monday', 'Tuesday', 'Wednesday', 'Thursday', 'Friday', 'Saturday'], 'opens': '5:30', 'closes': '21:30'}]","{'@type': 'PostalAddress', 'addressLocality': 'Gainesville', 'addressRegion': 'GA', 'postalCode': '30501', 'addressCountry': 'US', 'streetAddress': '1235 Jesse Jewel Pkwy'}","{'@type': 'GeoCoordinates', 'latitude': 34.287276, 'longitude': -83.83737900000001}",{}
Burger King (403 Pearl Nix Parkway),https://www.ubereats.com/atlanta/food-delivery/burger-king-403-pearl-nix-parkway/gMB8-ITkSTi4azIPgXXWSg,gainesville-georgia,"['American', 'burger', 'Fast Food']",4.1,17,$,34.288108,-83.8407974,+17702462207,30501,403 Pearl Nix Parkway,Gainesville,GA,"[{'@type': 'OpeningHoursSpecification', 'dayOfWeek': 'Sunday', 'opens': '7:30', 'closes': '10:29'}, {'@type': 'OpeningHoursSpecification', 'dayOfWeek': 'Sunday', 'opens': '10:30', 'closes': '22:30'}, {'@type': 'OpeningHoursSpecification', 'dayOfWeek': ['Monday', 'Tuesday', 'Wednesday', 'Thursday', 'Friday'], 'opens': '6:30', 'closes': '10:29'}, {'@type': 'OpeningHoursSpecification', 'dayOfWeek': ['Monday', 'Tuesday', 'Wednesday', 'Thursday', 'Friday'], 'opens': '10:30', 'closes': '22:30'}, {'@type': 'OpeningHoursSpecification', 'dayOfWeek': 'Saturday', 'opens': '7:30', 'closes': '10:29'}, {'@type': 'OpeningHoursSpecification', 'dayOfWeek': 'Saturday', 'opens': '10:30', 'closes': '22:30'}]","{'@type': 'PostalAddress', 'addressLocality': 'Gainesville', 'addressRegion': 'GA', 'postalCode': '30501', 'addressCountry': 'US', 'streetAddress': '403 Pearl Nix Parkway'}","{'@type': 'GeoCoordinates', 'latitude': 34.288108, 'longitude': -83.8407974}","{'@type': 'AggregateRating', 'ratingValue': 4.1, 'reviewCount': '17'}"
Golden Corral (1450 Browns Bridge Rd),https://www.ubereats.com/atlanta/food-delivery/golden-corral-1450-browns-bridge-rd/8hPkRxf2Q4CzI5lhwQEd5Q,gainesville-georgia,"['American', 'Comfort Food', 'Seafood', 'Traditional American', 'Family Meals']",,,$,34.2863464,-83.8417681,+16788620648,,,,,"[{'@type': 'OpeningHoursSpecification', 'dayOfWeek': 'Sunday', 'opens': '7:30', 'closes': '22:0'}, {'@type': 'OpeningHoursSpecification', 'dayOfWeek': ['Monday', 'Tuesday', 'Wednesday', 'Thursday'], 'opens': '10:45', 'closes': '22:0'}, {'@type': 'OpeningHoursSpecification', 'dayOfWeek': ['Friday', 'Saturday'], 'opens': '7:30', 'closes': '22:0'}]",,"{'@type': 'GeoCoordinates', 'latitude': 34.2863464, 'longitude': -83.8417681}",{}
37 Main Gainesville,https://www.ubereats.com/atlanta/food-delivery/37-main-gainesville/WLKhQBlGRQOE9R9Xycg0xA,gainesville-georgia,"['American', 'Burgers', 'Sandwiches']",4.5,36,$,34.2986522,-83.82769909999999,+16786968829,30501,212 Spring Street Southeast,Gainesville,GA,"[{'@type': 'OpeningHoursSpecification', 'dayOfWeek': ['Tuesday', 'Wednesday', 'Thursday'], 'opens': '16:0', 'closes': '22:0'}, {'@type': 'OpeningHoursSpecification', 'dayOfWeek': ['Friday', 'Saturday'], 'opens': '16:0', 'closes': '23:0'}]","{'@type': 'PostalAddress', 'addressLocality': 'Gainesville', 'addressRegion': 'GA', 'postalCode': '30501', 'addressCountry': 'US', 'streetAddress': '212 Spring Street Southeast'}","{'@type': 'GeoCoordinates', 'latitude': 34.2986522, 'longitude': -83.82769909999999}","{'@type': 'AggregateRating', 'ratingValue': 4.5, 'reviewCount': '36'}"
Haydee’s Cafe,https://www.ubereats.com/atlanta/food-delivery/haydees-cafe/Cg-L7oaXSv-WB9TA4WsmjQ,gainesville-georgia,"['Mexican', 'Latin American', 'New Mexican']",,,$,34.221984,-83.86135259999999,+19563713660,30507,3204 Atlanta Hwy,Gainesville,GA,"[{'@type': 'OpeningHoursSpecification', 'dayOfWeek': ['Monday', 'Tuesday', 'Wednesday', 'Thursday', 'Friday', 'Saturday'], 'opens': '7:0', 'closes': '15:0'}]","{'@type': 'PostalAddress', 'addressLocality': 'Gainesville', 'addressRegion': 'GA', 'postalCode': '30507', 'addressCountry': 'US', 'streetAddress': '3204 Atlanta Hwy'}","{'@type': 'GeoCoordinates', 'latitude': 34.221984, 'longitude': -83.86135259999999}",{}
Buffalo Wild Wings (1185 Dawsonville Hwy NW),https://www.ubereats.com/atlanta/food-delivery/buffalo-wild-wings-1185-dawsonville-hwy-nw/irVVIdyiQFCJmBrcNwYMvw,gainesville-georgia,"['wings', 'Chicken', 'Burgers']",4.0,49,$$,34.3026949,-83.86101149999999,+17707181020,30501,1185 Dawsonville Hwy NW,Gainesville,GA,"[{'@type': 'OpeningHoursSpecification', 'dayOfWeek': ['Monday', 'Tuesday', 'Wednesday', 'Thursday', 'Friday', 'Saturday', 'Sunday'], 'opens': '11:0', 'closes': '21:0'}]","{'@type': 'PostalAddress', 'addressLocality': 'Gainesville', 'addressRegion': 'GA', 'postalCode': '30501', 'addressCountry': 'US', 'streetAddress': '1185 Dawsonville Hwy NW'}","{'@type': 'GeoCoordinates', 'latitude': 34.3026949, 'longitude': -83.86101149999999}","{'@type': 'AggregateRating', 'ratingValue': 4, 'reviewCount': '49'}"
Wee Willy’s,https://www.ubereats.com/atlanta/food-delivery/wee-willys/MKeSdzhjRhC-xtOMPzOk6A,gainesville-georgia,"['Mexican', 'Sandwich']",,,$,34.302893,-83.81231249999999,+17707180455,30501,1190 Jesse Jewel Pkwy SE,Gainesville,GA,"[{'@type': 'OpeningHoursSpecification', 'dayOfWeek': ['Monday', 'Tuesday', 'Wednesday', 'Thursday', 'Friday'], 'opens': '6:0', 'closes': '10:0'}, {'@type': 'OpeningHoursSpecification', 'dayOfWeek': ['Monday', 'Tuesday', 'Wednesday', 'Thursday', 'Friday'], 'opens': '10:0', 'closes': '13:0'}]","{'@type': 'PostalAddress', 'addressLocality': 'Gainesville', 'addressRegion': 'GA', 'postalCode': '30501', 'addressCountry': 'US', 'streetAddress': '1190 Jesse Jewel Pkwy SE'}","{'@type': 'GeoCoordinates', 'latitude': 34.302893, 'longitude': -83.81231249999999}",{}
Wendy's  (416 Shallowford Road),https://www.ubereats.com/atlanta/food-delivery/wendys-416-shallowford-road/gDIs1wAsS4u10kPJhhhM0A,gainesville-georgia,"['American', 'Burgers', 'Fast Food']",,,$,34.29158369999999,-83.84674220000001,+17707180880,30504,416 Shallowford Road,Gainesville,GA,"[{'@type': 'OpeningHoursSpecification', 'dayOfWeek': ['Monday', 'Tuesday', 'Wednesday', 'Thursday', 'Friday', 'Saturday', 'Sunday'], 'opens': '10:30', 'closes': '23:30'}, {'@type': 'OpeningHoursSpecification', 'dayOfWeek': ['Monday', 'Tuesday', 'Wednesday', 'Thursday', 'Friday', 'Saturday', 'Sunday'], 'opens': '6:30', 'closes': '10:0'}]","{'@type': 'PostalAddress', 'addressLocality': 'Gainesville', 'addressRegion': 'GA', 'postalCode': '30504', 'addressCountry': 'US', 'streetAddress': '416 Shallowford Road'}","{'@type': 'GeoCoordinates', 'latitude': 34.29158369999999, 'longitude': -83.84674220000001}",{}
Dunkin' (1191 Thompson Bridge Rd),https://www.ubereats.com/atlanta/food-delivery/dunkin-1191-thompson-bridge-rd/10lR2sbfTMq48BX9xY8hwg,gainesville-georgia,"['Breakfast and Brunch', 'Donuts']",4.2,26,$,34.3172832,-83.8309158,+14708926035,30501,1191 Thompson Bridge Rd,Gainesville,GA,"[{'@type': 'OpeningHoursSpecification', 'dayOfWeek': ['Monday', 'Tuesday', 'Wednesday', 'Thursday', 'Friday', 'Saturday', 'Sunday'], 'opens': '5:0', 'closes': '21:0'}]","{'@type': 'PostalAddress', 'addressLocality': 'Gainesville', 'addressRegion': 'GA', 'postalCode': '30501', 'addressCountry': 'US', 'streetAddress': '1191 Thompson Bridge Rd'}","{'@type': 'GeoCoordinates', 'latitude': 34.3172832, 'longitude': -83.8309158}","{'@type': 'AggregateRating', 'ratingValue': 4.2, 'reviewCount': '26'}"
Pizza Hut (3715 Mundy Mill Rd Ste A),https://www.ubereats.com/atlanta/food-delivery/pizza-hut-3715-mundy-mill-rd-ste-a/rrCltx4GQeWPr6KaOWlCmw,gainesville-georgia,"['Fast Food', 'Italian', 'pizza', 'wings']",4.2,13,$,34.229658,-83.8696016,+17705363681,,,,,"[{'@type': 'OpeningHoursSpecification', 'dayOfWeek': ['Monday', 'Tuesday', 'Wednesday', 'Thursday', 'Friday', 'Saturday', 'Sunday'], 'opens': '11:0', 'closes': '22:0'}]",,"{'@type': 'GeoCoordinates', 'latitude': 34.229658, 'longitude': -83.8696016}","{'@type': 'AggregateRating', 'ratingValue': 4.2, 'reviewCount': '13'}"
KFC (1904 Browns Bridge Road),https://www.ubereats.com/atlanta/food-delivery/kfc-1904-browns-bridge-road/4bEAtu9BSbGIMuBnmb807Q,gainesville-georgia,"['American', 'Fast Food', 'wings']",,,$,34.2839651,-83.8494748,+17702977561,30501,1904 Browns Bridge Road,Gainesville,GA,"[{'@type': 'OpeningHoursSpecification', 'dayOfWeek': ['Sunday', 'Monday', 'Tuesday', 'Wednesday', 'Thursday'], 'opens': '10:0', 'closes': '21:30'}, {'@type': 'OpeningHoursSpecification', 'dayOfWeek': ['Friday', 'Saturday'], 'opens': '10:0', 'closes': '22:30'}]","{'@type': 'PostalAddress', 'addressLocality': 'Gainesville', 'addressRegion': 'GA', 'postalCode': '30501', 'addressCountry': 'US', 'streetAddress': '1904 Browns Bridge Road'}","{'@type': 'GeoCoordinates', 'latitude': 34.2839651, 'longitude': -83.8494748}",{}
Schlotzsky's (302-A Broad Street S.E.),https://www.ubereats.com/atlanta/food-delivery/schlotzskys-302-a-broad-street-se/zzaIe7j8RwiAoYp4ZRCdyw,gainesville-georgia,"['Salads', 'Sandwich', 'Deli', 'Desserts']",4.7,27,$,34.2992984,-83.8233758,+17705346400,30501,302-A Broad Street S.E.,Gainesville,GA,"[{'@type': 'OpeningHoursSpecification', 'dayOfWeek': 'Sunday', 'opens': '10:30', 'closes': '18:45'}, {'@type': 'OpeningHoursSpecification', 'dayOfWeek': ['Monday', 'Tuesday', 'Wednesday', 'Thursday', 'Friday'], 'opens': '10:0', 'closes': '18:45'}, {'@type': 'OpeningHoursSpecification', 'dayOfWeek': 'Saturday', 'opens': '10:30', 'closes': '18:45'}]","{'@type': 'PostalAddress', 'addressLocality': 'Gainesville', 'addressRegion': 'GA', 'postalCode': '30501', 'addressCountry': 'US', 'streetAddress': '302-A Broad Street S.E.'}","{'@type': 'GeoCoordinates', 'latitude': 34.2992984, 'longitude': -83.8233758}","{'@type': 'AggregateRating', 'ratingValue': 4.7, 'reviewCount': '27'}"
Mei Garden,https://www.ubereats.com/atlanta/food-delivery/mei-garden/Bef4YP4VSUWpgHFEczurvw,gainesville-georgia,"['Asian Fusion', 'Asian', 'Korean']",,,$,34.2333321,-83.8740282,+14702096914,30566,3885 Mundy Mill Rd 104,Oakwood,GA,"[{'@type': 'OpeningHoursSpecification', 'dayOfWeek': ['Monday', 'Tuesday', 'Wednesday', 'Thursday', 'Friday', 'Saturday'], 'opens': '11:30', 'closes': '21:0'}, {'@type': 'OpeningHoursSpecification', 'dayOfWeek': ['Monday', 'Tuesday', 'Wednesday', 'Thursday', 'Friday', 'Saturday'], 'opens': '11:30', 'closes': '15:0'}, {'@type': 'OpeningHoursSpecification', 'dayOfWeek': ['Monday', 'Tuesday', 'Wednesday', 'Thursday', 'Friday', 'Saturday'], 'opens': '15:0', 'closes': '21:0'}]","{'@type': 'PostalAddress', 'addressLocality': 'Oakwood', 'addressRegion': 'GA', 'postalCode': '30566', 'addressCountry': 'US', 'streetAddress': '3885 Mundy Mill Rd 104'}","{'@type': 'GeoCoordinates', 'latitude': 34.2333321, 'longitude': -83.8740282}",{}
Old Towne Pizza - Gainesville,https://www.ubereats.com/atlanta/food-delivery/old-towne-pizza-gainesville/sx9d5Hd0S6WvyyGfmQF9XQ,gainesville-georgia,"['Pizza', 'American', 'Italian']",4.4,42,$,34.3336579,-83.84218919999999,+16789715202,30501,2224 Thompson Bridge Rd,Gainesville,GA,"[{'@type': 'OpeningHoursSpecification', 'dayOfWeek': 'Sunday', 'opens': '12:0', 'closes': '19:30'}, {'@type': 'OpeningHoursSpecification', 'dayOfWeek': ['Monday', 'Tuesday', 'Wednesday', 'Thursday'], 'opens': '11:0', 'closes': '20:30'}, {'@type': 'OpeningHoursSpecification', 'dayOfWeek': ['Friday', 'Saturday'], 'opens': '11:0', 'closes': '21:30'}]","{'@type': 'PostalAddress', 'addressLocality': 'Gainesville', 'addressRegion': 'GA', 'postalCode': '30501', 'addressCountry': 'US', 'streetAddress': '2224 Thompson Bridge Rd'}","{'@type': 'GeoCoordinates', 'latitude': 34.3336579, 'longitude': -83.84218919999999}","{'@type': 'AggregateRating', 'ratingValue': 4.4, 'reviewCount': '42'}"
Outback Steakhouse (655 Dawsonville Highway),https://www.ubereats.com/atlanta/food-delivery/outback-steakhouse-655-dawsonville-highway/c5cNnTtVRqeOesQt7PUlSw,gainesville-georgia,"['Burgers', 'American', 'Sandwiches', 'Steak', 'Seafood', 'Salads', 'BBQ']",4.5,131,$,34.2954302,-83.85405329999999,+17702871060,30501,655 Dawsonville Highway,Gainesville,GA,"[{'@type': 'OpeningHoursSpecification', 'dayOfWeek': ['Sunday', 'Monday', 'Tuesday', 'Wednesday', 'Thursday'], 'opens': '11:0', 'closes': '20:30'}, {'@type': 'OpeningHoursSpecification', 'dayOfWeek': ['Friday', 'Saturday'], 'opens': '11:0', 'closes': '21:30'}]","{'@type': 'PostalAddress', 'addressLocality': 'Gainesville', 'addressRegion': 'GA', 'postalCode': '30501', 'addressCountry': 'US', 'streetAddress': '655 Dawsonville Highway'}","{'@type': 'GeoCoordinates', 'latitude': 34.2954302, 'longitude': -83.85405329999999}","{'@type': 'AggregateRating', 'ratingValue': 4.5, 'reviewCount': '131'}"
Wendy's  (3825 Mundy Mill Rd),https://www.ubereats.com/atlanta/food-delivery/wendys-3825-mundy-mill-rd/7A6haeMISCeioIe51ecgWg,gainesville-georgia,"['American', 'Burgers', 'Fast Food']",,,$,34.23214709999999,-83.87138519999999,+17705039661,30566,3825 Mundy Mill Rd,Oakwood,GA,"[{'@type': 'OpeningHoursSpecification', 'dayOfWeek': ['Monday', 'Tuesday', 'Wednesday', 'Thursday', 'Friday', 'Saturday', 'Sunday'], 'opens': '10:30', 'closes': '23:30'}, {'@type': 'OpeningHoursSpecification', 'dayOfWeek': ['Monday', 'Tuesday', 'Wednesday', 'Thursday', 'Friday', 'Saturday', 'Sunday'], 'opens': '6:30', 'closes': '10:0'}]","{'@type': 'PostalAddress', 'addressLocality': 'Oakwood', 'addressRegion': 'GA', 'postalCode': '30566', 'addressCountry': 'US', 'streetAddress': '3825 Mundy Mill Rd'}","{'@type': 'GeoCoordinates', 'latitude': 34.23214709999999, 'longitude': -83.87138519999999}",{}
Arby's (1934 JESSE JEWELL PKWY),https://www.ubereats.com/atlanta/food-delivery/arbys-1934-jesse-jewell-pkwy/Yze69l1ORq2ws5Dbd6FlAQ,gainesville-georgia,"['American', 'Sandwich', 'Fast Food', 'Kids Friendly']",4.6,26,$,34.3135013,-83.7956847,+17705326463,30507,1934 JESSE JEWELL PKWY,GAINESVILLE,GA,"[{'@type': 'OpeningHoursSpecification', 'dayOfWeek': ['Monday', 'Tuesday', 'Wednesday', 'Thursday', 'Friday', 'Saturday', 'Sunday'], 'opens': '10:0', 'closes': '0:0'}]","{'@type': 'PostalAddress', 'addressLocality': 'GAINESVILLE', 'addressRegion': 'GA', 'postalCode': '30507', 'addressCountry': 'US', 'streetAddress': '1934 JESSE JEWELL PKWY'}","{'@type': 'GeoCoordinates', 'latitude': 34.3135013, 'longitude': -83.7956847}","{'@type': 'AggregateRating', 'ratingValue': 4.6, 'reviewCount': '26'}"
Del Taco (1198 Dawsonville Hwy Nw),https://www.ubereats.com/atlanta/food-delivery/del-taco-1198-dawsonville-hwy-nw/vQVTGtU3TR6Pq8tjxL8fJQ,gainesville-georgia,"['Fast Food', 'Mexican', 'Tacos']",,,$,34.3038467,-83.85898209999999,+16789714384,30501,1198 Dawsonville Hwy Nw,Gainesville,GA,"[{'@type': 'OpeningHoursSpecification', 'dayOfWeek': ['Sunday', 'Monday', 'Tuesday', 'Wednesday'], 'opens': '10:0', 'closes': '21:0'}, {'@type': 'OpeningHoursSpecification', 'dayOfWeek': ['Thursday', 'Friday', 'Saturday'], 'opens': '10:0', 'closes': '22:0'}]","{'@type': 'PostalAddress', 'addressLocality': 'Gainesville', 'addressRegion': 'GA', 'postalCode': '30501', 'addressCountry': 'US', 'streetAddress': '1198 Dawsonville Hwy Nw'}","{'@type': 'GeoCoordinates', 'latitude': 34.3038467, 'longitude': -83.85898209999999}",{}
37 Main Gainesville,https://www.ubereats.com/atlanta/food-delivery/37-main-gainesville/vc9rdkK3Qk-GE69MQt9Lzw,gainesville-georgia,"['Burgers', 'American', 'Sandwiches']",,,$,34.2987873,-83.8275316,+16784496511,30501,212 Spring Street Southwest,Gainesville,GA,"[{'@type': 'OpeningHoursSpecification', 'dayOfWeek': ['Thursday', 'Friday', 'Saturday'], 'opens': '16:0', 'closes': '21:30'}]","{'@type': 'PostalAddress', 'addressLocality': 'Gainesville', 'addressRegion': 'GA', 'postalCode': '30501', 'addressCountry': 'US', 'streetAddress': '212 Spring Street Southwest'}","{'@type': 'GeoCoordinates', 'latitude': 34.2987873, 'longitude': -83.8275316}",{}
Wendy's  (587 South Enota Drive),https://www.ubereats.com/atlanta/food-delivery/wendys-587-south-enota-drive/65Bb9HW_TremrsEVFHnNfg,gainesville-georgia,"['American', 'Burgers', 'Fast Food']",,,$,34.3103202,-83.8153755,+17705311800,30501,587 South Enota Drive,Gainesville,GA,"[{'@type': 'OpeningHoursSpecification', 'dayOfWeek': ['Monday', 'Tuesday', 'Wednesday', 'Thursday', 'Friday', 'Saturday', 'Sunday'], 'opens': '10:30', 'closes': '23:30'}, {'@type': 'OpeningHoursSpecification', 'dayOfWeek': ['Monday', 'Tuesday', 'Wednesday', 'Thursday', 'Friday', 'Saturday', 'Sunday'], 'opens': '6:30', 'closes': '10:0'}]","{'@type': 'PostalAddress', 'addressLocality': 'Gainesville', 'addressRegion': 'GA', 'postalCode': '30501', 'addressCountry': 'US', 'streetAddress': '587 South Enota Drive'}","{'@type': 'GeoCoordinates', 'latitude': 34.3103202, 'longitude': -83.8153755}",{}
McDonald's® (707 JESSE JEWELL PARKWAY),https://www.ubereats.com/atlanta/food-delivery/mcdonalds-707-jesse-jewell-parkway/c8PLybLSR92e6ArlSz4ceA,gainesville-georgia,"['American', 'Burgers', 'Fast Food', 'Fast Food']",4.5,97,$,34.292572,-83.829859,+17705362382,30501,707 JESSE JEWELL PARKWAY,GAINESVILLE,GA,"[{'@type': 'OpeningHoursSpecification', 'dayOfWeek': 'Sunday', 'opens': '4:0', 'closes': '11:0'}, {'@type': 'OpeningHoursSpecification', 'dayOfWeek': 'Sunday', 'opens': '11:1', 'closes': '16:59'}, {'@type': 'OpeningHoursSpecification', 'dayOfWeek': 'Sunday', 'opens': '17:0', 'closes': '3:59'}, {'@type': 'OpeningHoursSpecification', 'dayOfWeek': ['Monday', 'Tuesday', 'Wednesday', 'Thursday', 'Friday'], 'opens': '4:0', 'closes': '10:30'}, {'@type': 'OpeningHoursSpecification', 'dayOfWeek': ['Monday', 'Tuesday', 'Wednesday', 'Thursday', 'Friday'], 'opens': '10:31', 'closes': '16:59'}, {'@type': 'OpeningHoursSpecification', 'dayOfWeek': ['Monday', 'Tuesday', 'Wednesday', 'Thursday', 'Friday'], 'opens': '17:0', 'closes': '3:59'}, {'@type': 'OpeningHoursSpecification', 'dayOfWeek': 'Saturday', 'opens': '4:0', 'closes': '11:0'}, {'@type': 'OpeningHoursSpecification', 'dayOfWeek': 'Saturday', 'opens': '11:1', 'closes': '16:59'}, {'@type': 'OpeningHoursSpecification', 'dayOfWeek': 'Saturday', 'opens': '17:0', 'closes': '3:59'}]","{'@type': 'PostalAddress', 'addressLocality': 'GAINESVILLE', 'addressRegion': 'GA', 'postalCode': '30501', 'addressCountry': 'US', 'streetAddress': '707 JESSE JEWELL PARKWAY'}","{'@type': 'GeoCoordinates', 'latitude': 34.292572, 'longitude': -83.829859}","{'@type': 'AggregateRating', 'ratingValue': 4.5, 'reviewCount': '97'}"
Burger King (806 Athens Street),https://www.ubereats.com/atlanta/food-delivery/burger-king-806-athens-street/QeeyoCV-TwKQsb0eHF1nog,gainesville-georgia,"['American', 'burger', 'Fast Food']",4.5,11,$,34.2940215,-83.81529259999999,+17702091837,30501,806 Athens Street,Gainesville,GA,"[{'@type': 'OpeningHoursSpecification', 'dayOfWeek': 'Sunday', 'opens': '7:30', 'closes': '10:29'}, {'@type': 'OpeningHoursSpecification', 'dayOfWeek': 'Sunday', 'opens': '10:30', 'closes': '22:30'}, {'@type': 'OpeningHoursSpecification', 'dayOfWeek': ['Monday', 'Tuesday', 'Wednesday', 'Thursday', 'Friday'], 'opens': '6:30', 'closes': '10:29'}, {'@type': 'OpeningHoursSpecification', 'dayOfWeek': ['Monday', 'Tuesday', 'Wednesday', 'Thursday', 'Friday'], 'opens': '10:30', 'closes': '22:30'}, {'@type': 'OpeningHoursSpecification', 'dayOfWeek': 'Saturday', 'opens': '7:30', 'closes': '10:29'}, {'@type': 'OpeningHoursSpecification', 'dayOfWeek': 'Saturday', 'opens': '10:30', 'closes': '22:30'}]","{'@type': 'PostalAddress', 'addressLocality': 'Gainesville', 'addressRegion': 'GA', 'postalCode': '30501', 'addressCountry': 'US', 'streetAddress': '806 Athens Street'}","{'@type': 'GeoCoordinates', 'latitude': 34.2940215, 'longitude': -83.81529259999999}","{'@type': 'AggregateRating', 'ratingValue': 4.5, 'reviewCount': '11'}"
Huddle House (1920 Jesse Jewell Pkwy),https://www.ubereats.com/atlanta/food-delivery/huddle-house-1920-jesse-jewell-pkwy/z3wGO8LMQDu87NoKJ4WW0g,gainesville-georgia,"['Burgers', 'American', 'Sandwiches', 'Breakfast and Brunch']",4.1,13,$,34.3105562,-83.7976223,+14702525870,30501,1920 Jesse Jewell Pkwy,Gainesville,GA,"[{'@type': 'OpeningHoursSpecification', 'dayOfWeek': ['Monday', 'Tuesday', 'Wednesday', 'Thursday', 'Friday', 'Saturday', 'Sunday'], 'opens': '6:0', 'closes': '18:0'}]","{'@type': 'PostalAddress', 'addressLocality': 'Gainesville', 'addressRegion': 'GA', 'postalCode': '30501', 'addressCountry': 'US', 'streetAddress': '1920 Jesse Jewell Pkwy'}","{'@type': 'GeoCoordinates', 'latitude': 34.3105562, 'longitude': -83.7976223}","{'@type': 'AggregateRating', 'ratingValue': 4.1, 'reviewCount': '13'}"
Popeyes (821 Jesse Jewell Pkwy),https://www.ubereats.com/atlanta/food-delivery/popeyes-821-jesse-jewell-pkwy/itH3Dg4fSZm7My2P38vCJQ,gainesville-georgia,"['American', 'Fast Food', 'Comfort Food', 'Family Meals']",4.4,28,$,34.29109529999999,-83.8309987,+17705341778,30501,821 Jesse Jewell Pkwy,Gainesville,GA,"[{'@type': 'OpeningHoursSpecification', 'dayOfWeek': ['Sunday', 'Monday', 'Tuesday', 'Wednesday', 'Thursday'], 'opens': '10:30', 'closes': '21:30'}, {'@type': 'OpeningHoursSpecification', 'dayOfWeek': ['Friday', 'Saturday'], 'opens': '10:30', 'closes': '22:30'}]","{'@type': 'PostalAddress', 'addressLocality': 'Gainesville', 'addressRegion': 'GA', 'postalCode': '30501', 'addressCountry': 'US', 'streetAddress': '821 Jesse Jewell Pkwy'}","{'@type': 'GeoCoordinates', 'latitude': 34.29109529999999, 'longitude': -83.8309987}","{'@type': 'AggregateRating', 'ratingValue': 4.4, 'reviewCount': '28'}"
Chick-fil-A  (805 Dawsonville Hwy),https://www.ubereats.com/atlanta/food-delivery/chick-fil-a-805-dawsonville-hwy/JnFRxgkiQ1WGo1Cs96O5eg,gainesville-georgia,"['American', 'Fried Chicken']",4.7,76,$,34.2968369,-83.85581359999999,+17702971722,30501,805 Dawsonville Hwy,Gainesville,GA,"[{'@type': 'OpeningHoursSpecification', 'dayOfWeek': ['Monday', 'Tuesday', 'Wednesday', 'Thursday', 'Friday', 'Saturday'], 'opens': '6:0', 'closes': '10:0'}, {'@type': 'OpeningHoursSpecification', 'dayOfWeek': ['Monday', 'Tuesday', 'Wednesday', 'Thursday', 'Friday', 'Saturday'], 'opens': '10:0', 'closes': '21:30'}]","{'@type': 'PostalAddress', 'addressLocality': 'Gainesville', 'addressRegion': 'GA', 'postalCode': '30501', 'addressCountry': 'US', 'streetAddress': '805 Dawsonville Hwy'}","{'@type': 'GeoCoordinates', 'latitude': 34.2968369, 'longitude': -83.85581359999999}","{'@type': 'AggregateRating', 'ratingValue': 4.7, 'reviewCount': '76'}"
WNB Factory Wings & Burger - Gainesville 2,https://www.ubereats.com/atlanta/food-delivery/wnb-factory-wings-%26-burger-gainesville-2/N84UATJiRLGi8aS46xbUyw,gainesville-georgia,"['Wings', 'Burgers', 'Sandwich', 'Family Meals']",4.0,24,$,34.2965866,-83.8529764,+17705368141,30501,658-A Dawsonville Hwy.,Gainesville,GA,"[{'@type': 'OpeningHoursSpecification', 'dayOfWeek': 'Sunday', 'opens': '12:0', 'closes': '18:0'}, {'@type': 'OpeningHoursSpecification', 'dayOfWeek': ['Monday', 'Tuesday', 'Wednesday', 'Thursday', 'Friday', 'Saturday'], 'opens': '11:0', 'closes': '19:30'}]","{'@type': 'PostalAddress', 'addressLocality': 'Gainesville', 'addressRegion': 'GA', 'postalCode': '30501', 'addressCountry': 'US', 'streetAddress': '658-A Dawsonville Hwy.'}","{'@type': 'GeoCoordinates', 'latitude': 34.2965866, 'longitude': -83.8529764}","{'@type': 'AggregateRating', 'ratingValue': 4, 'reviewCount': '24'}"
Red Lobster (1707 Browns Bridge Road),https://www.ubereats.com/atlanta/food-delivery/red-lobster-1707-browns-bridge-road/z9kld0KaR2GJ28ZWYWcxzA,gainesville-georgia,"['Seafood', 'American']",4.3,34,$$,34.28447999999999,-83.844709,+17705365222,30501,1707 Browns Bridge Road,Gainesville,GA,"[{'@type': 'OpeningHoursSpecification', 'dayOfWeek': ['Sunday', 'Monday', 'Tuesday', 'Wednesday', 'Thursday'], 'opens': '11:30', 'closes': '20:0'}, {'@type': 'OpeningHoursSpecification', 'dayOfWeek': ['Friday', 'Saturday'], 'opens': '11:30', 'closes': '21:0'}]","{'@type': 'PostalAddress', 'addressLocality': 'Gainesville', 'addressRegion': 'GA', 'postalCode': '30501', 'addressCountry': 'US', 'streetAddress': '1707 Browns Bridge Road'}","{'@type': 'GeoCoordinates', 'latitude': 34.28447999999999, 'longitude': -83.844709}","{'@type': 'AggregateRating', 'ratingValue': 4.3, 'reviewCount': '34'}"
Oriental Express II,https://www.ubereats.com/atlanta/food-delivery/oriental-express-ii/UGpgG6i7SxuiBQa1mSp66Q,gainesville-georgia,"['Chinese', 'Asian', 'Asian Fusion']",,,$,34.3273435,-83.81446369999999,+16788340890,30501,1703 Cleveland Hwy,Gainesville,GA,"[{'@type': 'OpeningHoursSpecification', 'dayOfWeek': 'Sunday', 'opens': '11:0', 'closes': '21:0'}, {'@type': 'OpeningHoursSpecification', 'dayOfWeek': 'Sunday', 'opens': '11:0', 'closes': '15:0'}, {'@type': 'OpeningHoursSpecification', 'dayOfWeek': 'Sunday', 'opens': '11:0', 'closes': '22:30'}, {'@type': 'OpeningHoursSpecification', 'dayOfWeek': 'Monday', 'opens': '11:0', 'closes': '21:0'}, {'@type': 'OpeningHoursSpecification', 'dayOfWeek': 'Monday', 'opens': '11:0', 'closes': '15:0'}, {'@type': 'OpeningHoursSpecification', 'dayOfWeek': 'Monday', 'opens': '11:0', 'closes': '21:45'}, {'@type': 'OpeningHoursSpecification', 'dayOfWeek': 'Tuesday', 'opens': '11:0', 'closes': '15:0'}, {'@type': 'OpeningHoursSpecification', 'dayOfWeek': ['Wednesday', 'Thursday', 'Friday', 'Saturday'], 'opens': '11:0', 'closes': '21:0'}, {'@type': 'OpeningHoursSpecification', 'dayOfWeek': ['Wednesday', 'Thursday', 'Friday', 'Saturday'], 'opens': '11:0', 'closes': '15:0'}, {'@type': 'OpeningHoursSpecification', 'dayOfWeek': ['Wednesday', 'Thursday', 'Friday', 'Saturday'], 'opens': '11:0', 'closes': '21:45'}]","{'@type': 'PostalAddress', 'addressLocality': 'Gainesville', 'addressRegion': 'GA', 'postalCode': '30501', 'addressCountry': 'US', 'streetAddress': '1703 Cleveland Hwy'}","{'@type': 'GeoCoordinates', 'latitude': 34.3273435, 'longitude': -83.81446369999999}",{}
Subway (1470 Browns Bridge Rd),https://www.ubereats.com/atlanta/food-delivery/subway-1470-browns-bridge-rd/l8tgrCnPRzCD_knKupbpuw,gainesville-georgia,"['Fast Food', 'Sandwich', 'American']",4.1,21,$,34.2862319,-83.8430925,+17705361056,30501,1470 Browns Bridge Rd,Gainesville,GA,"[{'@type': 'OpeningHoursSpecification', 'dayOfWeek': 'Sunday', 'opens': '10:0', 'closes': '20:30'}, {'@type': 'OpeningHoursSpecification', 'dayOfWeek': ['Monday', 'Tuesday', 'Wednesday', 'Thursday', 'Friday', 'Saturday'], 'opens': '10:0', 'closes': '21:30'}]","{'@type': 'PostalAddress', 'addressLocality': 'Gainesville', 'addressRegion': 'GA', 'postalCode': '30501', 'addressCountry': 'US', 'streetAddress': '1470 Browns Bridge Rd'}","{'@type': 'GeoCoordinates', 'latitude': 34.2862319, 'longitude': -83.8430925}","{'@type': 'AggregateRating', 'ratingValue': 4.1, 'reviewCount': '21'}"
Oriental Garden 2,https://www.ubereats.com/atlanta/food-delivery/oriental-garden-2/w10I0V1KTB238EKkQdZoPg,gainesville-georgia,"['Chicken', 'Chinese', 'Asian', 'Rice-bowls']",4.4,37,$$,34.2974284,-83.8576982,+17705344388,30501,891 Dawsonville Hwy Suite 20,Gainsville,GA,"[{'@type': 'OpeningHoursSpecification', 'dayOfWeek': ['Sunday', 'Monday', 'Tuesday'], 'opens': '11:0', 'closes': '20:30'}, {'@type': 'OpeningHoursSpecification', 'dayOfWeek': ['Sunday', 'Monday', 'Tuesday'], 'opens': '11:0', 'closes': '15:0'}, {'@type': 'OpeningHoursSpecification', 'dayOfWeek': 'Wednesday', 'opens': '11:0', 'closes': '20:30'}, {'@type': 'OpeningHoursSpecification', 'dayOfWeek': 'Thursday', 'opens': '11:0', 'closes': '20:30'}, {'@type': 'OpeningHoursSpecification', 'dayOfWeek': 'Thursday', 'opens': '11:0', 'closes': '15:0'}, {'@type': 'OpeningHoursSpecification', 'dayOfWeek': ['Friday', 'Saturday'], 'opens': '11:0', 'closes': '21:45'}, {'@type': 'OpeningHoursSpecification', 'dayOfWeek': ['Friday', 'Saturday'], 'opens': '11:0', 'closes': '15:0'}]","{'@type': 'PostalAddress', 'addressLocality': 'Gainsville', 'addressRegion': 'GA', 'postalCode': '30501', 'addressCountry': 'US', 'streetAddress': '891 Dawsonville Hwy Suite 20'}","{'@type': 'GeoCoordinates', 'latitude': 34.2974284, 'longitude': -83.8576982}","{'@type': 'AggregateRating', 'ratingValue': 4.4, 'reviewCount': '37'}"
Chick-fil-A  (1917 NE Jesse Jewell Parkway),https://www.ubereats.com/atlanta/food-delivery/chick-fil-a-1917-ne-jesse-jewell-parkway/3EvesMypTty8_eHJwpRPjQ,gainesville-georgia,"['American', 'Fried Chicken']",4.7,58,$,34.3134511,-83.79592509999999,+17702977936,30501,1917 NE Jesse Jewell Parkway,Gainesville,GA,"[{'@type': 'OpeningHoursSpecification', 'dayOfWeek': ['Monday', 'Tuesday', 'Wednesday', 'Thursday', 'Friday', 'Saturday'], 'opens': '6:0', 'closes': '10:0'}, {'@type': 'OpeningHoursSpecification', 'dayOfWeek': ['Monday', 'Tuesday', 'Wednesday', 'Thursday', 'Friday', 'Saturday'], 'opens': '10:0', 'closes': '21:30'}]","{'@type': 'PostalAddress', 'addressLocality': 'Gainesville', 'addressRegion': 'GA', 'postalCode': '30501', 'addressCountry': 'US', 'streetAddress': '1917 NE Jesse Jewell Parkway'}","{'@type': 'GeoCoordinates', 'latitude': 34.3134511, 'longitude': -83.79592509999999}","{'@type': 'AggregateRating', 'ratingValue': 4.7, 'reviewCount': '58'}"
El Maguey Mexican Restaurant,https://www.ubereats.com/atlanta/food-delivery/el-maguey-mexican-restaurant/1FetoHW8Qqa4t5F6qdWo2w,gainesville-georgia,['Mexican'],4.6,59,$,34.328886215292535,-83.80578716597299,+17705311059,30501,2458 Limestone Pkwy,Gainesville,Georgia,"[{'@type': 'OpeningHoursSpecification', 'dayOfWeek': 'Sunday', 'opens': '0:0', 'closes': '21:0'}, {'@type': 'OpeningHoursSpecification', 'dayOfWeek': 'Sunday', 'opens': '11:0', 'closes': '21:0'}, {'@type': 'OpeningHoursSpecification', 'dayOfWeek': 'Sunday', 'opens': '11:0', 'closes': '22:0'}, {'@type': 'OpeningHoursSpecification', 'dayOfWeek': ['Monday', 'Tuesday', 'Wednesday', 'Thursday'], 'opens': '0:0', 'closes': '21:0'}, {'@type': 'OpeningHoursSpecification', 'dayOfWeek': ['Monday', 'Tuesday', 'Wednesday', 'Thursday'], 'opens': '11:0', 'closes': '21:0'}, {'@type': 'OpeningHoursSpecification', 'dayOfWeek': 'Friday', 'opens': '0:0', 'closes': '21:0'}, {'@type': 'OpeningHoursSpecification', 'dayOfWeek': 'Friday', 'opens': '11:0', 'closes': '21:0'}, {'@type': 'OpeningHoursSpecification', 'dayOfWeek': 'Friday', 'opens': '11:0', 'closes': '22:30'}, {'@type': 'OpeningHoursSpecification', 'dayOfWeek': 'Saturday', 'opens': '0:0', 'closes': '21:0'}, {'@type': 'OpeningHoursSpecification', 'dayOfWeek': 'Saturday', 'opens': '11:0', 'closes': '21:0'}]","{'@type': 'PostalAddress', 'addressLocality': 'Gainesville', 'addressRegion': 'Georgia', 'postalCode': '30501', 'addressCountry': 'US', 'streetAddress': '2458 Limestone Pkwy'}","{'@type': 'GeoCoordinates', 'latitude': 34.328886215292535, 'longitude': -83.80578716597299}","{'@type': 'AggregateRating', 'ratingValue': 4.6, 'reviewCount': '59'}"
Dunkin' (504 Queen City Pkwy),https://www.ubereats.com/atlanta/food-delivery/dunkin-504-queen-city-pkwy/VNO3_D4UQzmlwMIZ7xdD4w,gainesville-georgia,"['Breakfast and Brunch', 'Donuts']",4.5,24,$,34.29358490000001,-83.82936200000002,+16789715020,30501,504 Queen City Pkwy,Gainesville,GA,"[{'@type': 'OpeningHoursSpecification', 'dayOfWeek': ['Monday', 'Tuesday', 'Wednesday', 'Thursday', 'Friday', 'Saturday', 'Sunday'], 'opens': '6:0', 'closes': '20:45'}]","{'@type': 'PostalAddress', 'addressLocality': 'Gainesville', 'addressRegion': 'GA', 'postalCode': '30501', 'addressCountry': 'US', 'streetAddress': '504 Queen City Pkwy'}","{'@type': 'GeoCoordinates', 'latitude': 34.29358490000001, 'longitude': -83.82936200000002}","{'@type': 'AggregateRating', 'ratingValue': 4.5, 'reviewCount': '24'}"
McDonald's® (965 DAWSONVILLE HWY),https://www.ubereats.com/atlanta/food-delivery/mcdonalds-965-dawsonville-hwy/p7hyOjLwQlKTWzkgj9MKRA,gainesville-georgia,"['American', 'Burgers', 'Fast Food']",4.2,21,$,34.298875,-83.857677,+17702871955,30501,965 DAWSONVILLE HWY,GAINESVILLE,GA,"[{'@type': 'OpeningHoursSpecification', 'dayOfWeek': 'Sunday', 'opens': '4:0', 'closes': '10:59'}, {'@type': 'OpeningHoursSpecification', 'dayOfWeek': 'Sunday', 'opens': '11:0', 'closes': '16:59'}, {'@type': 'OpeningHoursSpecification', 'dayOfWeek': 'Sunday', 'opens': '17:0', 'closes': '3:59'}, {'@type': 'OpeningHoursSpecification', 'dayOfWeek': ['Monday', 'Tuesday', 'Wednesday', 'Thursday', 'Friday'], 'opens': '4:0', 'closes': '10:30'}, {'@type': 'OpeningHoursSpecification', 'dayOfWeek': ['Monday', 'Tuesday', 'Wednesday', 'Thursday', 'Friday'], 'opens': '10:31', 'closes': '16:59'}, {'@type': 'OpeningHoursSpecification', 'dayOfWeek': ['Monday', 'Tuesday', 'Wednesday', 'Thursday', 'Friday'], 'opens': '17:0', 'closes': '3:59'}, {'@type': 'OpeningHoursSpecification', 'dayOfWeek': 'Saturday', 'opens': '4:0', 'closes': '10:59'}, {'@type': 'OpeningHoursSpecification', 'dayOfWeek': 'Saturday', 'opens': '10:31', 'closes': '16:59'}, {'@type': 'OpeningHoursSpecification', 'dayOfWeek': 'Saturday', 'opens': '17:0', 'closes': '3:59'}]","{'@type': 'PostalAddress', 'addressLocality': 'GAINESVILLE', 'addressRegion': 'GA', 'postalCode': '30501', 'addressCountry': 'US', 'streetAddress': '965 DAWSONVILLE HWY'}","{'@type': 'GeoCoordinates', 'latitude': 34.298875, 'longitude': -83.857677}","{'@type': 'AggregateRating', 'ratingValue': 4.2, 'reviewCount': '21'}"
Kenzo Sushi,https://www.ubereats.com/atlanta/food-delivery/kenzo-sushi/pUOHoAkeSUqg6ohXO_L4Vg,gainesville-georgia,"['Japanese', 'Sushi']",4.6,82,$$,34.14522669999999,-83.9571855,+16782889050,30518,4977 Lanier Islands Pkwy Ste 108,Buford,GA,"[{'@type': 'OpeningHoursSpecification', 'dayOfWeek': 'Monday', 'opens': '16:30', 'closes': '21:0'}, {'@type': 'OpeningHoursSpecification', 'dayOfWeek': 'Monday', 'opens': '12:0', 'closes': '14:0'}, {'@type': 'OpeningHoursSpecification', 'dayOfWeek': ['Tuesday', 'Wednesday', 'Thursday', 'Friday'], 'opens': '16:30', 'closes': '21:0'}, {'@type': 'OpeningHoursSpecification', 'dayOfWeek': ['Tuesday', 'Wednesday', 'Thursday', 'Friday'], 'opens': '11:30', 'closes': '14:15'}, {'@type': 'OpeningHoursSpecification', 'dayOfWeek': ['Tuesday', 'Wednesday', 'Thursday', 'Friday'], 'opens': '12:0', 'closes': '14:0'}, {'@type': 'OpeningHoursSpecification', 'dayOfWeek': 'Saturday', 'opens': '12:15', 'closes': '21:0'}, {'@type': 'OpeningHoursSpecification', 'dayOfWeek': 'Saturday', 'opens': '12:0', 'closes': '14:0'}]","{'@type': 'PostalAddress', 'addressLocality': 'Buford', 'addressRegion': 'GA', 'postalCode': '30518', 'addressCountry': 'US', 'streetAddress': '4977 Lanier Islands Pkwy Ste 108'}","{'@type': 'GeoCoordinates', 'latitude': 34.14522669999999, 'longitude': -83.9571855}","{'@type': 'AggregateRating', 'ratingValue': 4.6, 'reviewCount': '82'}"
Burger King (3703 Mundy Mill Rd),https://www.ubereats.com/atlanta/food-delivery/burger-king-3703-mundy-mill-rd/basrKXMpRSScfi5RbamoBg,gainesville-georgia,"['American', 'burger', 'Fast Food']",,,$,34.2288218,-83.86890059999999,+17702091841,30566,3703 Mundy Mill Rd,Oakwood,GA,"[{'@type': 'OpeningHoursSpecification', 'dayOfWeek': 'Sunday', 'opens': '7:30', 'closes': '10:29'}, {'@type': 'OpeningHoursSpecification', 'dayOfWeek': 'Sunday', 'opens': '10:30', 'closes': '22:30'}, {'@type': 'OpeningHoursSpecification', 'dayOfWeek': ['Monday', 'Tuesday', 'Wednesday', 'Thursday', 'Friday'], 'opens': '6:30', 'closes': '10:29'}, {'@type': 'OpeningHoursSpecification', 'dayOfWeek': ['Monday', 'Tuesday', 'Wednesday', 'Thursday', 'Friday'], 'opens': '10:30', 'closes': '22:30'}, {'@type': 'OpeningHoursSpecification', 'dayOfWeek': 'Saturday', 'opens': '7:30', 'closes': '10:29'}, {'@type': 'OpeningHoursSpecification', 'dayOfWeek': 'Saturday', 'opens': '10:30', 'closes': '22:30'}]","{'@type': 'PostalAddress', 'addressLocality': 'Oakwood', 'addressRegion': 'GA', 'postalCode': '30566', 'addressCountry': 'US', 'streetAddress': '3703 Mundy Mill Rd'}","{'@type': 'GeoCoordinates', 'latitude': 34.2288218, 'longitude': -83.86890059999999}",{}
IHOP (430 Jesse Jewell Pkwy SW),https://www.ubereats.com/atlanta/food-delivery/ihop-430-jesse-jewell-pkwy-sw/-8NNJtJqQRmSuvBPyx8wdQ,gainesville-georgia,"['American', 'Breakfast and Brunch', 'burger', 'Comfort Food', 'Dinner', 'Omelette', 'salad', 'Traditional American', 'Family Meals']",4.7,120,$,34.2965651,-83.82888539999999,+17705399120,30501,430 Jesse Jewell Pkwy SW,Gainesville,GA,"[{'@type': 'OpeningHoursSpecification', 'dayOfWeek': ['Monday', 'Tuesday', 'Wednesday', 'Thursday', 'Friday', 'Saturday', 'Sunday'], 'opens': '7:0', 'closes': '21:50'}]","{'@type': 'PostalAddress', 'addressLocality': 'Gainesville', 'addressRegion': 'GA', 'postalCode': '30501', 'addressCountry': 'US', 'streetAddress': '430 Jesse Jewell Pkwy SW'}","{'@type': 'GeoCoordinates', 'latitude': 34.2965651, 'longitude': -83.82888539999999}","{'@type': 'AggregateRating', 'ratingValue': 4.7, 'reviewCount': '120'}"
Happy China,https://www.ubereats.com/atlanta/food-delivery/happy-china/WRaGcXlHSw2QQV0Thkdh5Q,gainesville-georgia,"['Chinese', 'Asian', 'Asian Fusion']",4.4,35,$,34.3289636,-83.8059043,+17702871882,,,,,"[{'@type': 'OpeningHoursSpecification', 'dayOfWeek': 'Sunday', 'opens': '16:30', 'closes': '21:0'}, {'@type': 'OpeningHoursSpecification', 'dayOfWeek': ['Monday', 'Tuesday', 'Wednesday', 'Thursday', 'Friday', 'Saturday'], 'opens': '11:30', 'closes': '21:30'}, {'@type': 'OpeningHoursSpecification', 'dayOfWeek': ['Monday', 'Tuesday', 'Wednesday', 'Thursday', 'Friday', 'Saturday'], 'opens': '11:30', 'closes': '15:0'}]",,"{'@type': 'GeoCoordinates', 'latitude': 34.3289636, 'longitude': -83.8059043}","{'@type': 'AggregateRating', 'ratingValue': 4.4, 'reviewCount': '35'}"
Starbucks (Dawsonville Hwy - Gainesville),https://www.ubereats.com/atlanta/food-delivery/starbucks-dawsonville-hwy-gainesville/PDRG5VxrR7KWrbrNyhGU-Q,gainesville-georgia,"['Bakery', 'Breakfast and Brunch', 'Cafe', 'Coffee & Tea']",4.8,118,$,34.2971932,-83.85645559999999,+17702878824,30501,821 DAWSONVILLE HWY,Gainesville,GA,"[{'@type': 'OpeningHoursSpecification', 'dayOfWeek': ['Monday', 'Tuesday', 'Wednesday', 'Thursday', 'Friday', 'Saturday', 'Sunday'], 'opens': '6:30', 'closes': '18:0'}]","{'@type': 'PostalAddress', 'addressLocality': 'Gainesville', 'addressRegion': 'GA', 'postalCode': '30501', 'addressCountry': 'US', 'streetAddress': '821 DAWSONVILLE HWY'}","{'@type': 'GeoCoordinates', 'latitude': 34.2971932, 'longitude': -83.85645559999999}","{'@type': 'AggregateRating', 'ratingValue': 4.8, 'reviewCount': '118'}"
Dairy Queen Grill & Chill (3156 Frontage Rd),https://www.ubereats.com/atlanta/food-delivery/dairy-queen-grill-%26-chill-3156-frontage-rd/2K2-MVQ3T_qo0g8ZeCkSWw,gainesville-georgia,"['American', 'Ice Cream & Frozen Yogurt', 'Chicken']",,,$,34.2289899,-83.8653393,+17705031141,30504,3156 Frontage Rd,Gainesville,GA,"[{'@type': 'OpeningHoursSpecification', 'dayOfWeek': ['Monday', 'Tuesday', 'Wednesday', 'Thursday', 'Friday', 'Saturday', 'Sunday'], 'opens': '10:0', 'closes': '22:0'}]","{'@type': 'PostalAddress', 'addressLocality': 'Gainesville', 'addressRegion': 'GA', 'postalCode': '30504', 'addressCountry': 'US', 'streetAddress': '3156 Frontage Rd'}","{'@type': 'GeoCoordinates', 'latitude': 34.2289899, 'longitude': -83.8653393}",{}
Starbucks (Mundy Mill Road and Thurmond Tanner),https://www.ubereats.com/atlanta/food-delivery/starbucks-mundy-mill-road-and-thurmond-tanner/i1GQIkmtQOKhwtiHpS5_FQ,gainesville-georgia,"['Bakery', 'Breakfast and Brunch', 'Cafe', 'Coffee & Tea']",4.9,55,$,34.2291865,-83.8692733,+16786223957,30566,3707 Mundy Mill Road,Oakwood,GA,"[{'@type': 'OpeningHoursSpecification', 'dayOfWeek': 'Sunday', 'opens': '5:30', 'closes': '20:30'}, {'@type': 'OpeningHoursSpecification', 'dayOfWeek': ['Monday', 'Tuesday', 'Wednesday', 'Thursday', 'Friday'], 'opens': '5:0', 'closes': '20:30'}, {'@type': 'OpeningHoursSpecification', 'dayOfWeek': 'Saturday', 'opens': '5:30', 'closes': '20:30'}]","{'@type': 'PostalAddress', 'addressLocality': 'Oakwood', 'addressRegion': 'GA', 'postalCode': '30566', 'addressCountry': 'US', 'streetAddress': '3707 Mundy Mill Road'}","{'@type': 'GeoCoordinates', 'latitude': 34.2291865, 'longitude': -83.8692733}","{'@type': 'AggregateRating', 'ratingValue': 4.9, 'reviewCount': '55'}"
Steak 'n Shake (3525 Thurman Tanner Pkwy),https://www.ubereats.com/atlanta/food-delivery/steak-n-shake-3525-thurman-tanner-pkwy/2XFctqjNQECjRZW5RQk2Xg,gainesville-georgia,['American'],4.4,38,$$,34.2297306,-83.87063979999999,+17705362033,30566,3525 Thurman Tanner Pkwy,Oakwood,GA,"[{'@type': 'OpeningHoursSpecification', 'dayOfWeek': ['Monday', 'Tuesday', 'Wednesday', 'Thursday', 'Friday', 'Saturday', 'Sunday'], 'opens': '11:0', 'closes': '23:0'}]","{'@type': 'PostalAddress', 'addressLocality': 'Oakwood', 'addressRegion': 'GA', 'postalCode': '30566', 'addressCountry': 'US', 'streetAddress': '3525 Thurman Tanner Pkwy'}","{'@type': 'GeoCoordinates', 'latitude': 34.2297306, 'longitude': -83.87063979999999}","{'@type': 'AggregateRating', 'ratingValue': 4.4, 'reviewCount': '38'}"
Starbucks (Thompson Bridge and Brandon),https://www.ubereats.com/atlanta/food-delivery/starbucks-thompson-bridge-and-brandon/XA_6MFo_Q6C4SG51Xk92XA,gainesville-georgia,"['Bakery', 'Breakfast and Brunch', 'Cafe', 'Coffee & Tea']",4.8,43,$,34.3214541,-83.8335055,+14702486270,30501,1429 Thompson Bridge Road,Gainesville,GA,"[{'@type': 'OpeningHoursSpecification', 'dayOfWeek': ['Monday', 'Tuesday', 'Wednesday', 'Thursday', 'Friday', 'Saturday', 'Sunday'], 'opens': '5:30', 'closes': '19:0'}]","{'@type': 'PostalAddress', 'addressLocality': 'Gainesville', 'addressRegion': 'GA', 'postalCode': '30501', 'addressCountry': 'US', 'streetAddress': '1429 Thompson Bridge Road'}","{'@type': 'GeoCoordinates', 'latitude': 34.3214541, 'longitude': -83.8335055}","{'@type': 'AggregateRating', 'ratingValue': 4.8, 'reviewCount': '43'}"
Panera (625 Dawsonville Highway),https://www.ubereats.com/atlanta/food-delivery/panera-625-dawsonville-highway/keEJvlp-SuKYHTxJCrSz6Q,gainesville-georgia,"['Breakfast and Brunch', 'salad', 'Sandwich']",4.7,28,$,34.2948565,-83.8530969,+17705356601,30501,625 Dawsonville Highway,Gainesville,GA,"[{'@type': 'OpeningHoursSpecification', 'dayOfWeek': ['Monday', 'Tuesday', 'Wednesday', 'Thursday', 'Friday', 'Saturday', 'Sunday'], 'opens': '7:0', 'closes': '19:30'}]","{'@type': 'PostalAddress', 'addressLocality': 'Gainesville', 'addressRegion': 'GA', 'postalCode': '30501', 'addressCountry': 'US', 'streetAddress': '625 Dawsonville Highway'}","{'@type': 'GeoCoordinates', 'latitude': 34.2948565, 'longitude': -83.8530969}","{'@type': 'AggregateRating', 'ratingValue': 4.7, 'reviewCount': '28'}"
Bluefin Hibachi & sushi,https://www.ubereats.com/atlanta/food-delivery/bluefin-hibachi-%26-sushi/0S07Gpl_SzOixOreFvgxpA,gainesville-georgia,"['Japanese', 'Asian Fusion', 'Noodles']",4.8,199,$$,34.3252924,-83.8149196,+16789994392,30501,1642 Park Hill Dr,Atlanta,GA,"[{'@type': 'OpeningHoursSpecification', 'dayOfWeek': ['Monday', 'Tuesday', 'Wednesday', 'Thursday'], 'opens': '11:0', 'closes': '21:30'}, {'@type': 'OpeningHoursSpecification', 'dayOfWeek': ['Monday', 'Tuesday', 'Wednesday', 'Thursday'], 'opens': '11:0', 'closes': '15:0'}, {'@type': 'OpeningHoursSpecification', 'dayOfWeek': ['Monday', 'Tuesday', 'Wednesday', 'Thursday'], 'opens': '11:0', 'closes': '21:30'}, {'@type': 'OpeningHoursSpecification', 'dayOfWeek': ['Monday', 'Tuesday', 'Wednesday', 'Thursday'], 'opens': '11:0', 'closes': '21:0'}, {'@type': 'OpeningHoursSpecification', 'dayOfWeek': 'Friday', 'opens': '11:0', 'closes': '21:30'}, {'@type': 'OpeningHoursSpecification', 'dayOfWeek': 'Friday', 'opens': '11:0', 'closes': '21:45'}, {'@type': 'OpeningHoursSpecification', 'dayOfWeek': 'Friday', 'opens': '11:0', 'closes': '15:0'}, {'@type': 'OpeningHoursSpecification', 'dayOfWeek': 'Friday', 'opens': '11:0', 'closes': '21:30'}, {'@type': 'OpeningHoursSpecification', 'dayOfWeek': 'Friday', 'opens': '11:0', 'closes': '21:0'}, {'@type': 'OpeningHoursSpecification', 'dayOfWeek': 'Saturday', 'opens': '11:0', 'closes': '21:45'}, {'@type': 'OpeningHoursSpecification', 'dayOfWeek': 'Saturday', 'opens': '11:0', 'closes': '21:30'}, {'@type': 'OpeningHoursSpecification', 'dayOfWeek': 'Saturday', 'opens': '11:0', 'closes': '21:30'}]","{'@type': 'PostalAddress', 'addressLocality': 'Atlanta', 'addressRegion': 'GA', 'postalCode': '30501', 'addressCountry': 'US', 'streetAddress': '1642 Park Hill Dr'}","{'@type': 'GeoCoordinates', 'latitude': 34.3252924, 'longitude': -83.8149196}","{'@type': 'AggregateRating', 'ratingValue': 4.8, 'reviewCount': '199'}"
McDonald's® (2010 LIMESTONE PARKWAY NE),https://www.ubereats.com/atlanta/food-delivery/mcdonalds-2010-limestone-parkway-ne/PjmwMATRQtipvNKhzOPcfw,gainesville-georgia,"['American', 'Burgers', 'Fast Food']",4.3,17,$,34.312704,-83.797116,+17705310055,30501,2010 LIMESTONE PARKWAY NE,GAINESVILLE,GA,"[{'@type': 'OpeningHoursSpecification', 'dayOfWeek': 'Sunday', 'opens': '4:0', 'closes': '10:59'}, {'@type': 'OpeningHoursSpecification', 'dayOfWeek': 'Sunday', 'opens': '11:0', 'closes': '16:59'}, {'@type': 'OpeningHoursSpecification', 'dayOfWeek': 'Sunday', 'opens': '17:0', 'closes': '3:59'}, {'@type': 'OpeningHoursSpecification', 'dayOfWeek': ['Monday', 'Tuesday', 'Wednesday', 'Thursday', 'Friday'], 'opens': '4:0', 'closes': '10:30'}, {'@type': 'OpeningHoursSpecification', 'dayOfWeek': ['Monday', 'Tuesday', 'Wednesday', 'Thursday', 'Friday'], 'opens': '10:31', 'closes': '16:59'}, {'@type': 'OpeningHoursSpecification', 'dayOfWeek': ['Monday', 'Tuesday', 'Wednesday', 'Thursday', 'Friday'], 'opens': '17:0', 'closes': '3:59'}, {'@type': 'OpeningHoursSpecification', 'dayOfWeek': 'Saturday', 'opens': '4:0', 'closes': '10:59'}, {'@type': 'OpeningHoursSpecification', 'dayOfWeek': 'Saturday', 'opens': '11:0', 'closes': '16:59'}, {'@type': 'OpeningHoursSpecification', 'dayOfWeek': 'Saturday', 'opens': '17:0', 'closes': '3:59'}]","{'@type': 'PostalAddress', 'addressLocality': 'GAINESVILLE', 'addressRegion': 'GA', 'postalCode': '30501', 'addressCountry': 'US', 'streetAddress': '2010 LIMESTONE PARKWAY NE'}","{'@type': 'GeoCoordinates', 'latitude': 34.312704, 'longitude': -83.797116}","{'@type': 'AggregateRating', 'ratingValue': 4.3, 'reviewCount': '17'}"
