name,url,city,cuisine,avgRating,numReviews,priceRange,latitude,longitude,telephone,postalCode,streetAddress,addressLocality,addressRegion,openingHoursSpecification,addressString,geoString,ratingString
Happy Dough Lucky,https://www.ubereats.com/milwaukee/food-delivery/happy-dough-lucky/YUqwOUszSAOKRykiWhSNvA,germantown-wisconsin,"['Desserts', 'Vegetarian', 'Coffee and Tea']",,,$,43.2220278,-87.9868369,+12622369907,53092,6300 W.,Mequon,WI,"[{'@type': 'OpeningHoursSpecification', 'dayOfWeek': ['Monday', 'Tuesday', 'Wednesday', 'Thursday', 'Friday', 'Saturday', 'Sunday'], 'opens': '10:0', 'closes': '19:30'}]","{'@type': 'PostalAddress', 'addressLocality': 'Mequon', 'addressRegion': 'WI', 'postalCode': '53092', 'addressCountry': 'US', 'streetAddress': '6300 W.'}","{'@type': 'GeoCoordinates', 'latitude': 43.2220278, 'longitude': -87.9868369}",{}
PERKINS boyz on THA grill LLC,https://www.ubereats.com/milwaukee/food-delivery/perkins-boyz-on-tha-grill-llc/BkrMVVUhS3ays4P2Pi7vZw,germantown-wisconsin,"['American', 'Seafood', 'Chicken']",,,$$,43.178319,-87.995503,+14147559622,53223,6818 W Brown Deer Rd,Milwaukee,WI,"[{'@type': 'OpeningHoursSpecification', 'dayOfWeek': 'Sunday', 'opens': '11:30', 'closes': '16:30'}, {'@type': 'OpeningHoursSpecification', 'dayOfWeek': 'Sunday', 'opens': '11:30', 'closes': '16:30'}, {'@type': 'OpeningHoursSpecification', 'dayOfWeek': 'Sunday', 'opens': '11:30', 'closes': '16:0'}, {'@type': 'OpeningHoursSpecification', 'dayOfWeek': 'Friday', 'opens': '12:0', 'closes': '19:30'}, {'@type': 'OpeningHoursSpecification', 'dayOfWeek': 'Friday', 'opens': '11:30', 'closes': '20:30'}, {'@type': 'OpeningHoursSpecification', 'dayOfWeek': 'Saturday', 'opens': '12:0', 'closes': '17:0'}, {'@type': 'OpeningHoursSpecification', 'dayOfWeek': 'Saturday', 'opens': '8:0', 'closes': '14:0'}]","{'@type': 'PostalAddress', 'addressLocality': 'Milwaukee', 'addressRegion': 'WI', 'postalCode': '53223', 'addressCountry': 'US', 'streetAddress': '6818 W Brown Deer Rd'}","{'@type': 'GeoCoordinates', 'latitude': 43.178319, 'longitude': -87.995503}",{}
Papa John's (N80 W 14910 Appleton Ave),https://www.ubereats.com/milwaukee/food-delivery/papa-johns-n80-w-14910-appleton-ave/st6rOKeNT0a21eVPErENqQ,germantown-wisconsin,"['Desserts', 'PIzza', 'Wings']",4.7,24,$$,43.1640056,-88.0957871,+12622514616,53051,N80 W 14910 Appleton Ave,Menomonee Falls,WI,"[{'@type': 'OpeningHoursSpecification', 'dayOfWeek': ['Sunday', 'Monday', 'Tuesday', 'Wednesday', 'Thursday'], 'opens': '10:0', 'closes': '21:25'}, {'@type': 'OpeningHoursSpecification', 'dayOfWeek': ['Friday', 'Saturday'], 'opens': '10:0', 'closes': '22:25'}]","{'@type': 'PostalAddress', 'addressLocality': 'Menomonee Falls', 'addressRegion': 'WI', 'postalCode': '53051', 'addressCountry': 'US', 'streetAddress': 'N80 W 14910 Appleton Ave'}","{'@type': 'GeoCoordinates', 'latitude': 43.1640056, 'longitude': -88.0957871}","{'@type': 'AggregateRating', 'ratingValue': 4.7, 'reviewCount': '24'}"
Taco Bell (12405 W. Lisbon Rd.),https://www.ubereats.com/milwaukee/food-delivery/taco-bell-12405-w-lisbon-rd/BtVZDsx2QAaCpl0IMxVysw,germantown-wisconsin,"['Burritos', 'Fast Food', 'Mexican']",3.8,125,$,43.0900188,-88.06664459999999,+12627901525,53005,12405 W. Lisbon Rd.,Brookfield,WI,"[{'@type': 'OpeningHoursSpecification', 'dayOfWeek': ['Sunday', 'Monday', 'Tuesday', 'Wednesday', 'Thursday'], 'opens': '14:0', 'closes': '17:0'}, {'@type': 'OpeningHoursSpecification', 'dayOfWeek': ['Sunday', 'Monday', 'Tuesday', 'Wednesday', 'Thursday'], 'opens': '6:0', 'closes': '1:30'}, {'@type': 'OpeningHoursSpecification', 'dayOfWeek': ['Sunday', 'Monday', 'Tuesday', 'Wednesday', 'Thursday'], 'opens': '6:0', 'closes': '10:30'}, {'@type': 'OpeningHoursSpecification', 'dayOfWeek': ['Friday', 'Saturday'], 'opens': '14:0', 'closes': '17:0'}, {'@type': 'OpeningHoursSpecification', 'dayOfWeek': ['Friday', 'Saturday'], 'opens': '6:0', 'closes': '10:30'}, {'@type': 'OpeningHoursSpecification', 'dayOfWeek': ['Friday', 'Saturday'], 'opens': '6:0', 'closes': '2:30'}]","{'@type': 'PostalAddress', 'addressLocality': 'Brookfield', 'addressRegion': 'WI', 'postalCode': '53005', 'addressCountry': 'US', 'streetAddress': '12405 W. Lisbon Rd.'}","{'@type': 'GeoCoordinates', 'latitude': 43.0900188, 'longitude': -88.06664459999999}","{'@type': 'AggregateRating', 'ratingValue': 3.8, 'reviewCount': '125'}"
Moe's Southwest Grill (1350 Capitol Drive),https://www.ubereats.com/milwaukee/food-delivery/moes-southwest-grill-1350-capitol-drive/CIge1lbqQSinaEvekuTUBA,germantown-wisconsin,"['Mexican', 'Fast Food', 'Family Meals']",,,$,43.082666,-88.2314261,+12626959230,53072,1350 Capitol Drive,Pewaukee,WI,"[{'@type': 'OpeningHoursSpecification', 'dayOfWeek': 'Sunday', 'opens': '11:0', 'closes': '20:0'}, {'@type': 'OpeningHoursSpecification', 'dayOfWeek': ['Monday', 'Tuesday', 'Wednesday', 'Thursday', 'Friday', 'Saturday'], 'opens': '11:0', 'closes': '21:0'}]","{'@type': 'PostalAddress', 'addressLocality': 'Pewaukee', 'addressRegion': 'WI', 'postalCode': '53072', 'addressCountry': 'US', 'streetAddress': '1350 Capitol Drive'}","{'@type': 'GeoCoordinates', 'latitude': 43.082666, 'longitude': -88.2314261}",{}
K & D Hot Eat'z,https://www.ubereats.com/milwaukee/food-delivery/k-%26-d-hot-eatz/k8ms-930TpKBEhmblVBlcA,germantown-wisconsin,"['American', 'Chicken', 'Sandwich']",,,$,43.10463,-88.01541399999999,+14149001233,53218,8334 W Appleton Ave,Milwaukee,WI,"[{'@type': 'OpeningHoursSpecification', 'dayOfWeek': 'Sunday', 'opens': '9:0', 'closes': '21:0'}, {'@type': 'OpeningHoursSpecification', 'dayOfWeek': 'Monday', 'opens': '9:0', 'closes': '21:0'}, {'@type': 'OpeningHoursSpecification', 'dayOfWeek': 'Monday', 'opens': '2:0', 'closes': '2:1'}, {'@type': 'OpeningHoursSpecification', 'dayOfWeek': 'Monday', 'opens': '2:0', 'closes': '2:1'}, {'@type': 'OpeningHoursSpecification', 'dayOfWeek': ['Tuesday', 'Wednesday', 'Thursday', 'Friday', 'Saturday'], 'opens': '2:0', 'closes': '2:1'}]","{'@type': 'PostalAddress', 'addressLocality': 'Milwaukee', 'addressRegion': 'WI', 'postalCode': '53218', 'addressCountry': 'US', 'streetAddress': '8334 W Appleton Ave'}","{'@type': 'GeoCoordinates', 'latitude': 43.10463, 'longitude': -88.01541399999999}",{}
Papa Murphy's  (N95 W18407 County Line Road),https://www.ubereats.com/milwaukee/food-delivery/papa-murphys-n95-w18407-county-line-road/jNNBgR3oQn2mOpmkb8IO3A,germantown-wisconsin,"['Pizza', 'Italian', 'Comfort Food']",,,$,43.1900826,-88.1378125,+12622501700,53051,N95 W18407 County Line Road,Menomonee Falls,WI,"[{'@type': 'OpeningHoursSpecification', 'dayOfWeek': ['Monday', 'Tuesday', 'Wednesday', 'Thursday', 'Friday', 'Saturday', 'Sunday'], 'opens': '11:0', 'closes': '19:0'}]","{'@type': 'PostalAddress', 'addressLocality': 'Menomonee Falls', 'addressRegion': 'WI', 'postalCode': '53051', 'addressCountry': 'US', 'streetAddress': 'N95 W18407 County Line Road'}","{'@type': 'GeoCoordinates', 'latitude': 43.1900826, 'longitude': -88.1378125}",{}
African Kitchen & Subs,https://www.ubereats.com/milwaukee/food-delivery/african-kitchen-%26-subs/KdCQM1FxQ3yLw0e4gm4IPA,germantown-wisconsin,"['African: Other', 'American', 'Chicken']",3.9,22,,43.1635875,-88.00507499999999,+14144469120,53223,8015 N 76th St,Milwaukee,WI,"[{'@type': 'OpeningHoursSpecification', 'dayOfWeek': ['Monday', 'Tuesday', 'Wednesday', 'Thursday', 'Friday', 'Saturday'], 'opens': '10:0', 'closes': '21:0'}]","{'@type': 'PostalAddress', 'addressLocality': 'Milwaukee', 'addressRegion': 'WI', 'postalCode': '53223', 'addressCountry': 'US', 'streetAddress': '8015 N 76th St'}","{'@type': 'GeoCoordinates', 'latitude': 43.1635875, 'longitude': -88.00507499999999}","{'@type': 'AggregateRating', 'ratingValue': 3.9, 'reviewCount': '22'}"
Taco Bell (N96W17802 County Line Rd),https://www.ubereats.com/milwaukee/food-delivery/taco-bell-n96w17802-county-line-rd/9OWoWj2xTMqHWQzBs3IQYQ,germantown-wisconsin,"['Burritos', 'Fast Food', 'Mexican']",,,$,43.19213389999999,-88.13024449999999,+12622500147,53022,N96W17802 County Line Rd,Germantown,WI,"[{'@type': 'OpeningHoursSpecification', 'dayOfWeek': ['Sunday', 'Monday', 'Tuesday', 'Wednesday', 'Thursday'], 'opens': '14:0', 'closes': '17:0'}, {'@type': 'OpeningHoursSpecification', 'dayOfWeek': ['Sunday', 'Monday', 'Tuesday', 'Wednesday', 'Thursday'], 'opens': '10:0', 'closes': '1:30'}, {'@type': 'OpeningHoursSpecification', 'dayOfWeek': ['Friday', 'Saturday'], 'opens': '14:0', 'closes': '17:0'}, {'@type': 'OpeningHoursSpecification', 'dayOfWeek': ['Friday', 'Saturday'], 'opens': '10:0', 'closes': '2:30'}]","{'@type': 'PostalAddress', 'addressLocality': 'Germantown', 'addressRegion': 'WI', 'postalCode': '53022', 'addressCountry': 'US', 'streetAddress': 'N96W17802 County Line Rd'}","{'@type': 'GeoCoordinates', 'latitude': 43.19213389999999, 'longitude': -88.13024449999999}",{}
Taco Bell (11511 N Port Washington Rd),https://www.ubereats.com/milwaukee/food-delivery/taco-bell-11511-n-port-washington-rd/9ewQBtKdTY-MnISGIApYZg,germantown-wisconsin,"['Burritos', 'Fast Food', 'Mexican']",,,$,43.2274039,-87.924843,+12622409820,53092,11511 N Port Washington Rd,Mequon,WI,"[{'@type': 'OpeningHoursSpecification', 'dayOfWeek': ['Monday', 'Tuesday', 'Wednesday', 'Thursday', 'Friday', 'Saturday', 'Sunday'], 'opens': '14:0', 'closes': '17:0'}, {'@type': 'OpeningHoursSpecification', 'dayOfWeek': ['Monday', 'Tuesday', 'Wednesday', 'Thursday', 'Friday', 'Saturday', 'Sunday'], 'opens': '10:0', 'closes': '22:30'}]","{'@type': 'PostalAddress', 'addressLocality': 'Mequon', 'addressRegion': 'WI', 'postalCode': '53092', 'addressCountry': 'US', 'streetAddress': '11511 N Port Washington Rd'}","{'@type': 'GeoCoordinates', 'latitude': 43.2274039, 'longitude': -87.924843}",{}
Trysting Place Pub,https://www.ubereats.com/milwaukee/food-delivery/trysting-place-pub/YNFCKZykQ7aclaaj_6rM1A,germantown-wisconsin,"['Pizza', 'Pub', 'American']",4.5,31,$,43.147535049935584,-88.07183511833911,+12622554110,,,,,"[{'@type': 'OpeningHoursSpecification', 'dayOfWeek': 'Sunday', 'opens': '11:0', 'closes': '20:0'}, {'@type': 'OpeningHoursSpecification', 'dayOfWeek': 'Sunday', 'opens': '17:0', 'closes': '20:30'}, {'@type': 'OpeningHoursSpecification', 'dayOfWeek': 'Sunday', 'opens': '16:0', 'closes': '21:0'}, {'@type': 'OpeningHoursSpecification', 'dayOfWeek': 'Monday', 'opens': '3:0', 'closes': '3:30'}, {'@type': 'OpeningHoursSpecification', 'dayOfWeek': 'Monday', 'opens': '17:0', 'closes': '21:30'}, {'@type': 'OpeningHoursSpecification', 'dayOfWeek': 'Monday', 'opens': '16:0', 'closes': '21:0'}, {'@type': 'OpeningHoursSpecification', 'dayOfWeek': ['Tuesday', 'Wednesday', 'Thursday'], 'opens': '11:0', 'closes': '20:0'}, {'@type': 'OpeningHoursSpecification', 'dayOfWeek': ['Tuesday', 'Wednesday', 'Thursday'], 'opens': '17:0', 'closes': '21:30'}, {'@type': 'OpeningHoursSpecification', 'dayOfWeek': ['Tuesday', 'Wednesday', 'Thursday'], 'opens': '16:0', 'closes': '21:0'}, {'@type': 'OpeningHoursSpecification', 'dayOfWeek': 'Friday', 'opens': '11:0', 'closes': '21:0'}, {'@type': 'OpeningHoursSpecification', 'dayOfWeek': 'Friday', 'opens': '10:30', 'closes': '22:30'}, {'@type': 'OpeningHoursSpecification', 'dayOfWeek': 'Friday', 'opens': '11:0', 'closes': '21:0'}, {'@type': 'OpeningHoursSpecification', 'dayOfWeek': 'Friday', 'opens': '16:0', 'closes': '21:0'}, {'@type': 'OpeningHoursSpecification', 'dayOfWeek': 'Saturday', 'opens': '11:0', 'closes': '20:0'}, {'@type': 'OpeningHoursSpecification', 'dayOfWeek': 'Saturday', 'opens': '17:0', 'closes': '22:30'}, {'@type': 'OpeningHoursSpecification', 'dayOfWeek': 'Saturday', 'opens': '16:0', 'closes': '21:0'}]",,"{'@type': 'GeoCoordinates', 'latitude': 43.147535049935584, 'longitude': -88.07183511833911}","{'@type': 'AggregateRating', 'ratingValue': 4.5, 'reviewCount': '31'}"
Applebee's (W180 N9469 Premier Lane),https://www.ubereats.com/milwaukee/food-delivery/applebees-w180-n9469-premier-lane/uSODV2NFQw-YRiUt104Bxg,germantown-wisconsin,['American'],4.2,48,$,43.189928,-88.134132,+12622500896,53051,W180 N9469 Premier Lane,Menomonee Falls,WI,"[{'@type': 'OpeningHoursSpecification', 'dayOfWeek': ['Sunday', 'Monday', 'Tuesday', 'Wednesday', 'Thursday'], 'opens': '11:0', 'closes': '21:30'}, {'@type': 'OpeningHoursSpecification', 'dayOfWeek': ['Friday', 'Saturday'], 'opens': '11:0', 'closes': '23:29'}]","{'@type': 'PostalAddress', 'addressLocality': 'Menomonee Falls', 'addressRegion': 'WI', 'postalCode': '53051', 'addressCountry': 'US', 'streetAddress': 'W180 N9469 Premier Lane'}","{'@type': 'GeoCoordinates', 'latitude': 43.189928, 'longitude': -88.134132}","{'@type': 'AggregateRating', 'ratingValue': 4.2, 'reviewCount': '48'}"
The Main Mill (Main St.),https://www.ubereats.com/milwaukee/food-delivery/the-main-mill-main-st/HvGd7RorS1aN3yHQaQRqKA,germantown-wisconsin,"['Salads', 'Sandwich', 'Pasta', 'American']",,,$,43.17879,-88.115159,+12623455692,53051,N88W16521 Main St,Menomonee Falls,Wisconsin,"[{'@type': 'OpeningHoursSpecification', 'dayOfWeek': 'Sunday', 'opens': '9:0', 'closes': '21:0'}, {'@type': 'OpeningHoursSpecification', 'dayOfWeek': ['Monday', 'Tuesday', 'Wednesday', 'Thursday'], 'opens': '15:0', 'closes': '21:0'}, {'@type': 'OpeningHoursSpecification', 'dayOfWeek': ['Friday', 'Saturday'], 'opens': '11:30', 'closes': '22:0'}]","{'@type': 'PostalAddress', 'addressLocality': 'Menomonee Falls', 'addressRegion': 'Wisconsin', 'postalCode': '53051', 'addressCountry': 'US', 'streetAddress': 'N88W16521 Main St'}","{'@type': 'GeoCoordinates', 'latitude': 43.17879, 'longitude': -88.115159}",{}
Qdoba (12345 W. Capitol Drive),https://www.ubereats.com/milwaukee/food-delivery/qdoba-12345-w-capitol-drive/6CZe73DCSTu0AfikXD6BFg,germantown-wisconsin,"['Burritos', 'Dinner', 'Mexican', 'Tacos', 'Family Meals']",4.4,118,$,43.08849499999999,-88.0658583,+14144621000,53222,12345 W. Capitol Drive,Wauwatosa,WI,"[{'@type': 'OpeningHoursSpecification', 'dayOfWeek': ['Monday', 'Tuesday', 'Wednesday', 'Thursday', 'Friday', 'Saturday', 'Sunday'], 'opens': '10:30', 'closes': '21:30'}]","{'@type': 'PostalAddress', 'addressLocality': 'Wauwatosa', 'addressRegion': 'WI', 'postalCode': '53222', 'addressCountry': 'US', 'streetAddress': '12345 W. Capitol Drive'}","{'@type': 'GeoCoordinates', 'latitude': 43.08849499999999, 'longitude': -88.0658583}","{'@type': 'AggregateRating', 'ratingValue': 4.4, 'reviewCount': '118'}"
Greens & Things LLC,https://www.ubereats.com/milwaukee/food-delivery/greens-%26-things-llc/d1kjJV8dQZaELMb4RPNExw,germantown-wisconsin,"['Soul Food', 'American', 'Burgers']",,,$,43.174243,-88.044133,+14143235239,53224,8614 N 107th St,Milwaukee,WI,"[{'@type': 'OpeningHoursSpecification', 'dayOfWeek': ['Sunday', 'Monday', 'Tuesday', 'Wednesday', 'Thursday'], 'opens': '10:0', 'closes': '23:0'}, {'@type': 'OpeningHoursSpecification', 'dayOfWeek': ['Friday', 'Saturday'], 'opens': '10:0', 'closes': '0:0'}]","{'@type': 'PostalAddress', 'addressLocality': 'Milwaukee', 'addressRegion': 'WI', 'postalCode': '53224', 'addressCountry': 'US', 'streetAddress': '8614 N 107th St'}","{'@type': 'GeoCoordinates', 'latitude': 43.174243, 'longitude': -88.044133}",{}
Captain D's (7320 Good Hope Road),https://www.ubereats.com/milwaukee/food-delivery/captain-ds-7320-good-hope-road/S7yzPCl6QUKzh1oVRgR2fA,germantown-wisconsin,"['Seafood', 'Fast Food', 'Fish and Chips', 'American', 'Family Meals']",4.4,25,$,43.1490405,-88.00194169999999,+14142060439,53223,7320 Good Hope Road,Milwaukee,WI,"[{'@type': 'OpeningHoursSpecification', 'dayOfWeek': ['Sunday', 'Monday', 'Tuesday', 'Wednesday', 'Thursday'], 'opens': '10:45', 'closes': '21:30'}, {'@type': 'OpeningHoursSpecification', 'dayOfWeek': ['Friday', 'Saturday'], 'opens': '10:45', 'closes': '21:30'}, {'@type': 'OpeningHoursSpecification', 'dayOfWeek': ['Friday', 'Saturday'], 'opens': '10:45', 'closes': '22:30'}]","{'@type': 'PostalAddress', 'addressLocality': 'Milwaukee', 'addressRegion': 'WI', 'postalCode': '53223', 'addressCountry': 'US', 'streetAddress': '7320 Good Hope Road'}","{'@type': 'GeoCoordinates', 'latitude': 43.1490405, 'longitude': -88.00194169999999}","{'@type': 'AggregateRating', 'ratingValue': 4.4, 'reviewCount': '25'}"
Falafel Guys,https://www.ubereats.com/milwaukee/food-delivery/falafel-guys/mGtkeOtdQuOGfrauGcIRBw,germantown-wisconsin,"['Middle Eastern', 'Arabian', 'Chicken']",4.7,25,$,43.2358463,-87.9851633,+12623024122,53092,105 W Freistadt Rd,Thiensville,WI,"[{'@type': 'OpeningHoursSpecification', 'dayOfWeek': 'Sunday', 'opens': '11:0', 'closes': '19:0'}, {'@type': 'OpeningHoursSpecification', 'dayOfWeek': ['Tuesday', 'Wednesday', 'Thursday'], 'opens': '11:0', 'closes': '19:0'}, {'@type': 'OpeningHoursSpecification', 'dayOfWeek': ['Tuesday', 'Wednesday', 'Thursday'], 'opens': '11:0', 'closes': '15:0'}, {'@type': 'OpeningHoursSpecification', 'dayOfWeek': ['Tuesday', 'Wednesday', 'Thursday'], 'opens': '15:0', 'closes': '20:0'}, {'@type': 'OpeningHoursSpecification', 'dayOfWeek': ['Friday', 'Saturday'], 'opens': '11:0', 'closes': '21:0'}, {'@type': 'OpeningHoursSpecification', 'dayOfWeek': ['Friday', 'Saturday'], 'opens': '11:0', 'closes': '15:0'}, {'@type': 'OpeningHoursSpecification', 'dayOfWeek': ['Friday', 'Saturday'], 'opens': '15:0', 'closes': '20:0'}, {'@type': 'OpeningHoursSpecification', 'dayOfWeek': ['Friday', 'Saturday'], 'opens': '15:0', 'closes': '21:0'}]","{'@type': 'PostalAddress', 'addressLocality': 'Thiensville', 'addressRegion': 'WI', 'postalCode': '53092', 'addressCountry': 'US', 'streetAddress': '105 W Freistadt Rd'}","{'@type': 'GeoCoordinates', 'latitude': 43.2358463, 'longitude': -87.9851633}","{'@type': 'AggregateRating', 'ratingValue': 4.7, 'reviewCount': '25'}"
Grate Modern Mac & Cheese ,https://www.ubereats.com/milwaukee/food-delivery/grate-modern-mac-%26-cheese/uy57xfUdS_Kgo_9ts0wcBQ,germantown-wisconsin,['American'],4.6,10,$,43.185249,-88.109577,+12629532540,,,,,"[{'@type': 'OpeningHoursSpecification', 'dayOfWeek': ['Monday', 'Tuesday', 'Wednesday', 'Thursday', 'Friday', 'Saturday', 'Sunday'], 'opens': '10:30', 'closes': '21:0'}]",,"{'@type': 'GeoCoordinates', 'latitude': 43.185249, 'longitude': -88.109577}","{'@type': 'AggregateRating', 'ratingValue': 4.6, 'reviewCount': '10'}"
Dickey’s Barbeque (1273 Capitol Drive),https://www.ubereats.com/milwaukee/food-delivery/dickeys-barbeque-1273-capitol-drive/5X9civx_QtSnkDhXgyQCFQ,germantown-wisconsin,"['BBQ', 'American', 'Wings', 'Sandwich', 'Family Meals']",,,$$,43.0839727,-88.2346063,+12626964093,53072,1273 Capitol Drive,Pewaukee,WI,"[{'@type': 'OpeningHoursSpecification', 'dayOfWeek': ['Monday', 'Tuesday', 'Wednesday', 'Thursday', 'Friday', 'Saturday', 'Sunday'], 'opens': '11:0', 'closes': '21:0'}, {'@type': 'OpeningHoursSpecification', 'dayOfWeek': ['Monday', 'Tuesday', 'Wednesday', 'Thursday', 'Friday', 'Saturday', 'Sunday'], 'opens': '11:0', 'closes': '21:0'}]","{'@type': 'PostalAddress', 'addressLocality': 'Pewaukee', 'addressRegion': 'WI', 'postalCode': '53072', 'addressCountry': 'US', 'streetAddress': '1273 Capitol Drive'}","{'@type': 'GeoCoordinates', 'latitude': 43.0839727, 'longitude': -88.2346063}",{}
Cafe Zupas (N91 W15909 Falls Parkway),https://www.ubereats.com/milwaukee/food-delivery/cafe-zupas-n91-w15909-falls-parkway/cUlLITHzRNOYKINYw_2YSQ,germantown-wisconsin,"['American', 'Salads', 'Sandwich']",4.8,33,$$,43.1843612,-88.10808279999999,+18014327141,53051,N91 W15909 Falls Parkway,Menomonee Falls WI,WI,"[{'@type': 'OpeningHoursSpecification', 'dayOfWeek': ['Monday', 'Tuesday', 'Wednesday', 'Thursday', 'Friday', 'Saturday'], 'opens': '10:30', 'closes': '20:30'}]","{'@type': 'PostalAddress', 'addressLocality': 'Menomonee Falls WI', 'addressRegion': 'WI', 'postalCode': '53051', 'addressCountry': 'US', 'streetAddress': 'N91 W15909 Falls Parkway'}","{'@type': 'GeoCoordinates', 'latitude': 43.1843612, 'longitude': -88.10808279999999}","{'@type': 'AggregateRating', 'ratingValue': 4.8, 'reviewCount': '33'}"
"Noodles & Company (1390 Capitol Dr, Ste 2)",https://www.ubereats.com/milwaukee/food-delivery/noodles-%26-company-1390-capitol-dr-ste-2/2kHDYyIPRKyRbn-Eg4-92A,germantown-wisconsin,"['Healthy', 'Pasta', 'Comfort Food', 'American', 'Italian', 'Chinese', 'Noodles', 'Family Meals']",4.5,26,$,43.0828066,-88.2304187,+12626957500,53072,1390 Capitol Dr Ste 2,Pewaukee,WI,"[{'@type': 'OpeningHoursSpecification', 'dayOfWeek': 'Sunday', 'opens': '10:30', 'closes': '20:45'}, {'@type': 'OpeningHoursSpecification', 'dayOfWeek': ['Monday', 'Tuesday', 'Wednesday', 'Thursday', 'Friday', 'Saturday'], 'opens': '10:30', 'closes': '21:45'}]","{'@type': 'PostalAddress', 'addressLocality': 'Pewaukee', 'addressRegion': 'WI', 'postalCode': '53072', 'addressCountry': 'US', 'streetAddress': '1390 Capitol Dr Ste 2'}","{'@type': 'GeoCoordinates', 'latitude': 43.0828066, 'longitude': -88.2304187}","{'@type': 'AggregateRating', 'ratingValue': 4.5, 'reviewCount': '26'}"
George Webb (Germantown),https://www.ubereats.com/milwaukee/food-delivery/george-webb-germantown/LEUSj0nTQomYsv7oaQOayQ,germantown-wisconsin,"['Breakfast and Brunch', 'Burgers', 'American']",,,$,43.22217,-88.106972,+12622515925,,George Webb Restaurant,Germantown,Wisconsin,"[{'@type': 'OpeningHoursSpecification', 'dayOfWeek': ['Monday', 'Tuesday', 'Wednesday', 'Thursday', 'Friday', 'Saturday', 'Sunday'], 'opens': '0:0', 'closes': '23:59'}]","{'@type': 'PostalAddress', 'addressLocality': 'Germantown', 'addressRegion': 'Wisconsin', 'postalCode': '', 'addressCountry': 'US', 'streetAddress': 'George Webb Restaurant'}","{'@type': 'GeoCoordinates', 'latitude': 43.22217, 'longitude': -88.106972}",{}
Qdoba (8789 N. Port Washington Road),https://www.ubereats.com/milwaukee/food-delivery/qdoba-8789-n-port-washington-road/6FUjSb-mSi6_LqIxJxFJ3w,germantown-wisconsin,"['Burritos', 'Dinner', 'Mexican', 'Tacos', 'Family Meals']",4.5,94,$,43.1762648,-87.91457609999999,+14142280500,53217,8789 N. Port Washington Road,Fox Point,WI,"[{'@type': 'OpeningHoursSpecification', 'dayOfWeek': ['Monday', 'Tuesday', 'Wednesday', 'Thursday', 'Friday', 'Saturday', 'Sunday'], 'opens': '10:30', 'closes': '21:30'}]","{'@type': 'PostalAddress', 'addressLocality': 'Fox Point', 'addressRegion': 'WI', 'postalCode': '53217', 'addressCountry': 'US', 'streetAddress': '8789 N. Port Washington Road'}","{'@type': 'GeoCoordinates', 'latitude': 43.1762648, 'longitude': -87.91457609999999}","{'@type': 'AggregateRating', 'ratingValue': 4.5, 'reviewCount': '94'}"
Point Burger Bar (Good Hope Rd),https://www.ubereats.com/milwaukee/food-delivery/point-burger-bar-good-hope-rd/gZwwXQRnRvimQMfi5evgRQ,germantown-wisconsin,"['Burgers', 'American', 'Sandwich', 'Family Meals']",4.7,92,$,43.149031699999995,-88.0488659,+14147972970,53224,10950 W Good Hope Rd,Milwaukee,WI,"[{'@type': 'OpeningHoursSpecification', 'dayOfWeek': 'Sunday', 'opens': '11:30', 'closes': '17:30'}, {'@type': 'OpeningHoursSpecification', 'dayOfWeek': ['Wednesday', 'Thursday'], 'opens': '11:30', 'closes': '18:30'}, {'@type': 'OpeningHoursSpecification', 'dayOfWeek': 'Friday', 'opens': '11:30', 'closes': '19:30'}, {'@type': 'OpeningHoursSpecification', 'dayOfWeek': 'Saturday', 'opens': '12:0', 'closes': '19:30'}]","{'@type': 'PostalAddress', 'addressLocality': 'Milwaukee', 'addressRegion': 'WI', 'postalCode': '53224', 'addressCountry': 'US', 'streetAddress': '10950 W Good Hope Rd'}","{'@type': 'GeoCoordinates', 'latitude': 43.149031699999995, 'longitude': -88.0488659}","{'@type': 'AggregateRating', 'ratingValue': 4.7, 'reviewCount': '92'}"
Greens & Things LLC,https://www.ubereats.com/milwaukee/food-delivery/greens-%26-things-llc/WQ5uGpY7St--V_yqMnC2YA,germantown-wisconsin,"['Soul Food', 'Pizza', 'Sandwich', 'Burgers']",,,$,43.174243,-88.044133,+14147165295,53224,8614 N 107th St,Milwaukee,WI,"[{'@type': 'OpeningHoursSpecification', 'dayOfWeek': ['Monday', 'Tuesday', 'Wednesday', 'Thursday', 'Friday'], 'opens': '10:0', 'closes': '21:0'}, {'@type': 'OpeningHoursSpecification', 'dayOfWeek': 'Saturday', 'opens': '10:0', 'closes': '22:0'}]","{'@type': 'PostalAddress', 'addressLocality': 'Milwaukee', 'addressRegion': 'WI', 'postalCode': '53224', 'addressCountry': 'US', 'streetAddress': '8614 N 107th St'}","{'@type': 'GeoCoordinates', 'latitude': 43.174243, 'longitude': -88.044133}",{}
Uno Pizzeria & Grill (W.180 N.9455 Premier Lane),https://www.ubereats.com/milwaukee/food-delivery/uno-pizzeria-%26-grill-w180-n9455-premier-lane/ZClFjM7yRayjpg205kj6IA,germantown-wisconsin,"['Sandwich', 'Salads', 'Pizza', 'Vegetarian', 'Healthy']",,,$$,43.1891357,-88.1340444,+12622551440,53051,W.180 N.9455 Premier Lane,Menomonee Falls,WI,"[{'@type': 'OpeningHoursSpecification', 'dayOfWeek': ['Sunday', 'Monday', 'Tuesday', 'Wednesday', 'Thursday'], 'opens': '11:0', 'closes': '21:0'}, {'@type': 'OpeningHoursSpecification', 'dayOfWeek': ['Friday', 'Saturday'], 'opens': '11:0', 'closes': '21:0'}, {'@type': 'OpeningHoursSpecification', 'dayOfWeek': ['Friday', 'Saturday'], 'opens': '11:0', 'closes': '23:59'}]","{'@type': 'PostalAddress', 'addressLocality': 'Menomonee Falls', 'addressRegion': 'WI', 'postalCode': '53051', 'addressCountry': 'US', 'streetAddress': 'W.180 N.9455 Premier Lane'}","{'@type': 'GeoCoordinates', 'latitude': 43.1891357, 'longitude': -88.1340444}",{}
Subway (W190N9855 Appleton Ave),https://www.ubereats.com/milwaukee/food-delivery/subway-w190n9855-appleton-ave/7iuxIg72Tv2k1fT2K02QCg,germantown-wisconsin,"['Fast Food', 'Sandwich', 'American']",,,$,43.19636819999999,-88.1465226,+12622530470,53022,W190N9855 Appleton Ave,Germantown,WI,"[{'@type': 'OpeningHoursSpecification', 'dayOfWeek': ['Monday', 'Tuesday', 'Wednesday', 'Thursday', 'Friday', 'Saturday', 'Sunday'], 'opens': '9:0', 'closes': '19:15'}]","{'@type': 'PostalAddress', 'addressLocality': 'Germantown', 'addressRegion': 'WI', 'postalCode': '53022', 'addressCountry': 'US', 'streetAddress': 'W190N9855 Appleton Ave'}","{'@type': 'GeoCoordinates', 'latitude': 43.19636819999999, 'longitude': -88.1465226}",{}
Qdoba (N95 W18181 Appleton Ave),https://www.ubereats.com/milwaukee/food-delivery/qdoba-n95-w18181-appleton-ave/0GJ8xlQ7QkOwit9KsT_f8g,germantown-wisconsin,"['Burritos', 'Dinner', 'Mexican', 'Tacos', 'Family Meals']",4.3,45,$,43.1906138,-88.1352411,+12622513200,53051,N95 W18181 Appleton Ave,Menomonee Falls,WI,"[{'@type': 'OpeningHoursSpecification', 'dayOfWeek': ['Monday', 'Tuesday', 'Wednesday', 'Thursday', 'Friday', 'Saturday', 'Sunday'], 'opens': '10:30', 'closes': '20:30'}]","{'@type': 'PostalAddress', 'addressLocality': 'Menomonee Falls', 'addressRegion': 'WI', 'postalCode': '53051', 'addressCountry': 'US', 'streetAddress': 'N95 W18181 Appleton Ave'}","{'@type': 'GeoCoordinates', 'latitude': 43.1906138, 'longitude': -88.1352411}","{'@type': 'AggregateRating', 'ratingValue': 4.3, 'reviewCount': '45'}"
Buffalo Wild Wings (N96W17990 County Line Rd),https://www.ubereats.com/milwaukee/food-delivery/buffalo-wild-wings-n96w17990-county-line-rd/VZj09PBtQe2iDUm8AML5VQ,germantown-wisconsin,['wings'],4.0,68,$$,43.1927737,-88.1323797,+12622511780,53022,N96W17990 County Line Rd,Germantown,WI,"[{'@type': 'OpeningHoursSpecification', 'dayOfWeek': ['Sunday', 'Monday', 'Tuesday', 'Wednesday', 'Thursday'], 'opens': '11:0', 'closes': '22:0'}, {'@type': 'OpeningHoursSpecification', 'dayOfWeek': ['Friday', 'Saturday'], 'opens': '11:0', 'closes': '23:0'}]","{'@type': 'PostalAddress', 'addressLocality': 'Germantown', 'addressRegion': 'WI', 'postalCode': '53022', 'addressCountry': 'US', 'streetAddress': 'N96W17990 County Line Rd'}","{'@type': 'GeoCoordinates', 'latitude': 43.1927737, 'longitude': -88.1323797}","{'@type': 'AggregateRating', 'ratingValue': 4, 'reviewCount': '68'}"
Chipotle Mexican Grill (W176N9360 River Crest Dr),https://www.ubereats.com/milwaukee/food-delivery/chipotle-mexican-grill-w176n9360-river-crest-dr/ptulEryzS-ex3uvC6DDMxQ,germantown-wisconsin,"['Healthy', 'Mexican']",4.6,96,$,43.18780760000001,-88.12779689999999,+12622513306,53051,W176N9360 River Crest Dr,Menomonee Falls,WI,"[{'@type': 'OpeningHoursSpecification', 'dayOfWeek': ['Monday', 'Tuesday', 'Wednesday', 'Thursday', 'Friday', 'Saturday', 'Sunday'], 'opens': '10:45', 'closes': '21:40'}]","{'@type': 'PostalAddress', 'addressLocality': 'Menomonee Falls', 'addressRegion': 'WI', 'postalCode': '53051', 'addressCountry': 'US', 'streetAddress': 'W176N9360 River Crest Dr'}","{'@type': 'GeoCoordinates', 'latitude': 43.18780760000001, 'longitude': -88.12779689999999}","{'@type': 'AggregateRating', 'ratingValue': 4.6, 'reviewCount': '96'}"
Sobelman's Pub and Grill (Northshore),https://www.ubereats.com/milwaukee/food-delivery/sobelmans-pub-and-grill-northshore/YPW8X8bLSOGSYOiS4lorPw,germantown-wisconsin,"['American', 'Burgers']",4.7,70,$,43.206497,-87.923962,+12622369899,53092,10352 N Port Washington Rd,Mequon,WI,"[{'@type': 'OpeningHoursSpecification', 'dayOfWeek': ['Sunday', 'Monday', 'Tuesday', 'Wednesday', 'Thursday'], 'opens': '11:0', 'closes': '8:0'}, {'@type': 'OpeningHoursSpecification', 'dayOfWeek': 'Friday', 'opens': '11:0', 'closes': '8:0'}, {'@type': 'OpeningHoursSpecification', 'dayOfWeek': 'Friday', 'opens': '11:15', 'closes': '21:45'}, {'@type': 'OpeningHoursSpecification', 'dayOfWeek': 'Saturday', 'opens': '11:0', 'closes': '8:0'}]","{'@type': 'PostalAddress', 'addressLocality': 'Mequon', 'addressRegion': 'WI', 'postalCode': '53092', 'addressCountry': 'US', 'streetAddress': '10352 N Port Washington Rd'}","{'@type': 'GeoCoordinates', 'latitude': 43.206497, 'longitude': -87.923962}","{'@type': 'AggregateRating', 'ratingValue': 4.7, 'reviewCount': '70'}"
Crispy Kitchen ,https://www.ubereats.com/milwaukee/food-delivery/crispy-kitchen/oKhe2LWTQQ64qUXU9yw8CA,germantown-wisconsin,"['American', 'Chicken', 'Juice and Smoothies', 'Family Meals']",,,$$,43.1489188,-87.9562622,+14143526667,53209,7222 N Teutonia Ave,Milwaukee,WI,"[{'@type': 'OpeningHoursSpecification', 'dayOfWeek': ['Monday', 'Tuesday', 'Wednesday', 'Thursday', 'Friday', 'Saturday'], 'opens': '11:0', 'closes': '19:0'}]","{'@type': 'PostalAddress', 'addressLocality': 'Milwaukee', 'addressRegion': 'WI', 'postalCode': '53209', 'addressCountry': 'US', 'streetAddress': '7222 N Teutonia Ave'}","{'@type': 'GeoCoordinates', 'latitude': 43.1489188, 'longitude': -87.9562622}",{}
KFC (7242 N. Teutonia Ave.),https://www.ubereats.com/milwaukee/food-delivery/kfc-7242-n-teutonia-ave/KSmqEhflSPGC13nE0TeU1Q,germantown-wisconsin,"['American', 'Fast Food', 'wings']",4.1,47,$,43.1494536,-87.95651509999999,+14143514495,53209,7242 N. Teutonia Ave.,Milwaukee,WI,"[{'@type': 'OpeningHoursSpecification', 'dayOfWeek': ['Monday', 'Tuesday', 'Wednesday', 'Thursday', 'Friday', 'Saturday', 'Sunday'], 'opens': '10:30', 'closes': '21:30'}]","{'@type': 'PostalAddress', 'addressLocality': 'Milwaukee', 'addressRegion': 'WI', 'postalCode': '53209', 'addressCountry': 'US', 'streetAddress': '7242 N. Teutonia Ave.'}","{'@type': 'GeoCoordinates', 'latitude': 43.1494536, 'longitude': -87.95651509999999}","{'@type': 'AggregateRating', 'ratingValue': 4.1, 'reviewCount': '47'}"
O So Good,https://www.ubereats.com/milwaukee/food-delivery/o-so-good/Ph-SBzirT2iieh2R6H4tbg,germantown-wisconsin,"['Asian', 'Korean', 'Chinese']",4.5,77,$,43.1325249,-88.0064182,+14149790043,53218,6309 N 76th St,Milwaukee,WI,"[{'@type': 'OpeningHoursSpecification', 'dayOfWeek': ['Monday', 'Tuesday', 'Wednesday', 'Thursday', 'Friday', 'Saturday'], 'opens': '11:0', 'closes': '20:0'}]","{'@type': 'PostalAddress', 'addressLocality': 'Milwaukee', 'addressRegion': 'WI', 'postalCode': '53218', 'addressCountry': 'US', 'streetAddress': '6309 N 76th St'}","{'@type': 'GeoCoordinates', 'latitude': 43.1325249, 'longitude': -88.0064182}","{'@type': 'AggregateRating', 'ratingValue': 4.5, 'reviewCount': '77'}"
Kurt Schulz Delicatessen & Restaurant (Mikwaukee),https://www.ubereats.com/milwaukee/food-delivery/kurt-schulz-delicatessen-%26-restaurant-mikwaukee/vggXrgrQShSn-qGwOabGhg,germantown-wisconsin,"['Sandwiches', 'American', 'Healthy']",4.9,16,$,43.1771414,-87.9636172,+14143541004,53209,8752 N Deerwood Dr,Milwaukee,WI,"[{'@type': 'OpeningHoursSpecification', 'dayOfWeek': ['Tuesday', 'Wednesday', 'Thursday', 'Friday'], 'opens': '6:30', 'closes': '17:0'}, {'@type': 'OpeningHoursSpecification', 'dayOfWeek': 'Saturday', 'opens': '6:30', 'closes': '15:0'}]","{'@type': 'PostalAddress', 'addressLocality': 'Milwaukee', 'addressRegion': 'WI', 'postalCode': '53209', 'addressCountry': 'US', 'streetAddress': '8752 N Deerwood Dr'}","{'@type': 'GeoCoordinates', 'latitude': 43.1771414, 'longitude': -87.9636172}","{'@type': 'AggregateRating', 'ratingValue': 4.9, 'reviewCount': '16'}"
Noodles & Company (10942 N Port Washington Rd),https://www.ubereats.com/milwaukee/food-delivery/noodles-%26-company-10942-n-port-washington-rd/rJa2VoMMQg6IUpsH3Lsk3A,germantown-wisconsin,"['Healthy', 'Pasta', 'Comfort Food', 'American', 'Italian', 'Chinese', 'Noodles', 'Family Meals']",4.8,31,$,43.21763389999999,-87.9231379,+12622408406,53092,10942 N Port Washington Rd,Mequon,WI,"[{'@type': 'OpeningHoursSpecification', 'dayOfWeek': ['Monday', 'Tuesday', 'Wednesday', 'Thursday', 'Friday', 'Saturday', 'Sunday'], 'opens': '10:30', 'closes': '20:45'}]","{'@type': 'PostalAddress', 'addressLocality': 'Mequon', 'addressRegion': 'WI', 'postalCode': '53092', 'addressCountry': 'US', 'streetAddress': '10942 N Port Washington Rd'}","{'@type': 'GeoCoordinates', 'latitude': 43.21763389999999, 'longitude': -87.9231379}","{'@type': 'AggregateRating', 'ratingValue': 4.8, 'reviewCount': '31'}"
Papa John's (Brown Deer),https://www.ubereats.com/milwaukee/food-delivery/papa-johns-brown-deer/mu0xf-WHQIm-7Da80hlT4Q,germantown-wisconsin,"['Pizza', 'Wings']",4.2,13,$,43.162446,-87.965528,+14144340166,53209,7979 N Sherman Blvd,Milwaukee,Wisconsin,"[{'@type': 'OpeningHoursSpecification', 'dayOfWeek': ['Monday', 'Tuesday', 'Wednesday', 'Thursday', 'Friday', 'Saturday', 'Sunday'], 'opens': '10:0', 'closes': '21:40'}]","{'@type': 'PostalAddress', 'addressLocality': 'Milwaukee', 'addressRegion': 'Wisconsin', 'postalCode': '53209', 'addressCountry': 'US', 'streetAddress': '7979 N Sherman Blvd'}","{'@type': 'GeoCoordinates', 'latitude': 43.162446, 'longitude': -87.965528}","{'@type': 'AggregateRating', 'ratingValue': 4.2, 'reviewCount': '13'}"
Yen Ching (Milwaukee),https://www.ubereats.com/milwaukee/food-delivery/yen-ching-milwaukee/vZKgBS2QSY2FzRir7G7FaQ,germantown-wisconsin,"['Chinese', 'Asian', 'Asian Fusion']",4.4,32,$,43.1490466,-88.0065426,+14143536677,53223,7630 W Good Hope Rd,Milwaukee,WI,"[{'@type': 'OpeningHoursSpecification', 'dayOfWeek': 'Sunday', 'opens': '11:0', 'closes': '14:30'}, {'@type': 'OpeningHoursSpecification', 'dayOfWeek': 'Sunday', 'opens': '16:30', 'closes': '20:45'}, {'@type': 'OpeningHoursSpecification', 'dayOfWeek': 'Sunday', 'opens': '11:0', 'closes': '14:30'}, {'@type': 'OpeningHoursSpecification', 'dayOfWeek': 'Sunday', 'opens': '11:0', 'closes': '14:30'}, {'@type': 'OpeningHoursSpecification', 'dayOfWeek': 'Sunday', 'opens': '16:30', 'closes': '20:45'}, {'@type': 'OpeningHoursSpecification', 'dayOfWeek': ['Monday', 'Tuesday', 'Wednesday', 'Thursday'], 'opens': '11:30', 'closes': '14:30'}, {'@type': 'OpeningHoursSpecification', 'dayOfWeek': ['Monday', 'Tuesday', 'Wednesday', 'Thursday'], 'opens': '16:30', 'closes': '20:45'}, {'@type': 'OpeningHoursSpecification', 'dayOfWeek': ['Monday', 'Tuesday', 'Wednesday', 'Thursday'], 'opens': '11:30', 'closes': '14:30'}, {'@type': 'OpeningHoursSpecification', 'dayOfWeek': ['Monday', 'Tuesday', 'Wednesday', 'Thursday'], 'opens': '11:30', 'closes': '14:30'}, {'@type': 'OpeningHoursSpecification', 'dayOfWeek': ['Monday', 'Tuesday', 'Wednesday', 'Thursday'], 'opens': '16:30', 'closes': '20:45'}, {'@type': 'OpeningHoursSpecification', 'dayOfWeek': 'Friday', 'opens': '11:30', 'closes': '14:30'}, {'@type': 'OpeningHoursSpecification', 'dayOfWeek': 'Friday', 'opens': '16:30', 'closes': '21:15'}, {'@type': 'OpeningHoursSpecification', 'dayOfWeek': 'Friday', 'opens': '11:30', 'closes': '14:30'}, {'@type': 'OpeningHoursSpecification', 'dayOfWeek': 'Friday', 'opens': '11:30', 'closes': '14:30'}, {'@type': 'OpeningHoursSpecification', 'dayOfWeek': 'Friday', 'opens': '16:30', 'closes': '21:15'}, {'@type': 'OpeningHoursSpecification', 'dayOfWeek': 'Saturday', 'opens': '16:30', 'closes': '21:15'}, {'@type': 'OpeningHoursSpecification', 'dayOfWeek': 'Saturday', 'opens': '11:30', 'closes': '14:30'}, {'@type': 'OpeningHoursSpecification', 'dayOfWeek': 'Saturday', 'opens': '16:30', 'closes': '21:15'}]","{'@type': 'PostalAddress', 'addressLocality': 'Milwaukee', 'addressRegion': 'WI', 'postalCode': '53223', 'addressCountry': 'US', 'streetAddress': '7630 W Good Hope Rd'}","{'@type': 'GeoCoordinates', 'latitude': 43.1490466, 'longitude': -88.0065426}","{'@type': 'AggregateRating', 'ratingValue': 4.4, 'reviewCount': '32'}"
Kraverz Frozen Custard (Mikwaukee),https://www.ubereats.com/milwaukee/food-delivery/kraverz-frozen-custard-mikwaukee/jxjXre5JQA-onM7ivdhtew,germantown-wisconsin,"['Ice Cream & Frozen Yogurt', 'Comfort Food', 'Desserts']",4.8,200,$,43.17779890000001,-88.1001884,+12622555728,53051,N88W15325 Main St,Menomonee Falls,WI,"[{'@type': 'OpeningHoursSpecification', 'dayOfWeek': ['Monday', 'Tuesday', 'Wednesday', 'Thursday', 'Friday', 'Saturday', 'Sunday'], 'opens': '10:0', 'closes': '20:40'}]","{'@type': 'PostalAddress', 'addressLocality': 'Menomonee Falls', 'addressRegion': 'WI', 'postalCode': '53051', 'addressCountry': 'US', 'streetAddress': 'N88W15325 Main St'}","{'@type': 'GeoCoordinates', 'latitude': 43.17779890000001, 'longitude': -88.1001884}","{'@type': 'AggregateRating', 'ratingValue': 4.8, 'reviewCount': '200'}"
Burger King (N96w 17655 County Line Road),https://www.ubereats.com/milwaukee/food-delivery/burger-king-n96w-17655-county-line-road/KamQlpEpQ_6Kdj7N1ewbdw,germantown-wisconsin,"['American', 'burger', 'Fast Food']",,,$,43.1931397,-88.14535599999999,+12622550177,53022,N96w 17655 County Line Road,Germantown,WI,"[{'@type': 'OpeningHoursSpecification', 'dayOfWeek': 'Sunday', 'opens': '7:30', 'closes': '10:29'}, {'@type': 'OpeningHoursSpecification', 'dayOfWeek': 'Sunday', 'opens': '10:30', 'closes': '20:30'}, {'@type': 'OpeningHoursSpecification', 'dayOfWeek': ['Monday', 'Tuesday', 'Wednesday', 'Thursday', 'Friday', 'Saturday'], 'opens': '6:30', 'closes': '10:29'}, {'@type': 'OpeningHoursSpecification', 'dayOfWeek': ['Monday', 'Tuesday', 'Wednesday', 'Thursday', 'Friday', 'Saturday'], 'opens': '10:30', 'closes': '20:30'}]","{'@type': 'PostalAddress', 'addressLocality': 'Germantown', 'addressRegion': 'WI', 'postalCode': '53022', 'addressCountry': 'US', 'streetAddress': 'N96w 17655 County Line Road'}","{'@type': 'GeoCoordinates', 'latitude': 43.1931397, 'longitude': -88.14535599999999}",{}
Hong Kong Express,https://www.ubereats.com/milwaukee/food-delivery/hong-kong-express/UiN-98SuRzmpkT1JlW5ilg,germantown-wisconsin,"['Chinese', 'Family Meals']",4.3,163,$,43.149154,-88.003337,+14143531888,53223,7420 Good Hope Rd,Milwaukee,WI,"[{'@type': 'OpeningHoursSpecification', 'dayOfWeek': ['Monday', 'Tuesday', 'Wednesday', 'Thursday', 'Friday', 'Saturday', 'Sunday'], 'opens': '11:0', 'closes': '21:30'}]","{'@type': 'PostalAddress', 'addressLocality': 'Milwaukee', 'addressRegion': 'WI', 'postalCode': '53223', 'addressCountry': 'US', 'streetAddress': '7420 Good Hope Rd'}","{'@type': 'GeoCoordinates', 'latitude': 43.149154, 'longitude': -88.003337}","{'@type': 'AggregateRating', 'ratingValue': 4.3, 'reviewCount': '163'}"
Taco Bell (4143 North 76th Street),https://www.ubereats.com/milwaukee/food-delivery/taco-bell-4143-north-76th-street/JMNw9SVkQ4SRpePfuDkWDQ,germantown-wisconsin,"['Burritos', 'Fast Food', 'Mexican']",3.9,159,$,43.0928745,-88.00767979999999,+14145271227,53222,4143 North 76th Street,Milwaukee,WI,"[{'@type': 'OpeningHoursSpecification', 'dayOfWeek': ['Sunday', 'Monday', 'Tuesday', 'Wednesday', 'Thursday'], 'opens': '14:0', 'closes': '17:0'}, {'@type': 'OpeningHoursSpecification', 'dayOfWeek': ['Sunday', 'Monday', 'Tuesday', 'Wednesday', 'Thursday'], 'opens': '9:0', 'closes': '0:30'}, {'@type': 'OpeningHoursSpecification', 'dayOfWeek': ['Sunday', 'Monday', 'Tuesday', 'Wednesday', 'Thursday'], 'opens': '7:0', 'closes': '10:30'}, {'@type': 'OpeningHoursSpecification', 'dayOfWeek': ['Friday', 'Saturday'], 'opens': '14:0', 'closes': '17:0'}, {'@type': 'OpeningHoursSpecification', 'dayOfWeek': ['Friday', 'Saturday'], 'opens': '7:0', 'closes': '10:30'}, {'@type': 'OpeningHoursSpecification', 'dayOfWeek': ['Friday', 'Saturday'], 'opens': '9:0', 'closes': '1:30'}]","{'@type': 'PostalAddress', 'addressLocality': 'Milwaukee', 'addressRegion': 'WI', 'postalCode': '53222', 'addressCountry': 'US', 'streetAddress': '4143 North 76th Street'}","{'@type': 'GeoCoordinates', 'latitude': 43.0928745, 'longitude': -88.00767979999999}","{'@type': 'AggregateRating', 'ratingValue': 3.9, 'reviewCount': '159'}"
Chipotle Mexican Grill (3705 N 124Th St Ste 200),https://www.ubereats.com/milwaukee/food-delivery/chipotle-mexican-grill-3705-n-124th-st-ste-200/XHt9YK1YQa-XrWoNULoQzw,germantown-wisconsin,"['Healthy', 'Mexican']",4.3,76,$,43.0855182,-88.0669611,+12627813692,53005,3705 N 124Th St Ste 200,Brookfield,WI,"[{'@type': 'OpeningHoursSpecification', 'dayOfWeek': ['Monday', 'Tuesday', 'Wednesday', 'Thursday', 'Friday', 'Saturday', 'Sunday'], 'opens': '10:45', 'closes': '21:40'}]","{'@type': 'PostalAddress', 'addressLocality': 'Brookfield', 'addressRegion': 'WI', 'postalCode': '53005', 'addressCountry': 'US', 'streetAddress': '3705 N 124Th St Ste 200'}","{'@type': 'GeoCoordinates', 'latitude': 43.0855182, 'longitude': -88.0669611}","{'@type': 'AggregateRating', 'ratingValue': 4.3, 'reviewCount': '76'}"
KFC (5444 North Lovers Lane),https://www.ubereats.com/milwaukee/food-delivery/kfc-5444-north-lovers-lane/Mgh_h0qSRHiVYc9DA1DMjg,germantown-wisconsin,"['American', 'Fast Food', 'wings']",,,$,43.1167935,-88.0551775,+14145366680,53225,5444 North Lovers Lane,Milwaukee,WI,"[{'@type': 'OpeningHoursSpecification', 'dayOfWeek': 'Sunday', 'opens': '10:0', 'closes': '22:0'}, {'@type': 'OpeningHoursSpecification', 'dayOfWeek': ['Monday', 'Tuesday', 'Wednesday', 'Thursday', 'Friday', 'Saturday'], 'opens': '10:30', 'closes': '22:0'}]","{'@type': 'PostalAddress', 'addressLocality': 'Milwaukee', 'addressRegion': 'WI', 'postalCode': '53225', 'addressCountry': 'US', 'streetAddress': '5444 North Lovers Lane'}","{'@type': 'GeoCoordinates', 'latitude': 43.1167935, 'longitude': -88.0551775}",{}
MOD Pizza (Pewaukee),https://www.ubereats.com/milwaukee/food-delivery/mod-pizza-pewaukee/CftSKLPySQmdDGZh31JlpQ,germantown-wisconsin,"['Pizza', 'Desserts', 'Salads', 'American', 'Healthy', 'Vegetarian Friendly', 'Kids Friendly']",4.6,39,$,43.082839,-88.2275571,+12622648284,53072,1450 Capital Dr,Pewaukee,WI,"[{'@type': 'OpeningHoursSpecification', 'dayOfWeek': ['Monday', 'Tuesday', 'Wednesday', 'Thursday', 'Friday', 'Saturday', 'Sunday'], 'opens': '10:30', 'closes': '21:40'}]","{'@type': 'PostalAddress', 'addressLocality': 'Pewaukee', 'addressRegion': 'WI', 'postalCode': '53072', 'addressCountry': 'US', 'streetAddress': '1450 Capital Dr'}","{'@type': 'GeoCoordinates', 'latitude': 43.082839, 'longitude': -88.2275571}","{'@type': 'AggregateRating', 'ratingValue': 4.6, 'reviewCount': '39'}"
Screaming Tuna,https://www.ubereats.com/milwaukee/food-delivery/screaming-tuna/myXK8IlmROWUcU1n_epStg,germantown-wisconsin,"['Japanese', 'Asian', 'Sushi', 'Allergy Friendly']",4.6,75,$,43.22202779999999,-87.9868369,+12626434385,53092,6300 W,Mequon,Wisconsin,"[{'@type': 'OpeningHoursSpecification', 'dayOfWeek': ['Sunday', 'Monday', 'Tuesday', 'Wednesday', 'Thursday'], 'opens': '11:0', 'closes': '19:30'}, {'@type': 'OpeningHoursSpecification', 'dayOfWeek': ['Friday', 'Saturday'], 'opens': '11:0', 'closes': '20:30'}]","{'@type': 'PostalAddress', 'addressLocality': 'Mequon', 'addressRegion': 'Wisconsin', 'postalCode': '53092', 'addressCountry': 'US', 'streetAddress': '6300 W'}","{'@type': 'GeoCoordinates', 'latitude': 43.22202779999999, 'longitude': -87.9868369}","{'@type': 'AggregateRating', 'ratingValue': 4.6, 'reviewCount': '75'}"
Rocky Rococos,https://www.ubereats.com/milwaukee/food-delivery/rocky-rococos/0y45Fo0qToyDVv76if1IkA,germantown-wisconsin,['Pizza'],4.1,54,$$,43.17821439999999,-88.01330759999999,+14143555222,53223,"8300 W Brown Deer Rd, 1",Milwaukee,WI,"[{'@type': 'OpeningHoursSpecification', 'dayOfWeek': 'Sunday', 'opens': '11:0', 'closes': '19:30'}, {'@type': 'OpeningHoursSpecification', 'dayOfWeek': ['Monday', 'Tuesday', 'Wednesday', 'Thursday'], 'opens': '10:30', 'closes': '19:30'}, {'@type': 'OpeningHoursSpecification', 'dayOfWeek': ['Friday', 'Saturday'], 'opens': '10:30', 'closes': '20:30'}]","{'@type': 'PostalAddress', 'addressLocality': 'Milwaukee', 'addressRegion': 'WI', 'postalCode': '53223', 'addressCountry': 'US', 'streetAddress': '8300 W Brown Deer Rd, 1'}","{'@type': 'GeoCoordinates', 'latitude': 43.17821439999999, 'longitude': -88.01330759999999}","{'@type': 'AggregateRating', 'ratingValue': 4.1, 'reviewCount': '54'}"
Dunkin' (7272 N 76th St),https://www.ubereats.com/milwaukee/food-delivery/dunkin-7272-n-76th-st/0c_t1gBTTh-uzAfP6qRlTw,germantown-wisconsin,"['Breakfast and Brunch', 'Donuts']",4.2,62,$,43.1505305,-88.0048504,+14147970994,53223,7272 N 76th St,Milwaukee,WI,"[{'@type': 'OpeningHoursSpecification', 'dayOfWeek': ['Monday', 'Tuesday', 'Wednesday', 'Thursday', 'Friday', 'Saturday', 'Sunday'], 'opens': '5:0', 'closes': '18:0'}]","{'@type': 'PostalAddress', 'addressLocality': 'Milwaukee', 'addressRegion': 'WI', 'postalCode': '53223', 'addressCountry': 'US', 'streetAddress': '7272 N 76th St'}","{'@type': 'GeoCoordinates', 'latitude': 43.1505305, 'longitude': -88.0048504}","{'@type': 'AggregateRating', 'ratingValue': 4.2, 'reviewCount': '62'}"
IHOP (Brown Deer),https://www.ubereats.com/milwaukee/food-delivery/ihop-brown-deer/uJdTeNNvSzW5iYpidNDBdQ,germantown-wisconsin,"['American', 'Breakfast and Brunch', 'Family Meals']",3.7,53,$$,43.177278,-88.010383,+14143712356,,8101 W Brown Deer Rd,Milwaukee,Wisconsin,"[{'@type': 'OpeningHoursSpecification', 'dayOfWeek': ['Monday', 'Tuesday', 'Wednesday', 'Thursday', 'Friday', 'Saturday', 'Sunday'], 'opens': '6:0', 'closes': '21:50'}]","{'@type': 'PostalAddress', 'addressLocality': 'Milwaukee', 'addressRegion': 'Wisconsin', 'postalCode': '', 'addressCountry': 'US', 'streetAddress': '8101 W Brown Deer Rd'}","{'@type': 'GeoCoordinates', 'latitude': 43.177278, 'longitude': -88.010383}","{'@type': 'AggregateRating', 'ratingValue': 3.7, 'reviewCount': '53'}"
8900 Bistro,https://www.ubereats.com/milwaukee/food-delivery/8900-bistro/qJ9nPbxbS_6UCyy2JJHNHQ,germantown-wisconsin,"['Burgers', 'American', 'Sandwiches']",4.7,16,$,43.18002269999999,-87.95875029999999,+14143558585,53209,8900 N Kildeer Ct,Brown Deer,WI,"[{'@type': 'OpeningHoursSpecification', 'dayOfWeek': ['Monday', 'Tuesday', 'Wednesday', 'Thursday', 'Friday', 'Saturday', 'Sunday'], 'opens': '17:0', 'closes': '21:0'}]","{'@type': 'PostalAddress', 'addressLocality': 'Brown Deer', 'addressRegion': 'WI', 'postalCode': '53209', 'addressCountry': 'US', 'streetAddress': '8900 N Kildeer Ct'}","{'@type': 'GeoCoordinates', 'latitude': 43.18002269999999, 'longitude': -87.95875029999999}","{'@type': 'AggregateRating', 'ratingValue': 4.7, 'reviewCount': '16'}"
Park Place Cafe,https://www.ubereats.com/milwaukee/food-delivery/park-place-cafe/qkglfWVRSHu4FKYuJiOagw,germantown-wisconsin,"['Breakfast and Brunch', 'American', 'Sandwiches']",4.7,83,$,43.148966,-88.0458984,+14142365855,53224,10843 West Park Place,Milwaukee,WI,"[{'@type': 'OpeningHoursSpecification', 'dayOfWeek': ['Monday', 'Tuesday', 'Wednesday', 'Thursday', 'Friday', 'Saturday', 'Sunday'], 'opens': '6:30', 'closes': '15:0'}]","{'@type': 'PostalAddress', 'addressLocality': 'Milwaukee', 'addressRegion': 'WI', 'postalCode': '53224', 'addressCountry': 'US', 'streetAddress': '10843 West Park Place'}","{'@type': 'GeoCoordinates', 'latitude': 43.148966, 'longitude': -88.0458984}","{'@type': 'AggregateRating', 'ratingValue': 4.7, 'reviewCount': '83'}"
Panda Express (N96w 17698 County Line Rd.),https://www.ubereats.com/milwaukee/food-delivery/panda-express-n96w-17698-county-line-rd/hnh9CBKgR-ac9p5jHddbWg,germantown-wisconsin,"['Chinese', 'Family Meals']",4.6,56,$,43.192952,-88.1294839,+12622511268,53022,N96w17698 County Line Rd.,Germantown,WI,"[{'@type': 'OpeningHoursSpecification', 'dayOfWeek': ['Monday', 'Tuesday', 'Wednesday', 'Thursday', 'Friday', 'Saturday', 'Sunday'], 'opens': '10:30', 'closes': '20:30'}]","{'@type': 'PostalAddress', 'addressLocality': 'Germantown', 'addressRegion': 'WI', 'postalCode': '53022', 'addressCountry': 'US', 'streetAddress': 'N96w17698 County Line Rd.'}","{'@type': 'GeoCoordinates', 'latitude': 43.192952, 'longitude': -88.1294839}","{'@type': 'AggregateRating', 'ratingValue': 4.6, 'reviewCount': '56'}"
Pizza Crafters,https://www.ubereats.com/milwaukee/food-delivery/pizza-crafters/4nK7jiwvQBaF4af9xGrldg,germantown-wisconsin,"['Pizza', 'Salads']",4.6,32,$,43.11967899999999,-88.104236,+12627819400,53051,15560 Silver Spring Dr N56,Menomonee Falls,WI,"[{'@type': 'OpeningHoursSpecification', 'dayOfWeek': 'Sunday', 'opens': '11:0', 'closes': '19:0'}, {'@type': 'OpeningHoursSpecification', 'dayOfWeek': ['Tuesday', 'Wednesday', 'Thursday', 'Friday', 'Saturday'], 'opens': '11:0', 'closes': '19:0'}]","{'@type': 'PostalAddress', 'addressLocality': 'Menomonee Falls', 'addressRegion': 'WI', 'postalCode': '53051', 'addressCountry': 'US', 'streetAddress': '15560 Silver Spring Dr N56'}","{'@type': 'GeoCoordinates', 'latitude': 43.11967899999999, 'longitude': -88.104236}","{'@type': 'AggregateRating', 'ratingValue': 4.6, 'reviewCount': '32'}"
Toppers Pizza (Menomonee Falls),https://www.ubereats.com/milwaukee/food-delivery/toppers-pizza-menomonee-falls/z9T-AvPkTxu_4vUqsy65oA,germantown-wisconsin,['Pizza'],3.9,15,$,43.178746,-88.102619,+12622570707,53051,N88W15515 Main St.,Menomonie Falls,WI,"[{'@type': 'OpeningHoursSpecification', 'dayOfWeek': ['Monday', 'Tuesday', 'Wednesday', 'Thursday', 'Friday', 'Saturday', 'Sunday'], 'opens': '10:30', 'closes': '23:59'}]","{'@type': 'PostalAddress', 'addressLocality': 'Menomonie Falls', 'addressRegion': 'WI', 'postalCode': '53051', 'addressCountry': 'US', 'streetAddress': 'N88W15515 Main St.'}","{'@type': 'GeoCoordinates', 'latitude': 43.178746, 'longitude': -88.102619}","{'@type': 'AggregateRating', 'ratingValue': 3.9, 'reviewCount': '15'}"
Manhattan Mocha Cafe,https://www.ubereats.com/milwaukee/food-delivery/manhattan-mocha-cafe/y3gE_tfQTcOHtTgKPmV1PQ,germantown-wisconsin,"['Coffee and Tea', 'American', 'Breakfast and Brunch', 'Allergy Friendly']",3.8,46,$,43.09072760000001,-88.0084063,+14144558090,53222,7600 W Capitol Dr,Milwaukee,WI,"[{'@type': 'OpeningHoursSpecification', 'dayOfWeek': ['Monday', 'Tuesday', 'Wednesday', 'Thursday', 'Friday', 'Saturday'], 'opens': '6:30', 'closes': '17:30'}]","{'@type': 'PostalAddress', 'addressLocality': 'Milwaukee', 'addressRegion': 'WI', 'postalCode': '53222', 'addressCountry': 'US', 'streetAddress': '7600 W Capitol Dr'}","{'@type': 'GeoCoordinates', 'latitude': 43.09072760000001, 'longitude': -88.0084063}","{'@type': 'AggregateRating', 'ratingValue': 3.8, 'reviewCount': '46'}"
Popeyes Louisiana Kitchen (7525 W Good Hope Rd),https://www.ubereats.com/milwaukee/food-delivery/popeyes-louisiana-kitchen-7525-w-good-hope-rd/sXjbzfBHQSW2eXXy3JBtqQ,germantown-wisconsin,"['American', 'Chicken', 'Pasta', 'Family Meals']",3.0,63,$,43.1483327,-88.004785,+14143539925,53223,7525 W Good Hope Rd,Milwaukee,WI,"[{'@type': 'OpeningHoursSpecification', 'dayOfWeek': ['Sunday', 'Monday', 'Tuesday', 'Wednesday', 'Thursday'], 'opens': '10:30', 'closes': '21:30'}, {'@type': 'OpeningHoursSpecification', 'dayOfWeek': ['Friday', 'Saturday'], 'opens': '10:30', 'closes': '22:30'}]","{'@type': 'PostalAddress', 'addressLocality': 'Milwaukee', 'addressRegion': 'WI', 'postalCode': '53223', 'addressCountry': 'US', 'streetAddress': '7525 W Good Hope Rd'}","{'@type': 'GeoCoordinates', 'latitude': 43.1483327, 'longitude': -88.004785}","{'@type': 'AggregateRating', 'ratingValue': 3, 'reviewCount': '63'}"
Quiznos,https://www.ubereats.com/milwaukee/food-delivery/quiznos/sLctLvyiS5WWCrkZBw3wKQ,germantown-wisconsin,"['American', 'Sandwich']",,,$,43.180349,-88.119968,+12624371060,,,,,"[{'@type': 'OpeningHoursSpecification', 'dayOfWeek': 'Sunday', 'opens': '11:0', 'closes': '19:0'}, {'@type': 'OpeningHoursSpecification', 'dayOfWeek': ['Monday', 'Tuesday', 'Wednesday', 'Thursday', 'Friday', 'Saturday'], 'opens': '9:45', 'closes': '20:0'}]",,"{'@type': 'GeoCoordinates', 'latitude': 43.180349, 'longitude': -88.119968}",{}
Denny's (8001 W Brown Deer Rd),https://www.ubereats.com/milwaukee/food-delivery/dennys-8001-w-brown-deer-rd/b3fGbGbkTdOj9crFTwZj5A,germantown-wisconsin,"['Sandwich', 'Breakfast and Brunch', 'American', 'Salads', 'Steak', 'Family Meals']",4.3,97,$,43.177327,-88.009715,+14143556865,53223,8001 W Brown Deer Rd,Milwaukee,WI,"[{'@type': 'OpeningHoursSpecification', 'dayOfWeek': ['Monday', 'Tuesday', 'Wednesday', 'Thursday', 'Friday', 'Saturday', 'Sunday'], 'opens': '6:0', 'closes': '23:0'}]","{'@type': 'PostalAddress', 'addressLocality': 'Milwaukee', 'addressRegion': 'WI', 'postalCode': '53223', 'addressCountry': 'US', 'streetAddress': '8001 W Brown Deer Rd'}","{'@type': 'GeoCoordinates', 'latitude': 43.177327, 'longitude': -88.009715}","{'@type': 'AggregateRating', 'ratingValue': 4.3, 'reviewCount': '97'}"
Bowls (Mequon),https://www.ubereats.com/milwaukee/food-delivery/bowls-mequon/sytYiuFHSW6OYustAQEciw,germantown-wisconsin,"['Healthy', 'Vegetarian', 'Salads']",,,$,43.22202779999999,-87.9868369,+14147165240,53092,6300 W,Mequon,WI,"[{'@type': 'OpeningHoursSpecification', 'dayOfWeek': ['Monday', 'Tuesday', 'Wednesday', 'Thursday', 'Friday', 'Saturday', 'Sunday'], 'opens': '11:0', 'closes': '21:0'}]","{'@type': 'PostalAddress', 'addressLocality': 'Mequon', 'addressRegion': 'WI', 'postalCode': '53092', 'addressCountry': 'US', 'streetAddress': '6300 W'}","{'@type': 'GeoCoordinates', 'latitude': 43.22202779999999, 'longitude': -87.9868369}",{}
Potbelly Sandwich Shop (Shoppers World | 112),https://www.ubereats.com/milwaukee/food-delivery/potbelly-sandwich-shop-shoppers-world-%7C-112/H1WYAJNORq-Q8DeGtsL8pQ,germantown-wisconsin,"['Deli', 'Salads', 'Sandwich']",4.7,54,$,43.08852809999999,-88.0669242,+12627813150,53005,12455 W. Capitol Drive F,Brookfield,WI,"[{'@type': 'OpeningHoursSpecification', 'dayOfWeek': ['Monday', 'Tuesday', 'Wednesday', 'Thursday', 'Friday', 'Saturday', 'Sunday'], 'opens': '10:0', 'closes': '20:30'}]","{'@type': 'PostalAddress', 'addressLocality': 'Brookfield', 'addressRegion': 'WI', 'postalCode': '53005', 'addressCountry': 'US', 'streetAddress': '12455 W. Capitol Drive F'}","{'@type': 'GeoCoordinates', 'latitude': 43.08852809999999, 'longitude': -88.0669242}","{'@type': 'AggregateRating', 'ratingValue': 4.7, 'reviewCount': '54'}"
Asiana,https://www.ubereats.com/milwaukee/food-delivery/asiana/lN9XBtp3RlSMtLngnNQKZw,germantown-wisconsin,"['Asian Fusion', 'Asian', 'Korean']",4.7,91,$,43.0840348,-88.2387134,+12626953888,53072,1198 George Towne Dr,Pewaukee,WI,"[{'@type': 'OpeningHoursSpecification', 'dayOfWeek': 'Sunday', 'opens': '16:30', 'closes': '20:30'}, {'@type': 'OpeningHoursSpecification', 'dayOfWeek': 'Sunday', 'opens': '16:0', 'closes': '20:30'}, {'@type': 'OpeningHoursSpecification', 'dayOfWeek': ['Monday', 'Tuesday', 'Wednesday', 'Thursday'], 'opens': '16:30', 'closes': '20:30'}, {'@type': 'OpeningHoursSpecification', 'dayOfWeek': ['Monday', 'Tuesday', 'Wednesday', 'Thursday'], 'opens': '11:0', 'closes': '14:30'}, {'@type': 'OpeningHoursSpecification', 'dayOfWeek': 'Friday', 'opens': '16:30', 'closes': '21:0'}, {'@type': 'OpeningHoursSpecification', 'dayOfWeek': 'Friday', 'opens': '11:0', 'closes': '14:30'}, {'@type': 'OpeningHoursSpecification', 'dayOfWeek': 'Saturday', 'opens': '14:30', 'closes': '21:0'}, {'@type': 'OpeningHoursSpecification', 'dayOfWeek': 'Saturday', 'opens': '11:0', 'closes': '14:30'}]","{'@type': 'PostalAddress', 'addressLocality': 'Pewaukee', 'addressRegion': 'WI', 'postalCode': '53072', 'addressCountry': 'US', 'streetAddress': '1198 George Towne Dr'}","{'@type': 'GeoCoordinates', 'latitude': 43.0840348, 'longitude': -88.2387134}","{'@type': 'AggregateRating', 'ratingValue': 4.7, 'reviewCount': '91'}"
Chubby's Cheesesteaks (124th St & Feerick),https://www.ubereats.com/milwaukee/food-delivery/chubbys-cheesesteaks-124th-st-%26-feerick/8Sm362hWRgqBC6IaW33J9A,germantown-wisconsin,"['American', 'Pizza', 'Desserts', 'Family Meals']",4.0,87,$,43.086749999999995,-88.0670033,+12627819999,53005,3845 N 124th St,Brookfield,WI,"[{'@type': 'OpeningHoursSpecification', 'dayOfWeek': ['Sunday', 'Monday', 'Tuesday', 'Wednesday', 'Thursday'], 'opens': '22:0', 'closes': '0:45'}, {'@type': 'OpeningHoursSpecification', 'dayOfWeek': ['Friday', 'Saturday'], 'opens': '10:0', 'closes': '1:45'}]","{'@type': 'PostalAddress', 'addressLocality': 'Brookfield', 'addressRegion': 'WI', 'postalCode': '53005', 'addressCountry': 'US', 'streetAddress': '3845 N 124th St'}","{'@type': 'GeoCoordinates', 'latitude': 43.086749999999995, 'longitude': -88.0670033}","{'@type': 'AggregateRating', 'ratingValue': 4, 'reviewCount': '87'}"
McDonald's® (Appleton & Pilgrim),https://www.ubereats.com/milwaukee/food-delivery/mcdonalds-appleton-%26-pilgrim/BzQSYggfT3uppkOueLvsmg,germantown-wisconsin,"['American', 'Fast Food', 'Burgers']",4.3,112,$,43.1684356,-88.1032263,+12622510800,,,,,"[{'@type': 'OpeningHoursSpecification', 'dayOfWeek': 'Sunday', 'opens': '5:0', 'closes': '10:40'}, {'@type': 'OpeningHoursSpecification', 'dayOfWeek': 'Sunday', 'opens': '10:41', 'closes': '16:59'}, {'@type': 'OpeningHoursSpecification', 'dayOfWeek': 'Sunday', 'opens': '17:0', 'closes': '22:25'}, {'@type': 'OpeningHoursSpecification', 'dayOfWeek': ['Monday', 'Tuesday', 'Wednesday', 'Thursday', 'Friday'], 'opens': '5:0', 'closes': '10:15'}, {'@type': 'OpeningHoursSpecification', 'dayOfWeek': ['Monday', 'Tuesday', 'Wednesday', 'Thursday', 'Friday'], 'opens': '10:16', 'closes': '16:59'}, {'@type': 'OpeningHoursSpecification', 'dayOfWeek': ['Monday', 'Tuesday', 'Wednesday', 'Thursday', 'Friday'], 'opens': '17:0', 'closes': '22:25'}, {'@type': 'OpeningHoursSpecification', 'dayOfWeek': 'Saturday', 'opens': '5:0', 'closes': '10:40'}, {'@type': 'OpeningHoursSpecification', 'dayOfWeek': 'Saturday', 'opens': '10:41', 'closes': '16:59'}, {'@type': 'OpeningHoursSpecification', 'dayOfWeek': 'Saturday', 'opens': '17:0', 'closes': '22:25'}]",,"{'@type': 'GeoCoordinates', 'latitude': 43.1684356, 'longitude': -88.1032263}","{'@type': 'AggregateRating', 'ratingValue': 4.3, 'reviewCount': '112'}"
Taco Bell (5441 N Lovers Lane Rd),https://www.ubereats.com/milwaukee/food-delivery/taco-bell-5441-n-lovers-lane-rd/g9YFNg4tTM2Gr7XJi-LZZA,germantown-wisconsin,"['Burritos', 'Fast Food', 'Mexican']",4.0,97,$,43.11641100000001,-88.05631470000002,+14144617500,53225,5441 N Lovers Lane Rd,Milwaukee,WI,"[{'@type': 'OpeningHoursSpecification', 'dayOfWeek': 'Sunday', 'opens': '14:0', 'closes': '17:0'}, {'@type': 'OpeningHoursSpecification', 'dayOfWeek': 'Sunday', 'opens': '10:0', 'closes': '1:30'}, {'@type': 'OpeningHoursSpecification', 'dayOfWeek': ['Monday', 'Tuesday', 'Wednesday'], 'opens': '14:0', 'closes': '17:0'}, {'@type': 'OpeningHoursSpecification', 'dayOfWeek': ['Monday', 'Tuesday', 'Wednesday'], 'opens': '10:0', 'closes': '2:30'}, {'@type': 'OpeningHoursSpecification', 'dayOfWeek': ['Thursday', 'Friday', 'Saturday'], 'opens': '14:0', 'closes': '17:0'}, {'@type': 'OpeningHoursSpecification', 'dayOfWeek': ['Thursday', 'Friday', 'Saturday'], 'opens': '10:0', 'closes': '3:30'}]","{'@type': 'PostalAddress', 'addressLocality': 'Milwaukee', 'addressRegion': 'WI', 'postalCode': '53225', 'addressCountry': 'US', 'streetAddress': '5441 N Lovers Lane Rd'}","{'@type': 'GeoCoordinates', 'latitude': 43.11641100000001, 'longitude': -88.05631470000002}","{'@type': 'AggregateRating', 'ratingValue': 4, 'reviewCount': '97'}"
J&J fish and Chicken (76th st),https://www.ubereats.com/milwaukee/food-delivery/j%26j-fish-and-chicken-76th-st/5nY_74s3Rf2IQffvYVv05w,germantown-wisconsin,"['American', 'Chicken', 'Seafood', 'Fish and Chips', 'Family Meals']",4.2,192,$,43.1381008,-88.00506969999999,+4143581442,53223,6610 N 76th St,Milwaukee,Wisconsin,"[{'@type': 'OpeningHoursSpecification', 'dayOfWeek': 'Sunday', 'opens': '11:0', 'closes': '21:30'}, {'@type': 'OpeningHoursSpecification', 'dayOfWeek': 'Sunday', 'opens': '10:0', 'closes': '15:0'}, {'@type': 'OpeningHoursSpecification', 'dayOfWeek': ['Monday', 'Tuesday', 'Wednesday', 'Thursday', 'Friday', 'Saturday'], 'opens': '10:0', 'closes': '23:30'}, {'@type': 'OpeningHoursSpecification', 'dayOfWeek': ['Monday', 'Tuesday', 'Wednesday', 'Thursday', 'Friday', 'Saturday'], 'opens': '10:0', 'closes': '15:0'}]","{'@type': 'PostalAddress', 'addressLocality': 'Milwaukee', 'addressRegion': 'Wisconsin', 'postalCode': '53223', 'addressCountry': 'US', 'streetAddress': '6610 N 76th St'}","{'@type': 'GeoCoordinates', 'latitude': 43.1381008, 'longitude': -88.00506969999999}","{'@type': 'AggregateRating', 'ratingValue': 4.2, 'reviewCount': '192'}"
Noodles & Company (W 176 N 9336 Rivercrest Dr),https://www.ubereats.com/milwaukee/food-delivery/noodles-%26-company-w-176-n-9336-rivercrest-dr/xCaFEL1JShSICcs_nXvTgQ,germantown-wisconsin,"['Healthy', 'Pasta', 'American', 'Italian', 'Comfort Food', 'Chinese', 'Noodles', 'Family Meals']",4.5,82,$,43.1878885,-88.12834600000001,+12625027800,53051,W 176 N 9336 Rivercrest Dr,Menomonee Falls,WI,"[{'@type': 'OpeningHoursSpecification', 'dayOfWeek': ['Monday', 'Tuesday', 'Wednesday', 'Thursday', 'Friday', 'Saturday', 'Sunday'], 'opens': '10:30', 'closes': '21:45'}]","{'@type': 'PostalAddress', 'addressLocality': 'Menomonee Falls', 'addressRegion': 'WI', 'postalCode': '53051', 'addressCountry': 'US', 'streetAddress': 'W 176 N 9336 Rivercrest Dr'}","{'@type': 'GeoCoordinates', 'latitude': 43.1878885, 'longitude': -88.12834600000001}","{'@type': 'AggregateRating', 'ratingValue': 4.5, 'reviewCount': '82'}"
Bub's Irish Pub,https://www.ubereats.com/milwaukee/food-delivery/bubs-irish-pub/hMzW22LBSKOJPxsX1-krfw,germantown-wisconsin,"['Pub', 'Bar Food']",,,$$,43.228725,-88.111034,+12622551840,53022,N116W16218 Main St,Germantown,WI,"[{'@type': 'OpeningHoursSpecification', 'dayOfWeek': 'Sunday', 'opens': '12:0', 'closes': '21:0'}, {'@type': 'OpeningHoursSpecification', 'dayOfWeek': ['Monday', 'Tuesday', 'Wednesday'], 'opens': '16:0', 'closes': '21:50'}, {'@type': 'OpeningHoursSpecification', 'dayOfWeek': 'Thursday', 'opens': '12:0', 'closes': '22:0'}, {'@type': 'OpeningHoursSpecification', 'dayOfWeek': 'Friday', 'opens': '12:0', 'closes': '22:0'}, {'@type': 'OpeningHoursSpecification', 'dayOfWeek': 'Friday', 'opens': '11:30', 'closes': '21:50'}, {'@type': 'OpeningHoursSpecification', 'dayOfWeek': 'Saturday', 'opens': '12:0', 'closes': '22:0'}]","{'@type': 'PostalAddress', 'addressLocality': 'Germantown', 'addressRegion': 'WI', 'postalCode': '53022', 'addressCountry': 'US', 'streetAddress': 'N116W16218 Main St'}","{'@type': 'GeoCoordinates', 'latitude': 43.228725, 'longitude': -88.111034}",{}
El Tenampa Mexican Grill,https://www.ubereats.com/milwaukee/food-delivery/el-tenampa-mexican-grill/5vWjSAQ6R0WgcSravkXAXg,germantown-wisconsin,['Mexican'],4.4,87,$,43.175283,-88.04377,+14142060790,53224,8660 N 107th St,Milwaukee,Wisconsin,"[{'@type': 'OpeningHoursSpecification', 'dayOfWeek': 'Sunday', 'opens': '11:0', 'closes': '21:0'}, {'@type': 'OpeningHoursSpecification', 'dayOfWeek': 'Sunday', 'opens': '11:0', 'closes': '15:0'}, {'@type': 'OpeningHoursSpecification', 'dayOfWeek': ['Monday', 'Tuesday', 'Wednesday', 'Thursday', 'Friday', 'Saturday'], 'opens': '11:0', 'closes': '22:0'}, {'@type': 'OpeningHoursSpecification', 'dayOfWeek': ['Monday', 'Tuesday', 'Wednesday', 'Thursday', 'Friday', 'Saturday'], 'opens': '11:0', 'closes': '15:0'}]","{'@type': 'PostalAddress', 'addressLocality': 'Milwaukee', 'addressRegion': 'Wisconsin', 'postalCode': '53224', 'addressCountry': 'US', 'streetAddress': '8660 N 107th St'}","{'@type': 'GeoCoordinates', 'latitude': 43.175283, 'longitude': -88.04377}","{'@type': 'AggregateRating', 'ratingValue': 4.4, 'reviewCount': '87'}"
McDonald's® (Mequon & Legend),https://www.ubereats.com/milwaukee/food-delivery/mcdonalds-mequon-%26-legend/Ve9wqTvoQb20KRRGAC-N5w,germantown-wisconsin,"['American', 'Fast Food', 'Burgers']",4.6,29,$,43.22137490000001,-88.1068818,+12622534710,,,,,"[{'@type': 'OpeningHoursSpecification', 'dayOfWeek': 'Sunday', 'opens': '6:0', 'closes': '10:59'}, {'@type': 'OpeningHoursSpecification', 'dayOfWeek': 'Sunday', 'opens': '11:0', 'closes': '16:59'}, {'@type': 'OpeningHoursSpecification', 'dayOfWeek': 'Sunday', 'opens': '17:0', 'closes': '23:30'}, {'@type': 'OpeningHoursSpecification', 'dayOfWeek': ['Monday', 'Tuesday', 'Wednesday', 'Thursday', 'Friday'], 'opens': '5:0', 'closes': '10:29'}, {'@type': 'OpeningHoursSpecification', 'dayOfWeek': ['Monday', 'Tuesday', 'Wednesday', 'Thursday', 'Friday'], 'opens': '10:30', 'closes': '16:59'}, {'@type': 'OpeningHoursSpecification', 'dayOfWeek': ['Monday', 'Tuesday', 'Wednesday', 'Thursday', 'Friday'], 'opens': '17:0', 'closes': '23:30'}, {'@type': 'OpeningHoursSpecification', 'dayOfWeek': 'Saturday', 'opens': '5:0', 'closes': '10:59'}, {'@type': 'OpeningHoursSpecification', 'dayOfWeek': 'Saturday', 'opens': '11:0', 'closes': '16:59'}, {'@type': 'OpeningHoursSpecification', 'dayOfWeek': 'Saturday', 'opens': '17:0', 'closes': '23:30'}]",,"{'@type': 'GeoCoordinates', 'latitude': 43.22137490000001, 'longitude': -88.1068818}","{'@type': 'AggregateRating', 'ratingValue': 4.6, 'reviewCount': '29'}"
Zaza Steak and Lemonade,https://www.ubereats.com/milwaukee/food-delivery/zaza-steak-and-lemonade/bSKRitrzReSBa2EMOSRyGA,germantown-wisconsin,"['Burgers', 'American', 'Sandwiches', 'Chicken']",4.0,81,$,43.133669,-88.03147899999999,+14143581999,53225,9618 W .Fon Du Lac Ave,Milwaukee,WI,"[{'@type': 'OpeningHoursSpecification', 'dayOfWeek': 'Sunday', 'opens': '11:30', 'closes': '21:0'}, {'@type': 'OpeningHoursSpecification', 'dayOfWeek': ['Monday', 'Tuesday', 'Wednesday', 'Thursday', 'Friday', 'Saturday'], 'opens': '10:30', 'closes': '23:0'}]","{'@type': 'PostalAddress', 'addressLocality': 'Milwaukee', 'addressRegion': 'WI', 'postalCode': '53225', 'addressCountry': 'US', 'streetAddress': '9618 W .Fon Du Lac Ave'}","{'@type': 'GeoCoordinates', 'latitude': 43.133669, 'longitude': -88.03147899999999}","{'@type': 'AggregateRating', 'ratingValue': 4, 'reviewCount': '81'}"
Buffalo Wild Wings (1273 Capitol Dr Ste A),https://www.ubereats.com/milwaukee/food-delivery/buffalo-wild-wings-1273-capitol-dr-ste-a/fKAv2zXKQFOwSPVjLlOYmw,germantown-wisconsin,['wings'],4.6,30,$$,43.0839727,-88.2346063,+12626953900,53072,1273 Capitol Dr Ste A,Pewaukee,WI,"[{'@type': 'OpeningHoursSpecification', 'dayOfWeek': ['Sunday', 'Monday', 'Tuesday', 'Wednesday', 'Thursday'], 'opens': '11:0', 'closes': '22:0'}, {'@type': 'OpeningHoursSpecification', 'dayOfWeek': ['Friday', 'Saturday'], 'opens': '11:0', 'closes': '23:0'}]","{'@type': 'PostalAddress', 'addressLocality': 'Pewaukee', 'addressRegion': 'WI', 'postalCode': '53072', 'addressCountry': 'US', 'streetAddress': '1273 Capitol Dr Ste A'}","{'@type': 'GeoCoordinates', 'latitude': 43.0839727, 'longitude': -88.2346063}","{'@type': 'AggregateRating', 'ratingValue': 4.6, 'reviewCount': '30'}"
Colectivo Mequon,https://www.ubereats.com/milwaukee/food-delivery/colectivo-mequon/Hmt-IQeGSCiZMTcWFG04Sw,germantown-wisconsin,"['Cafe', 'Bakery', 'Coffee and Tea']",,,$,43.2218911,-87.9833367,+12623024051,53092,11205 Cedarburg Road,Mequon,WI,"[{'@type': 'OpeningHoursSpecification', 'dayOfWeek': ['Monday', 'Tuesday', 'Wednesday', 'Thursday', 'Friday', 'Saturday', 'Sunday'], 'opens': '7:30', 'closes': '15:0'}]","{'@type': 'PostalAddress', 'addressLocality': 'Mequon', 'addressRegion': 'WI', 'postalCode': '53092', 'addressCountry': 'US', 'streetAddress': '11205 Cedarburg Road'}","{'@type': 'GeoCoordinates', 'latitude': 43.2218911, 'longitude': -87.9833367}",{}
Champion chicken,https://www.ubereats.com/milwaukee/food-delivery/champion-chicken/KJlTFfC3SECvMlPK2XmFkQ,germantown-wisconsin,"['Burgers', 'American', 'Sandwiches']",4.1,79,$,43.0833442,-88.0222005,+14147488484,53222,8718 W Lisbon Ave,Milwaukee,WI,"[{'@type': 'OpeningHoursSpecification', 'dayOfWeek': ['Sunday', 'Monday', 'Tuesday', 'Wednesday', 'Thursday'], 'opens': '10:0', 'closes': '22:0'}, {'@type': 'OpeningHoursSpecification', 'dayOfWeek': ['Friday', 'Saturday'], 'opens': '10:0', 'closes': '23:0'}]","{'@type': 'PostalAddress', 'addressLocality': 'Milwaukee', 'addressRegion': 'WI', 'postalCode': '53222', 'addressCountry': 'US', 'streetAddress': '8718 W Lisbon Ave'}","{'@type': 'GeoCoordinates', 'latitude': 43.0833442, 'longitude': -88.0222005}","{'@type': 'AggregateRating', 'ratingValue': 4.1, 'reviewCount': '79'}"
Pho One24,https://www.ubereats.com/milwaukee/food-delivery/pho-one24/2bzAAreKQZ-vIhlc_fawPg,germantown-wisconsin,"['Vietnamese', 'Noodles', 'Healthy']",4.7,155,$,43.0855182,-88.0669611,+12625831250,53005,3705 N 124th St Ste 400,Brookfield,WI,"[{'@type': 'OpeningHoursSpecification', 'dayOfWeek': ['Monday', 'Tuesday', 'Wednesday', 'Thursday', 'Friday', 'Saturday', 'Sunday'], 'opens': '10:0', 'closes': '20:45'}]","{'@type': 'PostalAddress', 'addressLocality': 'Brookfield', 'addressRegion': 'WI', 'postalCode': '53005', 'addressCountry': 'US', 'streetAddress': '3705 N 124th St Ste 400'}","{'@type': 'GeoCoordinates', 'latitude': 43.0855182, 'longitude': -88.0669611}","{'@type': 'AggregateRating', 'ratingValue': 4.7, 'reviewCount': '155'}"
KFC (N96 W17860 County Line Rd.),https://www.ubereats.com/milwaukee/food-delivery/kfc-n96-w17860-county-line-rd/ly54WHlyT7K9G6jJXHdJeA,germantown-wisconsin,"['American', 'Fast Food', 'wings']",3.3,14,$,43.1928357,-88.1310704,+12622531000,53022,N96 W17860 County Line Rd.,Germantown,WI,"[{'@type': 'OpeningHoursSpecification', 'dayOfWeek': ['Sunday', 'Monday', 'Tuesday', 'Wednesday', 'Thursday'], 'opens': '10:30', 'closes': '20:30'}, {'@type': 'OpeningHoursSpecification', 'dayOfWeek': ['Friday', 'Saturday'], 'opens': '10:30', 'closes': '21:30'}]","{'@type': 'PostalAddress', 'addressLocality': 'Germantown', 'addressRegion': 'WI', 'postalCode': '53022', 'addressCountry': 'US', 'streetAddress': 'N96 W17860 County Line Rd.'}","{'@type': 'GeoCoordinates', 'latitude': 43.1928357, 'longitude': -88.1310704}","{'@type': 'AggregateRating', 'ratingValue': 3.3, 'reviewCount': '14'}"
Cracker Barrel Old Country Store (9778 Rivercrest Dr),https://www.ubereats.com/milwaukee/food-delivery/cracker-barrel-old-country-store-9778-rivercrest-dr/nfMSJ_xYRrag4R7RUhcESQ,germantown-wisconsin,"['Burgers', 'American', 'Sandwiches', 'Family Meals']",4.1,87,$,43.19443689999999,-88.1280171,+12622534188,53022,9778 Rivercrest Dr,Germantown,WI,"[{'@type': 'OpeningHoursSpecification', 'dayOfWeek': ['Sunday', 'Monday', 'Tuesday', 'Wednesday', 'Thursday'], 'opens': '7:30', 'closes': '20:0'}, {'@type': 'OpeningHoursSpecification', 'dayOfWeek': ['Sunday', 'Monday', 'Tuesday', 'Wednesday', 'Thursday'], 'opens': '10:30', 'closes': '20:0'}, {'@type': 'OpeningHoursSpecification', 'dayOfWeek': ['Sunday', 'Monday', 'Tuesday', 'Wednesday', 'Thursday'], 'opens': '7:30', 'closes': '20:0'}, {'@type': 'OpeningHoursSpecification', 'dayOfWeek': ['Friday', 'Saturday'], 'opens': '7:30', 'closes': '21:0'}, {'@type': 'OpeningHoursSpecification', 'dayOfWeek': ['Friday', 'Saturday'], 'opens': '10:30', 'closes': '21:0'}, {'@type': 'OpeningHoursSpecification', 'dayOfWeek': ['Friday', 'Saturday'], 'opens': '7:30', 'closes': '21:0'}]","{'@type': 'PostalAddress', 'addressLocality': 'Germantown', 'addressRegion': 'WI', 'postalCode': '53022', 'addressCountry': 'US', 'streetAddress': '9778 Rivercrest Dr'}","{'@type': 'GeoCoordinates', 'latitude': 43.19443689999999, 'longitude': -88.1280171}","{'@type': 'AggregateRating', 'ratingValue': 4.1, 'reviewCount': '87'}"
China Kitchen,https://www.ubereats.com/milwaukee/food-delivery/china-kitchen/dFW2jxyaRyicP4FlhdkYPQ,germantown-wisconsin,"['Chinese', 'Asian', 'Rolls', 'Chicken', 'Seafood', 'Sushi']",,,$,43.2212969,-88.11514269999999,+12622501188,53022,N112W16560 Mequon Rd,Germatown,WI,"[{'@type': 'OpeningHoursSpecification', 'dayOfWeek': 'Sunday', 'opens': '11:0', 'closes': '20:0'}, {'@type': 'OpeningHoursSpecification', 'dayOfWeek': 'Sunday', 'opens': '12:0', 'closes': '20:0'}, {'@type': 'OpeningHoursSpecification', 'dayOfWeek': 'Sunday', 'opens': '11:0', 'closes': '15:30'}, {'@type': 'OpeningHoursSpecification', 'dayOfWeek': 'Monday', 'opens': '11:0', 'closes': '20:0'}, {'@type': 'OpeningHoursSpecification', 'dayOfWeek': ['Tuesday', 'Wednesday', 'Thursday'], 'opens': '11:0', 'closes': '20:0'}, {'@type': 'OpeningHoursSpecification', 'dayOfWeek': ['Tuesday', 'Wednesday', 'Thursday'], 'opens': '11:0', 'closes': '15:30'}, {'@type': 'OpeningHoursSpecification', 'dayOfWeek': ['Friday', 'Saturday'], 'opens': '11:0', 'closes': '15:30'}]","{'@type': 'PostalAddress', 'addressLocality': 'Germatown', 'addressRegion': 'WI', 'postalCode': '53022', 'addressCountry': 'US', 'streetAddress': 'N112W16560 Mequon Rd'}","{'@type': 'GeoCoordinates', 'latitude': 43.2212969, 'longitude': -88.11514269999999}",{}
Starbucks (Menomenee & Appleton),https://www.ubereats.com/milwaukee/food-delivery/starbucks-menomenee-%26-appleton/vfpoC-9NRnSZo2lkO9AFjQ,germantown-wisconsin,"['Bakery', 'Breakfast and Brunch', 'Cafe', 'Coffee & Tea']",4.8,12,$,43.1704695,-88.1064932,+12622512648,53051,N 84 W 15825 Appleton Ave,Menomonee Falls,WI,"[{'@type': 'OpeningHoursSpecification', 'dayOfWeek': ['Monday', 'Tuesday', 'Wednesday', 'Thursday', 'Friday', 'Saturday', 'Sunday'], 'opens': '5:0', 'closes': '20:30'}]","{'@type': 'PostalAddress', 'addressLocality': 'Menomonee Falls', 'addressRegion': 'WI', 'postalCode': '53051', 'addressCountry': 'US', 'streetAddress': 'N 84 W 15825 Appleton Ave'}","{'@type': 'GeoCoordinates', 'latitude': 43.1704695, 'longitude': -88.1064932}","{'@type': 'AggregateRating', 'ratingValue': 4.8, 'reviewCount': '12'}"
McDonald's® (Brown Deer & 76th St),https://www.ubereats.com/milwaukee/food-delivery/mcdonalds-brown-deer-%26-76th-st/RRtSwYioS96S0RsL8_qsrA,germantown-wisconsin,"['American', 'Fast Food', 'Burgers']",4.0,116,$,43.1783143,-88.01117959999999,+14143543140,,,,,"[{'@type': 'OpeningHoursSpecification', 'dayOfWeek': 'Sunday', 'opens': '4:0', 'closes': '10:59'}, {'@type': 'OpeningHoursSpecification', 'dayOfWeek': 'Sunday', 'opens': '11:0', 'closes': '16:59'}, {'@type': 'OpeningHoursSpecification', 'dayOfWeek': 'Sunday', 'opens': '17:0', 'closes': '3:59'}, {'@type': 'OpeningHoursSpecification', 'dayOfWeek': ['Monday', 'Tuesday', 'Wednesday', 'Thursday', 'Friday'], 'opens': '4:0', 'closes': '10:29'}, {'@type': 'OpeningHoursSpecification', 'dayOfWeek': ['Monday', 'Tuesday', 'Wednesday', 'Thursday', 'Friday'], 'opens': '10:30', 'closes': '16:59'}, {'@type': 'OpeningHoursSpecification', 'dayOfWeek': ['Monday', 'Tuesday', 'Wednesday', 'Thursday', 'Friday'], 'opens': '17:0', 'closes': '3:59'}, {'@type': 'OpeningHoursSpecification', 'dayOfWeek': 'Saturday', 'opens': '4:0', 'closes': '10:59'}, {'@type': 'OpeningHoursSpecification', 'dayOfWeek': 'Saturday', 'opens': '11:0', 'closes': '16:59'}, {'@type': 'OpeningHoursSpecification', 'dayOfWeek': 'Saturday', 'opens': '17:0', 'closes': '3:59'}]",,"{'@type': 'GeoCoordinates', 'latitude': 43.1783143, 'longitude': -88.01117959999999}","{'@type': 'AggregateRating', 'ratingValue': 4, 'reviewCount': '116'}"
Starbucks (County Line Road & Appleton),https://www.ubereats.com/milwaukee/food-delivery/starbucks-county-line-road-%26-appleton/rYVmXafgQj2tBo8VFRjI4g,germantown-wisconsin,"['Bakery', 'Breakfast and Brunch', 'Cafe', 'Coffee & Tea']",4.4,52,$,43.19284189999999,-88.1319221,+12625029144,53022,N96W17950 County Line Road,Germantown,WI,"[{'@type': 'OpeningHoursSpecification', 'dayOfWeek': ['Sunday', 'Monday'], 'opens': '5:0', 'closes': '21:0'}, {'@type': 'OpeningHoursSpecification', 'dayOfWeek': ['Tuesday', 'Wednesday'], 'opens': '5:0', 'closes': '17:0'}, {'@type': 'OpeningHoursSpecification', 'dayOfWeek': 'Thursday', 'opens': '5:0', 'closes': '21:0'}, {'@type': 'OpeningHoursSpecification', 'dayOfWeek': 'Friday', 'opens': '5:0', 'closes': '17:0'}, {'@type': 'OpeningHoursSpecification', 'dayOfWeek': 'Saturday', 'opens': '5:0', 'closes': '21:0'}]","{'@type': 'PostalAddress', 'addressLocality': 'Germantown', 'addressRegion': 'WI', 'postalCode': '53022', 'addressCountry': 'US', 'streetAddress': 'N96W17950 County Line Road'}","{'@type': 'GeoCoordinates', 'latitude': 43.19284189999999, 'longitude': -88.1319221}","{'@type': 'AggregateRating', 'ratingValue': 4.4, 'reviewCount': '52'}"
Ivee's At Main (Milwaukee),https://www.ubereats.com/milwaukee/food-delivery/ivees-at-main-milwaukee/y65qOyrfS7GCSTnxXYAPfw,germantown-wisconsin,"['Burgers', 'American', 'Sandwiches']",,,$,43.228717,-88.10519339999999,+12625020484,53022,W157N11618 Fond Du Lac Ave,Germantown,WI,"[{'@type': 'OpeningHoursSpecification', 'dayOfWeek': 'Sunday', 'opens': '11:0', 'closes': '19:0'}, {'@type': 'OpeningHoursSpecification', 'dayOfWeek': 'Sunday', 'opens': '8:0', 'closes': '13:0'}, {'@type': 'OpeningHoursSpecification', 'dayOfWeek': 'Sunday', 'opens': '13:0', 'closes': '19:0'}, {'@type': 'OpeningHoursSpecification', 'dayOfWeek': 'Sunday', 'opens': '15:0', 'closes': '22:0'}, {'@type': 'OpeningHoursSpecification', 'dayOfWeek': ['Monday', 'Tuesday', 'Wednesday', 'Thursday', 'Friday'], 'opens': '11:0', 'closes': '22:0'}, {'@type': 'OpeningHoursSpecification', 'dayOfWeek': ['Monday', 'Tuesday', 'Wednesday', 'Thursday', 'Friday'], 'opens': '15:0', 'closes': '22:0'}, {'@type': 'OpeningHoursSpecification', 'dayOfWeek': ['Monday', 'Tuesday', 'Wednesday', 'Thursday', 'Friday'], 'opens': '15:0', 'closes': '22:0'}, {'@type': 'OpeningHoursSpecification', 'dayOfWeek': 'Saturday', 'opens': '11:0', 'closes': '22:0'}, {'@type': 'OpeningHoursSpecification', 'dayOfWeek': 'Saturday', 'opens': '8:0', 'closes': '13:0'}, {'@type': 'OpeningHoursSpecification', 'dayOfWeek': 'Saturday', 'opens': '13:0', 'closes': '22:0'}, {'@type': 'OpeningHoursSpecification', 'dayOfWeek': 'Saturday', 'opens': '15:0', 'closes': '22:0'}]","{'@type': 'PostalAddress', 'addressLocality': 'Germantown', 'addressRegion': 'WI', 'postalCode': '53022', 'addressCountry': 'US', 'streetAddress': 'W157N11618 Fond Du Lac Ave'}","{'@type': 'GeoCoordinates', 'latitude': 43.228717, 'longitude': -88.10519339999999}",{}
