name,url,city,cuisine,avgRating,numReviews,priceRange,latitude,longitude,telephone,postalCode,streetAddress,addressLocality,addressRegion,openingHoursSpecification,addressString,geoString,ratingString
Pieology - Gilroy,https://www.ubereats.com/san-francisco/food-delivery/pieology-gilroy/2xLuAvmxS-2D85syARJ-YA,gilroy-california,['Pizza'],4.2,21,$,37.002933,-121.552209,+14088472400,95020,"6955 Camino Arroyo, Suite 30",Gilroy,CA,"[{'@type': 'OpeningHoursSpecification', 'dayOfWeek': ['Monday', 'Tuesday', 'Wednesday', 'Thursday', 'Friday', 'Saturday', 'Sunday'], 'opens': '10:0', 'closes': '23:0'}]","{'@type': 'PostalAddress', 'addressLocality': 'Gilroy', 'addressRegion': 'CA', 'postalCode': '95020', 'addressCountry': 'US', 'streetAddress': '6955 Camino Arroyo, Suite 30'}","{'@type': 'GeoCoordinates', 'latitude': 37.002933, 'longitude': -121.552209}","{'@type': 'AggregateRating', 'ratingValue': 4.2, 'reviewCount': '21'}"
Pasqually's Pizza & Wings (910 Renz Lane),https://www.ubereats.com/san-francisco/food-delivery/pasquallys-pizza-%26-wings-910-renz-lane/e3mGbT6tSgerLZKkJJaK_Q,gilroy-california,"['Pizza', 'Italian', 'Wings']",,,$,37.0062992,-121.5513168,+14088425799,95020,910 Renz Lane,Gilroy,CA,"[{'@type': 'OpeningHoursSpecification', 'dayOfWeek': ['Monday', 'Tuesday', 'Wednesday', 'Thursday', 'Friday', 'Saturday', 'Sunday'], 'opens': '11:0', 'closes': '20:0'}]","{'@type': 'PostalAddress', 'addressLocality': 'Gilroy', 'addressRegion': 'CA', 'postalCode': '95020', 'addressCountry': 'US', 'streetAddress': '910 Renz Lane'}","{'@type': 'GeoCoordinates', 'latitude': 37.0062992, 'longitude': -121.5513168}",{}
Straw Hat Pizza,https://www.ubereats.com/san-francisco/food-delivery/straw-hat-pizza/nSYjdBwHSieV3MUxVjQIvQ,gilroy-california,"['Pizza', 'Pasta', 'Sandwich']",,,$$,37.014015,-121.592176,+14088422745,95020,1053 1st St,Gilroy,California,"[{'@type': 'OpeningHoursSpecification', 'dayOfWeek': ['Sunday', 'Monday', 'Tuesday', 'Wednesday', 'Thursday'], 'opens': '11:0', 'closes': '21:45'}, {'@type': 'OpeningHoursSpecification', 'dayOfWeek': ['Friday', 'Saturday'], 'opens': '11:0', 'closes': '22:45'}]","{'@type': 'PostalAddress', 'addressLocality': 'Gilroy', 'addressRegion': 'California', 'postalCode': '95020', 'addressCountry': 'US', 'streetAddress': '1053 1st St'}","{'@type': 'GeoCoordinates', 'latitude': 37.014015, 'longitude': -121.592176}",{}
Fresh Choice,https://www.ubereats.com/san-francisco/food-delivery/fresh-choice/fYbFW6l1TnWi1Oiu_6nGBQ,gilroy-california,"['Burgers', 'American', 'Sandwiches']",,,$,37.0263697,-121.5679057,+14087671318,95020,8697 San Ysidro Avenue,Gilroy,CA,"[{'@type': 'OpeningHoursSpecification', 'dayOfWeek': 'Tuesday', 'opens': '11:0', 'closes': '6:0'}]","{'@type': 'PostalAddress', 'addressLocality': 'Gilroy', 'addressRegion': 'CA', 'postalCode': '95020', 'addressCountry': 'US', 'streetAddress': '8697 San Ysidro Avenue'}","{'@type': 'GeoCoordinates', 'latitude': 37.0263697, 'longitude': -121.5679057}",{}
Fro-Yo Delite,https://www.ubereats.com/san-francisco/food-delivery/fro-yo-delite/pzxRj3fJSdqJVu4Y1i6JKA,gilroy-california,['Ice Cream & Frozen Yogurt'],4.9,34,$,37.113444,-121.640192,+16692585588,95037,406 Tennant Station,San Francisco,CA,"[{'@type': 'OpeningHoursSpecification', 'dayOfWeek': ['Sunday', 'Monday', 'Tuesday', 'Wednesday', 'Thursday'], 'opens': '12:0', 'closes': '21:30'}, {'@type': 'OpeningHoursSpecification', 'dayOfWeek': ['Friday', 'Saturday'], 'opens': '12:0', 'closes': '22:0'}]","{'@type': 'PostalAddress', 'addressLocality': 'San Francisco', 'addressRegion': 'CA', 'postalCode': '95037', 'addressCountry': 'US', 'streetAddress': '406 Tennant Station'}","{'@type': 'GeoCoordinates', 'latitude': 37.113444, 'longitude': -121.640192}","{'@type': 'AggregateRating', 'ratingValue': 4.9, 'reviewCount': '34'}"
Dutchman's Pizza,https://www.ubereats.com/san-francisco/food-delivery/dutchmans-pizza/ktrI9-iWTXOu9Q20WAZvWw,gilroy-california,"['Pizza', 'American', 'Italian']",,,$,37.0008956,-121.5601228,+18436077578,95020,6940 Chestnut St,Gilroy,CA,"[{'@type': 'OpeningHoursSpecification', 'dayOfWeek': 'Sunday', 'opens': '11:30', 'closes': '20:30'}, {'@type': 'OpeningHoursSpecification', 'dayOfWeek': 'Monday', 'opens': '15:30', 'closes': '20:30'}, {'@type': 'OpeningHoursSpecification', 'dayOfWeek': ['Tuesday', 'Wednesday', 'Thursday', 'Friday', 'Saturday'], 'opens': '11:30', 'closes': '20:30'}]","{'@type': 'PostalAddress', 'addressLocality': 'Gilroy', 'addressRegion': 'CA', 'postalCode': '95020', 'addressCountry': 'US', 'streetAddress': '6940 Chestnut St'}","{'@type': 'GeoCoordinates', 'latitude': 37.0008956, 'longitude': -121.5601228}",{}
Taco Bell (995 First Street),https://www.ubereats.com/san-francisco/food-delivery/taco-bell-995-first-street/Gua4GxjnSyGKpStJUwqmzQ,gilroy-california,"['Burritos', 'Fast Food', 'Mexican']",4.2,42,$,37.0139927,-121.5913579,+14088461188,95020,995 First Street,Gilroy,CA,"[{'@type': 'OpeningHoursSpecification', 'dayOfWeek': ['Sunday', 'Monday', 'Tuesday', 'Wednesday', 'Thursday'], 'opens': '14:0', 'closes': '17:0'}, {'@type': 'OpeningHoursSpecification', 'dayOfWeek': ['Sunday', 'Monday', 'Tuesday', 'Wednesday', 'Thursday'], 'opens': '8:0', 'closes': '23:30'}, {'@type': 'OpeningHoursSpecification', 'dayOfWeek': ['Sunday', 'Monday', 'Tuesday', 'Wednesday', 'Thursday'], 'opens': '8:0', 'closes': '10:30'}, {'@type': 'OpeningHoursSpecification', 'dayOfWeek': ['Friday', 'Saturday'], 'opens': '14:0', 'closes': '17:0'}, {'@type': 'OpeningHoursSpecification', 'dayOfWeek': ['Friday', 'Saturday'], 'opens': '8:0', 'closes': '10:30'}, {'@type': 'OpeningHoursSpecification', 'dayOfWeek': ['Friday', 'Saturday'], 'opens': '8:0', 'closes': '0:30'}]","{'@type': 'PostalAddress', 'addressLocality': 'Gilroy', 'addressRegion': 'CA', 'postalCode': '95020', 'addressCountry': 'US', 'streetAddress': '995 First Street'}","{'@type': 'GeoCoordinates', 'latitude': 37.0139927, 'longitude': -121.5913579}","{'@type': 'AggregateRating', 'ratingValue': 4.2, 'reviewCount': '42'}"
La Hacienda Mexican Restaurant,https://www.ubereats.com/san-francisco/food-delivery/la-hacienda-mexican-restaurant/Sh7G83E8Qr6k8tLPUMyDfA,gilroy-california,"['Mexican', 'Tex Mex']",,,$,37.01314,-121.5929628,+14088484133,,,,,"[{'@type': 'OpeningHoursSpecification', 'dayOfWeek': ['Sunday', 'Monday', 'Tuesday', 'Wednesday', 'Thursday'], 'opens': '11:0', 'closes': '9:0'}, {'@type': 'OpeningHoursSpecification', 'dayOfWeek': ['Friday', 'Saturday'], 'opens': '11:0', 'closes': '10:0'}]",,"{'@type': 'GeoCoordinates', 'latitude': 37.01314, 'longitude': -121.5929628}",{}
Sizzler- 15900 Monterey Rd,https://www.ubereats.com/san-francisco/food-delivery/sizzler-15900-monterey-rd/8tKssiaiSVGD-PK8MDT1pA,gilroy-california,"['Seafood', 'American', 'Southern', 'Family Meals']",4.5,20,$,37.111468,-121.6407433,+14087798663,95037,15900 Monterey Rd,Morgan Hill,CA,"[{'@type': 'OpeningHoursSpecification', 'dayOfWeek': 'Sunday', 'opens': '11:0', 'closes': '20:30'}, {'@type': 'OpeningHoursSpecification', 'dayOfWeek': ['Monday', 'Tuesday', 'Wednesday', 'Thursday'], 'opens': '11:30', 'closes': '20:30'}, {'@type': 'OpeningHoursSpecification', 'dayOfWeek': ['Friday', 'Saturday'], 'opens': '11:0', 'closes': '20:30'}]","{'@type': 'PostalAddress', 'addressLocality': 'Morgan Hill', 'addressRegion': 'CA', 'postalCode': '95037', 'addressCountry': 'US', 'streetAddress': '15900 Monterey Rd'}","{'@type': 'GeoCoordinates', 'latitude': 37.111468, 'longitude': -121.6407433}","{'@type': 'AggregateRating', 'ratingValue': 4.5, 'reviewCount': '20'}"
Pizza Factory (363 E 10th St),https://www.ubereats.com/san-francisco/food-delivery/pizza-factory-363-e-10th-st/XLUotO4HSO-aSdluRc2gLg,gilroy-california,"['Pizza', 'American', 'Italian']",4.8,10,$,37.0025673,-121.5613953,+14088421011,95020,363 E 10th St,Gilroy,CA,"[{'@type': 'OpeningHoursSpecification', 'dayOfWeek': ['Monday', 'Tuesday', 'Wednesday', 'Thursday', 'Friday', 'Saturday', 'Sunday'], 'opens': '11:0', 'closes': '20:30'}]","{'@type': 'PostalAddress', 'addressLocality': 'Gilroy', 'addressRegion': 'CA', 'postalCode': '95020', 'addressCountry': 'US', 'streetAddress': '363 E 10th St'}","{'@type': 'GeoCoordinates', 'latitude': 37.0025673, 'longitude': -121.5613953}","{'@type': 'AggregateRating', 'ratingValue': 4.8, 'reviewCount': '10'}"
"El Pollo Loco (6986 Chestnut St,3571)",https://www.ubereats.com/san-francisco/food-delivery/el-pollo-loco-6986-chestnut-st3571/dgvIBu46RvepazGTv5nSiQ,gilroy-california,"['Latin American', 'Mexican', 'New American', 'Family Meals']",4.5,26,$,37.0016964,-121.5594109,+14088427253,95021,6986 Chestnut St,Gilroy,CA,"[{'@type': 'OpeningHoursSpecification', 'dayOfWeek': ['Monday', 'Tuesday', 'Wednesday', 'Thursday', 'Friday', 'Saturday', 'Sunday'], 'opens': '10:0', 'closes': '21:30'}]","{'@type': 'PostalAddress', 'addressLocality': 'Gilroy', 'addressRegion': 'CA', 'postalCode': '95021', 'addressCountry': 'US', 'streetAddress': '6986 Chestnut St'}","{'@type': 'GeoCoordinates', 'latitude': 37.0016964, 'longitude': -121.5594109}","{'@type': 'AggregateRating', 'ratingValue': 4.5, 'reviewCount': '26'}"
Taco Bell (380 East 10th St),https://www.ubereats.com/san-francisco/food-delivery/taco-bell-380-east-10th-st/3sl5GlkiTdaJdBQQ6Rvl8w,gilroy-california,"['Burritos', 'Fast Food', 'Mexican']",4.0,22,$,37.0013508,-121.5608379,+14088474565,95020,380 East 10th St,Gilroy,CA,"[{'@type': 'OpeningHoursSpecification', 'dayOfWeek': ['Monday', 'Tuesday', 'Wednesday', 'Thursday', 'Friday', 'Saturday', 'Sunday'], 'opens': '14:0', 'closes': '17:0'}, {'@type': 'OpeningHoursSpecification', 'dayOfWeek': ['Monday', 'Tuesday', 'Wednesday', 'Thursday', 'Friday', 'Saturday', 'Sunday'], 'opens': '8:0', 'closes': '21:30'}, {'@type': 'OpeningHoursSpecification', 'dayOfWeek': ['Monday', 'Tuesday', 'Wednesday', 'Thursday', 'Friday', 'Saturday', 'Sunday'], 'opens': '9:30', 'closes': '10:30'}]","{'@type': 'PostalAddress', 'addressLocality': 'Gilroy', 'addressRegion': 'CA', 'postalCode': '95020', 'addressCountry': 'US', 'streetAddress': '380 East 10th St'}","{'@type': 'GeoCoordinates', 'latitude': 37.0013508, 'longitude': -121.5608379}","{'@type': 'AggregateRating', 'ratingValue': 4, 'reviewCount': '22'}"
Carl's Jr. (5880 Monterey Rd),https://www.ubereats.com/san-francisco/food-delivery/carls-jr-5880-monterey-rd/UR5kDUNCQ0--RjPY1wl32g,gilroy-california,['Burgers'],,,$$,36.9833801,-121.5573596,+14088485295,95020,5880 Monterey Rd,Gilroy,CA,"[{'@type': 'OpeningHoursSpecification', 'dayOfWeek': ['Monday', 'Tuesday', 'Wednesday', 'Thursday', 'Friday', 'Saturday', 'Sunday'], 'opens': '6:15', 'closes': '10:15'}, {'@type': 'OpeningHoursSpecification', 'dayOfWeek': ['Monday', 'Tuesday', 'Wednesday', 'Thursday', 'Friday', 'Saturday', 'Sunday'], 'opens': '6:15', 'closes': '23:45'}]","{'@type': 'PostalAddress', 'addressLocality': 'Gilroy', 'addressRegion': 'CA', 'postalCode': '95020', 'addressCountry': 'US', 'streetAddress': '5880 Monterey Rd'}","{'@type': 'GeoCoordinates', 'latitude': 36.9833801, 'longitude': -121.5573596}",{}
Subway (875 First St),https://www.ubereats.com/san-francisco/food-delivery/subway-875-first-st/2uJNFnrqQf22Z5E4koD0cg,gilroy-california,"['Fast Food', 'Sandwich', 'American']",,,$,37.0144598,-121.5884195,+14088423010,95020,875 First St,Gilroy,CA,"[{'@type': 'OpeningHoursSpecification', 'dayOfWeek': 'Sunday', 'opens': '8:30', 'closes': '21:0'}, {'@type': 'OpeningHoursSpecification', 'dayOfWeek': ['Monday', 'Tuesday', 'Wednesday', 'Thursday', 'Friday'], 'opens': '8:0', 'closes': '21:0'}, {'@type': 'OpeningHoursSpecification', 'dayOfWeek': 'Saturday', 'opens': '8:30', 'closes': '21:0'}]","{'@type': 'PostalAddress', 'addressLocality': 'Gilroy', 'addressRegion': 'CA', 'postalCode': '95020', 'addressCountry': 'US', 'streetAddress': '875 First St'}","{'@type': 'GeoCoordinates', 'latitude': 37.0144598, 'longitude': -121.5884195}",{}
The Habit Burger Grill (6955 Camino Arroyo),https://www.ubereats.com/san-francisco/food-delivery/the-habit-burger-grill-6955-camino-arroyo/6ECj9t-zQ-mxf5Fuk0ZMEw,gilroy-california,"['American', 'Burgers', 'Kids Friendly', 'Family Meals']",4.4,43,$,37.0029331,-121.5522088,+14088424300,,,,,"[{'@type': 'OpeningHoursSpecification', 'dayOfWeek': ['Sunday', 'Monday', 'Tuesday', 'Wednesday', 'Thursday'], 'opens': '10:30', 'closes': '20:45'}, {'@type': 'OpeningHoursSpecification', 'dayOfWeek': ['Friday', 'Saturday'], 'opens': '10:30', 'closes': '21:45'}]",,"{'@type': 'GeoCoordinates', 'latitude': 37.0029331, 'longitude': -121.5522088}","{'@type': 'AggregateRating', 'ratingValue': 4.4, 'reviewCount': '43'}"
Bella Viva,https://www.ubereats.com/san-francisco/food-delivery/bella-viva/m29r5SE1SJyEAwK5TTaBYQ,gilroy-california,"['Italian', 'Pizza']",,,$$,37.007086,-121.569221,+14083375561,95020,7423 Monterey Rd,Gilroy,California,"[{'@type': 'OpeningHoursSpecification', 'dayOfWeek': 'Sunday', 'opens': '15:0', 'closes': '21:0'}, {'@type': 'OpeningHoursSpecification', 'dayOfWeek': 'Sunday', 'opens': '8:30', 'closes': '15:0'}, {'@type': 'OpeningHoursSpecification', 'dayOfWeek': ['Wednesday', 'Thursday', 'Friday', 'Saturday'], 'opens': '15:0', 'closes': '21:0'}, {'@type': 'OpeningHoursSpecification', 'dayOfWeek': ['Wednesday', 'Thursday', 'Friday', 'Saturday'], 'opens': '8:30', 'closes': '15:0'}]","{'@type': 'PostalAddress', 'addressLocality': 'Gilroy', 'addressRegion': 'California', 'postalCode': '95020', 'addressCountry': 'US', 'streetAddress': '7423 Monterey Rd'}","{'@type': 'GeoCoordinates', 'latitude': 37.007086, 'longitude': -121.569221}",{}
Mountain Mike's Pizza (747 1st St),https://www.ubereats.com/san-francisco/food-delivery/mountain-mikes-pizza-747-1st-st/NLXHmRbZRfiA1atRamsW-Q,gilroy-california,"['American', 'Salads', 'Pizza']",,,$,37.0144387,-121.5837001,+14088461900,95020,747 1st St,Gilroy,CA,"[{'@type': 'OpeningHoursSpecification', 'dayOfWeek': ['Sunday', 'Monday', 'Tuesday', 'Wednesday', 'Thursday'], 'opens': '11:0', 'closes': '20:30'}, {'@type': 'OpeningHoursSpecification', 'dayOfWeek': ['Friday', 'Saturday'], 'opens': '11:0', 'closes': '21:0'}]","{'@type': 'PostalAddress', 'addressLocality': 'Gilroy', 'addressRegion': 'CA', 'postalCode': '95020', 'addressCountry': 'US', 'streetAddress': '747 1st St'}","{'@type': 'GeoCoordinates', 'latitude': 37.0144387, 'longitude': -121.5837001}",{}
Los Costenitos,https://www.ubereats.com/san-francisco/food-delivery/los-costenitos/fpEwpuGBRRS4P9glIPpO2w,gilroy-california,"['Mexican', 'Latin American', 'New Mexican']",,,$,37.0198513,-121.5765457,+14088481794,95020,195 Welburn Ave,Gilroy,CA,"[{'@type': 'OpeningHoursSpecification', 'dayOfWeek': ['Sunday', 'Monday', 'Tuesday'], 'opens': '0:0', 'closes': '20:0'}, {'@type': 'OpeningHoursSpecification', 'dayOfWeek': ['Thursday', 'Friday', 'Saturday'], 'opens': '0:0', 'closes': '20:0'}]","{'@type': 'PostalAddress', 'addressLocality': 'Gilroy', 'addressRegion': 'CA', 'postalCode': '95020', 'addressCountry': 'US', 'streetAddress': '195 Welburn Ave'}","{'@type': 'GeoCoordinates', 'latitude': 37.0198513, 'longitude': -121.5765457}",{}
Station 55,https://www.ubereats.com/san-francisco/food-delivery/station-55/udwe4tCyTl6HAWnNgF9uFw,gilroy-california,"['Mexican', 'Vegetarian', 'Seafood']",,,,37.0083594,-121.5702244,+16692057200,95020,55 5th St,Gilroy,CA,"[{'@type': 'OpeningHoursSpecification', 'dayOfWeek': 'Sunday', 'opens': '10:0', 'closes': '19:0'}, {'@type': 'OpeningHoursSpecification', 'dayOfWeek': 'Sunday', 'opens': '10:0', 'closes': '19:0'}, {'@type': 'OpeningHoursSpecification', 'dayOfWeek': ['Monday', 'Tuesday', 'Wednesday', 'Thursday', 'Friday'], 'opens': '10:0', 'closes': '19:0'}, {'@type': 'OpeningHoursSpecification', 'dayOfWeek': 'Saturday', 'opens': '10:0', 'closes': '19:0'}, {'@type': 'OpeningHoursSpecification', 'dayOfWeek': 'Saturday', 'opens': '10:0', 'closes': '19:0'}]","{'@type': 'PostalAddress', 'addressLocality': 'Gilroy', 'addressRegion': 'CA', 'postalCode': '95020', 'addressCountry': 'US', 'streetAddress': '55 5th St'}","{'@type': 'GeoCoordinates', 'latitude': 37.0083594, 'longitude': -121.5702244}",{}
Nick the Greek - Morgan Hill,https://www.ubereats.com/san-francisco/food-delivery/nick-the-greek-morgan-hill/uhC8PdC0QU6jhUwbu5k_Ag,gilroy-california,"['Comfort Food', 'American', 'Burgers', 'Allergy Friendly']",4.3,56,$,37.1134933,-121.6381808,+16698883881,95037,632 Tennant Station,Morgan Hill,CA,"[{'@type': 'OpeningHoursSpecification', 'dayOfWeek': ['Monday', 'Tuesday', 'Wednesday', 'Thursday', 'Friday', 'Saturday', 'Sunday'], 'opens': '11:0', 'closes': '0:0'}]","{'@type': 'PostalAddress', 'addressLocality': 'Morgan Hill', 'addressRegion': 'CA', 'postalCode': '95037', 'addressCountry': 'US', 'streetAddress': '632 Tennant Station'}","{'@type': 'GeoCoordinates', 'latitude': 37.1134933, 'longitude': -121.6381808}","{'@type': 'AggregateRating', 'ratingValue': 4.3, 'reviewCount': '56'}"
Cielito Lindo Restaurant,https://www.ubereats.com/san-francisco/food-delivery/cielito-lindo-restaurant/kUgzh4TgQfKLUstTUtH-7w,gilroy-california,['Mexican'],,,$$,37.0076599,-121.568686,+14088427724,95020,7460 Monterey Rd,Gilroy,CA,"[{'@type': 'OpeningHoursSpecification', 'dayOfWeek': ['Tuesday', 'Wednesday', 'Thursday', 'Friday', 'Saturday'], 'opens': '10:0', 'closes': '19:0'}]","{'@type': 'PostalAddress', 'addressLocality': 'Gilroy', 'addressRegion': 'CA', 'postalCode': '95020', 'addressCountry': 'US', 'streetAddress': '7460 Monterey Rd'}","{'@type': 'GeoCoordinates', 'latitude': 37.0076599, 'longitude': -121.568686}",{}
Popeyes (6945 Camino Arroyo),https://www.ubereats.com/san-francisco/food-delivery/popeyes-6945-camino-arroyo/_WVkCZ47QvqMZmVF9f0QvQ,gilroy-california,"['American', 'Fast Food', 'Southern', 'Wings']",3.3,32,$,37.0017562,-121.5505739,+14088421111,95020,6945 Camino Arroyo,Gilroy,CA,"[{'@type': 'OpeningHoursSpecification', 'dayOfWeek': ['Monday', 'Tuesday', 'Wednesday', 'Thursday', 'Friday', 'Saturday', 'Sunday'], 'opens': '11:0', 'closes': '22:0'}]","{'@type': 'PostalAddress', 'addressLocality': 'Gilroy', 'addressRegion': 'CA', 'postalCode': '95020', 'addressCountry': 'US', 'streetAddress': '6945 Camino Arroyo'}","{'@type': 'GeoCoordinates', 'latitude': 37.0017562, 'longitude': -121.5505739}","{'@type': 'AggregateRating', 'ratingValue': 3.3, 'reviewCount': '32'}"
Chipotle Mexican Grill (6955 Camino Arroyo Ste 70),https://www.ubereats.com/san-francisco/food-delivery/chipotle-mexican-grill-6955-camino-arroyo-ste-70/OQs8_bQYSkqJeb1e2DZosg,gilroy-california,"['Healthy', 'Mexican']",4.1,38,$,37.0029487,-121.5519635,+14088484079,95020,6955 Camino Arroyo Ste 70,Gilroy,CA,"[{'@type': 'OpeningHoursSpecification', 'dayOfWeek': ['Monday', 'Tuesday', 'Wednesday', 'Thursday', 'Friday', 'Saturday', 'Sunday'], 'opens': '10:45', 'closes': '21:40'}]","{'@type': 'PostalAddress', 'addressLocality': 'Gilroy', 'addressRegion': 'CA', 'postalCode': '95020', 'addressCountry': 'US', 'streetAddress': '6955 Camino Arroyo Ste 70'}","{'@type': 'GeoCoordinates', 'latitude': 37.0029487, 'longitude': -121.5519635}","{'@type': 'AggregateRating', 'ratingValue': 4.1, 'reviewCount': '38'}"
Chuck E. Cheese (910 Renz Lane),https://www.ubereats.com/san-francisco/food-delivery/chuck-e-cheese-910-renz-lane/Huatg2xLR1m6jKzPIdIH3A,gilroy-california,['Pizza'],,,$,37.00618631230477,-121.55139382243128,+14088425799,,,,,"[{'@type': 'OpeningHoursSpecification', 'dayOfWeek': ['Monday', 'Tuesday', 'Wednesday', 'Thursday', 'Friday', 'Saturday', 'Sunday'], 'opens': '11:0', 'closes': '20:0'}]",,"{'@type': 'GeoCoordinates', 'latitude': 37.00618631230477, 'longitude': -121.55139382243128}",{}
Icicles - Gilroy,https://www.ubereats.com/san-francisco/food-delivery/icicles-gilroy/zwfbCat3RmO5j3tjrRZ05A,gilroy-california,"['Ice Cream & Frozen Yogurt', 'Comfort Food', 'Desserts']",,,$,37.0089557,-121.5538244,+14085504413,95020,7210 Camino Arroyo 105,Gilroy,CA,"[{'@type': 'OpeningHoursSpecification', 'dayOfWeek': ['Sunday', 'Monday', 'Tuesday', 'Wednesday', 'Thursday'], 'opens': '11:30', 'closes': '22:0'}, {'@type': 'OpeningHoursSpecification', 'dayOfWeek': ['Friday', 'Saturday'], 'opens': '11:30', 'closes': '22:30'}]","{'@type': 'PostalAddress', 'addressLocality': 'Gilroy', 'addressRegion': 'CA', 'postalCode': '95020', 'addressCountry': 'US', 'streetAddress': '7210 Camino Arroyo 105'}","{'@type': 'GeoCoordinates', 'latitude': 37.0089557, 'longitude': -121.5538244}",{}
Mo's Breakfast and Burger Joint (Morgan Hill),https://www.ubereats.com/san-francisco/food-delivery/mos-breakfast-and-burger-joint-morgan-hill/qoCnbtYmRoyLR4SbW9uv9w,gilroy-california,"['Burgers', 'American', 'Sandwiches']",4.1,19,$,37.12799930000001,-121.652208,+14088838480,95037,17290 Monterey St. Ste # 101,Morgan Hill,California,"[{'@type': 'OpeningHoursSpecification', 'dayOfWeek': ['Monday', 'Tuesday', 'Wednesday', 'Thursday', 'Friday', 'Saturday', 'Sunday'], 'opens': '9:0', 'closes': '19:0'}]","{'@type': 'PostalAddress', 'addressLocality': 'Morgan Hill', 'addressRegion': 'California', 'postalCode': '95037', 'addressCountry': 'US', 'streetAddress': '17290 Monterey St. Ste # 101'}","{'@type': 'GeoCoordinates', 'latitude': 37.12799930000001, 'longitude': -121.652208}","{'@type': 'AggregateRating', 'ratingValue': 4.1, 'reviewCount': '19'}"
Denny's (8425 San Ysidro Ave),https://www.ubereats.com/san-francisco/food-delivery/dennys-8425-san-ysidro-ave/XLA0xYG_SOOxDGPPSMNs0w,gilroy-california,"['American', 'Breakfast and Brunch', 'Coffee and Tea', 'Dinner', 'Desserts', 'Salads', 'Steak', 'Sandwich', 'Family Meals']",4.5,26,$$,37.023378,-121.565512,+14088427678,95020,8425 San Ysidro Ave,Gilroy,CA,"[{'@type': 'OpeningHoursSpecification', 'dayOfWeek': ['Monday', 'Tuesday', 'Wednesday', 'Thursday', 'Friday', 'Saturday', 'Sunday'], 'opens': '7:0', 'closes': '1:0'}]","{'@type': 'PostalAddress', 'addressLocality': 'Gilroy', 'addressRegion': 'CA', 'postalCode': '95020', 'addressCountry': 'US', 'streetAddress': '8425 San Ysidro Ave'}","{'@type': 'GeoCoordinates', 'latitude': 37.023378, 'longitude': -121.565512}","{'@type': 'AggregateRating', 'ratingValue': 4.5, 'reviewCount': '26'}"
"L&L Hawaiian BBQ  (7210 Camino Arroyo, Ste. 104)",https://www.ubereats.com/san-francisco/food-delivery/l%26l-hawaiian-bbq-7210-camino-arroyo-ste-104/-SeToHijS2iapr-A-Zz_rw,gilroy-california,"['BBQ', 'Burgers', 'Hawaiian']",4.5,23,$,37.0088462,-121.5536102,+14088460917,95020,7210 Camino Arroyo,Gilroy,CA,"[{'@type': 'OpeningHoursSpecification', 'dayOfWeek': ['Monday', 'Tuesday', 'Wednesday', 'Thursday', 'Friday', 'Saturday', 'Sunday'], 'opens': '11:0', 'closes': '20:0'}]","{'@type': 'PostalAddress', 'addressLocality': 'Gilroy', 'addressRegion': 'CA', 'postalCode': '95020', 'addressCountry': 'US', 'streetAddress': '7210 Camino Arroyo'}","{'@type': 'GeoCoordinates', 'latitude': 37.0088462, 'longitude': -121.5536102}","{'@type': 'AggregateRating', 'ratingValue': 4.5, 'reviewCount': '23'}"
KFC (17050 Laurel Road),https://www.ubereats.com/san-francisco/food-delivery/kfc-17050-laurel-road/1Jgx2s22TX6OKaVzTO-LTg,gilroy-california,"['American', 'Fast Food', 'wings']",3.8,28,$,37.1309106,-121.6364876,+12814888536,95037,17050 Laurel Road,Morgan Hill,CA,"[{'@type': 'OpeningHoursSpecification', 'dayOfWeek': ['Monday', 'Tuesday', 'Wednesday', 'Thursday', 'Friday', 'Saturday', 'Sunday'], 'opens': '10:0', 'closes': '21:30'}]","{'@type': 'PostalAddress', 'addressLocality': 'Morgan Hill', 'addressRegion': 'CA', 'postalCode': '95037', 'addressCountry': 'US', 'streetAddress': '17050 Laurel Road'}","{'@type': 'GeoCoordinates', 'latitude': 37.1309106, 'longitude': -121.6364876}","{'@type': 'AggregateRating', 'ratingValue': 3.8, 'reviewCount': '28'}"
Burger King (450 Leavesley Road),https://www.ubereats.com/san-francisco/food-delivery/burger-king-450-leavesley-road/-o5sFZFJQxGpmcJXqBrjRA,gilroy-california,"['American', 'burger', 'Fast Food']",4.6,20,$,37.0213496,-121.5680618,+14088425222,95020,450 Leavesley Road,Gilroy,CA,"[{'@type': 'OpeningHoursSpecification', 'dayOfWeek': 'Sunday', 'opens': '7:30', 'closes': '10:29'}, {'@type': 'OpeningHoursSpecification', 'dayOfWeek': 'Sunday', 'opens': '10:30', 'closes': '23:30'}, {'@type': 'OpeningHoursSpecification', 'dayOfWeek': ['Monday', 'Tuesday', 'Wednesday', 'Thursday', 'Friday', 'Saturday'], 'opens': '6:30', 'closes': '10:29'}, {'@type': 'OpeningHoursSpecification', 'dayOfWeek': ['Monday', 'Tuesday', 'Wednesday', 'Thursday', 'Friday', 'Saturday'], 'opens': '10:30', 'closes': '23:30'}]","{'@type': 'PostalAddress', 'addressLocality': 'Gilroy', 'addressRegion': 'CA', 'postalCode': '95020', 'addressCountry': 'US', 'streetAddress': '450 Leavesley Road'}","{'@type': 'GeoCoordinates', 'latitude': 37.0213496, 'longitude': -121.5680618}","{'@type': 'AggregateRating', 'ratingValue': 4.6, 'reviewCount': '20'}"
Mountain Mike's Pizza (201 Tennant Station),https://www.ubereats.com/san-francisco/food-delivery/mountain-mikes-pizza-201-tennant-station/a2kUQpqOTk2-sn7vqFADCg,gilroy-california,"['American', 'Salads', 'Pizza']",4.2,18,$,37.111863,-121.641099,+14087796900,95037,201 Tennant Station,Morgan Hill,CA,"[{'@type': 'OpeningHoursSpecification', 'dayOfWeek': ['Sunday', 'Monday', 'Tuesday', 'Wednesday', 'Thursday'], 'opens': '11:0', 'closes': '21:30'}, {'@type': 'OpeningHoursSpecification', 'dayOfWeek': ['Friday', 'Saturday'], 'opens': '11:0', 'closes': '22:0'}]","{'@type': 'PostalAddress', 'addressLocality': 'Morgan Hill', 'addressRegion': 'CA', 'postalCode': '95037', 'addressCountry': 'US', 'streetAddress': '201 Tennant Station'}","{'@type': 'GeoCoordinates', 'latitude': 37.111863, 'longitude': -121.641099}","{'@type': 'AggregateRating', 'ratingValue': 4.2, 'reviewCount': '18'}"
Tacomania - Gilroy,https://www.ubereats.com/san-francisco/food-delivery/tacomania-gilroy/Ty05nHThQW-bYKzAeybGPg,gilroy-california,"['Mexican', 'Latin American', 'Fast Food']",4.5,15,$$,37.013729,-121.579331,+14088425720,95020,565 1st St,Gilroy,California,"[{'@type': 'OpeningHoursSpecification', 'dayOfWeek': 'Sunday', 'opens': '9:0', 'closes': '20:0'}, {'@type': 'OpeningHoursSpecification', 'dayOfWeek': 'Sunday', 'opens': '9:0', 'closes': '14:0'}, {'@type': 'OpeningHoursSpecification', 'dayOfWeek': ['Tuesday', 'Wednesday', 'Thursday', 'Friday'], 'opens': '11:0', 'closes': '20:0'}, {'@type': 'OpeningHoursSpecification', 'dayOfWeek': 'Saturday', 'opens': '9:0', 'closes': '20:0'}, {'@type': 'OpeningHoursSpecification', 'dayOfWeek': 'Saturday', 'opens': '9:0', 'closes': '14:0'}]","{'@type': 'PostalAddress', 'addressLocality': 'Gilroy', 'addressRegion': 'California', 'postalCode': '95020', 'addressCountry': 'US', 'streetAddress': '565 1st St'}","{'@type': 'GeoCoordinates', 'latitude': 37.013729, 'longitude': -121.579331}","{'@type': 'AggregateRating', 'ratingValue': 4.5, 'reviewCount': '15'}"
Panda Express (216 Tennant Ave),https://www.ubereats.com/san-francisco/food-delivery/panda-express-216-tennant-ave/1oAdVpjIQmSOGMfqyKkVmw,gilroy-california,"['Chinese', 'Family Meals']",4.7,33,$,37.1125964,-121.64058729999999,+14087795139,95037,216 Tennant Ave,Morgan Hill,CA,"[{'@type': 'OpeningHoursSpecification', 'dayOfWeek': ['Sunday', 'Monday', 'Tuesday', 'Wednesday', 'Thursday'], 'opens': '10:30', 'closes': '21:0'}, {'@type': 'OpeningHoursSpecification', 'dayOfWeek': ['Friday', 'Saturday'], 'opens': '10:30', 'closes': '21:30'}]","{'@type': 'PostalAddress', 'addressLocality': 'Morgan Hill', 'addressRegion': 'CA', 'postalCode': '95037', 'addressCountry': 'US', 'streetAddress': '216 Tennant Ave'}","{'@type': 'GeoCoordinates', 'latitude': 37.1125964, 'longitude': -121.64058729999999}","{'@type': 'AggregateRating', 'ratingValue': 4.7, 'reviewCount': '33'}"
Ginger Cafe,https://www.ubereats.com/san-francisco/food-delivery/ginger-cafe/vnMuPPCyTgGocm-BLS4vZw,gilroy-california,"['Chinese', 'Asian Fusion']",4.7,33,$,37.023744,-121.565261,+14088472625,95020,8657 San Ysidro Ave,Gilroy,California,"[{'@type': 'OpeningHoursSpecification', 'dayOfWeek': ['Monday', 'Tuesday', 'Wednesday', 'Thursday', 'Friday', 'Saturday', 'Sunday'], 'opens': '11:0', 'closes': '15:0'}, {'@type': 'OpeningHoursSpecification', 'dayOfWeek': ['Monday', 'Tuesday', 'Wednesday', 'Thursday', 'Friday', 'Saturday', 'Sunday'], 'opens': '11:0', 'closes': '20:30'}]","{'@type': 'PostalAddress', 'addressLocality': 'Gilroy', 'addressRegion': 'California', 'postalCode': '95020', 'addressCountry': 'US', 'streetAddress': '8657 San Ysidro Ave'}","{'@type': 'GeoCoordinates', 'latitude': 37.023744, 'longitude': -121.565261}","{'@type': 'AggregateRating', 'ratingValue': 4.7, 'reviewCount': '33'}"
Wienerschnitzel (711 First Street),https://www.ubereats.com/san-francisco/food-delivery/wienerschnitzel-711-first-street/IK3ptNy6RHmYB61uQojPjw,gilroy-california,"['Hot Dog', 'Sandwich', 'American', 'Fast Food']",4.1,18,$,37.0137052,-121.5827264,+14088466361,95020,711 First Street,Gilroy,CA,"[{'@type': 'OpeningHoursSpecification', 'dayOfWeek': ['Sunday', 'Monday', 'Tuesday', 'Wednesday', 'Thursday'], 'opens': '10:0', 'closes': '22:0'}, {'@type': 'OpeningHoursSpecification', 'dayOfWeek': ['Friday', 'Saturday'], 'opens': '10:0', 'closes': '22:0'}, {'@type': 'OpeningHoursSpecification', 'dayOfWeek': ['Friday', 'Saturday'], 'opens': '10:0', 'closes': '12:30'}]","{'@type': 'PostalAddress', 'addressLocality': 'Gilroy', 'addressRegion': 'CA', 'postalCode': '95020', 'addressCountry': 'US', 'streetAddress': '711 First Street'}","{'@type': 'GeoCoordinates', 'latitude': 37.0137052, 'longitude': -121.5827264}","{'@type': 'AggregateRating', 'ratingValue': 4.1, 'reviewCount': '18'}"
KFC (8080 Wren Ave.),https://www.ubereats.com/san-francisco/food-delivery/kfc-8080-wren-ave/I3iV1-pRTH2uZMP-kUMgWg,gilroy-california,"['American', 'Fast Food', 'wings']",4.0,21,$,37.01456,-121.5864316,+15856700296,95020,8080 Wren Ave.,Gilroy,CA,"[{'@type': 'OpeningHoursSpecification', 'dayOfWeek': ['Monday', 'Tuesday', 'Wednesday', 'Thursday', 'Friday', 'Saturday', 'Sunday'], 'opens': '10:30', 'closes': '21:30'}]","{'@type': 'PostalAddress', 'addressLocality': 'Gilroy', 'addressRegion': 'CA', 'postalCode': '95020', 'addressCountry': 'US', 'streetAddress': '8080 Wren Ave.'}","{'@type': 'GeoCoordinates', 'latitude': 37.01456, 'longitude': -121.5864316}","{'@type': 'AggregateRating', 'ratingValue': 4, 'reviewCount': '21'}"
Opa! Authentic Greek Cuisine (Morgan Hill),https://www.ubereats.com/san-francisco/food-delivery/opa!-authentic-greek-cuisine-morgan-hill/LdyDkCzdQo6B3DJCxlTfgw,gilroy-california,"['Mediterranean', 'Greek', 'Vegetarian', 'Family Meals']",4.7,34,$,37.1279993,-121.652208,+14089988704,95037,17290 Monterey Road,Morgan Hill,CA,"[{'@type': 'OpeningHoursSpecification', 'dayOfWeek': 'Sunday', 'opens': '11:0', 'closes': '21:0'}, {'@type': 'OpeningHoursSpecification', 'dayOfWeek': 'Sunday', 'opens': '11:0', 'closes': '14:0'}, {'@type': 'OpeningHoursSpecification', 'dayOfWeek': ['Monday', 'Tuesday', 'Wednesday', 'Thursday', 'Friday'], 'opens': '11:0', 'closes': '21:0'}, {'@type': 'OpeningHoursSpecification', 'dayOfWeek': 'Saturday', 'opens': '11:0', 'closes': '21:0'}, {'@type': 'OpeningHoursSpecification', 'dayOfWeek': 'Saturday', 'opens': '11:0', 'closes': '14:0'}]","{'@type': 'PostalAddress', 'addressLocality': 'Morgan Hill', 'addressRegion': 'CA', 'postalCode': '95037', 'addressCountry': 'US', 'streetAddress': '17290 Monterey Road'}","{'@type': 'GeoCoordinates', 'latitude': 37.1279993, 'longitude': -121.652208}","{'@type': 'AggregateRating', 'ratingValue': 4.7, 'reviewCount': '34'}"
"Jamba Juice (890 Renz Lane, #107)",https://www.ubereats.com/san-francisco/food-delivery/jamba-juice-890-renz-lane-%23107/kjFFJuoNTUuIKODXeSVJSQ,gilroy-california,['Juice and Smoothies'],4.7,23,$$,37.0054831,-121.5520304,+14088422440,95020,"890 Renz Lane, #107",Gilroy,CA,"[{'@type': 'OpeningHoursSpecification', 'dayOfWeek': ['Monday', 'Tuesday', 'Wednesday', 'Thursday', 'Friday', 'Saturday', 'Sunday'], 'opens': '9:0', 'closes': '21:0'}]","{'@type': 'PostalAddress', 'addressLocality': 'Gilroy', 'addressRegion': 'CA', 'postalCode': '95020', 'addressCountry': 'US', 'streetAddress': '890 Renz Lane, #107'}","{'@type': 'GeoCoordinates', 'latitude': 37.0054831, 'longitude': -121.5520304}","{'@type': 'AggregateRating', 'ratingValue': 4.7, 'reviewCount': '23'}"
Jack in the Box (4369) 7110 Camino Arroyo,https://www.ubereats.com/san-francisco/food-delivery/jack-in-the-box-4369-7110-camino-arroyo/5GRxdpNyT0-no4uACkmr8Q,gilroy-california,"['American', 'burger', 'Fast Food']",4.5,16,$,37.0067938,-121.5518063,+14088478131,95020,7110 Camino Arroyo,Gilroy,CA,"[{'@type': 'OpeningHoursSpecification', 'dayOfWeek': ['Monday', 'Tuesday', 'Wednesday', 'Thursday', 'Friday', 'Saturday', 'Sunday'], 'opens': '6:0', 'closes': '2:0'}]","{'@type': 'PostalAddress', 'addressLocality': 'Gilroy', 'addressRegion': 'CA', 'postalCode': '95020', 'addressCountry': 'US', 'streetAddress': '7110 Camino Arroyo'}","{'@type': 'GeoCoordinates', 'latitude': 37.0067938, 'longitude': -121.5518063}","{'@type': 'AggregateRating', 'ratingValue': 4.5, 'reviewCount': '16'}"
Taco Bell (16900 Monterey Rd),https://www.ubereats.com/san-francisco/food-delivery/taco-bell-16900-monterey-rd/kRM3w3cFR2GJNZ-zIkEuZg,gilroy-california,"['Burritos', 'Fast Food', 'Mexican']",4.1,42,$,37.1245771,-121.6491875,+14087792500,95037,16900 Monterey Rd,Morgan Hill,CA,"[{'@type': 'OpeningHoursSpecification', 'dayOfWeek': ['Monday', 'Tuesday', 'Wednesday', 'Thursday', 'Friday', 'Saturday', 'Sunday'], 'opens': '14:0', 'closes': '17:0'}, {'@type': 'OpeningHoursSpecification', 'dayOfWeek': ['Monday', 'Tuesday', 'Wednesday', 'Thursday', 'Friday', 'Saturday', 'Sunday'], 'opens': '8:0', 'closes': '23:30'}, {'@type': 'OpeningHoursSpecification', 'dayOfWeek': ['Monday', 'Tuesday', 'Wednesday', 'Thursday', 'Friday', 'Saturday', 'Sunday'], 'opens': '8:0', 'closes': '10:30'}]","{'@type': 'PostalAddress', 'addressLocality': 'Morgan Hill', 'addressRegion': 'CA', 'postalCode': '95037', 'addressCountry': 'US', 'streetAddress': '16900 Monterey Rd'}","{'@type': 'GeoCoordinates', 'latitude': 37.1245771, 'longitude': -121.6491875}","{'@type': 'AggregateRating', 'ratingValue': 4.1, 'reviewCount': '42'}"
Wendy's  (393 E 10Th St),https://www.ubereats.com/san-francisco/food-delivery/wendys-393-e-10th-st/gvntmQ0xSXqcuTOoiliAJw,gilroy-california,"['American', 'Burgers', 'Fast Food']",4.2,11,$,37.0019759,-121.5612838,+14088421036,95020,393 E 10Th St,Gilroy,CA,"[{'@type': 'OpeningHoursSpecification', 'dayOfWeek': ['Monday', 'Tuesday', 'Wednesday', 'Thursday', 'Friday', 'Saturday', 'Sunday'], 'opens': '10:30', 'closes': '22:30'}, {'@type': 'OpeningHoursSpecification', 'dayOfWeek': ['Monday', 'Tuesday', 'Wednesday', 'Thursday', 'Friday', 'Saturday', 'Sunday'], 'opens': '6:30', 'closes': '10:0'}]","{'@type': 'PostalAddress', 'addressLocality': 'Gilroy', 'addressRegion': 'CA', 'postalCode': '95020', 'addressCountry': 'US', 'streetAddress': '393 E 10Th St'}","{'@type': 'GeoCoordinates', 'latitude': 37.0019759, 'longitude': -121.5612838}","{'@type': 'AggregateRating', 'ratingValue': 4.2, 'reviewCount': '11'}"
Star Tea,https://www.ubereats.com/san-francisco/food-delivery/star-tea/aRnYhIQiQ-yL8Ck6RJz9MQ,gilroy-california,"['Asian', 'Desserts', 'Juice and Smoothies']",,,$,37.0270203,-121.565664,+16692390846,95020,8650 San Ysidro Ave,Gilroy,CA,"[{'@type': 'OpeningHoursSpecification', 'dayOfWeek': ['Monday', 'Tuesday', 'Wednesday', 'Thursday', 'Friday', 'Saturday', 'Sunday'], 'opens': '11:0', 'closes': '20:30'}]","{'@type': 'PostalAddress', 'addressLocality': 'Gilroy', 'addressRegion': 'CA', 'postalCode': '95020', 'addressCountry': 'US', 'streetAddress': '8650 San Ysidro Ave'}","{'@type': 'GeoCoordinates', 'latitude': 37.0270203, 'longitude': -121.565664}",{}
Little India,https://www.ubereats.com/san-francisco/food-delivery/little-india/E3IsH6RETgucNNpThX1kjg,gilroy-california,"['Indian', 'Vegetarian', 'Asian']",,,$,37.012675,-121.5959357,+14087672828,95020,1340 1st St A,Gilroy,CA,"[{'@type': 'OpeningHoursSpecification', 'dayOfWeek': 'Sunday', 'opens': '11:0', 'closes': '15:0'}, {'@type': 'OpeningHoursSpecification', 'dayOfWeek': 'Sunday', 'opens': '17:0', 'closes': '21:0'}, {'@type': 'OpeningHoursSpecification', 'dayOfWeek': ['Tuesday', 'Wednesday', 'Thursday', 'Friday', 'Saturday'], 'opens': '11:0', 'closes': '15:0'}, {'@type': 'OpeningHoursSpecification', 'dayOfWeek': ['Tuesday', 'Wednesday', 'Thursday', 'Friday', 'Saturday'], 'opens': '17:0', 'closes': '21:0'}]","{'@type': 'PostalAddress', 'addressLocality': 'Gilroy', 'addressRegion': 'CA', 'postalCode': '95020', 'addressCountry': 'US', 'streetAddress': '1340 1st St A'}","{'@type': 'GeoCoordinates', 'latitude': 37.012675, 'longitude': -121.5959357}",{}
Subway (340 10th E),https://www.ubereats.com/san-francisco/food-delivery/subway-340-10th-e/qNs79sY5QlGxXno5VFf3tg,gilroy-california,"['Fast Food', 'Sandwich', 'American']",,,$,37.0011278,-121.5615291,+14088485588,95020,340 10th E,Gilroy,CA,"[{'@type': 'OpeningHoursSpecification', 'dayOfWeek': 'Sunday', 'opens': '9:0', 'closes': '21:0'}, {'@type': 'OpeningHoursSpecification', 'dayOfWeek': ['Monday', 'Tuesday', 'Wednesday', 'Thursday', 'Friday'], 'opens': '8:0', 'closes': '21:0'}, {'@type': 'OpeningHoursSpecification', 'dayOfWeek': 'Saturday', 'opens': '9:0', 'closes': '21:0'}]","{'@type': 'PostalAddress', 'addressLocality': 'Gilroy', 'addressRegion': 'CA', 'postalCode': '95020', 'addressCountry': 'US', 'streetAddress': '340 10th E'}","{'@type': 'GeoCoordinates', 'latitude': 37.0011278, 'longitude': -121.5615291}",{}
McDonald's (7150 CAMINO ARROYO (W*M #2002)),https://www.ubereats.com/san-francisco/food-delivery/mcdonalds-7150-camino-arroyo-w*m-%232002/Cf8KmL5xSFSwtHN8YQUsjw,gilroy-california,"['American', 'burger', 'Fast Food']",,,$,37.0085037,-121.5510402,+14088483820,95020,7150 CAMINO ARROYO (W*M #2002),GILROY,CA,"[{'@type': 'OpeningHoursSpecification', 'dayOfWeek': 'Sunday', 'opens': '7:30', 'closes': '10:59'}, {'@type': 'OpeningHoursSpecification', 'dayOfWeek': 'Sunday', 'opens': '11:0', 'closes': '16:59'}, {'@type': 'OpeningHoursSpecification', 'dayOfWeek': 'Sunday', 'opens': '17:0', 'closes': '20:15'}, {'@type': 'OpeningHoursSpecification', 'dayOfWeek': ['Monday', 'Tuesday', 'Wednesday', 'Thursday', 'Friday'], 'opens': '7:30', 'closes': '10:29'}, {'@type': 'OpeningHoursSpecification', 'dayOfWeek': ['Monday', 'Tuesday', 'Wednesday', 'Thursday', 'Friday'], 'opens': '10:30', 'closes': '16:59'}, {'@type': 'OpeningHoursSpecification', 'dayOfWeek': ['Monday', 'Tuesday', 'Wednesday', 'Thursday', 'Friday'], 'opens': '17:0', 'closes': '20:15'}, {'@type': 'OpeningHoursSpecification', 'dayOfWeek': 'Saturday', 'opens': '7:30', 'closes': '10:59'}, {'@type': 'OpeningHoursSpecification', 'dayOfWeek': 'Saturday', 'opens': '11:0', 'closes': '16:59'}, {'@type': 'OpeningHoursSpecification', 'dayOfWeek': 'Saturday', 'opens': '17:0', 'closes': '20:15'}]","{'@type': 'PostalAddress', 'addressLocality': 'GILROY', 'addressRegion': 'CA', 'postalCode': '95020', 'addressCountry': 'US', 'streetAddress': '7150 CAMINO ARROYO (W*M #2002)'}","{'@type': 'GeoCoordinates', 'latitude': 37.0085037, 'longitude': -121.5510402}",{}
The Ice Cream Shop,https://www.ubereats.com/san-francisco/food-delivery/the-ice-cream-shop/DCAKmW50TwS-9UFKQ4eGxA,gilroy-california,"['Desserts', 'Ice Cream and Frozen Yogurt']",,,$,37.0140154,-121.5921763,+14088422745,95020,1053 1st Ave.,Gilroy,CA,"[{'@type': 'OpeningHoursSpecification', 'dayOfWeek': ['Sunday', 'Monday', 'Tuesday', 'Wednesday', 'Thursday'], 'opens': '11:0', 'closes': '21:30'}, {'@type': 'OpeningHoursSpecification', 'dayOfWeek': ['Friday', 'Saturday'], 'opens': '11:0', 'closes': '22:0'}]","{'@type': 'PostalAddress', 'addressLocality': 'Gilroy', 'addressRegion': 'CA', 'postalCode': '95020', 'addressCountry': 'US', 'streetAddress': '1053 1st Ave.'}","{'@type': 'GeoCoordinates', 'latitude': 37.0140154, 'longitude': -121.5921763}",{}
Panera (6865 Camino Arroyo),https://www.ubereats.com/san-francisco/food-delivery/panera-6865-camino-arroyo/-jYtMnGuRCujeUcsMCmACQ,gilroy-california,"['Breakfast and Brunch', 'salad', 'Sandwich', 'Family Meals']",,,$,37.0022651,-121.5511385,+14088467430,95020,6865 Camino Arroyo,Gilroy,CA,"[{'@type': 'OpeningHoursSpecification', 'dayOfWeek': 'Sunday', 'opens': '7:0', 'closes': '20:30'}, {'@type': 'OpeningHoursSpecification', 'dayOfWeek': ['Monday', 'Tuesday', 'Wednesday', 'Thursday', 'Friday', 'Saturday'], 'opens': '6:0', 'closes': '20:30'}]","{'@type': 'PostalAddress', 'addressLocality': 'Gilroy', 'addressRegion': 'CA', 'postalCode': '95020', 'addressCountry': 'US', 'streetAddress': '6865 Camino Arroyo'}","{'@type': 'GeoCoordinates', 'latitude': 37.0022651, 'longitude': -121.5511385}",{}
Subway (197 Welburn Ave),https://www.ubereats.com/san-francisco/food-delivery/subway-197-welburn-ave/rkXEVhr-RrGlRAQZJvLlqw,gilroy-california,"['Fast Food', 'Sandwich', 'American']",,,$,37.019791,-121.57638100000001,+14088468757,,,,,"[{'@type': 'OpeningHoursSpecification', 'dayOfWeek': 'Sunday', 'opens': '10:0', 'closes': '19:0'}, {'@type': 'OpeningHoursSpecification', 'dayOfWeek': 'Sunday', 'opens': '9:0', 'closes': '21:30'}, {'@type': 'OpeningHoursSpecification', 'dayOfWeek': ['Monday', 'Tuesday', 'Wednesday', 'Thursday', 'Friday'], 'opens': '10:0', 'closes': '19:0'}, {'@type': 'OpeningHoursSpecification', 'dayOfWeek': 'Saturday', 'opens': '10:0', 'closes': '19:0'}, {'@type': 'OpeningHoursSpecification', 'dayOfWeek': 'Saturday', 'opens': '9:0', 'closes': '21:30'}]",,"{'@type': 'GeoCoordinates', 'latitude': 37.019791, 'longitude': -121.57638100000001}",{}
Panda Express (6975 Camino Arroyo),https://www.ubereats.com/san-francisco/food-delivery/panda-express-6975-camino-arroyo/4iHtrS9eR3m7KEmU16FTmA,gilroy-california,"['Chinese', 'Family Meals']",4.3,59,$,37.0034756,-121.5514288,+14088426203,95020,6975 Camino Arroyo,Gilroy,CA,"[{'@type': 'OpeningHoursSpecification', 'dayOfWeek': ['Monday', 'Tuesday', 'Wednesday', 'Thursday', 'Friday', 'Saturday', 'Sunday'], 'opens': '10:0', 'closes': '21:30'}]","{'@type': 'PostalAddress', 'addressLocality': 'Gilroy', 'addressRegion': 'CA', 'postalCode': '95020', 'addressCountry': 'US', 'streetAddress': '6975 Camino Arroyo'}","{'@type': 'GeoCoordinates', 'latitude': 37.0034756, 'longitude': -121.5514288}","{'@type': 'AggregateRating', 'ratingValue': 4.3, 'reviewCount': '59'}"
Buffalo Wild Wings (6805 Camino Arroyo),https://www.ubereats.com/san-francisco/food-delivery/buffalo-wild-wings-6805-camino-arroyo/j5JgBdTWQhuwZxDUu2glBg,gilroy-california,"['wings', 'American', 'Chicken']",3.3,11,$$,37.0015839,-121.5552413,+14088421668,95020,6805 Camino Arroyo,Gilroy,CA,"[{'@type': 'OpeningHoursSpecification', 'dayOfWeek': ['Monday', 'Tuesday', 'Wednesday', 'Thursday', 'Friday', 'Saturday', 'Sunday'], 'opens': '11:0', 'closes': '20:0'}]","{'@type': 'PostalAddress', 'addressLocality': 'Gilroy', 'addressRegion': 'CA', 'postalCode': '95020', 'addressCountry': 'US', 'streetAddress': '6805 Camino Arroyo'}","{'@type': 'GeoCoordinates', 'latitude': 37.0015839, 'longitude': -121.5552413}","{'@type': 'AggregateRating', 'ratingValue': 3.3, 'reviewCount': '11'}"
Famous Dave's (6925 Camino Arroyo),https://www.ubereats.com/san-francisco/food-delivery/famous-daves-6925-camino-arroyo/4aNFZlTRR5KXHZhwxPiZTw,gilroy-california,"['American', 'BBQ']",4.6,24,$$,37.0030647,-121.5538142,+14088421400,95020,6925 Camino Arroyo,Gilroy,CA,"[{'@type': 'OpeningHoursSpecification', 'dayOfWeek': 'Sunday', 'opens': '11:0', 'closes': '20:15'}, {'@type': 'OpeningHoursSpecification', 'dayOfWeek': ['Monday', 'Tuesday', 'Wednesday'], 'opens': '11:0', 'closes': '19:15'}, {'@type': 'OpeningHoursSpecification', 'dayOfWeek': ['Thursday', 'Friday', 'Saturday'], 'opens': '11:0', 'closes': '20:15'}]","{'@type': 'PostalAddress', 'addressLocality': 'Gilroy', 'addressRegion': 'CA', 'postalCode': '95020', 'addressCountry': 'US', 'streetAddress': '6925 Camino Arroyo'}","{'@type': 'GeoCoordinates', 'latitude': 37.0030647, 'longitude': -121.5538142}","{'@type': 'AggregateRating', 'ratingValue': 4.6, 'reviewCount': '24'}"
Jack in the Box (3458) 5900 Travel Park Circle,https://www.ubereats.com/san-francisco/food-delivery/jack-in-the-box-3458-5900-travel-park-circle/YztkDP7NTa-lwdwPhXXA7w,gilroy-california,"['American', 'burger', 'Fast Food']",3.7,18,$,36.9846685,-121.556935,+14088464898,95020,5900 Travel Park Circle,Gilroy,CA,"[{'@type': 'OpeningHoursSpecification', 'dayOfWeek': ['Monday', 'Tuesday', 'Wednesday', 'Thursday', 'Friday', 'Saturday', 'Sunday'], 'opens': '0:0', 'closes': '23:59'}]","{'@type': 'PostalAddress', 'addressLocality': 'Gilroy', 'addressRegion': 'CA', 'postalCode': '95020', 'addressCountry': 'US', 'streetAddress': '5900 Travel Park Circle'}","{'@type': 'GeoCoordinates', 'latitude': 36.9846685, 'longitude': -121.556935}","{'@type': 'AggregateRating', 'ratingValue': 3.7, 'reviewCount': '18'}"
KFC (5884 Monterey Rd.),https://www.ubereats.com/san-francisco/food-delivery/kfc-5884-monterey-rd/WaTn_wW3RkWOPtd_JLno7Q,gilroy-california,"['American', 'Fast Food', 'wings']",,,$,36.9840515,-121.5571366,+15853428590,95020,5884 Monterey Rd.,Gilroy,CA,"[{'@type': 'OpeningHoursSpecification', 'dayOfWeek': ['Monday', 'Tuesday', 'Wednesday', 'Thursday', 'Friday', 'Saturday', 'Sunday'], 'opens': '10:0', 'closes': '21:30'}]","{'@type': 'PostalAddress', 'addressLocality': 'Gilroy', 'addressRegion': 'CA', 'postalCode': '95020', 'addressCountry': 'US', 'streetAddress': '5884 Monterey Rd.'}","{'@type': 'GeoCoordinates', 'latitude': 36.9840515, 'longitude': -121.5571366}",{}
Jack in the Box (478) 7895 Monterey,https://www.ubereats.com/san-francisco/food-delivery/jack-in-the-box-478-7895-monterey/v3ju6MBXQtuTi2KBh0RqAw,gilroy-california,"['American', 'burger', 'Fast Food']",4.4,45,$,37.0142958,-121.5724762,+14088482395,95020,7895 Monterey,Gilroy,CA,"[{'@type': 'OpeningHoursSpecification', 'dayOfWeek': ['Monday', 'Tuesday', 'Wednesday', 'Thursday', 'Friday', 'Saturday', 'Sunday'], 'opens': '0:0', 'closes': '23:59'}]","{'@type': 'PostalAddress', 'addressLocality': 'Gilroy', 'addressRegion': 'CA', 'postalCode': '95020', 'addressCountry': 'US', 'streetAddress': '7895 Monterey'}","{'@type': 'GeoCoordinates', 'latitude': 37.0142958, 'longitude': -121.5724762}","{'@type': 'AggregateRating', 'ratingValue': 4.4, 'reviewCount': '45'}"
TOGOs (5920 Travel Park Cir),https://www.ubereats.com/san-francisco/food-delivery/togos-5920-travel-park-cir/ycW2ICKPTMibxWUE17PBaA,gilroy-california,"['Sandwich', 'American']",4.7,25,$,36.984913399999996,-121.5557849,+14088479702,95020,5920 Travel Park Cir,Gilroy,CA,"[{'@type': 'OpeningHoursSpecification', 'dayOfWeek': ['Monday', 'Tuesday', 'Wednesday', 'Thursday', 'Friday', 'Saturday', 'Sunday'], 'opens': '9:0', 'closes': '21:0'}]","{'@type': 'PostalAddress', 'addressLocality': 'Gilroy', 'addressRegion': 'CA', 'postalCode': '95020', 'addressCountry': 'US', 'streetAddress': '5920 Travel Park Cir'}","{'@type': 'GeoCoordinates', 'latitude': 36.984913399999996, 'longitude': -121.5557849}","{'@type': 'AggregateRating', 'ratingValue': 4.7, 'reviewCount': '25'}"
El Michoacano (Gilroy),https://www.ubereats.com/san-francisco/food-delivery/el-michoacano-gilroy/BmI0kNUXQZW_58ctBjipQw,gilroy-california,['Mexican'],4.5,39,$$,37.00152596989764,-121.55782317040614,+14088425877,95020,6966 Chestnut St,Gilroy,California,"[{'@type': 'OpeningHoursSpecification', 'dayOfWeek': 'Sunday', 'opens': '8:0', 'closes': '21:30'}, {'@type': 'OpeningHoursSpecification', 'dayOfWeek': ['Monday', 'Tuesday', 'Wednesday', 'Thursday'], 'opens': '10:0', 'closes': '21:0'}, {'@type': 'OpeningHoursSpecification', 'dayOfWeek': 'Friday', 'opens': '10:0', 'closes': '21:0'}, {'@type': 'OpeningHoursSpecification', 'dayOfWeek': 'Friday', 'opens': '10:0', 'closes': '22:0'}, {'@type': 'OpeningHoursSpecification', 'dayOfWeek': 'Saturday', 'opens': '9:0', 'closes': '22:0'}]","{'@type': 'PostalAddress', 'addressLocality': 'Gilroy', 'addressRegion': 'California', 'postalCode': '95020', 'addressCountry': 'US', 'streetAddress': '6966 Chestnut St'}","{'@type': 'GeoCoordinates', 'latitude': 37.00152596989764, 'longitude': -121.55782317040614}","{'@type': 'AggregateRating', 'ratingValue': 4.5, 'reviewCount': '39'}"
McDonald's® (797 FIRST ST),https://www.ubereats.com/san-francisco/food-delivery/mcdonalds-797-first-st/O_H25x94SGCPyGthCpNdyA,gilroy-california,"['American', 'Burgers', 'Fast Food']",4.7,109,$,37.013792,-121.586342,+14088422524,95020-4918,797 FIRST ST,GILROY,CA,"[{'@type': 'OpeningHoursSpecification', 'dayOfWeek': 'Sunday', 'opens': '5:0', 'closes': '10:59'}, {'@type': 'OpeningHoursSpecification', 'dayOfWeek': 'Sunday', 'opens': '11:0', 'closes': '16:59'}, {'@type': 'OpeningHoursSpecification', 'dayOfWeek': 'Sunday', 'opens': '17:0', 'closes': '0:44'}, {'@type': 'OpeningHoursSpecification', 'dayOfWeek': ['Monday', 'Tuesday', 'Wednesday', 'Thursday', 'Friday'], 'opens': '5:0', 'closes': '10:29'}, {'@type': 'OpeningHoursSpecification', 'dayOfWeek': ['Monday', 'Tuesday', 'Wednesday', 'Thursday', 'Friday'], 'opens': '10:30', 'closes': '16:59'}, {'@type': 'OpeningHoursSpecification', 'dayOfWeek': ['Monday', 'Tuesday', 'Wednesday', 'Thursday', 'Friday'], 'opens': '17:0', 'closes': '0:44'}, {'@type': 'OpeningHoursSpecification', 'dayOfWeek': 'Saturday', 'opens': '5:0', 'closes': '10:59'}, {'@type': 'OpeningHoursSpecification', 'dayOfWeek': 'Saturday', 'opens': '11:0', 'closes': '16:59'}, {'@type': 'OpeningHoursSpecification', 'dayOfWeek': 'Saturday', 'opens': '17:0', 'closes': '0:44'}]","{'@type': 'PostalAddress', 'addressLocality': 'GILROY', 'addressRegion': 'CA', 'postalCode': '95020-4918', 'addressCountry': 'US', 'streetAddress': '797 FIRST ST'}","{'@type': 'GeoCoordinates', 'latitude': 37.013792, 'longitude': -121.586342}","{'@type': 'AggregateRating', 'ratingValue': 4.7, 'reviewCount': '109'}"
Mi Gusto Es Mexican Restaurant,https://www.ubereats.com/san-francisco/food-delivery/mi-gusto-es-mexican-restaurant/dBbEY7x0Se-wXJbaTHw8FA,gilroy-california,"['Mexican', 'Latin American', 'New Mexican']",,,$,37.0136558,-121.5779966,+16693277271,95020,433 1st St,Gilroy,CA,"[{'@type': 'OpeningHoursSpecification', 'dayOfWeek': 'Sunday', 'opens': '8:0', 'closes': '20:0'}, {'@type': 'OpeningHoursSpecification', 'dayOfWeek': ['Monday', 'Tuesday', 'Wednesday', 'Thursday', 'Friday'], 'opens': '10:0', 'closes': '20:0'}, {'@type': 'OpeningHoursSpecification', 'dayOfWeek': 'Saturday', 'opens': '9:0', 'closes': '20:0'}]","{'@type': 'PostalAddress', 'addressLocality': 'Gilroy', 'addressRegion': 'CA', 'postalCode': '95020', 'addressCountry': 'US', 'streetAddress': '433 1st St'}","{'@type': 'GeoCoordinates', 'latitude': 37.0136558, 'longitude': -121.5779966}",{}
"Subway (6981 Cameron Blvd, Ste 101)",https://www.ubereats.com/san-francisco/food-delivery/subway-6981-cameron-blvd-ste-101/Rq02V4t9RhSaRhSV4L_AAg,gilroy-california,"['Fast Food', 'Sandwich', 'American']",,,$,37.0033681,-121.5455414,+14088473300,95020,"6981 Cameron Blvd., Ste 101",Gilroy,CA,"[{'@type': 'OpeningHoursSpecification', 'dayOfWeek': 'Sunday', 'opens': '8:30', 'closes': '21:0'}, {'@type': 'OpeningHoursSpecification', 'dayOfWeek': ['Monday', 'Tuesday', 'Wednesday', 'Thursday', 'Friday'], 'opens': '8:0', 'closes': '21:0'}, {'@type': 'OpeningHoursSpecification', 'dayOfWeek': 'Saturday', 'opens': '8:30', 'closes': '21:0'}]","{'@type': 'PostalAddress', 'addressLocality': 'Gilroy', 'addressRegion': 'CA', 'postalCode': '95020', 'addressCountry': 'US', 'streetAddress': '6981 Cameron Blvd., Ste 101'}","{'@type': 'GeoCoordinates', 'latitude': 37.0033681, 'longitude': -121.5455414}",{}
Sushi Omakase,https://www.ubereats.com/san-francisco/food-delivery/sushi-omakase/S6XdnJW5SmK2I3b7EQ7eVg,gilroy-california,"['Asian', 'Japanese', 'Sushi', 'Seafood']",4.8,31,$$,37.0023962,-121.5546153,+14088467874,,,,,"[{'@type': 'OpeningHoursSpecification', 'dayOfWeek': ['Sunday', 'Monday', 'Tuesday'], 'opens': '11:0', 'closes': '20:30'}, {'@type': 'OpeningHoursSpecification', 'dayOfWeek': ['Thursday', 'Friday', 'Saturday'], 'opens': '11:0', 'closes': '20:30'}]",,"{'@type': 'GeoCoordinates', 'latitude': 37.0023962, 'longitude': -121.5546153}","{'@type': 'AggregateRating', 'ratingValue': 4.8, 'reviewCount': '31'}"
McDonald's® (8390 ARROYO CIRCLE),https://www.ubereats.com/san-francisco/food-delivery/mcdonalds-8390-arroyo-circle/V4C1sKqdSoGbnbRGeRZeOw,gilroy-california,"['American', 'Burgers', 'Fast Food']",4.8,21,$,37.023652,-121.562443,+14088475446,95020,8390 ARROYO CIRCLE,GILROY,CA,"[{'@type': 'OpeningHoursSpecification', 'dayOfWeek': 'Sunday', 'opens': '5:0', 'closes': '10:59'}, {'@type': 'OpeningHoursSpecification', 'dayOfWeek': 'Sunday', 'opens': '11:0', 'closes': '16:59'}, {'@type': 'OpeningHoursSpecification', 'dayOfWeek': 'Sunday', 'opens': '17:0', 'closes': '23:30'}, {'@type': 'OpeningHoursSpecification', 'dayOfWeek': ['Monday', 'Tuesday', 'Wednesday', 'Thursday', 'Friday'], 'opens': '5:0', 'closes': '10:29'}, {'@type': 'OpeningHoursSpecification', 'dayOfWeek': ['Monday', 'Tuesday', 'Wednesday', 'Thursday', 'Friday'], 'opens': '10:30', 'closes': '16:59'}, {'@type': 'OpeningHoursSpecification', 'dayOfWeek': ['Monday', 'Tuesday', 'Wednesday', 'Thursday', 'Friday'], 'opens': '17:0', 'closes': '23:30'}, {'@type': 'OpeningHoursSpecification', 'dayOfWeek': 'Saturday', 'opens': '5:0', 'closes': '10:59'}, {'@type': 'OpeningHoursSpecification', 'dayOfWeek': 'Saturday', 'opens': '11:0', 'closes': '16:59'}, {'@type': 'OpeningHoursSpecification', 'dayOfWeek': 'Saturday', 'opens': '17:0', 'closes': '23:30'}]","{'@type': 'PostalAddress', 'addressLocality': 'GILROY', 'addressRegion': 'CA', 'postalCode': '95020', 'addressCountry': 'US', 'streetAddress': '8390 ARROYO CIRCLE'}","{'@type': 'GeoCoordinates', 'latitude': 37.023652, 'longitude': -121.562443}","{'@type': 'AggregateRating', 'ratingValue': 4.8, 'reviewCount': '21'}"
Starbucks (Gilroy Town Place),https://www.ubereats.com/san-francisco/food-delivery/starbucks-gilroy-town-place/xBcl4fHBRNGcJ8JBOkVuRw,gilroy-california,"['Cafe', 'Coffee & Tea', 'Breakfast and Brunch', 'Bakery']",4.5,160,$,37.0144024,-121.5859412,+14088475920,95020,795 First Street,Gilroy,CA,"[{'@type': 'OpeningHoursSpecification', 'dayOfWeek': ['Monday', 'Tuesday', 'Wednesday', 'Thursday', 'Friday', 'Saturday', 'Sunday'], 'opens': '6:30', 'closes': '20:0'}]","{'@type': 'PostalAddress', 'addressLocality': 'Gilroy', 'addressRegion': 'CA', 'postalCode': '95020', 'addressCountry': 'US', 'streetAddress': '795 First Street'}","{'@type': 'GeoCoordinates', 'latitude': 37.0144024, 'longitude': -121.5859412}","{'@type': 'AggregateRating', 'ratingValue': 4.5, 'reviewCount': '160'}"
Starbucks (Camino Arroyo & Renz),https://www.ubereats.com/san-francisco/food-delivery/starbucks-camino-arroyo-%26-renz/cfAbuiavSqGpb2yfiATxbQ,gilroy-california,"['Cafe', 'Coffee & Tea', 'Breakfast and Brunch', 'Bakery']",4.5,87,$,37.005845,-121.550615,+14086127832,95020,7050 Camino Arroyo,Gilroy,CA,"[{'@type': 'OpeningHoursSpecification', 'dayOfWeek': 'Sunday', 'opens': '5:0', 'closes': '21:30'}, {'@type': 'OpeningHoursSpecification', 'dayOfWeek': ['Monday', 'Tuesday', 'Wednesday', 'Thursday'], 'opens': '4:30', 'closes': '21:30'}, {'@type': 'OpeningHoursSpecification', 'dayOfWeek': 'Friday', 'opens': '4:30', 'closes': '23:0'}, {'@type': 'OpeningHoursSpecification', 'dayOfWeek': 'Saturday', 'opens': '4:30', 'closes': '22:30'}]","{'@type': 'PostalAddress', 'addressLocality': 'Gilroy', 'addressRegion': 'CA', 'postalCode': '95020', 'addressCountry': 'US', 'streetAddress': '7050 Camino Arroyo'}","{'@type': 'GeoCoordinates', 'latitude': 37.005845, 'longitude': -121.550615}","{'@type': 'AggregateRating', 'ratingValue': 4.5, 'reviewCount': '87'}"
A&W (5884 Monterey Rd.),https://www.ubereats.com/san-francisco/food-delivery/a%26w-5884-monterey-rd/yb-ZvdhhRMq-OTw3Rr8YJQ,gilroy-california,"['American', 'burger', 'Fast Food']",,,$,36.9840515,-121.5571366,+14088471970,95020,5884 Monterey Rd.,Gilroy,CA,"[{'@type': 'OpeningHoursSpecification', 'dayOfWeek': 'Sunday', 'opens': '11:0', 'closes': '17:0'}, {'@type': 'OpeningHoursSpecification', 'dayOfWeek': ['Monday', 'Tuesday', 'Wednesday', 'Thursday', 'Friday', 'Saturday'], 'opens': '11:0', 'closes': '18:30'}]","{'@type': 'PostalAddress', 'addressLocality': 'Gilroy', 'addressRegion': 'CA', 'postalCode': '95020', 'addressCountry': 'US', 'streetAddress': '5884 Monterey Rd.'}","{'@type': 'GeoCoordinates', 'latitude': 36.9840515, 'longitude': -121.5571366}",{}
Arteagas Food Center (Gilroy),https://www.ubereats.com/san-francisco/food-delivery/arteagas-food-center-gilroy/scbLBMtnR7WR3YvgDqrPLw,gilroy-california,"['Mexican', 'Latin American', 'New Mexican', 'Family Meals']",,,$,37.000525,-121.559867,+14088477542,95020,6906 Automall Pkwy,Gilroy,CA,"[{'@type': 'OpeningHoursSpecification', 'dayOfWeek': ['Monday', 'Tuesday', 'Wednesday', 'Thursday', 'Friday', 'Saturday', 'Sunday'], 'opens': '7:0', 'closes': '21:0'}]","{'@type': 'PostalAddress', 'addressLocality': 'Gilroy', 'addressRegion': 'CA', 'postalCode': '95020', 'addressCountry': 'US', 'streetAddress': '6906 Automall Pkwy'}","{'@type': 'GeoCoordinates', 'latitude': 37.000525, 'longitude': -121.559867}",{}
Black Bear Diner (395 Leavesley Road),https://www.ubereats.com/san-francisco/food-delivery/black-bear-diner-395-leavesley-road/Y7rQBaguQxWQ_-MjjLR_uQ,gilroy-california,"['American', 'Burgers', 'Comfort Food', 'Family Meals']",4.8,44,$$,37.02158010000001,-121.5697785,+14088429901,95020,395 Leavesley Road,Gilroy,CA,"[{'@type': 'OpeningHoursSpecification', 'dayOfWeek': ['Monday', 'Tuesday', 'Wednesday', 'Thursday', 'Friday', 'Saturday', 'Sunday'], 'opens': '8:0', 'closes': '20:0'}]","{'@type': 'PostalAddress', 'addressLocality': 'Gilroy', 'addressRegion': 'CA', 'postalCode': '95020', 'addressCountry': 'US', 'streetAddress': '395 Leavesley Road'}","{'@type': 'GeoCoordinates', 'latitude': 37.02158010000001, 'longitude': -121.5697785}","{'@type': 'AggregateRating', 'ratingValue': 4.8, 'reviewCount': '44'}"
,https://www.ubereats.com/san-francisco/food-delivery/mcdonalds-6990-automall-parkway/rkv9W3bBS-q-EaOOgWVrGg,gilroy-california,,,,,,,,,,,,,,,
