name,url,city,cuisine,avgRating,numReviews,priceRange,latitude,longitude,telephone,postalCode,streetAddress,addressLocality,addressRegion,openingHoursSpecification,addressString,geoString,ratingString
Five Guys ND-1240 3321 32nd Ave,https://www.ubereats.com/grand-forks/food-delivery/five-guys-nd-1240-3321-32nd-ave/G3OX2QYWTKiLiErQZxit7w,grand-forks,"['American', 'Burgers']",4.6,87,$,47.8889021,-97.0745699,+17017571101,58201,3221 32Nd Ave S,Grand Forks,ND,"[{'@type': 'OpeningHoursSpecification', 'dayOfWeek': ['Monday', 'Tuesday', 'Wednesday', 'Thursday', 'Friday', 'Saturday', 'Sunday'], 'opens': '11:0', 'closes': '21:30'}]","{'@type': 'PostalAddress', 'addressLocality': 'Grand Forks', 'addressRegion': 'ND', 'postalCode': '58201', 'addressCountry': 'US', 'streetAddress': '3221 32Nd Ave S'}","{'@type': 'GeoCoordinates', 'latitude': 47.8889021, 'longitude': -97.0745699}","{'@type': 'AggregateRating', 'ratingValue': 4.6, 'reviewCount': '87'}"
The Loft,https://www.ubereats.com/grand-forks/food-delivery/the-loft/rm3GaR4QRnaIeEiTRiYGSg,grand-forks,"['American', 'Burgers', 'Sandwiches']",,,$,47.9252271,-97.03075849999999,+17017402191,58203,308 Demers Ave 120,Grand Forks,ND,"[{'@type': 'OpeningHoursSpecification', 'dayOfWeek': 'Sunday', 'opens': '12:0', 'closes': '21:45'}, {'@type': 'OpeningHoursSpecification', 'dayOfWeek': ['Monday', 'Tuesday', 'Wednesday', 'Thursday', 'Friday'], 'opens': '17:0', 'closes': '21:45'}, {'@type': 'OpeningHoursSpecification', 'dayOfWeek': 'Saturday', 'opens': '12:0', 'closes': '21:45'}]","{'@type': 'PostalAddress', 'addressLocality': 'Grand Forks', 'addressRegion': 'ND', 'postalCode': '58203', 'addressCountry': 'US', 'streetAddress': '308 Demers Ave 120'}","{'@type': 'GeoCoordinates', 'latitude': 47.9252271, 'longitude': -97.03075849999999}",{}
Jersey Mike's Subs (1970 South Columbia Rd),https://www.ubereats.com/grand-forks/food-delivery/jersey-mikes-subs-1970-south-columbia-rd/H_0uaNKmQmG4kND3mOXygw,grand-forks,"['Sandwich', 'American', 'Burgers']",4.7,40,$,47.90131909999999,-97.0676518,+17017323200,58201,1970 South Columbia Road,Grand Forks,ND,"[{'@type': 'OpeningHoursSpecification', 'dayOfWeek': ['Monday', 'Tuesday', 'Wednesday', 'Thursday', 'Friday', 'Saturday', 'Sunday'], 'opens': '10:0', 'closes': '21:0'}]","{'@type': 'PostalAddress', 'addressLocality': 'Grand Forks', 'addressRegion': 'ND', 'postalCode': '58201', 'addressCountry': 'US', 'streetAddress': '1970 South Columbia Road'}","{'@type': 'GeoCoordinates', 'latitude': 47.90131909999999, 'longitude': -97.0676518}","{'@type': 'AggregateRating', 'ratingValue': 4.7, 'reviewCount': '40'}"
Cold Stone Creamery (3551 32nd Avenue South),https://www.ubereats.com/grand-forks/food-delivery/cold-stone-creamery-3551-32nd-avenue-south/ovJOfviMSjSRtisaUUCIrw,grand-forks,"['Ice Cream and Frozen Yogurt', 'Cupcakes', 'Desserts']",4.8,51,$,47.8887713,-97.0792586,+17017382350,58201,3551 32Nd Ave S Ste 600,Grand Forks,ND,"[{'@type': 'OpeningHoursSpecification', 'dayOfWeek': ['Monday', 'Tuesday', 'Wednesday', 'Thursday', 'Friday', 'Saturday', 'Sunday'], 'opens': '11:0', 'closes': '21:30'}]","{'@type': 'PostalAddress', 'addressLocality': 'Grand Forks', 'addressRegion': 'ND', 'postalCode': '58201', 'addressCountry': 'US', 'streetAddress': '3551 32Nd Ave S Ste 600'}","{'@type': 'GeoCoordinates', 'latitude': 47.8887713, 'longitude': -97.0792586}","{'@type': 'AggregateRating', 'ratingValue': 4.8, 'reviewCount': '51'}"
Taco Bell (1301 S Washington St),https://www.ubereats.com/grand-forks/food-delivery/taco-bell-1301-s-washington-st/3_dfIiG8Ry2ZTy69eez9EQ,grand-forks,"['Burritos', 'Fast Food', 'Mexican']",4.0,135,$,47.9088335,-97.04455320000001,+17017726196,58201,1301 S Washington St,Grand Forks,ND,"[{'@type': 'OpeningHoursSpecification', 'dayOfWeek': ['Monday', 'Tuesday', 'Wednesday', 'Thursday', 'Friday', 'Saturday', 'Sunday'], 'opens': '14:0', 'closes': '17:0'}, {'@type': 'OpeningHoursSpecification', 'dayOfWeek': ['Monday', 'Tuesday', 'Wednesday', 'Thursday', 'Friday', 'Saturday', 'Sunday'], 'opens': '9:0', 'closes': '0:30'}, {'@type': 'OpeningHoursSpecification', 'dayOfWeek': ['Monday', 'Tuesday', 'Wednesday', 'Thursday', 'Friday', 'Saturday', 'Sunday'], 'opens': '9:0', 'closes': '10:30'}]","{'@type': 'PostalAddress', 'addressLocality': 'Grand Forks', 'addressRegion': 'ND', 'postalCode': '58201', 'addressCountry': 'US', 'streetAddress': '1301 S Washington St'}","{'@type': 'GeoCoordinates', 'latitude': 47.9088335, 'longitude': -97.04455320000001}","{'@type': 'AggregateRating', 'ratingValue': 4, 'reviewCount': '135'}"
Papa Murphy's (2750 Gateway Drive),https://www.ubereats.com/grand-forks/food-delivery/papa-murphys-2750-gateway-drive/KXwXDgrrTzm7SEdefJsnjw,grand-forks,['Pizza'],,,$,47.8888645,-97.0625319,+17017800900,,,,,"[{'@type': 'OpeningHoursSpecification', 'dayOfWeek': ['Monday', 'Tuesday', 'Wednesday', 'Thursday', 'Friday', 'Saturday', 'Sunday'], 'opens': '10:0', 'closes': '21:0'}]",,"{'@type': 'GeoCoordinates', 'latitude': 47.8888645, 'longitude': -97.0625319}",{}
Joe Black’s Bar & Grill,https://www.ubereats.com/grand-forks/food-delivery/joe-blacks-bar-%26-grill/yqvoIIHkTdy20l-3bMo2Uw,grand-forks,"['American', 'Salads', 'Burgers']",4.6,17,$,47.9265597,-97.03226610000002,+17017752017,58203,118 N 3rd St,Grand Forks,ND,"[{'@type': 'OpeningHoursSpecification', 'dayOfWeek': ['Monday', 'Tuesday', 'Wednesday', 'Thursday', 'Friday', 'Saturday', 'Sunday'], 'opens': '11:0', 'closes': '22:0'}]","{'@type': 'PostalAddress', 'addressLocality': 'Grand Forks', 'addressRegion': 'ND', 'postalCode': '58203', 'addressCountry': 'US', 'streetAddress': '118 N 3rd St'}","{'@type': 'GeoCoordinates', 'latitude': 47.9265597, 'longitude': -97.03226610000002}","{'@type': 'AggregateRating', 'ratingValue': 4.6, 'reviewCount': '17'}"
Smiling Moose Rocky Mountain Deli,https://www.ubereats.com/grand-forks/food-delivery/smiling-moose-rocky-mountain-deli/Tkj0XtfTSVSYYFipLwMUQA,grand-forks,"['Breakfast and Brunch', 'American', 'Sandwiches']",4.7,30,$,47.9159298,-97.0444294,+17017573354,58201,623 S Washington St,Grand Forks,ND,"[{'@type': 'OpeningHoursSpecification', 'dayOfWeek': 'Sunday', 'opens': '11:0', 'closes': '19:15'}, {'@type': 'OpeningHoursSpecification', 'dayOfWeek': ['Monday', 'Tuesday', 'Wednesday', 'Thursday', 'Friday'], 'opens': '7:0', 'closes': '20:15'}, {'@type': 'OpeningHoursSpecification', 'dayOfWeek': 'Saturday', 'opens': '8:0', 'closes': '19:15'}]","{'@type': 'PostalAddress', 'addressLocality': 'Grand Forks', 'addressRegion': 'ND', 'postalCode': '58201', 'addressCountry': 'US', 'streetAddress': '623 S Washington St'}","{'@type': 'GeoCoordinates', 'latitude': 47.9159298, 'longitude': -97.0444294}","{'@type': 'AggregateRating', 'ratingValue': 4.7, 'reviewCount': '30'}"
Steers Somali Restaurant,https://www.ubereats.com/grand-forks/food-delivery/steers-somali-restaurant/niSWBDX0Qay9Qx7fy2J_3A,grand-forks,"['Breakfast and Brunch', 'American', 'Sandwiches']",,,$$,47.8915121,-97.0441084,+17017573113,58201,2915 S Washington St,Grand Forks,ND,"[{'@type': 'OpeningHoursSpecification', 'dayOfWeek': ['Monday', 'Tuesday', 'Wednesday', 'Thursday', 'Friday'], 'opens': '10:30', 'closes': '21:0'}, {'@type': 'OpeningHoursSpecification', 'dayOfWeek': 'Saturday', 'opens': '10:30', 'closes': '20:0'}]","{'@type': 'PostalAddress', 'addressLocality': 'Grand Forks', 'addressRegion': 'ND', 'postalCode': '58201', 'addressCountry': 'US', 'streetAddress': '2915 S Washington St'}","{'@type': 'GeoCoordinates', 'latitude': 47.8915121, 'longitude': -97.0441084}",{}
Burger King #13377 (926 Central Avenue NE),https://www.ubereats.com/grand-forks/food-delivery/burger-king-%2313377-926-central-avenue-ne/dq1I1XrnSYC0aaeEiq18GA,grand-forks,"['American', 'burger', 'Fast Food']",,,$,47.9341231,-97.0191267,+12187734121,56721,926 Central Avenue NE,East Grand Forks,MN,"[{'@type': 'OpeningHoursSpecification', 'dayOfWeek': ['Monday', 'Tuesday', 'Wednesday', 'Thursday', 'Friday', 'Saturday', 'Sunday'], 'opens': '7:30', 'closes': '10:29'}, {'@type': 'OpeningHoursSpecification', 'dayOfWeek': ['Monday', 'Tuesday', 'Wednesday', 'Thursday', 'Friday', 'Saturday', 'Sunday'], 'opens': '10:30', 'closes': '22:30'}]","{'@type': 'PostalAddress', 'addressLocality': 'East Grand Forks', 'addressRegion': 'MN', 'postalCode': '56721', 'addressCountry': 'US', 'streetAddress': '926 Central Avenue NE'}","{'@type': 'GeoCoordinates', 'latitude': 47.9341231, 'longitude': -97.0191267}",{}
"Pita Pit (3221 32nd Avenue S, Suite 300)",https://www.ubereats.com/grand-forks/food-delivery/pita-pit-3221-32nd-avenue-s-suite-300/oUWXkLRbSd-_zvgSZYwLjA,grand-forks,"['Fast Food', 'Healthy', 'Mediterranean']",4.9,14,$$,47.8889021,-97.0745699,+17017388008,58201,"3221 32nd Avenue S, Suite 300",Grand Forks,ND,"[{'@type': 'OpeningHoursSpecification', 'dayOfWeek': 'Sunday', 'opens': '10:30', 'closes': '18:0'}, {'@type': 'OpeningHoursSpecification', 'dayOfWeek': ['Monday', 'Tuesday', 'Wednesday'], 'opens': '10:30', 'closes': '19:0'}, {'@type': 'OpeningHoursSpecification', 'dayOfWeek': ['Thursday', 'Friday', 'Saturday'], 'opens': '10:30', 'closes': '20:0'}]","{'@type': 'PostalAddress', 'addressLocality': 'Grand Forks', 'addressRegion': 'ND', 'postalCode': '58201', 'addressCountry': 'US', 'streetAddress': '3221 32nd Avenue S, Suite 300'}","{'@type': 'GeoCoordinates', 'latitude': 47.8889021, 'longitude': -97.0745699}","{'@type': 'AggregateRating', 'ratingValue': 4.9, 'reviewCount': '14'}"
Pete's Za,https://www.ubereats.com/grand-forks/food-delivery/petes-za/PDH93QMzTuO23h0XsvP7IA,grand-forks,['Pizza'],,,$$,47.89644219999999,-97.0459896,+17017570896,58201,2400 S Washington St,Grand Forks,North Dakota,"[{'@type': 'OpeningHoursSpecification', 'dayOfWeek': ['Sunday', 'Monday', 'Tuesday', 'Wednesday', 'Thursday'], 'opens': '11:0', 'closes': '21:0'}, {'@type': 'OpeningHoursSpecification', 'dayOfWeek': ['Sunday', 'Monday', 'Tuesday', 'Wednesday', 'Thursday'], 'opens': '11:0', 'closes': '13:0'}, {'@type': 'OpeningHoursSpecification', 'dayOfWeek': ['Friday', 'Saturday'], 'opens': '11:0', 'closes': '22:0'}, {'@type': 'OpeningHoursSpecification', 'dayOfWeek': ['Friday', 'Saturday'], 'opens': '11:0', 'closes': '13:0'}]","{'@type': 'PostalAddress', 'addressLocality': 'Grand Forks', 'addressRegion': 'North Dakota', 'postalCode': '58201', 'addressCountry': 'US', 'streetAddress': '2400 S Washington St'}","{'@type': 'GeoCoordinates', 'latitude': 47.89644219999999, 'longitude': -97.0459896}",{}
Deek's Pizza,https://www.ubereats.com/grand-forks/food-delivery/deeks-pizza/WrGXAQ9RTyyU4Waunz8LJw,grand-forks,"['Pizza', 'Wings']",4.2,18,$,47.9245925,-97.0447231,+17017723335,58203,512 N Washington St,Grand Forks,ND,"[{'@type': 'OpeningHoursSpecification', 'dayOfWeek': ['Monday', 'Tuesday', 'Wednesday', 'Thursday', 'Friday', 'Saturday', 'Sunday'], 'opens': '11:0', 'closes': '3:0'}]","{'@type': 'PostalAddress', 'addressLocality': 'Grand Forks', 'addressRegion': 'ND', 'postalCode': '58203', 'addressCountry': 'US', 'streetAddress': '512 N Washington St'}","{'@type': 'GeoCoordinates', 'latitude': 47.9245925, 'longitude': -97.0447231}","{'@type': 'AggregateRating', 'ratingValue': 4.2, 'reviewCount': '18'}"
Red Lobster (2675 32Nd Avenue South),https://www.ubereats.com/grand-forks/food-delivery/red-lobster-2675-32nd-avenue-south/W8ig4M0ZRt6J9bTjRh5HsQ,grand-forks,"['Seafood', 'American']",4.4,31,$$,47.8889836,-97.0662662,+17017728770,58201,2675 32Nd Avenue South,Grand Forks,ND,"[{'@type': 'OpeningHoursSpecification', 'dayOfWeek': ['Sunday', 'Monday', 'Tuesday', 'Wednesday', 'Thursday'], 'opens': '11:30', 'closes': '20:0'}, {'@type': 'OpeningHoursSpecification', 'dayOfWeek': ['Friday', 'Saturday'], 'opens': '11:30', 'closes': '21:0'}]","{'@type': 'PostalAddress', 'addressLocality': 'Grand Forks', 'addressRegion': 'ND', 'postalCode': '58201', 'addressCountry': 'US', 'streetAddress': '2675 32Nd Avenue South'}","{'@type': 'GeoCoordinates', 'latitude': 47.8889836, 'longitude': -97.0662662}","{'@type': 'AggregateRating', 'ratingValue': 4.4, 'reviewCount': '31'}"
Burger King #1589 (1416 South Washington),https://www.ubereats.com/grand-forks/food-delivery/burger-king-%231589-1416-south-washington/sKFzexfFQR6Sd_4DolXbNw,grand-forks,"['American', 'burger', 'Fast Food']",4.6,14,$,47.9071711,-97.04574790000001,+17017723025,58201,1416 South Washington,Grand Forks,ND,"[{'@type': 'OpeningHoursSpecification', 'dayOfWeek': 'Sunday', 'opens': '7:30', 'closes': '10:29'}, {'@type': 'OpeningHoursSpecification', 'dayOfWeek': 'Sunday', 'opens': '10:30', 'closes': '22:30'}, {'@type': 'OpeningHoursSpecification', 'dayOfWeek': ['Monday', 'Tuesday', 'Wednesday', 'Thursday', 'Friday', 'Saturday'], 'opens': '6:30', 'closes': '10:29'}, {'@type': 'OpeningHoursSpecification', 'dayOfWeek': ['Monday', 'Tuesday', 'Wednesday', 'Thursday', 'Friday', 'Saturday'], 'opens': '10:30', 'closes': '22:30'}]","{'@type': 'PostalAddress', 'addressLocality': 'Grand Forks', 'addressRegion': 'ND', 'postalCode': '58201', 'addressCountry': 'US', 'streetAddress': '1416 South Washington'}","{'@type': 'GeoCoordinates', 'latitude': 47.9071711, 'longitude': -97.04574790000001}","{'@type': 'AggregateRating', 'ratingValue': 4.6, 'reviewCount': '14'}"
"Qdoba Mexican Grill (3551 32nd Ave S, Ste E7)",https://www.ubereats.com/grand-forks/food-delivery/qdoba-mexican-grill-3551-32nd-ave-s-ste-e7/yMg4nX_JQEqEVQghBvaotg,grand-forks,['Mexican'],4.8,200,$,47.8887713,-97.0792586,+17017388222,58201,"3551 32nd Ave S, Ste E7",Grand Forks,ND,"[{'@type': 'OpeningHoursSpecification', 'dayOfWeek': 'Sunday', 'opens': '10:30', 'closes': '21:30'}, {'@type': 'OpeningHoursSpecification', 'dayOfWeek': ['Monday', 'Tuesday', 'Wednesday', 'Thursday', 'Friday', 'Saturday'], 'opens': '10:30', 'closes': '22:30'}]","{'@type': 'PostalAddress', 'addressLocality': 'Grand Forks', 'addressRegion': 'ND', 'postalCode': '58201', 'addressCountry': 'US', 'streetAddress': '3551 32nd Ave S, Ste E7'}","{'@type': 'GeoCoordinates', 'latitude': 47.8887713, 'longitude': -97.0792586}","{'@type': 'AggregateRating', 'ratingValue': 4.8, 'reviewCount': '200'}"
Paradiso Mexican Restaurant - Grand Forks,https://www.ubereats.com/grand-forks/food-delivery/paradiso-mexican-restaurant-grand-forks/qrSo9kCsSFi_zX8h9nGOoQ,grand-forks,"['Desserts', 'Salads', 'Mexican']",4.7,80,$$,47.9127901,-97.044658,+17017723000,58201,905 S Washington St,Grand Forks,ND,"[{'@type': 'OpeningHoursSpecification', 'dayOfWeek': 'Sunday', 'opens': '11:0', 'closes': '20:0'}, {'@type': 'OpeningHoursSpecification', 'dayOfWeek': ['Monday', 'Tuesday', 'Wednesday', 'Thursday', 'Friday'], 'opens': '11:0', 'closes': '20:0'}, {'@type': 'OpeningHoursSpecification', 'dayOfWeek': ['Monday', 'Tuesday', 'Wednesday', 'Thursday', 'Friday'], 'opens': '11:0', 'closes': '15:0'}, {'@type': 'OpeningHoursSpecification', 'dayOfWeek': 'Saturday', 'opens': '11:0', 'closes': '20:0'}]","{'@type': 'PostalAddress', 'addressLocality': 'Grand Forks', 'addressRegion': 'ND', 'postalCode': '58201', 'addressCountry': 'US', 'streetAddress': '905 S Washington St'}","{'@type': 'GeoCoordinates', 'latitude': 47.9127901, 'longitude': -97.044658}","{'@type': 'AggregateRating', 'ratingValue': 4.7, 'reviewCount': '80'}"
Dairy Queen Grill & Chill (3600 S Columbia Rd),https://www.ubereats.com/grand-forks/food-delivery/dairy-queen-grill-%26-chill-3600-s-columbia-rd/T1oA8W9vQCS0eRk95gJc2g,grand-forks,"['American', 'Fast Food', 'Ice Cream & Frozen Yogurt']",4.7,26,$,47.885436,-97.0674688,+17017388530,58201,3600 S Columbia Rd,Grand Forks,ND,"[{'@type': 'OpeningHoursSpecification', 'dayOfWeek': ['Monday', 'Tuesday', 'Wednesday', 'Thursday', 'Friday', 'Saturday', 'Sunday'], 'opens': '11:30', 'closes': '21:0'}]","{'@type': 'PostalAddress', 'addressLocality': 'Grand Forks', 'addressRegion': 'ND', 'postalCode': '58201', 'addressCountry': 'US', 'streetAddress': '3600 S Columbia Rd'}","{'@type': 'GeoCoordinates', 'latitude': 47.885436, 'longitude': -97.0674688}","{'@type': 'AggregateRating', 'ratingValue': 4.7, 'reviewCount': '26'}"
Subway (2400 S Washington St),https://www.ubereats.com/grand-forks/food-delivery/subway-2400-s-washington-st/7JRbzLK2Rnqdn9TAXJIhXg,grand-forks,"['Fast Food', 'Sandwich', 'American']",4.5,16,$,47.9093645,-97.0444871,+17017729334,58201,1217 S Washington St,Grand Forks,ND,"[{'@type': 'OpeningHoursSpecification', 'dayOfWeek': ['Monday', 'Tuesday', 'Wednesday', 'Thursday', 'Friday', 'Saturday', 'Sunday'], 'opens': '7:0', 'closes': '21:30'}]","{'@type': 'PostalAddress', 'addressLocality': 'Grand Forks', 'addressRegion': 'ND', 'postalCode': '58201', 'addressCountry': 'US', 'streetAddress': '1217 S Washington St'}","{'@type': 'GeoCoordinates', 'latitude': 47.9093645, 'longitude': -97.0444871}","{'@type': 'AggregateRating', 'ratingValue': 4.5, 'reviewCount': '16'}"
Burger King #4290 (3765 Gateway Drive),https://www.ubereats.com/grand-forks/food-delivery/burger-king-%234290-3765-gateway-drive/GgsvW16mRICmft6hxTqgHw,grand-forks,"['American', 'burger', 'Fast Food']",4.0,16,$,47.93247,-97.0838752,+17017720343,58203,3765 Gateway Drive,Grand Forks,ND,"[{'@type': 'OpeningHoursSpecification', 'dayOfWeek': 'Sunday', 'opens': '7:30', 'closes': '10:29'}, {'@type': 'OpeningHoursSpecification', 'dayOfWeek': 'Sunday', 'opens': '10:30', 'closes': '22:30'}, {'@type': 'OpeningHoursSpecification', 'dayOfWeek': ['Monday', 'Tuesday', 'Wednesday', 'Thursday', 'Friday', 'Saturday'], 'opens': '6:30', 'closes': '10:29'}, {'@type': 'OpeningHoursSpecification', 'dayOfWeek': ['Monday', 'Tuesday', 'Wednesday', 'Thursday', 'Friday', 'Saturday'], 'opens': '10:30', 'closes': '22:30'}]","{'@type': 'PostalAddress', 'addressLocality': 'Grand Forks', 'addressRegion': 'ND', 'postalCode': '58203', 'addressCountry': 'US', 'streetAddress': '3765 Gateway Drive'}","{'@type': 'GeoCoordinates', 'latitude': 47.93247, 'longitude': -97.0838752}","{'@type': 'AggregateRating', 'ratingValue': 4, 'reviewCount': '16'}"
McDonald's® (1125 S WASHINGTON ST),https://www.ubereats.com/grand-forks/food-delivery/mcdonalds-1125-s-washington-st/95hfLZjNTwGuy4KW_XgytQ,grand-forks,"['American', 'Burgers', 'Fast Food']",4.7,189,$,47.910202,-97.044437,+17017720231,58201,1125 S WASHINGTON ST,GRAND FORKS,ND,"[{'@type': 'OpeningHoursSpecification', 'dayOfWeek': 'Sunday', 'opens': '5:0', 'closes': '10:59'}, {'@type': 'OpeningHoursSpecification', 'dayOfWeek': 'Sunday', 'opens': '11:0', 'closes': '16:59'}, {'@type': 'OpeningHoursSpecification', 'dayOfWeek': 'Sunday', 'opens': '17:0', 'closes': '23:44'}, {'@type': 'OpeningHoursSpecification', 'dayOfWeek': ['Monday', 'Tuesday', 'Wednesday', 'Thursday', 'Friday'], 'opens': '5:0', 'closes': '10:29'}, {'@type': 'OpeningHoursSpecification', 'dayOfWeek': ['Monday', 'Tuesday', 'Wednesday', 'Thursday', 'Friday'], 'opens': '10:30', 'closes': '16:59'}, {'@type': 'OpeningHoursSpecification', 'dayOfWeek': ['Monday', 'Tuesday', 'Wednesday', 'Thursday', 'Friday'], 'opens': '17:0', 'closes': '23:44'}, {'@type': 'OpeningHoursSpecification', 'dayOfWeek': 'Saturday', 'opens': '5:0', 'closes': '10:59'}, {'@type': 'OpeningHoursSpecification', 'dayOfWeek': 'Saturday', 'opens': '11:0', 'closes': '16:59'}, {'@type': 'OpeningHoursSpecification', 'dayOfWeek': 'Saturday', 'opens': '17:0', 'closes': '23:44'}]","{'@type': 'PostalAddress', 'addressLocality': 'GRAND FORKS', 'addressRegion': 'ND', 'postalCode': '58201', 'addressCountry': 'US', 'streetAddress': '1125 S WASHINGTON ST'}","{'@type': 'GeoCoordinates', 'latitude': 47.910202, 'longitude': -97.044437}","{'@type': 'AggregateRating', 'ratingValue': 4.7, 'reviewCount': '189'}"
Papa Murphy's (2475 32nd Avenue South),https://www.ubereats.com/grand-forks/food-delivery/papa-murphys-2475-32nd-avenue-south/gKzfLwCcSE6n4pvMOefw7Q,grand-forks,['Pizza'],,,$,47.88883260000001,-97.0627351,+17017380370,58201,2475 32nd Avenue South,Grand Forks,ND,"[{'@type': 'OpeningHoursSpecification', 'dayOfWeek': ['Monday', 'Tuesday', 'Wednesday', 'Thursday', 'Friday', 'Saturday', 'Sunday'], 'opens': '10:0', 'closes': '21:0'}]","{'@type': 'PostalAddress', 'addressLocality': 'Grand Forks', 'addressRegion': 'ND', 'postalCode': '58201', 'addressCountry': 'US', 'streetAddress': '2475 32nd Avenue South'}","{'@type': 'GeoCoordinates', 'latitude': 47.88883260000001, 'longitude': -97.0627351}",{}
Subway (210 Gateway Dr Ne),https://www.ubereats.com/grand-forks/food-delivery/subway-210-gateway-dr-ne/a7N7Q059T4OmwN_GhRwGAA,grand-forks,"['Fast Food', 'Sandwich', 'American']",4.4,12,$,47.93783,-97.01694769999999,+12187736637,56721,210 Gateway Dr Ne,East Grand Forks,MN,"[{'@type': 'OpeningHoursSpecification', 'dayOfWeek': ['Monday', 'Tuesday', 'Wednesday', 'Thursday', 'Friday', 'Saturday', 'Sunday'], 'opens': '7:0', 'closes': '21:30'}]","{'@type': 'PostalAddress', 'addressLocality': 'East Grand Forks', 'addressRegion': 'MN', 'postalCode': '56721', 'addressCountry': 'US', 'streetAddress': '210 Gateway Dr Ne'}","{'@type': 'GeoCoordinates', 'latitude': 47.93783, 'longitude': -97.01694769999999}","{'@type': 'AggregateRating', 'ratingValue': 4.4, 'reviewCount': '12'}"
KFC (706 South Washington),https://www.ubereats.com/grand-forks/food-delivery/kfc-706-south-washington/MDPqWoI0T72SD0w_N7ljbw,grand-forks,"['American', 'Fast Food', 'wings']",4.5,99,$,47.91501460000001,-97.04542169999999,+17017723447,58201,706 South Washington,Grand Forks,ND,"[{'@type': 'OpeningHoursSpecification', 'dayOfWeek': ['Monday', 'Tuesday', 'Wednesday', 'Thursday', 'Friday', 'Saturday', 'Sunday'], 'opens': '11:0', 'closes': '21:30'}]","{'@type': 'PostalAddress', 'addressLocality': 'Grand Forks', 'addressRegion': 'ND', 'postalCode': '58201', 'addressCountry': 'US', 'streetAddress': '706 South Washington'}","{'@type': 'GeoCoordinates', 'latitude': 47.91501460000001, 'longitude': -97.04542169999999}","{'@type': 'AggregateRating', 'ratingValue': 4.5, 'reviewCount': '99'}"
Eagles Crest Grill,https://www.ubereats.com/grand-forks/food-delivery/eagles-crest-grill/QL-DVA1hSbmp8m_NXIjW3g,grand-forks,"['Pasta', 'Desserts', 'Healthy', 'Salads']",4.5,17,$,47.86974459999999,-97.06291139999999,+17017873491,58201,5301 S Columbia Rd,Grand Forks,ND,"[{'@type': 'OpeningHoursSpecification', 'dayOfWeek': ['Monday', 'Tuesday', 'Wednesday', 'Thursday', 'Friday', 'Saturday', 'Sunday'], 'opens': '11:0', 'closes': '21:0'}]","{'@type': 'PostalAddress', 'addressLocality': 'Grand Forks', 'addressRegion': 'ND', 'postalCode': '58201', 'addressCountry': 'US', 'streetAddress': '5301 S Columbia Rd'}","{'@type': 'GeoCoordinates', 'latitude': 47.86974459999999, 'longitude': -97.06291139999999}","{'@type': 'AggregateRating', 'ratingValue': 4.5, 'reviewCount': '17'}"
Tea & Crepe Cafe -  Grand Forks,https://www.ubereats.com/grand-forks/food-delivery/tea-%26-crepe-cafe-grand-forks/vMfdH1rZRdWlUmCFoioLaQ,grand-forks,"['Ice Cream & Frozen Yogurt', 'Comfort Food', 'Desserts']",,,$,47.9249326,-97.03061939999999,+17017571040,58201,307 Demers Avenue,Grand Forks,ND,"[{'@type': 'OpeningHoursSpecification', 'dayOfWeek': ['Monday', 'Tuesday', 'Wednesday', 'Thursday', 'Friday', 'Saturday', 'Sunday'], 'opens': '11:0', 'closes': '22:0'}]","{'@type': 'PostalAddress', 'addressLocality': 'Grand Forks', 'addressRegion': 'ND', 'postalCode': '58201', 'addressCountry': 'US', 'streetAddress': '307 Demers Avenue'}","{'@type': 'GeoCoordinates', 'latitude': 47.9249326, 'longitude': -97.03061939999999}",{}
Sonic (1800 South Washington Street),https://www.ubereats.com/grand-forks/food-delivery/sonic-1800-south-washington-street/AVjr-K8tR262isjetFr2Pw,grand-forks,"['American', 'Burgers', 'Breakfast and Brunch', 'Fast Food']",4.6,37,$$,47.9025031,-97.04590119999999,+17017573278,58201,1800 South Washington Street,Grand Forks,ND,"[{'@type': 'OpeningHoursSpecification', 'dayOfWeek': ['Monday', 'Tuesday', 'Wednesday', 'Thursday', 'Friday', 'Saturday', 'Sunday'], 'opens': '10:0', 'closes': '21:30'}]","{'@type': 'PostalAddress', 'addressLocality': 'Grand Forks', 'addressRegion': 'ND', 'postalCode': '58201', 'addressCountry': 'US', 'streetAddress': '1800 South Washington Street'}","{'@type': 'GeoCoordinates', 'latitude': 47.9025031, 'longitude': -97.04590119999999}","{'@type': 'AggregateRating', 'ratingValue': 4.6, 'reviewCount': '37'}"
Subway (1850 S Columbia Rd),https://www.ubereats.com/grand-forks/food-delivery/subway-1850-s-columbia-rd/BTmm90qRQ0O_DJ6f1V8ZBQ,grand-forks,"['Fast Food', 'Sandwich', 'American']",4.3,38,$,47.9025733,-97.0671433,+17017723526,58201,1850 S Columbia Rd,Grand Forks,ND,"[{'@type': 'OpeningHoursSpecification', 'dayOfWeek': ['Monday', 'Tuesday', 'Wednesday', 'Thursday', 'Friday', 'Saturday', 'Sunday'], 'opens': '7:0', 'closes': '23:29'}]","{'@type': 'PostalAddress', 'addressLocality': 'Grand Forks', 'addressRegion': 'ND', 'postalCode': '58201', 'addressCountry': 'US', 'streetAddress': '1850 S Columbia Rd'}","{'@type': 'GeoCoordinates', 'latitude': 47.9025733, 'longitude': -97.0671433}","{'@type': 'AggregateRating', 'ratingValue': 4.3, 'reviewCount': '38'}"
Chick-fil-A  (3230 32nd Ave S),https://www.ubereats.com/grand-forks/food-delivery/chick-fil-a-3230-32nd-ave-s/_T4ed9r8QeiI0OxcjdReFw,grand-forks,"['American', 'Fried Chicken']",4.7,76,$,47.8901109,-97.0747387,+17017469942,58201,3230 32nd Ave S,Grand Forks,ND,"[{'@type': 'OpeningHoursSpecification', 'dayOfWeek': ['Monday', 'Tuesday', 'Wednesday', 'Thursday', 'Friday', 'Saturday'], 'opens': '6:30', 'closes': '10:0'}, {'@type': 'OpeningHoursSpecification', 'dayOfWeek': ['Monday', 'Tuesday', 'Wednesday', 'Thursday', 'Friday', 'Saturday'], 'opens': '10:0', 'closes': '21:30'}]","{'@type': 'PostalAddress', 'addressLocality': 'Grand Forks', 'addressRegion': 'ND', 'postalCode': '58201', 'addressCountry': 'US', 'streetAddress': '3230 32nd Ave S'}","{'@type': 'GeoCoordinates', 'latitude': 47.8901109, 'longitude': -97.0747387}","{'@type': 'AggregateRating', 'ratingValue': 4.7, 'reviewCount': '76'}"
Far East Buffet,https://www.ubereats.com/grand-forks/food-delivery/far-east-buffet/8le6gacjSHO90WHrM6DPCg,grand-forks,"['Chicken', 'Chinese', 'Noodles']",,,$$,47.93264749999999,-97.08058129999999,+19178551431,58203,3555 Gateway Dr,Grand Forks,ND,"[{'@type': 'OpeningHoursSpecification', 'dayOfWeek': 'Sunday', 'opens': '11:30', 'closes': '21:0'}, {'@type': 'OpeningHoursSpecification', 'dayOfWeek': ['Monday', 'Tuesday', 'Wednesday', 'Thursday', 'Friday', 'Saturday'], 'opens': '11:0', 'closes': '21:30'}]","{'@type': 'PostalAddress', 'addressLocality': 'Grand Forks', 'addressRegion': 'ND', 'postalCode': '58203', 'addressCountry': 'US', 'streetAddress': '3555 Gateway Dr'}","{'@type': 'GeoCoordinates', 'latitude': 47.93264749999999, 'longitude': -97.08058129999999}",{}
McDonald's® (2910 32ND AVE),https://www.ubereats.com/grand-forks/food-delivery/mcdonalds-2910-32nd-ave/rUoX_ZZzQge_7Gd7HhXJmg,grand-forks,"['American', 'Burgers', 'Fast Food', 'Fast Food']",4.3,40,$,47.890126,-97.070397,+17017722410,58201,2910 32ND AVE,GRAND FORKS,ND,"[{'@type': 'OpeningHoursSpecification', 'dayOfWeek': 'Sunday', 'opens': '6:0', 'closes': '10:29'}, {'@type': 'OpeningHoursSpecification', 'dayOfWeek': 'Sunday', 'opens': '11:0', 'closes': '16:59'}, {'@type': 'OpeningHoursSpecification', 'dayOfWeek': 'Sunday', 'opens': '17:0', 'closes': '21:44'}, {'@type': 'OpeningHoursSpecification', 'dayOfWeek': ['Monday', 'Tuesday', 'Wednesday', 'Thursday', 'Friday', 'Saturday'], 'opens': '6:0', 'closes': '9:59'}, {'@type': 'OpeningHoursSpecification', 'dayOfWeek': ['Monday', 'Tuesday', 'Wednesday', 'Thursday', 'Friday', 'Saturday'], 'opens': '10:30', 'closes': '16:59'}, {'@type': 'OpeningHoursSpecification', 'dayOfWeek': ['Monday', 'Tuesday', 'Wednesday', 'Thursday', 'Friday', 'Saturday'], 'opens': '17:0', 'closes': '22:44'}]","{'@type': 'PostalAddress', 'addressLocality': 'GRAND FORKS', 'addressRegion': 'ND', 'postalCode': '58201', 'addressCountry': 'US', 'streetAddress': '2910 32ND AVE'}","{'@type': 'GeoCoordinates', 'latitude': 47.890126, 'longitude': -97.070397}","{'@type': 'AggregateRating', 'ratingValue': 4.3, 'reviewCount': '40'}"
McDonald's® (1212 CENTRAL AVE NE),https://www.ubereats.com/grand-forks/food-delivery/mcdonalds-1212-central-ave-ne/iODxRiYNTc-MgYlXmJzQgw,grand-forks,"['American', 'Burgers', 'Fast Food']",4.0,11,$,47.937018,-97.019116,+12187733922,56721,1212 CENTRAL AVE NE,EAST GRAND FORKS,MN,"[{'@type': 'OpeningHoursSpecification', 'dayOfWeek': 'Sunday', 'opens': '6:0', 'closes': '10:59'}, {'@type': 'OpeningHoursSpecification', 'dayOfWeek': 'Sunday', 'opens': '11:0', 'closes': '16:59'}, {'@type': 'OpeningHoursSpecification', 'dayOfWeek': 'Sunday', 'opens': '17:0', 'closes': '21:44'}, {'@type': 'OpeningHoursSpecification', 'dayOfWeek': ['Monday', 'Tuesday', 'Wednesday', 'Thursday', 'Friday', 'Saturday'], 'opens': '6:0', 'closes': '10:29'}, {'@type': 'OpeningHoursSpecification', 'dayOfWeek': ['Monday', 'Tuesday', 'Wednesday', 'Thursday', 'Friday', 'Saturday'], 'opens': '10:30', 'closes': '16:59'}, {'@type': 'OpeningHoursSpecification', 'dayOfWeek': ['Monday', 'Tuesday', 'Wednesday', 'Thursday', 'Friday', 'Saturday'], 'opens': '17:0', 'closes': '21:44'}]","{'@type': 'PostalAddress', 'addressLocality': 'EAST GRAND FORKS', 'addressRegion': 'MN', 'postalCode': '56721', 'addressCountry': 'US', 'streetAddress': '1212 CENTRAL AVE NE'}","{'@type': 'GeoCoordinates', 'latitude': 47.937018, 'longitude': -97.019116}","{'@type': 'AggregateRating', 'ratingValue': 4, 'reviewCount': '11'}"
Denny's (3770 32Nd Avenue S),https://www.ubereats.com/grand-forks/food-delivery/dennys-3770-32nd-avenue-s/e4I6X3x5SdS42g6PaQa1kw,grand-forks,"['American', 'Breakfast and Brunch', 'Coffee and Tea', 'Dinner', 'Desserts', 'Salads', 'Steak', 'Sandwich']",4.6,57,$$,47.8900188,-97.08219,+17017571148,58201,3770 32Nd Avenue S,Grand Forks,ND,"[{'@type': 'OpeningHoursSpecification', 'dayOfWeek': ['Monday', 'Tuesday', 'Wednesday', 'Thursday', 'Friday', 'Saturday', 'Sunday'], 'opens': '7:0', 'closes': '19:15'}]","{'@type': 'PostalAddress', 'addressLocality': 'Grand Forks', 'addressRegion': 'ND', 'postalCode': '58201', 'addressCountry': 'US', 'streetAddress': '3770 32Nd Avenue S'}","{'@type': 'GeoCoordinates', 'latitude': 47.8900188, 'longitude': -97.08219}","{'@type': 'AggregateRating', 'ratingValue': 4.6, 'reviewCount': '57'}"
McDonald's® (4340 GATEWAY DR),https://www.ubereats.com/grand-forks/food-delivery/mcdonalds-4340-gateway-dr/BGCPz6fTT36iFliDz9iLaw,grand-forks,"['American', 'Burgers', 'Fast Food', 'Fast Food']",4.6,57,$,47.934307,-97.091851,+17017467980,58201,4340 GATEWAY DR,GRAND FORKS,ND,"[{'@type': 'OpeningHoursSpecification', 'dayOfWeek': 'Sunday', 'opens': '5:0', 'closes': '10:59'}, {'@type': 'OpeningHoursSpecification', 'dayOfWeek': 'Sunday', 'opens': '11:0', 'closes': '16:59'}, {'@type': 'OpeningHoursSpecification', 'dayOfWeek': 'Sunday', 'opens': '17:0', 'closes': '23:44'}, {'@type': 'OpeningHoursSpecification', 'dayOfWeek': ['Monday', 'Tuesday', 'Wednesday', 'Thursday', 'Friday'], 'opens': '5:0', 'closes': '10:29'}, {'@type': 'OpeningHoursSpecification', 'dayOfWeek': ['Monday', 'Tuesday', 'Wednesday', 'Thursday', 'Friday'], 'opens': '10:30', 'closes': '16:59'}, {'@type': 'OpeningHoursSpecification', 'dayOfWeek': ['Monday', 'Tuesday', 'Wednesday', 'Thursday', 'Friday'], 'opens': '17:0', 'closes': '23:44'}, {'@type': 'OpeningHoursSpecification', 'dayOfWeek': 'Saturday', 'opens': '5:0', 'closes': '10:59'}, {'@type': 'OpeningHoursSpecification', 'dayOfWeek': 'Saturday', 'opens': '11:0', 'closes': '16:59'}, {'@type': 'OpeningHoursSpecification', 'dayOfWeek': 'Saturday', 'opens': '17:0', 'closes': '23:44'}]","{'@type': 'PostalAddress', 'addressLocality': 'GRAND FORKS', 'addressRegion': 'ND', 'postalCode': '58201', 'addressCountry': 'US', 'streetAddress': '4340 GATEWAY DR'}","{'@type': 'GeoCoordinates', 'latitude': 47.934307, 'longitude': -97.091851}","{'@type': 'AggregateRating', 'ratingValue': 4.6, 'reviewCount': '57'}"
Burger King #11142 (3151 32 Avenue South),https://www.ubereats.com/grand-forks/food-delivery/burger-king-%2311142-3151-32-avenue-south/XzCNJpM4QzCe8QCgiT1YWA,grand-forks,"['American', 'burger', 'Fast Food']",4.4,12,$,47.88881629999999,-97.0740096,+17017872435,58201,3151 32 Avenue South,Grand Forks,ND,"[{'@type': 'OpeningHoursSpecification', 'dayOfWeek': 'Sunday', 'opens': '7:30', 'closes': '10:29'}, {'@type': 'OpeningHoursSpecification', 'dayOfWeek': 'Sunday', 'opens': '10:30', 'closes': '22:30'}, {'@type': 'OpeningHoursSpecification', 'dayOfWeek': ['Monday', 'Tuesday', 'Wednesday', 'Thursday', 'Friday', 'Saturday'], 'opens': '6:30', 'closes': '10:29'}, {'@type': 'OpeningHoursSpecification', 'dayOfWeek': ['Monday', 'Tuesday', 'Wednesday', 'Thursday', 'Friday', 'Saturday'], 'opens': '10:30', 'closes': '22:30'}]","{'@type': 'PostalAddress', 'addressLocality': 'Grand Forks', 'addressRegion': 'ND', 'postalCode': '58201', 'addressCountry': 'US', 'streetAddress': '3151 32 Avenue South'}","{'@type': 'GeoCoordinates', 'latitude': 47.88881629999999, 'longitude': -97.0740096}","{'@type': 'AggregateRating', 'ratingValue': 4.4, 'reviewCount': '12'}"
Buffalo Wild Wings (2717 Columbia Rd S),https://www.ubereats.com/grand-forks/food-delivery/buffalo-wild-wings-2717-columbia-rd-s/f3YwmKC0To6XtYGcRp1hag,grand-forks,"['Wings', 'American', 'Fast Food']",4.5,136,$,47.8924808,-97.06619959999999,+17017759464,58201-6005,2717 Columbia Rd S,Grand Forks,ND,"[{'@type': 'OpeningHoursSpecification', 'dayOfWeek': ['Sunday', 'Monday', 'Tuesday', 'Wednesday'], 'opens': '10:45', 'closes': '22:30'}, {'@type': 'OpeningHoursSpecification', 'dayOfWeek': 'Thursday', 'opens': '11:0', 'closes': '18:0'}, {'@type': 'OpeningHoursSpecification', 'dayOfWeek': 'Thursday', 'opens': '20:0', 'closes': '23:0'}, {'@type': 'OpeningHoursSpecification', 'dayOfWeek': ['Friday', 'Saturday'], 'opens': '11:0', 'closes': '22:30'}]","{'@type': 'PostalAddress', 'addressLocality': 'Grand Forks', 'addressRegion': 'ND', 'postalCode': '58201-6005', 'addressCountry': 'US', 'streetAddress': '2717 Columbia Rd S'}","{'@type': 'GeoCoordinates', 'latitude': 47.8924808, 'longitude': -97.06619959999999}","{'@type': 'AggregateRating', 'ratingValue': 4.5, 'reviewCount': '136'}"
Applebee's  (2851 S. Columbia Road),https://www.ubereats.com/grand-forks/food-delivery/applebees-2851-s-columbia-road/Rw1ztLLMQIOh5gigORmZJg,grand-forks,"['American', 'Bar Food', 'BBQ', 'burger', 'Chicken Strips', 'Comfort Food', 'Dinner', 'pasta', 'salad', 'Sandwich', 'Soup', 'Steak', 'Traditional American', 'wings']",4.5,131,$$,47.89172199999999,-97.0659168,+17017955688,58201,2851 S. Columbia Road,Grand Forks,ND,"[{'@type': 'OpeningHoursSpecification', 'dayOfWeek': ['Monday', 'Tuesday', 'Wednesday', 'Thursday', 'Friday', 'Saturday', 'Sunday'], 'opens': '11:0', 'closes': '23:29'}]","{'@type': 'PostalAddress', 'addressLocality': 'Grand Forks', 'addressRegion': 'ND', 'postalCode': '58201', 'addressCountry': 'US', 'streetAddress': '2851 S. Columbia Road'}","{'@type': 'GeoCoordinates', 'latitude': 47.89172199999999, 'longitude': -97.0659168}","{'@type': 'AggregateRating', 'ratingValue': 4.5, 'reviewCount': '131'}"
Subway (1801 Gateway Dr),https://www.ubereats.com/grand-forks/food-delivery/subway-1801-gateway-dr/nXYnDw8oRpy-P9n6TDu6lA,grand-forks,"['Fast Food', 'Sandwich', 'American']",,,$,47.93272049999999,-97.0520993,+17017726357,58203,1801 Gateway Dr,Grand Forks,ND,"[{'@type': 'OpeningHoursSpecification', 'dayOfWeek': ['Monday', 'Tuesday', 'Wednesday', 'Thursday', 'Friday', 'Saturday', 'Sunday'], 'opens': '7:0', 'closes': '21:30'}]","{'@type': 'PostalAddress', 'addressLocality': 'Grand Forks', 'addressRegion': 'ND', 'postalCode': '58203', 'addressCountry': 'US', 'streetAddress': '1801 Gateway Dr'}","{'@type': 'GeoCoordinates', 'latitude': 47.93272049999999, 'longitude': -97.0520993}",{}
Subway (3341 32Nd Ave S),https://www.ubereats.com/grand-forks/food-delivery/subway-3341-32nd-ave-s/r1vDD1x9RAqQeVx0OSamOw,grand-forks,"['Fast Food', 'Sandwich', 'American']",4.4,23,$,47.8888974,-97.07646869999999,+17017729335,58201,3341 32Nd Ave S,Grand Forks,ND,"[{'@type': 'OpeningHoursSpecification', 'dayOfWeek': ['Monday', 'Tuesday', 'Wednesday', 'Thursday', 'Friday', 'Saturday', 'Sunday'], 'opens': '7:0', 'closes': '21:30'}]","{'@type': 'PostalAddress', 'addressLocality': 'Grand Forks', 'addressRegion': 'ND', 'postalCode': '58201', 'addressCountry': 'US', 'streetAddress': '3341 32Nd Ave S'}","{'@type': 'GeoCoordinates', 'latitude': 47.8888974, 'longitude': -97.07646869999999}","{'@type': 'AggregateRating', 'ratingValue': 4.4, 'reviewCount': '23'}"
Starbucks (14th and Columbia Rd),https://www.ubereats.com/grand-forks/food-delivery/starbucks-14th-and-columbia-rd/4DZmOL61QNCaeNO9ERea2Q,grand-forks,"['Bakery', 'Breakfast and Brunch', 'Cafe', 'Coffee & Tea']",4.6,154,$,47.9068479,-97.0658158,+12182306149,58201,1419 S. Columbia Rd,Grand Forks,ND,"[{'@type': 'OpeningHoursSpecification', 'dayOfWeek': ['Monday', 'Tuesday', 'Wednesday', 'Thursday', 'Friday', 'Saturday', 'Sunday'], 'opens': '5:0', 'closes': '22:0'}]","{'@type': 'PostalAddress', 'addressLocality': 'Grand Forks', 'addressRegion': 'ND', 'postalCode': '58201', 'addressCountry': 'US', 'streetAddress': '1419 S. Columbia Rd'}","{'@type': 'GeoCoordinates', 'latitude': 47.9068479, 'longitude': -97.0658158}","{'@type': 'AggregateRating', 'ratingValue': 4.6, 'reviewCount': '154'}"
Starbucks (Washington and Demers),https://www.ubereats.com/grand-forks/food-delivery/starbucks-washington-and-demers/W9t7Tec-SImR34SsT4lf5w,grand-forks,"['Bakery', 'Breakfast and Brunch', 'Cafe', 'Coffee & Tea']",4.6,36,$,47.9159298,-97.0444294,+17017757996,58203,623 S. Washington Street,Grand Forks,ND,"[{'@type': 'OpeningHoursSpecification', 'dayOfWeek': ['Monday', 'Tuesday', 'Wednesday', 'Thursday', 'Friday', 'Saturday', 'Sunday'], 'opens': '5:0', 'closes': '22:0'}]","{'@type': 'PostalAddress', 'addressLocality': 'Grand Forks', 'addressRegion': 'ND', 'postalCode': '58203', 'addressCountry': 'US', 'streetAddress': '623 S. Washington Street'}","{'@type': 'GeoCoordinates', 'latitude': 47.9159298, 'longitude': -97.0444294}","{'@type': 'AggregateRating', 'ratingValue': 4.6, 'reviewCount': '36'}"
IHOP (3951 32Nd Avenue South),https://www.ubereats.com/grand-forks/food-delivery/ihop-3951-32nd-avenue-south/yzYVFWC9SFCpHXEfrHe8yQ,grand-forks,"['American', 'Breakfast and Brunch', 'burger', 'Comfort Food', 'Dinner', 'Omelette', 'salad', 'Traditional American']",4.3,39,$,47.8887315,-97.0854337,+17017757001,58201,3951 32Nd Avenue South,Grand Forks,ND,"[{'@type': 'OpeningHoursSpecification', 'dayOfWeek': ['Sunday', 'Monday', 'Tuesday', 'Wednesday', 'Thursday'], 'opens': '7:15', 'closes': '18:35'}, {'@type': 'OpeningHoursSpecification', 'dayOfWeek': 'Friday', 'opens': '7:15', 'closes': '16:50'}, {'@type': 'OpeningHoursSpecification', 'dayOfWeek': 'Saturday', 'opens': '7:15', 'closes': '18:35'}]","{'@type': 'PostalAddress', 'addressLocality': 'Grand Forks', 'addressRegion': 'ND', 'postalCode': '58201', 'addressCountry': 'US', 'streetAddress': '3951 32Nd Avenue South'}","{'@type': 'GeoCoordinates', 'latitude': 47.8887315, 'longitude': -97.0854337}","{'@type': 'AggregateRating', 'ratingValue': 4.3, 'reviewCount': '39'}"
Starbucks (3551 32 Ave S. - Grand Forks),https://www.ubereats.com/grand-forks/food-delivery/starbucks-3551-32-ave-s-grand-forks/fOdJguONTn2kTeZdf2--eA,grand-forks,"['Bakery', 'Breakfast and Brunch', 'Cafe', 'Coffee & Tea']",4.8,33,$,47.8887713,-97.0792586,+17017724292,58201,3551 32 Ave. South,Grand Forks,ND,"[{'@type': 'OpeningHoursSpecification', 'dayOfWeek': ['Monday', 'Tuesday', 'Wednesday', 'Thursday', 'Friday', 'Saturday', 'Sunday'], 'opens': '5:0', 'closes': '22:0'}]","{'@type': 'PostalAddress', 'addressLocality': 'Grand Forks', 'addressRegion': 'ND', 'postalCode': '58201', 'addressCountry': 'US', 'streetAddress': '3551 32 Ave. South'}","{'@type': 'GeoCoordinates', 'latitude': 47.8887713, 'longitude': -97.0792586}","{'@type': 'AggregateRating', 'ratingValue': 4.8, 'reviewCount': '33'}"
Sickies Garage Burgers (East Grand Forks),https://www.ubereats.com/grand-forks/food-delivery/sickies-garage-burgers-east-grand-forks/pXka7HuNR1--KWmKEJsWnw,grand-forks,"['Burgers', 'American', 'Sandwiches']",4.6,70,$,47.9282714,-97.02715429999999,+12183992006,56721,121 Demers Ave,East Grand Forks,MN,"[{'@type': 'OpeningHoursSpecification', 'dayOfWeek': ['Monday', 'Tuesday', 'Wednesday', 'Thursday', 'Friday', 'Saturday', 'Sunday'], 'opens': '11:0', 'closes': '20:35'}]","{'@type': 'PostalAddress', 'addressLocality': 'East Grand Forks', 'addressRegion': 'MN', 'postalCode': '56721', 'addressCountry': 'US', 'streetAddress': '121 Demers Ave'}","{'@type': 'GeoCoordinates', 'latitude': 47.9282714, 'longitude': -97.02715429999999}","{'@type': 'AggregateRating', 'ratingValue': 4.6, 'reviewCount': '70'}"
Little Bangkok/Wasabi/Drunken Noodle,https://www.ubereats.com/grand-forks/food-delivery/little-bangkok-wasabi-drunken-noodle/Ddo7SXvORwK9t-JibKRV_w,grand-forks,"['Sushi', 'Asian', 'Japanese']",,,$,47.9284428,-97.0275252,+12183991122,56721,415 2nd Ave NW,East Grand Forks,MN,"[{'@type': 'OpeningHoursSpecification', 'dayOfWeek': ['Sunday', 'Monday', 'Tuesday', 'Wednesday', 'Thursday'], 'opens': '11:0', 'closes': '21:0'}, {'@type': 'OpeningHoursSpecification', 'dayOfWeek': ['Friday', 'Saturday'], 'opens': '11:0', 'closes': '22:0'}]","{'@type': 'PostalAddress', 'addressLocality': 'East Grand Forks', 'addressRegion': 'MN', 'postalCode': '56721', 'addressCountry': 'US', 'streetAddress': '415 2nd Ave NW'}","{'@type': 'GeoCoordinates', 'latitude': 47.9284428, 'longitude': -97.0275252}",{}
Marco's Pizza (3901 S. Washington),https://www.ubereats.com/grand-forks/food-delivery/marcos-pizza-3901-s-washington/5bAyj0MgR_WSBVMwUUu64Q,grand-forks,['Pizza'],4.9,14,$,47.8825016,-97.04435319999999,+17017724000,58201,3901 S. Washington,Grand Forks,ND,"[{'@type': 'OpeningHoursSpecification', 'dayOfWeek': ['Sunday', 'Monday', 'Tuesday', 'Wednesday', 'Thursday'], 'opens': '11:0', 'closes': '20:30'}, {'@type': 'OpeningHoursSpecification', 'dayOfWeek': ['Friday', 'Saturday'], 'opens': '11:0', 'closes': '22:30'}]","{'@type': 'PostalAddress', 'addressLocality': 'Grand Forks', 'addressRegion': 'ND', 'postalCode': '58201', 'addressCountry': 'US', 'streetAddress': '3901 S. Washington'}","{'@type': 'GeoCoordinates', 'latitude': 47.8825016, 'longitude': -97.04435319999999}","{'@type': 'AggregateRating', 'ratingValue': 4.9, 'reviewCount': '14'}"
