name,url,city,cuisine,avgRating,numReviews,priceRange,latitude,longitude,telephone,postalCode,streetAddress,addressLocality,addressRegion,openingHoursSpecification,addressString,geoString,ratingString
Cold Stone Creamery (6935 75Th St Ste A),https://www.ubereats.com/milwaukee/food-delivery/cold-stone-creamery-6935-75th-st-ste-a/d8fsvT_iQnac6PG_0h9Tpg,kenosha-wisconsin,"['Ice Cream & Frozen Yogurt', 'Comfort Food', 'Desserts']",4.5,20,$,42.5661875,-87.89067999999999,+12629488112,53142,6935 75Th St Ste A,Kenosha,WI,"[{'@type': 'OpeningHoursSpecification', 'dayOfWeek': ['Sunday', 'Monday', 'Tuesday', 'Wednesday', 'Thursday'], 'opens': '13:0', 'closes': '20:0'}, {'@type': 'OpeningHoursSpecification', 'dayOfWeek': ['Friday', 'Saturday'], 'opens': '13:0', 'closes': '21:0'}]","{'@type': 'PostalAddress', 'addressLocality': 'Kenosha', 'addressRegion': 'WI', 'postalCode': '53142', 'addressCountry': 'US', 'streetAddress': '6935 75Th St Ste A'}","{'@type': 'GeoCoordinates', 'latitude': 42.5661875, 'longitude': -87.89067999999999}","{'@type': 'AggregateRating', 'ratingValue': 4.5, 'reviewCount': '20'}"
Marco’s Pizza (2065 Lathrop Avenue),https://www.ubereats.com/milwaukee/food-delivery/marcos-pizza-2065-lathrop-avenue/FrZoJ9iQQe-8HOThcp234Q,kenosha-wisconsin,"['pizza', 'American', 'Sandwich']",4.8,21,$,42.70459,-87.82533939999999,+12626348988,53405,2065 Lathrop Avenue,Racine,WI,"[{'@type': 'OpeningHoursSpecification', 'dayOfWeek': ['Sunday', 'Monday', 'Tuesday', 'Wednesday', 'Thursday'], 'opens': '11:0', 'closes': '22:0'}, {'@type': 'OpeningHoursSpecification', 'dayOfWeek': ['Friday', 'Saturday'], 'opens': '11:0', 'closes': '23:59'}]","{'@type': 'PostalAddress', 'addressLocality': 'Racine', 'addressRegion': 'WI', 'postalCode': '53405', 'addressCountry': 'US', 'streetAddress': '2065 Lathrop Avenue'}","{'@type': 'GeoCoordinates', 'latitude': 42.70459, 'longitude': -87.82533939999999}","{'@type': 'AggregateRating', 'ratingValue': 4.8, 'reviewCount': '21'}"
Mariscos Jimmy,https://www.ubereats.com/milwaukee/food-delivery/mariscos-jimmy/chuQFHlyR4iKZt3pGf_joQ,kenosha-wisconsin,"['Seafood', 'Comfort Food', 'American']",,,$,42.7041634,-87.7934519,+12623587365,53403,2101 Racine St,Milwaukee,WI,"[{'@type': 'OpeningHoursSpecification', 'dayOfWeek': 'Sunday', 'opens': '11:0', 'closes': '21:0'}, {'@type': 'OpeningHoursSpecification', 'dayOfWeek': ['Tuesday', 'Wednesday', 'Thursday', 'Friday', 'Saturday'], 'opens': '11:0', 'closes': '21:0'}]","{'@type': 'PostalAddress', 'addressLocality': 'Milwaukee', 'addressRegion': 'WI', 'postalCode': '53403', 'addressCountry': 'US', 'streetAddress': '2101 Racine St'}","{'@type': 'GeoCoordinates', 'latitude': 42.7041634, 'longitude': -87.7934519}",{}
Chuck E. Cheese (5612 Durand Ave),https://www.ubereats.com/milwaukee/food-delivery/chuck-e-cheese-5612-durand-ave/AcrwQJDzTqi9RVZOAMe2iA,kenosha-wisconsin,['Pizza'],,,$,42.6976612,-87.84763629999999,+12625548989,53406,5612 Durand Ave,Racine,WI,"[{'@type': 'OpeningHoursSpecification', 'dayOfWeek': ['Monday', 'Tuesday', 'Wednesday', 'Thursday', 'Friday', 'Saturday', 'Sunday'], 'opens': '11:0', 'closes': '21:0'}]","{'@type': 'PostalAddress', 'addressLocality': 'Racine', 'addressRegion': 'WI', 'postalCode': '53406', 'addressCountry': 'US', 'streetAddress': '5612 Durand Ave'}","{'@type': 'GeoCoordinates', 'latitude': 42.6976612, 'longitude': -87.84763629999999}",{}
Five Guys WI-0651 9330 76th St,https://www.ubereats.com/milwaukee/food-delivery/five-guys-wi-0651-9330-76th-st/S6AMXrWwTfCIsKtsbpB6bA,kenosha-wisconsin,"['American', 'Burgers', 'Sandwich']",4.4,44,$,42.5658873,-87.9204185,+12625645625,53158,9330 76th St.,Pleasant Prairie,WI,"[{'@type': 'OpeningHoursSpecification', 'dayOfWeek': ['Monday', 'Tuesday', 'Wednesday', 'Thursday', 'Friday', 'Saturday', 'Sunday'], 'opens': '11:0', 'closes': '21:30'}]","{'@type': 'PostalAddress', 'addressLocality': 'Pleasant Prairie', 'addressRegion': 'WI', 'postalCode': '53158', 'addressCountry': 'US', 'streetAddress': '9330 76th St.'}","{'@type': 'GeoCoordinates', 'latitude': 42.5658873, 'longitude': -87.9204185}","{'@type': 'AggregateRating', 'ratingValue': 4.4, 'reviewCount': '44'}"
KFC (4405 - 52nd Street),https://www.ubereats.com/milwaukee/food-delivery/kfc-4405-52nd-street/5NoY-OwGQlyeQUdiV2VXmw,kenosha-wisconsin,"['American', 'Fast Food', 'wings']",,,$,42.5881612,-87.86214939999999,+12626581324,53144,4405 - 52nd Street,Kenosha,WI,"[{'@type': 'OpeningHoursSpecification', 'dayOfWeek': ['Monday', 'Tuesday', 'Wednesday', 'Thursday', 'Friday', 'Saturday', 'Sunday'], 'opens': '10:30', 'closes': '21:30'}]","{'@type': 'PostalAddress', 'addressLocality': 'Kenosha', 'addressRegion': 'WI', 'postalCode': '53144', 'addressCountry': 'US', 'streetAddress': '4405 - 52nd Street'}","{'@type': 'GeoCoordinates', 'latitude': 42.5881612, 'longitude': -87.86214939999999}",{}
Gordon's Sports Bar and Grill,https://www.ubereats.com/milwaukee/food-delivery/gordons-sports-bar-and-grill/sP2BeoDGTZCnChP8MDl4uw,kenosha-wisconsin,"['Wings', 'Diner', 'Seafood']",,,,42.5840243,-87.8181481,+12625775145,53140,5703 6th Ave,Kenosha,WI,"[{'@type': 'OpeningHoursSpecification', 'dayOfWeek': ['Monday', 'Tuesday', 'Wednesday', 'Thursday', 'Friday', 'Saturday', 'Sunday'], 'opens': '11:0', 'closes': '19:0'}]","{'@type': 'PostalAddress', 'addressLocality': 'Kenosha', 'addressRegion': 'WI', 'postalCode': '53140', 'addressCountry': 'US', 'streetAddress': '5703 6th Ave'}","{'@type': 'GeoCoordinates', 'latitude': 42.5840243, 'longitude': -87.8181481}",{}
Papa Murphy's  (4623 75th Street Suite #9),https://www.ubereats.com/milwaukee/food-delivery/papa-murphys-4623-75th-street-suite-%239/gz6yxUq4RleRNBAtdKpNXg,kenosha-wisconsin,"['Pizza', 'Italian', 'Sandwich']",,,$,42.5652801,-87.86433579999999,+12625517200,53142,4623 75th Street Suite #9,Kenosha,WI,"[{'@type': 'OpeningHoursSpecification', 'dayOfWeek': ['Monday', 'Tuesday', 'Wednesday', 'Thursday', 'Friday', 'Saturday', 'Sunday'], 'opens': '11:0', 'closes': '20:0'}]","{'@type': 'PostalAddress', 'addressLocality': 'Kenosha', 'addressRegion': 'WI', 'postalCode': '53142', 'addressCountry': 'US', 'streetAddress': '4623 75th Street Suite #9'}","{'@type': 'GeoCoordinates', 'latitude': 42.5652801, 'longitude': -87.86433579999999}",{}
Auntie Anne's (5538 Durand Ave),https://www.ubereats.com/milwaukee/food-delivery/auntie-annes-5538-durand-ave/SHL2YUsjTQaCVCuWYYkw2A,kenosha-wisconsin,"['Bakery', 'Comfort Food', 'Desserts']",,,$,42.6997635,-87.8492249,+18479034446,53406,5538 Durand Ave,Racine,WI,"[{'@type': 'OpeningHoursSpecification', 'dayOfWeek': 'Sunday', 'opens': '12:15', 'closes': '17:45'}, {'@type': 'OpeningHoursSpecification', 'dayOfWeek': ['Monday', 'Tuesday', 'Wednesday', 'Thursday', 'Friday', 'Saturday'], 'opens': '11:15', 'closes': '18:45'}]","{'@type': 'PostalAddress', 'addressLocality': 'Racine', 'addressRegion': 'WI', 'postalCode': '53406', 'addressCountry': 'US', 'streetAddress': '5538 Durand Ave'}","{'@type': 'GeoCoordinates', 'latitude': 42.6997635, 'longitude': -87.8492249}",{}
Dunkin' (9209 Durand Ave),https://www.ubereats.com/milwaukee/food-delivery/dunkin-9209-durand-ave/0-peufyiQKOEglaUqwydsg,kenosha-wisconsin,"['Breakfast & Brunch', 'Donuts']",,,$,42.6977947,-87.8976374,+12628866466,53177,9209 Durand Ave,Sturtevant,WI,"[{'@type': 'OpeningHoursSpecification', 'dayOfWeek': ['Monday', 'Tuesday', 'Wednesday', 'Thursday', 'Friday', 'Saturday', 'Sunday'], 'opens': '4:30', 'closes': '17:30'}]","{'@type': 'PostalAddress', 'addressLocality': 'Sturtevant', 'addressRegion': 'WI', 'postalCode': '53177', 'addressCountry': 'US', 'streetAddress': '9209 Durand Ave'}","{'@type': 'GeoCoordinates', 'latitude': 42.6977947, 'longitude': -87.8976374}",{}
Mason's Eatery And Pub,https://www.ubereats.com/milwaukee/food-delivery/masons-eatery-and-pub/Ttx3Q_G7SzyGg1LvAzW6RQ,kenosha-wisconsin,"['Burgers', 'American', 'Sandwiches']",4.3,27,$,42.56832,-87.8921751,+12629253330,53142,7000 74th Pl,Kenosha,WI,"[{'@type': 'OpeningHoursSpecification', 'dayOfWeek': 'Sunday', 'opens': '9:0', 'closes': '20:30'}, {'@type': 'OpeningHoursSpecification', 'dayOfWeek': 'Sunday', 'opens': '9:0', 'closes': '11:30'}, {'@type': 'OpeningHoursSpecification', 'dayOfWeek': ['Monday', 'Tuesday', 'Wednesday', 'Thursday', 'Friday'], 'opens': '9:0', 'closes': '20:30'}, {'@type': 'OpeningHoursSpecification', 'dayOfWeek': 'Saturday', 'opens': '9:0', 'closes': '20:30'}, {'@type': 'OpeningHoursSpecification', 'dayOfWeek': 'Saturday', 'opens': '9:0', 'closes': '11:30'}]","{'@type': 'PostalAddress', 'addressLocality': 'Kenosha', 'addressRegion': 'WI', 'postalCode': '53142', 'addressCountry': 'US', 'streetAddress': '7000 74th Pl'}","{'@type': 'GeoCoordinates', 'latitude': 42.56832, 'longitude': -87.8921751}","{'@type': 'AggregateRating', 'ratingValue': 4.3, 'reviewCount': '27'}"
White Castle (11730 75th St.),https://www.ubereats.com/milwaukee/food-delivery/white-castle-11730-75th-st/wF4wSJPxR7CwJi8Mxv60kw,kenosha-wisconsin,"['American', 'burger', 'Fast Food']",,,$,42.56807510000001,-87.9484526,+12628572500,53142,11730 75th St.,Kenosha,WI,"[{'@type': 'OpeningHoursSpecification', 'dayOfWeek': ['Monday', 'Tuesday', 'Wednesday', 'Thursday', 'Friday', 'Saturday', 'Sunday'], 'opens': '0:0', 'closes': '23:59'}]","{'@type': 'PostalAddress', 'addressLocality': 'Kenosha', 'addressRegion': 'WI', 'postalCode': '53142', 'addressCountry': 'US', 'streetAddress': '11730 75th St.'}","{'@type': 'GeoCoordinates', 'latitude': 42.56807510000001, 'longitude': -87.9484526}",{}
"Noodles & Company (7224 118th Ave, Ste A)",https://www.ubereats.com/milwaukee/food-delivery/noodles-%26-company-7224-118th-ave-ste-a/QZ4-ZMFTSSSwDN5JwtfV1A,kenosha-wisconsin,"['Healthy', 'Pasta', 'Salads', 'Family Meals']",,,$,42.5694836,-87.9505992,+12628573168,53142,7224 118th Ave Ste A,Kenosha,WI,"[{'@type': 'OpeningHoursSpecification', 'dayOfWeek': ['Monday', 'Tuesday', 'Wednesday', 'Thursday', 'Friday', 'Saturday', 'Sunday'], 'opens': '10:30', 'closes': '21:45'}]","{'@type': 'PostalAddress', 'addressLocality': 'Kenosha', 'addressRegion': 'WI', 'postalCode': '53142', 'addressCountry': 'US', 'streetAddress': '7224 118th Ave Ste A'}","{'@type': 'GeoCoordinates', 'latitude': 42.5694836, 'longitude': -87.9505992}",{}
Frankie D's Vino & Pizzeria,https://www.ubereats.com/milwaukee/food-delivery/frankie-ds-vino-%26-pizzeria/zT-OjFj9Slij3dnf_kHIyQ,kenosha-wisconsin,"['Pizza', 'American', 'Italian']",4.0,24,$,42.5894491,-87.8842009,+12626531327,53144,6316 52nd Street,Kenosha,WI,"[{'@type': 'OpeningHoursSpecification', 'dayOfWeek': ['Sunday', 'Monday'], 'opens': '15:0', 'closes': '19:30'}, {'@type': 'OpeningHoursSpecification', 'dayOfWeek': ['Tuesday', 'Wednesday', 'Thursday', 'Friday', 'Saturday'], 'opens': '11:0', 'closes': '19:29'}]","{'@type': 'PostalAddress', 'addressLocality': 'Kenosha', 'addressRegion': 'WI', 'postalCode': '53144', 'addressCountry': 'US', 'streetAddress': '6316 52nd Street'}","{'@type': 'GeoCoordinates', 'latitude': 42.5894491, 'longitude': -87.8842009}","{'@type': 'AggregateRating', 'ratingValue': 4, 'reviewCount': '24'}"
Qdoba (6430 Green Bay Road),https://www.ubereats.com/milwaukee/food-delivery/qdoba-6430-green-bay-road/nkjav9xiTfWMff1RCYsvAQ,kenosha-wisconsin,"['Burritos', 'Dinner', 'Mexican', 'Family Meals']",4.3,35,$,42.5761733,-87.88634789999999,+12629970052,53142,6430 Green Bay Road,Kenosha,WI,"[{'@type': 'OpeningHoursSpecification', 'dayOfWeek': ['Monday', 'Tuesday', 'Wednesday', 'Thursday', 'Friday', 'Saturday', 'Sunday'], 'opens': '10:30', 'closes': '21:30'}]","{'@type': 'PostalAddress', 'addressLocality': 'Kenosha', 'addressRegion': 'WI', 'postalCode': '53142', 'addressCountry': 'US', 'streetAddress': '6430 Green Bay Road'}","{'@type': 'GeoCoordinates', 'latitude': 42.5761733, 'longitude': -87.88634789999999}","{'@type': 'AggregateRating', 'ratingValue': 4.3, 'reviewCount': '35'}"
Chipotle Mexican Grill (9370 76Th St # B),https://www.ubereats.com/milwaukee/food-delivery/chipotle-mexican-grill-9370-76th-st-%23-b/RjPNZ41wQTKSdQVSq2tLiw,kenosha-wisconsin,"['Healthy', 'Mexican']",4.5,72,$,42.56589839999999,-87.92103139999999,+12626974071,53158,9370 76Th St # B,Pleasant Prairie,WI,"[{'@type': 'OpeningHoursSpecification', 'dayOfWeek': ['Monday', 'Tuesday', 'Wednesday', 'Thursday', 'Friday', 'Saturday', 'Sunday'], 'opens': '10:45', 'closes': '21:40'}]","{'@type': 'PostalAddress', 'addressLocality': 'Pleasant Prairie', 'addressRegion': 'WI', 'postalCode': '53158', 'addressCountry': 'US', 'streetAddress': '9370 76Th St # B'}","{'@type': 'GeoCoordinates', 'latitude': 42.56589839999999, 'longitude': -87.92103139999999}","{'@type': 'AggregateRating', 'ratingValue': 4.5, 'reviewCount': '72'}"
Spanky's Bar & Grill,https://www.ubereats.com/milwaukee/food-delivery/spankys-bar-%26-grill/gp9KSgKlT4Gx_feyypqG-A,kenosha-wisconsin,"['Burgers', 'American', 'Sandwiches', 'Wings']",,,$,42.587709,-87.83797609999999,+12626577883,53140,2325 52nd St,Kenosha,WI,"[{'@type': 'OpeningHoursSpecification', 'dayOfWeek': ['Monday', 'Tuesday', 'Wednesday', 'Thursday', 'Friday', 'Saturday', 'Sunday'], 'opens': '11:0', 'closes': '2:30'}]","{'@type': 'PostalAddress', 'addressLocality': 'Kenosha', 'addressRegion': 'WI', 'postalCode': '53140', 'addressCountry': 'US', 'streetAddress': '2325 52nd St'}","{'@type': 'GeoCoordinates', 'latitude': 42.587709, 'longitude': -87.83797609999999}",{}
Noodles & Company (6320 Green Bay Rd),https://www.ubereats.com/milwaukee/food-delivery/noodles-%26-company-6320-green-bay-rd/ScYSJqS8QxCvmMmcnkoLEg,kenosha-wisconsin,"['Healthy', 'Pasta', 'Comfort Food', 'American', 'Italian', 'Chinese', 'Noodles']",,,$,42.5769734,-87.8861562,+12627710771,53142,6320 Green Bay Rd,Kenosha,WI,"[{'@type': 'OpeningHoursSpecification', 'dayOfWeek': ['Monday', 'Tuesday', 'Wednesday', 'Thursday', 'Friday', 'Saturday', 'Sunday'], 'opens': '11:0', 'closes': '19:45'}]","{'@type': 'PostalAddress', 'addressLocality': 'Kenosha', 'addressRegion': 'WI', 'postalCode': '53142', 'addressCountry': 'US', 'streetAddress': '6320 Green Bay Rd'}","{'@type': 'GeoCoordinates', 'latitude': 42.5769734, 'longitude': -87.8861562}",{}
HuHot Mongolian Grill (7214 Green Bay Rd Ste 100),https://www.ubereats.com/milwaukee/food-delivery/huhot-mongolian-grill-7214-green-bay-rd-ste-100/wYn5-sr3RJiDV0adBevI9g,kenosha-wisconsin,"['Mongolian', 'Asian', 'Asian Fusion']",,,$,42.569157,-87.88772809999999,+12626978522,53142,7214 Green Bay Rd,Kenosha,WI,"[{'@type': 'OpeningHoursSpecification', 'dayOfWeek': 'Sunday', 'opens': '11:0', 'closes': '19:45'}, {'@type': 'OpeningHoursSpecification', 'dayOfWeek': 'Sunday', 'opens': '11:0', 'closes': '19:45'}, {'@type': 'OpeningHoursSpecification', 'dayOfWeek': ['Monday', 'Tuesday'], 'opens': '11:0', 'closes': '19:45'}, {'@type': 'OpeningHoursSpecification', 'dayOfWeek': ['Wednesday', 'Thursday'], 'opens': '11:0', 'closes': '19:45'}, {'@type': 'OpeningHoursSpecification', 'dayOfWeek': ['Wednesday', 'Thursday'], 'opens': '11:0', 'closes': '19:45'}, {'@type': 'OpeningHoursSpecification', 'dayOfWeek': ['Friday', 'Saturday'], 'opens': '11:0', 'closes': '19:45'}, {'@type': 'OpeningHoursSpecification', 'dayOfWeek': ['Friday', 'Saturday'], 'opens': '11:0', 'closes': '20:45'}]","{'@type': 'PostalAddress', 'addressLocality': 'Kenosha', 'addressRegion': 'WI', 'postalCode': '53142', 'addressCountry': 'US', 'streetAddress': '7214 Green Bay Rd'}","{'@type': 'GeoCoordinates', 'latitude': 42.569157, 'longitude': -87.88772809999999}",{}
De La Rosa Taqueria Restaurant,https://www.ubereats.com/milwaukee/food-delivery/de-la-rosa-taqueria-restaurant/XAqtigo0RCmHLg9Nh48FbQ,kenosha-wisconsin,"['Steak', 'Chicken', 'Vegan']",,,$,42.5883937,-87.82256369999999,+12627442757,53140,5145 sheridan rd,Kenosha,WI,"[{'@type': 'OpeningHoursSpecification', 'dayOfWeek': ['Monday', 'Tuesday', 'Wednesday', 'Thursday'], 'opens': '0:0', 'closes': '1:0'}, {'@type': 'OpeningHoursSpecification', 'dayOfWeek': ['Monday', 'Tuesday', 'Wednesday', 'Thursday'], 'opens': '11:0', 'closes': '23:59'}, {'@type': 'OpeningHoursSpecification', 'dayOfWeek': ['Friday', 'Saturday'], 'opens': '0:0', 'closes': '16:0'}, {'@type': 'OpeningHoursSpecification', 'dayOfWeek': ['Friday', 'Saturday'], 'opens': '11:0', 'closes': '23:59'}]","{'@type': 'PostalAddress', 'addressLocality': 'Kenosha', 'addressRegion': 'WI', 'postalCode': '53140', 'addressCountry': 'US', 'streetAddress': '5145 sheridan rd'}","{'@type': 'GeoCoordinates', 'latitude': 42.5883937, 'longitude': -87.82256369999999}",{}
MOD Pizza (Pleasant Prairie),https://www.ubereats.com/milwaukee/food-delivery/mod-pizza-pleasant-prairie/cPQ-g0fQQ3aSJBHscFJxgw,kenosha-wisconsin,"['Pizza', 'Desserts', 'Salads', 'American', 'Healthy', 'Vegetarian Friendly', 'Kids Friendly']",4.5,32,$,42.56585839999999,-87.9199016,+12624844060,53158,9250 76th St,Pleasant Prairie,WI,"[{'@type': 'OpeningHoursSpecification', 'dayOfWeek': ['Monday', 'Tuesday', 'Wednesday', 'Thursday', 'Friday', 'Saturday', 'Sunday'], 'opens': '10:30', 'closes': '21:40'}]","{'@type': 'PostalAddress', 'addressLocality': 'Pleasant Prairie', 'addressRegion': 'WI', 'postalCode': '53158', 'addressCountry': 'US', 'streetAddress': '9250 76th St'}","{'@type': 'GeoCoordinates', 'latitude': 42.56585839999999, 'longitude': -87.9199016}","{'@type': 'AggregateRating', 'ratingValue': 4.5, 'reviewCount': '32'}"
Papa John's (2304 18Th Street),https://www.ubereats.com/milwaukee/food-delivery/papa-johns-2304-18th-street/QSbht3LcTCqPo6ZvzLGdbQ,kenosha-wisconsin,"['Desserts', 'PIzza', 'Wings']",4.9,16,$$,42.6247139,-87.8371318,+12625517573,53140,2304 18Th Street,Kenosha,WI,"[{'@type': 'OpeningHoursSpecification', 'dayOfWeek': ['Monday', 'Tuesday', 'Wednesday', 'Thursday', 'Friday', 'Saturday', 'Sunday'], 'opens': '10:0', 'closes': '21:40'}]","{'@type': 'PostalAddress', 'addressLocality': 'Kenosha', 'addressRegion': 'WI', 'postalCode': '53140', 'addressCountry': 'US', 'streetAddress': '2304 18Th Street'}","{'@type': 'GeoCoordinates', 'latitude': 42.6247139, 'longitude': -87.8371318}","{'@type': 'AggregateRating', 'ratingValue': 4.9, 'reviewCount': '16'}"
Jersey Mike’s Subs (2860 S Green Bay Rd),https://www.ubereats.com/milwaukee/food-delivery/jersey-mikes-subs-2860-s-green-bay-rd/hgZvdyj3RUWqxVF1skojqw,kenosha-wisconsin,"['Sandwich', 'American', 'Fast Food']",3.8,10,$,42.6980463,-87.8548679,+12624567800,53406,2860 S Green Bay Rd,Mount Pleasant,WI,"[{'@type': 'OpeningHoursSpecification', 'dayOfWeek': ['Monday', 'Tuesday', 'Wednesday', 'Thursday', 'Friday', 'Saturday', 'Sunday'], 'opens': '10:0', 'closes': '20:30'}]","{'@type': 'PostalAddress', 'addressLocality': 'Mount Pleasant', 'addressRegion': 'WI', 'postalCode': '53406', 'addressCountry': 'US', 'streetAddress': '2860 S Green Bay Rd'}","{'@type': 'GeoCoordinates', 'latitude': 42.6980463, 'longitude': -87.8548679}","{'@type': 'AggregateRating', 'ratingValue': 3.8, 'reviewCount': '10'}"
KFC (8026 - 39th Avenue),https://www.ubereats.com/milwaukee/food-delivery/kfc-8026-39th-avenue/wtrRKS1PQZOiM4Ck7dMs-g,kenosha-wisconsin,"['American', 'Fast Food', 'wings']",,,$,42.55809149999999,-87.8554934,+12626979109,53142,8026 - 39th Avenue,Kenosha,WI,"[{'@type': 'OpeningHoursSpecification', 'dayOfWeek': ['Monday', 'Tuesday', 'Wednesday', 'Thursday', 'Friday', 'Saturday', 'Sunday'], 'opens': '10:30', 'closes': '21:30'}]","{'@type': 'PostalAddress', 'addressLocality': 'Kenosha', 'addressRegion': 'WI', 'postalCode': '53142', 'addressCountry': 'US', 'streetAddress': '8026 - 39th Avenue'}","{'@type': 'GeoCoordinates', 'latitude': 42.55809149999999, 'longitude': -87.8554934}",{}
Applebee's (6950 75th Street),https://www.ubereats.com/milwaukee/food-delivery/applebees-6950-75th-street/NlIBvPoJQnSViKpQ5TZQfQ,kenosha-wisconsin,"['Traditional American', 'Burgers', 'Wings']",3.3,28,$,42.56742759999999,-87.89166329999999,+12629427190,53142,6950 75th Street,Kenosha,WI,"[{'@type': 'OpeningHoursSpecification', 'dayOfWeek': ['Sunday', 'Monday', 'Tuesday', 'Wednesday', 'Thursday'], 'opens': '11:0', 'closes': '21:30'}, {'@type': 'OpeningHoursSpecification', 'dayOfWeek': ['Friday', 'Saturday'], 'opens': '11:0', 'closes': '23:29'}]","{'@type': 'PostalAddress', 'addressLocality': 'Kenosha', 'addressRegion': 'WI', 'postalCode': '53142', 'addressCountry': 'US', 'streetAddress': '6950 75th Street'}","{'@type': 'GeoCoordinates', 'latitude': 42.56742759999999, 'longitude': -87.89166329999999}","{'@type': 'AggregateRating', 'ratingValue': 3.3, 'reviewCount': '28'}"
Scoops Ice Cream & Candy,https://www.ubereats.com/milwaukee/food-delivery/scoops-ice-cream-%26-candy/PAodVG5aRju1lAhlKDPgQg,kenosha-wisconsin,"['Desserts', 'Ice Cream and Frozen Yogurt']",,,$,42.5835345,-87.82052879999999,+12626579866,53140,5711 8th Ave,Kenosha,WI,"[{'@type': 'OpeningHoursSpecification', 'dayOfWeek': 'Sunday', 'opens': '14:0', 'closes': '20:0'}, {'@type': 'OpeningHoursSpecification', 'dayOfWeek': 'Sunday', 'opens': '13:0', 'closes': '20:0'}, {'@type': 'OpeningHoursSpecification', 'dayOfWeek': ['Monday', 'Tuesday', 'Wednesday', 'Thursday', 'Friday'], 'opens': '14:0', 'closes': '20:0'}, {'@type': 'OpeningHoursSpecification', 'dayOfWeek': 'Saturday', 'opens': '14:0', 'closes': '20:0'}, {'@type': 'OpeningHoursSpecification', 'dayOfWeek': 'Saturday', 'opens': '13:0', 'closes': '20:0'}]","{'@type': 'PostalAddress', 'addressLocality': 'Kenosha', 'addressRegion': 'WI', 'postalCode': '53140', 'addressCountry': 'US', 'streetAddress': '5711 8th Ave'}","{'@type': 'GeoCoordinates', 'latitude': 42.5835345, 'longitude': -87.82052879999999}",{}
La Michoacana Ice Cream Shop,https://www.ubereats.com/milwaukee/food-delivery/la-michoacana-ice-cream-shop/EounxM6HSXak4iVTuWR-Rw,kenosha-wisconsin,"['Juice and Smoothies', 'Ice Cream and Frozen Yogurt', 'Desserts']",,,$,42.5882355,-87.8507697,+12626573140,53144,3444 52nd Street,Kenosha,WI,"[{'@type': 'OpeningHoursSpecification', 'dayOfWeek': ['Monday', 'Tuesday', 'Wednesday', 'Thursday', 'Friday', 'Saturday', 'Sunday'], 'opens': '8:0', 'closes': '22:0'}]","{'@type': 'PostalAddress', 'addressLocality': 'Kenosha', 'addressRegion': 'WI', 'postalCode': '53144', 'addressCountry': 'US', 'streetAddress': '3444 52nd Street'}","{'@type': 'GeoCoordinates', 'latitude': 42.5882355, 'longitude': -87.8507697}",{}
Gus's Gyros,https://www.ubereats.com/milwaukee/food-delivery/guss-gyros/UOA_DkwESki5gOvYAmC4VA,kenosha-wisconsin,"['Burgers', 'American', 'Sandwiches']",4.5,31,$,42.7480054,-87.79877069999999,+12628981085,53402,2100 Douglas Ave,Racine,WI,"[{'@type': 'OpeningHoursSpecification', 'dayOfWeek': 'Sunday', 'opens': '11:0', 'closes': '20:0'}, {'@type': 'OpeningHoursSpecification', 'dayOfWeek': ['Monday', 'Tuesday', 'Wednesday', 'Thursday'], 'opens': '11:0', 'closes': '21:0'}, {'@type': 'OpeningHoursSpecification', 'dayOfWeek': 'Friday', 'opens': '11:0', 'closes': '22:0'}, {'@type': 'OpeningHoursSpecification', 'dayOfWeek': 'Saturday', 'opens': '11:0', 'closes': '22:0'}, {'@type': 'OpeningHoursSpecification', 'dayOfWeek': 'Saturday', 'opens': '11:0', 'closes': '22:0'}]","{'@type': 'PostalAddress', 'addressLocality': 'Racine', 'addressRegion': 'WI', 'postalCode': '53402', 'addressCountry': 'US', 'streetAddress': '2100 Douglas Ave'}","{'@type': 'GeoCoordinates', 'latitude': 42.7480054, 'longitude': -87.79877069999999}","{'@type': 'AggregateRating', 'ratingValue': 4.5, 'reviewCount': '31'}"
Super Steaks & Lemonade,https://www.ubereats.com/milwaukee/food-delivery/super-steaks-%26-lemonade/9_mdEnorSTS-hjgz459iXw,kenosha-wisconsin,"['Wings', 'Sandwich', 'Desserts', 'Family Meals']",4.4,49,$,42.712216,-87.8053601,+12626341800,53403,1601 Taylor Ave,Racine,WI,"[{'@type': 'OpeningHoursSpecification', 'dayOfWeek': 'Sunday', 'opens': '11:0', 'closes': '21:30'}, {'@type': 'OpeningHoursSpecification', 'dayOfWeek': ['Monday', 'Tuesday', 'Wednesday', 'Thursday'], 'opens': '10:0', 'closes': '22:30'}, {'@type': 'OpeningHoursSpecification', 'dayOfWeek': ['Friday', 'Saturday'], 'opens': '10:0', 'closes': '23:30'}]","{'@type': 'PostalAddress', 'addressLocality': 'Racine', 'addressRegion': 'WI', 'postalCode': '53403', 'addressCountry': 'US', 'streetAddress': '1601 Taylor Ave'}","{'@type': 'GeoCoordinates', 'latitude': 42.712216, 'longitude': -87.8053601}","{'@type': 'AggregateRating', 'ratingValue': 4.4, 'reviewCount': '49'}"
Golden Corral (6208 75Th Street),https://www.ubereats.com/milwaukee/food-delivery/golden-corral-6208-75th-street/Q2HjCF9GQ2K4SEiCbAM7RA,kenosha-wisconsin,"['American', 'Comfort Food', 'Seafood']",,,$,42.5674287,-87.88324229999999,+12629429396,53142,6208 75th St,Kenosha,WI,"[{'@type': 'OpeningHoursSpecification', 'dayOfWeek': ['Monday', 'Tuesday', 'Wednesday', 'Thursday', 'Friday', 'Saturday', 'Sunday'], 'opens': '11:0', 'closes': '19:0'}]","{'@type': 'PostalAddress', 'addressLocality': 'Kenosha', 'addressRegion': 'WI', 'postalCode': '53142', 'addressCountry': 'US', 'streetAddress': '6208 75th St'}","{'@type': 'GeoCoordinates', 'latitude': 42.5674287, 'longitude': -87.88324229999999}",{}
El Sarape Mexican Restaurant,https://www.ubereats.com/milwaukee/food-delivery/el-sarape-mexican-restaurant/KzPPVsGsQH-494LO1_PQBg,kenosha-wisconsin,['Mexican'],4.8,95,$,42.5670405,-87.87879439999999,+12626977212,53142,5836 75th St,Kenosha,WI,"[{'@type': 'OpeningHoursSpecification', 'dayOfWeek': ['Sunday', 'Monday', 'Tuesday', 'Wednesday', 'Thursday'], 'opens': '11:0', 'closes': '20:30'}, {'@type': 'OpeningHoursSpecification', 'dayOfWeek': ['Friday', 'Saturday'], 'opens': '11:0', 'closes': '21:30'}]","{'@type': 'PostalAddress', 'addressLocality': 'Kenosha', 'addressRegion': 'WI', 'postalCode': '53142', 'addressCountry': 'US', 'streetAddress': '5836 75th St'}","{'@type': 'GeoCoordinates', 'latitude': 42.5670405, 'longitude': -87.87879439999999}","{'@type': 'AggregateRating', 'ratingValue': 4.8, 'reviewCount': '95'}"
Qdoba (6035 W. Durand Avenue),https://www.ubereats.com/milwaukee/food-delivery/qdoba-6035-w-durand-avenue/m7XzQFdeSz29SIroOlv9sg,kenosha-wisconsin,"['Burritos', 'Dinner', 'Mexican', 'Family Meals']",4.6,42,$,42.6968101,-87.85367099999999,+12625989277,53406,6035 W. Durand Avenue,Racine,WI,"[{'@type': 'OpeningHoursSpecification', 'dayOfWeek': ['Monday', 'Tuesday', 'Wednesday', 'Thursday', 'Friday', 'Saturday', 'Sunday'], 'opens': '10:30', 'closes': '21:30'}]","{'@type': 'PostalAddress', 'addressLocality': 'Racine', 'addressRegion': 'WI', 'postalCode': '53406', 'addressCountry': 'US', 'streetAddress': '6035 W. Durand Avenue'}","{'@type': 'GeoCoordinates', 'latitude': 42.6968101, 'longitude': -87.85367099999999}","{'@type': 'AggregateRating', 'ratingValue': 4.6, 'reviewCount': '42'}"
KFC (2090 S. Green Bay Road),https://www.ubereats.com/milwaukee/food-delivery/kfc-2090-s-green-bay-road/MM4vw5RkRKqs60-_bv3sXA,kenosha-wisconsin,"['American', 'Fast Food', 'wings']",4.3,37,$,42.7055338,-87.85209789999999,+12625544600,53406,2090 S. Green Bay Road,Racine,WI,"[{'@type': 'OpeningHoursSpecification', 'dayOfWeek': ['Monday', 'Tuesday', 'Wednesday', 'Thursday', 'Friday', 'Saturday', 'Sunday'], 'opens': '11:0', 'closes': '20:30'}]","{'@type': 'PostalAddress', 'addressLocality': 'Racine', 'addressRegion': 'WI', 'postalCode': '53406', 'addressCountry': 'US', 'streetAddress': '2090 S. Green Bay Road'}","{'@type': 'GeoCoordinates', 'latitude': 42.7055338, 'longitude': -87.85209789999999}","{'@type': 'AggregateRating', 'ratingValue': 4.3, 'reviewCount': '37'}"
Dickey’s BBQ Pit (11880 74th Place Ste. C),https://www.ubereats.com/milwaukee/food-delivery/dickeys-bbq-pit-11880-74th-place-ste-c/bWZx0egPQfuX0O8MCwWSAw,kenosha-wisconsin,"['BBQ', 'American', 'Wings', 'Sandwich', 'Family Meals']",4.4,54,$$,42.56909810000001,-87.9517734,+12622879889,53142,11880 74th Place Ste. C,Kenosha,WI,"[{'@type': 'OpeningHoursSpecification', 'dayOfWeek': ['Monday', 'Tuesday', 'Wednesday', 'Thursday', 'Friday', 'Saturday', 'Sunday'], 'opens': '11:0', 'closes': '21:0'}]","{'@type': 'PostalAddress', 'addressLocality': 'Kenosha', 'addressRegion': 'WI', 'postalCode': '53142', 'addressCountry': 'US', 'streetAddress': '11880 74th Place Ste. C'}","{'@type': 'GeoCoordinates', 'latitude': 42.56909810000001, 'longitude': -87.9517734}","{'@type': 'AggregateRating', 'ratingValue': 4.4, 'reviewCount': '54'}"
Buffalo Wild Wings (7114 118th Ave),https://www.ubereats.com/milwaukee/food-delivery/buffalo-wild-wings-7114-118th-ave/cOQynP9OSQanSvOEDG_WjQ,kenosha-wisconsin,"['wings', 'American', 'New American']",4.1,13,$$,42.5709121,-87.9508645,+12628579992,53142,7114 118th Ave,Kenosha,WI,"[{'@type': 'OpeningHoursSpecification', 'dayOfWeek': ['Sunday', 'Monday', 'Tuesday', 'Wednesday', 'Thursday'], 'opens': '11:0', 'closes': '22:0'}, {'@type': 'OpeningHoursSpecification', 'dayOfWeek': ['Friday', 'Saturday'], 'opens': '11:0', 'closes': '23:0'}]","{'@type': 'PostalAddress', 'addressLocality': 'Kenosha', 'addressRegion': 'WI', 'postalCode': '53142', 'addressCountry': 'US', 'streetAddress': '7114 118th Ave'}","{'@type': 'GeoCoordinates', 'latitude': 42.5709121, 'longitude': -87.9508645}","{'@type': 'AggregateRating', 'ratingValue': 4.1, 'reviewCount': '13'}"
Taco Bell (7020 Green Bay Road),https://www.ubereats.com/milwaukee/food-delivery/taco-bell-7020-green-bay-road/Rps0XBz4SLmgTmII4Jq92A,kenosha-wisconsin,"['Burritos', 'Fast Food', 'Mexican']",4.0,50,$,42.5714632,-87.8870022,+12629427024,53142,7020 Green Bay Rd,Kenosha,WI,"[{'@type': 'OpeningHoursSpecification', 'dayOfWeek': ['Sunday', 'Monday', 'Tuesday', 'Wednesday', 'Thursday'], 'opens': '14:0', 'closes': '17:0'}, {'@type': 'OpeningHoursSpecification', 'dayOfWeek': ['Sunday', 'Monday', 'Tuesday', 'Wednesday', 'Thursday'], 'opens': '9:0', 'closes': '1:30'}, {'@type': 'OpeningHoursSpecification', 'dayOfWeek': ['Sunday', 'Monday', 'Tuesday', 'Wednesday', 'Thursday'], 'opens': '7:0', 'closes': '10:30'}, {'@type': 'OpeningHoursSpecification', 'dayOfWeek': ['Friday', 'Saturday'], 'opens': '14:0', 'closes': '17:0'}, {'@type': 'OpeningHoursSpecification', 'dayOfWeek': ['Friday', 'Saturday'], 'opens': '7:0', 'closes': '10:30'}, {'@type': 'OpeningHoursSpecification', 'dayOfWeek': ['Friday', 'Saturday'], 'opens': '9:0', 'closes': '3:0'}]","{'@type': 'PostalAddress', 'addressLocality': 'Kenosha', 'addressRegion': 'WI', 'postalCode': '53142', 'addressCountry': 'US', 'streetAddress': '7020 Green Bay Rd'}","{'@type': 'GeoCoordinates', 'latitude': 42.5714632, 'longitude': -87.8870022}","{'@type': 'AggregateRating', 'ratingValue': 4, 'reviewCount': '50'}"
Los Cantaritos Authentic Mexican Restaurant,https://www.ubereats.com/milwaukee/food-delivery/los-cantaritos-authentic-mexican-restaurant/Y_ydjT59Rg-dINojcu5JMg,kenosha-wisconsin,"['Mexican', 'Latin American', 'New Mexican', 'Family Meals']",4.1,22,$,42.5880175,-87.8585434,+12626526749,53144,4031 52nd St,Kenosha,WI,"[{'@type': 'OpeningHoursSpecification', 'dayOfWeek': ['Sunday', 'Monday'], 'opens': '11:0', 'closes': '17:0'}, {'@type': 'OpeningHoursSpecification', 'dayOfWeek': ['Sunday', 'Monday'], 'opens': '10:0', 'closes': '21:0'}, {'@type': 'OpeningHoursSpecification', 'dayOfWeek': ['Wednesday', 'Thursday'], 'opens': '11:0', 'closes': '17:0'}, {'@type': 'OpeningHoursSpecification', 'dayOfWeek': ['Wednesday', 'Thursday'], 'opens': '10:0', 'closes': '21:0'}, {'@type': 'OpeningHoursSpecification', 'dayOfWeek': ['Friday', 'Saturday'], 'opens': '11:0', 'closes': '17:0'}, {'@type': 'OpeningHoursSpecification', 'dayOfWeek': ['Friday', 'Saturday'], 'opens': '10:0', 'closes': '22:0'}]","{'@type': 'PostalAddress', 'addressLocality': 'Kenosha', 'addressRegion': 'WI', 'postalCode': '53144', 'addressCountry': 'US', 'streetAddress': '4031 52nd St'}","{'@type': 'GeoCoordinates', 'latitude': 42.5880175, 'longitude': -87.8585434}","{'@type': 'AggregateRating', 'ratingValue': 4.1, 'reviewCount': '22'}"
Red Lobster (2800 S Green Bay Rd),https://www.ubereats.com/milwaukee/food-delivery/red-lobster-2800-s-green-bay-rd/69OE8tqwSMWo0Ggcb3rOoQ,kenosha-wisconsin,"['Seafood', 'American', 'Family Meals']",4.2,20,$$,42.6989235,-87.8544,+12625989184,53406,2800 S Green Bay Rd,Mount Pleasant,WI,"[{'@type': 'OpeningHoursSpecification', 'dayOfWeek': ['Sunday', 'Monday', 'Tuesday', 'Wednesday', 'Thursday'], 'opens': '11:30', 'closes': '20:0'}, {'@type': 'OpeningHoursSpecification', 'dayOfWeek': ['Friday', 'Saturday'], 'opens': '11:30', 'closes': '21:0'}]","{'@type': 'PostalAddress', 'addressLocality': 'Mount Pleasant', 'addressRegion': 'WI', 'postalCode': '53406', 'addressCountry': 'US', 'streetAddress': '2800 S Green Bay Rd'}","{'@type': 'GeoCoordinates', 'latitude': 42.6989235, 'longitude': -87.8544}","{'@type': 'AggregateRating', 'ratingValue': 4.2, 'reviewCount': '20'}"
Dairy Queen - Treat (2707 22nd Ave),https://www.ubereats.com/milwaukee/food-delivery/dairy-queen-treat-2707-22nd-ave/TztLCN4QThyVu-aT3NB9Mw,kenosha-wisconsin,"['American', 'Fast Food', 'Ice Cream & Frozen Yogurt', 'Burgers']",4.7,40,$,42.61304269999999,-87.83561569999999,+12626526524,53140,2707 22nd Ave,Kenosha,WI,"[{'@type': 'OpeningHoursSpecification', 'dayOfWeek': 'Sunday', 'opens': '10:0', 'closes': '22:0'}, {'@type': 'OpeningHoursSpecification', 'dayOfWeek': 'Sunday', 'opens': '10:0', 'closes': '22:0'}, {'@type': 'OpeningHoursSpecification', 'dayOfWeek': ['Monday', 'Tuesday', 'Wednesday'], 'opens': '10:0', 'closes': '22:0'}, {'@type': 'OpeningHoursSpecification', 'dayOfWeek': ['Thursday', 'Friday', 'Saturday'], 'opens': '10:0', 'closes': '22:0'}, {'@type': 'OpeningHoursSpecification', 'dayOfWeek': ['Thursday', 'Friday', 'Saturday'], 'opens': '10:0', 'closes': '22:0'}]","{'@type': 'PostalAddress', 'addressLocality': 'Kenosha', 'addressRegion': 'WI', 'postalCode': '53140', 'addressCountry': 'US', 'streetAddress': '2707 22nd Ave'}","{'@type': 'GeoCoordinates', 'latitude': 42.61304269999999, 'longitude': -87.83561569999999}","{'@type': 'AggregateRating', 'ratingValue': 4.7, 'reviewCount': '40'}"
Panda Express (5417 Washington Ave),https://www.ubereats.com/milwaukee/food-delivery/panda-express-5417-washington-ave/ydh_UXSpSBynPQT_4N1nvQ,kenosha-wisconsin,"['Chinese', 'Family Meals']",4.1,56,$,42.718457,-87.84503099999999,+12626323472,53406,5417 Washington Ave,Racine,WI,"[{'@type': 'OpeningHoursSpecification', 'dayOfWeek': 'Sunday', 'opens': '11:0', 'closes': '20:30'}, {'@type': 'OpeningHoursSpecification', 'dayOfWeek': ['Monday', 'Tuesday', 'Wednesday', 'Thursday'], 'opens': '10:30', 'closes': '20:30'}, {'@type': 'OpeningHoursSpecification', 'dayOfWeek': ['Friday', 'Saturday'], 'opens': '10:30', 'closes': '21:0'}]","{'@type': 'PostalAddress', 'addressLocality': 'Racine', 'addressRegion': 'WI', 'postalCode': '53406', 'addressCountry': 'US', 'streetAddress': '5417 Washington Ave'}","{'@type': 'GeoCoordinates', 'latitude': 42.718457, 'longitude': -87.84503099999999}","{'@type': 'AggregateRating', 'ratingValue': 4.1, 'reviewCount': '56'}"
Popeyes (5550 Durand Ave),https://www.ubereats.com/milwaukee/food-delivery/popeyes-5550-durand-ave/kEswiT0XR5awJrDgI5mISA,kenosha-wisconsin,"['American', 'Fast Food', 'Comfort Food', 'Family Meals']",4.4,26,$,42.6976375,-87.8468795,+12626726806,53406,5550 Durand Ave,Racine,WI,"[{'@type': 'OpeningHoursSpecification', 'dayOfWeek': ['Sunday', 'Monday', 'Tuesday', 'Wednesday', 'Thursday'], 'opens': '10:30', 'closes': '21:30'}, {'@type': 'OpeningHoursSpecification', 'dayOfWeek': ['Friday', 'Saturday'], 'opens': '10:30', 'closes': '22:30'}]","{'@type': 'PostalAddress', 'addressLocality': 'Racine', 'addressRegion': 'WI', 'postalCode': '53406', 'addressCountry': 'US', 'streetAddress': '5550 Durand Ave'}","{'@type': 'GeoCoordinates', 'latitude': 42.6976375, 'longitude': -87.8468795}","{'@type': 'AggregateRating', 'ratingValue': 4.4, 'reviewCount': '26'}"
McDonald's® (3926 52ND ST),https://www.ubereats.com/milwaukee/food-delivery/mcdonalds-3926-52nd-st/OfrYJpGZSmy5jCeB6JJ1MA,kenosha-wisconsin,"['American', 'Burgers', 'Fast Food', 'Fast Food']",4.2,73,$,42.588751,-87.856855,+12626583839,53144,3926 52ND ST,KENOSHA,WI,"[{'@type': 'OpeningHoursSpecification', 'dayOfWeek': ['Sunday', 'Monday', 'Tuesday'], 'opens': '4:0', 'closes': '10:59'}, {'@type': 'OpeningHoursSpecification', 'dayOfWeek': ['Sunday', 'Monday', 'Tuesday'], 'opens': '11:0', 'closes': '16:59'}, {'@type': 'OpeningHoursSpecification', 'dayOfWeek': ['Sunday', 'Monday', 'Tuesday'], 'opens': '17:0', 'closes': '3:59'}, {'@type': 'OpeningHoursSpecification', 'dayOfWeek': ['Wednesday', 'Thursday', 'Friday'], 'opens': '4:0', 'closes': '10:29'}, {'@type': 'OpeningHoursSpecification', 'dayOfWeek': ['Wednesday', 'Thursday', 'Friday'], 'opens': '10:30', 'closes': '16:59'}, {'@type': 'OpeningHoursSpecification', 'dayOfWeek': ['Wednesday', 'Thursday', 'Friday'], 'opens': '17:0', 'closes': '3:59'}, {'@type': 'OpeningHoursSpecification', 'dayOfWeek': 'Saturday', 'opens': '4:0', 'closes': '10:59'}, {'@type': 'OpeningHoursSpecification', 'dayOfWeek': 'Saturday', 'opens': '11:0', 'closes': '16:59'}, {'@type': 'OpeningHoursSpecification', 'dayOfWeek': 'Saturday', 'opens': '17:0', 'closes': '3:59'}]","{'@type': 'PostalAddress', 'addressLocality': 'KENOSHA', 'addressRegion': 'WI', 'postalCode': '53144', 'addressCountry': 'US', 'streetAddress': '3926 52ND ST'}","{'@type': 'GeoCoordinates', 'latitude': 42.588751, 'longitude': -87.856855}","{'@type': 'AggregateRating', 'ratingValue': 4.2, 'reviewCount': '73'}"
Cousin's Subs (6100 Regency West Dr.),https://www.ubereats.com/milwaukee/food-delivery/cousins-subs-6100-regency-west-dr/AhB7-0D9QFynmArDvKkFmQ,kenosha-wisconsin,"['Sandwiches', 'American', 'Healthy']",,,$,42.70225479999999,-87.85392039999999,+12625541700,53406,6100 Regency West Dr.,Racine,WI,"[{'@type': 'OpeningHoursSpecification', 'dayOfWeek': ['Sunday', 'Monday', 'Tuesday', 'Wednesday', 'Thursday'], 'opens': '10:0', 'closes': '21:0'}, {'@type': 'OpeningHoursSpecification', 'dayOfWeek': ['Friday', 'Saturday'], 'opens': '10:0', 'closes': '22:0'}]","{'@type': 'PostalAddress', 'addressLocality': 'Racine', 'addressRegion': 'WI', 'postalCode': '53406', 'addressCountry': 'US', 'streetAddress': '6100 Regency West Dr.'}","{'@type': 'GeoCoordinates', 'latitude': 42.70225479999999, 'longitude': -87.85392039999999}",{}
Buffalo Wild Wings (5880 Durand Ave),https://www.ubereats.com/milwaukee/food-delivery/buffalo-wild-wings-5880-durand-ave/D-l3C7yETTWgho0Tp9aECw,kenosha-wisconsin,['wings'],4.3,53,$$,42.6977604,-87.8515094,+12625980960,53406,5880 Durand Ave,Racine,WI,"[{'@type': 'OpeningHoursSpecification', 'dayOfWeek': ['Sunday', 'Monday', 'Tuesday', 'Wednesday', 'Thursday'], 'opens': '11:0', 'closes': '22:0'}, {'@type': 'OpeningHoursSpecification', 'dayOfWeek': ['Friday', 'Saturday'], 'opens': '11:0', 'closes': '23:0'}]","{'@type': 'PostalAddress', 'addressLocality': 'Racine', 'addressRegion': 'WI', 'postalCode': '53406', 'addressCountry': 'US', 'streetAddress': '5880 Durand Ave'}","{'@type': 'GeoCoordinates', 'latitude': 42.6977604, 'longitude': -87.8515094}","{'@type': 'AggregateRating', 'ratingValue': 4.3, 'reviewCount': '53'}"
Robin's Nest Cakery,https://www.ubereats.com/milwaukee/food-delivery/robins-nest-cakery/7FXDhmvjRJGaSeW2YH9rAQ,kenosha-wisconsin,"['American', 'Breakfast and Brunch', 'Desserts']",,,$,42.5852139,-87.8183018,+12626521054,53140,5537 6th Ave,Kenosha,WI,"[{'@type': 'OpeningHoursSpecification', 'dayOfWeek': ['Tuesday', 'Wednesday', 'Thursday', 'Friday', 'Saturday'], 'opens': '11:0', 'closes': '4:0'}]","{'@type': 'PostalAddress', 'addressLocality': 'Kenosha', 'addressRegion': 'WI', 'postalCode': '53140', 'addressCountry': 'US', 'streetAddress': '5537 6th Ave'}","{'@type': 'GeoCoordinates', 'latitude': 42.5852139, 'longitude': -87.8183018}",{}
McDonald's® (7530 PERSHING BLVD),https://www.ubereats.com/milwaukee/food-delivery/mcdonalds-7530-pershing-blvd/tKtYwHn8TBScKqEMx1iTsg,kenosha-wisconsin,"['American', 'Burgers', 'Fast Food', 'Fast Food']",4.5,26,$,42.565359,-87.858313,+12626946768,53142,7530 PERSHING BLVD,KENOSHA,WI,"[{'@type': 'OpeningHoursSpecification', 'dayOfWeek': 'Sunday', 'opens': '4:0', 'closes': '10:59'}, {'@type': 'OpeningHoursSpecification', 'dayOfWeek': 'Sunday', 'opens': '11:0', 'closes': '16:59'}, {'@type': 'OpeningHoursSpecification', 'dayOfWeek': 'Sunday', 'opens': '17:0', 'closes': '22:45'}, {'@type': 'OpeningHoursSpecification', 'dayOfWeek': ['Monday', 'Tuesday', 'Wednesday', 'Thursday'], 'opens': '4:0', 'closes': '10:29'}, {'@type': 'OpeningHoursSpecification', 'dayOfWeek': ['Monday', 'Tuesday', 'Wednesday', 'Thursday'], 'opens': '10:30', 'closes': '16:59'}, {'@type': 'OpeningHoursSpecification', 'dayOfWeek': ['Monday', 'Tuesday', 'Wednesday', 'Thursday'], 'opens': '17:0', 'closes': '22:45'}, {'@type': 'OpeningHoursSpecification', 'dayOfWeek': 'Friday', 'opens': '4:0', 'closes': '10:29'}, {'@type': 'OpeningHoursSpecification', 'dayOfWeek': 'Friday', 'opens': '10:30', 'closes': '16:59'}, {'@type': 'OpeningHoursSpecification', 'dayOfWeek': 'Friday', 'opens': '17:0', 'closes': '23:45'}, {'@type': 'OpeningHoursSpecification', 'dayOfWeek': 'Saturday', 'opens': '4:0', 'closes': '10:59'}, {'@type': 'OpeningHoursSpecification', 'dayOfWeek': 'Saturday', 'opens': '11:0', 'closes': '16:59'}, {'@type': 'OpeningHoursSpecification', 'dayOfWeek': 'Saturday', 'opens': '17:0', 'closes': '23:45'}]","{'@type': 'PostalAddress', 'addressLocality': 'KENOSHA', 'addressRegion': 'WI', 'postalCode': '53142', 'addressCountry': 'US', 'streetAddress': '7530 PERSHING BLVD'}","{'@type': 'GeoCoordinates', 'latitude': 42.565359, 'longitude': -87.858313}","{'@type': 'AggregateRating', 'ratingValue': 4.5, 'reviewCount': '26'}"
Burger King (3007 80th Street),https://www.ubereats.com/milwaukee/food-delivery/burger-king-3007-80th-street/ogD5q_hqRvy1p7g_oKmx8w,kenosha-wisconsin,"['American', 'burger', 'Fast Food']",,,$,42.55830659999999,-87.8454981,+12626948558,53142,3007 80th Street,Kenosha,WI,"[{'@type': 'OpeningHoursSpecification', 'dayOfWeek': 'Sunday', 'opens': '7:30', 'closes': '10:29'}, {'@type': 'OpeningHoursSpecification', 'dayOfWeek': 'Sunday', 'opens': '10:30', 'closes': '21:30'}, {'@type': 'OpeningHoursSpecification', 'dayOfWeek': ['Monday', 'Tuesday', 'Wednesday', 'Thursday', 'Friday', 'Saturday'], 'opens': '6:30', 'closes': '10:29'}, {'@type': 'OpeningHoursSpecification', 'dayOfWeek': ['Monday', 'Tuesday', 'Wednesday', 'Thursday', 'Friday', 'Saturday'], 'opens': '10:30', 'closes': '21:30'}]","{'@type': 'PostalAddress', 'addressLocality': 'Kenosha', 'addressRegion': 'WI', 'postalCode': '53142', 'addressCountry': 'US', 'streetAddress': '3007 80th Street'}","{'@type': 'GeoCoordinates', 'latitude': 42.55830659999999, 'longitude': -87.8454981}",{}
Burger King (3527 Market Lane),https://www.ubereats.com/milwaukee/food-delivery/burger-king-3527-market-lane/UnvArvFbTMKvcF-80uWpwg,kenosha-wisconsin,"['American', 'burger', 'Fast Food']",,,$,42.6062169,-87.87871779999999,+12626539099,53144,3527 Market Lane,Kenosha,WI,"[{'@type': 'OpeningHoursSpecification', 'dayOfWeek': ['Monday', 'Tuesday', 'Wednesday', 'Thursday', 'Friday', 'Saturday', 'Sunday'], 'opens': '6:30', 'closes': '10:29'}, {'@type': 'OpeningHoursSpecification', 'dayOfWeek': ['Monday', 'Tuesday', 'Wednesday', 'Thursday', 'Friday', 'Saturday', 'Sunday'], 'opens': '10:30', 'closes': '21:30'}]","{'@type': 'PostalAddress', 'addressLocality': 'Kenosha', 'addressRegion': 'WI', 'postalCode': '53144', 'addressCountry': 'US', 'streetAddress': '3527 Market Lane'}","{'@type': 'GeoCoordinates', 'latitude': 42.6062169, 'longitude': -87.87871779999999}",{}
"Red Robin, 626 (6610 Greenbay Rd Suite #100)",https://www.ubereats.com/milwaukee/food-delivery/red-robin-626-6610-greenbay-rd-suite-%23100/gDcAUdoESD2UU7plRhyLNw,kenosha-wisconsin,"['American', 'burger']",4.2,54,$,42.5744979,-87.886808,+12626539844,53142,6610 Greenbay Rd Suite #100,Kenosha,WI,"[{'@type': 'OpeningHoursSpecification', 'dayOfWeek': ['Monday', 'Tuesday', 'Wednesday', 'Thursday', 'Friday', 'Saturday', 'Sunday'], 'opens': '11:0', 'closes': '20:30'}]","{'@type': 'PostalAddress', 'addressLocality': 'Kenosha', 'addressRegion': 'WI', 'postalCode': '53142', 'addressCountry': 'US', 'streetAddress': '6610 Greenbay Rd Suite #100'}","{'@type': 'GeoCoordinates', 'latitude': 42.5744979, 'longitude': -87.886808}","{'@type': 'AggregateRating', 'ratingValue': 4.2, 'reviewCount': '54'}"
KFC (3212 Douglas Avenue),https://www.ubereats.com/milwaukee/food-delivery/kfc-3212-douglas-avenue/8JG-gFGyQiyUISJCWsFQPQ,kenosha-wisconsin,"['American', 'Fast Food', 'wings']",4.1,27,$,42.7588021,-87.8013789,+12626396962,53402,3212 Douglas Avenue,Racine,WI,"[{'@type': 'OpeningHoursSpecification', 'dayOfWeek': ['Monday', 'Tuesday', 'Wednesday', 'Thursday', 'Friday', 'Saturday', 'Sunday'], 'opens': '11:0', 'closes': '20:30'}]","{'@type': 'PostalAddress', 'addressLocality': 'Racine', 'addressRegion': 'WI', 'postalCode': '53402', 'addressCountry': 'US', 'streetAddress': '3212 Douglas Avenue'}","{'@type': 'GeoCoordinates', 'latitude': 42.7588021, 'longitude': -87.8013789}","{'@type': 'AggregateRating', 'ratingValue': 4.1, 'reviewCount': '27'}"
Toppers Pizza - Kenosha,https://www.ubereats.com/milwaukee/food-delivery/toppers-pizza-kenosha/nwaCLsTFQhOXo7bWnUJ3og,kenosha-wisconsin,"['Pizza', 'Italian', 'Wings']",,,$,42.5672419,-87.8865871,+12626944100,53142,6500 75th St,Kenosha,WI,"[{'@type': 'OpeningHoursSpecification', 'dayOfWeek': ['Monday', 'Tuesday', 'Wednesday', 'Thursday', 'Friday', 'Saturday', 'Sunday'], 'opens': '0:0', 'closes': '2:30'}, {'@type': 'OpeningHoursSpecification', 'dayOfWeek': ['Monday', 'Tuesday', 'Wednesday', 'Thursday', 'Friday', 'Saturday', 'Sunday'], 'opens': '10:0', 'closes': '23:59'}]","{'@type': 'PostalAddress', 'addressLocality': 'Kenosha', 'addressRegion': 'WI', 'postalCode': '53142', 'addressCountry': 'US', 'streetAddress': '6500 75th St'}","{'@type': 'GeoCoordinates', 'latitude': 42.5672419, 'longitude': -87.8865871}",{}
Dairy Queen Grill & Chill (11800 Burlington Rd),https://www.ubereats.com/milwaukee/food-delivery/dairy-queen-grill-%26-chill-11800-burlington-rd/tGsBFOvWRSim9DeuGAKViw,kenosha-wisconsin,"['American', 'Fast Food', 'Ice Cream & Frozen Yogurt', 'Desserts', 'Burgers']",4.6,16,$,42.61512339999999,-87.9497787,+12628545072,53144,11800 Burlington Rd,Kenosha,WI,"[{'@type': 'OpeningHoursSpecification', 'dayOfWeek': ['Monday', 'Tuesday', 'Wednesday', 'Thursday', 'Friday', 'Saturday', 'Sunday'], 'opens': '10:0', 'closes': '23:30'}]","{'@type': 'PostalAddress', 'addressLocality': 'Kenosha', 'addressRegion': 'WI', 'postalCode': '53144', 'addressCountry': 'US', 'streetAddress': '11800 Burlington Rd'}","{'@type': 'GeoCoordinates', 'latitude': 42.61512339999999, 'longitude': -87.9497787}","{'@type': 'AggregateRating', 'ratingValue': 4.6, 'reviewCount': '16'}"
IHOP (5800 Durand Avenue),https://www.ubereats.com/milwaukee/food-delivery/ihop-5800-durand-avenue/UrN3KwsKShqjKMFbjRy1Zw,kenosha-wisconsin,"['American', 'Diner', 'Breakfast and Brunch', 'Family Meals']",4.7,41,$$,42.6976914,-87.8494285,+12624561879,53406,5800 Durand Avenue,Racine,WI,"[{'@type': 'OpeningHoursSpecification', 'dayOfWeek': ['Monday', 'Tuesday', 'Wednesday', 'Thursday', 'Friday', 'Saturday', 'Sunday'], 'opens': '6:0', 'closes': '21:50'}]","{'@type': 'PostalAddress', 'addressLocality': 'Racine', 'addressRegion': 'WI', 'postalCode': '53406', 'addressCountry': 'US', 'streetAddress': '5800 Durand Avenue'}","{'@type': 'GeoCoordinates', 'latitude': 42.6976914, 'longitude': -87.8494285}","{'@type': 'AggregateRating', 'ratingValue': 4.7, 'reviewCount': '41'}"
KFC (12303 W. 75th Street),https://www.ubereats.com/milwaukee/food-delivery/kfc-12303-w-75th-street/DbKXU1ROQJqsIUUkCPA14w,kenosha-wisconsin,"['American', 'Fast Food', 'wings']",,,$,42.56691829999999,-87.9565685,+12628579449,53142,12303 W. 75th Street,Kenosha,WI,"[{'@type': 'OpeningHoursSpecification', 'dayOfWeek': ['Monday', 'Tuesday', 'Wednesday', 'Thursday', 'Friday', 'Saturday', 'Sunday'], 'opens': '10:30', 'closes': '20:30'}]","{'@type': 'PostalAddress', 'addressLocality': 'Kenosha', 'addressRegion': 'WI', 'postalCode': '53142', 'addressCountry': 'US', 'streetAddress': '12303 W. 75th Street'}","{'@type': 'GeoCoordinates', 'latitude': 42.56691829999999, 'longitude': -87.9565685}",{}
Charcoal Grill & Rotisserie,https://www.ubereats.com/milwaukee/food-delivery/charcoal-grill-%26-rotisserie/buYp7KATQM6HqyctEuqQTw,kenosha-wisconsin,"['Burgers', 'American', 'Sandwiches']",,,$,42.56595859999999,-87.87789479999999,+12629429896,53142,5745 75th St,Kenosha,WI,"[{'@type': 'OpeningHoursSpecification', 'dayOfWeek': 'Sunday', 'opens': '12:0', 'closes': '19:30'}, {'@type': 'OpeningHoursSpecification', 'dayOfWeek': 'Sunday', 'opens': '11:0', 'closes': '20:45'}, {'@type': 'OpeningHoursSpecification', 'dayOfWeek': ['Monday', 'Tuesday', 'Wednesday', 'Thursday'], 'opens': '12:0', 'closes': '19:30'}, {'@type': 'OpeningHoursSpecification', 'dayOfWeek': 'Friday', 'opens': '12:0', 'closes': '19:30'}, {'@type': 'OpeningHoursSpecification', 'dayOfWeek': 'Friday', 'opens': '11:0', 'closes': '20:0'}, {'@type': 'OpeningHoursSpecification', 'dayOfWeek': 'Saturday', 'opens': '12:0', 'closes': '19:30'}]","{'@type': 'PostalAddress', 'addressLocality': 'Kenosha', 'addressRegion': 'WI', 'postalCode': '53142', 'addressCountry': 'US', 'streetAddress': '5745 75th St'}","{'@type': 'GeoCoordinates', 'latitude': 42.56595859999999, 'longitude': -87.87789479999999}",{}
Taco Bell (12120 75th St),https://www.ubereats.com/milwaukee/food-delivery/taco-bell-12120-75th-st/YCuxGoMjS2ipnT9zYZbsng,kenosha-wisconsin,"['Burritos', 'Fast Food', 'Mexican']",,,$,42.5678935,-87.9540548,+12622378786,53142,12120 75th St,Kenosha,WI,"[{'@type': 'OpeningHoursSpecification', 'dayOfWeek': ['Sunday', 'Monday', 'Tuesday', 'Wednesday', 'Thursday'], 'opens': '14:0', 'closes': '17:0'}, {'@type': 'OpeningHoursSpecification', 'dayOfWeek': ['Sunday', 'Monday', 'Tuesday', 'Wednesday', 'Thursday'], 'opens': '8:0', 'closes': '23:30'}, {'@type': 'OpeningHoursSpecification', 'dayOfWeek': ['Sunday', 'Monday', 'Tuesday', 'Wednesday', 'Thursday'], 'opens': '7:0', 'closes': '10:30'}, {'@type': 'OpeningHoursSpecification', 'dayOfWeek': ['Friday', 'Saturday'], 'opens': '14:0', 'closes': '17:0'}, {'@type': 'OpeningHoursSpecification', 'dayOfWeek': ['Friday', 'Saturday'], 'opens': '7:0', 'closes': '10:30'}, {'@type': 'OpeningHoursSpecification', 'dayOfWeek': ['Friday', 'Saturday'], 'opens': '8:0', 'closes': '1:30'}]","{'@type': 'PostalAddress', 'addressLocality': 'Kenosha', 'addressRegion': 'WI', 'postalCode': '53142', 'addressCountry': 'US', 'streetAddress': '12120 75th St'}","{'@type': 'GeoCoordinates', 'latitude': 42.5678935, 'longitude': -87.9540548}",{}
gyro grill,https://www.ubereats.com/milwaukee/food-delivery/gyro-grill/hS1pC4wWQo22B8ogK6qiVg,kenosha-wisconsin,"['Mediterranean', 'Greek', 'Vegetarian']",4.4,33,$,42.589467,-87.884152,+12626577200,53144,"6316 52nd St, c",Kenosha,WI,"[{'@type': 'OpeningHoursSpecification', 'dayOfWeek': 'Sunday', 'opens': '10:0', 'closes': '18:0'}, {'@type': 'OpeningHoursSpecification', 'dayOfWeek': ['Monday', 'Tuesday', 'Wednesday', 'Thursday', 'Friday', 'Saturday'], 'opens': '10:0', 'closes': '20:0'}]","{'@type': 'PostalAddress', 'addressLocality': 'Kenosha', 'addressRegion': 'WI', 'postalCode': '53144', 'addressCountry': 'US', 'streetAddress': '6316 52nd St, c'}","{'@type': 'GeoCoordinates', 'latitude': 42.589467, 'longitude': -87.884152}","{'@type': 'AggregateRating', 'ratingValue': 4.4, 'reviewCount': '33'}"
Subway (3931 52Nd St),https://www.ubereats.com/milwaukee/food-delivery/subway-3931-52nd-st/8eChFsV7T_iAL7G_UOQNCw,kenosha-wisconsin,"['Fast Food', 'Sandwich', 'American']",,,$,42.5876641,-87.8567032,+12626545933,53144,3931 52Nd St,Kenosha,WI,"[{'@type': 'OpeningHoursSpecification', 'dayOfWeek': 'Sunday', 'opens': '10:0', 'closes': '18:30'}, {'@type': 'OpeningHoursSpecification', 'dayOfWeek': ['Monday', 'Tuesday', 'Wednesday', 'Thursday', 'Friday'], 'opens': '9:0', 'closes': '20:0'}, {'@type': 'OpeningHoursSpecification', 'dayOfWeek': 'Saturday', 'opens': '10:0', 'closes': '18:30'}]","{'@type': 'PostalAddress', 'addressLocality': 'Kenosha', 'addressRegion': 'WI', 'postalCode': '53144', 'addressCountry': 'US', 'streetAddress': '3931 52Nd St'}","{'@type': 'GeoCoordinates', 'latitude': 42.5876641, 'longitude': -87.8567032}",{}
Marco’s Pizza (2931 75Th St Ste 102),https://www.ubereats.com/milwaukee/food-delivery/marcos-pizza-2931-75th-st-ste-102/ny8zokfgQvycNtghyuDfsg,kenosha-wisconsin,"['pizza', 'Sandwich', 'American']",4.9,12,$,42.565562,-87.8445771,+12626972233,53143,2931 75th St,Kenosha,WI,"[{'@type': 'OpeningHoursSpecification', 'dayOfWeek': ['Sunday', 'Monday', 'Tuesday', 'Wednesday', 'Thursday'], 'opens': '11:0', 'closes': '22:0'}, {'@type': 'OpeningHoursSpecification', 'dayOfWeek': ['Friday', 'Saturday'], 'opens': '11:0', 'closes': '23:0'}]","{'@type': 'PostalAddress', 'addressLocality': 'Kenosha', 'addressRegion': 'WI', 'postalCode': '53143', 'addressCountry': 'US', 'streetAddress': '2931 75th St'}","{'@type': 'GeoCoordinates', 'latitude': 42.565562, 'longitude': -87.8445771}","{'@type': 'AggregateRating', 'ratingValue': 4.9, 'reviewCount': '12'}"
Dairy Queen - Treat (4612 75th St),https://www.ubereats.com/milwaukee/food-delivery/dairy-queen-treat-4612-75th-st/EyMx0SbqTsq1DRXojve6GQ,kenosha-wisconsin,"['Ice Cream and Frozen Yogurt', 'Burgers', 'Fast Food']",4.4,47,$,42.56669979999999,-87.8645276,+12626979229,53142,4612 75th St,Kenosha,WI,"[{'@type': 'OpeningHoursSpecification', 'dayOfWeek': ['Monday', 'Tuesday', 'Wednesday', 'Thursday', 'Friday', 'Saturday', 'Sunday'], 'opens': '10:30', 'closes': '21:0'}]","{'@type': 'PostalAddress', 'addressLocality': 'Kenosha', 'addressRegion': 'WI', 'postalCode': '53142', 'addressCountry': 'US', 'streetAddress': '4612 75th St'}","{'@type': 'GeoCoordinates', 'latitude': 42.56669979999999, 'longitude': -87.8645276}","{'@type': 'AggregateRating', 'ratingValue': 4.4, 'reviewCount': '47'}"
Taco Bell (2707 18th Street),https://www.ubereats.com/milwaukee/food-delivery/taco-bell-2707-18th-street/-tfd0YyWT4W6XEsSmFU2XA,kenosha-wisconsin,"['Burritos', 'Fast Food', 'Mexican']",3.8,24,$,42.62403440000001,-87.84166049999999,+12625539125,53140,2707 18th Street,Kenosha,WI,"[{'@type': 'OpeningHoursSpecification', 'dayOfWeek': 'Sunday', 'opens': '14:0', 'closes': '17:0'}, {'@type': 'OpeningHoursSpecification', 'dayOfWeek': 'Sunday', 'opens': '10:0', 'closes': '0:30'}, {'@type': 'OpeningHoursSpecification', 'dayOfWeek': ['Monday', 'Tuesday', 'Wednesday', 'Thursday'], 'opens': '14:0', 'closes': '17:0'}, {'@type': 'OpeningHoursSpecification', 'dayOfWeek': ['Monday', 'Tuesday', 'Wednesday', 'Thursday'], 'opens': '10:0', 'closes': '1:30'}, {'@type': 'OpeningHoursSpecification', 'dayOfWeek': ['Friday', 'Saturday'], 'opens': '14:0', 'closes': '17:0'}, {'@type': 'OpeningHoursSpecification', 'dayOfWeek': ['Friday', 'Saturday'], 'opens': '10:0', 'closes': '3:30'}]","{'@type': 'PostalAddress', 'addressLocality': 'Kenosha', 'addressRegion': 'WI', 'postalCode': '53140', 'addressCountry': 'US', 'streetAddress': '2707 18th Street'}","{'@type': 'GeoCoordinates', 'latitude': 42.62403440000001, 'longitude': -87.84166049999999}","{'@type': 'AggregateRating', 'ratingValue': 3.8, 'reviewCount': '24'}"
Subway (3500 Brumback Blvd),https://www.ubereats.com/milwaukee/food-delivery/subway-3500-brumback-blvd/5F0VaWkiTyG3MoUFJ0Uq0w,kenosha-wisconsin,"['Fast Food', 'Sandwich', 'American']",,,$,42.6052839,-87.8841242,+12626059660,53144,3500 Brumback Blvd,Kenosha,WI,"[{'@type': 'OpeningHoursSpecification', 'dayOfWeek': ['Monday', 'Tuesday', 'Wednesday', 'Thursday', 'Friday', 'Saturday', 'Sunday'], 'opens': '9:0', 'closes': '18:30'}]","{'@type': 'PostalAddress', 'addressLocality': 'Kenosha', 'addressRegion': 'WI', 'postalCode': '53144', 'addressCountry': 'US', 'streetAddress': '3500 Brumback Blvd'}","{'@type': 'GeoCoordinates', 'latitude': 42.6052839, 'longitude': -87.8841242}",{}
Potbelly Sandwich Shop (Kenosha DT | 418),https://www.ubereats.com/milwaukee/food-delivery/potbelly-sandwich-shop-kenosha-dt-%7C-418/GVP6N_DkRhybu6iommIaQw,kenosha-wisconsin,"['Deli', 'Salads', 'Sandwich']",4.0,20,$,42.5659145,-87.9204165,+12628420246,53158,9330 76Th Dr. Ste. C,Pleasant Prairie,WI,"[{'@type': 'OpeningHoursSpecification', 'dayOfWeek': ['Sunday', 'Monday', 'Tuesday', 'Wednesday', 'Thursday'], 'opens': '10:0', 'closes': '20:30'}, {'@type': 'OpeningHoursSpecification', 'dayOfWeek': ['Friday', 'Saturday'], 'opens': '10:0', 'closes': '21:30'}]","{'@type': 'PostalAddress', 'addressLocality': 'Pleasant Prairie', 'addressRegion': 'WI', 'postalCode': '53158', 'addressCountry': 'US', 'streetAddress': '9330 76Th Dr. Ste. C'}","{'@type': 'GeoCoordinates', 'latitude': 42.5659145, 'longitude': -87.9204165}","{'@type': 'AggregateRating', 'ratingValue': 4, 'reviewCount': '20'}"
Taco City,https://www.ubereats.com/milwaukee/food-delivery/taco-city/zIano66YSUqkjyiBnxvRrA,kenosha-wisconsin,['Mexican'],,,$,42.5578548,-87.8353527,+12626526680,53143,8022 22nd Ave,Kenosha,WI,"[{'@type': 'OpeningHoursSpecification', 'dayOfWeek': ['Monday', 'Tuesday', 'Wednesday', 'Thursday', 'Friday', 'Saturday'], 'opens': '10:30', 'closes': '21:0'}]","{'@type': 'PostalAddress', 'addressLocality': 'Kenosha', 'addressRegion': 'WI', 'postalCode': '53143', 'addressCountry': 'US', 'streetAddress': '8022 22nd Ave'}","{'@type': 'GeoCoordinates', 'latitude': 42.5578548, 'longitude': -87.8353527}",{}
Luigi's Pizza Kitchen & Restaurant,https://www.ubereats.com/milwaukee/food-delivery/luigis-pizza-kitchen-%26-restaurant/WgPUJ2BAReuDzR5JQcaJqA,kenosha-wisconsin,"['Pizza', 'American', 'Italian', 'Salads']",,,$,42.5652347,-87.8548562,+12626946565,53142,7531 39th Ave,Kenosha,WI,"[{'@type': 'OpeningHoursSpecification', 'dayOfWeek': 'Sunday', 'opens': '11:30', 'closes': '22:0'}, {'@type': 'OpeningHoursSpecification', 'dayOfWeek': ['Tuesday', 'Wednesday', 'Thursday'], 'opens': '16:0', 'closes': '22:0'}, {'@type': 'OpeningHoursSpecification', 'dayOfWeek': 'Friday', 'opens': '16:0', 'closes': '0:0'}, {'@type': 'OpeningHoursSpecification', 'dayOfWeek': 'Saturday', 'opens': '16:0', 'closes': '22:0'}]","{'@type': 'PostalAddress', 'addressLocality': 'Kenosha', 'addressRegion': 'WI', 'postalCode': '53142', 'addressCountry': 'US', 'streetAddress': '7531 39th Ave'}","{'@type': 'GeoCoordinates', 'latitude': 42.5652347, 'longitude': -87.8548562}",{}
Noodles & Company (5720 Washington Ave),https://www.ubereats.com/milwaukee/food-delivery/noodles-%26-company-5720-washington-ave/d9bGY2whTHyv1HsQ-k2WwQ,kenosha-wisconsin,"['Healthy', 'Pasta', 'Comfort Food', 'American', 'Italian', 'Chinese', 'Noodles', 'Family Meals']",4.4,54,$,42.719666,-87.8491818,+12626334939,53406,5720 Washington Ave,Mt Pleasant,WI,"[{'@type': 'OpeningHoursSpecification', 'dayOfWeek': ['Monday', 'Tuesday', 'Wednesday', 'Thursday', 'Friday', 'Saturday', 'Sunday'], 'opens': '10:30', 'closes': '21:45'}]","{'@type': 'PostalAddress', 'addressLocality': 'Mt Pleasant', 'addressRegion': 'WI', 'postalCode': '53406', 'addressCountry': 'US', 'streetAddress': '5720 Washington Ave'}","{'@type': 'GeoCoordinates', 'latitude': 42.719666, 'longitude': -87.8491818}","{'@type': 'AggregateRating', 'ratingValue': 4.4, 'reviewCount': '54'}"
Taco Bell (8040 Sheridan Rd),https://www.ubereats.com/milwaukee/food-delivery/taco-bell-8040-sheridan-rd/59RBXGtTTcWuwPhqZCZnhQ,kenosha-wisconsin,"['Burritos', 'Fast Food', 'Mexican']",3.7,54,$,42.5573672,-87.8256779,+12626521790,53143,8040 Sheridan Rd,Kenosha,WI,"[{'@type': 'OpeningHoursSpecification', 'dayOfWeek': ['Sunday', 'Monday', 'Tuesday', 'Wednesday', 'Thursday'], 'opens': '14:0', 'closes': '17:0'}, {'@type': 'OpeningHoursSpecification', 'dayOfWeek': ['Sunday', 'Monday', 'Tuesday', 'Wednesday', 'Thursday'], 'opens': '9:0', 'closes': '1:30'}, {'@type': 'OpeningHoursSpecification', 'dayOfWeek': ['Sunday', 'Monday', 'Tuesday', 'Wednesday', 'Thursday'], 'opens': '7:0', 'closes': '10:30'}, {'@type': 'OpeningHoursSpecification', 'dayOfWeek': ['Friday', 'Saturday'], 'opens': '14:0', 'closes': '17:0'}, {'@type': 'OpeningHoursSpecification', 'dayOfWeek': ['Friday', 'Saturday'], 'opens': '7:0', 'closes': '10:30'}, {'@type': 'OpeningHoursSpecification', 'dayOfWeek': ['Friday', 'Saturday'], 'opens': '9:0', 'closes': '2:30'}]","{'@type': 'PostalAddress', 'addressLocality': 'Kenosha', 'addressRegion': 'WI', 'postalCode': '53143', 'addressCountry': 'US', 'streetAddress': '8040 Sheridan Rd'}","{'@type': 'GeoCoordinates', 'latitude': 42.5573672, 'longitude': -87.8256779}","{'@type': 'AggregateRating', 'ratingValue': 3.7, 'reviewCount': '54'}"
Panda Express (9800 76 Th St.),https://www.ubereats.com/milwaukee/food-delivery/panda-express-9800-76-th-st/YijkfnGuS9-a7g_NWE1o1g,kenosha-wisconsin,"['Chinese', 'Family Meals']",4.4,49,$,42.5661843,-87.92838619999999,+12626976017,53158,9800 76 Th St.,Pleasant Prairie,WI,"[{'@type': 'OpeningHoursSpecification', 'dayOfWeek': 'Sunday', 'opens': '11:0', 'closes': '20:30'}, {'@type': 'OpeningHoursSpecification', 'dayOfWeek': ['Monday', 'Tuesday', 'Wednesday', 'Thursday'], 'opens': '10:30', 'closes': '20:30'}, {'@type': 'OpeningHoursSpecification', 'dayOfWeek': ['Friday', 'Saturday'], 'opens': '10:30', 'closes': '21:0'}]","{'@type': 'PostalAddress', 'addressLocality': 'Pleasant Prairie', 'addressRegion': 'WI', 'postalCode': '53158', 'addressCountry': 'US', 'streetAddress': '9800 76 Th St.'}","{'@type': 'GeoCoordinates', 'latitude': 42.5661843, 'longitude': -87.92838619999999}","{'@type': 'AggregateRating', 'ratingValue': 4.4, 'reviewCount': '49'}"
Cracker Barrel Old Country Store (7015 122nd Avenue),https://www.ubereats.com/milwaukee/food-delivery/cracker-barrel-old-country-store-7015-122nd-avenue/n2ImUO27TPqCgwKWh16uJQ,kenosha-wisconsin,"['Burgers', 'American', 'Sandwiches']",,,$,42.5720464,-87.9543865,+12628572995,53142,7015 122nd Avenue,Kenosha,WI,"[{'@type': 'OpeningHoursSpecification', 'dayOfWeek': ['Sunday', 'Monday', 'Tuesday', 'Wednesday', 'Thursday'], 'opens': '7:30', 'closes': '20:0'}, {'@type': 'OpeningHoursSpecification', 'dayOfWeek': ['Sunday', 'Monday', 'Tuesday', 'Wednesday', 'Thursday'], 'opens': '10:30', 'closes': '20:0'}, {'@type': 'OpeningHoursSpecification', 'dayOfWeek': ['Sunday', 'Monday', 'Tuesday', 'Wednesday', 'Thursday'], 'opens': '7:30', 'closes': '20:0'}, {'@type': 'OpeningHoursSpecification', 'dayOfWeek': ['Friday', 'Saturday'], 'opens': '7:30', 'closes': '21:0'}, {'@type': 'OpeningHoursSpecification', 'dayOfWeek': ['Friday', 'Saturday'], 'opens': '10:30', 'closes': '21:0'}, {'@type': 'OpeningHoursSpecification', 'dayOfWeek': ['Friday', 'Saturday'], 'opens': '7:30', 'closes': '21:0'}]","{'@type': 'PostalAddress', 'addressLocality': 'Kenosha', 'addressRegion': 'WI', 'postalCode': '53142', 'addressCountry': 'US', 'streetAddress': '7015 122nd Avenue'}","{'@type': 'GeoCoordinates', 'latitude': 42.5720464, 'longitude': -87.9543865}",{}
Dunkin' (4028 75th St),https://www.ubereats.com/milwaukee/food-delivery/dunkin-4028-75th-st/BJVNUWyDR1mNnQ6iVuNRtA,kenosha-wisconsin,"['Breakfast & Brunch', 'Donuts']",3.5,11,$,42.5665121,-87.8572935,+12626979070,53142,4028 75th St,Kenosha,WI,"[{'@type': 'OpeningHoursSpecification', 'dayOfWeek': ['Monday', 'Tuesday', 'Wednesday', 'Thursday', 'Friday', 'Saturday', 'Sunday'], 'opens': '4:30', 'closes': '21:30'}]","{'@type': 'PostalAddress', 'addressLocality': 'Kenosha', 'addressRegion': 'WI', 'postalCode': '53142', 'addressCountry': 'US', 'streetAddress': '4028 75th St'}","{'@type': 'GeoCoordinates', 'latitude': 42.5665121, 'longitude': -87.8572935}","{'@type': 'AggregateRating', 'ratingValue': 3.5, 'reviewCount': '11'}"
Iguana Wana Mexican Grill and Tequila Bar,https://www.ubereats.com/milwaukee/food-delivery/iguana-wana-mexican-grill-and-tequila-bar/jHA7_LodQAC3jYq29i8zkA,kenosha-wisconsin,"['Mexican', 'Latin American', 'New Mexican']",,,$,42.56582350000001,-87.9172983,+18473383400,53158,9080 76th St,Pleasant Prairie,WI,"[{'@type': 'OpeningHoursSpecification', 'dayOfWeek': 'Sunday', 'opens': '11:0', 'closes': '21:0'}, {'@type': 'OpeningHoursSpecification', 'dayOfWeek': 'Sunday', 'opens': '10:0', 'closes': '15:0'}, {'@type': 'OpeningHoursSpecification', 'dayOfWeek': 'Sunday', 'opens': '10:0', 'closes': '15:0'}, {'@type': 'OpeningHoursSpecification', 'dayOfWeek': ['Monday', 'Tuesday', 'Wednesday', 'Thursday'], 'opens': '11:0', 'closes': '21:0'}, {'@type': 'OpeningHoursSpecification', 'dayOfWeek': ['Monday', 'Tuesday', 'Wednesday', 'Thursday'], 'opens': '10:0', 'closes': '15:0'}, {'@type': 'OpeningHoursSpecification', 'dayOfWeek': ['Monday', 'Tuesday', 'Wednesday', 'Thursday'], 'opens': '11:0', 'closes': '15:0'}, {'@type': 'OpeningHoursSpecification', 'dayOfWeek': ['Friday', 'Saturday'], 'opens': '11:0', 'closes': '22:0'}, {'@type': 'OpeningHoursSpecification', 'dayOfWeek': ['Friday', 'Saturday'], 'opens': '10:0', 'closes': '15:0'}, {'@type': 'OpeningHoursSpecification', 'dayOfWeek': ['Friday', 'Saturday'], 'opens': '11:0', 'closes': '15:0'}]","{'@type': 'PostalAddress', 'addressLocality': 'Pleasant Prairie', 'addressRegion': 'WI', 'postalCode': '53158', 'addressCountry': 'US', 'streetAddress': '9080 76th St'}","{'@type': 'GeoCoordinates', 'latitude': 42.56582350000001, 'longitude': -87.9172983}",{}
Burger King (6945 75th Street),https://www.ubereats.com/milwaukee/food-delivery/burger-king-6945-75th-street/QYb0AC-TR-iql0953CeAFw,kenosha-wisconsin,"['American', 'burger', 'Fast Food']",4.5,11,$,42.5663533,-87.89137,+12626945888,53142,6945 75th Street,Kenosha,WI,"[{'@type': 'OpeningHoursSpecification', 'dayOfWeek': ['Monday', 'Tuesday', 'Wednesday', 'Thursday', 'Friday', 'Saturday', 'Sunday'], 'opens': '8:30', 'closes': '10:29'}, {'@type': 'OpeningHoursSpecification', 'dayOfWeek': ['Monday', 'Tuesday', 'Wednesday', 'Thursday', 'Friday', 'Saturday', 'Sunday'], 'opens': '10:30', 'closes': '19:30'}]","{'@type': 'PostalAddress', 'addressLocality': 'Kenosha', 'addressRegion': 'WI', 'postalCode': '53142', 'addressCountry': 'US', 'streetAddress': '6945 75th Street'}","{'@type': 'GeoCoordinates', 'latitude': 42.5663533, 'longitude': -87.89137}","{'@type': 'AggregateRating', 'ratingValue': 4.5, 'reviewCount': '11'}"
McDonald's® (1820 30TH AVENUE),https://www.ubereats.com/milwaukee/food-delivery/mcdonalds-1820-30th-avenue/D_3z8c4BRfWc0Qawxo5WNg,kenosha-wisconsin,"['American', 'Burgers', 'Fast Food']",4.5,105,$,42.623501,-87.846652,+12625510890,53144,1820 30TH AVENUE,KENOSHA,WI,"[{'@type': 'OpeningHoursSpecification', 'dayOfWeek': 'Sunday', 'opens': '4:0', 'closes': '10:59'}, {'@type': 'OpeningHoursSpecification', 'dayOfWeek': 'Sunday', 'opens': '11:0', 'closes': '16:59'}, {'@type': 'OpeningHoursSpecification', 'dayOfWeek': 'Sunday', 'opens': '17:0', 'closes': '3:59'}, {'@type': 'OpeningHoursSpecification', 'dayOfWeek': ['Monday', 'Tuesday', 'Wednesday', 'Thursday', 'Friday'], 'opens': '4:0', 'closes': '10:29'}, {'@type': 'OpeningHoursSpecification', 'dayOfWeek': ['Monday', 'Tuesday', 'Wednesday', 'Thursday', 'Friday'], 'opens': '10:30', 'closes': '16:59'}, {'@type': 'OpeningHoursSpecification', 'dayOfWeek': ['Monday', 'Tuesday', 'Wednesday', 'Thursday', 'Friday'], 'opens': '17:0', 'closes': '3:59'}, {'@type': 'OpeningHoursSpecification', 'dayOfWeek': 'Saturday', 'opens': '4:0', 'closes': '10:59'}, {'@type': 'OpeningHoursSpecification', 'dayOfWeek': 'Saturday', 'opens': '11:0', 'closes': '16:59'}, {'@type': 'OpeningHoursSpecification', 'dayOfWeek': 'Saturday', 'opens': '17:0', 'closes': '3:59'}]","{'@type': 'PostalAddress', 'addressLocality': 'KENOSHA', 'addressRegion': 'WI', 'postalCode': '53144', 'addressCountry': 'US', 'streetAddress': '1820 30TH AVENUE'}","{'@type': 'GeoCoordinates', 'latitude': 42.623501, 'longitude': -87.846652}","{'@type': 'AggregateRating', 'ratingValue': 4.5, 'reviewCount': '105'}"
Corner Bakery Cafe (9250 76Th St),https://www.ubereats.com/milwaukee/food-delivery/corner-bakery-cafe-9250-76th-st/OW7VTnFeRP-KdSWQpmn3kw,kenosha-wisconsin,"['American', 'Bakery', 'Breakfast and Brunch', 'Cafe', 'Desserts', 'Dinner', 'Omelette', 'pasta', 'salad', 'Sandwich', 'Soup', 'Family Meals']",4.6,43,$$,42.5658734,-87.9196523,+12629976251,,,,,"[{'@type': 'OpeningHoursSpecification', 'dayOfWeek': 'Sunday', 'opens': '7:0', 'closes': '21:0'}, {'@type': 'OpeningHoursSpecification', 'dayOfWeek': ['Monday', 'Tuesday', 'Wednesday', 'Thursday', 'Friday'], 'opens': '6:30', 'closes': '21:0'}, {'@type': 'OpeningHoursSpecification', 'dayOfWeek': 'Saturday', 'opens': '7:0', 'closes': '21:0'}]",,"{'@type': 'GeoCoordinates', 'latitude': 42.5658734, 'longitude': -87.9196523}","{'@type': 'AggregateRating', 'ratingValue': 4.6, 'reviewCount': '43'}"
Chipotle Mexican Grill (5720 Washington Ave),https://www.ubereats.com/milwaukee/food-delivery/chipotle-mexican-grill-5720-washington-ave/xMEYgZimTNat79SPMbnf7g,kenosha-wisconsin,"['Healthy', 'Mexican']",4.4,73,$,42.719666,-87.8491818,+12626320985,53406,5720 Washington Ave,Mount Pleasant,WI,"[{'@type': 'OpeningHoursSpecification', 'dayOfWeek': ['Monday', 'Tuesday', 'Wednesday', 'Thursday', 'Friday', 'Saturday', 'Sunday'], 'opens': '10:45', 'closes': '21:40'}]","{'@type': 'PostalAddress', 'addressLocality': 'Mount Pleasant', 'addressRegion': 'WI', 'postalCode': '53406', 'addressCountry': 'US', 'streetAddress': '5720 Washington Ave'}","{'@type': 'GeoCoordinates', 'latitude': 42.719666, 'longitude': -87.8491818}","{'@type': 'AggregateRating', 'ratingValue': 4.4, 'reviewCount': '73'}"
Burger King (1780 22nd Avenue),https://www.ubereats.com/milwaukee/food-delivery/burger-king-1780-22nd-avenue/LkGtAKIUQrKphKlaR3XH9g,kenosha-wisconsin,"['American', 'burger', 'Fast Food']",4.3,21,$,42.6245436,-87.8362106,+12627481668,53140,1780 22nd Avenue,Kenosha,WI,"[{'@type': 'OpeningHoursSpecification', 'dayOfWeek': ['Sunday', 'Monday', 'Tuesday', 'Wednesday', 'Thursday'], 'opens': '7:30', 'closes': '10:29'}, {'@type': 'OpeningHoursSpecification', 'dayOfWeek': ['Sunday', 'Monday', 'Tuesday', 'Wednesday', 'Thursday'], 'opens': '10:30', 'closes': '21:30'}, {'@type': 'OpeningHoursSpecification', 'dayOfWeek': ['Friday', 'Saturday'], 'opens': '7:30', 'closes': '10:29'}, {'@type': 'OpeningHoursSpecification', 'dayOfWeek': ['Friday', 'Saturday'], 'opens': '10:30', 'closes': '22:30'}]","{'@type': 'PostalAddress', 'addressLocality': 'Kenosha', 'addressRegion': 'WI', 'postalCode': '53140', 'addressCountry': 'US', 'streetAddress': '1780 22nd Avenue'}","{'@type': 'GeoCoordinates', 'latitude': 42.6245436, 'longitude': -87.8362106}","{'@type': 'AggregateRating', 'ratingValue': 4.3, 'reviewCount': '21'}"
Subway (3620 57Th Ave # 100),https://www.ubereats.com/milwaukee/food-delivery/subway-3620-57th-ave-%23-100/AVx5xZfgTM2CzdEZalTuwg,kenosha-wisconsin,"['Fast Food', 'Sandwich', 'American']",,,$,42.6046227,-87.8772989,+12626576995,53144,3620 57Th Ave # 100,Kenosha,WI,"[{'@type': 'OpeningHoursSpecification', 'dayOfWeek': 'Sunday', 'opens': '9:0', 'closes': '19:30'}, {'@type': 'OpeningHoursSpecification', 'dayOfWeek': ['Monday', 'Tuesday', 'Wednesday', 'Thursday', 'Friday', 'Saturday'], 'opens': '9:0', 'closes': '20:30'}]","{'@type': 'PostalAddress', 'addressLocality': 'Kenosha', 'addressRegion': 'WI', 'postalCode': '53144', 'addressCountry': 'US', 'streetAddress': '3620 57Th Ave # 100'}","{'@type': 'GeoCoordinates', 'latitude': 42.6046227, 'longitude': -87.8772989}",{}
Trolley Dogs,https://www.ubereats.com/milwaukee/food-delivery/trolley-dogs/Dw9TNKKuTRGv0kHuUXMNMA,kenosha-wisconsin,"['American', 'Polish']",4.7,10,$,42.585879,-87.818517,+12626523647,53140,5501 6th Ave,Kenosha,WI,"[{'@type': 'OpeningHoursSpecification', 'dayOfWeek': ['Sunday', 'Monday', 'Tuesday', 'Wednesday', 'Thursday'], 'opens': '10:30', 'closes': '19:0'}, {'@type': 'OpeningHoursSpecification', 'dayOfWeek': ['Friday', 'Saturday'], 'opens': '10:30', 'closes': '20:0'}]","{'@type': 'PostalAddress', 'addressLocality': 'Kenosha', 'addressRegion': 'WI', 'postalCode': '53140', 'addressCountry': 'US', 'streetAddress': '5501 6th Ave'}","{'@type': 'GeoCoordinates', 'latitude': 42.585879, 'longitude': -87.818517}","{'@type': 'AggregateRating', 'ratingValue': 4.7, 'reviewCount': '10'}"
Starbucks (Kenosha-Hwy 50 & 39th),https://www.ubereats.com/milwaukee/food-delivery/starbucks-kenosha-hwy-50-%26-39th/-LGH_ligT9uQW_6kEycvfA,kenosha-wisconsin,"['Bakery', 'Breakfast and Brunch', 'Cafe', 'Coffee & Tea']",4.4,29,$,42.5666107,-87.8556277,+12626975643,53142,3910 75th Street,Kenosha,WI,"[{'@type': 'OpeningHoursSpecification', 'dayOfWeek': ['Monday', 'Tuesday', 'Wednesday', 'Thursday', 'Friday', 'Saturday', 'Sunday'], 'opens': '5:30', 'closes': '21:0'}]","{'@type': 'PostalAddress', 'addressLocality': 'Kenosha', 'addressRegion': 'WI', 'postalCode': '53142', 'addressCountry': 'US', 'streetAddress': '3910 75th Street'}","{'@type': 'GeoCoordinates', 'latitude': 42.5666107, 'longitude': -87.8556277}","{'@type': 'AggregateRating', 'ratingValue': 4.4, 'reviewCount': '29'}"
Taco Bell (4002 52nd Street),https://www.ubereats.com/milwaukee/food-delivery/taco-bell-4002-52nd-street/anAKDDGoRhOUqtF24GaECA,kenosha-wisconsin,"['Burritos', 'Fast Food', 'Mexican']",4.0,11,$,42.5887581,-87.8575536,+12626527310,53144,4002 52nd St,Kenosha,WI,"[{'@type': 'OpeningHoursSpecification', 'dayOfWeek': ['Sunday', 'Monday', 'Tuesday', 'Wednesday', 'Thursday'], 'opens': '14:0', 'closes': '17:0'}, {'@type': 'OpeningHoursSpecification', 'dayOfWeek': ['Sunday', 'Monday', 'Tuesday', 'Wednesday', 'Thursday'], 'opens': '8:0', 'closes': '1:30'}, {'@type': 'OpeningHoursSpecification', 'dayOfWeek': ['Sunday', 'Monday', 'Tuesday', 'Wednesday', 'Thursday'], 'opens': '7:0', 'closes': '10:30'}, {'@type': 'OpeningHoursSpecification', 'dayOfWeek': ['Friday', 'Saturday'], 'opens': '14:0', 'closes': '17:0'}, {'@type': 'OpeningHoursSpecification', 'dayOfWeek': ['Friday', 'Saturday'], 'opens': '7:0', 'closes': '10:30'}, {'@type': 'OpeningHoursSpecification', 'dayOfWeek': ['Friday', 'Saturday'], 'opens': '8:0', 'closes': '3:30'}]","{'@type': 'PostalAddress', 'addressLocality': 'Kenosha', 'addressRegion': 'WI', 'postalCode': '53144', 'addressCountry': 'US', 'streetAddress': '4002 52nd St'}","{'@type': 'GeoCoordinates', 'latitude': 42.5887581, 'longitude': -87.8575536}","{'@type': 'AggregateRating', 'ratingValue': 4, 'reviewCount': '11'}"
Starbucks (Kenosha-Hwy 50 & 104th),https://www.ubereats.com/milwaukee/food-delivery/starbucks-kenosha-hwy-50-%26-104th/FXNMGOixRGWwrBsA-Bi_XQ,kenosha-wisconsin,"['Bakery', 'Breakfast and Brunch', 'Cafe', 'Coffee & Tea']",4.3,56,$,42.566177,-87.927033,+12626971693,53158,9740 76th St 102,Pleasant Prairie,WI,"[{'@type': 'OpeningHoursSpecification', 'dayOfWeek': ['Monday', 'Tuesday', 'Wednesday', 'Thursday', 'Friday', 'Saturday', 'Sunday'], 'opens': '5:30', 'closes': '21:0'}]","{'@type': 'PostalAddress', 'addressLocality': 'Pleasant Prairie', 'addressRegion': 'WI', 'postalCode': '53158', 'addressCountry': 'US', 'streetAddress': '9740 76th St 102'}","{'@type': 'GeoCoordinates', 'latitude': 42.566177, 'longitude': -87.927033}","{'@type': 'AggregateRating', 'ratingValue': 4.3, 'reviewCount': '56'}"
IHOP (7200 75Th Street),https://www.ubereats.com/milwaukee/food-delivery/ihop-7200-75th-street/2FaBjeloRiK_bftv2aTVew,kenosha-wisconsin,"['American', 'Breakfast and Brunch', 'burger', 'Comfort Food', 'Dinner', 'Omelette', 'salad', 'Traditional American', 'Family Meals']",4.2,37,$,42.56744640000001,-87.8946284,+12629481813,53142,7200 75Th Street,Kenosha,WI,"[{'@type': 'OpeningHoursSpecification', 'dayOfWeek': ['Sunday', 'Monday', 'Tuesday', 'Wednesday'], 'opens': '6:0', 'closes': '23:49'}, {'@type': 'OpeningHoursSpecification', 'dayOfWeek': ['Thursday', 'Friday', 'Saturday'], 'opens': '0:0', 'closes': '23:49'}]","{'@type': 'PostalAddress', 'addressLocality': 'Kenosha', 'addressRegion': 'WI', 'postalCode': '53142', 'addressCountry': 'US', 'streetAddress': '7200 75Th Street'}","{'@type': 'GeoCoordinates', 'latitude': 42.56744640000001, 'longitude': -87.8946284}","{'@type': 'AggregateRating', 'ratingValue': 4.2, 'reviewCount': '37'}"
McDonald's® (3711 57TH AVENUE),https://www.ubereats.com/milwaukee/food-delivery/mcdonalds-3711-57th-avenue/O_4bxWvdRiyqEWvfUx6P6g,kenosha-wisconsin,"['American', 'Burgers', 'Fast Food']",4.7,29,$,42.603955,-87.87634,+12626546085,53144,3711 57TH AVENUE,KENOSHA,WI,"[{'@type': 'OpeningHoursSpecification', 'dayOfWeek': 'Sunday', 'opens': '5:0', 'closes': '10:59'}, {'@type': 'OpeningHoursSpecification', 'dayOfWeek': 'Sunday', 'opens': '11:0', 'closes': '16:59'}, {'@type': 'OpeningHoursSpecification', 'dayOfWeek': 'Sunday', 'opens': '17:0', 'closes': '22:30'}, {'@type': 'OpeningHoursSpecification', 'dayOfWeek': ['Monday', 'Tuesday', 'Wednesday', 'Thursday', 'Friday'], 'opens': '5:0', 'closes': '10:29'}, {'@type': 'OpeningHoursSpecification', 'dayOfWeek': ['Monday', 'Tuesday', 'Wednesday', 'Thursday', 'Friday'], 'opens': '10:30', 'closes': '16:59'}, {'@type': 'OpeningHoursSpecification', 'dayOfWeek': ['Monday', 'Tuesday', 'Wednesday', 'Thursday', 'Friday'], 'opens': '17:0', 'closes': '22:30'}, {'@type': 'OpeningHoursSpecification', 'dayOfWeek': 'Saturday', 'opens': '5:0', 'closes': '10:59'}, {'@type': 'OpeningHoursSpecification', 'dayOfWeek': 'Saturday', 'opens': '11:0', 'closes': '16:59'}, {'@type': 'OpeningHoursSpecification', 'dayOfWeek': 'Saturday', 'opens': '17:0', 'closes': '22:30'}]","{'@type': 'PostalAddress', 'addressLocality': 'KENOSHA', 'addressRegion': 'WI', 'postalCode': '53144', 'addressCountry': 'US', 'streetAddress': '3711 57TH AVENUE'}","{'@type': 'GeoCoordinates', 'latitude': 42.603955, 'longitude': -87.87634}","{'@type': 'AggregateRating', 'ratingValue': 4.7, 'reviewCount': '29'}"
McDonald's® (7060 GREEN BAY RD),https://www.ubereats.com/milwaukee/food-delivery/mcdonalds-7060-green-bay-rd/n4ESZ972QsuEl8WENKUkww,kenosha-wisconsin,"['American', 'Burgers', 'Fast Food', 'Fast Food']",4.3,35,$,42.570642,-87.887306,+12626977680,53144,7060 GREEN BAY RD,KENOSHA,WI,"[{'@type': 'OpeningHoursSpecification', 'dayOfWeek': 'Sunday', 'opens': '4:0', 'closes': '10:59'}, {'@type': 'OpeningHoursSpecification', 'dayOfWeek': 'Sunday', 'opens': '11:0', 'closes': '16:59'}, {'@type': 'OpeningHoursSpecification', 'dayOfWeek': 'Sunday', 'opens': '17:0', 'closes': '3:59'}, {'@type': 'OpeningHoursSpecification', 'dayOfWeek': ['Monday', 'Tuesday', 'Wednesday', 'Thursday', 'Friday'], 'opens': '4:0', 'closes': '10:29'}, {'@type': 'OpeningHoursSpecification', 'dayOfWeek': ['Monday', 'Tuesday', 'Wednesday', 'Thursday', 'Friday'], 'opens': '10:30', 'closes': '16:59'}, {'@type': 'OpeningHoursSpecification', 'dayOfWeek': ['Monday', 'Tuesday', 'Wednesday', 'Thursday', 'Friday'], 'opens': '17:0', 'closes': '3:59'}, {'@type': 'OpeningHoursSpecification', 'dayOfWeek': 'Saturday', 'opens': '4:0', 'closes': '10:59'}, {'@type': 'OpeningHoursSpecification', 'dayOfWeek': 'Saturday', 'opens': '11:0', 'closes': '16:59'}, {'@type': 'OpeningHoursSpecification', 'dayOfWeek': 'Saturday', 'opens': '17:0', 'closes': '3:59'}]","{'@type': 'PostalAddress', 'addressLocality': 'KENOSHA', 'addressRegion': 'WI', 'postalCode': '53144', 'addressCountry': 'US', 'streetAddress': '7060 GREEN BAY RD'}","{'@type': 'GeoCoordinates', 'latitude': 42.570642, 'longitude': -87.887306}","{'@type': 'AggregateRating', 'ratingValue': 4.3, 'reviewCount': '35'}"
Tequila Mexican - American Grill,https://www.ubereats.com/milwaukee/food-delivery/tequila-mexican-american-grill/M_r4SbLoRhaiCi7IiymLww,kenosha-wisconsin,"['Mexican', 'New Mexican', 'Seafood']",,,$$,42.697584,-87.890524,+12625040170,53177,8609 Durand Ave,Sturtevant,WI,"[{'@type': 'OpeningHoursSpecification', 'dayOfWeek': ['Monday', 'Tuesday', 'Wednesday', 'Thursday', 'Friday', 'Saturday', 'Sunday'], 'opens': '8:0', 'closes': '20:30'}, {'@type': 'OpeningHoursSpecification', 'dayOfWeek': ['Monday', 'Tuesday', 'Wednesday', 'Thursday', 'Friday', 'Saturday', 'Sunday'], 'opens': '8:0', 'closes': '20:30'}, {'@type': 'OpeningHoursSpecification', 'dayOfWeek': ['Monday', 'Tuesday', 'Wednesday', 'Thursday', 'Friday', 'Saturday', 'Sunday'], 'opens': '8:0', 'closes': '20:30'}]","{'@type': 'PostalAddress', 'addressLocality': 'Sturtevant', 'addressRegion': 'WI', 'postalCode': '53177', 'addressCountry': 'US', 'streetAddress': '8609 Durand Ave'}","{'@type': 'GeoCoordinates', 'latitude': 42.697584, 'longitude': -87.890524}",{}
,https://www.ubereats.com/milwaukee/food-delivery/mcdonalds-8056-sheridan-rd/PzJAdegBTveq0tahUtUsjQ,kenosha-wisconsin,,,,,,,,,,,,,,,
