name,url,city,cuisine,avgRating,numReviews,priceRange,latitude,longitude,telephone,postalCode,streetAddress,addressLocality,addressRegion,openingHoursSpecification,addressString,geoString,ratingString
Tamales Nelly Mexican Food,https://www.ubereats.com/boise/food-delivery/tamales-nelly-mexican-food/8fEOVZkwTHuCt2SihxZWww,kuna-idaho,"['Mexican', 'Latin American', 'New Mexican']",,,$,43.588724,-116.2774152,+12085985983,83709,7609 W Overland Rd #130,Boise,ID,"[{'@type': 'OpeningHoursSpecification', 'dayOfWeek': 'Sunday', 'opens': '11:0', 'closes': '20:0'}, {'@type': 'OpeningHoursSpecification', 'dayOfWeek': ['Monday', 'Tuesday', 'Wednesday'], 'opens': '11:0', 'closes': '21:0'}, {'@type': 'OpeningHoursSpecification', 'dayOfWeek': 'Thursday', 'opens': '11:0', 'closes': '21:0'}, {'@type': 'OpeningHoursSpecification', 'dayOfWeek': 'Thursday', 'opens': '11:0', 'closes': '21:0'}, {'@type': 'OpeningHoursSpecification', 'dayOfWeek': 'Friday', 'opens': '11:0', 'closes': '21:0'}, {'@type': 'OpeningHoursSpecification', 'dayOfWeek': 'Friday', 'opens': '11:0', 'closes': '21:0'}, {'@type': 'OpeningHoursSpecification', 'dayOfWeek': 'Saturday', 'opens': '11:0', 'closes': '21:0'}]","{'@type': 'PostalAddress', 'addressLocality': 'Boise', 'addressRegion': 'ID', 'postalCode': '83709', 'addressCountry': 'US', 'streetAddress': '7609 W Overland Rd #130'}","{'@type': 'GeoCoordinates', 'latitude': 43.588724, 'longitude': -116.2774152}",{}
Local First,https://www.ubereats.com/boise/food-delivery/local-first/flIGIwrDRKm1BN0D-8J0mg,kuna-idaho,"['Salad / Sandwiches', 'Pizza', 'Bakery', 'Allergy Friendly']",,,$,43.596856700000004,-116.5071829,+12084754256,,,,,"[{'@type': 'OpeningHoursSpecification', 'dayOfWeek': ['Monday', 'Tuesday', 'Wednesday', 'Thursday', 'Friday', 'Saturday'], 'opens': '11:0', 'closes': '19:0'}]",,"{'@type': 'GeoCoordinates', 'latitude': 43.596856700000004, 'longitude': -116.5071829}",{}
Pita Pit (3030 E. Overland Road),https://www.ubereats.com/boise/food-delivery/pita-pit-3030-e-overland-road/4H_DS8AhS_2lDKrDeJx5Ow,kuna-idaho,"['Fast Food', 'Healthy', 'Wraps']",3.9,17,$$,43.59076700000001,-116.3565004,+12088883525,83642,3030 E. Overland Road Unit 103,Meridian,ID,"[{'@type': 'OpeningHoursSpecification', 'dayOfWeek': 'Sunday', 'opens': '11:0', 'closes': '18:45'}, {'@type': 'OpeningHoursSpecification', 'dayOfWeek': ['Monday', 'Tuesday', 'Wednesday', 'Thursday'], 'opens': '10:0', 'closes': '19:45'}, {'@type': 'OpeningHoursSpecification', 'dayOfWeek': ['Friday', 'Saturday'], 'opens': '10:0', 'closes': '20:45'}]","{'@type': 'PostalAddress', 'addressLocality': 'Meridian', 'addressRegion': 'ID', 'postalCode': '83642', 'addressCountry': 'US', 'streetAddress': '3030 E. Overland Road Unit 103'}","{'@type': 'GeoCoordinates', 'latitude': 43.59076700000001, 'longitude': -116.3565004}","{'@type': 'AggregateRating', 'ratingValue': 3.9, 'reviewCount': '17'}"
Sonic (1109 12th Avenue Road),https://www.ubereats.com/boise/food-delivery/sonic-1109-12th-avenue-road/p78GrK0sSe-G83sKiCH1wA,kuna-idaho,"['American', 'Burgers', 'Breakfast and Brunch', 'Fast Food']",4.3,46,$$,43.5576804,-116.5735922,+12084656451,83686,1109 12Th Avenue Road,Nampa,ID,"[{'@type': 'OpeningHoursSpecification', 'dayOfWeek': ['Monday', 'Tuesday', 'Wednesday', 'Thursday', 'Friday', 'Saturday', 'Sunday'], 'opens': '6:0', 'closes': '23:0'}]","{'@type': 'PostalAddress', 'addressLocality': 'Nampa', 'addressRegion': 'ID', 'postalCode': '83686', 'addressCountry': 'US', 'streetAddress': '1109 12Th Avenue Road'}","{'@type': 'GeoCoordinates', 'latitude': 43.5576804, 'longitude': -116.5735922}","{'@type': 'AggregateRating', 'ratingValue': 4.3, 'reviewCount': '46'}"
Papa Murphy's (4221 Garrity Blvd),https://www.ubereats.com/boise/food-delivery/papa-murphys-4221-garrity-blvd/2PGyIMJpQti48dhPgkRfLQ,kuna-idaho,['Pizza'],4.5,13,$,43.5938355,-116.5184136,+12084680998,83687,4221 Garrity Blvd,Nampa,ID,"[{'@type': 'OpeningHoursSpecification', 'dayOfWeek': ['Monday', 'Tuesday', 'Wednesday', 'Thursday', 'Friday', 'Saturday', 'Sunday'], 'opens': '12:0', 'closes': '21:0'}]","{'@type': 'PostalAddress', 'addressLocality': 'Nampa', 'addressRegion': 'ID', 'postalCode': '83687', 'addressCountry': 'US', 'streetAddress': '4221 Garrity Blvd'}","{'@type': 'GeoCoordinates', 'latitude': 43.5938355, 'longitude': -116.5184136}","{'@type': 'AggregateRating', 'ratingValue': 4.5, 'reviewCount': '13'}"
Good n Healthy,https://www.ubereats.com/boise/food-delivery/good-n-healthy/yBabuTgNRd-Oyaocrm92Zw,kuna-idaho,"['Healthy', 'Juice and Smoothies', 'OrganicProducts']",,,$,43.58982,-116.3592187,+12089178293,83642,2845 E Overland Rd Ste 180,Meridian,ID,"[{'@type': 'OpeningHoursSpecification', 'dayOfWeek': ['Monday', 'Tuesday', 'Wednesday', 'Thursday', 'Friday'], 'opens': '7:0', 'closes': '16:0'}, {'@type': 'OpeningHoursSpecification', 'dayOfWeek': 'Saturday', 'opens': '11:0', 'closes': '15:0'}]","{'@type': 'PostalAddress', 'addressLocality': 'Meridian', 'addressRegion': 'ID', 'postalCode': '83642', 'addressCountry': 'US', 'streetAddress': '2845 E Overland Rd Ste 180'}","{'@type': 'GeoCoordinates', 'latitude': 43.58982, 'longitude': -116.3592187}",{}
Panda Express (1309 N. Jacksonmill Ave. N Meridian Rd & E Deer Flat Rd),https://www.ubereats.com/boise/food-delivery/panda-express-1309-n-jacksonmill-ave-n-meridian-rd-%26-e-deer-flat-rd/eNlJzTi7QhyrfieplmZBCA,kuna-idaho,"['Chinese', 'Fast Food', 'Comfort Food']",,,$,43.5013648,-116.3935104,+12089060898,83634,1309 N. Jacksonmill Ave. N Meridian Rd & E Deer Flat Rd,Kuna,ID,"[{'@type': 'OpeningHoursSpecification', 'dayOfWeek': 'Sunday', 'opens': '11:0', 'closes': '20:30'}, {'@type': 'OpeningHoursSpecification', 'dayOfWeek': ['Monday', 'Tuesday', 'Wednesday', 'Thursday'], 'opens': '10:30', 'closes': '21:0'}, {'@type': 'OpeningHoursSpecification', 'dayOfWeek': ['Friday', 'Saturday'], 'opens': '10:30', 'closes': '21:30'}]","{'@type': 'PostalAddress', 'addressLocality': 'Kuna', 'addressRegion': 'ID', 'postalCode': '83634', 'addressCountry': 'US', 'streetAddress': '1309 N. Jacksonmill Ave. N Meridian Rd & E Deer Flat Rd'}","{'@type': 'GeoCoordinates', 'latitude': 43.5013648, 'longitude': -116.3935104}",{}
The Human Bean (1635 N Meridian Rd),https://www.ubereats.com/boise/food-delivery/the-human-bean-1635-n-meridian-rd/NHzTSSwcRACJGBeJ14__FQ,kuna-idaho,"['American', 'Bakery', 'Cafe']",4.5,17,$,43.618794,-116.393905,+12088877731,83642,1635 N,Meridian,ID,"[{'@type': 'OpeningHoursSpecification', 'dayOfWeek': ['Monday', 'Tuesday', 'Wednesday', 'Thursday', 'Friday', 'Saturday', 'Sunday'], 'opens': '6:0', 'closes': '21:0'}]","{'@type': 'PostalAddress', 'addressLocality': 'Meridian', 'addressRegion': 'ID', 'postalCode': '83642', 'addressCountry': 'US', 'streetAddress': '1635 N'}","{'@type': 'GeoCoordinates', 'latitude': 43.618794, 'longitude': -116.393905}","{'@type': 'AggregateRating', 'ratingValue': 4.5, 'reviewCount': '17'}"
Boise Fry Company(12th Ave S),https://www.ubereats.com/boise/food-delivery/boise-fry-company12th-ave-s/un4vzMNgSYy7_vNxFZJlIQ,kuna-idaho,"['Burgers', 'American', 'Sandwiches', 'Allergy Friendly']",,,$,43.57802849999999,-116.5622992,+12089658696,83651,224 12th Ave S,Nampa,ID,"[{'@type': 'OpeningHoursSpecification', 'dayOfWeek': 'Sunday', 'opens': '11:0', 'closes': '19:0'}, {'@type': 'OpeningHoursSpecification', 'dayOfWeek': 'Tuesday', 'opens': '11:0', 'closes': '16:0'}, {'@type': 'OpeningHoursSpecification', 'dayOfWeek': ['Wednesday', 'Thursday', 'Friday', 'Saturday'], 'opens': '11:0', 'closes': '20:0'}]","{'@type': 'PostalAddress', 'addressLocality': 'Nampa', 'addressRegion': 'ID', 'postalCode': '83651', 'addressCountry': 'US', 'streetAddress': '224 12th Ave S'}","{'@type': 'GeoCoordinates', 'latitude': 43.57802849999999, 'longitude': -116.5622992}",{}
"RAM Restaurant & Brewery - Meridian, ID",https://www.ubereats.com/boise/food-delivery/ram-restaurant-%26-brewery-meridian-id/QsEIp879S_a8aC36n9atzw,kuna-idaho,['Pub'],4.6,39,$$,43.613493,-116.354137,+12088880314,83642,3272 E Pine Ave,Meridian,ID,"[{'@type': 'OpeningHoursSpecification', 'dayOfWeek': ['Monday', 'Tuesday', 'Wednesday', 'Thursday', 'Friday', 'Saturday', 'Sunday'], 'opens': '11:30', 'closes': '19:30'}]","{'@type': 'PostalAddress', 'addressLocality': 'Meridian', 'addressRegion': 'ID', 'postalCode': '83642', 'addressCountry': 'US', 'streetAddress': '3272 E Pine Ave'}","{'@type': 'GeoCoordinates', 'latitude': 43.613493, 'longitude': -116.354137}","{'@type': 'AggregateRating', 'ratingValue': 4.6, 'reviewCount': '39'}"
Johnny's Pizza,https://www.ubereats.com/boise/food-delivery/johnnys-pizza/FL2STmsbRf-a58h0fINU7Q,kuna-idaho,"['Pizza', 'American', 'Italian']",4.8,16,$,43.6176237,-116.3911501,+12088884857,83642,1526 N Main St,Meridian,ID,"[{'@type': 'OpeningHoursSpecification', 'dayOfWeek': ['Sunday', 'Monday', 'Tuesday'], 'opens': '10:30', 'closes': '20:45'}, {'@type': 'OpeningHoursSpecification', 'dayOfWeek': ['Wednesday', 'Thursday', 'Friday', 'Saturday'], 'opens': '10:30', 'closes': '21:45'}]","{'@type': 'PostalAddress', 'addressLocality': 'Meridian', 'addressRegion': 'ID', 'postalCode': '83642', 'addressCountry': 'US', 'streetAddress': '1526 N Main St'}","{'@type': 'GeoCoordinates', 'latitude': 43.6176237, 'longitude': -116.3911501}","{'@type': 'AggregateRating', 'ratingValue': 4.8, 'reviewCount': '16'}"
Mesa Tacos & Tequila,https://www.ubereats.com/boise/food-delivery/mesa-tacos-%26-tequila/vm1WIvbvQhOikLXWJehYhw,kuna-idaho,"['Mexican', 'Comfort Food', 'Chicken']",4.7,92,$,43.57825860000001,-116.559427,+12088998170,,,,,"[{'@type': 'OpeningHoursSpecification', 'dayOfWeek': ['Monday', 'Tuesday', 'Wednesday', 'Thursday', 'Friday', 'Saturday'], 'opens': '16:0', 'closes': '20:45'}]",,"{'@type': 'GeoCoordinates', 'latitude': 43.57825860000001, 'longitude': -116.559427}","{'@type': 'AggregateRating', 'ratingValue': 4.7, 'reviewCount': '92'}"
Krispy Kreme (1525 North Eagle Rd),https://www.ubereats.com/boise/food-delivery/krispy-kreme-1525-north-eagle-rd/jSZtvfYxRSeDGQ2kkygFZQ,kuna-idaho,"['Breakfast and Brunch', 'Bakery', 'Desserts']",4.9,71,$,43.618903,-116.355367,+12088468500,83642,1525 North Eagle Rd,Meridian,ID,"[{'@type': 'OpeningHoursSpecification', 'dayOfWeek': ['Monday', 'Tuesday', 'Wednesday', 'Thursday', 'Friday', 'Saturday', 'Sunday'], 'opens': '6:15', 'closes': '19:45'}]","{'@type': 'PostalAddress', 'addressLocality': 'Meridian', 'addressRegion': 'ID', 'postalCode': '83642', 'addressCountry': 'US', 'streetAddress': '1525 North Eagle Rd'}","{'@type': 'GeoCoordinates', 'latitude': 43.618903, 'longitude': -116.355367}","{'@type': 'AggregateRating', 'ratingValue': 4.9, 'reviewCount': '71'}"
Papa Murphy's Pizza (3317 West Cherry Lane),https://www.ubereats.com/boise/food-delivery/papa-murphys-pizza-3317-west-cherry-lane/HsZ5KEDZTHqOAGKAEYYS_w,kuna-idaho,['Pizza'],4.3,21,$,43.61815082178444,-116.43504857669423,+12088848333,,,,,"[{'@type': 'OpeningHoursSpecification', 'dayOfWeek': ['Monday', 'Tuesday', 'Wednesday', 'Thursday', 'Friday', 'Saturday', 'Sunday'], 'opens': '12:0', 'closes': '21:0'}]",,"{'@type': 'GeoCoordinates', 'latitude': 43.61815082178444, 'longitude': -116.43504857669423}","{'@type': 'AggregateRating', 'ratingValue': 4.3, 'reviewCount': '21'}"
Tucanos Brazilian Grill (Boise),https://www.ubereats.com/boise/food-delivery/tucanos-brazilian-grill-boise/2AamAqkoSCSX8Qm02h9_Sw,kuna-idaho,"['Steak', 'American', 'Fast Food']",4.5,24,$,43.5924081,-116.2803994,+12083434300,83709,1388 S Entertainment Ave,Boise,ID,"[{'@type': 'OpeningHoursSpecification', 'dayOfWeek': ['Monday', 'Tuesday', 'Wednesday', 'Thursday', 'Friday', 'Saturday'], 'opens': '11:0', 'closes': '20:0'}]","{'@type': 'PostalAddress', 'addressLocality': 'Boise', 'addressRegion': 'ID', 'postalCode': '83709', 'addressCountry': 'US', 'streetAddress': '1388 S Entertainment Ave'}","{'@type': 'GeoCoordinates', 'latitude': 43.5924081, 'longitude': -116.2803994}","{'@type': 'AggregateRating', 'ratingValue': 4.5, 'reviewCount': '24'}"
Quik-Wok,https://www.ubereats.com/boise/food-delivery/quik-wok/xsjqo7XpSLKHhgu1a1NzkA,kuna-idaho,['Chinese'],4.5,59,$,43.590018,-116.241864,+12083422626,83705,4858 W Overland Rd,Boise,ID,"[{'@type': 'OpeningHoursSpecification', 'dayOfWeek': ['Monday', 'Tuesday', 'Wednesday', 'Thursday'], 'opens': '11:30', 'closes': '19:50'}, {'@type': 'OpeningHoursSpecification', 'dayOfWeek': ['Friday', 'Saturday'], 'opens': '11:30', 'closes': '20:50'}]","{'@type': 'PostalAddress', 'addressLocality': 'Boise', 'addressRegion': 'ID', 'postalCode': '83705', 'addressCountry': 'US', 'streetAddress': '4858 W Overland Rd'}","{'@type': 'GeoCoordinates', 'latitude': 43.590018, 'longitude': -116.241864}","{'@type': 'AggregateRating', 'ratingValue': 4.5, 'reviewCount': '59'}"
Coned,https://www.ubereats.com/boise/food-delivery/coned/qmlUW31iQu-7AEiQ-tiyKQ,kuna-idaho,"['Pizza', 'American', 'Italian']",,,$,43.5907146,-116.3573143,+12084094078,83642,2976 E Overland Rd,Meridian,ID,"[{'@type': 'OpeningHoursSpecification', 'dayOfWeek': ['Monday', 'Tuesday', 'Wednesday', 'Thursday', 'Friday', 'Saturday'], 'opens': '11:0', 'closes': '19:30'}]","{'@type': 'PostalAddress', 'addressLocality': 'Meridian', 'addressRegion': 'ID', 'postalCode': '83642', 'addressCountry': 'US', 'streetAddress': '2976 E Overland Rd'}","{'@type': 'GeoCoordinates', 'latitude': 43.5907146, 'longitude': -116.3573143}",{}
Bit Of Italy / Italiantogo,https://www.ubereats.com/boise/food-delivery/bit-of-italy-italiantogo/CtwHp-I9Q3aNx3oJ0dE5XA,kuna-idaho,"['Italian', 'Pasta', 'Comfort Food']",4.4,60,$,43.5780734,-116.5604449,+12084611000,83651,122 12th Ave S,Nampa,ID,"[{'@type': 'OpeningHoursSpecification', 'dayOfWeek': ['Tuesday', 'Wednesday', 'Thursday', 'Friday', 'Saturday'], 'opens': '11:0', 'closes': '20:30'}]","{'@type': 'PostalAddress', 'addressLocality': 'Nampa', 'addressRegion': 'ID', 'postalCode': '83651', 'addressCountry': 'US', 'streetAddress': '122 12th Ave S'}","{'@type': 'GeoCoordinates', 'latitude': 43.5780734, 'longitude': -116.5604449}","{'@type': 'AggregateRating', 'ratingValue': 4.4, 'reviewCount': '60'}"
Good Burger (Meridian),https://www.ubereats.com/boise/food-delivery/good-burger-meridian/pzszfDxjSuKhMJ2kJC3owQ,kuna-idaho,"['Burgers', 'American', 'Sandwiches']",5.0,14,$,43.5990019,-116.3555883,+12089121871,83642,3143 East Magic View Drive,Meridian,ID,"[{'@type': 'OpeningHoursSpecification', 'dayOfWeek': ['Monday', 'Tuesday', 'Wednesday', 'Thursday', 'Friday', 'Saturday'], 'opens': '11:0', 'closes': '20:0'}]","{'@type': 'PostalAddress', 'addressLocality': 'Meridian', 'addressRegion': 'ID', 'postalCode': '83642', 'addressCountry': 'US', 'streetAddress': '3143 East Magic View Drive'}","{'@type': 'GeoCoordinates', 'latitude': 43.5990019, 'longitude': -116.3555883}","{'@type': 'AggregateRating', 'ratingValue': 5, 'reviewCount': '14'}"
Tropical Smoothie Cafe - Calderwood Park,https://www.ubereats.com/boise/food-delivery/tropical-smoothie-cafe-calderwood-park/k8rSVeciSbKrFnxpPW5yVw,kuna-idaho,"['Juice and Smoothies', 'Healthy', 'Salads']",4.8,141,$,43.590013,-116.292961,+12083781177,83709,8925 W Overland Rd,Boise,ID,"[{'@type': 'OpeningHoursSpecification', 'dayOfWeek': 'Sunday', 'opens': '10:0', 'closes': '20:0'}, {'@type': 'OpeningHoursSpecification', 'dayOfWeek': ['Monday', 'Tuesday', 'Wednesday', 'Thursday', 'Friday'], 'opens': '7:0', 'closes': '22:0'}, {'@type': 'OpeningHoursSpecification', 'dayOfWeek': 'Saturday', 'opens': '8:0', 'closes': '22:0'}]","{'@type': 'PostalAddress', 'addressLocality': 'Boise', 'addressRegion': 'ID', 'postalCode': '83709', 'addressCountry': 'US', 'streetAddress': '8925 W Overland Rd'}","{'@type': 'GeoCoordinates', 'latitude': 43.590013, 'longitude': -116.292961}","{'@type': 'AggregateRating', 'ratingValue': 4.8, 'reviewCount': '141'}"
Biscuit & Hogs (West),https://www.ubereats.com/boise/food-delivery/biscuit-%26-hogs-west/xtzQdI6jS-CkAIYrpI2-rA,kuna-idaho,"['Burgers', 'American', 'Sandwiches', 'Allergy Friendly']",4.4,12,$,43.5900628,-116.2344399,+12083432044,83705,4218 W Overland Rd,Boise,ID,"[{'@type': 'OpeningHoursSpecification', 'dayOfWeek': 'Monday', 'opens': '6:0', 'closes': '6:30'}]","{'@type': 'PostalAddress', 'addressLocality': 'Boise', 'addressRegion': 'ID', 'postalCode': '83705', 'addressCountry': 'US', 'streetAddress': '4218 W Overland Rd'}","{'@type': 'GeoCoordinates', 'latitude': 43.5900628, 'longitude': -116.2344399}","{'@type': 'AggregateRating', 'ratingValue': 4.4, 'reviewCount': '12'}"
Dairy Queen - Treat (107 E Water Tower),https://www.ubereats.com/boise/food-delivery/dairy-queen-treat-107-e-water-tower/FXzgoDXGS1mit2RU2HirNQ,kuna-idaho,"['American', 'Fast Food', 'Ice Cream & Frozen Yogurt']",4.6,58,$,43.6001743,-116.3910727,+12088889029,83642,107 E Water Tower,Meridian,ID,"[{'@type': 'OpeningHoursSpecification', 'dayOfWeek': ['Sunday', 'Monday', 'Tuesday', 'Wednesday', 'Thursday'], 'opens': '10:45', 'closes': '21:0'}, {'@type': 'OpeningHoursSpecification', 'dayOfWeek': ['Friday', 'Saturday'], 'opens': '10:45', 'closes': '21:30'}]","{'@type': 'PostalAddress', 'addressLocality': 'Meridian', 'addressRegion': 'ID', 'postalCode': '83642', 'addressCountry': 'US', 'streetAddress': '107 E Water Tower'}","{'@type': 'GeoCoordinates', 'latitude': 43.6001743, 'longitude': -116.3910727}","{'@type': 'AggregateRating', 'ratingValue': 4.6, 'reviewCount': '58'}"
The Creperie Cafe,https://www.ubereats.com/boise/food-delivery/the-creperie-cafe/hW9ImN3ORIeny9R2jIJH5g,kuna-idaho,"['Breakfast and Brunch', 'Desserts']",4.6,39,$,43.589011,-116.277807,+12083752737,83709,7709 W Overland Rd,Boise,ID,"[{'@type': 'OpeningHoursSpecification', 'dayOfWeek': ['Monday', 'Tuesday', 'Wednesday', 'Thursday', 'Friday', 'Saturday', 'Sunday'], 'opens': '12:0', 'closes': '20:0'}]","{'@type': 'PostalAddress', 'addressLocality': 'Boise', 'addressRegion': 'ID', 'postalCode': '83709', 'addressCountry': 'US', 'streetAddress': '7709 W Overland Rd'}","{'@type': 'GeoCoordinates', 'latitude': 43.589011, 'longitude': -116.277807}","{'@type': 'AggregateRating', 'ratingValue': 4.6, 'reviewCount': '39'}"
Corona Village,https://www.ubereats.com/boise/food-delivery/corona-village/2_6354XiRPWt4IFpaVvpOg,kuna-idaho,"['Mexican', 'Latin American', 'New Mexican']",4.1,63,$$,43.6188783,-116.3928784,+12088879348,83642,21 E Fairview Ave,Meridian,ID,"[{'@type': 'OpeningHoursSpecification', 'dayOfWeek': ['Monday', 'Tuesday', 'Wednesday', 'Thursday', 'Friday', 'Saturday', 'Sunday'], 'opens': '11:0', 'closes': '21:0'}]","{'@type': 'PostalAddress', 'addressLocality': 'Meridian', 'addressRegion': 'ID', 'postalCode': '83642', 'addressCountry': 'US', 'streetAddress': '21 E Fairview Ave'}","{'@type': 'GeoCoordinates', 'latitude': 43.6188783, 'longitude': -116.3928784}","{'@type': 'AggregateRating', 'ratingValue': 4.1, 'reviewCount': '63'}"
Papa Murphy's (1545 Linder Road),https://www.ubereats.com/boise/food-delivery/papa-murphys-1545-linder-road/CXZ_8b-MQZ-aPs3Bj4Z97Q,kuna-idaho,['Pizza'],,,$,43.5034094,-116.4148052,+12089229962,83634,1545 Linder Road,Kuna,ID,"[{'@type': 'OpeningHoursSpecification', 'dayOfWeek': ['Monday', 'Tuesday', 'Wednesday', 'Thursday', 'Friday', 'Saturday', 'Sunday'], 'opens': '10:0', 'closes': '21:0'}]","{'@type': 'PostalAddress', 'addressLocality': 'Kuna', 'addressRegion': 'ID', 'postalCode': '83634', 'addressCountry': 'US', 'streetAddress': '1545 Linder Road'}","{'@type': 'GeoCoordinates', 'latitude': 43.5034094, 'longitude': -116.4148052}",{}
Moe Joe's Breakfast Eatery (Meridian),https://www.ubereats.com/boise/food-delivery/moe-joes-breakfast-eatery-meridian/VB4tqCK9T9SGpQStkACIQQ,kuna-idaho,"['Breakfast and Brunch', 'American', 'Sandwiches']",,,$,43.5898381,-116.3573296,+12086298761,83642,2951 E Overland Rd,Meridian,ID,"[{'@type': 'OpeningHoursSpecification', 'dayOfWeek': 'Monday', 'opens': '2:0', 'closes': '2:1'}]","{'@type': 'PostalAddress', 'addressLocality': 'Meridian', 'addressRegion': 'ID', 'postalCode': '83642', 'addressCountry': 'US', 'streetAddress': '2951 E Overland Rd'}","{'@type': 'GeoCoordinates', 'latitude': 43.5898381, 'longitude': -116.3573296}",{}
Biscuit & Hogs,https://www.ubereats.com/boise/food-delivery/biscuit-%26-hogs/LnRhZAZ2TZaHy6il3jTA_A,kuna-idaho,"['Burgers', 'American', 'Sandwiches']",4.4,173,$,43.590709,-116.36812049999999,+12088881506,83642,2032 E Overland Rd,Meridian,ID,"[{'@type': 'OpeningHoursSpecification', 'dayOfWeek': ['Monday', 'Tuesday', 'Wednesday', 'Thursday', 'Friday', 'Saturday', 'Sunday'], 'opens': '7:0', 'closes': '18:0'}]","{'@type': 'PostalAddress', 'addressLocality': 'Meridian', 'addressRegion': 'ID', 'postalCode': '83642', 'addressCountry': 'US', 'streetAddress': '2032 E Overland Rd'}","{'@type': 'GeoCoordinates', 'latitude': 43.590709, 'longitude': -116.36812049999999}","{'@type': 'AggregateRating', 'ratingValue': 4.4, 'reviewCount': '173'}"
The Curb Bar & Grill,https://www.ubereats.com/boise/food-delivery/the-curb-bar-%26-grill/02fQWonqTaCzTynwCU-lqw,kuna-idaho,"['Traditional American', 'Burgers']",4.4,87,$$,43.58892410000001,-116.3930387,+12088550202,83642,1760 S,Meridian,ID,"[{'@type': 'OpeningHoursSpecification', 'dayOfWeek': ['Monday', 'Tuesday', 'Wednesday', 'Thursday', 'Friday', 'Saturday', 'Sunday'], 'opens': '11:0', 'closes': '20:30'}]","{'@type': 'PostalAddress', 'addressLocality': 'Meridian', 'addressRegion': 'ID', 'postalCode': '83642', 'addressCountry': 'US', 'streetAddress': '1760 S'}","{'@type': 'GeoCoordinates', 'latitude': 43.58892410000001, 'longitude': -116.3930387}","{'@type': 'AggregateRating', 'ratingValue': 4.4, 'reviewCount': '87'}"
Cookie Riot,https://www.ubereats.com/boise/food-delivery/cookie-riot/6_2uY_HJQvOrz4P4hrmGEw,kuna-idaho,"['Desserts', 'Vegetarian', 'Coffee and Tea']",,,$,43.548274,-116.291726,+12089181830,83709,8798 W Stirrup St,Boise,ID,"[{'@type': 'OpeningHoursSpecification', 'dayOfWeek': ['Thursday', 'Friday', 'Saturday'], 'opens': '18:30', 'closes': '23:45'}]","{'@type': 'PostalAddress', 'addressLocality': 'Boise', 'addressRegion': 'ID', 'postalCode': '83709', 'addressCountry': 'US', 'streetAddress': '8798 W Stirrup St'}","{'@type': 'GeoCoordinates', 'latitude': 43.548274, 'longitude': -116.291726}",{}
Jon Smith Subs,https://www.ubereats.com/boise/food-delivery/jon-smith-subs/Qv-szJF7QN6hVOTY7Ngn_A,kuna-idaho,"['Sandwiches', 'American', 'Healthy']",4.8,66,$,43.60343109999999,-116.4331834,+12085067861,83642,150 S Ten Mile Rd,Meridian,ID,"[{'@type': 'OpeningHoursSpecification', 'dayOfWeek': ['Monday', 'Tuesday', 'Wednesday', 'Thursday', 'Friday', 'Saturday', 'Sunday'], 'opens': '10:30', 'closes': '15:0'}]","{'@type': 'PostalAddress', 'addressLocality': 'Meridian', 'addressRegion': 'ID', 'postalCode': '83642', 'addressCountry': 'US', 'streetAddress': '150 S Ten Mile Rd'}","{'@type': 'GeoCoordinates', 'latitude': 43.60343109999999, 'longitude': -116.4331834}","{'@type': 'AggregateRating', 'ratingValue': 4.8, 'reviewCount': '66'}"
The Gyro Shack - Magic View,https://www.ubereats.com/boise/food-delivery/the-gyro-shack-magic-view/1gT0FUXHTy-rsB5drfYgSg,kuna-idaho,"['Mediterranean', 'Greek', 'Vegetarian']",4.5,22,$,43.6002266,-116.3649734,+12088885829,83642,3030 E Magic View,Meridian,Idaho,"[{'@type': 'OpeningHoursSpecification', 'dayOfWeek': 'Sunday', 'opens': '11:0', 'closes': '19:45'}, {'@type': 'OpeningHoursSpecification', 'dayOfWeek': ['Monday', 'Tuesday', 'Wednesday', 'Thursday'], 'opens': '10:0', 'closes': '20:45'}, {'@type': 'OpeningHoursSpecification', 'dayOfWeek': ['Friday', 'Saturday'], 'opens': '10:0', 'closes': '21:45'}]","{'@type': 'PostalAddress', 'addressLocality': 'Meridian', 'addressRegion': 'Idaho', 'postalCode': '83642', 'addressCountry': 'US', 'streetAddress': '3030 E Magic View'}","{'@type': 'GeoCoordinates', 'latitude': 43.6002266, 'longitude': -116.3649734}","{'@type': 'AggregateRating', 'ratingValue': 4.5, 'reviewCount': '22'}"
The Gyro Shack (Meridian-Fairview),https://www.ubereats.com/boise/food-delivery/the-gyro-shack-meridian-fairview/cXFFmPK6Q6OCpkOrEy7YDQ,kuna-idaho,"['Greek', 'Mediterranean']",4.6,44,$,43.619694,-116.381046,+12089180011,83642,1050 E Fairview Ave,Meridian,ID,"[{'@type': 'OpeningHoursSpecification', 'dayOfWeek': 'Sunday', 'opens': '11:0', 'closes': '20:45'}, {'@type': 'OpeningHoursSpecification', 'dayOfWeek': ['Monday', 'Tuesday', 'Wednesday', 'Thursday'], 'opens': '10:0', 'closes': '20:45'}, {'@type': 'OpeningHoursSpecification', 'dayOfWeek': ['Friday', 'Saturday'], 'opens': '10:0', 'closes': '21:45'}]","{'@type': 'PostalAddress', 'addressLocality': 'Meridian', 'addressRegion': 'ID', 'postalCode': '83642', 'addressCountry': 'US', 'streetAddress': '1050 E Fairview Ave'}","{'@type': 'GeoCoordinates', 'latitude': 43.619694, 'longitude': -116.381046}","{'@type': 'AggregateRating', 'ratingValue': 4.6, 'reviewCount': '44'}"
Dairy Queen - Treat (1211 12th Ave Rd),https://www.ubereats.com/boise/food-delivery/dairy-queen-treat-1211-12th-ave-rd/eAWGuKlvTSa5iPX01YpvSA,kuna-idaho,"['American', 'Fast Food', 'Ice Cream & Frozen Yogurt']",4.4,95,$,43.55678,-116.573434,+12084637739,83686,1211 12th Ave Rd,Nampa,ID,"[{'@type': 'OpeningHoursSpecification', 'dayOfWeek': ['Sunday', 'Monday', 'Tuesday', 'Wednesday', 'Thursday'], 'opens': '10:30', 'closes': '21:0'}, {'@type': 'OpeningHoursSpecification', 'dayOfWeek': ['Friday', 'Saturday'], 'opens': '10:30', 'closes': '22:0'}]","{'@type': 'PostalAddress', 'addressLocality': 'Nampa', 'addressRegion': 'ID', 'postalCode': '83686', 'addressCountry': 'US', 'streetAddress': '1211 12th Ave Rd'}","{'@type': 'GeoCoordinates', 'latitude': 43.55678, 'longitude': -116.573434}","{'@type': 'AggregateRating', 'ratingValue': 4.4, 'reviewCount': '95'}"
Kona Grill (Boise),https://www.ubereats.com/boise/food-delivery/kona-grill-boise/FtIJXBEBTj-kJNAofgZs4w,kuna-idaho,"['American', 'Asian Fusion']",4.3,173,$$,43.621262047743805,-116.34932729274523,+12089226511,,,,,"[{'@type': 'OpeningHoursSpecification', 'dayOfWeek': 'Sunday', 'opens': '14:0', 'closes': '22:0'}, {'@type': 'OpeningHoursSpecification', 'dayOfWeek': 'Sunday', 'opens': '11:0', 'closes': '14:0'}, {'@type': 'OpeningHoursSpecification', 'dayOfWeek': ['Monday', 'Tuesday', 'Wednesday', 'Thursday'], 'opens': '14:0', 'closes': '23:0'}, {'@type': 'OpeningHoursSpecification', 'dayOfWeek': ['Monday', 'Tuesday', 'Wednesday', 'Thursday'], 'opens': '11:0', 'closes': '14:0'}, {'@type': 'OpeningHoursSpecification', 'dayOfWeek': ['Friday', 'Saturday'], 'opens': '14:0', 'closes': '23:59'}, {'@type': 'OpeningHoursSpecification', 'dayOfWeek': ['Friday', 'Saturday'], 'opens': '11:0', 'closes': '14:0'}]",,"{'@type': 'GeoCoordinates', 'latitude': 43.621262047743805, 'longitude': -116.34932729274523}","{'@type': 'AggregateRating', 'ratingValue': 4.3, 'reviewCount': '173'}"
Sofra Bosnian Grill,https://www.ubereats.com/boise/food-delivery/sofra-bosnian-grill/5tGUZ119RM6SXSxuVfQBkg,kuna-idaho,['Eastern European'],,,$$,43.590034,-116.348976,+12083898690,83642,3665 E Overland Rd,Meridian,ID,"[{'@type': 'OpeningHoursSpecification', 'dayOfWeek': ['Monday', 'Tuesday', 'Wednesday'], 'opens': '11:0', 'closes': '13:50'}, {'@type': 'OpeningHoursSpecification', 'dayOfWeek': ['Thursday', 'Friday', 'Saturday'], 'opens': '11:0', 'closes': '18:50'}]","{'@type': 'PostalAddress', 'addressLocality': 'Meridian', 'addressRegion': 'ID', 'postalCode': '83642', 'addressCountry': 'US', 'streetAddress': '3665 E Overland Rd'}","{'@type': 'GeoCoordinates', 'latitude': 43.590034, 'longitude': -116.348976}",{}
Costa Vida Fresh Mexican Grill - 3340 N EAGLE RD,https://www.ubereats.com/boise/food-delivery/costa-vida-fresh-mexican-grill-3340-n-eagle-rd/On3y_e6_Qr2DtCd5BXZrCA,kuna-idaho,"['Mexican', 'Salads', 'Desserts']",4.7,157,$,43.6349078,-116.3535347,+12088873853,83642,3340 North Eagle Road,Meridian,ID,"[{'@type': 'OpeningHoursSpecification', 'dayOfWeek': ['Monday', 'Tuesday', 'Wednesday', 'Thursday', 'Friday', 'Saturday'], 'opens': '11:0', 'closes': '20:30'}]","{'@type': 'PostalAddress', 'addressLocality': 'Meridian', 'addressRegion': 'ID', 'postalCode': '83642', 'addressCountry': 'US', 'streetAddress': '3340 North Eagle Road'}","{'@type': 'GeoCoordinates', 'latitude': 43.6349078, 'longitude': -116.3535347}","{'@type': 'AggregateRating', 'ratingValue': 4.7, 'reviewCount': '157'}"
Chipotle Mexican Grill (2126 N Eagle Rd Ste 100),https://www.ubereats.com/boise/food-delivery/chipotle-mexican-grill-2126-n-eagle-rd-ste-100/URVKXt2oQkCJ1m8-yU3dYw,kuna-idaho,"['Healthy', 'Mexican']",4.4,200,$,43.6242914,-116.3539568,+12082880595,83646,2126 N Eagle Rd Ste 100,Meridian,ID,"[{'@type': 'OpeningHoursSpecification', 'dayOfWeek': ['Monday', 'Tuesday', 'Wednesday', 'Thursday', 'Friday', 'Saturday', 'Sunday'], 'opens': '10:45', 'closes': '21:40'}]","{'@type': 'PostalAddress', 'addressLocality': 'Meridian', 'addressRegion': 'ID', 'postalCode': '83646', 'addressCountry': 'US', 'streetAddress': '2126 N Eagle Rd Ste 100'}","{'@type': 'GeoCoordinates', 'latitude': 43.6242914, 'longitude': -116.3539568}","{'@type': 'AggregateRating', 'ratingValue': 4.4, 'reviewCount': '200'}"
Cafe Ole - Boise,https://www.ubereats.com/boise/food-delivery/cafe-ole-boise/1IOK-F17Rk2uNiaz6CA22Q,kuna-idaho,"['Mexican', 'Comfort Food', 'Burgers']",4.6,78,$,43.6068908,-116.2814285,+12083220222,83704,210 N Milwaukee St,Boise,ID,"[{'@type': 'OpeningHoursSpecification', 'dayOfWeek': 'Sunday', 'opens': '11:0', 'closes': '21:0'}, {'@type': 'OpeningHoursSpecification', 'dayOfWeek': 'Sunday', 'opens': '11:0', 'closes': '20:0'}, {'@type': 'OpeningHoursSpecification', 'dayOfWeek': ['Monday', 'Tuesday', 'Wednesday', 'Thursday', 'Friday', 'Saturday'], 'opens': '11:0', 'closes': '21:0'}]","{'@type': 'PostalAddress', 'addressLocality': 'Boise', 'addressRegion': 'ID', 'postalCode': '83704', 'addressCountry': 'US', 'streetAddress': '210 N Milwaukee St'}","{'@type': 'GeoCoordinates', 'latitude': 43.6068908, 'longitude': -116.2814285}","{'@type': 'AggregateRating', 'ratingValue': 4.6, 'reviewCount': '78'}"
Arby's (8654),https://www.ubereats.com/boise/food-delivery/arbys-8654/ZHYHjYzrTDyf06SIozoohw,kuna-idaho,"['American', 'Sandwich', 'Comfort Food', 'Fast Food', 'Kids Friendly']",4.8,41,$,43.56298249999999,-116.5733517,+12084651719,83686,611 12Th Avenue Road,Nampa,ID,"[{'@type': 'OpeningHoursSpecification', 'dayOfWeek': ['Sunday', 'Monday', 'Tuesday', 'Wednesday', 'Thursday', 'Friday'], 'opens': '10:0', 'closes': '21:0'}]","{'@type': 'PostalAddress', 'addressLocality': 'Nampa', 'addressRegion': 'ID', 'postalCode': '83686', 'addressCountry': 'US', 'streetAddress': '611 12Th Avenue Road'}","{'@type': 'GeoCoordinates', 'latitude': 43.56298249999999, 'longitude': -116.5733517}","{'@type': 'AggregateRating', 'ratingValue': 4.8, 'reviewCount': '41'}"
Panda Express (1435 N Happy Valley Rd),https://www.ubereats.com/boise/food-delivery/panda-express-1435-n-happy-valley-rd/0Ofr46oFSYSfHYmvdq10Sg,kuna-idaho,['Chinese'],4.2,45,$,43.5968007,-116.5145538,+12084428009,83687,1435 N Happy Valley Rd,Nampa,ID,"[{'@type': 'OpeningHoursSpecification', 'dayOfWeek': 'Sunday', 'opens': '10:30', 'closes': '21:0'}, {'@type': 'OpeningHoursSpecification', 'dayOfWeek': ['Monday', 'Tuesday', 'Wednesday', 'Thursday', 'Friday', 'Saturday'], 'opens': '10:30', 'closes': '21:30'}]","{'@type': 'PostalAddress', 'addressLocality': 'Nampa', 'addressRegion': 'ID', 'postalCode': '83687', 'addressCountry': 'US', 'streetAddress': '1435 N Happy Valley Rd'}","{'@type': 'GeoCoordinates', 'latitude': 43.5968007, 'longitude': -116.5145538}","{'@type': 'AggregateRating', 'ratingValue': 4.2, 'reviewCount': '45'}"
Sa-Wad-Dee Thai Restaurant,https://www.ubereats.com/boise/food-delivery/sa-wad-dee-thai-restaurant/HzzLoZuHQp6hzSbDCoiiqg,kuna-idaho,['Thai'],4.7,200,$$,43.619982,-116.37077,+12088840701,83642,1890 E Fairview Ave,Meridian,ID,"[{'@type': 'OpeningHoursSpecification', 'dayOfWeek': 'Sunday', 'opens': '12:0', 'closes': '19:30'}, {'@type': 'OpeningHoursSpecification', 'dayOfWeek': ['Tuesday', 'Wednesday', 'Thursday', 'Friday'], 'opens': '11:0', 'closes': '20:30'}, {'@type': 'OpeningHoursSpecification', 'dayOfWeek': ['Tuesday', 'Wednesday', 'Thursday', 'Friday'], 'opens': '11:0', 'closes': '15:45'}, {'@type': 'OpeningHoursSpecification', 'dayOfWeek': 'Saturday', 'opens': '12:0', 'closes': '20:30'}]","{'@type': 'PostalAddress', 'addressLocality': 'Meridian', 'addressRegion': 'ID', 'postalCode': '83642', 'addressCountry': 'US', 'streetAddress': '1890 E Fairview Ave'}","{'@type': 'GeoCoordinates', 'latitude': 43.619982, 'longitude': -116.37077}","{'@type': 'AggregateRating', 'ratingValue': 4.7, 'reviewCount': '200'}"
Denny's (2580 Airport Way),https://www.ubereats.com/boise/food-delivery/dennys-2580-airport-way/FyfHpkKGTde7EYpcDt_JCA,kuna-idaho,"['American', 'Breakfast and Brunch', 'Coffee and Tea', 'Dinner', 'Desserts', 'Salads', 'Steak', 'Sandwich']",3.6,34,$$,43.569712,-116.213401,+12083449092,83705,2580 Airport Way,Boise,ID,"[{'@type': 'OpeningHoursSpecification', 'dayOfWeek': ['Monday', 'Tuesday', 'Wednesday', 'Thursday', 'Friday', 'Saturday', 'Sunday'], 'opens': '7:0', 'closes': '22:0'}]","{'@type': 'PostalAddress', 'addressLocality': 'Boise', 'addressRegion': 'ID', 'postalCode': '83705', 'addressCountry': 'US', 'streetAddress': '2580 Airport Way'}","{'@type': 'GeoCoordinates', 'latitude': 43.569712, 'longitude': -116.213401}","{'@type': 'AggregateRating', 'ratingValue': 3.6, 'reviewCount': '34'}"
Ramen Sho,https://www.ubereats.com/boise/food-delivery/ramen-sho/sM512Tm1QwWALEJ7AbRQjQ,kuna-idaho,"['Japanese', 'Asian']",4.7,168,$$,43.60026999999999,-116.3929661,+12082587012,83642,520 S Main St,Meridian,ID,"[{'@type': 'OpeningHoursSpecification', 'dayOfWeek': ['Monday', 'Tuesday', 'Wednesday', 'Thursday', 'Friday', 'Saturday', 'Sunday'], 'opens': '11:30', 'closes': '19:40'}]","{'@type': 'PostalAddress', 'addressLocality': 'Meridian', 'addressRegion': 'ID', 'postalCode': '83642', 'addressCountry': 'US', 'streetAddress': '520 S Main St'}","{'@type': 'GeoCoordinates', 'latitude': 43.60026999999999, 'longitude': -116.3929661}","{'@type': 'AggregateRating', 'ratingValue': 4.7, 'reviewCount': '168'}"
Port of Subs (5844 E. Franklin Rd),https://www.ubereats.com/boise/food-delivery/port-of-subs-5844-e-franklin-rd/Apo_UU55QB2sCoZZM5mJaQ,kuna-idaho,"['Sandwiches', 'American', 'Healthy']",3.9,24,$,43.60551239999999,-116.5110783,+12084420075,83687,5844 E. Franklin Rd,Nampa,ID,"[{'@type': 'OpeningHoursSpecification', 'dayOfWeek': 'Sunday', 'opens': '10:0', 'closes': '17:0'}, {'@type': 'OpeningHoursSpecification', 'dayOfWeek': ['Monday', 'Tuesday', 'Wednesday', 'Thursday', 'Friday', 'Saturday'], 'opens': '10:0', 'closes': '19:0'}]","{'@type': 'PostalAddress', 'addressLocality': 'Nampa', 'addressRegion': 'ID', 'postalCode': '83687', 'addressCountry': 'US', 'streetAddress': '5844 E. Franklin Rd'}","{'@type': 'GeoCoordinates', 'latitude': 43.60551239999999, 'longitude': -116.5110783}","{'@type': 'AggregateRating', 'ratingValue': 3.9, 'reviewCount': '24'}"
The Human Bean (2480 E Gala St.),https://www.ubereats.com/boise/food-delivery/the-human-bean-2480-e-gala-st/5ZyXLJEqRZSoyDV6tUhgOA,kuna-idaho,"['American', 'Bakery', 'Cafe']",,,$,43.5893807,-116.3637674,+12089993113,83642,2480 E Gala St.,Meridian,ID,"[{'@type': 'OpeningHoursSpecification', 'dayOfWeek': ['Monday', 'Tuesday', 'Wednesday', 'Thursday', 'Friday', 'Saturday', 'Sunday'], 'opens': '6:0', 'closes': '19:0'}]","{'@type': 'PostalAddress', 'addressLocality': 'Meridian', 'addressRegion': 'ID', 'postalCode': '83642', 'addressCountry': 'US', 'streetAddress': '2480 E Gala St.'}","{'@type': 'GeoCoordinates', 'latitude': 43.5893807, 'longitude': -116.3637674}",{}
"The Habit Burger Grill (2206 N Eagle Rd, Suite 100)",https://www.ubereats.com/boise/food-delivery/the-habit-burger-grill-2206-n-eagle-rd-suite-100/_145bqBLTzuvk8r3_7z9VQ,kuna-idaho,"['American', 'Burgers']",4.5,140,$,43.625133903671255,-116.35330064504647,+12088959975,,,,,"[{'@type': 'OpeningHoursSpecification', 'dayOfWeek': 'Sunday', 'opens': '10:30', 'closes': '20:45'}, {'@type': 'OpeningHoursSpecification', 'dayOfWeek': ['Monday', 'Tuesday', 'Wednesday', 'Thursday', 'Friday', 'Saturday'], 'opens': '10:30', 'closes': '21:45'}]",,"{'@type': 'GeoCoordinates', 'latitude': 43.625133903671255, 'longitude': -116.35330064504647}","{'@type': 'AggregateRating', 'ratingValue': 4.5, 'reviewCount': '140'}"
The Human Bean (10771 Lake Hazel Rd),https://www.ubereats.com/boise/food-delivery/the-human-bean-10771-lake-hazel-rd/SUjpDOKOTn6QdMoHbqgIRQ,kuna-idaho,"['American', 'Bakery', 'Cafe']",,,$,43.5461391,-116.3155091,+12083621159,83709,10771 Lake Hazel Rd,Boise,ID,"[{'@type': 'OpeningHoursSpecification', 'dayOfWeek': ['Monday', 'Tuesday', 'Wednesday', 'Thursday', 'Friday', 'Saturday', 'Sunday'], 'opens': '6:0', 'closes': '19:0'}]","{'@type': 'PostalAddress', 'addressLocality': 'Boise', 'addressRegion': 'ID', 'postalCode': '83709', 'addressCountry': 'US', 'streetAddress': '10771 Lake Hazel Rd'}","{'@type': 'GeoCoordinates', 'latitude': 43.5461391, 'longitude': -116.3155091}",{}
IHOP (3525 E Fairview Ave),https://www.ubereats.com/boise/food-delivery/ihop-3525-e-fairview-ave/PN9IP-QYTCybpIcGd0GMGw,kuna-idaho,"['American', 'Breakfast and Brunch']",4.5,200,$,43.619141,-116.350956,+12088881216,83642,3525 E Fairview Ave,Meridian,Idaho,"[{'@type': 'OpeningHoursSpecification', 'dayOfWeek': ['Monday', 'Tuesday', 'Wednesday', 'Thursday', 'Friday', 'Saturday', 'Sunday'], 'opens': '0:0', 'closes': '23:49'}]","{'@type': 'PostalAddress', 'addressLocality': 'Meridian', 'addressRegion': 'Idaho', 'postalCode': '83642', 'addressCountry': 'US', 'streetAddress': '3525 E Fairview Ave'}","{'@type': 'GeoCoordinates', 'latitude': 43.619141, 'longitude': -116.350956}","{'@type': 'AggregateRating', 'ratingValue': 4.5, 'reviewCount': '200'}"
Flying Pie Pizzaria,https://www.ubereats.com/boise/food-delivery/flying-pie-pizzaria/d4nvUCXnSXqxupKAkBn4-g,kuna-idaho,"['Pizza', 'American', 'Italian']",4.8,48,$,43.5716334,-116.5697597,+12084537400,83651,1021 12th Ave S,Nampa,ID,"[{'@type': 'OpeningHoursSpecification', 'dayOfWeek': ['Sunday', 'Monday', 'Tuesday', 'Wednesday', 'Thursday'], 'opens': '11:0', 'closes': '21:45'}, {'@type': 'OpeningHoursSpecification', 'dayOfWeek': ['Friday', 'Saturday'], 'opens': '11:0', 'closes': '22:45'}]","{'@type': 'PostalAddress', 'addressLocality': 'Nampa', 'addressRegion': 'ID', 'postalCode': '83651', 'addressCountry': 'US', 'streetAddress': '1021 12th Ave S'}","{'@type': 'GeoCoordinates', 'latitude': 43.5716334, 'longitude': -116.5697597}","{'@type': 'AggregateRating', 'ratingValue': 4.8, 'reviewCount': '48'}"
"Smashburger (3223 East Louise Dr., Ste. 100)",https://www.ubereats.com/boise/food-delivery/smashburger-3223-east-louise-dr-ste-100/3Nkr01rZQECx4Uu1HGu-8Q,kuna-idaho,"['American', 'Burgers']",4.3,197,$$,43.6028922,-116.3539042,+12083190069,83642,3223 East Louise Dr. Ste. 100,Meridian,ID,"[{'@type': 'OpeningHoursSpecification', 'dayOfWeek': 'Sunday', 'opens': '11:0', 'closes': '20:30'}, {'@type': 'OpeningHoursSpecification', 'dayOfWeek': ['Monday', 'Tuesday', 'Wednesday', 'Thursday'], 'opens': '10:30', 'closes': '21:0'}, {'@type': 'OpeningHoursSpecification', 'dayOfWeek': ['Friday', 'Saturday'], 'opens': '10:30', 'closes': '21:30'}]","{'@type': 'PostalAddress', 'addressLocality': 'Meridian', 'addressRegion': 'ID', 'postalCode': '83642', 'addressCountry': 'US', 'streetAddress': '3223 East Louise Dr. Ste. 100'}","{'@type': 'GeoCoordinates', 'latitude': 43.6028922, 'longitude': -116.3539042}","{'@type': 'AggregateRating', 'ratingValue': 4.3, 'reviewCount': '197'}"
Cafe Zupas (2148 North Eagle Rd.),https://www.ubereats.com/boise/food-delivery/cafe-zupas-2148-north-eagle-rd/Zbr6j5rPT9-SDJ-wt9FAIg,kuna-idaho,"['American', 'Salads', 'Sandwich']",4.7,133,$$,43.6246145,-116.3537043,+12084012155,83646,2148 North Eagle Rd.,Meridian,ID,"[{'@type': 'OpeningHoursSpecification', 'dayOfWeek': ['Monday', 'Tuesday', 'Wednesday', 'Thursday'], 'opens': '10:30', 'closes': '20:30'}, {'@type': 'OpeningHoursSpecification', 'dayOfWeek': ['Friday', 'Saturday'], 'opens': '10:30', 'closes': '21:30'}]","{'@type': 'PostalAddress', 'addressLocality': 'Meridian', 'addressRegion': 'ID', 'postalCode': '83646', 'addressCountry': 'US', 'streetAddress': '2148 North Eagle Rd.'}","{'@type': 'GeoCoordinates', 'latitude': 43.6246145, 'longitude': -116.3537043}","{'@type': 'AggregateRating', 'ratingValue': 4.7, 'reviewCount': '133'}"
Shige Japanese Cuisine,https://www.ubereats.com/boise/food-delivery/shige-japanese-cuisine/2rftUPu7QEiKXfgR0az_cw,kuna-idaho,"['Japanese', 'Sushi']",4.5,45,$$,43.6003666,-116.3930123,+12089226436,83642,520 S,Meridian,ID,"[{'@type': 'OpeningHoursSpecification', 'dayOfWeek': 'Sunday', 'opens': '12:0', 'closes': '20:0'}, {'@type': 'OpeningHoursSpecification', 'dayOfWeek': 'Sunday', 'opens': '12:0', 'closes': '14:0'}, {'@type': 'OpeningHoursSpecification', 'dayOfWeek': 'Sunday', 'opens': '17:0', 'closes': '20:30'}, {'@type': 'OpeningHoursSpecification', 'dayOfWeek': ['Monday', 'Tuesday', 'Wednesday', 'Thursday', 'Friday', 'Saturday'], 'opens': '12:0', 'closes': '20:0'}, {'@type': 'OpeningHoursSpecification', 'dayOfWeek': ['Monday', 'Tuesday', 'Wednesday', 'Thursday', 'Friday', 'Saturday'], 'opens': '11:30', 'closes': '14:0'}, {'@type': 'OpeningHoursSpecification', 'dayOfWeek': ['Monday', 'Tuesday', 'Wednesday', 'Thursday', 'Friday', 'Saturday'], 'opens': '17:0', 'closes': '21:0'}]","{'@type': 'PostalAddress', 'addressLocality': 'Meridian', 'addressRegion': 'ID', 'postalCode': '83642', 'addressCountry': 'US', 'streetAddress': '520 S'}","{'@type': 'GeoCoordinates', 'latitude': 43.6003666, 'longitude': -116.3930123}","{'@type': 'AggregateRating', 'ratingValue': 4.5, 'reviewCount': '45'}"
El Tenampa,https://www.ubereats.com/boise/food-delivery/el-tenampa/W2--5S_gS3aA2k9mI4RwQA,kuna-idaho,"['Mexican', 'Vegetarian Friendly', 'Seafood']",,,$,43.588037,-116.279567,+12083758044,83709,7802 W Spectrum St,Boise,ID,"[{'@type': 'OpeningHoursSpecification', 'dayOfWeek': 'Sunday', 'opens': '10:0', 'closes': '20:44'}, {'@type': 'OpeningHoursSpecification', 'dayOfWeek': 'Sunday', 'opens': '15:0', 'closes': '20:45'}, {'@type': 'OpeningHoursSpecification', 'dayOfWeek': 'Sunday', 'opens': '11:0', 'closes': '22:0'}, {'@type': 'OpeningHoursSpecification', 'dayOfWeek': ['Monday', 'Tuesday', 'Wednesday', 'Thursday', 'Friday'], 'opens': '10:0', 'closes': '20:44'}, {'@type': 'OpeningHoursSpecification', 'dayOfWeek': ['Monday', 'Tuesday', 'Wednesday', 'Thursday', 'Friday'], 'opens': '15:0', 'closes': '20:45'}, {'@type': 'OpeningHoursSpecification', 'dayOfWeek': 'Saturday', 'opens': '10:0', 'closes': '20:44'}, {'@type': 'OpeningHoursSpecification', 'dayOfWeek': 'Saturday', 'opens': '15:0', 'closes': '20:45'}, {'@type': 'OpeningHoursSpecification', 'dayOfWeek': 'Saturday', 'opens': '11:0', 'closes': '22:0'}]","{'@type': 'PostalAddress', 'addressLocality': 'Boise', 'addressRegion': 'ID', 'postalCode': '83709', 'addressCountry': 'US', 'streetAddress': '7802 W Spectrum St'}","{'@type': 'GeoCoordinates', 'latitude': 43.588037, 'longitude': -116.279567}",{}
The Gyro Shack (Overland),https://www.ubereats.com/boise/food-delivery/the-gyro-shack-overland/_60SrJ0CTVKIuTfGxraAjQ,kuna-idaho,['Greek'],4.4,94,$,43.58911980000001,-116.2675948,+12083757424,83709,6935 W Overland Rd,Boise,ID,"[{'@type': 'OpeningHoursSpecification', 'dayOfWeek': 'Sunday', 'opens': '11:0', 'closes': '20:45'}, {'@type': 'OpeningHoursSpecification', 'dayOfWeek': ['Monday', 'Tuesday', 'Wednesday', 'Thursday'], 'opens': '10:0', 'closes': '20:45'}, {'@type': 'OpeningHoursSpecification', 'dayOfWeek': ['Friday', 'Saturday'], 'opens': '10:0', 'closes': '21:45'}]","{'@type': 'PostalAddress', 'addressLocality': 'Boise', 'addressRegion': 'ID', 'postalCode': '83709', 'addressCountry': 'US', 'streetAddress': '6935 W Overland Rd'}","{'@type': 'GeoCoordinates', 'latitude': 43.58911980000001, 'longitude': -116.2675948}","{'@type': 'AggregateRating', 'ratingValue': 4.4, 'reviewCount': '94'}"
Quik Wok Restaurant,https://www.ubereats.com/boise/food-delivery/quik-wok-restaurant/z4YdzYhrRf6tmUKfpJ4Mig,kuna-idaho,"['Chinese', 'Asian', 'Korean']",4.2,125,$,43.618898,-116.358086,+12088883373,83642,3055 E Fairview Ave,Meridian,ID,"[{'@type': 'OpeningHoursSpecification', 'dayOfWeek': 'Sunday', 'opens': '11:30', 'closes': '22:30'}, {'@type': 'OpeningHoursSpecification', 'dayOfWeek': ['Tuesday', 'Wednesday', 'Thursday'], 'opens': '11:30', 'closes': '22:30'}, {'@type': 'OpeningHoursSpecification', 'dayOfWeek': ['Friday', 'Saturday'], 'opens': '11:0', 'closes': '23:30'}]","{'@type': 'PostalAddress', 'addressLocality': 'Meridian', 'addressRegion': 'ID', 'postalCode': '83642', 'addressCountry': 'US', 'streetAddress': '3055 E Fairview Ave'}","{'@type': 'GeoCoordinates', 'latitude': 43.618898, 'longitude': -116.358086}","{'@type': 'AggregateRating', 'ratingValue': 4.2, 'reviewCount': '125'}"
Buffalo Wild Wings (3223 E Louise Dr),https://www.ubereats.com/boise/food-delivery/buffalo-wild-wings-3223-e-louise-dr/aLj7cPGPQTq9SaOUg1nErw,kuna-idaho,"['wings', 'Chicken', 'American']",4.1,152,$$,43.6028922,-116.3539042,+12082885485,83642,3223 E Louise Dr,Meridian,ID,"[{'@type': 'OpeningHoursSpecification', 'dayOfWeek': ['Sunday', 'Monday'], 'opens': '11:0', 'closes': '22:0'}, {'@type': 'OpeningHoursSpecification', 'dayOfWeek': ['Tuesday', 'Wednesday', 'Thursday', 'Friday', 'Saturday'], 'opens': '11:0', 'closes': '23:0'}]","{'@type': 'PostalAddress', 'addressLocality': 'Meridian', 'addressRegion': 'ID', 'postalCode': '83642', 'addressCountry': 'US', 'streetAddress': '3223 E Louise Dr'}","{'@type': 'GeoCoordinates', 'latitude': 43.6028922, 'longitude': -116.3539042}","{'@type': 'AggregateRating', 'ratingValue': 4.1, 'reviewCount': '152'}"
Taco Bell (985 N Meridian Road),https://www.ubereats.com/boise/food-delivery/taco-bell-985-n-meridian-road/oMbRh8_pSNqVIfeVr1AT3w,kuna-idaho,"['Burritos', 'Fast Food', 'Mexican']",3.6,50,$,43.4978685,-116.3944622,+12089225170,83634,985 N Meridian Road,Kuna,ID,"[{'@type': 'OpeningHoursSpecification', 'dayOfWeek': ['Sunday', 'Monday', 'Tuesday', 'Wednesday', 'Thursday'], 'opens': '14:0', 'closes': '17:0'}, {'@type': 'OpeningHoursSpecification', 'dayOfWeek': ['Sunday', 'Monday', 'Tuesday', 'Wednesday', 'Thursday'], 'opens': '7:0', 'closes': '0:30'}, {'@type': 'OpeningHoursSpecification', 'dayOfWeek': ['Sunday', 'Monday', 'Tuesday', 'Wednesday', 'Thursday'], 'opens': '7:0', 'closes': '10:30'}, {'@type': 'OpeningHoursSpecification', 'dayOfWeek': ['Friday', 'Saturday'], 'opens': '14:0', 'closes': '17:0'}, {'@type': 'OpeningHoursSpecification', 'dayOfWeek': ['Friday', 'Saturday'], 'opens': '7:0', 'closes': '10:30'}, {'@type': 'OpeningHoursSpecification', 'dayOfWeek': ['Friday', 'Saturday'], 'opens': '7:0', 'closes': '1:30'}]","{'@type': 'PostalAddress', 'addressLocality': 'Kuna', 'addressRegion': 'ID', 'postalCode': '83634', 'addressCountry': 'US', 'streetAddress': '985 N Meridian Road'}","{'@type': 'GeoCoordinates', 'latitude': 43.4978685, 'longitude': -116.3944622}","{'@type': 'AggregateRating', 'ratingValue': 3.6, 'reviewCount': '50'}"
Applebee's (1460 N. Eagle Road) #84089,https://www.ubereats.com/boise/food-delivery/applebees-1460-n-eagle-road-%2384089/1f5AIsCuRRWlD9PXmaWRew,kuna-idaho,"['American', 'Bar Food', 'BBQ', 'burger', 'Chicken Strips', 'Comfort Food', 'Dinner', 'pasta', 'salad', 'Sandwich', 'Soup', 'Steak', 'Traditional American', 'wings']",4.5,148,$$,43.61808389999999,-116.3538815,+12088550343,83642,1460 N Eagle Rd,Meridian,ID,"[{'@type': 'OpeningHoursSpecification', 'dayOfWeek': ['Sunday', 'Monday', 'Tuesday', 'Wednesday', 'Thursday'], 'opens': '11:0', 'closes': '22:30'}, {'@type': 'OpeningHoursSpecification', 'dayOfWeek': ['Sunday', 'Monday', 'Tuesday', 'Wednesday', 'Thursday'], 'opens': '16:0', 'closes': '21:30'}, {'@type': 'OpeningHoursSpecification', 'dayOfWeek': ['Friday', 'Saturday'], 'opens': '11:0', 'closes': '23:29'}, {'@type': 'OpeningHoursSpecification', 'dayOfWeek': ['Friday', 'Saturday'], 'opens': '16:0', 'closes': '21:30'}]","{'@type': 'PostalAddress', 'addressLocality': 'Meridian', 'addressRegion': 'ID', 'postalCode': '83642', 'addressCountry': 'US', 'streetAddress': '1460 N Eagle Rd'}","{'@type': 'GeoCoordinates', 'latitude': 43.61808389999999, 'longitude': -116.3538815}","{'@type': 'AggregateRating', 'ratingValue': 4.5, 'reviewCount': '148'}"
The Tortilla Factory Mexican Grill,https://www.ubereats.com/boise/food-delivery/the-tortilla-factory-mexican-grill/NjdkdQn8TtO1X8kAjXHK_Q,kuna-idaho,['Mexican'],4.7,200,$,43.591176,-116.280183,+12086582325,83709,1492 S Entertainment Ave,Boise,ID,"[{'@type': 'OpeningHoursSpecification', 'dayOfWeek': ['Monday', 'Tuesday', 'Wednesday', 'Thursday', 'Friday', 'Saturday', 'Sunday'], 'opens': '10:30', 'closes': '20:30'}]","{'@type': 'PostalAddress', 'addressLocality': 'Boise', 'addressRegion': 'ID', 'postalCode': '83709', 'addressCountry': 'US', 'streetAddress': '1492 S Entertainment Ave'}","{'@type': 'GeoCoordinates', 'latitude': 43.591176, 'longitude': -116.280183}","{'@type': 'AggregateRating', 'ratingValue': 4.7, 'reviewCount': '200'}"
Grant's Neighborhood Grill,https://www.ubereats.com/boise/food-delivery/grants-neighborhood-grill/JwUkD2qGTG6x9H7VEvcBLw,kuna-idaho,"['Burgers', 'American', 'Sandwiches']",,,$,43.6187649,-116.4156898,+12088844278,83646,1835 W Cherry Lane,"Meridian, Idaho",ID,"[{'@type': 'OpeningHoursSpecification', 'dayOfWeek': ['Tuesday', 'Wednesday', 'Thursday', 'Friday', 'Saturday'], 'opens': '11:0', 'closes': '19:30'}]","{'@type': 'PostalAddress', 'addressLocality': 'Meridian, Idaho', 'addressRegion': 'ID', 'postalCode': '83646', 'addressCountry': 'US', 'streetAddress': '1835 W Cherry Lane'}","{'@type': 'GeoCoordinates', 'latitude': 43.6187649, 'longitude': -116.4156898}",{}
The Goodness Land,https://www.ubereats.com/boise/food-delivery/the-goodness-land/TgtID3hZTTKvqYGAWfeaEA,kuna-idaho,"['Middle Eastern', 'Lebanese']",4.6,57,$,43.589524,-116.262871,+12088055866,83709,6555 W Overland Rd,Boise,ID,"[{'@type': 'OpeningHoursSpecification', 'dayOfWeek': ['Sunday', 'Monday', 'Tuesday', 'Wednesday', 'Thursday'], 'opens': '11:30', 'closes': '23:0'}, {'@type': 'OpeningHoursSpecification', 'dayOfWeek': ['Friday', 'Saturday'], 'opens': '11:30', 'closes': '23:30'}]","{'@type': 'PostalAddress', 'addressLocality': 'Boise', 'addressRegion': 'ID', 'postalCode': '83709', 'addressCountry': 'US', 'streetAddress': '6555 W Overland Rd'}","{'@type': 'GeoCoordinates', 'latitude': 43.589524, 'longitude': -116.262871}","{'@type': 'AggregateRating', 'ratingValue': 4.6, 'reviewCount': '57'}"
Sonic (4936 Linder Road),https://www.ubereats.com/boise/food-delivery/sonic-4936-linder-road/iPfA5GeTTj24-H4tlw93lw,kuna-idaho,"['American', 'Burgers', 'Breakfast and Brunch', 'Fast Food']",4.3,78,$$,43.6494345,-116.4132111,+12088882070,83646,4936 Linder Road,Meridian,ID,"[{'@type': 'OpeningHoursSpecification', 'dayOfWeek': ['Monday', 'Tuesday', 'Wednesday', 'Thursday', 'Friday', 'Saturday', 'Sunday'], 'opens': '6:0', 'closes': '23:0'}]","{'@type': 'PostalAddress', 'addressLocality': 'Meridian', 'addressRegion': 'ID', 'postalCode': '83646', 'addressCountry': 'US', 'streetAddress': '4936 Linder Road'}","{'@type': 'GeoCoordinates', 'latitude': 43.6494345, 'longitude': -116.4132111}","{'@type': 'AggregateRating', 'ratingValue': 4.3, 'reviewCount': '78'}"
Ling & Louie's Asian Bar and Grill,https://www.ubereats.com/boise/food-delivery/ling-%26-louies-asian-bar-and-grill/L-IT-qsCRIOv8rrHcqT0vg,kuna-idaho,"['Asian Fusion', 'Chinese', 'Sushi']",4.7,186,$$,43.603344,-116.354122,+12088885000,83642,3210 E Louise Dr,Meridian,ID,"[{'@type': 'OpeningHoursSpecification', 'dayOfWeek': 'Sunday', 'opens': '11:0', 'closes': '20:30'}, {'@type': 'OpeningHoursSpecification', 'dayOfWeek': 'Sunday', 'opens': '11:0', 'closes': '15:0'}, {'@type': 'OpeningHoursSpecification', 'dayOfWeek': 'Sunday', 'opens': '15:0', 'closes': '20:30'}, {'@type': 'OpeningHoursSpecification', 'dayOfWeek': 'Sunday', 'opens': '11:0', 'closes': '21:0'}, {'@type': 'OpeningHoursSpecification', 'dayOfWeek': ['Monday', 'Tuesday', 'Wednesday', 'Thursday'], 'opens': '11:0', 'closes': '20:30'}, {'@type': 'OpeningHoursSpecification', 'dayOfWeek': ['Monday', 'Tuesday', 'Wednesday', 'Thursday'], 'opens': '11:0', 'closes': '15:0'}, {'@type': 'OpeningHoursSpecification', 'dayOfWeek': ['Monday', 'Tuesday', 'Wednesday', 'Thursday'], 'opens': '15:0', 'closes': '21:30'}, {'@type': 'OpeningHoursSpecification', 'dayOfWeek': ['Monday', 'Tuesday', 'Wednesday', 'Thursday'], 'opens': '11:0', 'closes': '22:0'}, {'@type': 'OpeningHoursSpecification', 'dayOfWeek': ['Friday', 'Saturday'], 'opens': '11:0', 'closes': '21:30'}, {'@type': 'OpeningHoursSpecification', 'dayOfWeek': ['Friday', 'Saturday'], 'opens': '11:0', 'closes': '15:0'}, {'@type': 'OpeningHoursSpecification', 'dayOfWeek': ['Friday', 'Saturday'], 'opens': '15:0', 'closes': '22:30'}, {'@type': 'OpeningHoursSpecification', 'dayOfWeek': ['Friday', 'Saturday'], 'opens': '11:0', 'closes': '23:0'}]","{'@type': 'PostalAddress', 'addressLocality': 'Meridian', 'addressRegion': 'ID', 'postalCode': '83642', 'addressCountry': 'US', 'streetAddress': '3210 E Louise Dr'}","{'@type': 'GeoCoordinates', 'latitude': 43.603344, 'longitude': -116.354122}","{'@type': 'AggregateRating', 'ratingValue': 4.7, 'reviewCount': '186'}"
Jack in the Box (3010 E Goldstone Dr Unit E),https://www.ubereats.com/boise/food-delivery/jack-in-the-box-3010-e-goldstone-dr-unit-e/QLd2t_4QSzmVJnMYevyk0w,kuna-idaho,"['American', 'burger', 'Fast Food']",4.5,44,$,43.5862331,-116.3552657,+12088843755,83642,3010 E Goldstone Dr Unit E,Meridian,ID,"[{'@type': 'OpeningHoursSpecification', 'dayOfWeek': ['Monday', 'Tuesday', 'Wednesday', 'Thursday', 'Friday', 'Saturday', 'Sunday'], 'opens': '6:0', 'closes': '0:0'}]","{'@type': 'PostalAddress', 'addressLocality': 'Meridian', 'addressRegion': 'ID', 'postalCode': '83642', 'addressCountry': 'US', 'streetAddress': '3010 E Goldstone Dr Unit E'}","{'@type': 'GeoCoordinates', 'latitude': 43.5862331, 'longitude': -116.3552657}","{'@type': 'AggregateRating', 'ratingValue': 4.5, 'reviewCount': '44'}"
Sonic (8777 W. Overland Road),https://www.ubereats.com/boise/food-delivery/sonic-8777-w-overland-road/YZEiABlSQH6GVA29SdkIjQ,kuna-idaho,"['American', 'Burgers', 'Breakfast and Brunch', 'Fast Food']",4.3,165,$$,43.5898963,-116.2913111,+12083222605,83709,8777 W. Overland Road,Boise,ID,"[{'@type': 'OpeningHoursSpecification', 'dayOfWeek': ['Monday', 'Tuesday', 'Wednesday', 'Thursday', 'Friday', 'Saturday', 'Sunday'], 'opens': '6:0', 'closes': '22:0'}]","{'@type': 'PostalAddress', 'addressLocality': 'Boise', 'addressRegion': 'ID', 'postalCode': '83709', 'addressCountry': 'US', 'streetAddress': '8777 W. Overland Road'}","{'@type': 'GeoCoordinates', 'latitude': 43.5898963, 'longitude': -116.2913111}","{'@type': 'AggregateRating', 'ratingValue': 4.3, 'reviewCount': '165'}"
C4 Creamery,https://www.ubereats.com/boise/food-delivery/c4-creamery/R13_mRQJQb6ITaWC7nI9BA,kuna-idaho,"['Ice Cream & Frozen Yogurt', 'Comfort Food', 'Desserts']",4.6,74,$,43.5749369,-116.2745452,+12085596315,83709,3037 S Cole Rd,Boise,ID,"[{'@type': 'OpeningHoursSpecification', 'dayOfWeek': 'Sunday', 'opens': '14:0', 'closes': '22:0'}, {'@type': 'OpeningHoursSpecification', 'dayOfWeek': ['Monday', 'Tuesday', 'Wednesday', 'Thursday'], 'opens': '17:0', 'closes': '22:0'}, {'@type': 'OpeningHoursSpecification', 'dayOfWeek': 'Friday', 'opens': '17:0', 'closes': '23:0'}, {'@type': 'OpeningHoursSpecification', 'dayOfWeek': 'Saturday', 'opens': '12:0', 'closes': '23:0'}]","{'@type': 'PostalAddress', 'addressLocality': 'Boise', 'addressRegion': 'ID', 'postalCode': '83709', 'addressCountry': 'US', 'streetAddress': '3037 S Cole Rd'}","{'@type': 'GeoCoordinates', 'latitude': 43.5749369, 'longitude': -116.2745452}","{'@type': 'AggregateRating', 'ratingValue': 4.6, 'reviewCount': '74'}"
Happy Teriyaki - Kuna,https://www.ubereats.com/boise/food-delivery/happy-teriyaki-kuna/L3juS5o6SUOZK3Ss79MzUw,kuna-idaho,"['Japanese', 'Asian', 'Sushi']",,,$,43.489647,-116.40485,+12082848322,83634,726 East Avalon Street,Kuna,ID,"[{'@type': 'OpeningHoursSpecification', 'dayOfWeek': ['Monday', 'Tuesday', 'Wednesday', 'Thursday', 'Friday', 'Saturday'], 'opens': '11:0', 'closes': '20:30'}, {'@type': 'OpeningHoursSpecification', 'dayOfWeek': ['Monday', 'Tuesday', 'Wednesday', 'Thursday', 'Friday', 'Saturday'], 'opens': '11:0', 'closes': '15:0'}]","{'@type': 'PostalAddress', 'addressLocality': 'Kuna', 'addressRegion': 'ID', 'postalCode': '83634', 'addressCountry': 'US', 'streetAddress': '726 East Avalon Street'}","{'@type': 'GeoCoordinates', 'latitude': 43.489647, 'longitude': -116.40485}",{}
Taco Bell (4226 GARRITY BLVD),https://www.ubereats.com/boise/food-delivery/taco-bell-4226-garrity-blvd/nPkovUkIQgCdK1Y_worM-Q,kuna-idaho,"['Burritos', 'Fast Food', 'Mexican']",4.0,43,$,43.5945664,-116.5185605,+12084611864,83687,4226 GARRITY BLVD,Nampa,ID,"[{'@type': 'OpeningHoursSpecification', 'dayOfWeek': ['Sunday', 'Monday', 'Tuesday', 'Wednesday', 'Thursday'], 'opens': '14:0', 'closes': '17:0'}, {'@type': 'OpeningHoursSpecification', 'dayOfWeek': ['Sunday', 'Monday', 'Tuesday', 'Wednesday', 'Thursday'], 'opens': '7:0', 'closes': '0:30'}, {'@type': 'OpeningHoursSpecification', 'dayOfWeek': ['Sunday', 'Monday', 'Tuesday', 'Wednesday', 'Thursday'], 'opens': '7:0', 'closes': '10:30'}, {'@type': 'OpeningHoursSpecification', 'dayOfWeek': ['Friday', 'Saturday'], 'opens': '14:0', 'closes': '17:0'}, {'@type': 'OpeningHoursSpecification', 'dayOfWeek': ['Friday', 'Saturday'], 'opens': '7:0', 'closes': '10:30'}, {'@type': 'OpeningHoursSpecification', 'dayOfWeek': ['Friday', 'Saturday'], 'opens': '7:0', 'closes': '1:30'}]","{'@type': 'PostalAddress', 'addressLocality': 'Nampa', 'addressRegion': 'ID', 'postalCode': '83687', 'addressCountry': 'US', 'streetAddress': '4226 GARRITY BLVD'}","{'@type': 'GeoCoordinates', 'latitude': 43.5945664, 'longitude': -116.5185605}","{'@type': 'AggregateRating', 'ratingValue': 4, 'reviewCount': '43'}"
Panda Express (750 South Progress Ave),https://www.ubereats.com/boise/food-delivery/panda-express-750-south-progress-ave/SQ7SOz95R0act8RNb5TcnQ,kuna-idaho,['Chinese'],4.5,190,$$,43.597287,-116.390161,+12088879908,83642,750 S Progress Ave,Meridian,Idaho,"[{'@type': 'OpeningHoursSpecification', 'dayOfWeek': 'Sunday', 'opens': '11:0', 'closes': '20:30'}, {'@type': 'OpeningHoursSpecification', 'dayOfWeek': ['Monday', 'Tuesday', 'Wednesday', 'Thursday', 'Friday', 'Saturday'], 'opens': '10:30', 'closes': '21:30'}]","{'@type': 'PostalAddress', 'addressLocality': 'Meridian', 'addressRegion': 'Idaho', 'postalCode': '83642', 'addressCountry': 'US', 'streetAddress': '750 S Progress Ave'}","{'@type': 'GeoCoordinates', 'latitude': 43.597287, 'longitude': -116.390161}","{'@type': 'AggregateRating', 'ratingValue': 4.5, 'reviewCount': '190'}"
Happy Teriyaki (Meridian),https://www.ubereats.com/boise/food-delivery/happy-teriyaki-meridian/kgKK-vCfScu0xVrein7pyg,kuna-idaho,"['Asian', 'Asian Fusion', 'Seafood']",4.6,135,$,43.6034051,-116.4332016,+12082848322,83642,150 S Ten Mile Rd,Meridian,ID,"[{'@type': 'OpeningHoursSpecification', 'dayOfWeek': ['Monday', 'Tuesday', 'Wednesday', 'Thursday', 'Friday', 'Saturday'], 'opens': '11:0', 'closes': '20:30'}, {'@type': 'OpeningHoursSpecification', 'dayOfWeek': ['Monday', 'Tuesday', 'Wednesday', 'Thursday', 'Friday', 'Saturday'], 'opens': '11:0', 'closes': '15:0'}]","{'@type': 'PostalAddress', 'addressLocality': 'Meridian', 'addressRegion': 'ID', 'postalCode': '83642', 'addressCountry': 'US', 'streetAddress': '150 S Ten Mile Rd'}","{'@type': 'GeoCoordinates', 'latitude': 43.6034051, 'longitude': -116.4332016}","{'@type': 'AggregateRating', 'ratingValue': 4.6, 'reviewCount': '135'}"
Flying Pie Pizzaria,https://www.ubereats.com/boise/food-delivery/flying-pie-pizzaria/JgzpgYYeTIuOAV9KWtQ4WA,kuna-idaho,"['Pizza', 'American', 'Italian']",4.7,96,$,43.5991254,-116.3926525,+12088889500,83642,601 S Main St,Meridian,ID,"[{'@type': 'OpeningHoursSpecification', 'dayOfWeek': ['Sunday', 'Monday', 'Tuesday', 'Wednesday', 'Thursday'], 'opens': '11:0', 'closes': '21:45'}, {'@type': 'OpeningHoursSpecification', 'dayOfWeek': ['Friday', 'Saturday'], 'opens': '11:0', 'closes': '22:45'}]","{'@type': 'PostalAddress', 'addressLocality': 'Meridian', 'addressRegion': 'ID', 'postalCode': '83642', 'addressCountry': 'US', 'streetAddress': '601 S Main St'}","{'@type': 'GeoCoordinates', 'latitude': 43.5991254, 'longitude': -116.3926525}","{'@type': 'AggregateRating', 'ratingValue': 4.7, 'reviewCount': '96'}"
Chapala Mexican Restaurant (S. Vinnell),https://www.ubereats.com/boise/food-delivery/chapala-mexican-restaurant-s-vinnell/kJxSggGUTQ25PQcH7Rwxzg,kuna-idaho,"['Mexican', 'Latin American', 'New Mexican']",4.6,52,$,43.5911295,-116.2862117,+12083755315,83709,1469 South Vinnell Way,Boise,ID,"[{'@type': 'OpeningHoursSpecification', 'dayOfWeek': 'Sunday', 'opens': '12:0', 'closes': '20:0'}, {'@type': 'OpeningHoursSpecification', 'dayOfWeek': ['Monday', 'Tuesday', 'Wednesday', 'Thursday'], 'opens': '11:0', 'closes': '20:0'}, {'@type': 'OpeningHoursSpecification', 'dayOfWeek': 'Friday', 'opens': '11:0', 'closes': '21:0'}, {'@type': 'OpeningHoursSpecification', 'dayOfWeek': 'Saturday', 'opens': '11:0', 'closes': '20:30'}]","{'@type': 'PostalAddress', 'addressLocality': 'Boise', 'addressRegion': 'ID', 'postalCode': '83709', 'addressCountry': 'US', 'streetAddress': '1469 South Vinnell Way'}","{'@type': 'GeoCoordinates', 'latitude': 43.5911295, 'longitude': -116.2862117}","{'@type': 'AggregateRating', 'ratingValue': 4.6, 'reviewCount': '52'}"
KFC (8440 West Overland Road),https://www.ubereats.com/boise/food-delivery/kfc-8440-west-overland-road/SMmgBPMiSVKgvH-Fyoq7VQ,kuna-idaho,"['American', 'Fast Food', 'wings']",4.1,95,$,43.59061490000001,-116.2869883,+12083226372,83709,8440 West Overland Road,Boise,ID,"[{'@type': 'OpeningHoursSpecification', 'dayOfWeek': ['Monday', 'Tuesday', 'Wednesday', 'Thursday', 'Friday', 'Saturday', 'Sunday'], 'opens': '10:30', 'closes': '21:30'}]","{'@type': 'PostalAddress', 'addressLocality': 'Boise', 'addressRegion': 'ID', 'postalCode': '83709', 'addressCountry': 'US', 'streetAddress': '8440 West Overland Road'}","{'@type': 'GeoCoordinates', 'latitude': 43.59061490000001, 'longitude': -116.2869883}","{'@type': 'AggregateRating', 'ratingValue': 4.1, 'reviewCount': '95'}"
Dickeys BBQ Pit (1807 12th Avenue Rd.),https://www.ubereats.com/boise/food-delivery/dickeys-bbq-pit-1807-12th-avenue-rd/JL3lvl1dS8-0AC-c5pWjAQ,kuna-idaho,"['BBQ', 'American', 'Wings', 'Sandwich', 'Family Meals']",4.4,70,$$,43.550532,-116.5733779,+12084610600,83686,1807 12th Avenue Rd.,Nampa,ID,"[{'@type': 'OpeningHoursSpecification', 'dayOfWeek': ['Monday', 'Tuesday', 'Wednesday', 'Thursday', 'Friday', 'Saturday', 'Sunday'], 'opens': '11:0', 'closes': '21:0'}]","{'@type': 'PostalAddress', 'addressLocality': 'Nampa', 'addressRegion': 'ID', 'postalCode': '83686', 'addressCountry': 'US', 'streetAddress': '1807 12th Avenue Rd.'}","{'@type': 'GeoCoordinates', 'latitude': 43.550532, 'longitude': -116.5733779}","{'@type': 'AggregateRating', 'ratingValue': 4.4, 'reviewCount': '70'}"
La Creme Frozen Yogurt (Overland Road),https://www.ubereats.com/boise/food-delivery/la-creme-frozen-yogurt-overland-road/9_zb1-llSTaxaCyUSNkDfg,kuna-idaho,['Ice Cream and Frozen Yogurt'],4.9,23,$,43.590775,-116.283711,+12083066464,83709,8184 W Overland Rd,Boise,Idaho,"[{'@type': 'OpeningHoursSpecification', 'dayOfWeek': 'Sunday', 'opens': '11:0', 'closes': '22:0'}, {'@type': 'OpeningHoursSpecification', 'dayOfWeek': 'Monday', 'opens': '11:0', 'closes': '22:0'}, {'@type': 'OpeningHoursSpecification', 'dayOfWeek': 'Monday', 'opens': '12:0', 'closes': '22:0'}, {'@type': 'OpeningHoursSpecification', 'dayOfWeek': ['Tuesday', 'Wednesday', 'Thursday'], 'opens': '11:0', 'closes': '22:0'}, {'@type': 'OpeningHoursSpecification', 'dayOfWeek': ['Friday', 'Saturday'], 'opens': '11:0', 'closes': '22:0'}, {'@type': 'OpeningHoursSpecification', 'dayOfWeek': ['Friday', 'Saturday'], 'opens': '11:0', 'closes': '23:0'}]","{'@type': 'PostalAddress', 'addressLocality': 'Boise', 'addressRegion': 'Idaho', 'postalCode': '83709', 'addressCountry': 'US', 'streetAddress': '8184 W Overland Rd'}","{'@type': 'GeoCoordinates', 'latitude': 43.590775, 'longitude': -116.283711}","{'@type': 'AggregateRating', 'ratingValue': 4.9, 'reviewCount': '23'}"
Taco Bell (906 12th Avenue Road),https://www.ubereats.com/boise/food-delivery/taco-bell-906-12th-avenue-road/NXqtswppQtajRwq4DxT-aA,kuna-idaho,"['Burritos', 'Fast Food', 'Mexican']",3.8,40,$,43.5601965,-116.5724222,+12084611294,83686,906 12th Avenue Road,Nampa,ID,"[{'@type': 'OpeningHoursSpecification', 'dayOfWeek': ['Sunday', 'Monday', 'Tuesday', 'Wednesday', 'Thursday'], 'opens': '7:0', 'closes': '1:30'}, {'@type': 'OpeningHoursSpecification', 'dayOfWeek': ['Sunday', 'Monday', 'Tuesday', 'Wednesday', 'Thursday'], 'opens': '7:0', 'closes': '10:30'}, {'@type': 'OpeningHoursSpecification', 'dayOfWeek': ['Sunday', 'Monday', 'Tuesday', 'Wednesday', 'Thursday'], 'opens': '14:0', 'closes': '17:0'}, {'@type': 'OpeningHoursSpecification', 'dayOfWeek': ['Friday', 'Saturday'], 'opens': '7:0', 'closes': '10:30'}, {'@type': 'OpeningHoursSpecification', 'dayOfWeek': ['Friday', 'Saturday'], 'opens': '14:0', 'closes': '17:0'}, {'@type': 'OpeningHoursSpecification', 'dayOfWeek': ['Friday', 'Saturday'], 'opens': '7:0', 'closes': '2:30'}]","{'@type': 'PostalAddress', 'addressLocality': 'Nampa', 'addressRegion': 'ID', 'postalCode': '83686', 'addressCountry': 'US', 'streetAddress': '906 12th Avenue Road'}","{'@type': 'GeoCoordinates', 'latitude': 43.5601965, 'longitude': -116.5724222}","{'@type': 'AggregateRating', 'ratingValue': 3.8, 'reviewCount': '40'}"
Campos On Lonestar,https://www.ubereats.com/boise/food-delivery/campos-on-lonestar/cloU0gB8SjuRtm3Gr0XbKQ,kuna-idaho,"['Mexican', 'Grocery']",4.6,27,$,43.5758344,-116.5750229,+12084661101,83651,135 Lone Star Rd,Nampa,Idaho,"[{'@type': 'OpeningHoursSpecification', 'dayOfWeek': 'Sunday', 'opens': '10:0', 'closes': '14:1'}, {'@type': 'OpeningHoursSpecification', 'dayOfWeek': 'Sunday', 'opens': '9:0', 'closes': '16:0'}, {'@type': 'OpeningHoursSpecification', 'dayOfWeek': 'Monday', 'opens': '10:0', 'closes': '14:1'}, {'@type': 'OpeningHoursSpecification', 'dayOfWeek': ['Tuesday', 'Wednesday', 'Thursday', 'Friday'], 'opens': '10:0', 'closes': '17:45'}, {'@type': 'OpeningHoursSpecification', 'dayOfWeek': 'Saturday', 'opens': '10:0', 'closes': '17:45'}, {'@type': 'OpeningHoursSpecification', 'dayOfWeek': 'Saturday', 'opens': '10:0', 'closes': '18:30'}]","{'@type': 'PostalAddress', 'addressLocality': 'Nampa', 'addressRegion': 'Idaho', 'postalCode': '83651', 'addressCountry': 'US', 'streetAddress': '135 Lone Star Rd'}","{'@type': 'GeoCoordinates', 'latitude': 43.5758344, 'longitude': -116.5750229}","{'@type': 'AggregateRating', 'ratingValue': 4.6, 'reviewCount': '27'}"
"Dickey's Barbecue Pit (2845 E. Overland Road, Ste. 190)",https://www.ubereats.com/boise/food-delivery/dickeys-barbecue-pit-2845-e-overland-road-ste-190/yWr2HzYUSqeOIlWRkE_qlw,kuna-idaho,"['BBQ', 'American', 'Wings', 'Sandwich', 'Family Meals']",4.1,130,$$,43.5903676,-116.3583876,+12088848999,,,,,"[{'@type': 'OpeningHoursSpecification', 'dayOfWeek': ['Monday', 'Tuesday', 'Wednesday', 'Thursday', 'Friday', 'Saturday', 'Sunday'], 'opens': '11:0', 'closes': '21:0'}]",,"{'@type': 'GeoCoordinates', 'latitude': 43.5903676, 'longitude': -116.3583876}","{'@type': 'AggregateRating', 'ratingValue': 4.1, 'reviewCount': '130'}"
Izumi Japanese Steak House,https://www.ubereats.com/boise/food-delivery/izumi-japanese-steak-house/jTAf5P3BRQO1Q0hZFlIzAg,kuna-idaho,"['Sushi', 'Japanese', 'Asian Fusion', 'Allergy Friendly']",4.7,200,$,43.637358,-116.353564,+12088982552,83646,3560 N Eagle Rd,Meridian,ID,"[{'@type': 'OpeningHoursSpecification', 'dayOfWeek': 'Sunday', 'opens': '12:0', 'closes': '21:0'}, {'@type': 'OpeningHoursSpecification', 'dayOfWeek': ['Monday', 'Tuesday', 'Wednesday', 'Thursday'], 'opens': '11:0', 'closes': '21:0'}, {'@type': 'OpeningHoursSpecification', 'dayOfWeek': ['Friday', 'Saturday'], 'opens': '11:0', 'closes': '22:0'}]","{'@type': 'PostalAddress', 'addressLocality': 'Meridian', 'addressRegion': 'ID', 'postalCode': '83646', 'addressCountry': 'US', 'streetAddress': '3560 N Eagle Rd'}","{'@type': 'GeoCoordinates', 'latitude': 43.637358, 'longitude': -116.353564}","{'@type': 'AggregateRating', 'ratingValue': 4.7, 'reviewCount': '200'}"
Cafe Ole,https://www.ubereats.com/boise/food-delivery/cafe-ole/J0y1yCLdSL2cV0fW3zMjIQ,kuna-idaho,"['Mexican', 'Comfort Food', 'Burgers']",4.6,99,$,43.61306629999999,-116.3540656,+12089490885,83642,3284 E. Pine Ave.,Meridian,ID,"[{'@type': 'OpeningHoursSpecification', 'dayOfWeek': ['Monday', 'Tuesday', 'Wednesday', 'Thursday', 'Friday', 'Saturday', 'Sunday'], 'opens': '11:0', 'closes': '20:0'}]","{'@type': 'PostalAddress', 'addressLocality': 'Meridian', 'addressRegion': 'ID', 'postalCode': '83642', 'addressCountry': 'US', 'streetAddress': '3284 E. Pine Ave.'}","{'@type': 'GeoCoordinates', 'latitude': 43.61306629999999, 'longitude': -116.3540656}","{'@type': 'AggregateRating', 'ratingValue': 4.6, 'reviewCount': '99'}"
Big Daddy's BBQ Meridian,https://www.ubereats.com/boise/food-delivery/big-daddys-bbq-meridian/Fymz3_xpQDmKCgAqbeR2Vw,kuna-idaho,"['Burgers', 'Salads', 'BBQ', 'Traditional American']",4.7,200,$$,43.618712,-116.412624,+12088985924,83642,1551 W Cherry Ln,Meridian,ID,"[{'@type': 'OpeningHoursSpecification', 'dayOfWeek': 'Sunday', 'opens': '11:0', 'closes': '17:30'}, {'@type': 'OpeningHoursSpecification', 'dayOfWeek': ['Tuesday', 'Wednesday', 'Thursday', 'Friday', 'Saturday'], 'opens': '11:0', 'closes': '20:30'}]","{'@type': 'PostalAddress', 'addressLocality': 'Meridian', 'addressRegion': 'ID', 'postalCode': '83642', 'addressCountry': 'US', 'streetAddress': '1551 W Cherry Ln'}","{'@type': 'GeoCoordinates', 'latitude': 43.618712, 'longitude': -116.412624}","{'@type': 'AggregateRating', 'ratingValue': 4.7, 'reviewCount': '200'}"
Happy Teriyaki - Overland Rd,https://www.ubereats.com/boise/food-delivery/happy-teriyaki-overland-rd/dP0n6Rx8R8uoflMocWGt2w,kuna-idaho,"['Japanese', 'Asian', 'Sushi']",,,$,43.5908928,-116.3647831,+12082848322,83642,2310 East Overland Road #100,Meridian,ID,"[{'@type': 'OpeningHoursSpecification', 'dayOfWeek': ['Monday', 'Tuesday', 'Wednesday', 'Thursday', 'Friday'], 'opens': '10:30', 'closes': '20:0'}, {'@type': 'OpeningHoursSpecification', 'dayOfWeek': ['Monday', 'Tuesday', 'Wednesday', 'Thursday', 'Friday'], 'opens': '11:0', 'closes': '15:0'}, {'@type': 'OpeningHoursSpecification', 'dayOfWeek': 'Saturday', 'opens': '11:0', 'closes': '20:0'}, {'@type': 'OpeningHoursSpecification', 'dayOfWeek': 'Saturday', 'opens': '11:0', 'closes': '15:0'}]","{'@type': 'PostalAddress', 'addressLocality': 'Meridian', 'addressRegion': 'ID', 'postalCode': '83642', 'addressCountry': 'US', 'streetAddress': '2310 East Overland Road #100'}","{'@type': 'GeoCoordinates', 'latitude': 43.5908928, 'longitude': -116.3647831}",{}
Jak's Place,https://www.ubereats.com/boise/food-delivery/jaks-place/nmLxnBy0Sn6hagKTZ2TzEw,kuna-idaho,['Bar Food'],4.1,14,$$,43.6126965,-116.5137103,+12084652000,83687,6026 Birch Ln,Nampa,ID,"[{'@type': 'OpeningHoursSpecification', 'dayOfWeek': 'Sunday', 'opens': '11:30', 'closes': '19:0'}, {'@type': 'OpeningHoursSpecification', 'dayOfWeek': 'Sunday', 'opens': '11:30', 'closes': '19:0'}, {'@type': 'OpeningHoursSpecification', 'dayOfWeek': 'Sunday', 'opens': '11:30', 'closes': '19:0'}, {'@type': 'OpeningHoursSpecification', 'dayOfWeek': ['Tuesday', 'Wednesday', 'Thursday'], 'opens': '11:30', 'closes': '20:0'}, {'@type': 'OpeningHoursSpecification', 'dayOfWeek': ['Tuesday', 'Wednesday', 'Thursday'], 'opens': '11:30', 'closes': '20:0'}, {'@type': 'OpeningHoursSpecification', 'dayOfWeek': ['Tuesday', 'Wednesday', 'Thursday'], 'opens': '11:30', 'closes': '20:0'}, {'@type': 'OpeningHoursSpecification', 'dayOfWeek': ['Friday', 'Saturday'], 'opens': '11:30', 'closes': '22:0'}, {'@type': 'OpeningHoursSpecification', 'dayOfWeek': ['Friday', 'Saturday'], 'opens': '11:30', 'closes': '22:0'}, {'@type': 'OpeningHoursSpecification', 'dayOfWeek': ['Friday', 'Saturday'], 'opens': '11:30', 'closes': '22:0'}]","{'@type': 'PostalAddress', 'addressLocality': 'Nampa', 'addressRegion': 'ID', 'postalCode': '83687', 'addressCountry': 'US', 'streetAddress': '6026 Birch Ln'}","{'@type': 'GeoCoordinates', 'latitude': 43.6126965, 'longitude': -116.5137103}","{'@type': 'AggregateRating', 'ratingValue': 4.1, 'reviewCount': '14'}"
Los Mariachis  Meridian,https://www.ubereats.com/boise/food-delivery/los-mariachis-meridian/yMCeFIhaQBGgyN4-hkM_ag,kuna-idaho,"['Mexican', 'Latin American', 'New Mexican']",4.0,14,$,43.6003666,-116.3930123,+12088954409,83642,520 S,Meridian,ID,"[{'@type': 'OpeningHoursSpecification', 'dayOfWeek': ['Sunday', 'Monday', 'Tuesday', 'Wednesday', 'Thursday'], 'opens': '11:0', 'closes': '20:30'}, {'@type': 'OpeningHoursSpecification', 'dayOfWeek': ['Friday', 'Saturday'], 'opens': '11:0', 'closes': '21:30'}]","{'@type': 'PostalAddress', 'addressLocality': 'Meridian', 'addressRegion': 'ID', 'postalCode': '83642', 'addressCountry': 'US', 'streetAddress': '520 S'}","{'@type': 'GeoCoordinates', 'latitude': 43.6003666, 'longitude': -116.3930123}","{'@type': 'AggregateRating', 'ratingValue': 4, 'reviewCount': '14'}"
Stellas Ice Cream,https://www.ubereats.com/boise/food-delivery/stellas-ice-cream/w-ZBJq7nSgijHa8H4j5rzg,kuna-idaho,"['Ice Cream & Frozen Yogurt', 'Desserts']",4.6,27,$,43.5770452,-116.5611245,+12083698268,83651,1212 3rd St S,Boise,ID,"[{'@type': 'OpeningHoursSpecification', 'dayOfWeek': ['Monday', 'Tuesday', 'Wednesday', 'Thursday', 'Friday', 'Saturday', 'Sunday'], 'opens': '12:0', 'closes': '22:0'}]","{'@type': 'PostalAddress', 'addressLocality': 'Boise', 'addressRegion': 'ID', 'postalCode': '83651', 'addressCountry': 'US', 'streetAddress': '1212 3rd St S'}","{'@type': 'GeoCoordinates', 'latitude': 43.5770452, 'longitude': -116.5611245}","{'@type': 'AggregateRating', 'ratingValue': 4.6, 'reviewCount': '27'}"
Bodovino Ristorante,https://www.ubereats.com/boise/food-delivery/bodovino-ristorante/l3vDr-NXTfGVNISRArFr-w,kuna-idaho,"['Italian', 'Pasta']",4.1,14,$,43.621174,-116.3490423,+12088875369,83646,3630 E Monarch Sky Ln,Boise,ID,"[{'@type': 'OpeningHoursSpecification', 'dayOfWeek': ['Monday', 'Tuesday', 'Wednesday', 'Thursday'], 'opens': '11:30', 'closes': '20:30'}, {'@type': 'OpeningHoursSpecification', 'dayOfWeek': ['Friday', 'Saturday'], 'opens': '11:30', 'closes': '21:30'}]","{'@type': 'PostalAddress', 'addressLocality': 'Boise', 'addressRegion': 'ID', 'postalCode': '83646', 'addressCountry': 'US', 'streetAddress': '3630 E Monarch Sky Ln'}","{'@type': 'GeoCoordinates', 'latitude': 43.621174, 'longitude': -116.3490423}","{'@type': 'AggregateRating', 'ratingValue': 4.1, 'reviewCount': '14'}"
Sonic (2160 E. Fairview Avenue),https://www.ubereats.com/boise/food-delivery/sonic-2160-e-fairview-avenue/ch7Nl44JSJ-dUewW_het-g,kuna-idaho,"['American', 'Burgers', 'Breakfast and Brunch', 'Fast Food']",4.5,56,$$,43.620027,-116.3671211,+12088887110,83642,2160 E. Fairview Avenue,Meridian,ID,"[{'@type': 'OpeningHoursSpecification', 'dayOfWeek': ['Monday', 'Tuesday', 'Wednesday', 'Thursday', 'Friday', 'Saturday', 'Sunday'], 'opens': '6:0', 'closes': '23:0'}]","{'@type': 'PostalAddress', 'addressLocality': 'Meridian', 'addressRegion': 'ID', 'postalCode': '83642', 'addressCountry': 'US', 'streetAddress': '2160 E. Fairview Avenue'}","{'@type': 'GeoCoordinates', 'latitude': 43.620027, 'longitude': -116.3671211}","{'@type': 'AggregateRating', 'ratingValue': 4.5, 'reviewCount': '56'}"
The Curb and Grill,https://www.ubereats.com/boise/food-delivery/the-curb-and-grill/mnWrSdmBRzijUZOW9EtRtg,kuna-idaho,"['Burgers', 'American', 'Sandwiches']",,,$,43.5889037,-116.3930607,+12085716679,83642,1760 S,Meridian,ID,"[{'@type': 'OpeningHoursSpecification', 'dayOfWeek': ['Monday', 'Tuesday', 'Wednesday', 'Thursday', 'Friday', 'Saturday', 'Sunday'], 'opens': '11:0', 'closes': '19:30'}]","{'@type': 'PostalAddress', 'addressLocality': 'Meridian', 'addressRegion': 'ID', 'postalCode': '83642', 'addressCountry': 'US', 'streetAddress': '1760 S'}","{'@type': 'GeoCoordinates', 'latitude': 43.5889037, 'longitude': -116.3930607}",{}
Boise Fry Company(East Overland Road),https://www.ubereats.com/boise/food-delivery/boise-fry-companyeast-overland-road/e_sAasJIR9uqWrYUIZxuZQ,kuna-idaho,"['Burgers', 'American', 'Sandwiches']",4.5,17,$,43.59074649999999,-116.3690965,+12088845530,83642,2020 E Overland Rd Ste 130,Meridian,ID,"[{'@type': 'OpeningHoursSpecification', 'dayOfWeek': 'Sunday', 'opens': '11:0', 'closes': '20:0'}, {'@type': 'OpeningHoursSpecification', 'dayOfWeek': ['Tuesday', 'Wednesday', 'Thursday', 'Friday', 'Saturday'], 'opens': '11:0', 'closes': '20:0'}]","{'@type': 'PostalAddress', 'addressLocality': 'Meridian', 'addressRegion': 'ID', 'postalCode': '83642', 'addressCountry': 'US', 'streetAddress': '2020 E Overland Rd Ste 130'}","{'@type': 'GeoCoordinates', 'latitude': 43.59074649999999, 'longitude': -116.3690965}","{'@type': 'AggregateRating', 'ratingValue': 4.5, 'reviewCount': '17'}"
Dairy Queen - Treat (10264 Overland Rd),https://www.ubereats.com/boise/food-delivery/dairy-queen-treat-10264-overland-rd/Jngt6RCuSOGL05YwL5GQpQ,kuna-idaho,"['American', 'Fast Food', 'Ice Cream & Frozen Yogurt']",4.7,119,$,43.590768,-116.3102413,+12083232658,83709,10264 Overland Rd,Boise,ID,"[{'@type': 'OpeningHoursSpecification', 'dayOfWeek': ['Sunday', 'Monday', 'Tuesday', 'Wednesday', 'Thursday'], 'opens': '10:30', 'closes': '21:30'}, {'@type': 'OpeningHoursSpecification', 'dayOfWeek': ['Friday', 'Saturday'], 'opens': '10:30', 'closes': '22:30'}]","{'@type': 'PostalAddress', 'addressLocality': 'Boise', 'addressRegion': 'ID', 'postalCode': '83709', 'addressCountry': 'US', 'streetAddress': '10264 Overland Rd'}","{'@type': 'GeoCoordinates', 'latitude': 43.590768, 'longitude': -116.3102413}","{'@type': 'AggregateRating', 'ratingValue': 4.7, 'reviewCount': '119'}"
Applebee's (2810 W. Elder Street) #84026,https://www.ubereats.com/boise/food-delivery/applebees-2810-w-elder-street-%2384026/knwgHEMaTXatfa_gHBvL3g,kuna-idaho,"['American', 'Bar Food', 'BBQ', 'burger', 'Chicken Strips', 'Comfort Food', 'Dinner', 'pasta', 'salad', 'Sandwich', 'Soup', 'Steak', 'Traditional American', 'wings']",4.3,200,$$,43.5740321,-116.2160809,+12083445630,83705,2810 W. Elder Street,Boise,ID,"[{'@type': 'OpeningHoursSpecification', 'dayOfWeek': ['Sunday', 'Monday', 'Tuesday', 'Wednesday', 'Thursday'], 'opens': '11:0', 'closes': '23:29'}, {'@type': 'OpeningHoursSpecification', 'dayOfWeek': ['Sunday', 'Monday', 'Tuesday', 'Wednesday', 'Thursday'], 'opens': '16:0', 'closes': '21:30'}, {'@type': 'OpeningHoursSpecification', 'dayOfWeek': ['Friday', 'Saturday'], 'opens': '11:0', 'closes': '0:30'}, {'@type': 'OpeningHoursSpecification', 'dayOfWeek': ['Friday', 'Saturday'], 'opens': '16:0', 'closes': '21:30'}]","{'@type': 'PostalAddress', 'addressLocality': 'Boise', 'addressRegion': 'ID', 'postalCode': '83705', 'addressCountry': 'US', 'streetAddress': '2810 W. Elder Street'}","{'@type': 'GeoCoordinates', 'latitude': 43.5740321, 'longitude': -116.2160809}","{'@type': 'AggregateRating', 'ratingValue': 4.3, 'reviewCount': '200'}"
"Noodles & Company (2274 N Eagle Rd, Ste 100, Space B-130)",https://www.ubereats.com/boise/food-delivery/noodles-%26-company-2274-n-eagle-rd-ste-100-space-b-130/qT6_XuCMTOaeHSPpE4xBuw,kuna-idaho,"['Healthy', 'Pasta', 'Comfort Food', 'American', 'Italian', 'Chinese', 'Noodles']",4.6,200,$,43.6254613,-116.3538976,+12088843379,83646,2274 N Eagle Rd Ste 100 Space B-130,Meridian,ID,"[{'@type': 'OpeningHoursSpecification', 'dayOfWeek': ['Monday', 'Tuesday', 'Wednesday', 'Thursday', 'Friday', 'Saturday', 'Sunday'], 'opens': '11:0', 'closes': '21:45'}]","{'@type': 'PostalAddress', 'addressLocality': 'Meridian', 'addressRegion': 'ID', 'postalCode': '83646', 'addressCountry': 'US', 'streetAddress': '2274 N Eagle Rd Ste 100 Space B-130'}","{'@type': 'GeoCoordinates', 'latitude': 43.6254613, 'longitude': -116.3538976}","{'@type': 'AggregateRating', 'ratingValue': 4.6, 'reviewCount': '200'}"
CK Hawaiian BBQ,https://www.ubereats.com/boise/food-delivery/ck-hawaiian-bbq/p1JvaDnERNe6eHNCIJKfUA,kuna-idaho,"['Hawaiian', 'BBQ', 'Asian']",4.8,200,$$,43.589011,-116.277807,+12083764380,83709,7709 W Overland Rd,Boise,ID,"[{'@type': 'OpeningHoursSpecification', 'dayOfWeek': 'Sunday', 'opens': '11:0', 'closes': '20:0'}, {'@type': 'OpeningHoursSpecification', 'dayOfWeek': 'Sunday', 'opens': '11:0', 'closes': '20:0'}, {'@type': 'OpeningHoursSpecification', 'dayOfWeek': ['Tuesday', 'Wednesday', 'Thursday'], 'opens': '11:0', 'closes': '20:0'}, {'@type': 'OpeningHoursSpecification', 'dayOfWeek': ['Tuesday', 'Wednesday', 'Thursday'], 'opens': '11:0', 'closes': '20:0'}, {'@type': 'OpeningHoursSpecification', 'dayOfWeek': ['Friday', 'Saturday'], 'opens': '11:0', 'closes': '21:0'}, {'@type': 'OpeningHoursSpecification', 'dayOfWeek': ['Friday', 'Saturday'], 'opens': '11:0', 'closes': '20:0'}]","{'@type': 'PostalAddress', 'addressLocality': 'Boise', 'addressRegion': 'ID', 'postalCode': '83709', 'addressCountry': 'US', 'streetAddress': '7709 W Overland Rd'}","{'@type': 'GeoCoordinates', 'latitude': 43.589011, 'longitude': -116.277807}","{'@type': 'AggregateRating', 'ratingValue': 4.8, 'reviewCount': '200'}"
Denny's (607 Northside Blvd),https://www.ubereats.com/boise/food-delivery/dennys-607-northside-blvd/yEnaiTRlTcO72467lH1AZw,kuna-idaho,"['American', 'Breakfast and Brunch', 'Coffee and Tea', 'Dinner', 'Desserts', 'Salads', 'Steak', 'Sandwich']",4.2,23,$$,43.59846539999999,-116.5734827,+12084676579,83687,607 Northside Blvd,Nampa,ID,"[{'@type': 'OpeningHoursSpecification', 'dayOfWeek': ['Monday', 'Tuesday', 'Wednesday', 'Thursday', 'Friday', 'Saturday', 'Sunday'], 'opens': '7:0', 'closes': '22:0'}]","{'@type': 'PostalAddress', 'addressLocality': 'Nampa', 'addressRegion': 'ID', 'postalCode': '83687', 'addressCountry': 'US', 'streetAddress': '607 Northside Blvd'}","{'@type': 'GeoCoordinates', 'latitude': 43.59846539999999, 'longitude': -116.5734827}","{'@type': 'AggregateRating', 'ratingValue': 4.2, 'reviewCount': '23'}"
Firehouse Subs (Meridian),https://www.ubereats.com/boise/food-delivery/firehouse-subs-meridian/k3jVEYy5ThiyXZiXCeZRZw,kuna-idaho,"['Sandwich', 'Salads']",4.7,155,$,43.630392,-116.353819,+2088883576,83646,2830 N Eagle Rd,Meridian,Idaho,"[{'@type': 'OpeningHoursSpecification', 'dayOfWeek': ['Monday', 'Tuesday', 'Wednesday', 'Thursday', 'Friday', 'Saturday', 'Sunday'], 'opens': '10:30', 'closes': '21:0'}]","{'@type': 'PostalAddress', 'addressLocality': 'Meridian', 'addressRegion': 'Idaho', 'postalCode': '83646', 'addressCountry': 'US', 'streetAddress': '2830 N Eagle Rd'}","{'@type': 'GeoCoordinates', 'latitude': 43.630392, 'longitude': -116.353819}","{'@type': 'AggregateRating', 'ratingValue': 4.7, 'reviewCount': '155'}"
The Original Sunrise Cafe,https://www.ubereats.com/boise/food-delivery/the-original-sunrise-cafe/NybL7lmeQLeWy6wU8cExBQ,kuna-idaho,"['Burgers', 'American', 'Sandwiches']",,,$,43.5907681,-116.3683984,+12083711651,83642,2032 E Overland Rd,Meridian,ID,"[{'@type': 'OpeningHoursSpecification', 'dayOfWeek': 'Monday', 'opens': '2:0', 'closes': '2:1'}]","{'@type': 'PostalAddress', 'addressLocality': 'Meridian', 'addressRegion': 'ID', 'postalCode': '83642', 'addressCountry': 'US', 'streetAddress': '2032 E Overland Rd'}","{'@type': 'GeoCoordinates', 'latitude': 43.5907681, 'longitude': -116.3683984}",{}
El Gallo Giro - Meridian,https://www.ubereats.com/boise/food-delivery/el-gallo-giro-meridian/cflob0O-TvCaWwnmqzt1_w,kuna-idaho,"['Mexican', 'Latin American']",4.5,34,$$,43.6177121,-116.3551695,+12084849242,83642,1435 N Eagle Rd,Meridian,ID,"[{'@type': 'OpeningHoursSpecification', 'dayOfWeek': ['Monday', 'Tuesday', 'Wednesday', 'Thursday', 'Friday', 'Saturday'], 'opens': '12:0', 'closes': '20:0'}]","{'@type': 'PostalAddress', 'addressLocality': 'Meridian', 'addressRegion': 'ID', 'postalCode': '83642', 'addressCountry': 'US', 'streetAddress': '1435 N Eagle Rd'}","{'@type': 'GeoCoordinates', 'latitude': 43.6177121, 'longitude': -116.3551695}","{'@type': 'AggregateRating', 'ratingValue': 4.5, 'reviewCount': '34'}"
Beef O' Bradys,https://www.ubereats.com/boise/food-delivery/beef-%E2%80%98o-bradys/L9v-OHPgSCypS25_m-4MYQ,kuna-idaho,"['American', 'Burgers', 'Fish and Chips', 'Wings', 'Western', 'Sandwich']",4.2,27,$$,43.591535,-116.356148,+12088886228,83642,1505 S Eagle Rd,Meridian,ID,"[{'@type': 'OpeningHoursSpecification', 'dayOfWeek': ['Monday', 'Tuesday', 'Wednesday', 'Thursday', 'Friday', 'Saturday', 'Sunday'], 'opens': '11:0', 'closes': '20:0'}]","{'@type': 'PostalAddress', 'addressLocality': 'Meridian', 'addressRegion': 'ID', 'postalCode': '83642', 'addressCountry': 'US', 'streetAddress': '1505 S Eagle Rd'}","{'@type': 'GeoCoordinates', 'latitude': 43.591535, 'longitude': -116.356148}","{'@type': 'AggregateRating', 'ratingValue': 4.2, 'reviewCount': '27'}"
Sonic (1535 Celebration Avenue),https://www.ubereats.com/boise/food-delivery/sonic-1535-celebration-avenue/nmTN8IOtToChIu2n1xu_pA,kuna-idaho,"['American', 'Burgers', 'Breakfast and Brunch', 'Fast Food']",4.4,44,$$,43.5911629,-116.366422,+12088878519,83642,1535 Celebration Avenue,Meridian,ID,"[{'@type': 'OpeningHoursSpecification', 'dayOfWeek': ['Monday', 'Tuesday', 'Wednesday', 'Thursday', 'Friday', 'Saturday', 'Sunday'], 'opens': '6:0', 'closes': '23:0'}]","{'@type': 'PostalAddress', 'addressLocality': 'Meridian', 'addressRegion': 'ID', 'postalCode': '83642', 'addressCountry': 'US', 'streetAddress': '1535 Celebration Avenue'}","{'@type': 'GeoCoordinates', 'latitude': 43.5911629, 'longitude': -116.366422}","{'@type': 'AggregateRating', 'ratingValue': 4.4, 'reviewCount': '44'}"
El Tenampa (906 North Main Street),https://www.ubereats.com/boise/food-delivery/el-tenampa-906-north-main-street/u3f6eMVvTL-HiKVgaeZ70A,kuna-idaho,"['Mexican', 'Latin American', 'New Mexican']",4.5,99,$,43.6121631,-116.3912357,+12088884089,83642,906 North Main Street,Meridian,ID,"[{'@type': 'OpeningHoursSpecification', 'dayOfWeek': 'Sunday', 'opens': '11:0', 'closes': '21:0'}, {'@type': 'OpeningHoursSpecification', 'dayOfWeek': ['Monday', 'Tuesday', 'Wednesday', 'Thursday', 'Friday'], 'opens': '11:0', 'closes': '21:0'}, {'@type': 'OpeningHoursSpecification', 'dayOfWeek': ['Monday', 'Tuesday', 'Wednesday', 'Thursday', 'Friday'], 'opens': '10:30', 'closes': '15:0'}, {'@type': 'OpeningHoursSpecification', 'dayOfWeek': 'Saturday', 'opens': '11:0', 'closes': '21:0'}]","{'@type': 'PostalAddress', 'addressLocality': 'Meridian', 'addressRegion': 'ID', 'postalCode': '83642', 'addressCountry': 'US', 'streetAddress': '906 North Main Street'}","{'@type': 'GeoCoordinates', 'latitude': 43.6121631, 'longitude': -116.3912357}","{'@type': 'AggregateRating', 'ratingValue': 4.5, 'reviewCount': '99'}"
Taco Bell (3680 N Eagle Rd),https://www.ubereats.com/boise/food-delivery/taco-bell-3680-n-eagle-rd/8_TDGrZ6TbigbqPhXiUeLg,kuna-idaho,"['Burritos', 'Fast Food', 'Mexican']",4.2,195,$,43.6383676,-116.353696,+12089381305,83713,3680 N Eagle Rd,Boise,ID,"[{'@type': 'OpeningHoursSpecification', 'dayOfWeek': ['Sunday', 'Monday', 'Tuesday', 'Wednesday', 'Thursday'], 'opens': '14:0', 'closes': '17:0'}, {'@type': 'OpeningHoursSpecification', 'dayOfWeek': ['Sunday', 'Monday', 'Tuesday', 'Wednesday', 'Thursday'], 'opens': '7:0', 'closes': '0:30'}, {'@type': 'OpeningHoursSpecification', 'dayOfWeek': ['Sunday', 'Monday', 'Tuesday', 'Wednesday', 'Thursday'], 'opens': '7:0', 'closes': '10:30'}, {'@type': 'OpeningHoursSpecification', 'dayOfWeek': ['Friday', 'Saturday'], 'opens': '14:0', 'closes': '17:0'}, {'@type': 'OpeningHoursSpecification', 'dayOfWeek': ['Friday', 'Saturday'], 'opens': '7:0', 'closes': '10:30'}, {'@type': 'OpeningHoursSpecification', 'dayOfWeek': ['Friday', 'Saturday'], 'opens': '7:0', 'closes': '1:30'}]","{'@type': 'PostalAddress', 'addressLocality': 'Boise', 'addressRegion': 'ID', 'postalCode': '83713', 'addressCountry': 'US', 'streetAddress': '3680 N Eagle Rd'}","{'@type': 'GeoCoordinates', 'latitude': 43.6383676, 'longitude': -116.353696}","{'@type': 'AggregateRating', 'ratingValue': 4.2, 'reviewCount': '195'}"
KFC (677 S. Main Street),https://www.ubereats.com/boise/food-delivery/kfc-677-s-main-street/tRxx9pSiT-iuljD2DEsVjQ,kuna-idaho,"['American', 'Fast Food', 'wings']",4.2,79,$,43.5981651,-116.3932328,+12088887446,83642,677 S. Main Street,Meridian,ID,"[{'@type': 'OpeningHoursSpecification', 'dayOfWeek': ['Monday', 'Tuesday', 'Wednesday', 'Thursday', 'Friday', 'Saturday', 'Sunday'], 'opens': '10:30', 'closes': '21:30'}]","{'@type': 'PostalAddress', 'addressLocality': 'Meridian', 'addressRegion': 'ID', 'postalCode': '83642', 'addressCountry': 'US', 'streetAddress': '677 S. Main Street'}","{'@type': 'GeoCoordinates', 'latitude': 43.5981651, 'longitude': -116.3932328}","{'@type': 'AggregateRating', 'ratingValue': 4.2, 'reviewCount': '79'}"
Taco Bell (7070 Overland Road),https://www.ubereats.com/boise/food-delivery/taco-bell-7070-overland-road/PDVBNY43S5OLgG1JeqGfew,kuna-idaho,"['Burritos', 'Fast Food', 'Mexican']",4.1,73,$,43.5904254,-116.2696709,+12083232857,83709,7070 Overland Road,Boise,ID,"[{'@type': 'OpeningHoursSpecification', 'dayOfWeek': ['Sunday', 'Monday', 'Tuesday', 'Wednesday', 'Thursday'], 'opens': '14:0', 'closes': '17:0'}, {'@type': 'OpeningHoursSpecification', 'dayOfWeek': ['Sunday', 'Monday', 'Tuesday', 'Wednesday', 'Thursday'], 'opens': '7:0', 'closes': '0:30'}, {'@type': 'OpeningHoursSpecification', 'dayOfWeek': ['Sunday', 'Monday', 'Tuesday', 'Wednesday', 'Thursday'], 'opens': '7:0', 'closes': '10:30'}, {'@type': 'OpeningHoursSpecification', 'dayOfWeek': ['Friday', 'Saturday'], 'opens': '14:0', 'closes': '17:0'}, {'@type': 'OpeningHoursSpecification', 'dayOfWeek': ['Friday', 'Saturday'], 'opens': '7:0', 'closes': '10:30'}, {'@type': 'OpeningHoursSpecification', 'dayOfWeek': ['Friday', 'Saturday'], 'opens': '7:0', 'closes': '1:30'}]","{'@type': 'PostalAddress', 'addressLocality': 'Boise', 'addressRegion': 'ID', 'postalCode': '83709', 'addressCountry': 'US', 'streetAddress': '7070 Overland Road'}","{'@type': 'GeoCoordinates', 'latitude': 43.5904254, 'longitude': -116.2696709}","{'@type': 'AggregateRating', 'ratingValue': 4.1, 'reviewCount': '73'}"
Taco Bell (1523 S Eagle Rd),https://www.ubereats.com/boise/food-delivery/taco-bell-1523-s-eagle-rd/goNOmicnRjyWho9EwkRbKQ,kuna-idaho,"['Burritos', 'Fast Food', 'Mexican']",4.2,40,$,43.59130899999999,-116.3551372,+12088550981,83642,1523 S Eagle Rd,Meridian,ID,"[{'@type': 'OpeningHoursSpecification', 'dayOfWeek': ['Sunday', 'Monday', 'Tuesday', 'Wednesday', 'Thursday'], 'opens': '14:0', 'closes': '17:0'}, {'@type': 'OpeningHoursSpecification', 'dayOfWeek': ['Sunday', 'Monday', 'Tuesday', 'Wednesday', 'Thursday'], 'opens': '7:0', 'closes': '0:30'}, {'@type': 'OpeningHoursSpecification', 'dayOfWeek': ['Sunday', 'Monday', 'Tuesday', 'Wednesday', 'Thursday'], 'opens': '7:0', 'closes': '10:30'}, {'@type': 'OpeningHoursSpecification', 'dayOfWeek': ['Friday', 'Saturday'], 'opens': '14:0', 'closes': '17:0'}, {'@type': 'OpeningHoursSpecification', 'dayOfWeek': ['Friday', 'Saturday'], 'opens': '7:0', 'closes': '10:30'}, {'@type': 'OpeningHoursSpecification', 'dayOfWeek': ['Friday', 'Saturday'], 'opens': '7:0', 'closes': '1:30'}]","{'@type': 'PostalAddress', 'addressLocality': 'Meridian', 'addressRegion': 'ID', 'postalCode': '83642', 'addressCountry': 'US', 'streetAddress': '1523 S Eagle Rd'}","{'@type': 'GeoCoordinates', 'latitude': 43.59130899999999, 'longitude': -116.3551372}","{'@type': 'AggregateRating', 'ratingValue': 4.2, 'reviewCount': '40'}"
McDonald's (1311 N Meridian Road),https://www.ubereats.com/boise/food-delivery/mcdonalds-1311-n-meridian-road/hnCWnHCATYy0e3FK0UvEtA,kuna-idaho,"['American', 'burger', 'Fast Food']",4.5,122,$,43.5001549,-116.3945202,+12089224766,83634,1311 N Meridian Road,Kuna,ID,"[{'@type': 'OpeningHoursSpecification', 'dayOfWeek': 'Sunday', 'opens': '6:0', 'closes': '10:59'}, {'@type': 'OpeningHoursSpecification', 'dayOfWeek': 'Sunday', 'opens': '11:0', 'closes': '16:59'}, {'@type': 'OpeningHoursSpecification', 'dayOfWeek': 'Sunday', 'opens': '17:0', 'closes': '22:45'}, {'@type': 'OpeningHoursSpecification', 'dayOfWeek': ['Monday', 'Tuesday', 'Wednesday', 'Thursday', 'Friday'], 'opens': '5:0', 'closes': '10:29'}, {'@type': 'OpeningHoursSpecification', 'dayOfWeek': ['Monday', 'Tuesday', 'Wednesday', 'Thursday', 'Friday'], 'opens': '10:30', 'closes': '16:59'}, {'@type': 'OpeningHoursSpecification', 'dayOfWeek': ['Monday', 'Tuesday', 'Wednesday', 'Thursday', 'Friday'], 'opens': '17:0', 'closes': '23:45'}, {'@type': 'OpeningHoursSpecification', 'dayOfWeek': 'Saturday', 'opens': '5:0', 'closes': '10:59'}, {'@type': 'OpeningHoursSpecification', 'dayOfWeek': 'Saturday', 'opens': '11:0', 'closes': '16:59'}, {'@type': 'OpeningHoursSpecification', 'dayOfWeek': 'Saturday', 'opens': '17:0', 'closes': '23:45'}]","{'@type': 'PostalAddress', 'addressLocality': 'Kuna', 'addressRegion': 'ID', 'postalCode': '83634', 'addressCountry': 'US', 'streetAddress': '1311 N Meridian Road'}","{'@type': 'GeoCoordinates', 'latitude': 43.5001549, 'longitude': -116.3945202}","{'@type': 'AggregateRating', 'ratingValue': 4.5, 'reviewCount': '122'}"
Starbucks (Meridian and Overland - Meridi),https://www.ubereats.com/boise/food-delivery/starbucks-meridian-and-overland-meridi/VF-jNYlORZa86z7GOgUtfw,kuna-idaho,"['Bakery', 'Breakfast and Brunch', 'Cafe', 'Coffee & Tea']",4.7,200,$,43.5879207,-116.3930984,+12088002993,83642,1870,Meridian,ID,"[{'@type': 'OpeningHoursSpecification', 'dayOfWeek': ['Monday', 'Tuesday', 'Wednesday', 'Thursday', 'Friday', 'Saturday', 'Sunday'], 'opens': '5:0', 'closes': '20:0'}]","{'@type': 'PostalAddress', 'addressLocality': 'Meridian', 'addressRegion': 'ID', 'postalCode': '83642', 'addressCountry': 'US', 'streetAddress': '1870'}","{'@type': 'GeoCoordinates', 'latitude': 43.5879207, 'longitude': -116.3930984}","{'@type': 'AggregateRating', 'ratingValue': 4.7, 'reviewCount': '200'}"
Sonic (16063 Idaho Center Boulevard),https://www.ubereats.com/boise/food-delivery/sonic-16063-idaho-center-boulevard/0JJ3ieoDRCO0HakrTTbRQw,kuna-idaho,"['American', 'Burgers', 'Breakfast and Brunch', 'Fast Food']",4.2,33,$$,43.6066609,-116.5139368,+12084664114,83687,16063 Idaho Center Boulevard,Nampa,ID,"[{'@type': 'OpeningHoursSpecification', 'dayOfWeek': ['Monday', 'Tuesday', 'Wednesday', 'Thursday', 'Friday', 'Saturday', 'Sunday'], 'opens': '6:0', 'closes': '23:0'}]","{'@type': 'PostalAddress', 'addressLocality': 'Nampa', 'addressRegion': 'ID', 'postalCode': '83687', 'addressCountry': 'US', 'streetAddress': '16063 Idaho Center Boulevard'}","{'@type': 'GeoCoordinates', 'latitude': 43.6066609, 'longitude': -116.5139368}","{'@type': 'AggregateRating', 'ratingValue': 4.2, 'reviewCount': '33'}"
Denny's (3155 E. Fairview Avenue),https://www.ubereats.com/boise/food-delivery/dennys-3155-e-fairview-avenue/bbeMjscwTm-x0Rk2IbCIkA,kuna-idaho,"['American', 'Breakfast and Brunch', 'Coffee and Tea', 'Dinner', 'Desserts', 'Salads', 'Steak', 'Sandwich']",3.7,38,$$,43.618824,-116.356778,+12088989599,83642,3155 E. Fairview Avenue,Meridian,ID,"[{'@type': 'OpeningHoursSpecification', 'dayOfWeek': ['Monday', 'Tuesday', 'Wednesday', 'Thursday', 'Friday', 'Saturday', 'Sunday'], 'opens': '7:0', 'closes': '22:0'}]","{'@type': 'PostalAddress', 'addressLocality': 'Meridian', 'addressRegion': 'ID', 'postalCode': '83642', 'addressCountry': 'US', 'streetAddress': '3155 E. Fairview Avenue'}","{'@type': 'GeoCoordinates', 'latitude': 43.618824, 'longitude': -116.356778}","{'@type': 'AggregateRating', 'ratingValue': 3.7, 'reviewCount': '38'}"
Taco Bell (645 S Main St),https://www.ubereats.com/boise/food-delivery/taco-bell-645-s-main-st/88kmRSaNQUW2rNVxFymByQ,kuna-idaho,"['Burritos', 'Fast Food', 'Mexican']",3.9,123,$,43.5988791,-116.3929692,+12088840091,83642,645 S Main St,Meridian,ID,"[{'@type': 'OpeningHoursSpecification', 'dayOfWeek': ['Sunday', 'Monday', 'Tuesday', 'Wednesday', 'Thursday'], 'opens': '14:0', 'closes': '17:0'}, {'@type': 'OpeningHoursSpecification', 'dayOfWeek': ['Sunday', 'Monday', 'Tuesday', 'Wednesday', 'Thursday'], 'opens': '10:0', 'closes': '0:30'}, {'@type': 'OpeningHoursSpecification', 'dayOfWeek': ['Friday', 'Saturday'], 'opens': '14:0', 'closes': '17:0'}, {'@type': 'OpeningHoursSpecification', 'dayOfWeek': ['Friday', 'Saturday'], 'opens': '10:0', 'closes': '1:30'}]","{'@type': 'PostalAddress', 'addressLocality': 'Meridian', 'addressRegion': 'ID', 'postalCode': '83642', 'addressCountry': 'US', 'streetAddress': '645 S Main St'}","{'@type': 'GeoCoordinates', 'latitude': 43.5988791, 'longitude': -116.3929692}","{'@type': 'AggregateRating', 'ratingValue': 3.9, 'reviewCount': '123'}"
