name,url,city,cuisine,avgRating,numReviews,priceRange,latitude,longitude,telephone,postalCode,streetAddress,addressLocality,addressRegion,openingHoursSpecification,addressString,geoString,ratingString
PJ Fresh (15100 North Thornton Rd),https://www.ubereats.com/sacramento/food-delivery/pj-fresh-15100-north-thornton-rd/GFc0pUUSSyiyUckchqDwEQ,lodi-california,"['Burgers', 'American', 'Sandwiches']",,,$,38.1178826,-121.3940681,+12093394066,95242,15100 North Thornton Rd,Lodi,CA,"[{'@type': 'OpeningHoursSpecification', 'dayOfWeek': ['Monday', 'Tuesday', 'Wednesday', 'Thursday', 'Friday', 'Saturday', 'Sunday'], 'opens': '0:0', 'closes': '23:59'}]","{'@type': 'PostalAddress', 'addressLocality': 'Lodi', 'addressRegion': 'CA', 'postalCode': '95242', 'addressCountry': 'US', 'streetAddress': '15100 North Thornton Rd'}","{'@type': 'GeoCoordinates', 'latitude': 38.1178826, 'longitude': -121.3940681}",{}
Brick House Restaurant & Lounge,https://www.ubereats.com/sacramento/food-delivery/brick-house-restaurant-%26-lounge/06yii3SRTzCAEOfAyyNYjA,lodi-california,"['Italian', 'Pasta', 'Comfort Food']",,,$,38.13554509999999,-121.2732466,+12094265871,95240,27 West Elm Street,Lodi,CA,"[{'@type': 'OpeningHoursSpecification', 'dayOfWeek': ['Wednesday', 'Thursday'], 'opens': '17:0', 'closes': '21:0'}, {'@type': 'OpeningHoursSpecification', 'dayOfWeek': ['Friday', 'Saturday'], 'opens': '17:0', 'closes': '9:30'}]","{'@type': 'PostalAddress', 'addressLocality': 'Lodi', 'addressRegion': 'CA', 'postalCode': '95240', 'addressCountry': 'US', 'streetAddress': '27 West Elm Street'}","{'@type': 'GeoCoordinates', 'latitude': 38.13554509999999, 'longitude': -121.2732466}",{}
A Moveable Feast,https://www.ubereats.com/sacramento/food-delivery/a-moveable-feast/UNagZ_PpQy-jaX-M-dvTlQ,lodi-california,"['Burgers', 'American', 'Sandwiches']",,,$,38.1146566,-121.3322952,+12096421877,95240,1000 W Kettleman Ln,Lodi,CA,"[{'@type': 'OpeningHoursSpecification', 'dayOfWeek': ['Monday', 'Tuesday', 'Wednesday', 'Thursday', 'Friday', 'Saturday'], 'opens': '11:0', 'closes': '18:0'}]","{'@type': 'PostalAddress', 'addressLocality': 'Lodi', 'addressRegion': 'CA', 'postalCode': '95240', 'addressCountry': 'US', 'streetAddress': '1000 W Kettleman Ln'}","{'@type': 'GeoCoordinates', 'latitude': 38.1146566, 'longitude': -121.3322952}",{}
Cold Stone Creamery (874 W Benjamin Holt Dr),https://www.ubereats.com/sacramento/food-delivery/cold-stone-creamery-874-w-benjamin-holt-dr/-jZCjn1RQlOX3mpeWroIsQ,lodi-california,"['Ice Cream and Frozen Yogurt', 'Desserts', 'Cupcakes']",4.5,49,$,38.0102193,-121.3221839,+12094751191,95207,874 W Benjamin Holt Dr,Stockton,CA,"[{'@type': 'OpeningHoursSpecification', 'dayOfWeek': ['Sunday', 'Monday', 'Tuesday', 'Wednesday', 'Thursday'], 'opens': '12:0', 'closes': '22:0'}, {'@type': 'OpeningHoursSpecification', 'dayOfWeek': ['Friday', 'Saturday'], 'opens': '12:0', 'closes': '23:0'}]","{'@type': 'PostalAddress', 'addressLocality': 'Stockton', 'addressRegion': 'CA', 'postalCode': '95207', 'addressCountry': 'US', 'streetAddress': '874 W Benjamin Holt Dr'}","{'@type': 'GeoCoordinates', 'latitude': 38.0102193, 'longitude': -121.3221839}","{'@type': 'AggregateRating', 'ratingValue': 4.5, 'reviewCount': '49'}"
Burgerim (Ordermark),https://www.ubereats.com/sacramento/food-delivery/burgerim-ordermark/XLiYd3I7QYaIGIqopOSjBQ,lodi-california,"['Burgers', 'American', 'Biryani']",,,$,38.0384553,-121.260893,+13109557729,95212,4027 East Morada Lane,Stockton,CA,"[{'@type': 'OpeningHoursSpecification', 'dayOfWeek': ['Monday', 'Tuesday', 'Wednesday', 'Thursday', 'Friday', 'Saturday', 'Sunday'], 'opens': '11:0', 'closes': '22:0'}]","{'@type': 'PostalAddress', 'addressLocality': 'Stockton', 'addressRegion': 'CA', 'postalCode': '95212', 'addressCountry': 'US', 'streetAddress': '4027 East Morada Lane'}","{'@type': 'GeoCoordinates', 'latitude': 38.0384553, 'longitude': -121.260893}",{}
El Pollo Loco (10506 Trinity),https://www.ubereats.com/sacramento/food-delivery/el-pollo-loco-10506-trinity/JGI3Qm4sSiW10MATq4dhNQ,lodi-california,"['Mexican', 'Fast Food', 'Family Meals']",,,$,38.0521702,-121.3747967,+12094781664,95219,10506 Trinity Pkwy,Stockton,CA,"[{'@type': 'OpeningHoursSpecification', 'dayOfWeek': ['Monday', 'Tuesday', 'Wednesday', 'Thursday', 'Friday', 'Saturday', 'Sunday'], 'opens': '10:0', 'closes': '20:30'}]","{'@type': 'PostalAddress', 'addressLocality': 'Stockton', 'addressRegion': 'CA', 'postalCode': '95219', 'addressCountry': 'US', 'streetAddress': '10506 Trinity Pkwy'}","{'@type': 'GeoCoordinates', 'latitude': 38.0521702, 'longitude': -121.3747967}",{}
Round Table Pizza (2715 W Kettleman Lane #204),https://www.ubereats.com/sacramento/food-delivery/round-table-pizza-2715-w-kettleman-lane-%23204/2FAwEXBWRPSWWMBQT-bwMw,lodi-california,['Pizza'],,,$,38.116071,-121.309173,+12093688600,95242,2715 W Kettleman Lane #204,Lodi,CA,"[{'@type': 'OpeningHoursSpecification', 'dayOfWeek': ['Sunday', 'Monday', 'Tuesday', 'Wednesday', 'Thursday'], 'opens': '11:0', 'closes': '22:0'}, {'@type': 'OpeningHoursSpecification', 'dayOfWeek': ['Friday', 'Saturday'], 'opens': '11:0', 'closes': '23:0'}]","{'@type': 'PostalAddress', 'addressLocality': 'Lodi', 'addressRegion': 'CA', 'postalCode': '95242', 'addressCountry': 'US', 'streetAddress': '2715 W Kettleman Lane #204'}","{'@type': 'GeoCoordinates', 'latitude': 38.116071, 'longitude': -121.309173}",{}
Carl's Jr. (6301 W Banner Rd),https://www.ubereats.com/sacramento/food-delivery/carls-jr-6301-w-banner-rd/reBQqgU4SiKMrqiv5NtMhw,lodi-california,"['Fast Food', 'Burgers', 'Salads', 'Burritos', 'American']",,,$,38.1154874,-121.3922632,+12093662206,95242,6301 W Banner Rd,Lodi,CA,"[{'@type': 'OpeningHoursSpecification', 'dayOfWeek': 'Sunday', 'opens': '6:30', 'closes': '10:30'}, {'@type': 'OpeningHoursSpecification', 'dayOfWeek': 'Sunday', 'opens': '6:0', 'closes': '23:29'}, {'@type': 'OpeningHoursSpecification', 'dayOfWeek': ['Monday', 'Tuesday', 'Wednesday', 'Thursday'], 'opens': '6:30', 'closes': '10:30'}, {'@type': 'OpeningHoursSpecification', 'dayOfWeek': ['Monday', 'Tuesday', 'Wednesday', 'Thursday'], 'opens': '5:30', 'closes': '23:29'}, {'@type': 'OpeningHoursSpecification', 'dayOfWeek': 'Friday', 'opens': '6:30', 'closes': '10:30'}, {'@type': 'OpeningHoursSpecification', 'dayOfWeek': 'Friday', 'opens': '5:0', 'closes': '0:30'}, {'@type': 'OpeningHoursSpecification', 'dayOfWeek': 'Saturday', 'opens': '6:0', 'closes': '10:30'}, {'@type': 'OpeningHoursSpecification', 'dayOfWeek': 'Saturday', 'opens': '6:0', 'closes': '0:30'}]","{'@type': 'PostalAddress', 'addressLocality': 'Lodi', 'addressRegion': 'CA', 'postalCode': '95242', 'addressCountry': 'US', 'streetAddress': '6301 W Banner Rd'}","{'@type': 'GeoCoordinates', 'latitude': 38.1154874, 'longitude': -121.3922632}",{}
StreetZlan restaurant,https://www.ubereats.com/sacramento/food-delivery/streetzlan-restaurant/gwep00A5Rk6ES3HsQzkm4g,lodi-california,"['Mexican', 'Latin American', 'New Mexican']",,,$,38.2526319,-121.3052407,+12092517241,95632,415 C St,Galt,CA,"[{'@type': 'OpeningHoursSpecification', 'dayOfWeek': ['Tuesday', 'Wednesday'], 'opens': '11:30', 'closes': '18:0'}, {'@type': 'OpeningHoursSpecification', 'dayOfWeek': ['Thursday', 'Friday'], 'opens': '11:30', 'closes': '20:0'}, {'@type': 'OpeningHoursSpecification', 'dayOfWeek': 'Saturday', 'opens': '12:0', 'closes': '20:0'}]","{'@type': 'PostalAddress', 'addressLocality': 'Galt', 'addressRegion': 'CA', 'postalCode': '95632', 'addressCountry': 'US', 'streetAddress': '415 C St'}","{'@type': 'GeoCoordinates', 'latitude': 38.2526319, 'longitude': -121.3052407}",{}
Taqueria San Antonio,https://www.ubereats.com/sacramento/food-delivery/taqueria-san-antonio/bOuLP7AlSRWQLwO4_gpenw,lodi-california,"['Mexican', 'Fast Food']",3.9,16,$,38.03766570000001,-121.2607738,+12099492628,95212,4011 E Morada Ln,Stockton,CA,"[{'@type': 'OpeningHoursSpecification', 'dayOfWeek': ['Monday', 'Tuesday', 'Wednesday', 'Thursday', 'Friday', 'Saturday', 'Sunday'], 'opens': '9:0', 'closes': '21:0'}]","{'@type': 'PostalAddress', 'addressLocality': 'Stockton', 'addressRegion': 'CA', 'postalCode': '95212', 'addressCountry': 'US', 'streetAddress': '4011 E Morada Ln'}","{'@type': 'GeoCoordinates', 'latitude': 38.03766570000001, 'longitude': -121.2607738}","{'@type': 'AggregateRating', 'ratingValue': 3.9, 'reviewCount': '16'}"
Desi Grill,https://www.ubereats.com/sacramento/food-delivery/desi-grill/QHhrTuJhRgaKSVfeAwa3TQ,lodi-california,"['Halal', 'Chicken', 'Indian']",,,$$,38.0289002,-121.3215471,+12094511949,95210,8628 N Lower Sacramento Rd,Stockton,CA,"[{'@type': 'OpeningHoursSpecification', 'dayOfWeek': 'Sunday', 'opens': '14:30', 'closes': '23:0'}, {'@type': 'OpeningHoursSpecification', 'dayOfWeek': ['Tuesday', 'Wednesday', 'Thursday', 'Friday', 'Saturday'], 'opens': '14:30', 'closes': '23:0'}]","{'@type': 'PostalAddress', 'addressLocality': 'Stockton', 'addressRegion': 'CA', 'postalCode': '95210', 'addressCountry': 'US', 'streetAddress': '8628 N Lower Sacramento Rd'}","{'@type': 'GeoCoordinates', 'latitude': 38.0289002, 'longitude': -121.3215471}",{}
Carl's Jr. (2610 W. March Lane),https://www.ubereats.com/sacramento/food-delivery/carls-jr-2610-w-march-lane/G5UyVMOSTJOBCUiCzrpE-Q,lodi-california,"['Fast Food', 'Burgers', 'Salads', 'Burritos', 'American']",4.3,21,$,37.9844058,-121.3401883,+12099577311,95207,2610 W. March Lane,Stockton,CA,"[{'@type': 'OpeningHoursSpecification', 'dayOfWeek': ['Sunday', 'Monday', 'Tuesday', 'Wednesday', 'Thursday'], 'opens': '6:30', 'closes': '10:30'}, {'@type': 'OpeningHoursSpecification', 'dayOfWeek': ['Sunday', 'Monday', 'Tuesday', 'Wednesday', 'Thursday'], 'opens': '6:0', 'closes': '0:30'}, {'@type': 'OpeningHoursSpecification', 'dayOfWeek': ['Friday', 'Saturday'], 'opens': '6:30', 'closes': '10:30'}, {'@type': 'OpeningHoursSpecification', 'dayOfWeek': ['Friday', 'Saturday'], 'opens': '6:0', 'closes': '1:30'}]","{'@type': 'PostalAddress', 'addressLocality': 'Stockton', 'addressRegion': 'CA', 'postalCode': '95207', 'addressCountry': 'US', 'streetAddress': '2610 W. March Lane'}","{'@type': 'GeoCoordinates', 'latitude': 37.9844058, 'longitude': -121.3401883}","{'@type': 'AggregateRating', 'ratingValue': 4.3, 'reviewCount': '21'}"
Five Star Burger - Lodi,https://www.ubereats.com/sacramento/food-delivery/five-star-burger-lodi/WkgNsiNBQPisaAAOz2_yjg,lodi-california,"['Burgers', 'American', 'Sandwiches']",,,$,38.13112879999999,-121.2602447,+12093343199,95240,230 S Cherokee Ln,Lodi,CA,"[{'@type': 'OpeningHoursSpecification', 'dayOfWeek': 'Sunday', 'opens': '8:0', 'closes': '22:0'}, {'@type': 'OpeningHoursSpecification', 'dayOfWeek': ['Monday', 'Tuesday', 'Wednesday'], 'opens': '8:0', 'closes': '21:0'}, {'@type': 'OpeningHoursSpecification', 'dayOfWeek': ['Thursday', 'Friday', 'Saturday'], 'opens': '8:0', 'closes': '22:0'}]","{'@type': 'PostalAddress', 'addressLocality': 'Lodi', 'addressRegion': 'CA', 'postalCode': '95240', 'addressCountry': 'US', 'streetAddress': '230 S Cherokee Ln'}","{'@type': 'GeoCoordinates', 'latitude': 38.13112879999999, 'longitude': -121.2602447}",{}
Denny's (701 E Kettleman Lane),https://www.ubereats.com/sacramento/food-delivery/dennys-701-e-kettleman-lane/dtztA-tJT5WQ2P_be6juEA,lodi-california,"['American', 'Breakfast and Brunch', 'Coffee and Tea', 'Dinner', 'Desserts', 'Salads', 'Steak', 'Sandwich', 'Family Meals']",,,$$,38.1165187,-121.2592096,+12093341337,95240,701 E Kettleman Lane,Lodi,CA,"[{'@type': 'OpeningHoursSpecification', 'dayOfWeek': ['Monday', 'Tuesday', 'Wednesday', 'Thursday', 'Friday', 'Saturday', 'Sunday'], 'opens': '0:0', 'closes': '23:59'}]","{'@type': 'PostalAddress', 'addressLocality': 'Lodi', 'addressRegion': 'CA', 'postalCode': '95240', 'addressCountry': 'US', 'streetAddress': '701 E Kettleman Lane'}","{'@type': 'GeoCoordinates', 'latitude': 38.1165187, 'longitude': -121.2592096}",{}
KFC (4450 East Waterloo Rd.),https://www.ubereats.com/sacramento/food-delivery/kfc-4450-east-waterloo-rd/C3tnN1TpT0COtp_FWa7OIw,lodi-california,"['American', 'Fast Food', 'wings']",4.5,11,$,37.98779639999999,-121.2444251,+16077533243,95215,4450 East Waterloo Rd.,Stockton,CA,"[{'@type': 'OpeningHoursSpecification', 'dayOfWeek': ['Monday', 'Tuesday', 'Wednesday', 'Thursday', 'Friday', 'Saturday', 'Sunday'], 'opens': '10:0', 'closes': '21:30'}]","{'@type': 'PostalAddress', 'addressLocality': 'Stockton', 'addressRegion': 'CA', 'postalCode': '95215', 'addressCountry': 'US', 'streetAddress': '4450 East Waterloo Rd.'}","{'@type': 'GeoCoordinates', 'latitude': 37.98779639999999, 'longitude': -121.2444251}","{'@type': 'AggregateRating', 'ratingValue': 4.5, 'reviewCount': '11'}"
Inspire Coffee,https://www.ubereats.com/sacramento/food-delivery/inspire-coffee/jqsxsqajSXup12IfAR0fMg,lodi-california,"['Coffee and Tea', 'American', 'Breakfast and Brunch']",,,$,38.1339863,-121.2726894,+12096631929,95240,8 W Pine St,Lodi,CA,"[{'@type': 'OpeningHoursSpecification', 'dayOfWeek': ['Monday', 'Tuesday', 'Wednesday', 'Thursday', 'Friday'], 'opens': '8:0', 'closes': '15:0'}, {'@type': 'OpeningHoursSpecification', 'dayOfWeek': 'Saturday', 'opens': '8:0', 'closes': '12:0'}]","{'@type': 'PostalAddress', 'addressLocality': 'Lodi', 'addressRegion': 'CA', 'postalCode': '95240', 'addressCountry': 'US', 'streetAddress': '8 W Pine St'}","{'@type': 'GeoCoordinates', 'latitude': 38.1339863, 'longitude': -121.2726894}",{}
Arteagas Food Center (Lodi),https://www.ubereats.com/sacramento/food-delivery/arteagas-food-center-lodi/KLGkQwqhSn20Kjazq24i6w,lodi-california,"['Mexican', 'Latin American', 'New Mexican', 'Family Meals']",3.8,16,$,38.132536,-121.2692085,+12093390399,95240,200 E. Oak St.,Lodi,CA,"[{'@type': 'OpeningHoursSpecification', 'dayOfWeek': 'Sunday', 'opens': '7:0', 'closes': '20:0'}, {'@type': 'OpeningHoursSpecification', 'dayOfWeek': 'Sunday', 'opens': '8:0', 'closes': '18:0'}, {'@type': 'OpeningHoursSpecification', 'dayOfWeek': ['Monday', 'Tuesday', 'Wednesday', 'Thursday', 'Friday'], 'opens': '8:0', 'closes': '18:0'}, {'@type': 'OpeningHoursSpecification', 'dayOfWeek': 'Saturday', 'opens': '7:0', 'closes': '21:0'}, {'@type': 'OpeningHoursSpecification', 'dayOfWeek': 'Saturday', 'opens': '8:0', 'closes': '18:0'}]","{'@type': 'PostalAddress', 'addressLocality': 'Lodi', 'addressRegion': 'CA', 'postalCode': '95240', 'addressCountry': 'US', 'streetAddress': '200 E. Oak St.'}","{'@type': 'GeoCoordinates', 'latitude': 38.132536, 'longitude': -121.2692085}","{'@type': 'AggregateRating', 'ratingValue': 3.8, 'reviewCount': '16'}"
Super Torta Chilangas Lodi Avenue,https://www.ubereats.com/sacramento/food-delivery/super-torta-chilangas-lodi-avenue/-kLQSRakQzuAQP2z4UjGIw,lodi-california,['Mexican'],,,,38.13094,-121.26289,+12092635048,95240,505 East,Lodi,CA,"[{'@type': 'OpeningHoursSpecification', 'dayOfWeek': 'Sunday', 'opens': '10:0', 'closes': '18:0'}, {'@type': 'OpeningHoursSpecification', 'dayOfWeek': 'Monday', 'opens': '10:0', 'closes': '14:0'}, {'@type': 'OpeningHoursSpecification', 'dayOfWeek': ['Tuesday', 'Wednesday', 'Thursday', 'Friday', 'Saturday'], 'opens': '10:0', 'closes': '18:0'}]","{'@type': 'PostalAddress', 'addressLocality': 'Lodi', 'addressRegion': 'CA', 'postalCode': '95240', 'addressCountry': 'US', 'streetAddress': '505 East'}","{'@type': 'GeoCoordinates', 'latitude': 38.13094, 'longitude': -121.26289}",{}
El Pollo Loco (378 N Wilson Way),https://www.ubereats.com/sacramento/food-delivery/el-pollo-loco-378-n-wilson-way/5HNqGmVMQRmk5MV1cYQmjw,lodi-california,"['Mexican', 'Fast Food', 'Family Meals']",4.4,43,$,37.962400099999996,-121.2710887,+12099422144,95205,678 N Wilson Way,Stockton,CA,"[{'@type': 'OpeningHoursSpecification', 'dayOfWeek': ['Monday', 'Tuesday', 'Wednesday', 'Thursday', 'Friday', 'Saturday', 'Sunday'], 'opens': '10:0', 'closes': '20:30'}]","{'@type': 'PostalAddress', 'addressLocality': 'Stockton', 'addressRegion': 'CA', 'postalCode': '95205', 'addressCountry': 'US', 'streetAddress': '678 N Wilson Way'}","{'@type': 'GeoCoordinates', 'latitude': 37.962400099999996, 'longitude': -121.2710887}","{'@type': 'AggregateRating', 'ratingValue': 4.4, 'reviewCount': '43'}"
Chipotle Mexican Grill (10710 Trinity Pkwy Ste A),https://www.ubereats.com/sacramento/food-delivery/chipotle-mexican-grill-10710-trinity-pkwy-ste-a/p-xSkBu4TFynM6YV5S98nA,lodi-california,"['Healthy', 'Mexican']",4.2,22,$,38.0538602,-121.3752358,+12093901023,95219,10710 Trinity Pkwy Ste A,Stockton,CA,"[{'@type': 'OpeningHoursSpecification', 'dayOfWeek': ['Monday', 'Tuesday', 'Wednesday', 'Thursday', 'Friday', 'Saturday', 'Sunday'], 'opens': '10:45', 'closes': '21:40'}]","{'@type': 'PostalAddress', 'addressLocality': 'Stockton', 'addressRegion': 'CA', 'postalCode': '95219', 'addressCountry': 'US', 'streetAddress': '10710 Trinity Pkwy Ste A'}","{'@type': 'GeoCoordinates', 'latitude': 38.0538602, 'longitude': -121.3752358}","{'@type': 'AggregateRating', 'ratingValue': 4.2, 'reviewCount': '22'}"
El Pollo Loco (1510 E Hammer),https://www.ubereats.com/sacramento/food-delivery/el-pollo-loco-1510-e-hammer/NeWni0J1RaejS01lww9NiA,lodi-california,"['Mexican', 'Fast Food', 'Family Meals']",4.5,23,$,38.020502,-121.2933202,+12099513636,95210,1510 E Hammer Ln,Stockton,CA,"[{'@type': 'OpeningHoursSpecification', 'dayOfWeek': ['Monday', 'Tuesday', 'Wednesday', 'Thursday', 'Friday', 'Saturday', 'Sunday'], 'opens': '10:0', 'closes': '20:30'}]","{'@type': 'PostalAddress', 'addressLocality': 'Stockton', 'addressRegion': 'CA', 'postalCode': '95210', 'addressCountry': 'US', 'streetAddress': '1510 E Hammer Ln'}","{'@type': 'GeoCoordinates', 'latitude': 38.020502, 'longitude': -121.2933202}","{'@type': 'AggregateRating', 'ratingValue': 4.5, 'reviewCount': '23'}"
Chipotle Mexican Grill (2601 Reynolds Ranch Pkwy),https://www.ubereats.com/sacramento/food-delivery/chipotle-mexican-grill-2601-reynolds-ranch-pkwy/nh8uqdJiR6-5KAi0CRfwmQ,lodi-california,"['Healthy', 'Mexican']",4.6,30,$,38.1007584,-121.2671192,+10096424273,95240,2601 Reynolds Ranch Pkwy,Lodi,CA,"[{'@type': 'OpeningHoursSpecification', 'dayOfWeek': ['Monday', 'Tuesday', 'Wednesday', 'Thursday', 'Friday', 'Saturday', 'Sunday'], 'opens': '10:45', 'closes': '21:40'}]","{'@type': 'PostalAddress', 'addressLocality': 'Lodi', 'addressRegion': 'CA', 'postalCode': '95240', 'addressCountry': 'US', 'streetAddress': '2601 Reynolds Ranch Pkwy'}","{'@type': 'GeoCoordinates', 'latitude': 38.1007584, 'longitude': -121.2671192}","{'@type': 'AggregateRating', 'ratingValue': 4.6, 'reviewCount': '30'}"
House of Coffees,https://www.ubereats.com/sacramento/food-delivery/house-of-coffees/poIDqbjaSqqRigzAR2Gwng,lodi-california,['Coffee and Tea'],,,$,38.1380212,-121.2887606,+12093682611,95242,239 N Ham Ln,Lodi,CA,"[{'@type': 'OpeningHoursSpecification', 'dayOfWeek': ['Monday', 'Tuesday', 'Wednesday', 'Thursday', 'Friday', 'Saturday'], 'opens': '6:0', 'closes': '16:30'}]","{'@type': 'PostalAddress', 'addressLocality': 'Lodi', 'addressRegion': 'CA', 'postalCode': '95242', 'addressCountry': 'US', 'streetAddress': '239 N Ham Ln'}","{'@type': 'GeoCoordinates', 'latitude': 38.1380212, 'longitude': -121.2887606}",{}
Wienerschnitzel (220 S. Cherokee Lane),https://www.ubereats.com/sacramento/food-delivery/wienerschnitzel-220-s-cherokee-lane/l-60WwlATqWC_yASbwcA7Q,lodi-california,"['Hot Dog', 'Sandwich', 'American', 'Fast Food']",,,$,38.1314499,-121.2602299,+12093662477,95240,220 S. Cherokee Lane,Lodi,CA,"[{'@type': 'OpeningHoursSpecification', 'dayOfWeek': 'Sunday', 'opens': '10:0', 'closes': '21:30'}, {'@type': 'OpeningHoursSpecification', 'dayOfWeek': ['Monday', 'Tuesday', 'Wednesday', 'Thursday', 'Friday', 'Saturday'], 'opens': '10:0', 'closes': '22:30'}]","{'@type': 'PostalAddress', 'addressLocality': 'Lodi', 'addressRegion': 'CA', 'postalCode': '95240', 'addressCountry': 'US', 'streetAddress': '220 S. Cherokee Lane'}","{'@type': 'GeoCoordinates', 'latitude': 38.1314499, 'longitude': -121.2602299}",{}
California Burrito - Lodi,https://www.ubereats.com/sacramento/food-delivery/california-burrito-lodi/wld1l0iDTzi6BF2TrnPIcQ,lodi-california,"['Mexican', 'Latin American', 'New Mexican']",,,$,38.1153106,-121.3938039,+19162712738,95242,6425 W Banner St,Lodi,CA,"[{'@type': 'OpeningHoursSpecification', 'dayOfWeek': ['Monday', 'Tuesday', 'Wednesday', 'Thursday', 'Friday', 'Saturday', 'Sunday'], 'opens': '6:15', 'closes': '21:45'}, {'@type': 'OpeningHoursSpecification', 'dayOfWeek': ['Monday', 'Tuesday', 'Wednesday', 'Thursday', 'Friday', 'Saturday', 'Sunday'], 'opens': '7:0', 'closes': '21:45'}]","{'@type': 'PostalAddress', 'addressLocality': 'Lodi', 'addressRegion': 'CA', 'postalCode': '95242', 'addressCountry': 'US', 'streetAddress': '6425 W Banner St'}","{'@type': 'GeoCoordinates', 'latitude': 38.1153106, 'longitude': -121.3938039}",{}
Panda Express (2624 W Kettleman Ln),https://www.ubereats.com/sacramento/food-delivery/panda-express-2624-w-kettleman-ln/wSlssDymTDOk2Jqw6A4M0g,lodi-california,"['Chinese', 'Family Meals']",4.4,39,$,38.1150782,-121.3084982,+12093682170,95242,2624 W Kettleman Ln,Lodi,CA,"[{'@type': 'OpeningHoursSpecification', 'dayOfWeek': ['Monday', 'Tuesday', 'Wednesday', 'Thursday', 'Friday', 'Saturday', 'Sunday'], 'opens': '10:0', 'closes': '21:30'}]","{'@type': 'PostalAddress', 'addressLocality': 'Lodi', 'addressRegion': 'CA', 'postalCode': '95242', 'addressCountry': 'US', 'streetAddress': '2624 W Kettleman Ln'}","{'@type': 'GeoCoordinates', 'latitude': 38.1150782, 'longitude': -121.3084982}","{'@type': 'AggregateRating', 'ratingValue': 4.4, 'reviewCount': '39'}"
Deli Delicious Franchising Inc (2602 West Kettleman Lane #120),https://www.ubereats.com/sacramento/food-delivery/deli-delicious-franchising-inc-2602-west-kettleman-lane-%23120/RTbxkn3qTuWcSoZvGIWnCQ,lodi-california,"['Deli', 'salad', 'Sandwich']",,,$,38.1151114,-121.3080066,+12094007900,95242,2602 West Kettleman Lane #120,Lodi,CA,"[{'@type': 'OpeningHoursSpecification', 'dayOfWeek': ['Monday', 'Tuesday', 'Wednesday', 'Thursday', 'Friday', 'Saturday'], 'opens': '10:0', 'closes': '19:0'}]","{'@type': 'PostalAddress', 'addressLocality': 'Lodi', 'addressRegion': 'CA', 'postalCode': '95242', 'addressCountry': 'US', 'streetAddress': '2602 West Kettleman Lane #120'}","{'@type': 'GeoCoordinates', 'latitude': 38.1151114, 'longitude': -121.3080066}",{}
Sizzler (1862 E Hammer Ln),https://www.ubereats.com/sacramento/food-delivery/sizzler-1862-e-hammer-ln/ZzQoW3ArSG-9ZT3c7jcg0A,lodi-california,"['American', 'Burgers', 'Seafood', 'Family Meals']",4.7,22,$$,38.02061450000001,-121.2902183,+12094776682,95210,1862 E Hammer Ln,Stockton,CA,"[{'@type': 'OpeningHoursSpecification', 'dayOfWeek': ['Monday', 'Tuesday', 'Wednesday', 'Thursday', 'Friday', 'Saturday', 'Sunday'], 'opens': '11:0', 'closes': '19:30'}]","{'@type': 'PostalAddress', 'addressLocality': 'Stockton', 'addressRegion': 'CA', 'postalCode': '95210', 'addressCountry': 'US', 'streetAddress': '1862 E Hammer Ln'}","{'@type': 'GeoCoordinates', 'latitude': 38.02061450000001, 'longitude': -121.2902183}","{'@type': 'AggregateRating', 'ratingValue': 4.7, 'reviewCount': '22'}"
El Pollo Loco (224 W Kettleman Ln),https://www.ubereats.com/sacramento/food-delivery/el-pollo-loco-224-w-kettleman-ln/3ZmuJ1SxTFWX6CRcShEGPQ,lodi-california,"['Mexican', 'Fast Food', 'Family Meals']",4.5,10,$,38.1151844,-121.2768976,+12093695923,95240,224 W Kettleman Ln,Lodi,CA,"[{'@type': 'OpeningHoursSpecification', 'dayOfWeek': ['Monday', 'Tuesday', 'Wednesday', 'Thursday', 'Friday', 'Saturday', 'Sunday'], 'opens': '10:0', 'closes': '20:30'}]","{'@type': 'PostalAddress', 'addressLocality': 'Lodi', 'addressRegion': 'CA', 'postalCode': '95240', 'addressCountry': 'US', 'streetAddress': '224 W Kettleman Ln'}","{'@type': 'GeoCoordinates', 'latitude': 38.1151844, 'longitude': -121.2768976}","{'@type': 'AggregateRating', 'ratingValue': 4.5, 'reviewCount': '10'}"
Wings OMG!,https://www.ubereats.com/sacramento/food-delivery/wings-omg!/lNNwdl6KT1GpK8UJKzXiNQ,lodi-california,"['Wings', 'Burgers', 'Sandwich']",,,$,38.02132160000001,-121.3226056,+12099529464,,,,,"[{'@type': 'OpeningHoursSpecification', 'dayOfWeek': ['Sunday', 'Monday'], 'opens': '11:0', 'closes': '22:0'}, {'@type': 'OpeningHoursSpecification', 'dayOfWeek': 'Tuesday', 'opens': '11:0', 'closes': '22:0'}, {'@type': 'OpeningHoursSpecification', 'dayOfWeek': 'Tuesday', 'opens': '17:0', 'closes': '22:0'}, {'@type': 'OpeningHoursSpecification', 'dayOfWeek': ['Wednesday', 'Thursday'], 'opens': '11:0', 'closes': '22:0'}, {'@type': 'OpeningHoursSpecification', 'dayOfWeek': ['Friday', 'Saturday'], 'opens': '11:0', 'closes': '23:0'}]",,"{'@type': 'GeoCoordinates', 'latitude': 38.02132160000001, 'longitude': -121.3226056}",{}
"The Habit Burger Grill (1401 South Lower Sacramento Rd, STE 110)",https://www.ubereats.com/sacramento/food-delivery/the-habit-burger-grill-1401-south-lower-sacramento-rd-ste-110/VTvquETATOyepghzpXL8-Q,lodi-california,"['American', 'Burgers', 'Comfort Food', 'Family Meals']",4.8,17,$,38.1150526,-121.3070681,+12092801660,,,,,"[{'@type': 'OpeningHoursSpecification', 'dayOfWeek': ['Monday', 'Tuesday', 'Wednesday', 'Thursday', 'Friday', 'Saturday', 'Sunday'], 'opens': '10:30', 'closes': '21:45'}]",,"{'@type': 'GeoCoordinates', 'latitude': 38.1150526, 'longitude': -121.3070681}","{'@type': 'AggregateRating', 'ratingValue': 4.8, 'reviewCount': '17'}"
Tacos Chapala,https://www.ubereats.com/sacramento/food-delivery/tacos-chapala/NHmuSix6S8GELQ2y9Ypb_Q,lodi-california,"['Mexican', 'Latin American', 'New Mexican']",4.0,64,$,38.020487,-121.2779705,+12092928183,95212,3008 E Hammer Ln,Stockton,CA,"[{'@type': 'OpeningHoursSpecification', 'dayOfWeek': ['Sunday', 'Monday', 'Tuesday', 'Wednesday', 'Thursday'], 'opens': '9:30', 'closes': '21:0'}, {'@type': 'OpeningHoursSpecification', 'dayOfWeek': ['Friday', 'Saturday'], 'opens': '9:30', 'closes': '22:0'}]","{'@type': 'PostalAddress', 'addressLocality': 'Stockton', 'addressRegion': 'CA', 'postalCode': '95212', 'addressCountry': 'US', 'streetAddress': '3008 E Hammer Ln'}","{'@type': 'GeoCoordinates', 'latitude': 38.020487, 'longitude': -121.2779705}","{'@type': 'AggregateRating', 'ratingValue': 4, 'reviewCount': '64'}"
Carl's Jr. (1535 E. Hammer Lane),https://www.ubereats.com/sacramento/food-delivery/carls-jr-1535-e-hammer-lane/dx_X40O9SU2zFNm9uPvhQQ,lodi-california,"['Fast Food', 'Burgers', 'Salads', 'Burritos', 'American']",4.0,20,$,38.0213147,-121.2931683,+12099519523,95210,1535 E. Hammer Lane,Stockton,CA,"[{'@type': 'OpeningHoursSpecification', 'dayOfWeek': ['Monday', 'Tuesday', 'Wednesday', 'Thursday', 'Friday', 'Saturday', 'Sunday'], 'opens': '6:30', 'closes': '10:30'}, {'@type': 'OpeningHoursSpecification', 'dayOfWeek': ['Monday', 'Tuesday', 'Wednesday', 'Thursday', 'Friday', 'Saturday', 'Sunday'], 'opens': '6:0', 'closes': '0:30'}]","{'@type': 'PostalAddress', 'addressLocality': 'Stockton', 'addressRegion': 'CA', 'postalCode': '95210', 'addressCountry': 'US', 'streetAddress': '1535 E. Hammer Lane'}","{'@type': 'GeoCoordinates', 'latitude': 38.0213147, 'longitude': -121.2931683}","{'@type': 'AggregateRating', 'ratingValue': 4, 'reviewCount': '20'}"
KFC (1537 N. Wilson Way),https://www.ubereats.com/sacramento/food-delivery/kfc-1537-n-wilson-way/1vVxVNOgQcmUwziCQERFuQ,lodi-california,"['American', 'Fast Food', 'wings']",2.6,14,$,37.9710712,-121.276093,+12812773327,95205,1537 N. Wilson Way,Stockton,CA,"[{'@type': 'OpeningHoursSpecification', 'dayOfWeek': ['Monday', 'Tuesday', 'Wednesday', 'Thursday', 'Friday', 'Saturday', 'Sunday'], 'opens': '10:0', 'closes': '21:30'}]","{'@type': 'PostalAddress', 'addressLocality': 'Stockton', 'addressRegion': 'CA', 'postalCode': '95205', 'addressCountry': 'US', 'streetAddress': '1537 N. Wilson Way'}","{'@type': 'GeoCoordinates', 'latitude': 37.9710712, 'longitude': -121.276093}","{'@type': 'AggregateRating', 'ratingValue': 2.6, 'reviewCount': '14'}"
Burger King (616 West Kettleman Lane),https://www.ubereats.com/sacramento/food-delivery/burger-king-616-west-kettleman-lane/7UwZ0kIiRJy6hdvVwIMg2g,lodi-california,"['American', 'burger', 'Fast Food']",4.4,10,$,38.1150153,-121.2818372,+12093330452,95240,616 West Kettleman Lane,Lodi,CA,"[{'@type': 'OpeningHoursSpecification', 'dayOfWeek': ['Monday', 'Tuesday', 'Wednesday', 'Thursday', 'Friday', 'Saturday', 'Sunday'], 'opens': '6:30', 'closes': '10:29'}, {'@type': 'OpeningHoursSpecification', 'dayOfWeek': ['Monday', 'Tuesday', 'Wednesday', 'Thursday', 'Friday', 'Saturday', 'Sunday'], 'opens': '10:30', 'closes': '23:30'}]","{'@type': 'PostalAddress', 'addressLocality': 'Lodi', 'addressRegion': 'CA', 'postalCode': '95240', 'addressCountry': 'US', 'streetAddress': '616 West Kettleman Lane'}","{'@type': 'GeoCoordinates', 'latitude': 38.1150153, 'longitude': -121.2818372}","{'@type': 'AggregateRating', 'ratingValue': 4.4, 'reviewCount': '10'}"
Five Window Beer Co.,https://www.ubereats.com/sacramento/food-delivery/five-window-beer-co/m995y2NrTG2cLDlyubhNUw,lodi-california,"['American', 'Burgers', 'Sandwiches']",,,$,38.1368954,-121.2725817,+12097122336,95240,9 West Locust Street,Lodi,CA,"[{'@type': 'OpeningHoursSpecification', 'dayOfWeek': 'Sunday', 'opens': '11:0', 'closes': '20:0'}, {'@type': 'OpeningHoursSpecification', 'dayOfWeek': 'Monday', 'opens': '17:0', 'closes': '21:0'}, {'@type': 'OpeningHoursSpecification', 'dayOfWeek': ['Tuesday', 'Wednesday'], 'opens': '15:0', 'closes': '21:0'}, {'@type': 'OpeningHoursSpecification', 'dayOfWeek': ['Thursday', 'Friday'], 'opens': '15:0', 'closes': '22:0'}, {'@type': 'OpeningHoursSpecification', 'dayOfWeek': 'Saturday', 'opens': '11:0', 'closes': '22:0'}]","{'@type': 'PostalAddress', 'addressLocality': 'Lodi', 'addressRegion': 'CA', 'postalCode': '95240', 'addressCountry': 'US', 'streetAddress': '9 West Locust Street'}","{'@type': 'GeoCoordinates', 'latitude': 38.1368954, 'longitude': -121.2725817}",{}
Sonic (10354 Trinity Parkway),https://www.ubereats.com/sacramento/food-delivery/sonic-10354-trinity-parkway/q8et8XQPR3SAc-4-NQOOHA,lodi-california,"['American', 'Burgers', 'Breakfast and Brunch', 'Fast Food']",4.4,22,$,38.0505884,-121.3738699,+12094740735,95219,10354 Trinity Parkway,Stockton,CA,"[{'@type': 'OpeningHoursSpecification', 'dayOfWeek': ['Monday', 'Tuesday', 'Wednesday', 'Thursday', 'Friday', 'Saturday', 'Sunday'], 'opens': '10:0', 'closes': '23:0'}]","{'@type': 'PostalAddress', 'addressLocality': 'Stockton', 'addressRegion': 'CA', 'postalCode': '95219', 'addressCountry': 'US', 'streetAddress': '10354 Trinity Parkway'}","{'@type': 'GeoCoordinates', 'latitude': 38.0505884, 'longitude': -121.3738699}","{'@type': 'AggregateRating', 'ratingValue': 4.4, 'reviewCount': '22'}"
Chipotle Mexican Grill (2310 Tienda Dr Ste 200),https://www.ubereats.com/sacramento/food-delivery/chipotle-mexican-grill-2310-tienda-dr-ste-200/pJjU-OEHTo6-dH86tNBzBg,lodi-california,"['Healthy', 'Mexican']",4.4,18,$,38.1166655,-121.3025466,+12093710881,95242,2310 Tienda Dr Ste 200,Lodi,CA,"[{'@type': 'OpeningHoursSpecification', 'dayOfWeek': ['Monday', 'Tuesday', 'Wednesday', 'Thursday', 'Friday', 'Saturday', 'Sunday'], 'opens': '10:45', 'closes': '21:40'}]","{'@type': 'PostalAddress', 'addressLocality': 'Lodi', 'addressRegion': 'CA', 'postalCode': '95242', 'addressCountry': 'US', 'streetAddress': '2310 Tienda Dr Ste 200'}","{'@type': 'GeoCoordinates', 'latitude': 38.1166655, 'longitude': -121.3025466}","{'@type': 'AggregateRating', 'ratingValue': 4.4, 'reviewCount': '18'}"
Frosted Flour,https://www.ubereats.com/sacramento/food-delivery/frosted-flour/oyqKrAwbSqqCd_CYHQNLIg,lodi-california,"['Bakery', 'Desserts']",,,$$,38.129876,-121.284495,+12093692253,95240,904 W,Lodi,California,"[{'@type': 'OpeningHoursSpecification', 'dayOfWeek': ['Monday', 'Tuesday', 'Wednesday', 'Thursday', 'Friday'], 'opens': '10:0', 'closes': '17:30'}, {'@type': 'OpeningHoursSpecification', 'dayOfWeek': 'Saturday', 'opens': '10:0', 'closes': '16:0'}]","{'@type': 'PostalAddress', 'addressLocality': 'Lodi', 'addressRegion': 'California', 'postalCode': '95240', 'addressCountry': 'US', 'streetAddress': '904 W'}","{'@type': 'GeoCoordinates', 'latitude': 38.129876, 'longitude': -121.284495}",{}
"Carl's Jr. (1065 ""C"" Street)",https://www.ubereats.com/sacramento/food-delivery/carls-jr-1065-%22c%22-street/AGkn6klFQea3QKXUn-O6Iw,lodi-california,"['Fast Food', 'Burgers', 'Salads', 'Burritos', 'American']",4.2,12,$,38.25335380000001,-121.2965652,+12097456843,,,,,"[{'@type': 'OpeningHoursSpecification', 'dayOfWeek': ['Sunday', 'Monday', 'Tuesday', 'Wednesday', 'Thursday'], 'opens': '6:30', 'closes': '10:30'}, {'@type': 'OpeningHoursSpecification', 'dayOfWeek': ['Sunday', 'Monday', 'Tuesday', 'Wednesday', 'Thursday'], 'opens': '6:0', 'closes': '23:29'}, {'@type': 'OpeningHoursSpecification', 'dayOfWeek': ['Friday', 'Saturday'], 'opens': '6:30', 'closes': '10:30'}, {'@type': 'OpeningHoursSpecification', 'dayOfWeek': ['Friday', 'Saturday'], 'opens': '6:0', 'closes': '0:30'}]",,"{'@type': 'GeoCoordinates', 'latitude': 38.25335380000001, 'longitude': -121.2965652}","{'@type': 'AggregateRating', 'ratingValue': 4.2, 'reviewCount': '12'}"
Halal Pizza,https://www.ubereats.com/sacramento/food-delivery/halal-pizza/DO6TOj34TbSp-U6fyl7BDw,lodi-california,"['Middle Eastern', 'Pizza', 'Burgers', 'Family Meals']",5.0,24,$$,38.002271,-121.28852,+12094779777,95210,1540 E March Ln,Stockton,California,"[{'@type': 'OpeningHoursSpecification', 'dayOfWeek': 'Sunday', 'opens': '9:0', 'closes': '20:30'}, {'@type': 'OpeningHoursSpecification', 'dayOfWeek': 'Sunday', 'opens': '9:0', 'closes': '21:0'}, {'@type': 'OpeningHoursSpecification', 'dayOfWeek': ['Monday', 'Tuesday', 'Wednesday', 'Thursday', 'Friday', 'Saturday'], 'opens': '9:0', 'closes': '21:0'}]","{'@type': 'PostalAddress', 'addressLocality': 'Stockton', 'addressRegion': 'California', 'postalCode': '95210', 'addressCountry': 'US', 'streetAddress': '1540 E March Ln'}","{'@type': 'GeoCoordinates', 'latitude': 38.002271, 'longitude': -121.28852}","{'@type': 'AggregateRating', 'ratingValue': 5, 'reviewCount': '24'}"
Juli's and Raleigh's Coffee Shop,https://www.ubereats.com/sacramento/food-delivery/julis-and-raleighs-coffee-shop/5pUJWYgkRMqxm4n8J8cBXQ,lodi-california,"['American', 'Coffee and Tea']",,,$,38.1371055,-121.2592835,+12093392309,95240,700 East Victor Rd.,Lodi,CA,"[{'@type': 'OpeningHoursSpecification', 'dayOfWeek': 'Sunday', 'opens': '7:0', 'closes': '14:0'}, {'@type': 'OpeningHoursSpecification', 'dayOfWeek': 'Sunday', 'opens': '5:30', 'closes': '10:0'}, {'@type': 'OpeningHoursSpecification', 'dayOfWeek': 'Sunday', 'opens': '7:0', 'closes': '14:0'}, {'@type': 'OpeningHoursSpecification', 'dayOfWeek': ['Monday', 'Tuesday', 'Wednesday', 'Thursday', 'Friday'], 'opens': '7:0', 'closes': '14:0'}, {'@type': 'OpeningHoursSpecification', 'dayOfWeek': ['Monday', 'Tuesday', 'Wednesday', 'Thursday', 'Friday'], 'opens': '5:30', 'closes': '10:0'}, {'@type': 'OpeningHoursSpecification', 'dayOfWeek': ['Monday', 'Tuesday', 'Wednesday', 'Thursday', 'Friday'], 'opens': '5:30', 'closes': '15:0'}, {'@type': 'OpeningHoursSpecification', 'dayOfWeek': 'Saturday', 'opens': '7:0', 'closes': '14:0'}, {'@type': 'OpeningHoursSpecification', 'dayOfWeek': 'Saturday', 'opens': '5:30', 'closes': '14:0'}, {'@type': 'OpeningHoursSpecification', 'dayOfWeek': 'Saturday', 'opens': '5:30', 'closes': '10:0'}, {'@type': 'OpeningHoursSpecification', 'dayOfWeek': 'Saturday', 'opens': '5:30', 'closes': '14:0'}]","{'@type': 'PostalAddress', 'addressLocality': 'Lodi', 'addressRegion': 'CA', 'postalCode': '95240', 'addressCountry': 'US', 'streetAddress': '700 East Victor Rd.'}","{'@type': 'GeoCoordinates', 'latitude': 38.1371055, 'longitude': -121.2592835}",{}
Five Guys CA-1661 2640 Reynolds Ranch Pkwy.,https://www.ubereats.com/sacramento/food-delivery/five-guys-ca-1661-2640-reynolds-ranch-pkwy/4qZsDWpkTVSI7ICEVGi9Gg,lodi-california,"['American', 'Burgers', 'Sandwich']",,,$,38.0996325,-121.2658108,+12093339750,95240,2640 Reynolds Ranch Pkwy.,Lodi,CA,"[{'@type': 'OpeningHoursSpecification', 'dayOfWeek': ['Monday', 'Tuesday', 'Wednesday', 'Thursday', 'Friday', 'Saturday', 'Sunday'], 'opens': '11:0', 'closes': '19:30'}]","{'@type': 'PostalAddress', 'addressLocality': 'Lodi', 'addressRegion': 'CA', 'postalCode': '95240', 'addressCountry': 'US', 'streetAddress': '2640 Reynolds Ranch Pkwy.'}","{'@type': 'GeoCoordinates', 'latitude': 38.0996325, 'longitude': -121.2658108}",{}
Jack in the Box (565) 3506 W. Hammer Lane,https://www.ubereats.com/sacramento/food-delivery/jack-in-the-box-565-3506-w-hammer-lane/7nrzaclBRA6WByypxnSpRg,lodi-california,"['American', 'burger', 'Fast Food']",4.2,37,$,38.0209372,-121.3606514,+12099516818,95209,3506 W. Hammer Lane,Stockton,CA,"[{'@type': 'OpeningHoursSpecification', 'dayOfWeek': ['Monday', 'Tuesday', 'Wednesday', 'Thursday', 'Friday', 'Saturday', 'Sunday'], 'opens': '0:0', 'closes': '23:59'}]","{'@type': 'PostalAddress', 'addressLocality': 'Stockton', 'addressRegion': 'CA', 'postalCode': '95209', 'addressCountry': 'US', 'streetAddress': '3506 W. Hammer Lane'}","{'@type': 'GeoCoordinates', 'latitude': 38.0209372, 'longitude': -121.3606514}","{'@type': 'AggregateRating', 'ratingValue': 4.2, 'reviewCount': '37'}"
KFC (4455 Pacific Ave.),https://www.ubereats.com/sacramento/food-delivery/kfc-4455-pacific-ave/PutepnhESMuhi-RY7AAsEg,lodi-california,"['American', 'Fast Food', 'wings']",4.0,18,$,37.9883282,-121.3121152,+12486521734,95207,4455 Pacific Ave.,Stockton,CA,"[{'@type': 'OpeningHoursSpecification', 'dayOfWeek': ['Monday', 'Tuesday', 'Wednesday', 'Thursday', 'Friday', 'Saturday', 'Sunday'], 'opens': '11:0', 'closes': '21:30'}]","{'@type': 'PostalAddress', 'addressLocality': 'Stockton', 'addressRegion': 'CA', 'postalCode': '95207', 'addressCountry': 'US', 'streetAddress': '4455 Pacific Ave.'}","{'@type': 'GeoCoordinates', 'latitude': 37.9883282, 'longitude': -121.3121152}","{'@type': 'AggregateRating', 'ratingValue': 4, 'reviewCount': '18'}"
Panera (2533 West Kettleman Lane),https://www.ubereats.com/sacramento/food-delivery/panera-2533-west-kettleman-lane/VEwcehsVSGKzXdre9CAMsg,lodi-california,"['Breakfast and Brunch', 'salad', 'Sandwich', 'Family Meals']",,,$,38.1161221,-121.3071128,+12093671322,95242,2533 West Kettleman Lane,Lodi,CA,"[{'@type': 'OpeningHoursSpecification', 'dayOfWeek': 'Sunday', 'opens': '8:0', 'closes': '19:30'}, {'@type': 'OpeningHoursSpecification', 'dayOfWeek': ['Monday', 'Tuesday', 'Wednesday', 'Thursday', 'Friday'], 'opens': '7:0', 'closes': '19:30'}, {'@type': 'OpeningHoursSpecification', 'dayOfWeek': 'Saturday', 'opens': '8:0', 'closes': '19:30'}]","{'@type': 'PostalAddress', 'addressLocality': 'Lodi', 'addressRegion': 'CA', 'postalCode': '95242', 'addressCountry': 'US', 'streetAddress': '2533 West Kettleman Lane'}","{'@type': 'GeoCoordinates', 'latitude': 38.1161221, 'longitude': -121.3071128}",{}
Mr. Pickle's Sandwich Shop - Galt,https://www.ubereats.com/sacramento/food-delivery/mr-pickles-sandwich-shop-galt/iFrhmml-QrqSj0PPcFJaHw,lodi-california,"['American', 'Sandwich', 'Salads', 'Deli']",,,$,38.2624159,-121.2967887,+12092517269,95632,955 Simmerhorn Rd,Galt,CA,"[{'@type': 'OpeningHoursSpecification', 'dayOfWeek': 'Sunday', 'opens': '10:0', 'closes': '16:0'}, {'@type': 'OpeningHoursSpecification', 'dayOfWeek': ['Monday', 'Tuesday', 'Wednesday', 'Thursday', 'Friday', 'Saturday'], 'opens': '10:0', 'closes': '18:30'}]","{'@type': 'PostalAddress', 'addressLocality': 'Galt', 'addressRegion': 'CA', 'postalCode': '95632', 'addressCountry': 'US', 'streetAddress': '955 Simmerhorn Rd'}","{'@type': 'GeoCoordinates', 'latitude': 38.2624159, 'longitude': -121.2967887}",{}
KFC (3519 East Hammer Lane),https://www.ubereats.com/sacramento/food-delivery/kfc-3519-east-hammer-lane/F4L-c5ZfQ_eGbD0dD7hV1w,lodi-california,"['American', 'Fast Food', 'wings']",,,$,38.0214563,-121.2709667,+12813763103,95212,3519 East Hammer Lane,Stockton,CA,"[{'@type': 'OpeningHoursSpecification', 'dayOfWeek': ['Monday', 'Tuesday', 'Wednesday', 'Thursday', 'Friday', 'Saturday', 'Sunday'], 'opens': '10:0', 'closes': '21:30'}]","{'@type': 'PostalAddress', 'addressLocality': 'Stockton', 'addressRegion': 'CA', 'postalCode': '95212', 'addressCountry': 'US', 'streetAddress': '3519 East Hammer Lane'}","{'@type': 'GeoCoordinates', 'latitude': 38.0214563, 'longitude': -121.2709667}",{}
Nation's Giant Hamburgers (Stockton),https://www.ubereats.com/sacramento/food-delivery/nations-giant-hamburgers-stockton/L0nQ5yzXQUacH18tS-1kvA,lodi-california,"['American', 'Burgers', 'Desserts']",4.2,51,$,38.021751,-121.360283,+12094775922,95219,3333 W Hammer Ln,Stockton,California,"[{'@type': 'OpeningHoursSpecification', 'dayOfWeek': ['Sunday', 'Monday', 'Tuesday', 'Wednesday', 'Thursday'], 'opens': '6:0', 'closes': '23:59'}, {'@type': 'OpeningHoursSpecification', 'dayOfWeek': ['Friday', 'Saturday'], 'opens': '6:0', 'closes': '1:0'}]","{'@type': 'PostalAddress', 'addressLocality': 'Stockton', 'addressRegion': 'California', 'postalCode': '95219', 'addressCountry': 'US', 'streetAddress': '3333 W Hammer Ln'}","{'@type': 'GeoCoordinates', 'latitude': 38.021751, 'longitude': -121.360283}","{'@type': 'AggregateRating', 'ratingValue': 4.2, 'reviewCount': '51'}"
Blaze Pizza (1537 Lower Sacramento Road),https://www.ubereats.com/sacramento/food-delivery/blaze-pizza-1537-lower-sacramento-road/sO_v2PuBQNWG9AyDZsgrGg,lodi-california,"['Pizza', 'Family Meals', 'American']",4.3,19,$,38.1137592,-121.3070234,+12093691169,95242,1537 Lower Sacramento Road,Lodi,CA,"[{'@type': 'OpeningHoursSpecification', 'dayOfWeek': ['Sunday', 'Monday', 'Tuesday', 'Wednesday', 'Thursday'], 'opens': '11:0', 'closes': '20:30'}, {'@type': 'OpeningHoursSpecification', 'dayOfWeek': ['Friday', 'Saturday'], 'opens': '11:0', 'closes': '21:30'}]","{'@type': 'PostalAddress', 'addressLocality': 'Lodi', 'addressRegion': 'CA', 'postalCode': '95242', 'addressCountry': 'US', 'streetAddress': '1537 Lower Sacramento Road'}","{'@type': 'GeoCoordinates', 'latitude': 38.1137592, 'longitude': -121.3070234}","{'@type': 'AggregateRating', 'ratingValue': 4.3, 'reviewCount': '19'}"
Subway (2620 Reynolds Ranch Pkwy Ste 120),https://www.ubereats.com/sacramento/food-delivery/subway-2620-reynolds-ranch-pkwy-ste-120/vtlEgL2vTU6HjUWanXRVhQ,lodi-california,"['Fast Food', 'Sandwich', 'American']",,,$,38.1004253,-121.2658299,+12093333386,95240,2620 Reynolds Ranch Pkwy Ste 120,Lodi,CA,"[{'@type': 'OpeningHoursSpecification', 'dayOfWeek': ['Monday', 'Tuesday', 'Wednesday', 'Thursday', 'Friday', 'Saturday', 'Sunday'], 'opens': '8:0', 'closes': '20:30'}]","{'@type': 'PostalAddress', 'addressLocality': 'Lodi', 'addressRegion': 'CA', 'postalCode': '95240', 'addressCountry': 'US', 'streetAddress': '2620 Reynolds Ranch Pkwy Ste 120'}","{'@type': 'GeoCoordinates', 'latitude': 38.1004253, 'longitude': -121.2658299}",{}
Cold Stone Creamery (115 W Elm St),https://www.ubereats.com/sacramento/food-delivery/cold-stone-creamery-115-w-elm-st/f48ICKuoRLi2k8L68HqZpw,lodi-california,"['Ice Cream and Frozen Yogurt', 'Desserts', 'Cupcakes']",4.9,17,$,38.1355855,-121.2740266,+12093691233,95240,115 W Elm St,Lodi,CA,"[{'@type': 'OpeningHoursSpecification', 'dayOfWeek': ['Monday', 'Tuesday', 'Wednesday', 'Thursday', 'Friday', 'Saturday', 'Sunday'], 'opens': '13:0', 'closes': '21:0'}]","{'@type': 'PostalAddress', 'addressLocality': 'Lodi', 'addressRegion': 'CA', 'postalCode': '95240', 'addressCountry': 'US', 'streetAddress': '115 W Elm St'}","{'@type': 'GeoCoordinates', 'latitude': 38.1355855, 'longitude': -121.2740266}","{'@type': 'AggregateRating', 'ratingValue': 4.9, 'reviewCount': '17'}"
Rice n spice,https://www.ubereats.com/sacramento/food-delivery/rice-n-spice/1C_CtOJyRUybDXnwewJd6A,lodi-california,"['Pizza', 'Chicken', 'Salads']",,,$$,38.1206263,-121.2786654,+12093332980,95240,1030 S Hutchins St,Sacramento,CA,"[{'@type': 'OpeningHoursSpecification', 'dayOfWeek': ['Monday', 'Tuesday', 'Wednesday', 'Thursday', 'Friday', 'Saturday', 'Sunday'], 'opens': '10:0', 'closes': '20:0'}]","{'@type': 'PostalAddress', 'addressLocality': 'Sacramento', 'addressRegion': 'CA', 'postalCode': '95240', 'addressCountry': 'US', 'streetAddress': '1030 S Hutchins St'}","{'@type': 'GeoCoordinates', 'latitude': 38.1206263, 'longitude': -121.2786654}",{}
Denny's (15237 Thornton Road),https://www.ubereats.com/sacramento/food-delivery/dennys-15237-thornton-road/KU0jsgH_Ts-Oi21kGLt5pg,lodi-california,"['American', 'Breakfast and Brunch', 'Coffee and Tea', 'Dinner', 'Desserts']",,,$$,38.11723131760287,-121.3944417918422,+12093692255,,,,,"[{'@type': 'OpeningHoursSpecification', 'dayOfWeek': ['Sunday', 'Monday', 'Tuesday', 'Wednesday', 'Thursday'], 'opens': '7:0', 'closes': '20:0'}, {'@type': 'OpeningHoursSpecification', 'dayOfWeek': ['Friday', 'Saturday'], 'opens': '7:0', 'closes': '22:0'}]",,"{'@type': 'GeoCoordinates', 'latitude': 38.11723131760287, 'longitude': -121.3944417918422}",{}
Mr. Pickle's Sandwich Shop - Lodi,https://www.ubereats.com/sacramento/food-delivery/mr-pickles-sandwich-shop-lodi/yS-3dapTRTmdKS5jyz221w,lodi-california,"['American', 'Sandwich', 'Salads', 'Deli']",4.3,10,$,38.1149423,-121.2794904,+12092637211,95240,514 W Kettleman Ln,Lodi,Calif,"[{'@type': 'OpeningHoursSpecification', 'dayOfWeek': ['Monday', 'Tuesday', 'Wednesday', 'Thursday', 'Friday', 'Saturday', 'Sunday'], 'opens': '10:0', 'closes': '15:30'}]","{'@type': 'PostalAddress', 'addressLocality': 'Lodi', 'addressRegion': 'Calif', 'postalCode': '95240', 'addressCountry': 'US', 'streetAddress': '514 W Kettleman Ln'}","{'@type': 'GeoCoordinates', 'latitude': 38.1149423, 'longitude': -121.2794904}","{'@type': 'AggregateRating', 'ratingValue': 4.3, 'reviewCount': '10'}"
Burger King (230 N. Cherokee Lane),https://www.ubereats.com/sacramento/food-delivery/burger-king-230-n-cherokee-lane/dyVMjn50TAe5BUXmD8I-LA,lodi-california,"['American', 'burger', 'Fast Food']",,,$,38.13763460000001,-121.260416,+12093670648,95240,230 N. Cherokee Lane,Lodi,CA,"[{'@type': 'OpeningHoursSpecification', 'dayOfWeek': 'Sunday', 'opens': '6:0', 'closes': '10:29'}, {'@type': 'OpeningHoursSpecification', 'dayOfWeek': 'Sunday', 'opens': '10:30', 'closes': '23:30'}, {'@type': 'OpeningHoursSpecification', 'dayOfWeek': 'Sunday', 'opens': '0:0', 'closes': '1:30'}, {'@type': 'OpeningHoursSpecification', 'dayOfWeek': ['Monday', 'Tuesday', 'Wednesday', 'Thursday'], 'opens': '6:0', 'closes': '10:29'}, {'@type': 'OpeningHoursSpecification', 'dayOfWeek': ['Monday', 'Tuesday', 'Wednesday', 'Thursday'], 'opens': '10:30', 'closes': '23:30'}, {'@type': 'OpeningHoursSpecification', 'dayOfWeek': 'Friday', 'opens': '6:0', 'closes': '10:29'}, {'@type': 'OpeningHoursSpecification', 'dayOfWeek': 'Friday', 'opens': '10:30', 'closes': '23:59'}, {'@type': 'OpeningHoursSpecification', 'dayOfWeek': 'Saturday', 'opens': '6:0', 'closes': '10:29'}, {'@type': 'OpeningHoursSpecification', 'dayOfWeek': 'Saturday', 'opens': '0:0', 'closes': '1:30'}, {'@type': 'OpeningHoursSpecification', 'dayOfWeek': 'Saturday', 'opens': '10:30', 'closes': '23:59'}]","{'@type': 'PostalAddress', 'addressLocality': 'Lodi', 'addressRegion': 'CA', 'postalCode': '95240', 'addressCountry': 'US', 'streetAddress': '230 N. Cherokee Lane'}","{'@type': 'GeoCoordinates', 'latitude': 38.13763460000001, 'longitude': -121.260416}",{}
Krispy Krunchy Chicken (10878 N Hwy 99),https://www.ubereats.com/sacramento/food-delivery/krispy-krunchy-chicken-10878-n-hwy-99/ph5QUdi-TNS7KI4Svur6Jw,lodi-california,"['Fried Chicken', 'Seafood', 'Breakfast and Brunch', 'Wings']",,,$,38.0554738,-121.2573537,+12095941763,95212,10878 N Hwy 99,Stockton,CA,"[{'@type': 'OpeningHoursSpecification', 'dayOfWeek': ['Monday', 'Tuesday', 'Wednesday', 'Thursday', 'Friday', 'Saturday', 'Sunday'], 'opens': '7:0', 'closes': '17:30'}]","{'@type': 'PostalAddress', 'addressLocality': 'Stockton', 'addressRegion': 'CA', 'postalCode': '95212', 'addressCountry': 'US', 'streetAddress': '10878 N Hwy 99'}","{'@type': 'GeoCoordinates', 'latitude': 38.0554738, 'longitude': -121.2573537}",{}
"Firehouse Subs (7860 West Lane, Ste B1)",https://www.ubereats.com/sacramento/food-delivery/firehouse-subs-7860-west-lane-ste-b1/HgMU9WwVR8W9Ou6PveU-Yg,lodi-california,"['Sandwich', 'Deli', 'American', 'Breakfast and Brunch']",4.0,23,$,38.0205703,-121.2938876,+12095941331,95210,7860 West Lane Ste B1,Stockton,CA,"[{'@type': 'OpeningHoursSpecification', 'dayOfWeek': ['Monday', 'Tuesday', 'Wednesday', 'Thursday', 'Friday', 'Saturday', 'Sunday'], 'opens': '10:30', 'closes': '21:0'}]","{'@type': 'PostalAddress', 'addressLocality': 'Stockton', 'addressRegion': 'CA', 'postalCode': '95210', 'addressCountry': 'US', 'streetAddress': '7860 West Lane Ste B1'}","{'@type': 'GeoCoordinates', 'latitude': 38.0205703, 'longitude': -121.2938876}","{'@type': 'AggregateRating', 'ratingValue': 4, 'reviewCount': '23'}"
"Jamba Juice (2624 W. Kettleman Ln, Ste #110)",https://www.ubereats.com/sacramento/food-delivery/jamba-juice-2624-w-kettleman-ln-ste-%23110/INqmbQXqTO-nr_F7lQQqgQ,lodi-california,"['Juice Bars', 'Juice and Smoothies', 'Healthy']",,,$,38.1150782,-121.3084982,+12093682037,95242,"2624 W. Kettleman Ln, Ste #110",Lodi,CA,"[{'@type': 'OpeningHoursSpecification', 'dayOfWeek': ['Monday', 'Tuesday', 'Wednesday', 'Thursday', 'Friday', 'Saturday', 'Sunday'], 'opens': '7:0', 'closes': '21:0'}]","{'@type': 'PostalAddress', 'addressLocality': 'Lodi', 'addressRegion': 'CA', 'postalCode': '95242', 'addressCountry': 'US', 'streetAddress': '2624 W. Kettleman Ln, Ste #110'}","{'@type': 'GeoCoordinates', 'latitude': 38.1150782, 'longitude': -121.3084982}",{}
Friend's Indian Restaurant,https://www.ubereats.com/sacramento/food-delivery/friends-indian-restaurant/nD55plfrStyuVGa9Bg78aw,lodi-california,"['Indian', 'Halal']",4.9,21,$$,38.1139942,-121.2852398,+12093342751,,,,,"[{'@type': 'OpeningHoursSpecification', 'dayOfWeek': 'Monday', 'opens': '12:0', 'closes': '20:30'}, {'@type': 'OpeningHoursSpecification', 'dayOfWeek': ['Wednesday', 'Thursday', 'Friday', 'Saturday'], 'opens': '12:0', 'closes': '20:30'}]",,"{'@type': 'GeoCoordinates', 'latitude': 38.1139942, 'longitude': -121.2852398}","{'@type': 'AggregateRating', 'ratingValue': 4.9, 'reviewCount': '21'}"
KFC (2712 W. Kettleman Lane),https://www.ubereats.com/sacramento/food-delivery/kfc-2712-w-kettleman-lane/s65QhqZBR3SFB2lrIB_BLw,lodi-california,"['American', 'Fast Food', 'wings']",4.5,24,$,38.1149658,-121.3092579,+13156290527,95242,2712 W. Kettleman Lane,Lodi,CA,"[{'@type': 'OpeningHoursSpecification', 'dayOfWeek': ['Monday', 'Tuesday', 'Wednesday', 'Thursday', 'Friday', 'Saturday', 'Sunday'], 'opens': '10:0', 'closes': '21:30'}]","{'@type': 'PostalAddress', 'addressLocality': 'Lodi', 'addressRegion': 'CA', 'postalCode': '95242', 'addressCountry': 'US', 'streetAddress': '2712 W. Kettleman Lane'}","{'@type': 'GeoCoordinates', 'latitude': 38.1149658, 'longitude': -121.3092579}","{'@type': 'AggregateRating', 'ratingValue': 4.5, 'reviewCount': '24'}"
Subway (2434 W Kettleman Ln),https://www.ubereats.com/sacramento/food-delivery/subway-2434-w-kettleman-ln/00laolhTT_aen3zLNouhAw,lodi-california,"['Fast Food', 'Sandwich', 'American']",,,$,38.1140397,-121.3060619,+12093331887,95242,2434 W Kettleman Ln,Lodi,CA,"[{'@type': 'OpeningHoursSpecification', 'dayOfWeek': ['Monday', 'Tuesday', 'Wednesday', 'Thursday', 'Friday', 'Saturday', 'Sunday'], 'opens': '10:0', 'closes': '18:30'}]","{'@type': 'PostalAddress', 'addressLocality': 'Lodi', 'addressRegion': 'CA', 'postalCode': '95242', 'addressCountry': 'US', 'streetAddress': '2434 W Kettleman Ln'}","{'@type': 'GeoCoordinates', 'latitude': 38.1140397, 'longitude': -121.3060619}",{}
The Omelet House,https://www.ubereats.com/sacramento/food-delivery/the-omelet-house/yN2RE8b3T_mZr71rTL8wCQ,lodi-california,"['Burgers', 'American', 'Breakfast and Brunch', 'Kids Friendly', 'Coffee and Tea']",,,$,37.990055,-121.2548172,+12099412750,95205,3455 Cherokee Rd,Stockton,CA,"[{'@type': 'OpeningHoursSpecification', 'dayOfWeek': ['Monday', 'Tuesday', 'Wednesday', 'Thursday', 'Friday', 'Saturday', 'Sunday'], 'opens': '8:0', 'closes': '14:0'}]","{'@type': 'PostalAddress', 'addressLocality': 'Stockton', 'addressRegion': 'CA', 'postalCode': '95205', 'addressCountry': 'US', 'streetAddress': '3455 Cherokee Rd'}","{'@type': 'GeoCoordinates', 'latitude': 37.990055, 'longitude': -121.2548172}",{}
Carl's Jr. (3205 W. Hammer Lane),https://www.ubereats.com/sacramento/food-delivery/carls-jr-3205-w-hammer-lane/pv1oczLyTv6tPvUN4WIysg,lodi-california,"['Fast Food', 'Burgers', 'Salads', 'Burritos', 'American']",4.6,12,$,38.0216002,-121.3565338,+12094761091,95209,3205 W. Hammer Lane,Stockton,CA,"[{'@type': 'OpeningHoursSpecification', 'dayOfWeek': ['Sunday', 'Monday', 'Tuesday', 'Wednesday', 'Thursday'], 'opens': '6:30', 'closes': '10:30'}, {'@type': 'OpeningHoursSpecification', 'dayOfWeek': ['Sunday', 'Monday', 'Tuesday', 'Wednesday', 'Thursday'], 'opens': '6:0', 'closes': '23:29'}, {'@type': 'OpeningHoursSpecification', 'dayOfWeek': ['Friday', 'Saturday'], 'opens': '6:30', 'closes': '10:30'}, {'@type': 'OpeningHoursSpecification', 'dayOfWeek': ['Friday', 'Saturday'], 'opens': '6:0', 'closes': '0:30'}]","{'@type': 'PostalAddress', 'addressLocality': 'Stockton', 'addressRegion': 'CA', 'postalCode': '95209', 'addressCountry': 'US', 'streetAddress': '3205 W. Hammer Lane'}","{'@type': 'GeoCoordinates', 'latitude': 38.0216002, 'longitude': -121.3565338}","{'@type': 'AggregateRating', 'ratingValue': 4.6, 'reviewCount': '12'}"
"Adalberto's Mexican Food - Stockton, CA",https://www.ubereats.com/sacramento/food-delivery/adalbertos-mexican-food-stockton-ca/9B9iKJUHQkSOohk0uJE0vw,lodi-california,"['Mexican', 'Latin American', 'New Mexican', 'Family Meals']",4.4,100,$,38.0217223,-121.3575196,+12099577480,95209,3243 W Hammer Ln,Stockton,CA,"[{'@type': 'OpeningHoursSpecification', 'dayOfWeek': ['Monday', 'Tuesday', 'Wednesday', 'Thursday', 'Friday', 'Saturday', 'Sunday'], 'opens': '6:0', 'closes': '23:59'}]","{'@type': 'PostalAddress', 'addressLocality': 'Stockton', 'addressRegion': 'CA', 'postalCode': '95209', 'addressCountry': 'US', 'streetAddress': '3243 W Hammer Ln'}","{'@type': 'GeoCoordinates', 'latitude': 38.0217223, 'longitude': -121.3575196}","{'@type': 'AggregateRating', 'ratingValue': 4.4, 'reviewCount': '100'}"
KFC (3264 West Hammer Lane),https://www.ubereats.com/sacramento/food-delivery/kfc-3264-west-hammer-lane/yC9PariiQA6esPaOv1vrbw,lodi-california,"['American', 'Fast Food', 'wings']",,,$,38.0208768,-121.3575453,+13138677275,95209,3264 West Hammer Lane,Stockton,CA,"[{'@type': 'OpeningHoursSpecification', 'dayOfWeek': ['Monday', 'Tuesday', 'Wednesday', 'Thursday', 'Friday', 'Saturday', 'Sunday'], 'opens': '10:0', 'closes': '21:30'}]","{'@type': 'PostalAddress', 'addressLocality': 'Stockton', 'addressRegion': 'CA', 'postalCode': '95209', 'addressCountry': 'US', 'streetAddress': '3264 West Hammer Lane'}","{'@type': 'GeoCoordinates', 'latitude': 38.0208768, 'longitude': -121.3575453}",{}
Hunan house,https://www.ubereats.com/sacramento/food-delivery/hunan-house/O4wxCh-URcugBFLSge7-Rw,lodi-california,"['Chinese', 'Asian', 'Asian Fusion']",4.6,35,$,38.2539525,-121.2949771,+12097455567,95632,"1067 C St, 134",Galt,CA,"[{'@type': 'OpeningHoursSpecification', 'dayOfWeek': ['Monday', 'Tuesday', 'Wednesday', 'Thursday', 'Friday', 'Saturday', 'Sunday'], 'opens': '11:0', 'closes': '20:10'}, {'@type': 'OpeningHoursSpecification', 'dayOfWeek': ['Monday', 'Tuesday', 'Wednesday', 'Thursday', 'Friday', 'Saturday', 'Sunday'], 'opens': '11:0', 'closes': '15:0'}]","{'@type': 'PostalAddress', 'addressLocality': 'Galt', 'addressRegion': 'CA', 'postalCode': '95632', 'addressCountry': 'US', 'streetAddress': '1067 C St, 134'}","{'@type': 'GeoCoordinates', 'latitude': 38.2539525, 'longitude': -121.2949771}","{'@type': 'AggregateRating', 'ratingValue': 4.6, 'reviewCount': '35'}"
Mountain Mike's Pizza (728 W. Kettleman Lane),https://www.ubereats.com/sacramento/food-delivery/mountain-mikes-pizza-728-w-kettleman-lane/N_EC1pUGTdO9xVjKZYTAZw,lodi-california,"['American', 'Salads', 'Pizza']",,,$,38.1139971,-121.2824406,+12096258380,95240,728 W. Kettleman Lane,Lodi,CA,"[{'@type': 'OpeningHoursSpecification', 'dayOfWeek': ['Sunday', 'Monday', 'Tuesday', 'Wednesday', 'Thursday'], 'opens': '5:0', 'closes': '20:45'}, {'@type': 'OpeningHoursSpecification', 'dayOfWeek': ['Friday', 'Saturday'], 'opens': '5:0', 'closes': '21:45'}]","{'@type': 'PostalAddress', 'addressLocality': 'Lodi', 'addressRegion': 'CA', 'postalCode': '95240', 'addressCountry': 'US', 'streetAddress': '728 W. Kettleman Lane'}","{'@type': 'GeoCoordinates', 'latitude': 38.1139971, 'longitude': -121.2824406}",{}
Carl's Jr. (820 W. Kettleman Lane),https://www.ubereats.com/sacramento/food-delivery/carls-jr-820-w-kettleman-lane/RrjlWFk1RleTynOk5M78Yg,lodi-california,"['Burgers', 'American', 'Sandwiches']",,,$,38.1150352,-121.2835215,+12093331228,95240,820 W. Kettleman Lane,Lodi,CA,"[{'@type': 'OpeningHoursSpecification', 'dayOfWeek': ['Monday', 'Tuesday', 'Wednesday', 'Thursday', 'Friday', 'Saturday', 'Sunday'], 'opens': '6:30', 'closes': '10:30'}, {'@type': 'OpeningHoursSpecification', 'dayOfWeek': ['Monday', 'Tuesday', 'Wednesday', 'Thursday', 'Friday', 'Saturday', 'Sunday'], 'opens': '6:0', 'closes': '0:30'}]","{'@type': 'PostalAddress', 'addressLocality': 'Lodi', 'addressRegion': 'CA', 'postalCode': '95240', 'addressCountry': 'US', 'streetAddress': '820 W. Kettleman Lane'}","{'@type': 'GeoCoordinates', 'latitude': 38.1150352, 'longitude': -121.2835215}",{}
The Village Coffee Shop,https://www.ubereats.com/sacramento/food-delivery/the-village-coffee-shop/tulZuIwTRli64WMhMc8BwQ,lodi-california,"['Burgers', 'American', 'Sandwiches']",,,$,38.1292978,-121.2783505,+12093681929,95240,416 W,Lodi,CA,"[{'@type': 'OpeningHoursSpecification', 'dayOfWeek': 'Sunday', 'opens': '7:0', 'closes': '14:0'}, {'@type': 'OpeningHoursSpecification', 'dayOfWeek': 'Sunday', 'opens': '7:0', 'closes': '14:0'}, {'@type': 'OpeningHoursSpecification', 'dayOfWeek': ['Monday', 'Tuesday', 'Wednesday', 'Thursday', 'Friday'], 'opens': '5:30', 'closes': '15:0'}, {'@type': 'OpeningHoursSpecification', 'dayOfWeek': ['Monday', 'Tuesday', 'Wednesday', 'Thursday', 'Friday'], 'opens': '5:30', 'closes': '15:0'}, {'@type': 'OpeningHoursSpecification', 'dayOfWeek': 'Saturday', 'opens': '5:30', 'closes': '14:0'}, {'@type': 'OpeningHoursSpecification', 'dayOfWeek': 'Saturday', 'opens': '5:30', 'closes': '14:0'}]","{'@type': 'PostalAddress', 'addressLocality': 'Lodi', 'addressRegion': 'CA', 'postalCode': '95240', 'addressCountry': 'US', 'streetAddress': '416 W'}","{'@type': 'GeoCoordinates', 'latitude': 38.1292978, 'longitude': -121.2783505}",{}
"Burger King (2600 Reynolds Ranch Parkway, Suite A)",https://www.ubereats.com/sacramento/food-delivery/burger-king-2600-reynolds-ranch-parkway-suite-a/jiZyzFs7TQShzbiZ3zgLgQ,lodi-california,"['American', 'burger', 'Fast Food']",,,$,38.1009551,-121.2665874,+18663943016,95240,2600 Reynolds Ranch Parkway,Lodi,CA,"[{'@type': 'OpeningHoursSpecification', 'dayOfWeek': ['Monday', 'Tuesday', 'Wednesday', 'Thursday', 'Friday', 'Saturday', 'Sunday'], 'opens': '6:30', 'closes': '10:29'}, {'@type': 'OpeningHoursSpecification', 'dayOfWeek': ['Monday', 'Tuesday', 'Wednesday', 'Thursday', 'Friday', 'Saturday', 'Sunday'], 'opens': '10:30', 'closes': '22:30'}]","{'@type': 'PostalAddress', 'addressLocality': 'Lodi', 'addressRegion': 'CA', 'postalCode': '95240', 'addressCountry': 'US', 'streetAddress': '2600 Reynolds Ranch Parkway'}","{'@type': 'GeoCoordinates', 'latitude': 38.1009551, 'longitude': -121.2665874}",{}
Mountain Mike's Pizza,https://www.ubereats.com/sacramento/food-delivery/mountain-mikes-pizza/xHPmZ07sTYWSYXTCpvFZKQ,lodi-california,"['American', 'Salads', 'Pizza']",,,$,38.0390263,-121.2594265,+12099524141,95212,4339 E Morada Ln,Stockton,CA,"[{'@type': 'OpeningHoursSpecification', 'dayOfWeek': ['Sunday', 'Monday', 'Tuesday', 'Wednesday', 'Thursday'], 'opens': '11:0', 'closes': '20:30'}, {'@type': 'OpeningHoursSpecification', 'dayOfWeek': ['Friday', 'Saturday'], 'opens': '11:0', 'closes': '20:45'}]","{'@type': 'PostalAddress', 'addressLocality': 'Stockton', 'addressRegion': 'CA', 'postalCode': '95212', 'addressCountry': 'US', 'streetAddress': '4339 E Morada Ln'}","{'@type': 'GeoCoordinates', 'latitude': 38.0390263, 'longitude': -121.2594265}",{}
Golden Ox Diner,https://www.ubereats.com/sacramento/food-delivery/golden-ox-diner/oTH8C5ZmSvqR3LR8BBsHgw,lodi-california,"['Burgers', 'American', 'Sandwiches']",,,$,38.11499089999999,-121.2780599,+12093330146,95240,410 W Kettleman Ln,Lodi,CA,"[{'@type': 'OpeningHoursSpecification', 'dayOfWeek': ['Sunday', 'Monday', 'Tuesday', 'Wednesday'], 'opens': '8:30', 'closes': '19:30'}, {'@type': 'OpeningHoursSpecification', 'dayOfWeek': ['Thursday', 'Friday', 'Saturday'], 'opens': '8:30', 'closes': '20:0'}]","{'@type': 'PostalAddress', 'addressLocality': 'Lodi', 'addressRegion': 'CA', 'postalCode': '95240', 'addressCountry': 'US', 'streetAddress': '410 W Kettleman Ln'}","{'@type': 'GeoCoordinates', 'latitude': 38.11499089999999, 'longitude': -121.2780599}",{}
IHOP (1674 E Hammer Ln),https://www.ubereats.com/sacramento/food-delivery/ihop-1674-e-hammer-ln/hXvydYlwRPiJpz26rhYv1g,lodi-california,"['American', 'Breakfast and Brunch', 'burger', 'Comfort Food', 'Dinner', 'Omelette', 'salad', 'Traditional American', 'Family Meals']",4.3,21,$,38.0206031,-121.2918371,+12099513137,95210,1674 E Hammer Ln,Stockton,CA,"[{'@type': 'OpeningHoursSpecification', 'dayOfWeek': ['Monday', 'Tuesday', 'Wednesday', 'Thursday', 'Friday', 'Saturday', 'Sunday'], 'opens': '7:0', 'closes': '18:50'}]","{'@type': 'PostalAddress', 'addressLocality': 'Stockton', 'addressRegion': 'CA', 'postalCode': '95210', 'addressCountry': 'US', 'streetAddress': '1674 E Hammer Ln'}","{'@type': 'GeoCoordinates', 'latitude': 38.0206031, 'longitude': -121.2918371}","{'@type': 'AggregateRating', 'ratingValue': 4.3, 'reviewCount': '21'}"
A&W All-American Food (216 E Lodi Ave),https://www.ubereats.com/sacramento/food-delivery/a%26w-all-american-food-216-e-lodi-ave/kGj8RZbmQrezx60EQNm6xQ,lodi-california,"['Burgers', 'American', 'Sandwiches']",,,$,38.1303752,-121.2689403,+12093688548,95240,216 E,Lodi,CA,"[{'@type': 'OpeningHoursSpecification', 'dayOfWeek': ['Sunday', 'Monday'], 'opens': '10:0', 'closes': '22:0'}, {'@type': 'OpeningHoursSpecification', 'dayOfWeek': ['Wednesday', 'Thursday'], 'opens': '10:0', 'closes': '22:0'}, {'@type': 'OpeningHoursSpecification', 'dayOfWeek': ['Friday', 'Saturday'], 'opens': '10:0', 'closes': '23:0'}]","{'@type': 'PostalAddress', 'addressLocality': 'Lodi', 'addressRegion': 'CA', 'postalCode': '95240', 'addressCountry': 'US', 'streetAddress': '216 E'}","{'@type': 'GeoCoordinates', 'latitude': 38.1303752, 'longitude': -121.2689403}",{}
Applebee's (2442 W Kettleman Lane) #76061,https://www.ubereats.com/sacramento/food-delivery/applebees-2442-w-kettleman-lane-%2376061/hb3A3iY_TjifKITc6a5Csg,lodi-california,"['American', 'Bar Food', 'BBQ', 'burger', 'Chicken Strips', 'Comfort Food', 'Dinner', 'pasta', 'salad', 'Sandwich', 'Soup', 'Steak', 'Traditional American', 'wings', 'Family Meals']",4.2,32,$$,38.1150776,-121.3055933,+12093696657,95242,2442 W Kettleman Lane,Lodi,CA,"[{'@type': 'OpeningHoursSpecification', 'dayOfWeek': ['Sunday', 'Monday', 'Tuesday', 'Wednesday', 'Thursday'], 'opens': '11:0', 'closes': '21:30'}, {'@type': 'OpeningHoursSpecification', 'dayOfWeek': ['Friday', 'Saturday'], 'opens': '11:0', 'closes': '22:30'}]","{'@type': 'PostalAddress', 'addressLocality': 'Lodi', 'addressRegion': 'CA', 'postalCode': '95242', 'addressCountry': 'US', 'streetAddress': '2442 W Kettleman Lane'}","{'@type': 'GeoCoordinates', 'latitude': 38.1150776, 'longitude': -121.3055933}","{'@type': 'AggregateRating', 'ratingValue': 4.2, 'reviewCount': '32'}"
Hollywood Family Cafe & Catering,https://www.ubereats.com/sacramento/food-delivery/hollywood-family-cafe-%26-catering/EeCzb8NtQbqDrkDcp0_3XQ,lodi-california,"['American', 'Sandwich', 'Salads']",,,,38.13032,-121.26082,+12093694065,95240,315 South Cherokee Lane,Lodi,CA,"[{'@type': 'OpeningHoursSpecification', 'dayOfWeek': ['Monday', 'Tuesday', 'Wednesday', 'Thursday', 'Friday', 'Saturday', 'Sunday'], 'opens': '6:0', 'closes': '15:0'}]","{'@type': 'PostalAddress', 'addressLocality': 'Lodi', 'addressRegion': 'CA', 'postalCode': '95240', 'addressCountry': 'US', 'streetAddress': '315 South Cherokee Lane'}","{'@type': 'GeoCoordinates', 'latitude': 38.13032, 'longitude': -121.26082}",{}
Taco Bell (1364 Business Park Dr),https://www.ubereats.com/sacramento/food-delivery/taco-bell-1364-business-park-dr/n5K84JxZRViEyN-DUFD3Ew,lodi-california,"['Burritos', 'Fast Food', 'Mexican']",,,$,38.1171972,-121.2559866,+12093698802,95240,1364 Business Park Dr,Lodi,CA,"[{'@type': 'OpeningHoursSpecification', 'dayOfWeek': ['Sunday', 'Monday', 'Tuesday', 'Wednesday', 'Thursday'], 'opens': '14:0', 'closes': '17:0'}, {'@type': 'OpeningHoursSpecification', 'dayOfWeek': ['Sunday', 'Monday', 'Tuesday', 'Wednesday', 'Thursday'], 'opens': '7:0', 'closes': '23:30'}, {'@type': 'OpeningHoursSpecification', 'dayOfWeek': ['Sunday', 'Monday', 'Tuesday', 'Wednesday', 'Thursday'], 'opens': '7:0', 'closes': '10:30'}, {'@type': 'OpeningHoursSpecification', 'dayOfWeek': ['Friday', 'Saturday'], 'opens': '14:0', 'closes': '17:0'}, {'@type': 'OpeningHoursSpecification', 'dayOfWeek': ['Friday', 'Saturday'], 'opens': '7:0', 'closes': '10:30'}, {'@type': 'OpeningHoursSpecification', 'dayOfWeek': ['Friday', 'Saturday'], 'opens': '7:0', 'closes': '0:30'}]","{'@type': 'PostalAddress', 'addressLocality': 'Lodi', 'addressRegion': 'CA', 'postalCode': '95240', 'addressCountry': 'US', 'streetAddress': '1364 Business Park Dr'}","{'@type': 'GeoCoordinates', 'latitude': 38.1171972, 'longitude': -121.2559866}",{}
McDonald's (841 E KETTLEMAN LN),https://www.ubereats.com/sacramento/food-delivery/mcdonalds-841-e-kettleman-ln/i7_1K4BySUyjNrmJL0aTsw,lodi-california,"['American', 'Burgers', 'Fast Food']",4.4,18,$,38.116632,-121.257048,+12093670640,95240-6405,841 E KETTLEMAN LN,LODI,CA,"[{'@type': 'OpeningHoursSpecification', 'dayOfWeek': ['Monday', 'Tuesday', 'Wednesday', 'Thursday', 'Friday', 'Saturday', 'Sunday'], 'opens': '5:0', 'closes': '10:29'}, {'@type': 'OpeningHoursSpecification', 'dayOfWeek': ['Monday', 'Tuesday', 'Wednesday', 'Thursday', 'Friday', 'Saturday', 'Sunday'], 'opens': '10:30', 'closes': '16:59'}, {'@type': 'OpeningHoursSpecification', 'dayOfWeek': ['Monday', 'Tuesday', 'Wednesday', 'Thursday', 'Friday', 'Saturday', 'Sunday'], 'opens': '17:0', 'closes': '1:45'}]","{'@type': 'PostalAddress', 'addressLocality': 'LODI', 'addressRegion': 'CA', 'postalCode': '95240-6405', 'addressCountry': 'US', 'streetAddress': '841 E KETTLEMAN LN'}","{'@type': 'GeoCoordinates', 'latitude': 38.116632, 'longitude': -121.257048}","{'@type': 'AggregateRating', 'ratingValue': 4.4, 'reviewCount': '18'}"
Jack in the Box (534) 2592 March Ln.,https://www.ubereats.com/sacramento/food-delivery/jack-in-the-box-534-2592-march-ln/GRgqbiHmQp-ibWl35H9wTg,lodi-california,"['American', 'burger', 'Fast Food']",4.4,62,$,37.98459169999999,-121.3392845,+12099516424,95207,2592 March Ln.,Stockton,CA,"[{'@type': 'OpeningHoursSpecification', 'dayOfWeek': ['Monday', 'Tuesday', 'Wednesday', 'Thursday', 'Friday', 'Saturday', 'Sunday'], 'opens': '0:0', 'closes': '23:59'}]","{'@type': 'PostalAddress', 'addressLocality': 'Stockton', 'addressRegion': 'CA', 'postalCode': '95207', 'addressCountry': 'US', 'streetAddress': '2592 March Ln.'}","{'@type': 'GeoCoordinates', 'latitude': 37.98459169999999, 'longitude': -121.3392845}","{'@type': 'AggregateRating', 'ratingValue': 4.4, 'reviewCount': '62'}"
Bonchon Chicken (7840 West Ln),https://www.ubereats.com/sacramento/food-delivery/bonchon-chicken-7840-west-ln/i0392rtQSdGJ-nnqpHVe4w,lodi-california,"['Wings', 'Korean', 'Asian', 'Chicken']",4.6,65,$$,38.0199137,-121.2933354,+12094733888,95210,7840 West Ln,Stockton,CA,"[{'@type': 'OpeningHoursSpecification', 'dayOfWeek': ['Sunday', 'Monday'], 'opens': '11:0', 'closes': '20:30'}, {'@type': 'OpeningHoursSpecification', 'dayOfWeek': ['Wednesday', 'Thursday', 'Friday', 'Saturday'], 'opens': '11:0', 'closes': '20:30'}]","{'@type': 'PostalAddress', 'addressLocality': 'Stockton', 'addressRegion': 'CA', 'postalCode': '95210', 'addressCountry': 'US', 'streetAddress': '7840 West Ln'}","{'@type': 'GeoCoordinates', 'latitude': 38.0199137, 'longitude': -121.2933354}","{'@type': 'AggregateRating', 'ratingValue': 4.6, 'reviewCount': '65'}"
Mokelumne Brew House,https://www.ubereats.com/sacramento/food-delivery/mokelumne-brew-house/Sf6JBI1SQrGbFFRVo_oPmA,lodi-california,"['Coffee and Tea', 'American', 'Breakfast and Brunch']",,,$,38.1322536,-121.2742154,+12096258893,95240,115 S School St Ste 5,Lodi,CA,"[{'@type': 'OpeningHoursSpecification', 'dayOfWeek': 'Sunday', 'opens': '7:0', 'closes': '17:0'}, {'@type': 'OpeningHoursSpecification', 'dayOfWeek': 'Sunday', 'opens': '7:0', 'closes': '17:0'}, {'@type': 'OpeningHoursSpecification', 'dayOfWeek': 'Sunday', 'opens': '7:0', 'closes': '17:0'}, {'@type': 'OpeningHoursSpecification', 'dayOfWeek': ['Tuesday', 'Wednesday', 'Thursday'], 'opens': '7:0', 'closes': '19:0'}, {'@type': 'OpeningHoursSpecification', 'dayOfWeek': ['Tuesday', 'Wednesday', 'Thursday'], 'opens': '7:0', 'closes': '19:0'}, {'@type': 'OpeningHoursSpecification', 'dayOfWeek': ['Tuesday', 'Wednesday', 'Thursday'], 'opens': '7:0', 'closes': '19:0'}, {'@type': 'OpeningHoursSpecification', 'dayOfWeek': ['Friday', 'Saturday'], 'opens': '7:0', 'closes': '21:0'}, {'@type': 'OpeningHoursSpecification', 'dayOfWeek': ['Friday', 'Saturday'], 'opens': '7:0', 'closes': '21:0'}, {'@type': 'OpeningHoursSpecification', 'dayOfWeek': ['Friday', 'Saturday'], 'opens': '7:0', 'closes': '21:0'}]","{'@type': 'PostalAddress', 'addressLocality': 'Lodi', 'addressRegion': 'CA', 'postalCode': '95240', 'addressCountry': 'US', 'streetAddress': '115 S School St Ste 5'}","{'@type': 'GeoCoordinates', 'latitude': 38.1322536, 'longitude': -121.2742154}",{}
IHOP (1230 W Kettleman Lane),https://www.ubereats.com/sacramento/food-delivery/ihop-1230-w-kettleman-lane/B4hwAUOsQyqysD_3c3jyog,lodi-california,"['American', 'Breakfast and Brunch', 'burger', 'Comfort Food', 'Dinner', 'Omelette', 'salad', 'Traditional American', 'Family Meals']",,,$,38.1150921,-121.2876556,+12093691361,95240,1230 W Kettleman Lane,Lodi,CA,"[{'@type': 'OpeningHoursSpecification', 'dayOfWeek': ['Monday', 'Tuesday', 'Wednesday', 'Thursday', 'Friday', 'Saturday', 'Sunday'], 'opens': '7:0', 'closes': '19:50'}]","{'@type': 'PostalAddress', 'addressLocality': 'Lodi', 'addressRegion': 'CA', 'postalCode': '95240', 'addressCountry': 'US', 'streetAddress': '1230 W Kettleman Lane'}","{'@type': 'GeoCoordinates', 'latitude': 38.1150921, 'longitude': -121.2876556}",{}
Mountain Mike's Pizza (Lodi - Cherokee Ln),https://www.ubereats.com/sacramento/food-delivery/mountain-mikes-pizza-lodi-cherokee-ln/fUPsicoBTeqrIPaCp69dGQ,lodi-california,"['American', 'Salads', 'Pizza']",,,$,38.128343,-121.2593729,+12092717015,95240,550-E South Cherokee Lane,Lodi,CA,"[{'@type': 'OpeningHoursSpecification', 'dayOfWeek': ['Sunday', 'Monday', 'Tuesday'], 'opens': '10:45', 'closes': '20:45'}, {'@type': 'OpeningHoursSpecification', 'dayOfWeek': 'Wednesday', 'opens': '10:45', 'closes': '19:45'}, {'@type': 'OpeningHoursSpecification', 'dayOfWeek': 'Thursday', 'opens': '10:45', 'closes': '20:45'}, {'@type': 'OpeningHoursSpecification', 'dayOfWeek': ['Friday', 'Saturday'], 'opens': '10:45', 'closes': '21:45'}]","{'@type': 'PostalAddress', 'addressLocality': 'Lodi', 'addressRegion': 'CA', 'postalCode': '95240', 'addressCountry': 'US', 'streetAddress': '550-E South Cherokee Lane'}","{'@type': 'GeoCoordinates', 'latitude': 38.128343, 'longitude': -121.2593729}",{}
McDonald's (200 W LODI AVE),https://www.ubereats.com/sacramento/food-delivery/mcdonalds-200-w-lodi-ave/tn7QZYIOQme2TyUlGEu8sw,lodi-california,"['American', 'Burgers', 'Fast Food']",4.2,27,$,38.129906,-121.275805,+12093331183,95240-3519,200 W,LODI,CA,"[{'@type': 'OpeningHoursSpecification', 'dayOfWeek': ['Monday', 'Tuesday', 'Wednesday', 'Thursday', 'Friday', 'Saturday', 'Sunday'], 'opens': '5:0', 'closes': '10:29'}, {'@type': 'OpeningHoursSpecification', 'dayOfWeek': ['Monday', 'Tuesday', 'Wednesday', 'Thursday', 'Friday', 'Saturday', 'Sunday'], 'opens': '10:30', 'closes': '16:59'}, {'@type': 'OpeningHoursSpecification', 'dayOfWeek': ['Monday', 'Tuesday', 'Wednesday', 'Thursday', 'Friday', 'Saturday', 'Sunday'], 'opens': '17:0', 'closes': '23:45'}]","{'@type': 'PostalAddress', 'addressLocality': 'LODI', 'addressRegion': 'CA', 'postalCode': '95240-3519', 'addressCountry': 'US', 'streetAddress': '200 W'}","{'@type': 'GeoCoordinates', 'latitude': 38.129906, 'longitude': -121.275805}","{'@type': 'AggregateRating', 'ratingValue': 4.2, 'reviewCount': '27'}"
Jack in the Box (493) 419 W. Lodi,https://www.ubereats.com/sacramento/food-delivery/jack-in-the-box-493-419-w-lodi/pPJDg_bETSCoPg1P0FyRRg,lodi-california,"['American', 'burger', 'Fast Food']",4.8,30,$,38.1302901,-121.2788634,+12093694590,95240,419 W.,Lodi,CA,"[{'@type': 'OpeningHoursSpecification', 'dayOfWeek': 'Sunday', 'opens': '4:0', 'closes': '2:0'}, {'@type': 'OpeningHoursSpecification', 'dayOfWeek': ['Monday', 'Tuesday', 'Wednesday'], 'opens': '6:0', 'closes': '2:0'}, {'@type': 'OpeningHoursSpecification', 'dayOfWeek': 'Thursday', 'opens': '6:0', 'closes': '4:0'}, {'@type': 'OpeningHoursSpecification', 'dayOfWeek': ['Friday', 'Saturday'], 'opens': '0:0', 'closes': '23:59'}]","{'@type': 'PostalAddress', 'addressLocality': 'Lodi', 'addressRegion': 'CA', 'postalCode': '95240', 'addressCountry': 'US', 'streetAddress': '419 W.'}","{'@type': 'GeoCoordinates', 'latitude': 38.1302901, 'longitude': -121.2788634}","{'@type': 'AggregateRating', 'ratingValue': 4.8, 'reviewCount': '30'}"
Woodbridge Crossing,https://www.ubereats.com/sacramento/food-delivery/woodbridge-crossing/3yCbQd3zR1eArlcEf5j4-g,lodi-california,"['Burgers', 'American', 'Sandwiches', 'Allergy Friendly']",,,$,38.15446590000001,-121.301124,+12093661800,95258,18939 N Lower Sacramento Rd,Woodbridge,CA,"[{'@type': 'OpeningHoursSpecification', 'dayOfWeek': 'Saturday', 'opens': '16:30', 'closes': '21:30'}]","{'@type': 'PostalAddress', 'addressLocality': 'Woodbridge', 'addressRegion': 'CA', 'postalCode': '95258', 'addressCountry': 'US', 'streetAddress': '18939 N Lower Sacramento Rd'}","{'@type': 'GeoCoordinates', 'latitude': 38.15446590000001, 'longitude': -121.301124}",{}
Champion Thai Restaurant,https://www.ubereats.com/sacramento/food-delivery/champion-thai-restaurant/BGmerzdUSx6rCONEm5rypw,lodi-california,"['Thai', 'Asian', 'Noodles']",,,$,38.1453007,-121.2737684,+12093695131,95240,"116 W Turner Rd, Ste A",Lodi,CA,"[{'@type': 'OpeningHoursSpecification', 'dayOfWeek': 'Sunday', 'opens': '16:30', 'closes': '20:29'}, {'@type': 'OpeningHoursSpecification', 'dayOfWeek': 'Sunday', 'opens': '16:30', 'closes': '20:30'}, {'@type': 'OpeningHoursSpecification', 'dayOfWeek': ['Monday', 'Tuesday', 'Wednesday', 'Thursday', 'Friday'], 'opens': '11:0', 'closes': '20:30'}, {'@type': 'OpeningHoursSpecification', 'dayOfWeek': 'Saturday', 'opens': '16:30', 'closes': '20:29'}]","{'@type': 'PostalAddress', 'addressLocality': 'Lodi', 'addressRegion': 'CA', 'postalCode': '95240', 'addressCountry': 'US', 'streetAddress': '116 W Turner Rd, Ste A'}","{'@type': 'GeoCoordinates', 'latitude': 38.1453007, 'longitude': -121.2737684}",{}
Jack in the Box (4301) 2425 Kettleman Ln.,https://www.ubereats.com/sacramento/food-delivery/jack-in-the-box-4301-2425-kettleman-ln/rzpjuAUVScG6RRD9Ymr5kw,lodi-california,"['American', 'burger', 'Fast Food']",4.6,14,$,38.1159607,-121.3048782,+12093343875,95242,2425 Kettleman Ln.,Lodi,CA,"[{'@type': 'OpeningHoursSpecification', 'dayOfWeek': ['Monday', 'Tuesday', 'Wednesday', 'Thursday', 'Friday', 'Saturday', 'Sunday'], 'opens': '0:0', 'closes': '23:59'}]","{'@type': 'PostalAddress', 'addressLocality': 'Lodi', 'addressRegion': 'CA', 'postalCode': '95242', 'addressCountry': 'US', 'streetAddress': '2425 Kettleman Ln.'}","{'@type': 'GeoCoordinates', 'latitude': 38.1159607, 'longitude': -121.3048782}","{'@type': 'AggregateRating', 'ratingValue': 4.6, 'reviewCount': '14'}"
Buffalo Wild Wings (1537 S Lower Sacramento Rd # 100),https://www.ubereats.com/sacramento/food-delivery/buffalo-wild-wings-1537-s-lower-sacramento-rd-%23-100/NmRf7weWQ1Smt470qZgu6g,lodi-california,"['wings', 'New American', 'American', 'Comfort Food']",4.1,21,$$,38.1135841,-121.3070654,+12093651693,95242,1537 S Lower Sacramento Rd # 100,Lodi,CA,"[{'@type': 'OpeningHoursSpecification', 'dayOfWeek': ['Monday', 'Tuesday', 'Wednesday', 'Thursday', 'Friday', 'Saturday', 'Sunday'], 'opens': '11:0', 'closes': '21:0'}]","{'@type': 'PostalAddress', 'addressLocality': 'Lodi', 'addressRegion': 'CA', 'postalCode': '95242', 'addressCountry': 'US', 'streetAddress': '1537 S Lower Sacramento Rd # 100'}","{'@type': 'GeoCoordinates', 'latitude': 38.1135841, 'longitude': -121.3070654}","{'@type': 'AggregateRating', 'ratingValue': 4.1, 'reviewCount': '21'}"
Subway (633 E Victor Rd Ste C),https://www.ubereats.com/sacramento/food-delivery/subway-633-e-victor-rd-ste-c/CwWoWkS2TLmfnY1sCjGyNg,lodi-california,"['Fast Food', 'Sandwich', 'American']",,,$,38.1375725,-121.259506,+12093392342,95240,633 E Victor Rd Ste C,Lodi,CA,"[{'@type': 'OpeningHoursSpecification', 'dayOfWeek': 'Sunday', 'opens': '0:0', 'closes': '23:29'}, {'@type': 'OpeningHoursSpecification', 'dayOfWeek': ['Monday', 'Tuesday', 'Wednesday', 'Thursday', 'Friday'], 'opens': '7:0', 'closes': '18:30'}, {'@type': 'OpeningHoursSpecification', 'dayOfWeek': 'Saturday', 'opens': '10:0', 'closes': '18:30'}]","{'@type': 'PostalAddress', 'addressLocality': 'Lodi', 'addressRegion': 'CA', 'postalCode': '95240', 'addressCountry': 'US', 'streetAddress': '633 E Victor Rd Ste C'}","{'@type': 'GeoCoordinates', 'latitude': 38.1375725, 'longitude': -121.259506}",{}
Taco Bell (608 W Lodi Ave),https://www.ubereats.com/sacramento/food-delivery/taco-bell-608-w-lodi-ave/fjj_boAJS1WHI_3WpT-12g,lodi-california,"['Burritos', 'Fast Food', 'Mexican']",4.0,30,$,38.1297658,-121.281654,+12093696656,95240,608 W,Lodi,CA,"[{'@type': 'OpeningHoursSpecification', 'dayOfWeek': 'Sunday', 'opens': '14:0', 'closes': '17:0'}, {'@type': 'OpeningHoursSpecification', 'dayOfWeek': 'Sunday', 'opens': '8:0', 'closes': '23:30'}, {'@type': 'OpeningHoursSpecification', 'dayOfWeek': 'Sunday', 'opens': '8:0', 'closes': '10:30'}, {'@type': 'OpeningHoursSpecification', 'dayOfWeek': ['Monday', 'Tuesday', 'Wednesday', 'Thursday', 'Friday', 'Saturday'], 'opens': '14:0', 'closes': '17:0'}, {'@type': 'OpeningHoursSpecification', 'dayOfWeek': ['Monday', 'Tuesday', 'Wednesday', 'Thursday', 'Friday', 'Saturday'], 'opens': '7:0', 'closes': '23:30'}, {'@type': 'OpeningHoursSpecification', 'dayOfWeek': ['Monday', 'Tuesday', 'Wednesday', 'Thursday', 'Friday', 'Saturday'], 'opens': '7:0', 'closes': '10:30'}]","{'@type': 'PostalAddress', 'addressLocality': 'Lodi', 'addressRegion': 'CA', 'postalCode': '95240', 'addressCountry': 'US', 'streetAddress': '608 W'}","{'@type': 'GeoCoordinates', 'latitude': 38.1297658, 'longitude': -121.281654}","{'@type': 'AggregateRating', 'ratingValue': 4, 'reviewCount': '30'}"
Raw Sushi Bistro (Stockton),https://www.ubereats.com/sacramento/food-delivery/raw-sushi-bistro-stockton/-5ULsz3aRouc4cXiB4LkPw,lodi-california,"['Japanese', 'Asian', 'Sushi', 'Family Meals']",4.4,26,$$$,38.0574307,-121.375269,+12099549729,95219,10742 Trinity Pkwy Ste D,Stockton,CA,"[{'@type': 'OpeningHoursSpecification', 'dayOfWeek': 'Sunday', 'opens': '12:0', 'closes': '20:0'}, {'@type': 'OpeningHoursSpecification', 'dayOfWeek': ['Monday', 'Tuesday'], 'opens': '16:0', 'closes': '20:30'}, {'@type': 'OpeningHoursSpecification', 'dayOfWeek': ['Wednesday', 'Thursday'], 'opens': '11:30', 'closes': '14:0'}, {'@type': 'OpeningHoursSpecification', 'dayOfWeek': ['Wednesday', 'Thursday'], 'opens': '16:0', 'closes': '20:30'}, {'@type': 'OpeningHoursSpecification', 'dayOfWeek': 'Friday', 'opens': '11:30', 'closes': '14:0'}, {'@type': 'OpeningHoursSpecification', 'dayOfWeek': 'Friday', 'opens': '16:30', 'closes': '21:0'}, {'@type': 'OpeningHoursSpecification', 'dayOfWeek': 'Saturday', 'opens': '11:30', 'closes': '14:0'}, {'@type': 'OpeningHoursSpecification', 'dayOfWeek': 'Saturday', 'opens': '16:0', 'closes': '21:0'}]","{'@type': 'PostalAddress', 'addressLocality': 'Stockton', 'addressRegion': 'CA', 'postalCode': '95219', 'addressCountry': 'US', 'streetAddress': '10742 Trinity Pkwy Ste D'}","{'@type': 'GeoCoordinates', 'latitude': 38.0574307, 'longitude': -121.375269}","{'@type': 'AggregateRating', 'ratingValue': 4.4, 'reviewCount': '26'}"
Black Bear Diner (2347 W. Kettleman Lane),https://www.ubereats.com/sacramento/food-delivery/black-bear-diner-2347-w-kettleman-lane/hHL1tO1cRUGL-rMzx_VWQQ,lodi-california,"['American', 'Burgers', 'Comfort Food', 'Sandwich', 'Salads', 'Pasta', 'Chicken', 'Steak', 'Diner', 'Breakfast and Brunch', 'Kids Friendly', 'Desserts', 'Coffee and Tea', 'Healthy', 'Family Meals']",4.6,20,$$,38.115926,-121.3039843,+12093332200,95242,2347 W. Kettleman Lane,Lodi,CA,"[{'@type': 'OpeningHoursSpecification', 'dayOfWeek': ['Monday', 'Tuesday', 'Wednesday', 'Thursday', 'Friday', 'Saturday', 'Sunday'], 'opens': '8:0', 'closes': '19:0'}]","{'@type': 'PostalAddress', 'addressLocality': 'Lodi', 'addressRegion': 'CA', 'postalCode': '95242', 'addressCountry': 'US', 'streetAddress': '2347 W. Kettleman Lane'}","{'@type': 'GeoCoordinates', 'latitude': 38.115926, 'longitude': -121.3039843}","{'@type': 'AggregateRating', 'ratingValue': 4.6, 'reviewCount': '20'}"
Juice It Up (2533 W Kettleman Ln),https://www.ubereats.com/sacramento/food-delivery/juice-it-up-2533-w-kettleman-ln/7nHG1mJjSyONbecjfCx3Zg,lodi-california,"['Juice and Smoothies', 'Breakfast and Brunch', 'Vegetarian']",,,$,38.1161221,-121.3071128,+12093335227,95242,2533 W Kettleman Ln,LODI,CA,"[{'@type': 'OpeningHoursSpecification', 'dayOfWeek': ['Monday', 'Tuesday', 'Wednesday', 'Thursday', 'Friday', 'Saturday', 'Sunday'], 'opens': '8:0', 'closes': '19:30'}]","{'@type': 'PostalAddress', 'addressLocality': 'LODI', 'addressRegion': 'CA', 'postalCode': '95242', 'addressCountry': 'US', 'streetAddress': '2533 W Kettleman Ln'}","{'@type': 'GeoCoordinates', 'latitude': 38.1161221, 'longitude': -121.3071128}",{}
Jack in the Box (4374) 10858 Trinity Park Way,https://www.ubereats.com/sacramento/food-delivery/jack-in-the-box-4374-10858-trinity-park-way/d3eNAzP3RQWMTEjvYoyAng,lodi-california,"['American', 'burger', 'Fast Food']",4.2,17,$,38.0558367,-121.3756297,+12099560596,95219,10858 Trinity Park Way,Stockton,CA,"[{'@type': 'OpeningHoursSpecification', 'dayOfWeek': ['Monday', 'Tuesday', 'Wednesday', 'Thursday', 'Friday', 'Saturday', 'Sunday'], 'opens': '6:0', 'closes': '22:0'}]","{'@type': 'PostalAddress', 'addressLocality': 'Stockton', 'addressRegion': 'CA', 'postalCode': '95219', 'addressCountry': 'US', 'streetAddress': '10858 Trinity Park Way'}","{'@type': 'GeoCoordinates', 'latitude': 38.0558367, 'longitude': -121.3756297}","{'@type': 'AggregateRating', 'ratingValue': 4.2, 'reviewCount': '17'}"
Starbucks (Hwy 99 & Harney),https://www.ubereats.com/sacramento/food-delivery/starbucks-hwy-99-%26-harney/DXzhsr6aSLiJbYqNUi1s8A,lodi-california,"['Bakery', 'Breakfast and Brunch', 'Cafe', 'Coffee & Tea']",4.8,18,$,38.1004253,-121.2658299,+12093651872,95240,2620 Reynolds Ranch Pkwy,Lodi,CA,"[{'@type': 'OpeningHoursSpecification', 'dayOfWeek': 'Sunday', 'opens': '5:30', 'closes': '21:0'}, {'@type': 'OpeningHoursSpecification', 'dayOfWeek': ['Monday', 'Tuesday', 'Wednesday', 'Thursday', 'Friday', 'Saturday'], 'opens': '4:30', 'closes': '21:0'}]","{'@type': 'PostalAddress', 'addressLocality': 'Lodi', 'addressRegion': 'CA', 'postalCode': '95240', 'addressCountry': 'US', 'streetAddress': '2620 Reynolds Ranch Pkwy'}","{'@type': 'GeoCoordinates', 'latitude': 38.1004253, 'longitude': -121.2658299}","{'@type': 'AggregateRating', 'ratingValue': 4.8, 'reviewCount': '18'}"
Subway (1301 W Lockeford St Ste A),https://www.ubereats.com/sacramento/food-delivery/subway-1301-w-lockeford-st-ste-a/82ixnax-T66-ao489y4P0g,lodi-california,"['Fast Food', 'Sandwich', 'American']",,,$,38.1387393,-121.2888959,+12093694170,95242,1301 W Lockeford St Ste A,Lodi,CA,"[{'@type': 'OpeningHoursSpecification', 'dayOfWeek': ['Monday', 'Tuesday', 'Wednesday', 'Thursday', 'Friday', 'Saturday', 'Sunday'], 'opens': '10:0', 'closes': '18:30'}]","{'@type': 'PostalAddress', 'addressLocality': 'Lodi', 'addressRegion': 'CA', 'postalCode': '95242', 'addressCountry': 'US', 'streetAddress': '1301 W Lockeford St Ste A'}","{'@type': 'GeoCoordinates', 'latitude': 38.1387393, 'longitude': -121.2888959}",{}
Subway (1601 S Sacramento St),https://www.ubereats.com/sacramento/food-delivery/subway-1601-s-sacramento-st/-jcjfiUfQUSYkOgMjNOfXA,lodi-california,"['Fast Food', 'Sandwich', 'American']",,,$,38.11342659999999,-121.3065861,+12094522499,95242,1601 Lower Sacramento Rd,Lodi,CA,"[{'@type': 'OpeningHoursSpecification', 'dayOfWeek': ['Monday', 'Tuesday', 'Wednesday', 'Thursday', 'Friday', 'Saturday', 'Sunday'], 'opens': '10:0', 'closes': '16:30'}]","{'@type': 'PostalAddress', 'addressLocality': 'Lodi', 'addressRegion': 'CA', 'postalCode': '95242', 'addressCountry': 'US', 'streetAddress': '1601 Lower Sacramento Rd'}","{'@type': 'GeoCoordinates', 'latitude': 38.11342659999999, 'longitude': -121.3065861}",{}
"Rubio's Restuarants (5779 Pacific Avenue, Suite 105)",https://www.ubereats.com/sacramento/food-delivery/rubios-restuarants-5779-pacific-avenue-suite-105/OrGw2m2fSs6uWaWhU00AUw,lodi-california,"['Mexican', 'New Mexican', 'Salads', 'Family Meals']",3.9,39,$$,38.0025061,-121.3179499,+12099575606,,,,,"[{'@type': 'OpeningHoursSpecification', 'dayOfWeek': ['Monday', 'Tuesday', 'Wednesday', 'Thursday', 'Friday', 'Saturday', 'Sunday'], 'opens': '10:30', 'closes': '21:0'}, {'@type': 'OpeningHoursSpecification', 'dayOfWeek': ['Monday', 'Tuesday', 'Wednesday', 'Thursday', 'Friday', 'Saturday', 'Sunday'], 'opens': '10:30', 'closes': '21:0'}]",,"{'@type': 'GeoCoordinates', 'latitude': 38.0025061, 'longitude': -121.3179499}","{'@type': 'AggregateRating', 'ratingValue': 3.9, 'reviewCount': '39'}"
Taco Bell (2380 W Kettleman Ln),https://www.ubereats.com/sacramento/food-delivery/taco-bell-2380-w-kettleman-ln/tebPGsGLSNWbvYZcnKu0pA,lodi-california,"['Burritos', 'Fast Food', 'Mexican']",,,$,38.1150301,-121.3039843,+12093693359,95242,2380 W Kettleman Ln,Lodi,CA,"[{'@type': 'OpeningHoursSpecification', 'dayOfWeek': 'Sunday', 'opens': '14:0', 'closes': '17:0'}, {'@type': 'OpeningHoursSpecification', 'dayOfWeek': 'Sunday', 'opens': '8:0', 'closes': '23:30'}, {'@type': 'OpeningHoursSpecification', 'dayOfWeek': 'Sunday', 'opens': '8:0', 'closes': '10:30'}, {'@type': 'OpeningHoursSpecification', 'dayOfWeek': ['Monday', 'Tuesday', 'Wednesday', 'Thursday'], 'opens': '14:0', 'closes': '17:0'}, {'@type': 'OpeningHoursSpecification', 'dayOfWeek': ['Monday', 'Tuesday', 'Wednesday', 'Thursday'], 'opens': '7:0', 'closes': '23:30'}, {'@type': 'OpeningHoursSpecification', 'dayOfWeek': ['Monday', 'Tuesday', 'Wednesday', 'Thursday'], 'opens': '7:0', 'closes': '10:30'}, {'@type': 'OpeningHoursSpecification', 'dayOfWeek': ['Friday', 'Saturday'], 'opens': '14:0', 'closes': '17:0'}, {'@type': 'OpeningHoursSpecification', 'dayOfWeek': ['Friday', 'Saturday'], 'opens': '7:0', 'closes': '10:30'}, {'@type': 'OpeningHoursSpecification', 'dayOfWeek': ['Friday', 'Saturday'], 'opens': '7:0', 'closes': '0:30'}]","{'@type': 'PostalAddress', 'addressLocality': 'Lodi', 'addressRegion': 'CA', 'postalCode': '95242', 'addressCountry': 'US', 'streetAddress': '2380 W Kettleman Ln'}","{'@type': 'GeoCoordinates', 'latitude': 38.1150301, 'longitude': -121.3039843}",{}
Shangri La Asian Bistro and Sushi Bar,https://www.ubereats.com/sacramento/food-delivery/shangri-la-asian-bistro-and-sushi-bar/gRrKKR6NSZ66frlD_wO8Pw,lodi-california,"['Sushi', 'Asian Fusion']",4.6,85,$$,38.13131013175329,-121.27408401867712,+12093660539,95240,203 S School St,Lodi,California,"[{'@type': 'OpeningHoursSpecification', 'dayOfWeek': 'Sunday', 'opens': '11:30', 'closes': '20:0'}, {'@type': 'OpeningHoursSpecification', 'dayOfWeek': ['Monday', 'Tuesday', 'Wednesday', 'Thursday', 'Friday'], 'opens': '11:30', 'closes': '20:0'}, {'@type': 'OpeningHoursSpecification', 'dayOfWeek': ['Monday', 'Tuesday', 'Wednesday', 'Thursday', 'Friday'], 'opens': '11:0', 'closes': '14:30'}, {'@type': 'OpeningHoursSpecification', 'dayOfWeek': 'Saturday', 'opens': '11:30', 'closes': '20:0'}]","{'@type': 'PostalAddress', 'addressLocality': 'Lodi', 'addressRegion': 'California', 'postalCode': '95240', 'addressCountry': 'US', 'streetAddress': '203 S School St'}","{'@type': 'GeoCoordinates', 'latitude': 38.13131013175329, 'longitude': -121.27408401867712}","{'@type': 'AggregateRating', 'ratingValue': 4.6, 'reviewCount': '85'}"
McDonald's (1613 LOWER SACRAMENTO ROAD),https://www.ubereats.com/sacramento/food-delivery/mcdonalds-1613-lower-sacramento-road/hoSp2N8USoyQiStWyT4BxQ,lodi-california,"['American', 'Burgers', 'Fast Food']",,,$,38.113184,-121.307202,+12094265186,95242,1613 LOWER SACRAMENTO ROAD,LODI,CA,"[{'@type': 'OpeningHoursSpecification', 'dayOfWeek': ['Monday', 'Tuesday', 'Wednesday', 'Thursday', 'Friday', 'Saturday', 'Sunday'], 'opens': '5:0', 'closes': '10:29'}, {'@type': 'OpeningHoursSpecification', 'dayOfWeek': ['Monday', 'Tuesday', 'Wednesday', 'Thursday', 'Friday', 'Saturday', 'Sunday'], 'opens': '10:30', 'closes': '16:59'}, {'@type': 'OpeningHoursSpecification', 'dayOfWeek': ['Monday', 'Tuesday', 'Wednesday', 'Thursday', 'Friday', 'Saturday', 'Sunday'], 'opens': '17:0', 'closes': '1:45'}]","{'@type': 'PostalAddress', 'addressLocality': 'LODI', 'addressRegion': 'CA', 'postalCode': '95242', 'addressCountry': 'US', 'streetAddress': '1613 LOWER SACRAMENTO ROAD'}","{'@type': 'GeoCoordinates', 'latitude': 38.113184, 'longitude': -121.307202}",{}
Subway (420 E Kettleman Ln Ste 1),https://www.ubereats.com/sacramento/food-delivery/subway-420-e-kettleman-ln-ste-1/UvdpMupYRfSSOGu8OXXgjg,lodi-california,"['Fast Food', 'Sandwich', 'Salads']",,,$,38.1157373,-121.2644039,+12093398571,95240,420 E Kettleman Ln Ste 1,Lodi,CA,"[{'@type': 'OpeningHoursSpecification', 'dayOfWeek': ['Monday', 'Tuesday', 'Wednesday', 'Thursday', 'Friday', 'Saturday', 'Sunday'], 'opens': '10:0', 'closes': '18:30'}]","{'@type': 'PostalAddress', 'addressLocality': 'Lodi', 'addressRegion': 'CA', 'postalCode': '95240', 'addressCountry': 'US', 'streetAddress': '420 E Kettleman Ln Ste 1'}","{'@type': 'GeoCoordinates', 'latitude': 38.1157373, 'longitude': -121.2644039}",{}
Mimosas Gourmet,https://www.ubereats.com/sacramento/food-delivery/mimosas-gourmet/veiFOE5WSymsZmiPue97mg,lodi-california,"['Breakfast and Brunch', 'Burgers']",4.8,16,$$,38.1355574,-121.2741387,+2092637050,95240,117 W Elm St,Lodi,CA,"[{'@type': 'OpeningHoursSpecification', 'dayOfWeek': 'Sunday', 'opens': '7:0', 'closes': '16:0'}, {'@type': 'OpeningHoursSpecification', 'dayOfWeek': 'Sunday', 'opens': '3:0', 'closes': '16:0'}, {'@type': 'OpeningHoursSpecification', 'dayOfWeek': ['Monday', 'Tuesday', 'Wednesday', 'Thursday', 'Friday'], 'opens': '7:0', 'closes': '15:0'}, {'@type': 'OpeningHoursSpecification', 'dayOfWeek': ['Monday', 'Tuesday', 'Wednesday', 'Thursday', 'Friday'], 'opens': '6:0', 'closes': '15:0'}, {'@type': 'OpeningHoursSpecification', 'dayOfWeek': 'Saturday', 'opens': '7:0', 'closes': '16:0'}, {'@type': 'OpeningHoursSpecification', 'dayOfWeek': 'Saturday', 'opens': '3:0', 'closes': '16:0'}]","{'@type': 'PostalAddress', 'addressLocality': 'Lodi', 'addressRegion': 'CA', 'postalCode': '95240', 'addressCountry': 'US', 'streetAddress': '117 W Elm St'}","{'@type': 'GeoCoordinates', 'latitude': 38.1355574, 'longitude': -121.2741387}","{'@type': 'AggregateRating', 'ratingValue': 4.8, 'reviewCount': '16'}"
Starbucks (Ham & Lockeford - Lodi),https://www.ubereats.com/sacramento/food-delivery/starbucks-ham-%26-lockeford-lodi/gOwZaj03SpWr9JW0suvDRg,lodi-california,"['Bakery', 'Breakfast and Brunch', 'Cafe', 'Coffee & Tea']",4.7,80,$,38.13774049999999,-121.2879734,+12093684579,95242,224 N. Ham Lane,Lodi,CA,"[{'@type': 'OpeningHoursSpecification', 'dayOfWeek': 'Sunday', 'opens': '5:0', 'closes': '21:0'}, {'@type': 'OpeningHoursSpecification', 'dayOfWeek': ['Monday', 'Tuesday', 'Wednesday', 'Thursday'], 'opens': '4:30', 'closes': '21:30'}, {'@type': 'OpeningHoursSpecification', 'dayOfWeek': 'Friday', 'opens': '4:30', 'closes': '21:0'}, {'@type': 'OpeningHoursSpecification', 'dayOfWeek': 'Saturday', 'opens': '5:0', 'closes': '21:0'}]","{'@type': 'PostalAddress', 'addressLocality': 'Lodi', 'addressRegion': 'CA', 'postalCode': '95242', 'addressCountry': 'US', 'streetAddress': '224 N. Ham Lane'}","{'@type': 'GeoCoordinates', 'latitude': 38.13774049999999, 'longitude': -121.2879734}","{'@type': 'AggregateRating', 'ratingValue': 4.7, 'reviewCount': '80'}"
Starbucks (Hammer & West - Stockton),https://www.ubereats.com/sacramento/food-delivery/starbucks-hammer-%26-west-stockton/gwVBAwmJS2GRWcRxgiLH9g,lodi-california,"['Bakery', 'Breakfast and Brunch', 'Cafe', 'Coffee & Tea']",4.6,71,$,38.0205,-121.295399,+12094747094,95210,1440 East Hammer Lane,Stockton,CA,"[{'@type': 'OpeningHoursSpecification', 'dayOfWeek': 'Sunday', 'opens': '5:0', 'closes': '21:0'}, {'@type': 'OpeningHoursSpecification', 'dayOfWeek': ['Monday', 'Tuesday', 'Wednesday', 'Thursday', 'Friday', 'Saturday'], 'opens': '4:30', 'closes': '21:0'}]","{'@type': 'PostalAddress', 'addressLocality': 'Stockton', 'addressRegion': 'CA', 'postalCode': '95210', 'addressCountry': 'US', 'streetAddress': '1440 East Hammer Lane'}","{'@type': 'GeoCoordinates', 'latitude': 38.0205, 'longitude': -121.295399}","{'@type': 'AggregateRating', 'ratingValue': 4.6, 'reviewCount': '71'}"
Fire Wings - Lodi,https://www.ubereats.com/sacramento/food-delivery/fire-wings-lodi/_5YFWyRrQeq7IZ6Kiul2tw,lodi-california,"['Chicken', 'Wings', 'Sandwich', 'Noodles', 'Family Meals']",,,$,38.1170904,-121.3072468,+12092488044,95242,1379 S Lower Sacramento Rd,Lodi,CA,"[{'@type': 'OpeningHoursSpecification', 'dayOfWeek': ['Sunday', 'Monday'], 'opens': '11:0', 'closes': '22:30'}, {'@type': 'OpeningHoursSpecification', 'dayOfWeek': 'Tuesday', 'opens': '11:0', 'closes': '22:30'}, {'@type': 'OpeningHoursSpecification', 'dayOfWeek': ['Wednesday', 'Thursday'], 'opens': '11:0', 'closes': '22:30'}, {'@type': 'OpeningHoursSpecification', 'dayOfWeek': ['Friday', 'Saturday'], 'opens': '11:0', 'closes': '23:30'}]","{'@type': 'PostalAddress', 'addressLocality': 'Lodi', 'addressRegion': 'CA', 'postalCode': '95242', 'addressCountry': 'US', 'streetAddress': '1379 S Lower Sacramento Rd'}","{'@type': 'GeoCoordinates', 'latitude': 38.1170904, 'longitude': -121.3072468}",{}
Chicago's Pizza With A Twist (Lodi),https://www.ubereats.com/sacramento/food-delivery/chicagos-pizza-with-a-twist-lodi/LVUe0HncTA-_SEUa4dZjXw,lodi-california,"['Pizza', 'Wings', 'Indian', 'Sandwich']",,,$,38.14529,-121.272919,+12093651142,95240,100 W Turner Rd,Lodi,California,"[{'@type': 'OpeningHoursSpecification', 'dayOfWeek': ['Monday', 'Tuesday', 'Wednesday', 'Thursday', 'Friday', 'Saturday', 'Sunday'], 'opens': '11:0', 'closes': '22:0'}]","{'@type': 'PostalAddress', 'addressLocality': 'Lodi', 'addressRegion': 'California', 'postalCode': '95240', 'addressCountry': 'US', 'streetAddress': '100 W Turner Rd'}","{'@type': 'GeoCoordinates', 'latitude': 38.14529, 'longitude': -121.272919}",{}
,https://www.ubereats.com/sacramento/food-delivery/cinnabon-baked-at-flying-j-15100-north-thornton-rd/--Sa1J0lReawDSgEyAKBaA,lodi-california,,,,,,,,,,,,,,,
