name,url,city,cuisine,avgRating,numReviews,priceRange,latitude,longitude,telephone,postalCode,streetAddress,addressLocality,addressRegion,openingHoursSpecification,addressString,geoString,ratingString
Megaplex Theaters (Providence),https://www.ubereats.com/salt-lake-city/food-delivery/megaplex-theaters-providence/yDN62L4KS-GEyGr9bvy3bg,logan-utah,"['Fast Food', 'American', 'Desserts']",,,$,41.7114499,-111.8306817,+14357530776,84332,535 West 100 North,Providence,UT,[],"{'@type': 'PostalAddress', 'addressLocality': 'Providence', 'addressRegion': 'UT', 'postalCode': '84332', 'addressCountry': 'US', 'streetAddress': '535 West 100 North'}","{'@type': 'GeoCoordinates', 'latitude': 41.7114499, 'longitude': -111.8306817}",{}
Jersey Mike’s Subs (756 South Main Street),https://www.ubereats.com/salt-lake-city/food-delivery/jersey-mikes-subs-756-south-main-street/EKKR_-GYQSSSyZ_tUsuOMg,logan-utah,"['Sandwich', 'American', 'Comfort Food']",4.2,12,$,41.7185433,-111.83495,+14352139962,84321,756 South Main Street,Logan,UT,"[{'@type': 'OpeningHoursSpecification', 'dayOfWeek': ['Monday', 'Tuesday', 'Wednesday', 'Thursday', 'Friday', 'Saturday', 'Sunday'], 'opens': '10:0', 'closes': '21:0'}]","{'@type': 'PostalAddress', 'addressLocality': 'Logan', 'addressRegion': 'UT', 'postalCode': '84321', 'addressCountry': 'US', 'streetAddress': '756 South Main Street'}","{'@type': 'GeoCoordinates', 'latitude': 41.7185433, 'longitude': -111.83495}","{'@type': 'AggregateRating', 'ratingValue': 4.2, 'reviewCount': '12'}"
The Crepery,https://www.ubereats.com/salt-lake-city/food-delivery/the-crepery/DGGY6t8IRqqcYDcEy7ZK1A,logan-utah,"['Salads', 'Desserts', 'Breakfast and Brunch']",,,$,41.6798043,-111.823721,+14357525766,84321,540 S Main St,Logan,UT,"[{'@type': 'OpeningHoursSpecification', 'dayOfWeek': 'Sunday', 'opens': '9:0', 'closes': '14:0'}, {'@type': 'OpeningHoursSpecification', 'dayOfWeek': ['Monday', 'Tuesday', 'Wednesday', 'Thursday'], 'opens': '7:0', 'closes': '21:0'}, {'@type': 'OpeningHoursSpecification', 'dayOfWeek': ['Friday', 'Saturday'], 'opens': '7:0', 'closes': '22:0'}]","{'@type': 'PostalAddress', 'addressLocality': 'Logan', 'addressRegion': 'UT', 'postalCode': '84321', 'addressCountry': 'US', 'streetAddress': '540 S Main St'}","{'@type': 'GeoCoordinates', 'latitude': 41.6798043, 'longitude': -111.823721}",{}
Rumbi Island Grill (Logan),https://www.ubereats.com/salt-lake-city/food-delivery/rumbi-island-grill-logan/FR5Kih2MRECAvRQS0Af_5A,logan-utah,"['Caribbean', 'Seafood', 'Latin American', 'Salads', 'Chicken']",,,$,41.7134508,-111.8375158,+14357534300,,,,,"[{'@type': 'OpeningHoursSpecification', 'dayOfWeek': ['Monday', 'Tuesday', 'Wednesday', 'Thursday'], 'opens': '11:0', 'closes': '20:0'}, {'@type': 'OpeningHoursSpecification', 'dayOfWeek': 'Friday', 'opens': '11:0', 'closes': '21:0'}, {'@type': 'OpeningHoursSpecification', 'dayOfWeek': 'Saturday', 'opens': '11:0', 'closes': '20:0'}]",,"{'@type': 'GeoCoordinates', 'latitude': 41.7134508, 'longitude': -111.8375158}",{}
Pizza Pie Cafe- LOGAN,https://www.ubereats.com/salt-lake-city/food-delivery/pizza-pie-cafe-logan/GGFaYh9pQMOjU6yoGSpvQA,logan-utah,"['Pizza', 'American', 'Italian']",,,$,41.7589938,-111.8329557,+14357535590,,,,,"[{'@type': 'OpeningHoursSpecification', 'dayOfWeek': ['Monday', 'Tuesday', 'Wednesday', 'Thursday'], 'opens': '11:0', 'closes': '21:0'}, {'@type': 'OpeningHoursSpecification', 'dayOfWeek': ['Friday', 'Saturday'], 'opens': '11:0', 'closes': '22:0'}]",,"{'@type': 'GeoCoordinates', 'latitude': 41.7589938, 'longitude': -111.8329557}",{}
Papa Murphy's  (618 North Main Street),https://www.ubereats.com/salt-lake-city/food-delivery/papa-murphys-618-north-main-street/d601WH8USSiPCbVbrtBj6w,logan-utah,"['Pizza', 'Italian', 'Desserts']",,,$,41.6922828,-111.8229215,+14357550808,84321,618 North Main Street,Logan,UT,"[{'@type': 'OpeningHoursSpecification', 'dayOfWeek': 'Sunday', 'opens': '12:0', 'closes': '19:0'}, {'@type': 'OpeningHoursSpecification', 'dayOfWeek': ['Monday', 'Tuesday', 'Wednesday', 'Thursday'], 'opens': '11:0', 'closes': '20:0'}, {'@type': 'OpeningHoursSpecification', 'dayOfWeek': ['Friday', 'Saturday'], 'opens': '11:0', 'closes': '21:0'}]","{'@type': 'PostalAddress', 'addressLocality': 'Logan', 'addressRegion': 'UT', 'postalCode': '84321', 'addressCountry': 'US', 'streetAddress': '618 North Main Street'}","{'@type': 'GeoCoordinates', 'latitude': 41.6922828, 'longitude': -111.8229215}",{}
Krispy Kreme (1065 N Main Street),https://www.ubereats.com/salt-lake-city/food-delivery/krispy-kreme-1065-n-main-street/AnneYLpIQwi2vpL2HN6xyg,logan-utah,"['Breakfast and Brunch', 'Bakery', 'Desserts']",,,$,41.751337,-111.8348494,+14355570887,84341,1051 N Main St,Logan,UT,"[{'@type': 'OpeningHoursSpecification', 'dayOfWeek': 'Sunday', 'opens': '7:15', 'closes': '16:45'}, {'@type': 'OpeningHoursSpecification', 'dayOfWeek': ['Monday', 'Tuesday', 'Wednesday', 'Thursday', 'Friday', 'Saturday'], 'opens': '6:15', 'closes': '21:45'}]","{'@type': 'PostalAddress', 'addressLocality': 'Logan', 'addressRegion': 'UT', 'postalCode': '84341', 'addressCountry': 'US', 'streetAddress': '1051 N Main St'}","{'@type': 'GeoCoordinates', 'latitude': 41.751337, 'longitude': -111.8348494}",{}
Num Gourmet Desserts,https://www.ubereats.com/salt-lake-city/food-delivery/num-gourmet-desserts/aXCx5ULoTAyrPndomIXfXg,logan-utah,"['Desserts', 'Ice Cream and Frozen Yogurt']",,,,41.726292,-111.852143,+14354521186,84321,345 Southwest Street,Logan,NAMER,"[{'@type': 'OpeningHoursSpecification', 'dayOfWeek': ['Monday', 'Tuesday', 'Wednesday', 'Thursday', 'Friday', 'Saturday', 'Sunday'], 'opens': '9:0', 'closes': '17:0'}]","{'@type': 'PostalAddress', 'addressLocality': 'Logan', 'addressRegion': 'NAMER', 'postalCode': '84321', 'addressCountry': 'US', 'streetAddress': '345 Southwest Street'}","{'@type': 'GeoCoordinates', 'latitude': 41.726292, 'longitude': -111.852143}",{}
Megaplex Theaters (Logan),https://www.ubereats.com/salt-lake-city/food-delivery/megaplex-theaters-logan/FcmJWpk3Svinw44fGIdEqQ,logan-utah,"['American', 'Desserts', 'Fast Food']",,,$,41.7531958,-111.8297501,+14357530813,84341,1225 North 200 East,Logan,UT,[],"{'@type': 'PostalAddress', 'addressLocality': 'Logan', 'addressRegion': 'UT', 'postalCode': '84341', 'addressCountry': 'US', 'streetAddress': '1225 North 200 East'}","{'@type': 'GeoCoordinates', 'latitude': 41.7531958, 'longitude': -111.8297501}",{}
Yogurtland (1007 N Main St),https://www.ubereats.com/salt-lake-city/food-delivery/yogurtland-1007-n-main-st/EpaDTOixQqGFlHIZBXHe9g,logan-utah,"['Desserts', 'Ice Cream and Frozen Yogurt']",,,$,41.7504976,-111.8349203,+14357522822,84341-3107,1007 N Main St,Logan,UT,"[{'@type': 'OpeningHoursSpecification', 'dayOfWeek': 'Sunday', 'opens': '14:0', 'closes': '20:30'}, {'@type': 'OpeningHoursSpecification', 'dayOfWeek': ['Monday', 'Tuesday', 'Wednesday', 'Thursday'], 'opens': '11:0', 'closes': '23:0'}, {'@type': 'OpeningHoursSpecification', 'dayOfWeek': ['Friday', 'Saturday'], 'opens': '11:0', 'closes': '23:30'}]","{'@type': 'PostalAddress', 'addressLocality': 'Logan', 'addressRegion': 'UT', 'postalCode': '84341-3107', 'addressCountry': 'US', 'streetAddress': '1007 N Main St'}","{'@type': 'GeoCoordinates', 'latitude': 41.7504976, 'longitude': -111.8349203}",{}
Panda Express (16 North Hwy 165),https://www.ubereats.com/salt-lake-city/food-delivery/panda-express-16-north-hwy-165/GaBfj961TFa4TpFTN9kdIw,logan-utah,"['Chinese', 'Family Meals']",,,$,41.7087131,-111.834175,+14357522032,84332,16 North Hwy 165,Providence,UT,"[{'@type': 'OpeningHoursSpecification', 'dayOfWeek': 'Sunday', 'opens': '11:30', 'closes': '19:30'}, {'@type': 'OpeningHoursSpecification', 'dayOfWeek': ['Monday', 'Tuesday', 'Wednesday', 'Thursday', 'Friday', 'Saturday'], 'opens': '10:30', 'closes': '20:30'}]","{'@type': 'PostalAddress', 'addressLocality': 'Providence', 'addressRegion': 'UT', 'postalCode': '84332', 'addressCountry': 'US', 'streetAddress': '16 North Hwy 165'}","{'@type': 'GeoCoordinates', 'latitude': 41.7087131, 'longitude': -111.834175}",{}
Papa Murphy's (2 North Highway 165 Suite 101),https://www.ubereats.com/salt-lake-city/food-delivery/papa-murphys-2-north-highway-165-suite-101/dUjE_A7STDKNjcu5hPrf1g,logan-utah,"['Pizza', 'Italian', 'Comfort Food']",,,$,41.7084416,-111.8320621,+14357522030,84332,2 N Highway 165,Providence,UT,"[{'@type': 'OpeningHoursSpecification', 'dayOfWeek': 'Sunday', 'opens': '12:0', 'closes': '19:0'}, {'@type': 'OpeningHoursSpecification', 'dayOfWeek': ['Monday', 'Tuesday', 'Wednesday', 'Thursday'], 'opens': '12:0', 'closes': '20:0'}, {'@type': 'OpeningHoursSpecification', 'dayOfWeek': ['Friday', 'Saturday'], 'opens': '12:0', 'closes': '20:0'}, {'@type': 'OpeningHoursSpecification', 'dayOfWeek': ['Friday', 'Saturday'], 'opens': '11:0', 'closes': '21:0'}]","{'@type': 'PostalAddress', 'addressLocality': 'Providence', 'addressRegion': 'UT', 'postalCode': '84332', 'addressCountry': 'US', 'streetAddress': '2 N Highway 165'}","{'@type': 'GeoCoordinates', 'latitude': 41.7084416, 'longitude': -111.8320621}",{}
Five Guys UT-1656 1077 N. Main St,https://www.ubereats.com/salt-lake-city/food-delivery/five-guys-ut-1656-1077-n-main-st/NBdV-KR1QYeUGrUHtkAQRA,logan-utah,"['American', 'Burgers', 'Sandwich']",4.3,15,$,41.7517681,-111.834895,+14357537445,,,,,"[{'@type': 'OpeningHoursSpecification', 'dayOfWeek': ['Monday', 'Tuesday', 'Wednesday', 'Thursday', 'Friday', 'Saturday', 'Sunday'], 'opens': '11:0', 'closes': '21:30'}]",,"{'@type': 'GeoCoordinates', 'latitude': 41.7517681, 'longitude': -111.834895}","{'@type': 'AggregateRating', 'ratingValue': 4.3, 'reviewCount': '15'}"
Burger King #14035 (1080 North Main Street),https://www.ubereats.com/salt-lake-city/food-delivery/burger-king-%2314035-1080-north-main-street/Az3gtqYETTWmGwww8Lldww,logan-utah,"['American', 'burger', 'Fast Food']",,,$,41.751915,-111.833893,+14357532788,84341,1080 North Main Street,Logan,UT,"[{'@type': 'OpeningHoursSpecification', 'dayOfWeek': ['Sunday', 'Monday', 'Tuesday', 'Wednesday', 'Thursday'], 'opens': '7:30', 'closes': '10:29'}, {'@type': 'OpeningHoursSpecification', 'dayOfWeek': ['Sunday', 'Monday', 'Tuesday', 'Wednesday', 'Thursday'], 'opens': '10:30', 'closes': '21:30'}, {'@type': 'OpeningHoursSpecification', 'dayOfWeek': ['Friday', 'Saturday'], 'opens': '7:30', 'closes': '10:29'}, {'@type': 'OpeningHoursSpecification', 'dayOfWeek': ['Friday', 'Saturday'], 'opens': '10:30', 'closes': '22:30'}]","{'@type': 'PostalAddress', 'addressLocality': 'Logan', 'addressRegion': 'UT', 'postalCode': '84341', 'addressCountry': 'US', 'streetAddress': '1080 North Main Street'}","{'@type': 'GeoCoordinates', 'latitude': 41.751915, 'longitude': -111.833893}",{}
Denny's (1007 N. Main St. #140),https://www.ubereats.com/salt-lake-city/food-delivery/dennys-1007-n-main-st-%23140/Hw0QquGNShOzFG788CD8Vw,logan-utah,"['American', 'Breakfast and Brunch', 'Coffee and Tea', 'Dinner', 'Desserts', 'Salads', 'Steak', 'Sandwich', 'Family Meals']",,,$$,41.7504976,-111.8349203,+14357522599,84341,1007 N. Main St. #140,Logan,UT,"[{'@type': 'OpeningHoursSpecification', 'dayOfWeek': ['Sunday', 'Monday', 'Tuesday', 'Wednesday', 'Thursday'], 'opens': '7:0', 'closes': '22:0'}, {'@type': 'OpeningHoursSpecification', 'dayOfWeek': ['Friday', 'Saturday'], 'opens': '7:0', 'closes': '23:0'}]","{'@type': 'PostalAddress', 'addressLocality': 'Logan', 'addressRegion': 'UT', 'postalCode': '84341', 'addressCountry': 'US', 'streetAddress': '1007 N. Main St. #140'}","{'@type': 'GeoCoordinates', 'latitude': 41.7504976, 'longitude': -111.8349203}",{}
Chuck-A-Rama Buffet (Logan),https://www.ubereats.com/salt-lake-city/food-delivery/chuck-a-rama-buffet-logan/fwGqWs9mS5-3ubhni4yKww,logan-utah,"['Burgers', 'American', 'Sandwiches']",,,$,41.6789567,-111.8231415,+14357876241,84321,138 S Main St,Logan,UT,"[{'@type': 'OpeningHoursSpecification', 'dayOfWeek': ['Monday', 'Tuesday', 'Wednesday', 'Thursday', 'Friday', 'Saturday', 'Sunday'], 'opens': '11:0', 'closes': '20:0'}]","{'@type': 'PostalAddress', 'addressLocality': 'Logan', 'addressRegion': 'UT', 'postalCode': '84321', 'addressCountry': 'US', 'streetAddress': '138 S Main St'}","{'@type': 'GeoCoordinates', 'latitude': 41.6789567, 'longitude': -111.8231415}",{}
Firehouse Subs (1077 North Main #110),https://www.ubereats.com/salt-lake-city/food-delivery/firehouse-subs-1077-north-main-%23110/j-DiiPVsQ42WviueO7atsg,logan-utah,"['Sandwich', 'Deli']",,,$,41.691023799999996,-111.8238247,+14357531773,84341,1077 North Main #110,Logan,UT,"[{'@type': 'OpeningHoursSpecification', 'dayOfWeek': ['Monday', 'Tuesday', 'Wednesday', 'Thursday', 'Friday', 'Saturday'], 'opens': '10:30', 'closes': '19:0'}]","{'@type': 'PostalAddress', 'addressLocality': 'Logan', 'addressRegion': 'UT', 'postalCode': '84341', 'addressCountry': 'US', 'streetAddress': '1077 North Main #110'}","{'@type': 'GeoCoordinates', 'latitude': 41.691023799999996, 'longitude': -111.8238247}",{}
Noodles & Company (1430 N Main St),https://www.ubereats.com/salt-lake-city/food-delivery/noodles-%26-company-1430-n-main-st/myIrzZNFQo22xa51CFTGig,logan-utah,"['Healthy', 'Pasta', 'Comfort Food', 'American', 'Italian', 'Chinese', 'Noodles', 'Family Meals']",3.9,20,$,41.7581942,-111.8338956,+14357532629,84321,1430 N Main St,Logan,UT,"[{'@type': 'OpeningHoursSpecification', 'dayOfWeek': ['Monday', 'Tuesday', 'Wednesday', 'Thursday', 'Friday', 'Saturday', 'Sunday'], 'opens': '11:0', 'closes': '21:45'}]","{'@type': 'PostalAddress', 'addressLocality': 'Logan', 'addressRegion': 'UT', 'postalCode': '84321', 'addressCountry': 'US', 'streetAddress': '1430 N Main St'}","{'@type': 'GeoCoordinates', 'latitude': 41.7581942, 'longitude': -111.8338956}","{'@type': 'AggregateRating', 'ratingValue': 3.9, 'reviewCount': '20'}"
Subway (1550 Main Street),https://www.ubereats.com/salt-lake-city/food-delivery/subway-1550-main-street/Wtjv454KTrCKxMkb-CaJZw,logan-utah,"['Fast Food', 'Sandwich', 'American']",,,$,41.76041009999999,-111.8304022,+14357878891,84341,1550 Main Street,Logan,UT,"[{'@type': 'OpeningHoursSpecification', 'dayOfWeek': ['Monday', 'Tuesday', 'Wednesday', 'Thursday', 'Friday', 'Saturday', 'Sunday'], 'opens': '10:0', 'closes': '19:30'}]","{'@type': 'PostalAddress', 'addressLocality': 'Logan', 'addressRegion': 'UT', 'postalCode': '84341', 'addressCountry': 'US', 'streetAddress': '1550 Main Street'}","{'@type': 'GeoCoordinates', 'latitude': 41.76041009999999, 'longitude': -111.8304022}",{}
Burger King (202 North Main Street #10570),https://www.ubereats.com/salt-lake-city/food-delivery/burger-king-202-north-main-street-%2310570/hHXC_S6tReqi3ZPt_T-aOA,logan-utah,"['American', 'burger', 'Fast Food']",,,$,41.6851758,-111.8230841,+14357530322,84321,202 North Main Street,Logan,UT,"[{'@type': 'OpeningHoursSpecification', 'dayOfWeek': ['Sunday', 'Monday'], 'opens': '6:30', 'closes': '10:29'}, {'@type': 'OpeningHoursSpecification', 'dayOfWeek': ['Sunday', 'Monday'], 'opens': '10:30', 'closes': '21:30'}, {'@type': 'OpeningHoursSpecification', 'dayOfWeek': 'Tuesday', 'opens': '6:30', 'closes': '10:29'}, {'@type': 'OpeningHoursSpecification', 'dayOfWeek': 'Tuesday', 'opens': '10:30', 'closes': '23:30'}, {'@type': 'OpeningHoursSpecification', 'dayOfWeek': ['Wednesday', 'Thursday', 'Friday', 'Saturday'], 'opens': '6:30', 'closes': '10:29'}, {'@type': 'OpeningHoursSpecification', 'dayOfWeek': ['Wednesday', 'Thursday', 'Friday', 'Saturday'], 'opens': '10:30', 'closes': '21:30'}]","{'@type': 'PostalAddress', 'addressLocality': 'Logan', 'addressRegion': 'UT', 'postalCode': '84321', 'addressCountry': 'US', 'streetAddress': '202 North Main Street'}","{'@type': 'GeoCoordinates', 'latitude': 41.6851758, 'longitude': -111.8230841}",{}
Subway (1790 N Main St),https://www.ubereats.com/salt-lake-city/food-delivery/subway-1790-n-main-st/DebXmBOtRr6XabcsHA8q8w,logan-utah,"['Sandwich', 'American', 'Kids Friendly']",,,$,41.76465200000001,-111.8337791,+14357559550,84341,1790 N Main St,North Logan,UT,"[{'@type': 'OpeningHoursSpecification', 'dayOfWeek': 'Sunday', 'opens': '10:0', 'closes': '21:30'}, {'@type': 'OpeningHoursSpecification', 'dayOfWeek': ['Monday', 'Tuesday', 'Wednesday', 'Thursday', 'Friday', 'Saturday'], 'opens': '9:0', 'closes': '22:30'}]","{'@type': 'PostalAddress', 'addressLocality': 'North Logan', 'addressRegion': 'UT', 'postalCode': '84341', 'addressCountry': 'US', 'streetAddress': '1790 N Main St'}","{'@type': 'GeoCoordinates', 'latitude': 41.76465200000001, 'longitude': -111.8337791}",{}
Cold Stone Creamery (1400 N 505 E),https://www.ubereats.com/salt-lake-city/food-delivery/cold-stone-creamery-1400-n-505-e/CF1YLnZcSzqiifNUSGSO8Q,logan-utah,"['Ice Cream & Frozen Yogurt', 'Desserts']",,,$$,41.7577918,-111.8465819,+14357533339,84341,1400 N 505 ESte 140,Logan,UT,"[{'@type': 'OpeningHoursSpecification', 'dayOfWeek': ['Monday', 'Tuesday', 'Wednesday', 'Thursday', 'Friday', 'Saturday'], 'opens': '11:0', 'closes': '22:0'}]","{'@type': 'PostalAddress', 'addressLocality': 'Logan', 'addressRegion': 'UT', 'postalCode': '84341', 'addressCountry': 'US', 'streetAddress': '1400 N 505 ESte 140'}","{'@type': 'GeoCoordinates', 'latitude': 41.7577918, 'longitude': -111.8465819}",{}
Chick-fil-A  (1323 N Main St),https://www.ubereats.com/salt-lake-city/food-delivery/chick-fil-a-1323-n-main-st/87arp4x3Qe2D0tJKDdiBOw,logan-utah,"['American', 'Fried Chicken', 'Family Meals']",4.6,20,$,41.7563026,-111.8348271,+14357558300,84341,1323 N Main St,Logan,UT,"[{'@type': 'OpeningHoursSpecification', 'dayOfWeek': ['Monday', 'Tuesday', 'Wednesday', 'Thursday', 'Friday', 'Saturday'], 'opens': '6:30', 'closes': '10:0'}, {'@type': 'OpeningHoursSpecification', 'dayOfWeek': ['Monday', 'Tuesday', 'Wednesday', 'Thursday', 'Friday', 'Saturday'], 'opens': '10:0', 'closes': '21:30'}]","{'@type': 'PostalAddress', 'addressLocality': 'Logan', 'addressRegion': 'UT', 'postalCode': '84341', 'addressCountry': 'US', 'streetAddress': '1323 N Main St'}","{'@type': 'GeoCoordinates', 'latitude': 41.7563026, 'longitude': -111.8348271}","{'@type': 'AggregateRating', 'ratingValue': 4.6, 'reviewCount': '20'}"
Buffalo Wild Wings (43 E 1400 N),https://www.ubereats.com/salt-lake-city/food-delivery/buffalo-wild-wings-43-e-1400-n/8o-sUOeeTj-PLIFWSHQ5Bg,logan-utah,['wings'],3.8,10,$$,41.7578233,-111.8327777,+14357530465,84341,43 E 1400 N,Logan,UT,"[{'@type': 'OpeningHoursSpecification', 'dayOfWeek': ['Monday', 'Tuesday', 'Wednesday', 'Thursday', 'Friday', 'Saturday', 'Sunday'], 'opens': '11:0', 'closes': '22:0'}]","{'@type': 'PostalAddress', 'addressLocality': 'Logan', 'addressRegion': 'UT', 'postalCode': '84341', 'addressCountry': 'US', 'streetAddress': '43 E 1400 N'}","{'@type': 'GeoCoordinates', 'latitude': 41.7578233, 'longitude': -111.8327777}","{'@type': 'AggregateRating', 'ratingValue': 3.8, 'reviewCount': '10'}"
Subway (909 S Main St Ste A),https://www.ubereats.com/salt-lake-city/food-delivery/subway-909-s-main-st-ste-a/Quoa5skHT6uJ3V5RyO6lHA,logan-utah,"['Fast Food', 'Sandwich', 'American']",,,$,41.7149867,-111.8354792,+14357525225,84321,909 S Main St Ste A,Logan,UT,"[{'@type': 'OpeningHoursSpecification', 'dayOfWeek': 'Sunday', 'opens': '10:0', 'closes': '21:30'}, {'@type': 'OpeningHoursSpecification', 'dayOfWeek': ['Monday', 'Tuesday', 'Wednesday', 'Thursday', 'Friday', 'Saturday'], 'opens': '9:0', 'closes': '21:30'}]","{'@type': 'PostalAddress', 'addressLocality': 'Logan', 'addressRegion': 'UT', 'postalCode': '84321', 'addressCountry': 'US', 'streetAddress': '909 S Main St Ste A'}","{'@type': 'GeoCoordinates', 'latitude': 41.7149867, 'longitude': -111.8354792}",{}
KFC (95 East 400 North),https://www.ubereats.com/salt-lake-city/food-delivery/kfc-95-east-400-north/08SBL4Y_SwiyjM1mc25rOQ,logan-utah,"['American', 'Fast Food', 'wings']",4.6,19,$,41.7393122,-111.8325914,+13135820617,84321,95 East 400 North,Logan,UT,"[{'@type': 'OpeningHoursSpecification', 'dayOfWeek': ['Monday', 'Tuesday', 'Wednesday', 'Thursday', 'Friday', 'Saturday', 'Sunday'], 'opens': '10:30', 'closes': '21:30'}]","{'@type': 'PostalAddress', 'addressLocality': 'Logan', 'addressRegion': 'UT', 'postalCode': '84321', 'addressCountry': 'US', 'streetAddress': '95 East 400 North'}","{'@type': 'GeoCoordinates', 'latitude': 41.7393122, 'longitude': -111.8325914}","{'@type': 'AggregateRating', 'ratingValue': 4.6, 'reviewCount': '19'}"
Subway (1150 S 100 W),https://www.ubereats.com/salt-lake-city/food-delivery/subway-1150-s-100-w/kX3AIYLLQb6AM7J0E_ynDg,logan-utah,"['Fast Food', 'Sandwich', 'American']",,,$,41.7122122,-111.8361779,+14357539532,84321,1150 S 100 W,Logan,UT,"[{'@type': 'OpeningHoursSpecification', 'dayOfWeek': ['Monday', 'Tuesday', 'Wednesday', 'Thursday', 'Friday', 'Saturday', 'Sunday'], 'opens': '10:0', 'closes': '19:30'}]","{'@type': 'PostalAddress', 'addressLocality': 'Logan', 'addressRegion': 'UT', 'postalCode': '84321', 'addressCountry': 'US', 'streetAddress': '1150 S 100 W'}","{'@type': 'GeoCoordinates', 'latitude': 41.7122122, 'longitude': -111.8361779}",{}
Sonic (Logan),https://www.ubereats.com/salt-lake-city/food-delivery/sonic-logan/iiPJLe0GSpyETmfZXICgmg,logan-utah,"['American', 'burger', 'Fast Food', 'Hot Dog', 'Sandwich']",,,$$,41.77451119999999,-111.8346408,+14357878263,84341,2355 N. Main Str,Logan,UT,"[{'@type': 'OpeningHoursSpecification', 'dayOfWeek': 'Sunday', 'opens': '9:30', 'closes': '21:30'}, {'@type': 'OpeningHoursSpecification', 'dayOfWeek': ['Monday', 'Tuesday', 'Wednesday', 'Thursday', 'Friday'], 'opens': '7:30', 'closes': '23:30'}, {'@type': 'OpeningHoursSpecification', 'dayOfWeek': 'Saturday', 'opens': '8:30', 'closes': '23:30'}]","{'@type': 'PostalAddress', 'addressLocality': 'Logan', 'addressRegion': 'UT', 'postalCode': '84341', 'addressCountry': 'US', 'streetAddress': '2355 N. Main Str'}","{'@type': 'GeoCoordinates', 'latitude': 41.77451119999999, 'longitude': -111.8346408}",{}
Sizzler (1165 N Main St),https://www.ubereats.com/salt-lake-city/food-delivery/sizzler-1165-n-main-st/Efri54KrQ5KOCsBUHFTfzQ,logan-utah,"['American', 'Burgers', 'Seafood']",,,$$,41.7539751,-111.8347806,+14357522771,84341,1165 N Main St,Logan,UT,"[{'@type': 'OpeningHoursSpecification', 'dayOfWeek': ['Sunday', 'Monday', 'Tuesday', 'Wednesday', 'Thursday'], 'opens': '11:0', 'closes': '19:30'}, {'@type': 'OpeningHoursSpecification', 'dayOfWeek': ['Friday', 'Saturday'], 'opens': '11:0', 'closes': '20:30'}]","{'@type': 'PostalAddress', 'addressLocality': 'Logan', 'addressRegion': 'UT', 'postalCode': '84341', 'addressCountry': 'US', 'streetAddress': '1165 N Main St'}","{'@type': 'GeoCoordinates', 'latitude': 41.7539751, 'longitude': -111.8347806}",{}
Arby's (1230 N Main St),https://www.ubereats.com/salt-lake-city/food-delivery/arbys-1230-n-main-st/yOpaaHRIS3iGpSTZEKW7sw,logan-utah,"['American', 'Sandwich', 'Fast Food', 'Kids Friendly']",,,$,41.7555932,-111.8338257,+14357524971,84341,1230 N Main St,Logan,UT,"[{'@type': 'OpeningHoursSpecification', 'dayOfWeek': ['Sunday', 'Monday', 'Tuesday', 'Wednesday', 'Thursday'], 'opens': '10:0', 'closes': '23:30'}, {'@type': 'OpeningHoursSpecification', 'dayOfWeek': ['Friday', 'Saturday'], 'opens': '10:0', 'closes': '0:30'}]","{'@type': 'PostalAddress', 'addressLocality': 'Logan', 'addressRegion': 'UT', 'postalCode': '84341', 'addressCountry': 'US', 'streetAddress': '1230 N Main St'}","{'@type': 'GeoCoordinates', 'latitude': 41.7555932, 'longitude': -111.8338257}",{}
Wendy's  (895 S. Main St),https://www.ubereats.com/salt-lake-city/food-delivery/wendys-895-s-main-st/Yfft6MMTSKSQVOP1Xj3iXQ,logan-utah,"['American', 'Burgers', 'Fast Food']",,,$,41.71501869999999,-111.8371829,+14357527492,84321,895 S. Main St,Logan,UT,"[{'@type': 'OpeningHoursSpecification', 'dayOfWeek': 'Sunday', 'opens': '10:30', 'closes': '22:30'}, {'@type': 'OpeningHoursSpecification', 'dayOfWeek': 'Sunday', 'opens': '6:30', 'closes': '10:0'}, {'@type': 'OpeningHoursSpecification', 'dayOfWeek': ['Monday', 'Tuesday', 'Wednesday', 'Thursday'], 'opens': '10:30', 'closes': '23:30'}, {'@type': 'OpeningHoursSpecification', 'dayOfWeek': ['Monday', 'Tuesday', 'Wednesday', 'Thursday'], 'opens': '6:30', 'closes': '10:0'}, {'@type': 'OpeningHoursSpecification', 'dayOfWeek': ['Friday', 'Saturday'], 'opens': '10:30', 'closes': '0:30'}, {'@type': 'OpeningHoursSpecification', 'dayOfWeek': ['Friday', 'Saturday'], 'opens': '6:30', 'closes': '10:0'}]","{'@type': 'PostalAddress', 'addressLocality': 'Logan', 'addressRegion': 'UT', 'postalCode': '84321', 'addressCountry': 'US', 'streetAddress': '895 S. Main St'}","{'@type': 'GeoCoordinates', 'latitude': 41.71501869999999, 'longitude': -111.8371829}",{}
La Tormenta Restaurant,https://www.ubereats.com/salt-lake-city/food-delivery/la-tormenta-restaurant/bSng_qYFSty5upqEgHB8WQ,logan-utah,"['Mexican', 'Latin American', 'New Mexican']",,,$,41.7615756,-111.8319381,+14357874640,84341,105 E 1600 N,Logan,UT,"[{'@type': 'OpeningHoursSpecification', 'dayOfWeek': 'Sunday', 'opens': '8:0', 'closes': '20:0'}, {'@type': 'OpeningHoursSpecification', 'dayOfWeek': 'Sunday', 'opens': '8:0', 'closes': '20:0'}, {'@type': 'OpeningHoursSpecification', 'dayOfWeek': 'Monday', 'opens': '8:0', 'closes': '20:0'}, {'@type': 'OpeningHoursSpecification', 'dayOfWeek': 'Monday', 'opens': '8:0', 'closes': '20:0'}, {'@type': 'OpeningHoursSpecification', 'dayOfWeek': 'Tuesday', 'opens': '8:0', 'closes': '20:0'}, {'@type': 'OpeningHoursSpecification', 'dayOfWeek': 'Tuesday', 'opens': '8:0', 'closes': '20:0'}, {'@type': 'OpeningHoursSpecification', 'dayOfWeek': 'Wednesday', 'opens': '9:0', 'closes': '20:0'}, {'@type': 'OpeningHoursSpecification', 'dayOfWeek': 'Wednesday', 'opens': '9:0', 'closes': '20:0'}, {'@type': 'OpeningHoursSpecification', 'dayOfWeek': 'Thursday', 'opens': '9:0', 'closes': '20:0'}, {'@type': 'OpeningHoursSpecification', 'dayOfWeek': 'Thursday', 'opens': '9:0', 'closes': '20:0'}, {'@type': 'OpeningHoursSpecification', 'dayOfWeek': 'Friday', 'opens': '9:0', 'closes': '20:0'}, {'@type': 'OpeningHoursSpecification', 'dayOfWeek': 'Friday', 'opens': '9:0', 'closes': '20:0'}, {'@type': 'OpeningHoursSpecification', 'dayOfWeek': 'Saturday', 'opens': '9:0', 'closes': '20:0'}, {'@type': 'OpeningHoursSpecification', 'dayOfWeek': 'Saturday', 'opens': '9:0', 'closes': '20:0'}]","{'@type': 'PostalAddress', 'addressLocality': 'Logan', 'addressRegion': 'UT', 'postalCode': '84341', 'addressCountry': 'US', 'streetAddress': '105 E 1600 N'}","{'@type': 'GeoCoordinates', 'latitude': 41.7615756, 'longitude': -111.8319381}",{}
Costa Vida  (756 S Main St Suite 120),https://www.ubereats.com/salt-lake-city/food-delivery/costa-vida-756-s-main-st-suite-120/y47ieYFuTNWxHt0A-JzHKA,logan-utah,"['Mexican', 'Salads']",,,$,41.7190203,-111.8349343,+14354776560,84321,756 S Main St,Logan,UT,"[{'@type': 'OpeningHoursSpecification', 'dayOfWeek': ['Monday', 'Tuesday', 'Wednesday', 'Thursday', 'Friday', 'Saturday'], 'opens': '11:0', 'closes': '20:30'}]","{'@type': 'PostalAddress', 'addressLocality': 'Logan', 'addressRegion': 'UT', 'postalCode': '84321', 'addressCountry': 'US', 'streetAddress': '756 S Main St'}","{'@type': 'GeoCoordinates', 'latitude': 41.7190203, 'longitude': -111.8349343}",{}
Num Gourmet Desserts,https://www.ubereats.com/salt-lake-city/food-delivery/num-gourmet-desserts/qMgnd65jTP2JCbqtaZluaA,logan-utah,"['Dessert: Other', 'American', 'Pastry']",,,,41.72629,-111.85214,+14354521186,84321,2467 South 1000 West,Nibley,UT,"[{'@type': 'OpeningHoursSpecification', 'dayOfWeek': 'Monday', 'opens': '16:0', 'closes': '20:0'}, {'@type': 'OpeningHoursSpecification', 'dayOfWeek': ['Tuesday', 'Wednesday', 'Thursday', 'Friday', 'Saturday'], 'opens': '10:0', 'closes': '19:0'}]","{'@type': 'PostalAddress', 'addressLocality': 'Nibley', 'addressRegion': 'UT', 'postalCode': '84321', 'addressCountry': 'US', 'streetAddress': '2467 South 1000 West'}","{'@type': 'GeoCoordinates', 'latitude': 41.72629, 'longitude': -111.85214}",{}
Del Taco (464 East 1400 North),https://www.ubereats.com/salt-lake-city/food-delivery/del-taco-464-east-1400-north/1LLHT7DFQPubuco1IjXmcQ,logan-utah,"['Fast Food', 'Mexican', 'Tacos']",,,$,41.7578896,-111.8216351,+14357534444,84321,464 East 1400 North,Logan,UT,"[{'@type': 'OpeningHoursSpecification', 'dayOfWeek': ['Monday', 'Tuesday', 'Wednesday', 'Thursday', 'Friday', 'Saturday', 'Sunday'], 'opens': '0:0', 'closes': '23:59'}]","{'@type': 'PostalAddress', 'addressLocality': 'Logan', 'addressRegion': 'UT', 'postalCode': '84321', 'addressCountry': 'US', 'streetAddress': '464 East 1400 North'}","{'@type': 'GeoCoordinates', 'latitude': 41.7578896, 'longitude': -111.8216351}",{}
Costa Vida  (1309 N Main St),https://www.ubereats.com/salt-lake-city/food-delivery/costa-vida-1309-n-main-st/QM9SNQc1RDabubJdXqEkNQ,logan-utah,"['Mexican', 'Kids Friendly', 'Steak', 'Chicken', 'Snacks', 'Comfort Food']",,,$,41.7560152,-111.8372026,+14357550077,84341,1309 N Main St,Logan,UT,"[{'@type': 'OpeningHoursSpecification', 'dayOfWeek': ['Monday', 'Tuesday', 'Wednesday', 'Thursday', 'Friday', 'Saturday'], 'opens': '11:0', 'closes': '20:30'}]","{'@type': 'PostalAddress', 'addressLocality': 'Logan', 'addressRegion': 'UT', 'postalCode': '84341', 'addressCountry': 'US', 'streetAddress': '1309 N Main St'}","{'@type': 'GeoCoordinates', 'latitude': 41.7560152, 'longitude': -111.8372026}",{}
IHOP (1040 N Main Street),https://www.ubereats.com/salt-lake-city/food-delivery/ihop-1040-n-main-street/AD0kBFjRRounkq0nkBPU6w,logan-utah,"['Breakfast and Brunch', 'American', 'Burgers', 'Sandwich', 'Family Meals']",,,$,41.750683,-111.8339887,+14357524467,84341,1040 N Main Street,Logan,UT,"[{'@type': 'OpeningHoursSpecification', 'dayOfWeek': ['Monday', 'Tuesday', 'Wednesday', 'Thursday', 'Friday', 'Saturday', 'Sunday'], 'opens': '6:0', 'closes': '13:50'}]","{'@type': 'PostalAddress', 'addressLocality': 'Logan', 'addressRegion': 'UT', 'postalCode': '84341', 'addressCountry': 'US', 'streetAddress': '1040 N Main Street'}","{'@type': 'GeoCoordinates', 'latitude': 41.750683, 'longitude': -111.8339887}",{}
McDonald's® (810 N MAIN ST),https://www.ubereats.com/salt-lake-city/food-delivery/mcdonalds-810-n-main-st/liG5RB_uTmOWgU3PPhy2zQ,logan-utah,"['American', 'Burgers', 'Fast Food', 'Fast Food']",4.4,32,$,41.746769,-111.833896,+14357533119,84321,810 N MAIN ST,LOGAN,UT,"[{'@type': 'OpeningHoursSpecification', 'dayOfWeek': 'Sunday', 'opens': '4:0', 'closes': '10:59'}, {'@type': 'OpeningHoursSpecification', 'dayOfWeek': 'Sunday', 'opens': '11:0', 'closes': '16:59'}, {'@type': 'OpeningHoursSpecification', 'dayOfWeek': 'Sunday', 'opens': '17:0', 'closes': '3:59'}, {'@type': 'OpeningHoursSpecification', 'dayOfWeek': ['Monday', 'Tuesday', 'Wednesday', 'Thursday', 'Friday'], 'opens': '4:0', 'closes': '10:29'}, {'@type': 'OpeningHoursSpecification', 'dayOfWeek': ['Monday', 'Tuesday', 'Wednesday', 'Thursday', 'Friday'], 'opens': '10:30', 'closes': '16:59'}, {'@type': 'OpeningHoursSpecification', 'dayOfWeek': ['Monday', 'Tuesday', 'Wednesday', 'Thursday', 'Friday'], 'opens': '17:0', 'closes': '3:59'}, {'@type': 'OpeningHoursSpecification', 'dayOfWeek': 'Saturday', 'opens': '4:0', 'closes': '10:59'}, {'@type': 'OpeningHoursSpecification', 'dayOfWeek': 'Saturday', 'opens': '11:0', 'closes': '16:59'}, {'@type': 'OpeningHoursSpecification', 'dayOfWeek': 'Saturday', 'opens': '17:0', 'closes': '3:59'}]","{'@type': 'PostalAddress', 'addressLocality': 'LOGAN', 'addressRegion': 'UT', 'postalCode': '84321', 'addressCountry': 'US', 'streetAddress': '810 N MAIN ST'}","{'@type': 'GeoCoordinates', 'latitude': 41.746769, 'longitude': -111.833896}","{'@type': 'AggregateRating', 'ratingValue': 4.4, 'reviewCount': '32'}"
Taco Bell (1130 South 100 West),https://www.ubereats.com/salt-lake-city/food-delivery/taco-bell-1130-south-100-west/wrQsyZhVQkCWHA0Enw0hRA,logan-utah,"['Burritos', 'Fast Food', 'Mexican']",,,$,41.7124122,-111.8386233,+14353639241,84321,1130 South 100 West,Logan,UT,"[{'@type': 'OpeningHoursSpecification', 'dayOfWeek': ['Sunday', 'Monday', 'Tuesday', 'Wednesday', 'Thursday'], 'opens': '14:0', 'closes': '17:0'}, {'@type': 'OpeningHoursSpecification', 'dayOfWeek': ['Sunday', 'Monday', 'Tuesday', 'Wednesday', 'Thursday'], 'opens': '7:0', 'closes': '0:30'}, {'@type': 'OpeningHoursSpecification', 'dayOfWeek': ['Sunday', 'Monday', 'Tuesday', 'Wednesday', 'Thursday'], 'opens': '7:0', 'closes': '10:30'}, {'@type': 'OpeningHoursSpecification', 'dayOfWeek': ['Friday', 'Saturday'], 'opens': '14:0', 'closes': '17:0'}, {'@type': 'OpeningHoursSpecification', 'dayOfWeek': ['Friday', 'Saturday'], 'opens': '7:0', 'closes': '10:30'}, {'@type': 'OpeningHoursSpecification', 'dayOfWeek': ['Friday', 'Saturday'], 'opens': '7:0', 'closes': '1:30'}]","{'@type': 'PostalAddress', 'addressLocality': 'Logan', 'addressRegion': 'UT', 'postalCode': '84321', 'addressCountry': 'US', 'streetAddress': '1130 South 100 West'}","{'@type': 'GeoCoordinates', 'latitude': 41.7124122, 'longitude': -111.8386233}",{}
Wendy's  (810 S. Main),https://www.ubereats.com/salt-lake-city/food-delivery/wendys-810-s-main/JzOFm7zvSFOCN3RV5faVYw,logan-utah,"['American', 'Burgers', 'Fast Food']",,,$,41.8199698,-111.8323119,+14355634790,84335,810 S. Main,Smithfield,UT,"[{'@type': 'OpeningHoursSpecification', 'dayOfWeek': 'Sunday', 'opens': '10:30', 'closes': '21:30'}, {'@type': 'OpeningHoursSpecification', 'dayOfWeek': 'Sunday', 'opens': '6:30', 'closes': '10:0'}, {'@type': 'OpeningHoursSpecification', 'dayOfWeek': ['Monday', 'Tuesday', 'Wednesday', 'Thursday'], 'opens': '10:30', 'closes': '22:30'}, {'@type': 'OpeningHoursSpecification', 'dayOfWeek': ['Monday', 'Tuesday', 'Wednesday', 'Thursday'], 'opens': '6:30', 'closes': '10:0'}, {'@type': 'OpeningHoursSpecification', 'dayOfWeek': ['Friday', 'Saturday'], 'opens': '10:30', 'closes': '23:30'}, {'@type': 'OpeningHoursSpecification', 'dayOfWeek': ['Friday', 'Saturday'], 'opens': '6:30', 'closes': '10:0'}]","{'@type': 'PostalAddress', 'addressLocality': 'Smithfield', 'addressRegion': 'UT', 'postalCode': '84335', 'addressCountry': 'US', 'streetAddress': '810 S. Main'}","{'@type': 'GeoCoordinates', 'latitude': 41.8199698, 'longitude': -111.8323119}",{}
Kneaders Bakery & Cafe (Logan),https://www.ubereats.com/salt-lake-city/food-delivery/kneaders-bakery-%26-cafe-logan/ihztRIvJSM2bNW4Iu---7Q,logan-utah,"['American', 'Breakfast and Brunch', 'Desserts']",,,$,41.7628997,-111.8349436,+14352458810,84341,1675 N Main St,Logan,UT,"[{'@type': 'OpeningHoursSpecification', 'dayOfWeek': ['Monday', 'Tuesday', 'Wednesday', 'Thursday', 'Friday', 'Saturday'], 'opens': '7:0', 'closes': '21:0'}, {'@type': 'OpeningHoursSpecification', 'dayOfWeek': ['Monday', 'Tuesday', 'Wednesday', 'Thursday', 'Friday', 'Saturday'], 'opens': '7:0', 'closes': '11:0'}]","{'@type': 'PostalAddress', 'addressLocality': 'Logan', 'addressRegion': 'UT', 'postalCode': '84341', 'addressCountry': 'US', 'streetAddress': '1675 N Main St'}","{'@type': 'GeoCoordinates', 'latitude': 41.7628997, 'longitude': -111.8349436}",{}
"Capriotti's (68 North Highway 165, Ste 120)",https://www.ubereats.com/salt-lake-city/food-delivery/capriottis-68-north-highway-165-ste-120/LNdBEUpoQIyP6ehnHRVoXg,logan-utah,"['American', 'Sandwich', 'Salads']",,,$,41.7091214,-111.8339887,+14357649994,84332,68 N Highway 165,Providence,UT,"[{'@type': 'OpeningHoursSpecification', 'dayOfWeek': 'Sunday', 'opens': '11:30', 'closes': '18:45'}, {'@type': 'OpeningHoursSpecification', 'dayOfWeek': ['Monday', 'Tuesday', 'Wednesday', 'Thursday', 'Friday'], 'opens': '11:0', 'closes': '19:45'}, {'@type': 'OpeningHoursSpecification', 'dayOfWeek': 'Saturday', 'opens': '11:0', 'closes': '19:15'}]","{'@type': 'PostalAddress', 'addressLocality': 'Providence', 'addressRegion': 'UT', 'postalCode': '84332', 'addressCountry': 'US', 'streetAddress': '68 N Highway 165'}","{'@type': 'GeoCoordinates', 'latitude': 41.7091214, 'longitude': -111.8339887}",{}
Panda Express (545 East 1400 North Suite 100),https://www.ubereats.com/salt-lake-city/food-delivery/panda-express-545-east-1400-north-suite-100/7Yx3q0OkTSuwWjmFoDzp3w,logan-utah,"['Chinese', 'Family Meals']",3.6,22,$,41.7577849,-111.8206674,+14357521897,84341,545 East 1400 North Suite 100,Logan,UT,"[{'@type': 'OpeningHoursSpecification', 'dayOfWeek': 'Sunday', 'opens': '11:0', 'closes': '20:30'}, {'@type': 'OpeningHoursSpecification', 'dayOfWeek': ['Monday', 'Tuesday', 'Wednesday', 'Thursday', 'Friday', 'Saturday'], 'opens': '10:0', 'closes': '22:0'}]","{'@type': 'PostalAddress', 'addressLocality': 'Logan', 'addressRegion': 'UT', 'postalCode': '84341', 'addressCountry': 'US', 'streetAddress': '545 East 1400 North Suite 100'}","{'@type': 'GeoCoordinates', 'latitude': 41.7577849, 'longitude': -111.8206674}","{'@type': 'AggregateRating', 'ratingValue': 3.6, 'reviewCount': '22'}"
Starbucks (700 South Main Street - Logan),https://www.ubereats.com/salt-lake-city/food-delivery/starbucks-700-south-main-street-logan/oi39909mTHKbGG2LV_UmYQ,logan-utah,"['Bakery', 'Breakfast and Brunch', 'Cafe', 'Coffee & Tea']",3.6,13,$,41.718567,-111.834927,+14352652194,84321,724 South Main Street,Logan,UT,"[{'@type': 'OpeningHoursSpecification', 'dayOfWeek': 'Sunday', 'opens': '6:0', 'closes': '20:0'}, {'@type': 'OpeningHoursSpecification', 'dayOfWeek': ['Monday', 'Tuesday', 'Wednesday', 'Thursday', 'Friday'], 'opens': '5:0', 'closes': '22:0'}, {'@type': 'OpeningHoursSpecification', 'dayOfWeek': 'Saturday', 'opens': '6:0', 'closes': '22:0'}]","{'@type': 'PostalAddress', 'addressLocality': 'Logan', 'addressRegion': 'UT', 'postalCode': '84321', 'addressCountry': 'US', 'streetAddress': '724 South Main Street'}","{'@type': 'GeoCoordinates', 'latitude': 41.718567, 'longitude': -111.834927}","{'@type': 'AggregateRating', 'ratingValue': 3.6, 'reviewCount': '13'}"
"Starbucks (1600 North & Main, Logan)",https://www.ubereats.com/salt-lake-city/food-delivery/starbucks-1600-north-%26-main-logan/oiSXQ2NTTrm9-jvpjQOmGw,logan-utah,"['Bakery', 'Breakfast and Brunch', 'Cafe', 'Coffee & Tea']",,,$,41.761972,-111.8328231,+14357524657,84341,1620 North Main Street,Logan,UT,"[{'@type': 'OpeningHoursSpecification', 'dayOfWeek': 'Sunday', 'opens': '5:30', 'closes': '22:0'}, {'@type': 'OpeningHoursSpecification', 'dayOfWeek': ['Monday', 'Tuesday', 'Wednesday', 'Thursday', 'Friday'], 'opens': '5:0', 'closes': '22:0'}, {'@type': 'OpeningHoursSpecification', 'dayOfWeek': 'Saturday', 'opens': '5:30', 'closes': '22:0'}]","{'@type': 'PostalAddress', 'addressLocality': 'Logan', 'addressRegion': 'UT', 'postalCode': '84341', 'addressCountry': 'US', 'streetAddress': '1620 North Main Street'}","{'@type': 'GeoCoordinates', 'latitude': 41.761972, 'longitude': -111.8328231}",{}
McDonald's® (1035 S HWY 89),https://www.ubereats.com/salt-lake-city/food-delivery/mcdonalds-1035-s-hwy-89/rY_gEAUZSx-y0TdybGN9qg,logan-utah,"['American', 'Burgers', 'Fast Food', 'Fast Food']",,,$,41.713187,-111.839299,+14357558060,84321,1035 S HWY 89,LOGAN,UT,"[{'@type': 'OpeningHoursSpecification', 'dayOfWeek': 'Sunday', 'opens': '5:0', 'closes': '10:59'}, {'@type': 'OpeningHoursSpecification', 'dayOfWeek': 'Sunday', 'opens': '11:0', 'closes': '16:59'}, {'@type': 'OpeningHoursSpecification', 'dayOfWeek': 'Sunday', 'opens': '17:0', 'closes': '22:45'}, {'@type': 'OpeningHoursSpecification', 'dayOfWeek': ['Monday', 'Tuesday', 'Wednesday', 'Thursday'], 'opens': '5:0', 'closes': '10:29'}, {'@type': 'OpeningHoursSpecification', 'dayOfWeek': ['Monday', 'Tuesday', 'Wednesday', 'Thursday'], 'opens': '10:30', 'closes': '16:59'}, {'@type': 'OpeningHoursSpecification', 'dayOfWeek': ['Monday', 'Tuesday', 'Wednesday', 'Thursday'], 'opens': '17:0', 'closes': '22:45'}, {'@type': 'OpeningHoursSpecification', 'dayOfWeek': 'Friday', 'opens': '5:0', 'closes': '10:29'}, {'@type': 'OpeningHoursSpecification', 'dayOfWeek': 'Friday', 'opens': '10:30', 'closes': '16:59'}, {'@type': 'OpeningHoursSpecification', 'dayOfWeek': 'Friday', 'opens': '17:0', 'closes': '23:44'}, {'@type': 'OpeningHoursSpecification', 'dayOfWeek': 'Saturday', 'opens': '5:0', 'closes': '10:59'}, {'@type': 'OpeningHoursSpecification', 'dayOfWeek': 'Saturday', 'opens': '11:0', 'closes': '16:59'}, {'@type': 'OpeningHoursSpecification', 'dayOfWeek': 'Saturday', 'opens': '17:0', 'closes': '23:44'}]","{'@type': 'PostalAddress', 'addressLocality': 'LOGAN', 'addressRegion': 'UT', 'postalCode': '84321', 'addressCountry': 'US', 'streetAddress': '1035 S HWY 89'}","{'@type': 'GeoCoordinates', 'latitude': 41.713187, 'longitude': -111.839299}",{}
Cafe Sabor (Logan),https://www.ubereats.com/salt-lake-city/food-delivery/cafe-sabor-logan/75rx7XXwSnu3q8fVQQ1NWg,logan-utah,"['Latin American', 'Mexican', 'Vegetarian']",,,$,41.7316139,-111.8500116,+14357528088,84321,600 W Center St,Logan,UT,"[{'@type': 'OpeningHoursSpecification', 'dayOfWeek': ['Monday', 'Tuesday', 'Wednesday'], 'opens': '11:0', 'closes': '20:30'}, {'@type': 'OpeningHoursSpecification', 'dayOfWeek': ['Thursday', 'Friday', 'Saturday'], 'opens': '11:0', 'closes': '21:0'}]","{'@type': 'PostalAddress', 'addressLocality': 'Logan', 'addressRegion': 'UT', 'postalCode': '84321', 'addressCountry': 'US', 'streetAddress': '600 W Center St'}","{'@type': 'GeoCoordinates', 'latitude': 41.7316139, 'longitude': -111.8500116}",{}
Taco Bell (1500 N Main St),https://www.ubereats.com/salt-lake-city/food-delivery/taco-bell-1500-n-main-st/hmIUqRfkR46bVfjLQ1fAuQ,logan-utah,"['Burritos', 'Fast Food', 'Mexican']",3.9,13,$,41.7600069,-111.8338257,+14357525856,84321,1500 N Main St,Logan,UT,"[{'@type': 'OpeningHoursSpecification', 'dayOfWeek': ['Sunday', 'Monday', 'Tuesday', 'Wednesday', 'Thursday'], 'opens': '14:0', 'closes': '17:0'}, {'@type': 'OpeningHoursSpecification', 'dayOfWeek': ['Sunday', 'Monday', 'Tuesday', 'Wednesday', 'Thursday'], 'opens': '7:0', 'closes': '0:30'}, {'@type': 'OpeningHoursSpecification', 'dayOfWeek': ['Sunday', 'Monday', 'Tuesday', 'Wednesday', 'Thursday'], 'opens': '7:0', 'closes': '10:30'}, {'@type': 'OpeningHoursSpecification', 'dayOfWeek': ['Friday', 'Saturday'], 'opens': '14:0', 'closes': '17:0'}, {'@type': 'OpeningHoursSpecification', 'dayOfWeek': ['Friday', 'Saturday'], 'opens': '7:0', 'closes': '10:30'}, {'@type': 'OpeningHoursSpecification', 'dayOfWeek': ['Friday', 'Saturday'], 'opens': '7:0', 'closes': '1:30'}]","{'@type': 'PostalAddress', 'addressLocality': 'Logan', 'addressRegion': 'UT', 'postalCode': '84321', 'addressCountry': 'US', 'streetAddress': '1500 N Main St'}","{'@type': 'GeoCoordinates', 'latitude': 41.7600069, 'longitude': -111.8338257}","{'@type': 'AggregateRating', 'ratingValue': 3.9, 'reviewCount': '13'}"
