name,url,city,cuisine,avgRating,numReviews,priceRange,latitude,longitude,telephone,postalCode,streetAddress,addressLocality,addressRegion,openingHoursSpecification,addressString,geoString,ratingString
Tokyo Joe's (15 Ken Pratt Blvd #180),https://www.ubereats.com/denver/food-delivery/tokyo-joes-15-ken-pratt-blvd-%23180/kYbL1ZvpRSqiA0VurBmtUg,longmont-colorado,"['Asian', 'Sushi', 'Healthy']",4.8,18,$,40.1519236,-105.0937835,+17206844159,80501,15 Ken Pratt Blvd #180,Longmont,CO,"[{'@type': 'OpeningHoursSpecification', 'dayOfWeek': ['Monday', 'Tuesday', 'Wednesday', 'Thursday', 'Friday', 'Saturday', 'Sunday'], 'opens': '11:0', 'closes': '20:40'}]","{'@type': 'PostalAddress', 'addressLocality': 'Longmont', 'addressRegion': 'CO', 'postalCode': '80501', 'addressCountry': 'US', 'streetAddress': '15 Ken Pratt Blvd #180'}","{'@type': 'GeoCoordinates', 'latitude': 40.1519236, 'longitude': -105.0937835}","{'@type': 'AggregateRating', 'ratingValue': 4.8, 'reviewCount': '18'}"
The Sand Wedge Bar & Grill,https://www.ubereats.com/denver/food-delivery/the-sand-wedge-bar-%26-grill/3QFWEFGBQXmEAUcvSOPePw,longmont-colorado,"['Sandwiches', 'American', 'Healthy']",,,$,40.13582849999999,-105.1457917,+13038195959,80503,1903 Clover Creek Dr,Longmont,CO,"[{'@type': 'OpeningHoursSpecification', 'dayOfWeek': ['Monday', 'Tuesday', 'Wednesday', 'Thursday', 'Friday'], 'opens': '11:0', 'closes': '19:0'}]","{'@type': 'PostalAddress', 'addressLocality': 'Longmont', 'addressRegion': 'CO', 'postalCode': '80503', 'addressCountry': 'US', 'streetAddress': '1903 Clover Creek Dr'}","{'@type': 'GeoCoordinates', 'latitude': 40.13582849999999, 'longitude': -105.1457917}",{}
Marco’s Pizza (1230 S. Hover St),https://www.ubereats.com/denver/food-delivery/marcos-pizza-1230-s-hover-st/Gq6qWyCoRHWkTqI7mMkP-w,longmont-colorado,"['Chicken', 'Salads', 'Sandwich']",4.9,15,$$,40.1479309,-105.1273117,+17207594900,80501,1230 S. Hover St,Longmont,CO,"[{'@type': 'OpeningHoursSpecification', 'dayOfWeek': ['Sunday', 'Monday', 'Tuesday', 'Wednesday', 'Thursday'], 'opens': '10:30', 'closes': '23:0'}, {'@type': 'OpeningHoursSpecification', 'dayOfWeek': ['Friday', 'Saturday'], 'opens': '10:30', 'closes': '23:59'}]","{'@type': 'PostalAddress', 'addressLocality': 'Longmont', 'addressRegion': 'CO', 'postalCode': '80501', 'addressCountry': 'US', 'streetAddress': '1230 S. Hover St'}","{'@type': 'GeoCoordinates', 'latitude': 40.1479309, 'longitude': -105.1273117}","{'@type': 'AggregateRating', 'ratingValue': 4.9, 'reviewCount': '15'}"
A&W Restaurant (2604 Main St),https://www.ubereats.com/denver/food-delivery/a%26w-restaurant-2604-main-st/B7mAvFyTTkeX_sMaRRIQlQ,longmont-colorado,"['Burgers', 'American', 'Sandwiches']",,,$,40.2050886,-105.1017317,+13037766560,80504,2604 Main St,Longmont,CO,"[{'@type': 'OpeningHoursSpecification', 'dayOfWeek': ['Monday', 'Tuesday', 'Wednesday', 'Thursday', 'Friday', 'Saturday', 'Sunday'], 'opens': '10:0', 'closes': '22:0'}]","{'@type': 'PostalAddress', 'addressLocality': 'Longmont', 'addressRegion': 'CO', 'postalCode': '80504', 'addressCountry': 'US', 'streetAddress': '2604 Main St'}","{'@type': 'GeoCoordinates', 'latitude': 40.2050886, 'longitude': -105.1017317}",{}
MAD Greens (Hover & 119),https://www.ubereats.com/denver/food-delivery/mad-greens-hover-%26-119/t1fbaL99Rp2b-zfNXZc-Dw,longmont-colorado,"['Healthy', 'Vegetarian', 'Salads', 'American', 'Fast Food']",,,$,40.14325480000001,-105.1314461,+13037024440,80503,2341 Clover Basin Dr,Longmont,CO,"[{'@type': 'OpeningHoursSpecification', 'dayOfWeek': ['Monday', 'Tuesday', 'Wednesday', 'Thursday', 'Friday', 'Saturday', 'Sunday'], 'opens': '10:30', 'closes': '20:30'}]","{'@type': 'PostalAddress', 'addressLocality': 'Longmont', 'addressRegion': 'CO', 'postalCode': '80503', 'addressCountry': 'US', 'streetAddress': '2341 Clover Basin Dr'}","{'@type': 'GeoCoordinates', 'latitude': 40.14325480000001, 'longitude': -105.1314461}",{}
Subway (1801 N Hover Rd),https://www.ubereats.com/denver/food-delivery/subway-1801-n-hover-rd/qWQMZZAITie2bL5F-bUMRQ,longmont-colorado,"['Fast Food', 'Sandwich', 'American']",,,$,40.1873169,-105.13040919999999,+13036512227,,,,,"[{'@type': 'OpeningHoursSpecification', 'dayOfWeek': ['Monday', 'Tuesday', 'Wednesday', 'Thursday', 'Friday', 'Saturday', 'Sunday'], 'opens': '11:0', 'closes': '20:30'}]",,"{'@type': 'GeoCoordinates', 'latitude': 40.1873169, 'longitude': -105.13040919999999}",{}
Subway (700 Ken Pratt Blvd),https://www.ubereats.com/denver/food-delivery/subway-700-ken-pratt-blvd/5EZSQOUURJCyPmW8PvL5iw,longmont-colorado,"['Fast Food', 'Sandwich', 'American']",,,$,40.1540671,-105.1060821,+13037763011,80501,700 Ken Pratt Blvd,Longmont,CO,"[{'@type': 'OpeningHoursSpecification', 'dayOfWeek': 'Sunday', 'opens': '9:0', 'closes': '21:0'}, {'@type': 'OpeningHoursSpecification', 'dayOfWeek': ['Monday', 'Tuesday', 'Wednesday', 'Thursday', 'Friday'], 'opens': '7:0', 'closes': '22:0'}, {'@type': 'OpeningHoursSpecification', 'dayOfWeek': 'Saturday', 'opens': '8:0', 'closes': '21:0'}]","{'@type': 'PostalAddress', 'addressLocality': 'Longmont', 'addressRegion': 'CO', 'postalCode': '80501', 'addressCountry': 'US', 'streetAddress': '700 Ken Pratt Blvd'}","{'@type': 'GeoCoordinates', 'latitude': 40.1540671, 'longitude': -105.1060821}",{}
Twisted Roots Yogurt (Main St),https://www.ubereats.com/denver/food-delivery/twisted-roots-yogurt-main-st/J_08BGQ5QDGE7MNwOqwQQw,longmont-colorado,"['Ice Cream & Frozen Yogurt', 'Comfort Food', 'Desserts']",,,$,40.1905124,-105.1028272,+13039235513,80501,1749 N Main St,Longmont,CO,"[{'@type': 'OpeningHoursSpecification', 'dayOfWeek': ['Monday', 'Tuesday', 'Wednesday', 'Thursday', 'Friday', 'Saturday', 'Sunday'], 'opens': '12:0', 'closes': '15:30'}, {'@type': 'OpeningHoursSpecification', 'dayOfWeek': ['Monday', 'Tuesday', 'Wednesday', 'Thursday', 'Friday', 'Saturday', 'Sunday'], 'opens': '15:30', 'closes': '20:30'}]","{'@type': 'PostalAddress', 'addressLocality': 'Longmont', 'addressRegion': 'CO', 'postalCode': '80501', 'addressCountry': 'US', 'streetAddress': '1749 N Main St'}","{'@type': 'GeoCoordinates', 'latitude': 40.1905124, 'longitude': -105.1028272}",{}
Subway (1635 Pace St),https://www.ubereats.com/denver/food-delivery/subway-1635-pace-st/PA8X3c8UROS1nENYPk9DMQ,longmont-colorado,"['Fast Food', 'Sandwich', 'American']",,,$,40.188812,-105.07366200000001,+13037769995,,,,,"[{'@type': 'OpeningHoursSpecification', 'dayOfWeek': ['Monday', 'Tuesday', 'Wednesday', 'Thursday', 'Friday', 'Saturday', 'Sunday'], 'opens': '11:0', 'closes': '20:30'}]",,"{'@type': 'GeoCoordinates', 'latitude': 40.188812, 'longitude': -105.07366200000001}",{}
First Watch (Longmont),https://www.ubereats.com/denver/food-delivery/first-watch-longmont/S95pAi7-S6ilxqRgF1Y3Zw,longmont-colorado,"['American', 'Breakfast and Brunch', 'Juice and Smoothies', 'Healthy']",,,$$,40.1432804,-105.1275858,+13034859477,80501,2055 Ken Pratt Blvd.,Longmont,CO,"[{'@type': 'OpeningHoursSpecification', 'dayOfWeek': ['Monday', 'Tuesday', 'Wednesday', 'Thursday', 'Friday', 'Saturday', 'Sunday'], 'opens': '7:0', 'closes': '14:15'}]","{'@type': 'PostalAddress', 'addressLocality': 'Longmont', 'addressRegion': 'CO', 'postalCode': '80501', 'addressCountry': 'US', 'streetAddress': '2055 Ken Pratt Blvd.'}","{'@type': 'GeoCoordinates', 'latitude': 40.1432804, 'longitude': -105.1275858}",{}
Popeyes Louisiana Kitchen (2120 Main ST.),https://www.ubereats.com/denver/food-delivery/popeyes-louisiana-kitchen-2120-main-st/AD0exBkCT62KstvKkbWG1w,longmont-colorado,"['American', 'Fast Food', 'Comfort Food', 'Family Meals']",4.5,38,$,40.1967171,-105.1020051,+15638885989,80501,2120 Main ST.,Longmont,CO,"[{'@type': 'OpeningHoursSpecification', 'dayOfWeek': ['Sunday', 'Monday', 'Tuesday', 'Wednesday', 'Thursday'], 'opens': '10:30', 'closes': '21:30'}, {'@type': 'OpeningHoursSpecification', 'dayOfWeek': ['Friday', 'Saturday'], 'opens': '10:30', 'closes': '22:30'}]","{'@type': 'PostalAddress', 'addressLocality': 'Longmont', 'addressRegion': 'CO', 'postalCode': '80501', 'addressCountry': 'US', 'streetAddress': '2120 Main ST.'}","{'@type': 'GeoCoordinates', 'latitude': 40.1967171, 'longitude': -105.1020051}","{'@type': 'AggregateRating', 'ratingValue': 4.5, 'reviewCount': '38'}"
Firehouse Subs (2343 Clover Basin Dr),https://www.ubereats.com/denver/food-delivery/firehouse-subs-2343-clover-basin-dr/TY3JYVBdQpmxVEgRm5WHHQ,longmont-colorado,"['Sandwich', 'Deli']",,,$,40.1431394,-105.1313991,+13036510559,80503,2343 Clover Basin Dr,Longmont,CO,"[{'@type': 'OpeningHoursSpecification', 'dayOfWeek': ['Monday', 'Tuesday', 'Wednesday', 'Thursday', 'Friday', 'Saturday', 'Sunday'], 'opens': '10:30', 'closes': '21:0'}]","{'@type': 'PostalAddress', 'addressLocality': 'Longmont', 'addressRegion': 'CO', 'postalCode': '80503', 'addressCountry': 'US', 'streetAddress': '2343 Clover Basin Dr'}","{'@type': 'GeoCoordinates', 'latitude': 40.1431394, 'longitude': -105.1313991}",{}
Outback Steakhouse (1315 Dry Creek Drive),https://www.ubereats.com/denver/food-delivery/outback-steakhouse-1315-dry-creek-drive/84XWGBt6StGw-AE1GynQcg,longmont-colorado,['American'],4.5,30,$$,40.1431666,-105.1348953,+13036848149,80503,1315 Dry Creek Drive,Longmont,CO,"[{'@type': 'OpeningHoursSpecification', 'dayOfWeek': 'Sunday', 'opens': '11:30', 'closes': '19:30'}, {'@type': 'OpeningHoursSpecification', 'dayOfWeek': ['Monday', 'Tuesday', 'Wednesday', 'Thursday', 'Friday'], 'opens': '16:0', 'closes': '20:30'}, {'@type': 'OpeningHoursSpecification', 'dayOfWeek': 'Saturday', 'opens': '11:30', 'closes': '20:30'}]","{'@type': 'PostalAddress', 'addressLocality': 'Longmont', 'addressRegion': 'CO', 'postalCode': '80503', 'addressCountry': 'US', 'streetAddress': '1315 Dry Creek Drive'}","{'@type': 'GeoCoordinates', 'latitude': 40.1431666, 'longitude': -105.1348953}","{'@type': 'AggregateRating', 'ratingValue': 4.5, 'reviewCount': '30'}"
Big Daddy Bagels (Longmont),https://www.ubereats.com/denver/food-delivery/big-daddy-bagels-longmont/Mhsdz6YgTLys7VmitMv5ig,longmont-colorado,"['Breakfast and Brunch', 'Sandwich', 'American', 'Healthy']",,,$,40.1355777,-105.1031926,+13038348237,80504,1940 Ionosphere St,Longmont,CO,"[{'@type': 'OpeningHoursSpecification', 'dayOfWeek': 'Sunday', 'opens': '7:0', 'closes': '15:0'}, {'@type': 'OpeningHoursSpecification', 'dayOfWeek': ['Monday', 'Tuesday', 'Wednesday', 'Thursday', 'Friday'], 'opens': '6:0', 'closes': '15:0'}, {'@type': 'OpeningHoursSpecification', 'dayOfWeek': 'Saturday', 'opens': '6:30', 'closes': '15:0'}]","{'@type': 'PostalAddress', 'addressLocality': 'Longmont', 'addressRegion': 'CO', 'postalCode': '80504', 'addressCountry': 'US', 'streetAddress': '1940 Ionosphere St'}","{'@type': 'GeoCoordinates', 'latitude': 40.1355777, 'longitude': -105.1031926}",{}
Little Caesars Pizza (1020 Ken Pratt Blvd Unit C),https://www.ubereats.com/denver/food-delivery/little-caesars-pizza-1020-ken-pratt-blvd-unit-c/5Z8ihQekQF6jg2BkXONlQw,longmont-colorado,"['Wings', 'Pizza']",,,$$,40.1536013,-105.1102727,+13036785454,80501,1020 Ken Pratt Blvd,Longmont,CO,"[{'@type': 'OpeningHoursSpecification', 'dayOfWeek': ['Monday', 'Tuesday', 'Wednesday', 'Thursday', 'Friday', 'Saturday', 'Sunday'], 'opens': '11:0', 'closes': '20:30'}]","{'@type': 'PostalAddress', 'addressLocality': 'Longmont', 'addressRegion': 'CO', 'postalCode': '80501', 'addressCountry': 'US', 'streetAddress': '1020 Ken Pratt Blvd'}","{'@type': 'GeoCoordinates', 'latitude': 40.1536013, 'longitude': -105.1102727}",{}
"Noodles & Company (1087 S Hover St, Unit D)",https://www.ubereats.com/denver/food-delivery/noodles-%26-company-1087-s-hover-st-unit-d/qQGU3q98SxCEjwXfS7c9oQ,longmont-colorado,"['American', 'Italian', 'Comfort Food', 'Healthy', 'Pasta', 'Chinese', 'Noodles', 'Family Meals']",4.6,18,$,40.1471924,-105.1319152,+13037765664,80501,1087 S Hover St,Longmont,CO,"[{'@type': 'OpeningHoursSpecification', 'dayOfWeek': ['Sunday', 'Monday', 'Tuesday', 'Wednesday'], 'opens': '11:0', 'closes': '20:45'}, {'@type': 'OpeningHoursSpecification', 'dayOfWeek': ['Thursday', 'Friday', 'Saturday'], 'opens': '11:0', 'closes': '21:45'}]","{'@type': 'PostalAddress', 'addressLocality': 'Longmont', 'addressRegion': 'CO', 'postalCode': '80501', 'addressCountry': 'US', 'streetAddress': '1087 S Hover St'}","{'@type': 'GeoCoordinates', 'latitude': 40.1471924, 'longitude': -105.1319152}","{'@type': 'AggregateRating', 'ratingValue': 4.6, 'reviewCount': '18'}"
KFC (2604 Main Street),https://www.ubereats.com/denver/food-delivery/kfc-2604-main-street/_vpxwcpXRHqPpUcwmg3VXg,longmont-colorado,"['American', 'Fast Food', 'wings']",4.4,19,$,40.2050886,-105.1017317,+12813763105,80504,2604 Main Street,Longmont,CO,"[{'@type': 'OpeningHoursSpecification', 'dayOfWeek': ['Monday', 'Tuesday', 'Wednesday', 'Thursday', 'Friday', 'Saturday', 'Sunday'], 'opens': '10:0', 'closes': '21:30'}]","{'@type': 'PostalAddress', 'addressLocality': 'Longmont', 'addressRegion': 'CO', 'postalCode': '80504', 'addressCountry': 'US', 'streetAddress': '2604 Main Street'}","{'@type': 'GeoCoordinates', 'latitude': 40.2050886, 'longitude': -105.1017317}","{'@type': 'AggregateRating', 'ratingValue': 4.4, 'reviewCount': '19'}"
Five Guys CO-0407 1708 Main St,https://www.ubereats.com/denver/food-delivery/five-guys-co-0407-1708-main-st/jnE-aCe1QZGYRbXtXfelUQ,longmont-colorado,"['American', 'Burgers', 'Sandwich']",4.5,53,$,40.1891734,-105.101731,+13034858924,80501,1708 Main Street,Longmont,CO,"[{'@type': 'OpeningHoursSpecification', 'dayOfWeek': ['Monday', 'Tuesday', 'Wednesday', 'Thursday', 'Friday', 'Saturday', 'Sunday'], 'opens': '11:0', 'closes': '21:30'}]","{'@type': 'PostalAddress', 'addressLocality': 'Longmont', 'addressRegion': 'CO', 'postalCode': '80501', 'addressCountry': 'US', 'streetAddress': '1708 Main Street'}","{'@type': 'GeoCoordinates', 'latitude': 40.1891734, 'longitude': -105.101731}","{'@type': 'AggregateRating', 'ratingValue': 4.5, 'reviewCount': '53'}"
Garbanzo Mediterranean Fresh (Longmont),https://www.ubereats.com/denver/food-delivery/garbanzo-mediterranean-fresh-longmont/XSqhL4V8RF-2FHXuX14reQ,longmont-colorado,"['Mediterranean', 'Greek', 'Vegetarian']",,,$,40.1473207,-105.1289563,+17204531228,80501,1232 South Hover Street,Longmont,CO,"[{'@type': 'OpeningHoursSpecification', 'dayOfWeek': ['Monday', 'Tuesday', 'Wednesday', 'Thursday', 'Friday', 'Saturday', 'Sunday'], 'opens': '11:0', 'closes': '19:45'}]","{'@type': 'PostalAddress', 'addressLocality': 'Longmont', 'addressRegion': 'CO', 'postalCode': '80501', 'addressCountry': 'US', 'streetAddress': '1232 South Hover Street'}","{'@type': 'GeoCoordinates', 'latitude': 40.1473207, 'longitude': -105.1289563}",{}
Inta Juice,https://www.ubereats.com/denver/food-delivery/inta-juice/_YTnQF7LT9-ZtiCgID1EVQ,longmont-colorado,"['Juice and Smoothies', 'Breakfast and Brunch', 'Vegetarian']",,,$,40.1481198,-105.131469,+13037740094,80501,1067 S Hover St,Longmont,CO,"[{'@type': 'OpeningHoursSpecification', 'dayOfWeek': ['Monday', 'Tuesday', 'Wednesday', 'Thursday', 'Friday'], 'opens': '8:0', 'closes': '18:0'}]","{'@type': 'PostalAddress', 'addressLocality': 'Longmont', 'addressRegion': 'CO', 'postalCode': '80501', 'addressCountry': 'US', 'streetAddress': '1067 S Hover St'}","{'@type': 'GeoCoordinates', 'latitude': 40.1481198, 'longitude': -105.131469}",{}
"Smashburger (965 S. Hover St., A-1)",https://www.ubereats.com/denver/food-delivery/smashburger-965-s-hover-st-a-1/mmZwSB7xSeyQoqsR0RiVQA,longmont-colorado,"['American', 'Burgers']",4.4,13,$$,40.1513564,-105.1314215,+13034857412,80501,965 S. Hover St. A-1,Longmont,CO,"[{'@type': 'OpeningHoursSpecification', 'dayOfWeek': ['Sunday', 'Monday', 'Tuesday', 'Wednesday', 'Thursday'], 'opens': '11:0', 'closes': '19:30'}, {'@type': 'OpeningHoursSpecification', 'dayOfWeek': ['Friday', 'Saturday'], 'opens': '10:30', 'closes': '20:15'}]","{'@type': 'PostalAddress', 'addressLocality': 'Longmont', 'addressRegion': 'CO', 'postalCode': '80501', 'addressCountry': 'US', 'streetAddress': '965 S. Hover St. A-1'}","{'@type': 'GeoCoordinates', 'latitude': 40.1513564, 'longitude': -105.1314215}","{'@type': 'AggregateRating', 'ratingValue': 4.4, 'reviewCount': '13'}"
Old World Pizzeria (Frontage Rd),https://www.ubereats.com/denver/food-delivery/old-world-pizzeria-frontage-rd/Qd6upbobRpitQNaHZztqYw,longmont-colorado,"['Pizza', 'Pasta', 'Italian', 'American', 'Kids Friendly']",,,$,40.1514798,-105.1194544,+13036781014,80501,613 Frontage Road,Longmont,CO,"[{'@type': 'OpeningHoursSpecification', 'dayOfWeek': ['Monday', 'Tuesday', 'Wednesday', 'Thursday', 'Friday'], 'opens': '11:0', 'closes': '20:0'}, {'@type': 'OpeningHoursSpecification', 'dayOfWeek': 'Saturday', 'opens': '11:0', 'closes': '20:30'}]","{'@type': 'PostalAddress', 'addressLocality': 'Longmont', 'addressRegion': 'CO', 'postalCode': '80501', 'addressCountry': 'US', 'streetAddress': '613 Frontage Road'}","{'@type': 'GeoCoordinates', 'latitude': 40.1514798, 'longitude': -105.1194544}",{}
Smokin Bowls Restaurant,https://www.ubereats.com/denver/food-delivery/smokin-bowls-restaurant/yWgnyszMQKOb32DWMS7fww,longmont-colorado,"['Kids Friendly', 'Healthy', 'Salads']",,,$,40.1667269,-105.1028841,+17208152875,80501,449 Main St,Longmont,CO,"[{'@type': 'OpeningHoursSpecification', 'dayOfWeek': ['Tuesday', 'Wednesday', 'Thursday', 'Friday', 'Saturday'], 'opens': '11:0', 'closes': '20:0'}]","{'@type': 'PostalAddress', 'addressLocality': 'Longmont', 'addressRegion': 'CO', 'postalCode': '80501', 'addressCountry': 'US', 'streetAddress': '449 Main St'}","{'@type': 'GeoCoordinates', 'latitude': 40.1667269, 'longitude': -105.1028841}",{}
Chipotle Mexican Grill (1708  Main Street),https://www.ubereats.com/denver/food-delivery/chipotle-mexican-grill-1708-main-street/TnpBBoWXSqG4rLHYg4YsEQ,longmont-colorado,"['Healthy', 'Mexican']",4.5,47,$,40.18917340000001,-105.101731,+13034856369,80501,1708  Main Street,Longmont,CO,"[{'@type': 'OpeningHoursSpecification', 'dayOfWeek': ['Monday', 'Tuesday', 'Wednesday', 'Thursday', 'Friday', 'Saturday', 'Sunday'], 'opens': '10:45', 'closes': '21:40'}]","{'@type': 'PostalAddress', 'addressLocality': 'Longmont', 'addressRegion': 'CO', 'postalCode': '80501', 'addressCountry': 'US', 'streetAddress': '1708  Main Street'}","{'@type': 'GeoCoordinates', 'latitude': 40.18917340000001, 'longitude': -105.101731}","{'@type': 'AggregateRating', 'ratingValue': 4.5, 'reviewCount': '47'}"
Red Lobster (2177 Ken Pratt Blvd.),https://www.ubereats.com/denver/food-delivery/red-lobster-2177-ken-pratt-blvd/vmw6deXvRlOYSc3xKdoCxg,longmont-colorado,"['Seafood', 'American', 'Family Meals']",4.6,14,$$,40.14236959999999,-105.1291391,+13034859898,80501,2177 Ken Pratt Blvd.,Longmont,CO,"[{'@type': 'OpeningHoursSpecification', 'dayOfWeek': ['Sunday', 'Monday', 'Tuesday', 'Wednesday', 'Thursday'], 'opens': '11:30', 'closes': '20:0'}, {'@type': 'OpeningHoursSpecification', 'dayOfWeek': ['Friday', 'Saturday'], 'opens': '11:30', 'closes': '21:0'}]","{'@type': 'PostalAddress', 'addressLocality': 'Longmont', 'addressRegion': 'CO', 'postalCode': '80501', 'addressCountry': 'US', 'streetAddress': '2177 Ken Pratt Blvd.'}","{'@type': 'GeoCoordinates', 'latitude': 40.14236959999999, 'longitude': -105.1291391}","{'@type': 'AggregateRating', 'ratingValue': 4.6, 'reviewCount': '14'}"
Taco Bell (33 E. Ken Pratt Blvd.),https://www.ubereats.com/denver/food-delivery/taco-bell-33-e-ken-pratt-blvd/NmvhuJE3RKuoYzMEj_GJ9Q,longmont-colorado,"['Burritos', 'Fast Food', 'Mexican']",4.3,37,$,40.1531692,-105.0922078,+13037760376,80504,33 E. Ken Pratt Blvd.,Longmont,CO,"[{'@type': 'OpeningHoursSpecification', 'dayOfWeek': ['Monday', 'Tuesday', 'Wednesday', 'Thursday', 'Friday', 'Saturday', 'Sunday'], 'opens': '14:0', 'closes': '17:0'}, {'@type': 'OpeningHoursSpecification', 'dayOfWeek': ['Monday', 'Tuesday', 'Wednesday', 'Thursday', 'Friday', 'Saturday', 'Sunday'], 'opens': '7:0', 'closes': '23:30'}, {'@type': 'OpeningHoursSpecification', 'dayOfWeek': ['Monday', 'Tuesday', 'Wednesday', 'Thursday', 'Friday', 'Saturday', 'Sunday'], 'opens': '7:0', 'closes': '10:30'}]","{'@type': 'PostalAddress', 'addressLocality': 'Longmont', 'addressRegion': 'CO', 'postalCode': '80504', 'addressCountry': 'US', 'streetAddress': '33 E. Ken Pratt Blvd.'}","{'@type': 'GeoCoordinates', 'latitude': 40.1531692, 'longitude': -105.0922078}","{'@type': 'AggregateRating', 'ratingValue': 4.3, 'reviewCount': '37'}"
Smashburger (965 S Hover St),https://www.ubereats.com/denver/food-delivery/smashburger-965-s-hover-st/j6r7UsRBQumbJggH2dBHLg,longmont-colorado,['American'],,,$,40.15124759999999,-105.131469,+13034857412,80501,965 Hover St,Longmont,CO,"[{'@type': 'OpeningHoursSpecification', 'dayOfWeek': ['Sunday', 'Monday', 'Tuesday', 'Wednesday', 'Thursday'], 'opens': '10:0', 'closes': '20:30'}, {'@type': 'OpeningHoursSpecification', 'dayOfWeek': ['Friday', 'Saturday'], 'opens': '10:0', 'closes': '21:30'}]","{'@type': 'PostalAddress', 'addressLocality': 'Longmont', 'addressRegion': 'CO', 'postalCode': '80501', 'addressCountry': 'US', 'streetAddress': '965 Hover St'}","{'@type': 'GeoCoordinates', 'latitude': 40.15124759999999, 'longitude': -105.131469}",{}
Subway (1630 North Main St),https://www.ubereats.com/denver/food-delivery/subway-1630-north-main-st/jQLjRVPrQhWEAGriBhyz7w,longmont-colorado,"['Fast Food', 'Sandwich', 'American']",,,$,40.18733220000001,-105.10162350000002,+13037763023,,,,,"[{'@type': 'OpeningHoursSpecification', 'dayOfWeek': ['Monday', 'Tuesday', 'Wednesday', 'Thursday', 'Friday', 'Saturday', 'Sunday'], 'opens': '10:0', 'closes': '20:30'}]",,"{'@type': 'GeoCoordinates', 'latitude': 40.18733220000001, 'longitude': -105.10162350000002}",{}
Proto's Pizza,https://www.ubereats.com/denver/food-delivery/protos-pizza/QvtowX7kQ2GGLa_0WDvUtQ,longmont-colorado,"['Pizza', 'American', 'Italian']",,,$,40.15183019999999,-105.1533354,+13034855000,80503,600 S Airport Rd,Longmont,CO,"[{'@type': 'OpeningHoursSpecification', 'dayOfWeek': 'Monday', 'opens': '2:0', 'closes': '2:1'}]","{'@type': 'PostalAddress', 'addressLocality': 'Longmont', 'addressRegion': 'CO', 'postalCode': '80503', 'addressCountry': 'US', 'streetAddress': '600 S Airport Rd'}","{'@type': 'GeoCoordinates', 'latitude': 40.15183019999999, 'longitude': -105.1533354}",{}
The Garden Gate Cafe (longmont),https://www.ubereats.com/denver/food-delivery/the-garden-gate-cafe-longmont/kAROlHr5R8qo9ZMW69sszg,longmont-colorado,"['Breakfast and Brunch', 'American', 'Sandwiches']",,,$,40.17898580000001,-105.1170561,+13036528595,80501,1135 Francis Street,Longmont,CO,"[{'@type': 'OpeningHoursSpecification', 'dayOfWeek': ['Monday', 'Tuesday', 'Wednesday', 'Thursday', 'Friday', 'Saturday', 'Sunday'], 'opens': '7:0', 'closes': '14:0'}]","{'@type': 'PostalAddress', 'addressLocality': 'Longmont', 'addressRegion': 'CO', 'postalCode': '80501', 'addressCountry': 'US', 'streetAddress': '1135 Francis Street'}","{'@type': 'GeoCoordinates', 'latitude': 40.17898580000001, 'longitude': -105.1170561}",{}
In an American Van,https://www.ubereats.com/denver/food-delivery/in-an-american-van/hLQD18VSQymj8r1SXVqQyg,longmont-colorado,"['Burgers', 'American', 'Sandwiches']",,,$,40.16322149999999,-105.0886453,+13035494632,80501,148 East Rogers Road,Longmont,CO,"[{'@type': 'OpeningHoursSpecification', 'dayOfWeek': 'Sunday', 'opens': '10:30', 'closes': '15:0'}, {'@type': 'OpeningHoursSpecification', 'dayOfWeek': 'Wednesday', 'opens': '17:0', 'closes': '22:30'}, {'@type': 'OpeningHoursSpecification', 'dayOfWeek': 'Thursday', 'opens': '10:30', 'closes': '14:30'}, {'@type': 'OpeningHoursSpecification', 'dayOfWeek': 'Friday', 'opens': '17:0', 'closes': '23:0'}, {'@type': 'OpeningHoursSpecification', 'dayOfWeek': 'Saturday', 'opens': '15:0', 'closes': '23:0'}]","{'@type': 'PostalAddress', 'addressLocality': 'Longmont', 'addressRegion': 'CO', 'postalCode': '80501', 'addressCountry': 'US', 'streetAddress': '148 East Rogers Road'}","{'@type': 'GeoCoordinates', 'latitude': 40.16322149999999, 'longitude': -105.0886453}",{}
Jersey Mike's Subs (1232 S Hover Rd),https://www.ubereats.com/denver/food-delivery/jersey-mikes-subs-1232-s-hover-rd/4LXu-W9xSPuzNMi-NXJC-g,longmont-colorado,"['Sandwich', 'American']",4.7,22,$,40.1473207,-105.1289563,+17205263338,80501,1232 S Hover Rd,Longmont,CO,"[{'@type': 'OpeningHoursSpecification', 'dayOfWeek': ['Monday', 'Tuesday', 'Wednesday', 'Thursday', 'Friday', 'Saturday', 'Sunday'], 'opens': '10:0', 'closes': '20:30'}]","{'@type': 'PostalAddress', 'addressLocality': 'Longmont', 'addressRegion': 'CO', 'postalCode': '80501', 'addressCountry': 'US', 'streetAddress': '1232 S Hover Rd'}","{'@type': 'GeoCoordinates', 'latitude': 40.1473207, 'longitude': -105.1289563}","{'@type': 'AggregateRating', 'ratingValue': 4.7, 'reviewCount': '22'}"
sushi box,https://www.ubereats.com/denver/food-delivery/sushi-box/zFkWI-81TuiXeOXrc7zrdg,longmont-colorado,"['Sushi', 'Asian', 'Japanese']",,,$,40.1917857,-105.1302355,+13037722995,80501,1844 Hover St unit C,Longmont,CO,"[{'@type': 'OpeningHoursSpecification', 'dayOfWeek': ['Monday', 'Tuesday', 'Wednesday', 'Thursday', 'Friday'], 'opens': '11:0', 'closes': '21:0'}, {'@type': 'OpeningHoursSpecification', 'dayOfWeek': ['Monday', 'Tuesday', 'Wednesday', 'Thursday', 'Friday'], 'opens': '11:0', 'closes': '15:0'}, {'@type': 'OpeningHoursSpecification', 'dayOfWeek': 'Saturday', 'opens': '12:0', 'closes': '21:0'}]","{'@type': 'PostalAddress', 'addressLocality': 'Longmont', 'addressRegion': 'CO', 'postalCode': '80501', 'addressCountry': 'US', 'streetAddress': '1844 Hover St unit C'}","{'@type': 'GeoCoordinates', 'latitude': 40.1917857, 'longitude': -105.1302355}",{}
Anthony's Pizza & Pasta (Longmont),https://www.ubereats.com/denver/food-delivery/anthonys-pizza-%26-pasta-longmont/d0UGZKdAQx2BCzEjim2EXA,longmont-colorado,"['Pasta', 'Pizza', 'American', 'Salads', 'Wings', 'Sandwich']",4.5,14,$$,40.143716,-105.1320739,+13034855555,80503,2321 Clover Basin Dr,Longmont,CO,"[{'@type': 'OpeningHoursSpecification', 'dayOfWeek': ['Sunday', 'Monday'], 'opens': '15:0', 'closes': '20:30'}, {'@type': 'OpeningHoursSpecification', 'dayOfWeek': ['Tuesday', 'Wednesday', 'Thursday'], 'opens': '14:0', 'closes': '20:30'}, {'@type': 'OpeningHoursSpecification', 'dayOfWeek': ['Friday', 'Saturday'], 'opens': '12:0', 'closes': '20:30'}]","{'@type': 'PostalAddress', 'addressLocality': 'Longmont', 'addressRegion': 'CO', 'postalCode': '80503', 'addressCountry': 'US', 'streetAddress': '2321 Clover Basin Dr'}","{'@type': 'GeoCoordinates', 'latitude': 40.143716, 'longitude': -105.1320739}","{'@type': 'AggregateRating', 'ratingValue': 4.5, 'reviewCount': '14'}"
Bavarian Bakery,https://www.ubereats.com/denver/food-delivery/bavarian-bakery/vMo_eSjiQEm0vsk1sEM1UQ,longmont-colorado,"['Bakery', 'Pastry', 'Coffee and Tea', 'Rolls']",,,$,40.1514798,-105.1194544,+13036781235,80501,613 Frontage Rd,Longmont,CO,"[{'@type': 'OpeningHoursSpecification', 'dayOfWeek': 'Tuesday', 'opens': '8:0', 'closes': '18:0'}, {'@type': 'OpeningHoursSpecification', 'dayOfWeek': ['Wednesday', 'Thursday', 'Friday', 'Saturday'], 'opens': '8:0', 'closes': '21:0'}]","{'@type': 'PostalAddress', 'addressLocality': 'Longmont', 'addressRegion': 'CO', 'postalCode': '80501', 'addressCountry': 'US', 'streetAddress': '613 Frontage Rd'}","{'@type': 'GeoCoordinates', 'latitude': 40.1514798, 'longitude': -105.1194544}",{}
Parry's Pizzeria & Taphouse (Longmont),https://www.ubereats.com/denver/food-delivery/parrys-pizzeria-%26-taphouse-longmont/GVpP05giRNK5yl9DorF2zQ,longmont-colorado,"['Pizza', 'American', 'Italian']",4.2,19,$,40.1473207,-105.1289563,+13036511010,80501,1232 S Hover St,Longmont,CO,"[{'@type': 'OpeningHoursSpecification', 'dayOfWeek': ['Sunday', 'Monday', 'Tuesday', 'Wednesday', 'Thursday'], 'opens': '11:0', 'closes': '21:0'}, {'@type': 'OpeningHoursSpecification', 'dayOfWeek': ['Friday', 'Saturday'], 'opens': '11:0', 'closes': '22:0'}]","{'@type': 'PostalAddress', 'addressLocality': 'Longmont', 'addressRegion': 'CO', 'postalCode': '80501', 'addressCountry': 'US', 'streetAddress': '1232 S Hover St'}","{'@type': 'GeoCoordinates', 'latitude': 40.1473207, 'longitude': -105.1289563}","{'@type': 'AggregateRating', 'ratingValue': 4.2, 'reviewCount': '19'}"
La Mariposa Restaurant and Margarita House,https://www.ubereats.com/denver/food-delivery/la-mariposa-restaurant-and-margarita-house/Jzn57_nzREWm9kOuUDXeWQ,longmont-colorado,['Mexican'],,,$$,40.152662434211145,-105.11338422388522,+13037726288,80501,1240 Ken Pratt Blvd,Longmont,Colorado,"[{'@type': 'OpeningHoursSpecification', 'dayOfWeek': 'Sunday', 'opens': '9:30', 'closes': '21:0'}, {'@type': 'OpeningHoursSpecification', 'dayOfWeek': ['Friday', 'Saturday'], 'opens': '11:0', 'closes': '21:0'}, {'@type': 'OpeningHoursSpecification', 'dayOfWeek': ['Friday', 'Saturday'], 'opens': '11:0', 'closes': '22:0'}]","{'@type': 'PostalAddress', 'addressLocality': 'Longmont', 'addressRegion': 'Colorado', 'postalCode': '80501', 'addressCountry': 'US', 'streetAddress': '1240 Ken Pratt Blvd'}","{'@type': 'GeoCoordinates', 'latitude': 40.152662434211145, 'longitude': -105.11338422388522}",{}
LoCo Gastropub,https://www.ubereats.com/denver/food-delivery/loco-gastropub/ym6i23qRRwuDFqhT7jNj0A,longmont-colorado,"['Burgers', 'American', 'Sandwiches']",,,$,40.165547,-105.1020279,+19256834649,80501,380 Main St,Longmont,CO,"[{'@type': 'OpeningHoursSpecification', 'dayOfWeek': ['Monday', 'Tuesday', 'Wednesday', 'Thursday', 'Friday', 'Saturday', 'Sunday'], 'opens': '16:0', 'closes': '1:0'}, {'@type': 'OpeningHoursSpecification', 'dayOfWeek': ['Monday', 'Tuesday', 'Wednesday', 'Thursday', 'Friday', 'Saturday', 'Sunday'], 'opens': '11:0', 'closes': '23:59'}]","{'@type': 'PostalAddress', 'addressLocality': 'Longmont', 'addressRegion': 'CO', 'postalCode': '80501', 'addressCountry': 'US', 'streetAddress': '380 Main St'}","{'@type': 'GeoCoordinates', 'latitude': 40.165547, 'longitude': -105.1020279}",{}
Cold Stone Creamery (South Hover Street),https://www.ubereats.com/denver/food-delivery/cold-stone-creamery-south-hover-street/Y7U4DYTATUKvfehsF_ZC9w,longmont-colorado,"['Ice Cream and Frozen Yogurt', 'Desserts', 'Cupcakes']",4.8,28,$,40.14827950000001,-105.1314944,+13036825680,80501,1087 S Hover St,Longmont,Colorado,"[{'@type': 'OpeningHoursSpecification', 'dayOfWeek': ['Monday', 'Tuesday', 'Wednesday', 'Thursday', 'Friday', 'Saturday', 'Sunday'], 'opens': '11:0', 'closes': '22:0'}]","{'@type': 'PostalAddress', 'addressLocality': 'Longmont', 'addressRegion': 'Colorado', 'postalCode': '80501', 'addressCountry': 'US', 'streetAddress': '1087 S Hover St'}","{'@type': 'GeoCoordinates', 'latitude': 40.14827950000001, 'longitude': -105.1314944}","{'@type': 'AggregateRating', 'ratingValue': 4.8, 'reviewCount': '28'}"
Sonic (2339 N Main Street),https://www.ubereats.com/denver/food-delivery/sonic-2339-n-main-street/lq9OY7vDQ1Ggz9Z-4B4vbw,longmont-colorado,"['American', 'Burgers', 'Breakfast and Brunch', 'Fast Food']",,,$$,40.2013421,-105.1032155,+13036519613,80501,2339 N Main Street,Longmont,CO,"[{'@type': 'OpeningHoursSpecification', 'dayOfWeek': ['Sunday', 'Monday', 'Tuesday', 'Wednesday', 'Thursday'], 'opens': '7:0', 'closes': '23:0'}, {'@type': 'OpeningHoursSpecification', 'dayOfWeek': ['Friday', 'Saturday'], 'opens': '7:0', 'closes': '23:59'}]","{'@type': 'PostalAddress', 'addressLocality': 'Longmont', 'addressRegion': 'CO', 'postalCode': '80501', 'addressCountry': 'US', 'streetAddress': '2339 N Main Street'}","{'@type': 'GeoCoordinates', 'latitude': 40.2013421, 'longitude': -105.1032155}",{}
Dunkin' (64 Ken Pratt Blvd),https://www.ubereats.com/denver/food-delivery/dunkin-64-ken-pratt-blvd/9ZA4i9ouR3ylpg3Q5U9k5A,longmont-colorado,"['Breakfast and Brunch', 'Donuts']",,,$,40.1529997,-105.095542,+13037742092,80501,64 Ken Pratt Blvd,Longmont,CO,"[{'@type': 'OpeningHoursSpecification', 'dayOfWeek': ['Monday', 'Tuesday', 'Wednesday', 'Thursday', 'Friday', 'Saturday', 'Sunday'], 'opens': '5:30', 'closes': '20:30'}]","{'@type': 'PostalAddress', 'addressLocality': 'Longmont', 'addressRegion': 'CO', 'postalCode': '80501', 'addressCountry': 'US', 'streetAddress': '64 Ken Pratt Blvd'}","{'@type': 'GeoCoordinates', 'latitude': 40.1529997, 'longitude': -105.095542}",{}
Burger King (2020 Ken Pratt Blvd.),https://www.ubereats.com/denver/food-delivery/burger-king-2020-ken-pratt-blvd/8Di-AnC6SwmHV6aHHunHEA,longmont-colorado,"['American', 'burger', 'Fast Food']",,,$,40.1445969,-105.1272432,+13037722987,80501,2020 Ken Pratt Blvd.,Longmont,CO,"[{'@type': 'OpeningHoursSpecification', 'dayOfWeek': ['Monday', 'Tuesday', 'Wednesday', 'Thursday', 'Friday', 'Saturday', 'Sunday'], 'opens': '6:30', 'closes': '10:29'}, {'@type': 'OpeningHoursSpecification', 'dayOfWeek': ['Monday', 'Tuesday', 'Wednesday', 'Thursday', 'Friday', 'Saturday', 'Sunday'], 'opens': '10:30', 'closes': '23:30'}]","{'@type': 'PostalAddress', 'addressLocality': 'Longmont', 'addressRegion': 'CO', 'postalCode': '80501', 'addressCountry': 'US', 'streetAddress': '2020 Ken Pratt Blvd.'}","{'@type': 'GeoCoordinates', 'latitude': 40.1445969, 'longitude': -105.1272432}",{}
Arby's (964),https://www.ubereats.com/denver/food-delivery/arbys-964/XJRY0nkgQ0e1-He3qA32KQ,longmont-colorado,"['American', 'Sandwich', 'Fast Food', 'Kids Friendly']",4.1,18,$,40.1979179,-105.1019365,+13037721766,80501,2150 N. Main st.,Longmont,CO,"[{'@type': 'OpeningHoursSpecification', 'dayOfWeek': 'Sunday', 'opens': '10:0', 'closes': '21:0'}, {'@type': 'OpeningHoursSpecification', 'dayOfWeek': ['Monday', 'Tuesday', 'Wednesday', 'Thursday', 'Friday', 'Saturday'], 'opens': '10:0', 'closes': '22:0'}]","{'@type': 'PostalAddress', 'addressLocality': 'Longmont', 'addressRegion': 'CO', 'postalCode': '80501', 'addressCountry': 'US', 'streetAddress': '2150 N. Main st.'}","{'@type': 'GeoCoordinates', 'latitude': 40.1979179, 'longitude': -105.1019365}","{'@type': 'AggregateRating', 'ratingValue': 4.1, 'reviewCount': '18'}"
Chipotle Mexican Grill (1100 Ken Pratt Blvd Ste B),https://www.ubereats.com/denver/food-delivery/chipotle-mexican-grill-1100-ken-pratt-blvd-ste-b/rGn3vEYhSyGmSb1X0HhKRQ,longmont-colorado,"['Healthy', 'Mexican']",4.7,71,$,40.15283329999999,-105.1110492,+13036516763,80501,1100 Ken Pratt Blvd Ste B,Longmont,CO,"[{'@type': 'OpeningHoursSpecification', 'dayOfWeek': ['Monday', 'Tuesday', 'Wednesday', 'Thursday', 'Friday', 'Saturday', 'Sunday'], 'opens': '10:45', 'closes': '21:40'}]","{'@type': 'PostalAddress', 'addressLocality': 'Longmont', 'addressRegion': 'CO', 'postalCode': '80501', 'addressCountry': 'US', 'streetAddress': '1100 Ken Pratt Blvd Ste B'}","{'@type': 'GeoCoordinates', 'latitude': 40.15283329999999, 'longitude': -105.1110492}","{'@type': 'AggregateRating', 'ratingValue': 4.7, 'reviewCount': '71'}"
Chick-fil-A  (215 Ken Pratt Blvd),https://www.ubereats.com/denver/food-delivery/chick-fil-a-215-ken-pratt-blvd/5khRJjmDQZehPEoMqlHLnA,longmont-colorado,"['American', 'Fried Chicken', 'Family Meals']",4.3,39,$,40.1518738,-105.0963641,+13037729642,80501,215 Ken Pratt Blvd,Longmont,CO,"[{'@type': 'OpeningHoursSpecification', 'dayOfWeek': ['Monday', 'Tuesday', 'Wednesday', 'Thursday', 'Friday', 'Saturday'], 'opens': '6:30', 'closes': '10:0'}, {'@type': 'OpeningHoursSpecification', 'dayOfWeek': ['Monday', 'Tuesday', 'Wednesday', 'Thursday', 'Friday', 'Saturday'], 'opens': '10:0', 'closes': '21:30'}]","{'@type': 'PostalAddress', 'addressLocality': 'Longmont', 'addressRegion': 'CO', 'postalCode': '80501', 'addressCountry': 'US', 'streetAddress': '215 Ken Pratt Blvd'}","{'@type': 'GeoCoordinates', 'latitude': 40.1518738, 'longitude': -105.0963641}","{'@type': 'AggregateRating', 'ratingValue': 4.3, 'reviewCount': '39'}"
Burger King (2000 North Main Street),https://www.ubereats.com/denver/food-delivery/burger-king-2000-north-main-street/MKvyZEpaSzKZXGyxJq1IiQ,longmont-colorado,"['American', 'burger', 'Fast Food']",,,$,40.1941401,-105.1018452,+13036840624,80501,2000 North Main Street,Longmont,CO,"[{'@type': 'OpeningHoursSpecification', 'dayOfWeek': 'Sunday', 'opens': '6:30', 'closes': '10:29'}, {'@type': 'OpeningHoursSpecification', 'dayOfWeek': 'Sunday', 'opens': '10:30', 'closes': '23:59'}, {'@type': 'OpeningHoursSpecification', 'dayOfWeek': 'Sunday', 'opens': '0:0', 'closes': '4:30'}, {'@type': 'OpeningHoursSpecification', 'dayOfWeek': ['Monday', 'Tuesday', 'Wednesday', 'Thursday', 'Friday', 'Saturday'], 'opens': '6:30', 'closes': '10:29'}, {'@type': 'OpeningHoursSpecification', 'dayOfWeek': ['Monday', 'Tuesday', 'Wednesday', 'Thursday', 'Friday', 'Saturday'], 'opens': '0:0', 'closes': '4:30'}, {'@type': 'OpeningHoursSpecification', 'dayOfWeek': ['Monday', 'Tuesday', 'Wednesday', 'Thursday', 'Friday', 'Saturday'], 'opens': '10:30', 'closes': '23:59'}]","{'@type': 'PostalAddress', 'addressLocality': 'Longmont', 'addressRegion': 'CO', 'postalCode': '80501', 'addressCountry': 'US', 'streetAddress': '2000 North Main Street'}","{'@type': 'GeoCoordinates', 'latitude': 40.1941401, 'longitude': -105.1018452}",{}
Motherlode Cafe & Tavern,https://www.ubereats.com/denver/food-delivery/motherlode-cafe-%26-tavern/p5osWr1VSKKhgg8ky4D58Q,longmont-colorado,['American'],3.9,14,,40.0717955,-105.2064543,+13035305400,80301,6315 Lookout Rd,Boulder,CO,"[{'@type': 'OpeningHoursSpecification', 'dayOfWeek': 'Sunday', 'opens': '11:0', 'closes': '21:0'}, {'@type': 'OpeningHoursSpecification', 'dayOfWeek': 'Sunday', 'opens': '11:0', 'closes': '21:0'}, {'@type': 'OpeningHoursSpecification', 'dayOfWeek': 'Sunday', 'opens': '8:0', 'closes': '14:0'}, {'@type': 'OpeningHoursSpecification', 'dayOfWeek': 'Sunday', 'opens': '8:0', 'closes': '21:0'}, {'@type': 'OpeningHoursSpecification', 'dayOfWeek': ['Monday', 'Tuesday', 'Wednesday', 'Thursday'], 'opens': '11:0', 'closes': '21:0'}, {'@type': 'OpeningHoursSpecification', 'dayOfWeek': ['Monday', 'Tuesday', 'Wednesday', 'Thursday'], 'opens': '11:0', 'closes': '21:0'}, {'@type': 'OpeningHoursSpecification', 'dayOfWeek': ['Monday', 'Tuesday', 'Wednesday', 'Thursday'], 'opens': '8:0', 'closes': '14:0'}, {'@type': 'OpeningHoursSpecification', 'dayOfWeek': ['Monday', 'Tuesday', 'Wednesday', 'Thursday'], 'opens': '8:0', 'closes': '21:0'}, {'@type': 'OpeningHoursSpecification', 'dayOfWeek': ['Monday', 'Tuesday', 'Wednesday', 'Thursday'], 'opens': '8:0', 'closes': '14:0'}, {'@type': 'OpeningHoursSpecification', 'dayOfWeek': 'Friday', 'opens': '11:0', 'closes': '22:0'}, {'@type': 'OpeningHoursSpecification', 'dayOfWeek': 'Friday', 'opens': '11:0', 'closes': '22:0'}, {'@type': 'OpeningHoursSpecification', 'dayOfWeek': 'Friday', 'opens': '8:0', 'closes': '14:0'}, {'@type': 'OpeningHoursSpecification', 'dayOfWeek': 'Friday', 'opens': '8:0', 'closes': '21:0'}, {'@type': 'OpeningHoursSpecification', 'dayOfWeek': 'Friday', 'opens': '8:0', 'closes': '14:0'}, {'@type': 'OpeningHoursSpecification', 'dayOfWeek': 'Saturday', 'opens': '11:0', 'closes': '22:0'}, {'@type': 'OpeningHoursSpecification', 'dayOfWeek': 'Saturday', 'opens': '11:0', 'closes': '22:0'}, {'@type': 'OpeningHoursSpecification', 'dayOfWeek': 'Saturday', 'opens': '8:0', 'closes': '14:0'}, {'@type': 'OpeningHoursSpecification', 'dayOfWeek': 'Saturday', 'opens': '8:0', 'closes': '21:0'}]","{'@type': 'PostalAddress', 'addressLocality': 'Boulder', 'addressRegion': 'CO', 'postalCode': '80301', 'addressCountry': 'US', 'streetAddress': '6315 Lookout Rd'}","{'@type': 'GeoCoordinates', 'latitude': 40.0717955, 'longitude': -105.2064543}","{'@type': 'AggregateRating', 'ratingValue': 3.9, 'reviewCount': '14'}"
Carl's Jr. (1101512),https://www.ubereats.com/denver/food-delivery/carls-jr-1101512/8d-tURNDQySlnjfSlULnYw,longmont-colorado,"['Fast Food', 'Burgers', 'American', 'Chicken', 'Breakfast and Brunch', 'Sandwich']",3.9,14,$,40.1901465,-105.1300756,+13037766215,80501,1754 Hover St,Longmont,CO,"[{'@type': 'OpeningHoursSpecification', 'dayOfWeek': 'Sunday', 'opens': '6:0', 'closes': '10:44'}, {'@type': 'OpeningHoursSpecification', 'dayOfWeek': 'Sunday', 'opens': '10:45', 'closes': '21:0'}, {'@type': 'OpeningHoursSpecification', 'dayOfWeek': ['Monday', 'Tuesday', 'Wednesday', 'Thursday', 'Friday', 'Saturday'], 'opens': '6:0', 'closes': '10:14'}, {'@type': 'OpeningHoursSpecification', 'dayOfWeek': ['Monday', 'Tuesday', 'Wednesday', 'Thursday', 'Friday', 'Saturday'], 'opens': '10:15', 'closes': '22:30'}]","{'@type': 'PostalAddress', 'addressLocality': 'Longmont', 'addressRegion': 'CO', 'postalCode': '80501', 'addressCountry': 'US', 'streetAddress': '1754 Hover St'}","{'@type': 'GeoCoordinates', 'latitude': 40.1901465, 'longitude': -105.1300756}","{'@type': 'AggregateRating', 'ratingValue': 3.9, 'reviewCount': '14'}"
Smokin’ Dave’s BBQ & Brew,https://www.ubereats.com/denver/food-delivery/smokin-daves-bbq-%26-brew/-Tj5QBYFQ0eMxtKVe503Dw,longmont-colorado,"['BBQ', 'American', 'Burgers', 'Family Meals']",4.8,22,$,40.1461603,-105.1247535,+19704153283,80501,1940 Ken Pratt Blvd,Longmont,CO,"[{'@type': 'OpeningHoursSpecification', 'dayOfWeek': ['Monday', 'Tuesday', 'Wednesday', 'Thursday', 'Friday', 'Saturday', 'Sunday'], 'opens': '11:0', 'closes': '19:0'}]","{'@type': 'PostalAddress', 'addressLocality': 'Longmont', 'addressRegion': 'CO', 'postalCode': '80501', 'addressCountry': 'US', 'streetAddress': '1940 Ken Pratt Blvd'}","{'@type': 'GeoCoordinates', 'latitude': 40.1461603, 'longitude': -105.1247535}","{'@type': 'AggregateRating', 'ratingValue': 4.8, 'reviewCount': '22'}"
The Garden Gate Cafe (Niwot),https://www.ubereats.com/denver/food-delivery/the-garden-gate-cafe-niwot/mPKkzz3iRCK-wGg3fulrDQ,longmont-colorado,"['Sandwiches', 'American', 'Healthy']",,,$,40.10073409999999,-105.1679749,+13036528595,80503,7960,Niwot,CO,"[{'@type': 'OpeningHoursSpecification', 'dayOfWeek': ['Monday', 'Tuesday', 'Wednesday', 'Thursday', 'Friday', 'Saturday', 'Sunday'], 'opens': '7:0', 'closes': '14:0'}]","{'@type': 'PostalAddress', 'addressLocality': 'Niwot', 'addressRegion': 'CO', 'postalCode': '80503', 'addressCountry': 'US', 'streetAddress': '7960'}","{'@type': 'GeoCoordinates', 'latitude': 40.10073409999999, 'longitude': -105.1679749}",{}
Little Caesars Pizza (1753 Main St),https://www.ubereats.com/denver/food-delivery/little-caesars-pizza-1753-main-st/Z7QLDrsiTre_-9aQ7XPa1w,longmont-colorado,['PIzza'],,,$$,40.1905168,-105.1024537,+13036788088,80501,1753 Main St,Longmont,CO,"[{'@type': 'OpeningHoursSpecification', 'dayOfWeek': ['Monday', 'Tuesday', 'Wednesday', 'Thursday', 'Friday', 'Saturday', 'Sunday'], 'opens': '11:0', 'closes': '20:30'}]","{'@type': 'PostalAddress', 'addressLocality': 'Longmont', 'addressRegion': 'CO', 'postalCode': '80501', 'addressCountry': 'US', 'streetAddress': '1753 Main St'}","{'@type': 'GeoCoordinates', 'latitude': 40.1905168, 'longitude': -105.1024537}",{}
Panda Express (2524 Main St),https://www.ubereats.com/denver/food-delivery/panda-express-2524-main-st/nCDDXHP4T5i7-Y4SpSGcbw,longmont-colorado,"['Chinese', 'Family Meals']",4.3,21,$,40.2047669,-105.1018452,+13037769986,80504,2524 Main St,Longmont,CO,"[{'@type': 'OpeningHoursSpecification', 'dayOfWeek': ['Monday', 'Tuesday', 'Wednesday', 'Thursday', 'Friday', 'Saturday', 'Sunday'], 'opens': '10:30', 'closes': '20:0'}]","{'@type': 'PostalAddress', 'addressLocality': 'Longmont', 'addressRegion': 'CO', 'postalCode': '80504', 'addressCountry': 'US', 'streetAddress': '2524 Main St'}","{'@type': 'GeoCoordinates', 'latitude': 40.2047669, 'longitude': -105.1018452}","{'@type': 'AggregateRating', 'ratingValue': 4.3, 'reviewCount': '21'}"
Aperitivo By Kafe Urban,https://www.ubereats.com/denver/food-delivery/aperitivo-by-kafe-urban/EZpBK_GzQnqnTIfVtx-3mw,longmont-colorado,"['Coffee and Tea', 'American', 'Breakfast and Brunch']",,,$,40.0749047,-105.2020829,+13037191431,80301,5530 Spine Road,Boulder,CO,"[{'@type': 'OpeningHoursSpecification', 'dayOfWeek': 'Sunday', 'opens': '11:0', 'closes': '15:0'}, {'@type': 'OpeningHoursSpecification', 'dayOfWeek': 'Sunday', 'opens': '11:0', 'closes': '15:0'}, {'@type': 'OpeningHoursSpecification', 'dayOfWeek': 'Sunday', 'opens': '11:0', 'closes': '20:0'}, {'@type': 'OpeningHoursSpecification', 'dayOfWeek': ['Tuesday', 'Wednesday', 'Thursday', 'Friday', 'Saturday'], 'opens': '11:0', 'closes': '15:0'}, {'@type': 'OpeningHoursSpecification', 'dayOfWeek': ['Tuesday', 'Wednesday', 'Thursday', 'Friday', 'Saturday'], 'opens': '11:0', 'closes': '15:0'}, {'@type': 'OpeningHoursSpecification', 'dayOfWeek': ['Tuesday', 'Wednesday', 'Thursday', 'Friday', 'Saturday'], 'opens': '11:0', 'closes': '21:0'}]","{'@type': 'PostalAddress', 'addressLocality': 'Boulder', 'addressRegion': 'CO', 'postalCode': '80301', 'addressCountry': 'US', 'streetAddress': '5530 Spine Road'}","{'@type': 'GeoCoordinates', 'latitude': 40.0749047, 'longitude': -105.2020829}",{}
Which Wich (Ken Pratt Blvd),https://www.ubereats.com/denver/food-delivery/which-wich-ken-pratt-blvd/9FbWvS0LRiWqViOnAsO64A,longmont-colorado,"['Fast Food', 'Sandwich', 'Allergy Friendly']",,,$,40.151947,-105.093811,+13037722644,80501,15 Ken Pratt Blvd,Longmont,Colorado,"[{'@type': 'OpeningHoursSpecification', 'dayOfWeek': 'Sunday', 'opens': '11:0', 'closes': '18:30'}, {'@type': 'OpeningHoursSpecification', 'dayOfWeek': ['Monday', 'Tuesday', 'Wednesday', 'Thursday', 'Friday', 'Saturday'], 'opens': '11:0', 'closes': '20:0'}]","{'@type': 'PostalAddress', 'addressLocality': 'Longmont', 'addressRegion': 'Colorado', 'postalCode': '80501', 'addressCountry': 'US', 'streetAddress': '15 Ken Pratt Blvd'}","{'@type': 'GeoCoordinates', 'latitude': 40.151947, 'longitude': -105.093811}",{}
Panda Express (155 East Ken Pratt Blvd.),https://www.ubereats.com/denver/food-delivery/panda-express-155-east-ken-pratt-blvd/JtOMBySpQFi6GoG3DyMm2A,longmont-colorado,"['Chinese', 'Family Meals']",4.4,42,$,40.1517562,-105.0916597,+13037766907,80501,155 East Ken Pratt Blvd.,Longmont,CO,"[{'@type': 'OpeningHoursSpecification', 'dayOfWeek': ['Monday', 'Tuesday', 'Wednesday', 'Thursday', 'Friday', 'Saturday', 'Sunday'], 'opens': '10:30', 'closes': '20:0'}]","{'@type': 'PostalAddress', 'addressLocality': 'Longmont', 'addressRegion': 'CO', 'postalCode': '80501', 'addressCountry': 'US', 'streetAddress': '155 East Ken Pratt Blvd.'}","{'@type': 'GeoCoordinates', 'latitude': 40.1517562, 'longitude': -105.0916597}","{'@type': 'AggregateRating', 'ratingValue': 4.4, 'reviewCount': '42'}"
Subway (200 Lashley St),https://www.ubereats.com/denver/food-delivery/subway-200-lashley-st/nlsxu1zyS_qnua_M-j074w,longmont-colorado,"['Fast Food', 'Sandwich', 'American']",,,$,40.1629806,-105.0876633,+17206529618,80501,200 Lashley St,Longmont,CO,"[{'@type': 'OpeningHoursSpecification', 'dayOfWeek': 'Sunday', 'opens': '8:0', 'closes': '20:30'}, {'@type': 'OpeningHoursSpecification', 'dayOfWeek': ['Monday', 'Tuesday', 'Wednesday', 'Thursday', 'Friday'], 'opens': '7:0', 'closes': '20:30'}, {'@type': 'OpeningHoursSpecification', 'dayOfWeek': 'Saturday', 'opens': '8:0', 'closes': '20:30'}]","{'@type': 'PostalAddress', 'addressLocality': 'Longmont', 'addressRegion': 'CO', 'postalCode': '80501', 'addressCountry': 'US', 'streetAddress': '200 Lashley St'}","{'@type': 'GeoCoordinates', 'latitude': 40.1629806, 'longitude': -105.0876633}",{}
Urban Thai (Longmont),https://www.ubereats.com/denver/food-delivery/urban-thai-longmont/lZNzvZoeQt29XPLNlmFnTg,longmont-colorado,"['Thai', 'Asian', 'Noodles']",4.8,16,$,40.134604,-105.103232,+17206005164,80504,2030 Ionosphere St,Longmont,CO,"[{'@type': 'OpeningHoursSpecification', 'dayOfWeek': 'Sunday', 'opens': '12:0', 'closes': '21:0'}, {'@type': 'OpeningHoursSpecification', 'dayOfWeek': 'Tuesday', 'opens': '16:30', 'closes': '21:0'}, {'@type': 'OpeningHoursSpecification', 'dayOfWeek': ['Wednesday', 'Thursday', 'Friday', 'Saturday'], 'opens': '12:0', 'closes': '21:0'}]","{'@type': 'PostalAddress', 'addressLocality': 'Longmont', 'addressRegion': 'CO', 'postalCode': '80504', 'addressCountry': 'US', 'streetAddress': '2030 Ionosphere St'}","{'@type': 'GeoCoordinates', 'latitude': 40.134604, 'longitude': -105.103232}","{'@type': 'AggregateRating', 'ratingValue': 4.8, 'reviewCount': '16'}"
Noodles & Company (2255 Main St),https://www.ubereats.com/denver/food-delivery/noodles-%26-company-2255-main-st/KXn9px4LRKeDHKqlebJS0A,longmont-colorado,"['Pasta', 'Healthy', 'American', 'Italian', 'Comfort Food', 'Chinese', 'Noodles', 'Family Meals']",4.7,41,$,40.19792,-105.103,+13037768686,80501,2255 Main St,Longmont,CO,"[{'@type': 'OpeningHoursSpecification', 'dayOfWeek': ['Monday', 'Tuesday', 'Wednesday', 'Thursday', 'Friday', 'Saturday', 'Sunday'], 'opens': '11:0', 'closes': '20:45'}]","{'@type': 'PostalAddress', 'addressLocality': 'Longmont', 'addressRegion': 'CO', 'postalCode': '80501', 'addressCountry': 'US', 'streetAddress': '2255 Main St'}","{'@type': 'GeoCoordinates', 'latitude': 40.19792, 'longitude': -105.103}","{'@type': 'AggregateRating', 'ratingValue': 4.7, 'reviewCount': '41'}"
Panera (425 Ken Pratt Boulevard),https://www.ubereats.com/denver/food-delivery/panera-425-ken-pratt-boulevard/XzbNi7LES4ybvTWSCUQjrQ,longmont-colorado,"['Breakfast and Brunch', 'salad', 'Sandwich']",,,$,40.1519161,-105.0997213,+13142523932,80501,425 Ken Pratt Boulevard,Longmont,CO,"[{'@type': 'OpeningHoursSpecification', 'dayOfWeek': 'Sunday', 'opens': '10:30', 'closes': '19:30'}, {'@type': 'OpeningHoursSpecification', 'dayOfWeek': ['Monday', 'Tuesday', 'Wednesday', 'Thursday', 'Friday'], 'opens': '8:30', 'closes': '19:30'}, {'@type': 'OpeningHoursSpecification', 'dayOfWeek': 'Saturday', 'opens': '10:30', 'closes': '19:30'}]","{'@type': 'PostalAddress', 'addressLocality': 'Longmont', 'addressRegion': 'CO', 'postalCode': '80501', 'addressCountry': 'US', 'streetAddress': '425 Ken Pratt Boulevard'}","{'@type': 'GeoCoordinates', 'latitude': 40.1519161, 'longitude': -105.0997213}",{}
2020 Food + Wine Bar,https://www.ubereats.com/denver/food-delivery/2020-food-%2B-wine-bar/je1ekCbxTh2_Sntcel2L7A,longmont-colorado,['American'],,,$$,40.1350665,-105.1034163,+17204913578,80504,2020 Ionosphere St,Longmont,Colorado,"[{'@type': 'OpeningHoursSpecification', 'dayOfWeek': ['Monday', 'Tuesday', 'Wednesday', 'Thursday'], 'opens': '16:0', 'closes': '21:0'}, {'@type': 'OpeningHoursSpecification', 'dayOfWeek': ['Friday', 'Saturday'], 'opens': '16:0', 'closes': '22:0'}]","{'@type': 'PostalAddress', 'addressLocality': 'Longmont', 'addressRegion': 'Colorado', 'postalCode': '80504', 'addressCountry': 'US', 'streetAddress': '2020 Ionosphere St'}","{'@type': 'GeoCoordinates', 'latitude': 40.1350665, 'longitude': -105.1034163}",{}
The Dickens Tavern,https://www.ubereats.com/denver/food-delivery/the-dickens-tavern/USa9YDEORxO5tB8-GGszPg,longmont-colorado,"['Comfort Food', 'American', 'Traditional American']",,,$,40.1641419,-105.1021362,+17207087421,,,,,"[{'@type': 'OpeningHoursSpecification', 'dayOfWeek': 'Sunday', 'opens': '10:0', 'closes': '20:0'}, {'@type': 'OpeningHoursSpecification', 'dayOfWeek': 'Sunday', 'opens': '9:0', 'closes': '14:0'}, {'@type': 'OpeningHoursSpecification', 'dayOfWeek': ['Tuesday', 'Wednesday', 'Thursday', 'Friday', 'Saturday'], 'opens': '12:0', 'closes': '20:0'}]",,"{'@type': 'GeoCoordinates', 'latitude': 40.1641419, 'longitude': -105.1021362}",{}
Subway (2514 Main St),https://www.ubereats.com/denver/food-delivery/subway-2514-main-st/uVbK7nrzSJK4auR3raMRmw,longmont-colorado,"['Fast Food', 'Sandwich', 'American']",,,$,40.2047547,-105.0988534,+13036849072,80501,2514 Main St,Longmont,CO,"[{'@type': 'OpeningHoursSpecification', 'dayOfWeek': ['Monday', 'Tuesday', 'Wednesday', 'Thursday', 'Friday', 'Saturday', 'Sunday'], 'opens': '9:0', 'closes': '19:30'}]","{'@type': 'PostalAddress', 'addressLocality': 'Longmont', 'addressRegion': 'CO', 'postalCode': '80501', 'addressCountry': 'US', 'streetAddress': '2514 Main St'}","{'@type': 'GeoCoordinates', 'latitude': 40.2047547, 'longitude': -105.0988534}",{}
Gurkhas restaurant,https://www.ubereats.com/denver/food-delivery/gurkhas-restaurant/wSMS4w64T-CEWZ7EhFksfA,longmont-colorado,"['Indian', 'Vegetarian', 'Asian']",,,$,40.1430897,-105.1312177,+13035301551,80503,2347 Clover Basin Dr,Longmont,CO,"[{'@type': 'OpeningHoursSpecification', 'dayOfWeek': ['Monday', 'Tuesday', 'Wednesday', 'Thursday', 'Friday', 'Saturday', 'Sunday'], 'opens': '17:0', 'closes': '21:0'}]","{'@type': 'PostalAddress', 'addressLocality': 'Longmont', 'addressRegion': 'CO', 'postalCode': '80503', 'addressCountry': 'US', 'streetAddress': '2347 Clover Basin Dr'}","{'@type': 'GeoCoordinates', 'latitude': 40.1430897, 'longitude': -105.1312177}",{}
China Gourmet - Longmont,https://www.ubereats.com/denver/food-delivery/china-gourmet-longmont/zXyZj-_bRvuxD-I5OIiRfw,longmont-colorado,"['Chinese', 'Asian', 'Asian Fusion']",,,$,40.1424332,-105.1345298,+13037766930,80503,1345 Dry Creek Dr Ste A,Longmont,CO,"[{'@type': 'OpeningHoursSpecification', 'dayOfWeek': ['Sunday', 'Monday', 'Tuesday', 'Wednesday', 'Thursday'], 'opens': '11:30', 'closes': '14:30'}, {'@type': 'OpeningHoursSpecification', 'dayOfWeek': ['Sunday', 'Monday', 'Tuesday', 'Wednesday', 'Thursday'], 'opens': '11:30', 'closes': '21:0'}, {'@type': 'OpeningHoursSpecification', 'dayOfWeek': ['Friday', 'Saturday'], 'opens': '11:30', 'closes': '14:30'}, {'@type': 'OpeningHoursSpecification', 'dayOfWeek': ['Friday', 'Saturday'], 'opens': '11:30', 'closes': '21:30'}]","{'@type': 'PostalAddress', 'addressLocality': 'Longmont', 'addressRegion': 'CO', 'postalCode': '80503', 'addressCountry': 'US', 'streetAddress': '1345 Dry Creek Dr Ste A'}","{'@type': 'GeoCoordinates', 'latitude': 40.1424332, 'longitude': -105.1345298}",{}
"TGI Fridays (572 - Longmont, CO)",https://www.ubereats.com/denver/food-delivery/tgi-fridays-572-longmont-co/6ZCnh9D7TdmpoohapD_iwA,longmont-colorado,"['Burgers', 'Bar Food', 'American', 'Family Meals']",3.7,13,$$,40.1519168,-105.094423,+13034858004,80501,125 Ken Pratt Blvd,Longmont,CO,"[{'@type': 'OpeningHoursSpecification', 'dayOfWeek': ['Sunday', 'Monday', 'Tuesday', 'Wednesday', 'Thursday'], 'opens': '11:0', 'closes': '22:30'}, {'@type': 'OpeningHoursSpecification', 'dayOfWeek': ['Friday', 'Saturday'], 'opens': '11:0', 'closes': '23:30'}]","{'@type': 'PostalAddress', 'addressLocality': 'Longmont', 'addressRegion': 'CO', 'postalCode': '80501', 'addressCountry': 'US', 'streetAddress': '125 Ken Pratt Blvd'}","{'@type': 'GeoCoordinates', 'latitude': 40.1519168, 'longitude': -105.094423}","{'@type': 'AggregateRating', 'ratingValue': 3.7, 'reviewCount': '13'}"
Wendy's  (1091 S. Hover Rd),https://www.ubereats.com/denver/food-delivery/wendys-1091-s-hover-rd/ITebVv3mT_WiHoqZ1Hsmsw,longmont-colorado,"['American', 'Burgers', 'Fast Food']",4.5,11,$,40.1464481,-105.1309689,+13037721091,80501,1091 S. Hover Rd,Longmont,CO,"[{'@type': 'OpeningHoursSpecification', 'dayOfWeek': ['Monday', 'Tuesday', 'Wednesday', 'Thursday', 'Friday', 'Saturday', 'Sunday'], 'opens': '10:30', 'closes': '0:30'}, {'@type': 'OpeningHoursSpecification', 'dayOfWeek': ['Monday', 'Tuesday', 'Wednesday', 'Thursday', 'Friday', 'Saturday', 'Sunday'], 'opens': '6:30', 'closes': '10:0'}]","{'@type': 'PostalAddress', 'addressLocality': 'Longmont', 'addressRegion': 'CO', 'postalCode': '80501', 'addressCountry': 'US', 'streetAddress': '1091 S. Hover Rd'}","{'@type': 'GeoCoordinates', 'latitude': 40.1464481, 'longitude': -105.1309689}","{'@type': 'AggregateRating', 'ratingValue': 4.5, 'reviewCount': '11'}"
"Red Robin, 68 (2331 Clover Basin Dr)",https://www.ubereats.com/denver/food-delivery/red-robin-68-2331-clover-basin-dr/xwQbyEKJRUC4mrWNGB4Wmg,longmont-colorado,"['American', 'burger']",,,$,40.14356679999999,-105.1314376,+17206529229,80501,2331 Clover Basin Dr,Longmont,CO,"[{'@type': 'OpeningHoursSpecification', 'dayOfWeek': ['Monday', 'Tuesday', 'Wednesday', 'Thursday', 'Friday', 'Saturday', 'Sunday'], 'opens': '11:0', 'closes': '20:30'}]","{'@type': 'PostalAddress', 'addressLocality': 'Longmont', 'addressRegion': 'CO', 'postalCode': '80501', 'addressCountry': 'US', 'streetAddress': '2331 Clover Basin Dr'}","{'@type': 'GeoCoordinates', 'latitude': 40.14356679999999, 'longitude': -105.1314376}",{}
"Qdoba Mexican Grill (2301 Clover Basin Dr,)",https://www.ubereats.com/denver/food-delivery/qdoba-mexican-grill-2301-clover-basin-dr/pD9kZoUnQB2oDg9M5XQEZg,longmont-colorado,"['Mexican', 'Family Meals']",4.7,33,$,40.1436962,-105.1319486,+13036510258,80503,2301 Clover Basin Dr,Longmont,CO,"[{'@type': 'OpeningHoursSpecification', 'dayOfWeek': ['Sunday', 'Monday', 'Tuesday', 'Wednesday', 'Thursday'], 'opens': '10:30', 'closes': '20:30'}, {'@type': 'OpeningHoursSpecification', 'dayOfWeek': ['Friday', 'Saturday'], 'opens': '10:30', 'closes': '21:30'}]","{'@type': 'PostalAddress', 'addressLocality': 'Longmont', 'addressRegion': 'CO', 'postalCode': '80503', 'addressCountry': 'US', 'streetAddress': '2301 Clover Basin Dr'}","{'@type': 'GeoCoordinates', 'latitude': 40.1436962, 'longitude': -105.1319486}","{'@type': 'AggregateRating', 'ratingValue': 4.7, 'reviewCount': '33'}"
Dickey's Barbecue (1935 Main Street),https://www.ubereats.com/denver/food-delivery/dickeys-barbecue-1935-main-street/CnRoq1cZRqew8T-9cnJObA,longmont-colorado,"['BBQ', 'American', 'Wings', 'Sandwich', 'Family Meals']",4.5,17,$$,40.193379,-105.10301,+17205528009,80501,1935 Main Street,Longmont,CO,"[{'@type': 'OpeningHoursSpecification', 'dayOfWeek': ['Monday', 'Tuesday', 'Wednesday', 'Thursday', 'Friday', 'Saturday', 'Sunday'], 'opens': '11:0', 'closes': '20:0'}]","{'@type': 'PostalAddress', 'addressLocality': 'Longmont', 'addressRegion': 'CO', 'postalCode': '80501', 'addressCountry': 'US', 'streetAddress': '1935 Main Street'}","{'@type': 'GeoCoordinates', 'latitude': 40.193379, 'longitude': -105.10301}","{'@type': 'AggregateRating', 'ratingValue': 4.5, 'reviewCount': '17'}"
Jai Thai,https://www.ubereats.com/denver/food-delivery/jai-thai/m9ikNEMqRRCXZE6PhnIwUQ,longmont-colorado,"['Thai', 'Asian', 'Noodles']",4.7,46,$,40.1432804,-105.1275858,+13037768089,80501,2055 Ken Pratt Blvd,Longmont,CO,"[{'@type': 'OpeningHoursSpecification', 'dayOfWeek': 'Sunday', 'opens': '11:0', 'closes': '20:45'}, {'@type': 'OpeningHoursSpecification', 'dayOfWeek': 'Sunday', 'opens': '9:0', 'closes': '23:0'}, {'@type': 'OpeningHoursSpecification', 'dayOfWeek': 'Monday', 'opens': '9:0', 'closes': '23:0'}, {'@type': 'OpeningHoursSpecification', 'dayOfWeek': ['Tuesday', 'Wednesday', 'Thursday', 'Friday', 'Saturday'], 'opens': '11:0', 'closes': '20:45'}, {'@type': 'OpeningHoursSpecification', 'dayOfWeek': ['Tuesday', 'Wednesday', 'Thursday', 'Friday', 'Saturday'], 'opens': '9:0', 'closes': '23:0'}]","{'@type': 'PostalAddress', 'addressLocality': 'Longmont', 'addressRegion': 'CO', 'postalCode': '80501', 'addressCountry': 'US', 'streetAddress': '2055 Ken Pratt Blvd'}","{'@type': 'GeoCoordinates', 'latitude': 40.1432804, 'longitude': -105.1275858}","{'@type': 'AggregateRating', 'ratingValue': 4.7, 'reviewCount': '46'}"
Perkins Restaurant & Bakery (2051 Main St),https://www.ubereats.com/denver/food-delivery/perkins-restaurant-%26-bakery-2051-main-st/GU__vqtRRLy8fMz2IC4Wkw,longmont-colorado,"['Breakfast and Brunch', 'American', 'Dinner', 'Bakery', 'Family Meals']",4.3,15,$$,40.1949966,-105.1031261,+13037721410,80501,2051 Main St,Longmont,CO,"[{'@type': 'OpeningHoursSpecification', 'dayOfWeek': 'Sunday', 'opens': '0:0', 'closes': '1:0'}, {'@type': 'OpeningHoursSpecification', 'dayOfWeek': 'Sunday', 'opens': '11:0', 'closes': '1:0'}, {'@type': 'OpeningHoursSpecification', 'dayOfWeek': ['Monday', 'Tuesday', 'Wednesday', 'Thursday'], 'opens': '5:0', 'closes': '1:0'}, {'@type': 'OpeningHoursSpecification', 'dayOfWeek': ['Monday', 'Tuesday', 'Wednesday', 'Thursday'], 'opens': '11:0', 'closes': '20:0'}, {'@type': 'OpeningHoursSpecification', 'dayOfWeek': 'Friday', 'opens': '5:0', 'closes': '23:59'}, {'@type': 'OpeningHoursSpecification', 'dayOfWeek': 'Friday', 'opens': '11:0', 'closes': '20:0'}, {'@type': 'OpeningHoursSpecification', 'dayOfWeek': 'Saturday', 'opens': '0:0', 'closes': '23:59'}, {'@type': 'OpeningHoursSpecification', 'dayOfWeek': 'Saturday', 'opens': '11:0', 'closes': '20:0'}]","{'@type': 'PostalAddress', 'addressLocality': 'Longmont', 'addressRegion': 'CO', 'postalCode': '80501', 'addressCountry': 'US', 'streetAddress': '2051 Main St'}","{'@type': 'GeoCoordinates', 'latitude': 40.1949966, 'longitude': -105.1031261}","{'@type': 'AggregateRating', 'ratingValue': 4.3, 'reviewCount': '15'}"
Buffalo Wild Wings (2303 Clover Basin Dr),https://www.ubereats.com/denver/food-delivery/buffalo-wild-wings-2303-clover-basin-dr/YY2Idt6xQ2-Vv_3pl7ic4w,longmont-colorado,['wings'],4.5,18,$$,40.1436813,-105.1327938,+13034859464,80503,2303 Clover Basin Dr,Longmont,CO,"[{'@type': 'OpeningHoursSpecification', 'dayOfWeek': ['Monday', 'Tuesday', 'Wednesday', 'Thursday', 'Friday', 'Saturday', 'Sunday'], 'opens': '11:0', 'closes': '21:0'}]","{'@type': 'PostalAddress', 'addressLocality': 'Longmont', 'addressRegion': 'CO', 'postalCode': '80503', 'addressCountry': 'US', 'streetAddress': '2303 Clover Basin Dr'}","{'@type': 'GeoCoordinates', 'latitude': 40.1436813, 'longitude': -105.1327938}","{'@type': 'AggregateRating', 'ratingValue': 4.5, 'reviewCount': '18'}"
Modern Market Eatery (Longmont),https://www.ubereats.com/denver/food-delivery/modern-market-eatery-longmont/e0lQJC9eRxu3XgSl8qnaAw,longmont-colorado,"['Sandwiches', 'American', 'Healthy', 'Family Meals', 'Convenience', 'Grocery']",4.9,44,$,40.1534422,-105.1044585,+17204941655,80501,"700 Ken Pratt Blvd, Ste 100",Longmont,CO,"[{'@type': 'OpeningHoursSpecification', 'dayOfWeek': ['Monday', 'Tuesday', 'Wednesday', 'Thursday', 'Friday', 'Saturday', 'Sunday'], 'opens': '10:0', 'closes': '21:0'}, {'@type': 'OpeningHoursSpecification', 'dayOfWeek': ['Monday', 'Tuesday', 'Wednesday', 'Thursday', 'Friday', 'Saturday', 'Sunday'], 'opens': '10:0', 'closes': '20:0'}]","{'@type': 'PostalAddress', 'addressLocality': 'Longmont', 'addressRegion': 'CO', 'postalCode': '80501', 'addressCountry': 'US', 'streetAddress': '700 Ken Pratt Blvd, Ste 100'}","{'@type': 'GeoCoordinates', 'latitude': 40.1534422, 'longitude': -105.1044585}","{'@type': 'AggregateRating', 'ratingValue': 4.9, 'reviewCount': '44'}"
McDonald's® (245 S MAIN),https://www.ubereats.com/denver/food-delivery/mcdonalds-245-s-main/eQPyxbSYSiW9qf_lsMua6A,longmont-colorado,"['American', 'Burgers', 'Fast Food']",4.5,27,$,40.153508,-105.103192,+13037769383,80501-6423,245 S MAIN,LONGMONT,CO,"[{'@type': 'OpeningHoursSpecification', 'dayOfWeek': 'Sunday', 'opens': '4:0', 'closes': '10:59'}, {'@type': 'OpeningHoursSpecification', 'dayOfWeek': 'Sunday', 'opens': '11:0', 'closes': '16:59'}, {'@type': 'OpeningHoursSpecification', 'dayOfWeek': 'Sunday', 'opens': '17:0', 'closes': '23:15'}, {'@type': 'OpeningHoursSpecification', 'dayOfWeek': ['Monday', 'Tuesday', 'Wednesday', 'Thursday', 'Friday', 'Saturday'], 'opens': '4:0', 'closes': '10:29'}, {'@type': 'OpeningHoursSpecification', 'dayOfWeek': ['Monday', 'Tuesday', 'Wednesday', 'Thursday', 'Friday', 'Saturday'], 'opens': '10:30', 'closes': '16:59'}, {'@type': 'OpeningHoursSpecification', 'dayOfWeek': ['Monday', 'Tuesday', 'Wednesday', 'Thursday', 'Friday', 'Saturday'], 'opens': '17:0', 'closes': '23:15'}]","{'@type': 'PostalAddress', 'addressLocality': 'LONGMONT', 'addressRegion': 'CO', 'postalCode': '80501-6423', 'addressCountry': 'US', 'streetAddress': '245 S MAIN'}","{'@type': 'GeoCoordinates', 'latitude': 40.153508, 'longitude': -105.103192}","{'@type': 'AggregateRating', 'ratingValue': 4.5, 'reviewCount': '27'}"
McDonald's® (1051 S HOVER RD),https://www.ubereats.com/denver/food-delivery/mcdonalds-1051-s-hover-rd/NVFgjvpVSxaINilTYQiVKg,longmont-colorado,"['American', 'Burgers', 'Fast Food']",4.5,47,$,40.14979,-105.131468,+13036821948,,,,,"[{'@type': 'OpeningHoursSpecification', 'dayOfWeek': 'Sunday', 'opens': '5:30', 'closes': '10:59'}, {'@type': 'OpeningHoursSpecification', 'dayOfWeek': 'Sunday', 'opens': '11:0', 'closes': '16:59'}, {'@type': 'OpeningHoursSpecification', 'dayOfWeek': 'Sunday', 'opens': '17:0', 'closes': '22:15'}, {'@type': 'OpeningHoursSpecification', 'dayOfWeek': ['Monday', 'Tuesday', 'Wednesday', 'Thursday', 'Friday', 'Saturday'], 'opens': '5:30', 'closes': '10:29'}, {'@type': 'OpeningHoursSpecification', 'dayOfWeek': ['Monday', 'Tuesday', 'Wednesday', 'Thursday', 'Friday', 'Saturday'], 'opens': '10:30', 'closes': '16:59'}, {'@type': 'OpeningHoursSpecification', 'dayOfWeek': ['Monday', 'Tuesday', 'Wednesday', 'Thursday', 'Friday', 'Saturday'], 'opens': '17:0', 'closes': '22:15'}]",,"{'@type': 'GeoCoordinates', 'latitude': 40.14979, 'longitude': -105.131468}","{'@type': 'AggregateRating', 'ratingValue': 4.5, 'reviewCount': '47'}"
Lefty's Gourmet Pizza,https://www.ubereats.com/denver/food-delivery/leftys-gourmet-pizza/j3ESIpYPSYuGejthsYK27Q,longmont-colorado,"['Italian', 'Pasta', 'Comfort Food']",,,$,40.1020148,-105.1700736,+13036523100,80544,364 2nd Ave,Niwot,CO,"[{'@type': 'OpeningHoursSpecification', 'dayOfWeek': ['Monday', 'Tuesday', 'Wednesday', 'Thursday', 'Friday', 'Saturday'], 'opens': '11:0', 'closes': '20:0'}]","{'@type': 'PostalAddress', 'addressLocality': 'Niwot', 'addressRegion': 'CO', 'postalCode': '80544', 'addressCountry': 'US', 'streetAddress': '364 2nd Ave'}","{'@type': 'GeoCoordinates', 'latitude': 40.1020148, 'longitude': -105.1700736}",{}
Sumo Japanese Restaurant I,https://www.ubereats.com/denver/food-delivery/sumo-japanese-restaurant-i/RhruUMS5RFC2cdIBm_GV5Q,longmont-colorado,"['Japanese', 'Sushi']",,,$,40.1518895,-105.0969807,+14036848866,80501,225 Ken Pratt Blvd,Longmont,CO,"[{'@type': 'OpeningHoursSpecification', 'dayOfWeek': 'Sunday', 'opens': '11:0', 'closes': '21:30'}, {'@type': 'OpeningHoursSpecification', 'dayOfWeek': 'Sunday', 'opens': '11:30', 'closes': '21:0'}, {'@type': 'OpeningHoursSpecification', 'dayOfWeek': ['Monday', 'Tuesday', 'Wednesday', 'Thursday'], 'opens': '11:0', 'closes': '21:30'}, {'@type': 'OpeningHoursSpecification', 'dayOfWeek': ['Monday', 'Tuesday', 'Wednesday', 'Thursday'], 'opens': '11:0', 'closes': '15:0'}, {'@type': 'OpeningHoursSpecification', 'dayOfWeek': ['Monday', 'Tuesday', 'Wednesday', 'Thursday'], 'opens': '17:0', 'closes': '21:30'}, {'@type': 'OpeningHoursSpecification', 'dayOfWeek': ['Friday', 'Saturday'], 'opens': '11:0', 'closes': '22:0'}, {'@type': 'OpeningHoursSpecification', 'dayOfWeek': ['Friday', 'Saturday'], 'opens': '11:0', 'closes': '15:0'}, {'@type': 'OpeningHoursSpecification', 'dayOfWeek': ['Friday', 'Saturday'], 'opens': '17:0', 'closes': '22:30'}]","{'@type': 'PostalAddress', 'addressLocality': 'Longmont', 'addressRegion': 'CO', 'postalCode': '80501', 'addressCountry': 'US', 'streetAddress': '225 Ken Pratt Blvd'}","{'@type': 'GeoCoordinates', 'latitude': 40.1518895, 'longitude': -105.0969807}",{}
Taco Bell (2010 Ken Pratt Blvd.),https://www.ubereats.com/denver/food-delivery/taco-bell-2010-ken-pratt-blvd/Oil4nU8RSTm0_pa4rv12Fw,longmont-colorado,"['Burritos', 'Fast Food', 'Mexican']",,,$,40.1448263,-105.126695,+13036516862,80501,2010 Ken Pratt Blvd.,Longmont,CO,"[{'@type': 'OpeningHoursSpecification', 'dayOfWeek': ['Sunday', 'Monday', 'Tuesday', 'Wednesday', 'Thursday'], 'opens': '14:0', 'closes': '17:0'}, {'@type': 'OpeningHoursSpecification', 'dayOfWeek': ['Sunday', 'Monday', 'Tuesday', 'Wednesday', 'Thursday'], 'opens': '9:0', 'closes': '0:30'}, {'@type': 'OpeningHoursSpecification', 'dayOfWeek': ['Sunday', 'Monday', 'Tuesday', 'Wednesday', 'Thursday'], 'opens': '7:0', 'closes': '10:30'}, {'@type': 'OpeningHoursSpecification', 'dayOfWeek': ['Friday', 'Saturday'], 'opens': '14:0', 'closes': '17:0'}, {'@type': 'OpeningHoursSpecification', 'dayOfWeek': ['Friday', 'Saturday'], 'opens': '7:0', 'closes': '10:30'}, {'@type': 'OpeningHoursSpecification', 'dayOfWeek': ['Friday', 'Saturday'], 'opens': '9:0', 'closes': '1:30'}]","{'@type': 'PostalAddress', 'addressLocality': 'Longmont', 'addressRegion': 'CO', 'postalCode': '80501', 'addressCountry': 'US', 'streetAddress': '2010 Ken Pratt Blvd.'}","{'@type': 'GeoCoordinates', 'latitude': 40.1448263, 'longitude': -105.126695}",{}
3 Margaritas (Longmont),https://www.ubereats.com/denver/food-delivery/3-margaritas-longmont/VbyX51DNRcu7plg_3KQpZA,longmont-colorado,"['Latin American', 'Mexican']",4.8,16,$$,40.2013638,-105.101731,+13036820888,80501,2350 Main St,Longmont,CO,"[{'@type': 'OpeningHoursSpecification', 'dayOfWeek': 'Sunday', 'opens': '12:0', 'closes': '20:0'}, {'@type': 'OpeningHoursSpecification', 'dayOfWeek': 'Sunday', 'opens': '11:0', 'closes': '20:0'}, {'@type': 'OpeningHoursSpecification', 'dayOfWeek': ['Monday', 'Tuesday', 'Wednesday', 'Thursday', 'Friday'], 'opens': '12:0', 'closes': '20:0'}, {'@type': 'OpeningHoursSpecification', 'dayOfWeek': ['Monday', 'Tuesday', 'Wednesday', 'Thursday', 'Friday'], 'opens': '11:0', 'closes': '20:0'}, {'@type': 'OpeningHoursSpecification', 'dayOfWeek': ['Monday', 'Tuesday', 'Wednesday', 'Thursday', 'Friday'], 'opens': '11:0', 'closes': '15:0'}, {'@type': 'OpeningHoursSpecification', 'dayOfWeek': 'Saturday', 'opens': '12:0', 'closes': '20:0'}, {'@type': 'OpeningHoursSpecification', 'dayOfWeek': 'Saturday', 'opens': '11:0', 'closes': '20:0'}]","{'@type': 'PostalAddress', 'addressLocality': 'Longmont', 'addressRegion': 'CO', 'postalCode': '80501', 'addressCountry': 'US', 'streetAddress': '2350 Main St'}","{'@type': 'GeoCoordinates', 'latitude': 40.2013638, 'longitude': -105.101731}","{'@type': 'AggregateRating', 'ratingValue': 4.8, 'reviewCount': '16'}"
Starbucks (17th and Hover- Longmont),https://www.ubereats.com/denver/food-delivery/starbucks-17th-and-hover-longmont/VFu9gdnZQZWNXQxUs7LYuw,longmont-colorado,"['Bakery', 'Breakfast and Brunch', 'Cafe', 'Coffee & Tea']",4.8,44,$,40.1890994,-105.12987,+13036515683,80501,2318 17th Ave,Longmont,CO,"[{'@type': 'OpeningHoursSpecification', 'dayOfWeek': 'Sunday', 'opens': '5:0', 'closes': '20:30'}, {'@type': 'OpeningHoursSpecification', 'dayOfWeek': ['Monday', 'Tuesday', 'Wednesday', 'Thursday', 'Friday'], 'opens': '5:0', 'closes': '21:30'}, {'@type': 'OpeningHoursSpecification', 'dayOfWeek': 'Saturday', 'opens': '5:0', 'closes': '22:0'}]","{'@type': 'PostalAddress', 'addressLocality': 'Longmont', 'addressRegion': 'CO', 'postalCode': '80501', 'addressCountry': 'US', 'streetAddress': '2318 17th Ave'}","{'@type': 'GeoCoordinates', 'latitude': 40.1890994, 'longitude': -105.12987}","{'@type': 'AggregateRating', 'ratingValue': 4.8, 'reviewCount': '44'}"
Tequila's,https://www.ubereats.com/denver/food-delivery/tequilas/nsSYqsYQTHO1D6JEIQrCrw,longmont-colorado,"['Mexican', 'Seafood']",,,$$,40.1536324,-105.107395,+17204940777,80501,451 S Pratt Pkwy,Longmont,Colorado,"[{'@type': 'OpeningHoursSpecification', 'dayOfWeek': ['Sunday', 'Monday'], 'opens': '11:0', 'closes': '21:0'}, {'@type': 'OpeningHoursSpecification', 'dayOfWeek': ['Sunday', 'Monday'], 'opens': '11:0', 'closes': '15:0'}, {'@type': 'OpeningHoursSpecification', 'dayOfWeek': 'Tuesday', 'opens': '11:0', 'closes': '21:0'}, {'@type': 'OpeningHoursSpecification', 'dayOfWeek': 'Tuesday', 'opens': '11:0', 'closes': '15:0'}, {'@type': 'OpeningHoursSpecification', 'dayOfWeek': 'Tuesday', 'opens': '11:0', 'closes': '21:0'}, {'@type': 'OpeningHoursSpecification', 'dayOfWeek': ['Wednesday', 'Thursday'], 'opens': '11:0', 'closes': '21:0'}, {'@type': 'OpeningHoursSpecification', 'dayOfWeek': ['Wednesday', 'Thursday'], 'opens': '11:0', 'closes': '15:0'}, {'@type': 'OpeningHoursSpecification', 'dayOfWeek': ['Friday', 'Saturday'], 'opens': '11:0', 'closes': '22:0'}, {'@type': 'OpeningHoursSpecification', 'dayOfWeek': ['Friday', 'Saturday'], 'opens': '11:0', 'closes': '15:0'}]","{'@type': 'PostalAddress', 'addressLocality': 'Longmont', 'addressRegion': 'Colorado', 'postalCode': '80501', 'addressCountry': 'US', 'streetAddress': '451 S Pratt Pkwy'}","{'@type': 'GeoCoordinates', 'latitude': 40.1536324, 'longitude': -105.107395}",{}
Wendy's  (1905 N. Main St),https://www.ubereats.com/denver/food-delivery/wendys-1905-n-main-st/fPeMRt2tQqmE5UDVP43_Cw,longmont-colorado,"['American', 'Burgers', 'Fast Food']",,,$,40.1926389,-105.1028501,+13037764431,80501,1905 N. Main St,Longmont,CO,"[{'@type': 'OpeningHoursSpecification', 'dayOfWeek': ['Monday', 'Tuesday', 'Wednesday', 'Thursday', 'Friday', 'Saturday', 'Sunday'], 'opens': '10:30', 'closes': '0:30'}, {'@type': 'OpeningHoursSpecification', 'dayOfWeek': ['Monday', 'Tuesday', 'Wednesday', 'Thursday', 'Friday', 'Saturday', 'Sunday'], 'opens': '6:30', 'closes': '10:0'}]","{'@type': 'PostalAddress', 'addressLocality': 'Longmont', 'addressRegion': 'CO', 'postalCode': '80501', 'addressCountry': 'US', 'streetAddress': '1905 N. Main St'}","{'@type': 'GeoCoordinates', 'latitude': 40.1926389, 'longitude': -105.1028501}",{}
Starbucks (17th & Pace-Longmont),https://www.ubereats.com/denver/food-delivery/starbucks-17th-%26-pace-longmont/lEPjD1cyTv-ALwaSb2vu8g,longmont-colorado,"['Bakery', 'Breakfast and Brunch', 'Cafe', 'Coffee & Tea']",4.8,77,$,40.1880694,-105.0765196,+17204949794,80501,815 e 17TH AVE,Longmont,CO,"[{'@type': 'OpeningHoursSpecification', 'dayOfWeek': 'Sunday', 'opens': '5:30', 'closes': '20:30'}, {'@type': 'OpeningHoursSpecification', 'dayOfWeek': ['Monday', 'Tuesday', 'Wednesday', 'Thursday'], 'opens': '4:30', 'closes': '21:0'}, {'@type': 'OpeningHoursSpecification', 'dayOfWeek': ['Friday', 'Saturday'], 'opens': '4:30', 'closes': '21:30'}]","{'@type': 'PostalAddress', 'addressLocality': 'Longmont', 'addressRegion': 'CO', 'postalCode': '80501', 'addressCountry': 'US', 'streetAddress': '815 e 17TH AVE'}","{'@type': 'GeoCoordinates', 'latitude': 40.1880694, 'longitude': -105.0765196}","{'@type': 'AggregateRating', 'ratingValue': 4.8, 'reviewCount': '77'}"
McDonald's® (1900 N MAIN ST),https://www.ubereats.com/denver/food-delivery/mcdonalds-1900-n-main-st/Xpmht2_RSGi2zgMqmKAS2w,longmont-colorado,"['American', 'Burgers', 'Fast Food']",4.3,55,$,40.19255,-105.101754,+13037723017,80501-1914,1900 N MAIN ST,LONGMONT,CO,"[{'@type': 'OpeningHoursSpecification', 'dayOfWeek': 'Sunday', 'opens': '4:0', 'closes': '10:59'}, {'@type': 'OpeningHoursSpecification', 'dayOfWeek': 'Sunday', 'opens': '11:0', 'closes': '16:59'}, {'@type': 'OpeningHoursSpecification', 'dayOfWeek': 'Sunday', 'opens': '17:0', 'closes': '3:59'}, {'@type': 'OpeningHoursSpecification', 'dayOfWeek': ['Monday', 'Tuesday', 'Wednesday', 'Thursday', 'Friday', 'Saturday'], 'opens': '4:0', 'closes': '10:29'}, {'@type': 'OpeningHoursSpecification', 'dayOfWeek': ['Monday', 'Tuesday', 'Wednesday', 'Thursday', 'Friday', 'Saturday'], 'opens': '10:30', 'closes': '16:59'}, {'@type': 'OpeningHoursSpecification', 'dayOfWeek': ['Monday', 'Tuesday', 'Wednesday', 'Thursday', 'Friday', 'Saturday'], 'opens': '17:0', 'closes': '3:59'}]","{'@type': 'PostalAddress', 'addressLocality': 'LONGMONT', 'addressRegion': 'CO', 'postalCode': '80501-1914', 'addressCountry': 'US', 'streetAddress': '1900 N MAIN ST'}","{'@type': 'GeoCoordinates', 'latitude': 40.19255, 'longitude': -105.101754}","{'@type': 'AggregateRating', 'ratingValue': 4.3, 'reviewCount': '55'}"
Taco Bell (2220 Main Street),https://www.ubereats.com/denver/food-delivery/taco-bell-2220-main-street/QGDa3BeeRuq0JfqiUUTQnw,longmont-colorado,"['Burritos', 'Fast Food', 'Mexican']",,,$,40.1983477,-105.1019365,+13036511322,80501,2220 Main Street,Longmont,CO,"[{'@type': 'OpeningHoursSpecification', 'dayOfWeek': ['Monday', 'Tuesday', 'Wednesday', 'Thursday', 'Friday', 'Saturday', 'Sunday'], 'opens': '14:0', 'closes': '17:0'}, {'@type': 'OpeningHoursSpecification', 'dayOfWeek': ['Monday', 'Tuesday', 'Wednesday', 'Thursday', 'Friday', 'Saturday', 'Sunday'], 'opens': '7:0', 'closes': '1:30'}, {'@type': 'OpeningHoursSpecification', 'dayOfWeek': ['Monday', 'Tuesday', 'Wednesday', 'Thursday', 'Friday', 'Saturday', 'Sunday'], 'opens': '7:0', 'closes': '10:30'}]","{'@type': 'PostalAddress', 'addressLocality': 'Longmont', 'addressRegion': 'CO', 'postalCode': '80501', 'addressCountry': 'US', 'streetAddress': '2220 Main Street'}","{'@type': 'GeoCoordinates', 'latitude': 40.1983477, 'longitude': -105.1019365}",{}
IHOP (2040 Ken Pratt Boulevard),https://www.ubereats.com/denver/food-delivery/ihop-2040-ken-pratt-boulevard/HBvpieUXQR-ge5fCKKQouA,longmont-colorado,"['American', 'Breakfast and Brunch', 'burger', 'Comfort Food', 'Dinner', 'Omelette', 'salad', 'Traditional American', 'Family Meals']",,,$,40.1438747,-105.1284081,+13037766262,80501,2040 Ken Pratt Boulevard,Longmont,CO,"[{'@type': 'OpeningHoursSpecification', 'dayOfWeek': ['Monday', 'Tuesday', 'Wednesday', 'Thursday', 'Friday', 'Saturday', 'Sunday'], 'opens': '7:0', 'closes': '15:50'}]","{'@type': 'PostalAddress', 'addressLocality': 'Longmont', 'addressRegion': 'CO', 'postalCode': '80501', 'addressCountry': 'US', 'streetAddress': '2040 Ken Pratt Boulevard'}","{'@type': 'GeoCoordinates', 'latitude': 40.1438747, 'longitude': -105.1284081}",{}
Taco Palace Longmont,https://www.ubereats.com/denver/food-delivery/taco-palace-longmont/nv2U8qyqQ--AmpAtcyf1dw,longmont-colorado,"['Mexican', 'Latin American', 'New Mexican']",4.7,43,$,40.1519592,-105.09778,+13033963222,80501,305 Ken Pratt Blvd,Longmont,CO,"[{'@type': 'OpeningHoursSpecification', 'dayOfWeek': ['Monday', 'Tuesday', 'Wednesday', 'Thursday', 'Friday', 'Saturday', 'Sunday'], 'opens': '6:30', 'closes': '21:0'}]","{'@type': 'PostalAddress', 'addressLocality': 'Longmont', 'addressRegion': 'CO', 'postalCode': '80501', 'addressCountry': 'US', 'streetAddress': '305 Ken Pratt Blvd'}","{'@type': 'GeoCoordinates', 'latitude': 40.1519592, 'longitude': -105.09778}","{'@type': 'AggregateRating', 'ratingValue': 4.7, 'reviewCount': '43'}"
Subway (965 S Hover St),https://www.ubereats.com/denver/food-delivery/subway-965-s-hover-st/7Pb7RbozRPCM8qUgA8ji3Q,longmont-colorado,"['Fast Food', 'Sandwich', 'American']",,,$,40.1513564,-105.1314215,+13036516978,80501,965 S Hover St,Longmont,CO,"[{'@type': 'OpeningHoursSpecification', 'dayOfWeek': ['Monday', 'Tuesday', 'Wednesday', 'Thursday', 'Friday', 'Saturday', 'Sunday'], 'opens': '10:0', 'closes': '20:30'}]","{'@type': 'PostalAddress', 'addressLocality': 'Longmont', 'addressRegion': 'CO', 'postalCode': '80501', 'addressCountry': 'US', 'streetAddress': '965 S Hover St'}","{'@type': 'GeoCoordinates', 'latitude': 40.1513564, 'longitude': -105.1314215}",{}
