name,url,city,cuisine,avgRating,numReviews,priceRange,latitude,longitude,telephone,postalCode,streetAddress,addressLocality,addressRegion,openingHoursSpecification,addressString,geoString,ratingString
,https://www.ubereats.com/providence/food-delivery/chipotle-mexican-grill-128-medway-rd-ste-8/OfHw4tYeRTaBEpRSY5kWBw,milford-massachusetts,,,,,,,,,,,,,,,
,https://www.ubereats.com/boston/food-delivery/bills-pizza/JXKhtfmNTPi_Mq-ryzusOQ,milford-massachusetts,,,,,,,,,,,,,,,
,https://www.ubereats.com/worcester/food-delivery/dunkin-42-summer-st/UMkoumQxSFeT4YHEku5BtQ,milford-massachusetts,,,,,,,,,,,,,,,
,https://www.ubereats.com/boston/food-delivery/east-main-pizza/zFE2UHizS0Cr7gcKyc1Z8A,milford-massachusetts,,,,,,,,,,,,,,,
,https://www.ubereats.com/providence/food-delivery/taco-bell-420-w-central-st/po8L10UaSjmHK62e0leh7g,milford-massachusetts,,,,,,,,,,,,,,,
Civic Kitchen & Drink,https://www.ubereats.com/worcester/food-delivery/civic-kitchen-%26-drink/1Am0mCtPRyeqKKsmF0r0sQ,milford-massachusetts,"['Burgers', 'Sandwich', 'Salads']",4.6,63,$,42.2640244,-71.62390169999999,+15083295179,01581,121 W Main St,Westborough,MA,"[{'@type': 'OpeningHoursSpecification', 'dayOfWeek': 'Sunday', 'opens': '16:0', 'closes': '19:30'}, {'@type': 'OpeningHoursSpecification', 'dayOfWeek': 'Sunday', 'opens': '12:0', 'closes': '16:0'}, {'@type': 'OpeningHoursSpecification', 'dayOfWeek': ['Tuesday', 'Wednesday', 'Thursday'], 'opens': '16:0', 'closes': '19:30'}, {'@type': 'OpeningHoursSpecification', 'dayOfWeek': ['Tuesday', 'Wednesday', 'Thursday'], 'opens': '12:0', 'closes': '16:0'}, {'@type': 'OpeningHoursSpecification', 'dayOfWeek': ['Friday', 'Saturday'], 'opens': '16:0', 'closes': '21:0'}, {'@type': 'OpeningHoursSpecification', 'dayOfWeek': ['Friday', 'Saturday'], 'opens': '12:0', 'closes': '16:0'}]","{'@type': 'PostalAddress', 'addressLocality': 'Westborough', 'addressRegion': 'MA', 'postalCode': '01581', 'addressCountry': 'US', 'streetAddress': '121 W Main St'}","{'@type': 'GeoCoordinates', 'latitude': 42.2640244, 'longitude': -71.62390169999999}","{'@type': 'AggregateRating', 'ratingValue': 4.6, 'reviewCount': '63'}"
,https://www.ubereats.com/worcester/food-delivery/five-guys-ma-1158-268-b-franklin-village-dr/HFNQUKJMRhS933TU5ovQ6A,milford-massachusetts,,,,,,,,,,,,,,,
,https://www.ubereats.com/worcester/food-delivery/moes-250-hartford-avenue/asc9VlsqSIO1xe3g9Xg47w,milford-massachusetts,,,,,,,,,,,,,,,
,https://www.ubereats.com/worcester/food-delivery/dunkin-189-hartford-ave/h5WZdM9JQ5iyr-CEYOIWDg,milford-massachusetts,,,,,,,,,,,,,,,
,https://www.ubereats.com/worcester/food-delivery/dairy-queen-grill-%26-chill-21-n-main-st/s7eQXAUnQ4an1LvD4Akjug,milford-massachusetts,,,,,,,,,,,,,,,
,https://www.ubereats.com/boston/food-delivery/uno-pizzeria-%26-grill-%23238/2p8gSxBMSXurHMR6TWykPw,milford-massachusetts,,,,,,,,,,,,,,,
,https://www.ubereats.com/worcester/food-delivery/dunkin-541-w-central-st/n4H5gc2STEGW26ldTcO7FA,milford-massachusetts,,,,,,,,,,,,,,,
,https://www.ubereats.com/boston/food-delivery/pizza-chef-milford/dCZofRTmQcy2qPgK95u9oA,milford-massachusetts,,,,,,,,,,,,,,,
Larry Joe's New England FirePit,https://www.ubereats.com/worcester/food-delivery/larry-joes-new-england-firepit/g6lySOD-TjawAunRoP-Jgg,milford-massachusetts,"['American', 'Kids Friendly', 'Gourmet']",,,$,42.098858,-71.501691,+15087359006,,,,,"[{'@type': 'OpeningHoursSpecification', 'dayOfWeek': 'Sunday', 'opens': '12:0', 'closes': '16:0'}, {'@type': 'OpeningHoursSpecification', 'dayOfWeek': ['Wednesday', 'Thursday'], 'opens': '12:0', 'closes': '16:0'}, {'@type': 'OpeningHoursSpecification', 'dayOfWeek': ['Friday', 'Saturday'], 'opens': '12:0', 'closes': '18:0'}]",,"{'@type': 'GeoCoordinates', 'latitude': 42.098858, 'longitude': -71.501691}",{}
,https://www.ubereats.com/boston/food-delivery/larry-joes-new-england-firepit/g6lySOD-TjawAunRoP-Jgg,milford-massachusetts,,,,,,,,,,,,,,,
,https://www.ubereats.com/worcester/food-delivery/marao-burgers-framingham/EzWN9wJETDyaZUMX91JzOA,milford-massachusetts,,,,,,,,,,,,,,,
,https://www.ubereats.com/worcester/food-delivery/papa-ginos-74-main-street/qq8Qs4g-RwSId69qQX7jEg,milford-massachusetts,,,,,,,,,,,,,,,
,https://www.ubereats.com/providence/food-delivery/acapulcos-mexican-family-restaurant-and-cantina/2cncqBQgTWGyeKxyXgdFMQ,milford-massachusetts,,,,,,,,,,,,,,,
,https://www.ubereats.com/boston/food-delivery/bertuccis-160-turnpike-rd/c2msOPaqSPCv4awJ6krM3w,milford-massachusetts,,,,,,,,,,,,,,,
,https://www.ubereats.com/worcester/food-delivery/jacks-abby-brewing/MnKHP7cATi6brV0GIoD_Nw,milford-massachusetts,,,,,,,,,,,,,,,
,https://www.ubereats.com/worcester/food-delivery/chateau-restaurant-franklin/um400Gr0TzGOCWUQH-FWDQ,milford-massachusetts,,,,,,,,,,,,,,,
,https://www.ubereats.com/providence/food-delivery/moes-250-hartford-avenue/asc9VlsqSIO1xe3g9Xg47w,milford-massachusetts,,,,,,,,,,,,,,,
Tabletop pizza,https://www.ubereats.com/boston/food-delivery/tabletop-pizza/NEFQxw6MS2CQ172oOL6p7A,milford-massachusetts,"['Pizza', 'American', 'Italian']",,,$,42.1180622,-71.43016829999999,+15085338550,02038,804 Pond Street 1 floor,Franklin,MA,"[{'@type': 'OpeningHoursSpecification', 'dayOfWeek': 'Sunday', 'opens': '16:0', 'closes': '22:0'}, {'@type': 'OpeningHoursSpecification', 'dayOfWeek': ['Tuesday', 'Wednesday', 'Thursday'], 'opens': '10:0', 'closes': '22:0'}, {'@type': 'OpeningHoursSpecification', 'dayOfWeek': ['Friday', 'Saturday'], 'opens': '10:0', 'closes': '23:0'}]","{'@type': 'PostalAddress', 'addressLocality': 'Franklin', 'addressRegion': 'MA', 'postalCode': '02038', 'addressCountry': 'US', 'streetAddress': '804 Pond Street 1 floor'}","{'@type': 'GeoCoordinates', 'latitude': 42.1180622, 'longitude': -71.43016829999999}",{}
,https://www.ubereats.com/worcester/food-delivery/kfc-137-clinton-street/UQ6k_ehcR-e6ugJiNTIV8g,milford-massachusetts,,,,,,,,,,,,,,,
,https://www.ubereats.com/worcester/food-delivery/table-toppizza/tiVNUCkTT6OsccDtFFm5LQ,milford-massachusetts,,,,,,,,,,,,,,,
,https://www.ubereats.com/worcester/food-delivery/dunkin-207-mechanic-st-rapid-refill-station/xRL7mhlOSraOwFVev5SbiQ,milford-massachusetts,,,,,,,,,,,,,,,
,https://www.ubereats.com/boston/food-delivery/papa-ginos-42-cape-road/M8Q7KK2ITAyCdte01DXWNw,milford-massachusetts,,,,,,,,,,,,,,,
,https://www.ubereats.com/worcester/food-delivery/los-pinos-mexican-grill-iv/MaYNCDFUSuSS1wDfiLFMtQ,milford-massachusetts,,,,,,,,,,,,,,,
,https://www.ubereats.com/worcester/food-delivery/tabletop-pizza/NEFQxw6MS2CQ172oOL6p7A,milford-massachusetts,,,,,,,,,,,,,,,
,https://www.ubereats.com/worcester/food-delivery/outback-steakhouse-275-north-main-street/IjTYB_5SR3GQYEN7K_S4_A,milford-massachusetts,,,,,,,,,,,,,,,
,https://www.ubereats.com/worcester/food-delivery/taco-bell-420-w-central-st/po8L10UaSjmHK62e0leh7g,milford-massachusetts,,,,,,,,,,,,,,,
,https://www.ubereats.com/boston/food-delivery/bread-bowl-cafe/pQfuAHHWR32e-k8f63u-7Q,milford-massachusetts,,,,,,,,,,,,,,,
,https://www.ubereats.com/providence/food-delivery/sol-de-mexico-bar-%26-grill/X0yOf5d8SSCMDb1gvN_gXA,milford-massachusetts,,,,,,,,,,,,,,,
,https://www.ubereats.com/worcester/food-delivery/jersey-mikes-subs-471-w-central-st/NEL7mry1QjmUsWLBTmI8Fw,milford-massachusetts,,,,,,,,,,,,,,,
,https://www.ubereats.com/worcester/food-delivery/table-top-lizza/SwiSnotNQOqZNgc0G-UXyQ,milford-massachusetts,,,,,,,,,,,,,,,
,https://www.ubereats.com/providence/food-delivery/taco-bell-289-turnpike-rd/jac32cVKT7iDM2N8jT7JlQ,milford-massachusetts,,,,,,,,,,,,,,,
,https://www.ubereats.com/worcester/food-delivery/chipotle-mexican-grill-5-franklin-village-dr/N_QWU6BBTPi7Rop2A9KJIA,milford-massachusetts,,,,,,,,,,,,,,,
,https://www.ubereats.com/boston/food-delivery/mariscos-lagunas/O7hGGopOTcOMjT-LYE1SUg,milford-massachusetts,,,,,,,,,,,,,,,
,https://www.ubereats.com/worcester/food-delivery/table-top-pizza/D-PlgiYQTIecxdo1--hHOg,milford-massachusetts,,,,,,,,,,,,,,,
,https://www.ubereats.com/worcester/food-delivery/wendys-505-west-central-street/U3s-qqTuRPacxF0Y-YejXw,milford-massachusetts,,,,,,,,,,,,,,,
Oliveira's Express (Main St.),https://www.ubereats.com/worcester/food-delivery/oliveiras-express-main-st/s9KnH33GTRam_CmPyq85AQ,milford-massachusetts,"['Brazilian', 'South American', 'Portuguese']",,,$,42.1417947,-71.5184467,+15084787818,1757,112 Main St,Milford,MA,"[{'@type': 'OpeningHoursSpecification', 'dayOfWeek': ['Monday', 'Tuesday', 'Wednesday', 'Thursday', 'Friday', 'Saturday', 'Sunday'], 'opens': '11:15', 'closes': '20:0'}]","{'@type': 'PostalAddress', 'addressLocality': 'Milford', 'addressRegion': 'MA', 'postalCode': '1757', 'addressCountry': 'US', 'streetAddress': '112 Main St'}","{'@type': 'GeoCoordinates', 'latitude': 42.1417947, 'longitude': -71.5184467}",{}
,https://www.ubereats.com/worcester/food-delivery/sol-de-mexico-bar-%26-grill/X0yOf5d8SSCMDb1gvN_gXA,milford-massachusetts,,,,,,,,,,,,,,,
Mac City,https://www.ubereats.com/boston/food-delivery/mac-city/7q7j1DBpSICO84fv-LJ04g,milford-massachusetts,"['Pizza', 'Pasta', 'Fast Food']",,,$,42.082833,-71.397696,+15083463219,02038,13 W Central St,Franklin,Massachusetts,"[{'@type': 'OpeningHoursSpecification', 'dayOfWeek': 'Sunday', 'opens': '11:0', 'closes': '20:0'}, {'@type': 'OpeningHoursSpecification', 'dayOfWeek': 'Sunday', 'opens': '11:0', 'closes': '15:0'}, {'@type': 'OpeningHoursSpecification', 'dayOfWeek': ['Tuesday', 'Wednesday', 'Thursday', 'Friday', 'Saturday'], 'opens': '11:0', 'closes': '20:0'}, {'@type': 'OpeningHoursSpecification', 'dayOfWeek': ['Tuesday', 'Wednesday', 'Thursday', 'Friday', 'Saturday'], 'opens': '11:0', 'closes': '15:0'}]","{'@type': 'PostalAddress', 'addressLocality': 'Franklin', 'addressRegion': 'Massachusetts', 'postalCode': '02038', 'addressCountry': 'US', 'streetAddress': '13 W Central St'}","{'@type': 'GeoCoordinates', 'latitude': 42.082833, 'longitude': -71.397696}",{}
Marao Burgers (Framingham),https://www.ubereats.com/boston/food-delivery/marao-burgers-framingham/EzWN9wJETDyaZUMX91JzOA,milford-massachusetts,"['Burgers', 'American', 'Sandwiches', 'Allergy Friendly']",4.2,17,$,42.2755482,-71.4171779,+15083094001,01702,61 Hollis St,Framingham,MA,"[{'@type': 'OpeningHoursSpecification', 'dayOfWeek': ['Monday', 'Tuesday', 'Wednesday', 'Thursday', 'Friday', 'Saturday', 'Sunday'], 'opens': '11:0', 'closes': '22:0'}]","{'@type': 'PostalAddress', 'addressLocality': 'Framingham', 'addressRegion': 'MA', 'postalCode': '01702', 'addressCountry': 'US', 'streetAddress': '61 Hollis St'}","{'@type': 'GeoCoordinates', 'latitude': 42.2755482, 'longitude': -71.4171779}","{'@type': 'AggregateRating', 'ratingValue': 4.2, 'reviewCount': '17'}"
,https://www.ubereats.com/boston/food-delivery/dairy-queen-treat-18-summer-st/mABB-W8IRpqI9pt5OmBCBw,milford-massachusetts,,,,,,,,,,,,,,,
Commonwealth BBQ,https://www.ubereats.com/boston/food-delivery/commonwealth-bbq/klYu9oeHTiyoJ7vOKPo3LA,milford-massachusetts,"['BBQ', 'American', 'Burgers']",4.4,19,$,42.0506013,-71.34553319999999,+15083849676,02093,659 South St,Wrentham,MA,"[{'@type': 'OpeningHoursSpecification', 'dayOfWeek': 'Wednesday', 'opens': '11:0', 'closes': '19:30'}]","{'@type': 'PostalAddress', 'addressLocality': 'Wrentham', 'addressRegion': 'MA', 'postalCode': '02093', 'addressCountry': 'US', 'streetAddress': '659 South St'}","{'@type': 'GeoCoordinates', 'latitude': 42.0506013, 'longitude': -71.34553319999999}","{'@type': 'AggregateRating', 'ratingValue': 4.4, 'reviewCount': '19'}"
,https://www.ubereats.com/worcester/food-delivery/mac-city/7q7j1DBpSICO84fv-LJ04g,milford-massachusetts,,,,,,,,,,,,,,,
,https://www.ubereats.com/worcester/food-delivery/dunkin-1170-worcester-rd/QqRIRBGDQe2ep6rN8d8whw,milford-massachusetts,,,,,,,,,,,,,,,
,https://www.ubereats.com/worcester/food-delivery/acapulcos-mexican-family-restaurant-and-cantina/2cncqBQgTWGyeKxyXgdFMQ,milford-massachusetts,,,,,,,,,,,,,,,
,https://www.ubereats.com/providence/food-delivery/mariscos-lagunas/O7hGGopOTcOMjT-LYE1SUg,milford-massachusetts,,,,,,,,,,,,,,,
,https://www.ubereats.com/worcester/food-delivery/honey-dew-donuts-14-w-union-st/ur3GpMJIRJynU7bukClI_A,milford-massachusetts,,,,,,,,,,,,,,,
,https://www.ubereats.com/providence/food-delivery/los-pinos-mexican-grill-iv/MaYNCDFUSuSS1wDfiLFMtQ,milford-massachusetts,,,,,,,,,,,,,,,
Franklin house of pizza,https://www.ubereats.com/boston/food-delivery/franklin-house-of-pizza/af3iQdGpSGOoLzdSB4KQSA,milford-massachusetts,"['Pizza', 'Italian', 'Western']",,,$$,42.08827610000001,-71.4118994,+15085282811,02038,355 W Central St,Franklin,Massachusetts,"[{'@type': 'OpeningHoursSpecification', 'dayOfWeek': 'Sunday', 'opens': '12:0', 'closes': '22:0'}, {'@type': 'OpeningHoursSpecification', 'dayOfWeek': 'Sunday', 'opens': '12:0', 'closes': '22:0'}, {'@type': 'OpeningHoursSpecification', 'dayOfWeek': ['Monday', 'Tuesday', 'Wednesday', 'Thursday', 'Friday', 'Saturday'], 'opens': '11:0', 'closes': '22:0'}, {'@type': 'OpeningHoursSpecification', 'dayOfWeek': ['Monday', 'Tuesday', 'Wednesday', 'Thursday', 'Friday', 'Saturday'], 'opens': '11:0', 'closes': '22:0'}]","{'@type': 'PostalAddress', 'addressLocality': 'Franklin', 'addressRegion': 'Massachusetts', 'postalCode': '02038', 'addressCountry': 'US', 'streetAddress': '355 W Central St'}","{'@type': 'GeoCoordinates', 'latitude': 42.08827610000001, 'longitude': -71.4118994}",{}
Papa Gino's (245 Franklin Village Drive),https://www.ubereats.com/boston/food-delivery/papa-ginos-245-franklin-village-drive/nztVo4-ISSiYjITx4ZYEwA,milford-massachusetts,"['American', 'Pasta', 'Pizza']",,,$,42.08819099999999,-71.42405029999999,+15085203533,2038,245,Franklin,MA,"[{'@type': 'OpeningHoursSpecification', 'dayOfWeek': 'Sunday', 'opens': '11:0', 'closes': '20:15'}, {'@type': 'OpeningHoursSpecification', 'dayOfWeek': ['Monday', 'Tuesday', 'Wednesday', 'Thursday'], 'opens': '10:30', 'closes': '20:15'}, {'@type': 'OpeningHoursSpecification', 'dayOfWeek': ['Friday', 'Saturday'], 'opens': '10:30', 'closes': '21:45'}]","{'@type': 'PostalAddress', 'addressLocality': 'Franklin', 'addressRegion': 'MA', 'postalCode': '2038', 'addressCountry': 'US', 'streetAddress': '245'}","{'@type': 'GeoCoordinates', 'latitude': 42.08819099999999, 'longitude': -71.42405029999999}",{}
Five Guys MA-1334 9 Medway Rd,https://www.ubereats.com/worcester/food-delivery/five-guys-ma-1334-9-medway-rd/jBUQo-HGR9ajyb8EuWFMEA,milford-massachusetts,"['American', 'Burgers', 'Sandwich']",4.3,22,$,42.1495991,-71.50217599999999,+15083810652,1757,9 Medway Road,Milford,MA,"[{'@type': 'OpeningHoursSpecification', 'dayOfWeek': 'Sunday', 'opens': '11:0', 'closes': '21:0'}, {'@type': 'OpeningHoursSpecification', 'dayOfWeek': ['Monday', 'Tuesday', 'Wednesday', 'Thursday'], 'opens': '11:0', 'closes': '20:0'}, {'@type': 'OpeningHoursSpecification', 'dayOfWeek': ['Friday', 'Saturday'], 'opens': '11:0', 'closes': '21:0'}]","{'@type': 'PostalAddress', 'addressLocality': 'Milford', 'addressRegion': 'MA', 'postalCode': '1757', 'addressCountry': 'US', 'streetAddress': '9 Medway Road'}","{'@type': 'GeoCoordinates', 'latitude': 42.1495991, 'longitude': -71.50217599999999}","{'@type': 'AggregateRating', 'ratingValue': 4.3, 'reviewCount': '22'}"
Chipotle Mexican Grill (128 Medway Rd Ste 8),https://www.ubereats.com/worcester/food-delivery/chipotle-mexican-grill-128-medway-rd-ste-8/OfHw4tYeRTaBEpRSY5kWBw,milford-massachusetts,"['Healthy', 'Mexican']",4.2,52,$,42.14866749999999,-71.48786369999999,+15084730261,1757,128 Medway Rd Ste 8,Milford,MA,"[{'@type': 'OpeningHoursSpecification', 'dayOfWeek': ['Monday', 'Tuesday', 'Wednesday', 'Thursday', 'Friday', 'Saturday', 'Sunday'], 'opens': '10:45', 'closes': '21:40'}]","{'@type': 'PostalAddress', 'addressLocality': 'Milford', 'addressRegion': 'MA', 'postalCode': '1757', 'addressCountry': 'US', 'streetAddress': '128 Medway Rd Ste 8'}","{'@type': 'GeoCoordinates', 'latitude': 42.14866749999999, 'longitude': -71.48786369999999}","{'@type': 'AggregateRating', 'ratingValue': 4.2, 'reviewCount': '52'}"
Papa Gino's (74 Main Street),https://www.ubereats.com/boston/food-delivery/papa-ginos-74-main-street/qq8Qs4g-RwSId69qQX7jEg,milford-massachusetts,"['Italian', 'Pasta', 'Comfort Food']",,,$,42.151505,-71.412764,+15085334301,2053,74 Main Street,Medway,MA,"[{'@type': 'OpeningHoursSpecification', 'dayOfWeek': 'Sunday', 'opens': '11:0', 'closes': '21:15'}, {'@type': 'OpeningHoursSpecification', 'dayOfWeek': ['Monday', 'Tuesday', 'Wednesday', 'Thursday', 'Friday', 'Saturday'], 'opens': '10:30', 'closes': '21:15'}]","{'@type': 'PostalAddress', 'addressLocality': 'Medway', 'addressRegion': 'MA', 'postalCode': '2053', 'addressCountry': 'US', 'streetAddress': '74 Main Street'}","{'@type': 'GeoCoordinates', 'latitude': 42.151505, 'longitude': -71.412764}",{}
Wing Squad - Westboro,https://www.ubereats.com/worcester/food-delivery/wing-squad-westboro/19X--HTGSJ6AQRT1jXTQYw,milford-massachusetts,"['Wings', 'American', 'Fast Food']",3.9,20,$,42.2843164,-71.613703,+18887996601,01581,160 Turnpike Road,Westborough,MA,"[{'@type': 'OpeningHoursSpecification', 'dayOfWeek': ['Sunday', 'Monday', 'Tuesday', 'Wednesday'], 'opens': '11:30', 'closes': '21:30'}, {'@type': 'OpeningHoursSpecification', 'dayOfWeek': ['Thursday', 'Friday', 'Saturday'], 'opens': '11:30', 'closes': '22:0'}]","{'@type': 'PostalAddress', 'addressLocality': 'Westborough', 'addressRegion': 'MA', 'postalCode': '01581', 'addressCountry': 'US', 'streetAddress': '160 Turnpike Road'}","{'@type': 'GeoCoordinates', 'latitude': 42.2843164, 'longitude': -71.613703}","{'@type': 'AggregateRating', 'ratingValue': 3.9, 'reviewCount': '20'}"
,https://www.ubereats.com/worcester/food-delivery/riverfalls-restaurant/zYiV2UVdSoWjzFot6wa4bw,milford-massachusetts,,,,,,,,,,,,,,,
,https://www.ubereats.com/worcester/food-delivery/dunkin-430-franklin-st/BOfA6cVAQymL4GJ_IEio4Q,milford-massachusetts,,,,,,,,,,,,,,,
El Basha Restaurant,https://www.ubereats.com/worcester/food-delivery/el-basha-restaurant/PZECaGKwTKepazKR59-VdQ,milford-massachusetts,['Mediterranean'],4.9,16,$,42.2897125,-71.5847682,+15083662455,1581,2 Connector Road,Westborough,MA,"[{'@type': 'OpeningHoursSpecification', 'dayOfWeek': 'Sunday', 'opens': '2:58', 'closes': '3:0'}, {'@type': 'OpeningHoursSpecification', 'dayOfWeek': 'Sunday', 'opens': '2:56', 'closes': '3:0'}]","{'@type': 'PostalAddress', 'addressLocality': 'Westborough', 'addressRegion': 'MA', 'postalCode': '1581', 'addressCountry': 'US', 'streetAddress': '2 Connector Road'}","{'@type': 'GeoCoordinates', 'latitude': 42.2897125, 'longitude': -71.5847682}","{'@type': 'AggregateRating', 'ratingValue': 4.9, 'reviewCount': '16'}"
MOE'S (76 Otis Street),https://www.ubereats.com/worcester/food-delivery/moes-76-otis-street/x4-4xnvXRryWy2yQDXMBtw,milford-massachusetts,"['Mexican', 'Fast Food', 'Salads']",4.8,19,$,42.28201079999999,-71.65384689999999,+15083295139,1581,76 Otis Street,Westborough,MA,"[{'@type': 'OpeningHoursSpecification', 'dayOfWeek': ['Monday', 'Tuesday', 'Wednesday', 'Thursday', 'Friday', 'Saturday', 'Sunday'], 'opens': '11:0', 'closes': '20:0'}]","{'@type': 'PostalAddress', 'addressLocality': 'Westborough', 'addressRegion': 'MA', 'postalCode': '1581', 'addressCountry': 'US', 'streetAddress': '76 Otis Street'}","{'@type': 'GeoCoordinates', 'latitude': 42.28201079999999, 'longitude': -71.65384689999999}","{'@type': 'AggregateRating', 'ratingValue': 4.8, 'reviewCount': '19'}"
Dairy Queen - Treat (18 Summer St),https://www.ubereats.com/worcester/food-delivery/dairy-queen-treat-18-summer-st/mABB-W8IRpqI9pt5OmBCBw,milford-massachusetts,"['American', 'Fast Food', 'Ice Cream & Frozen Yogurt']",4.7,61,$,42.27018169999999,-71.6140535,+15083665900,,,,,"[{'@type': 'OpeningHoursSpecification', 'dayOfWeek': ['Monday', 'Tuesday', 'Wednesday', 'Thursday', 'Friday', 'Saturday', 'Sunday'], 'opens': '11:0', 'closes': '21:0'}]",,"{'@type': 'GeoCoordinates', 'latitude': 42.27018169999999, 'longitude': -71.6140535}","{'@type': 'AggregateRating', 'ratingValue': 4.7, 'reviewCount': '61'}"
,https://www.ubereats.com/worcester/food-delivery/papa-ginos-245-franklin-village-drive/nztVo4-ISSiYjITx4ZYEwA,milford-massachusetts,,,,,,,,,,,,,,,
,https://www.ubereats.com/worcester/food-delivery/hanto/-Kx0n1i_ShSLsOJLkOZhCw,milford-massachusetts,,,,,,,,,,,,,,,
,https://www.ubereats.com/worcester/food-delivery/guanachapis-express/9_gbT0EIR3qhROuUlmtiCw,milford-massachusetts,,,,,,,,,,,,,,,
,https://www.ubereats.com/boston/food-delivery/dennys-44-dowling-village-blvd/j7Nwm_K0SHuRGmLa2AWbyw,milford-massachusetts,,,,,,,,,,,,,,,
Los Pinos Mexican Grill IV,https://www.ubereats.com/boston/food-delivery/los-pinos-mexican-grill-iv/MaYNCDFUSuSS1wDfiLFMtQ,milford-massachusetts,"['Mexican', 'Latin American', 'New Mexican']",4.8,66,$,42.2800155,-71.41590529999999,+15082029230,01702,183 Concord St,Framingham,MA,"[{'@type': 'OpeningHoursSpecification', 'dayOfWeek': ['Monday', 'Tuesday', 'Wednesday', 'Thursday', 'Friday', 'Saturday', 'Sunday'], 'opens': '8:0', 'closes': '21:30'}]","{'@type': 'PostalAddress', 'addressLocality': 'Framingham', 'addressRegion': 'MA', 'postalCode': '01702', 'addressCountry': 'US', 'streetAddress': '183 Concord St'}","{'@type': 'GeoCoordinates', 'latitude': 42.2800155, 'longitude': -71.41590529999999}","{'@type': 'AggregateRating', 'ratingValue': 4.8, 'reviewCount': '66'}"
,https://www.ubereats.com/providence/food-delivery/moes-76-otis-street/x4-4xnvXRryWy2yQDXMBtw,milford-massachusetts,,,,,,,,,,,,,,,
Table top lizza,https://www.ubereats.com/boston/food-delivery/table-top-lizza/SwiSnotNQOqZNgc0G-UXyQ,milford-massachusetts,"['Pizza', 'Italian', 'Pasta', 'Salads']",,,,42.11814,-71.43046,+15085200550,02038,804 Pond Street,Franklin,MA,"[{'@type': 'OpeningHoursSpecification', 'dayOfWeek': 'Sunday', 'opens': '16:0', 'closes': '21:0'}, {'@type': 'OpeningHoursSpecification', 'dayOfWeek': ['Tuesday', 'Wednesday', 'Thursday', 'Friday', 'Saturday'], 'opens': '11:0', 'closes': '21:0'}]","{'@type': 'PostalAddress', 'addressLocality': 'Franklin', 'addressRegion': 'MA', 'postalCode': '02038', 'addressCountry': 'US', 'streetAddress': '804 Pond Street'}","{'@type': 'GeoCoordinates', 'latitude': 42.11814, 'longitude': -71.43046}",{}
,https://www.ubereats.com/boston/food-delivery/riverfalls-restaurant/zYiV2UVdSoWjzFot6wa4bw,milford-massachusetts,,,,,,,,,,,,,,,
,https://www.ubereats.com/boston/food-delivery/uhlmans-ice-cream/pGx3TXQLS8yuGc42iT_ILw,milford-massachusetts,,,,,,,,,,,,,,,
,https://www.ubereats.com/worcester/food-delivery/taco-bell-1500-diamond-hill-rd/xyXiT7gjTve9MkfzQB1x-w,milford-massachusetts,,,,,,,,,,,,,,,
Bread Bowl Cafe,https://www.ubereats.com/worcester/food-delivery/bread-bowl-cafe/pQfuAHHWR32e-k8f63u-7Q,milford-massachusetts,"['Vegan', 'Salads', 'Sandwich']",,,$$,42.1348326,-71.5252615,+15086032233,01757,319 1/2 Main St,Milford,Massachusetts,"[{'@type': 'OpeningHoursSpecification', 'dayOfWeek': ['Monday', 'Tuesday'], 'opens': '11:0', 'closes': '15:0'}, {'@type': 'OpeningHoursSpecification', 'dayOfWeek': 'Wednesday', 'opens': '11:0', 'closes': '20:0'}, {'@type': 'OpeningHoursSpecification', 'dayOfWeek': 'Wednesday', 'opens': '15:0', 'closes': '20:0'}, {'@type': 'OpeningHoursSpecification', 'dayOfWeek': 'Thursday', 'opens': '11:0', 'closes': '20:0'}, {'@type': 'OpeningHoursSpecification', 'dayOfWeek': 'Thursday', 'opens': '15:0', 'closes': '20:0'}, {'@type': 'OpeningHoursSpecification', 'dayOfWeek': 'Friday', 'opens': '11:0', 'closes': '15:0'}]","{'@type': 'PostalAddress', 'addressLocality': 'Milford', 'addressRegion': 'Massachusetts', 'postalCode': '01757', 'addressCountry': 'US', 'streetAddress': '319 1/2 Main St'}","{'@type': 'GeoCoordinates', 'latitude': 42.1348326, 'longitude': -71.5252615}",{}
Bill's Pizza,https://www.ubereats.com/worcester/food-delivery/bills-pizza/JXKhtfmNTPi_Mq-ryzusOQ,milford-massachusetts,"['Italian', 'Western', 'Pizza', 'Pasta', 'Burgers']",,,$$,42.1416136,-71.5187846,+15084733420,01757,126 Main St,Milford,MA,"[{'@type': 'OpeningHoursSpecification', 'dayOfWeek': 'Sunday', 'opens': '11:0', 'closes': '21:0'}, {'@type': 'OpeningHoursSpecification', 'dayOfWeek': ['Tuesday', 'Wednesday', 'Thursday', 'Friday', 'Saturday'], 'opens': '11:0', 'closes': '21:0'}]","{'@type': 'PostalAddress', 'addressLocality': 'Milford', 'addressRegion': 'MA', 'postalCode': '01757', 'addressCountry': 'US', 'streetAddress': '126 Main St'}","{'@type': 'GeoCoordinates', 'latitude': 42.1416136, 'longitude': -71.5187846}",{}
Mariscos Lagunas,https://www.ubereats.com/worcester/food-delivery/mariscos-lagunas/O7hGGopOTcOMjT-LYE1SUg,milford-massachusetts,"['Mexican', 'Latin American', 'New Mexican']",5.0,10,$,42.151754,-71.4960909,+17734311800,1757,206 E Main St,Milford,MA,"[{'@type': 'OpeningHoursSpecification', 'dayOfWeek': 'Sunday', 'opens': '12:0', 'closes': '18:0'}, {'@type': 'OpeningHoursSpecification', 'dayOfWeek': ['Monday', 'Tuesday', 'Wednesday', 'Thursday', 'Friday', 'Saturday'], 'opens': '11:0', 'closes': '20:0'}]","{'@type': 'PostalAddress', 'addressLocality': 'Milford', 'addressRegion': 'MA', 'postalCode': '1757', 'addressCountry': 'US', 'streetAddress': '206 E Main St'}","{'@type': 'GeoCoordinates', 'latitude': 42.151754, 'longitude': -71.4960909}","{'@type': 'AggregateRating', 'ratingValue': 5, 'reviewCount': '10'}"
,https://www.ubereats.com/worcester/food-delivery/wing-squad-holliston/USDrtHhPSIWndp6HEdtYpQ,milford-massachusetts,,,,,,,,,,,,,,,
Chipotle Mexican Grill (1 Oak St Ste 2),https://www.ubereats.com/worcester/food-delivery/chipotle-mexican-grill-1-oak-st-ste-2/tpRegs4gQNuaY-tsQutJuQ,milford-massachusetts,"['Healthy', 'Mexican']",4.4,56,$,42.2858857,-71.60855719999999,+15083660653,1581,1 Oak St Ste 2,Westborough,MA,"[{'@type': 'OpeningHoursSpecification', 'dayOfWeek': ['Monday', 'Tuesday', 'Wednesday', 'Thursday', 'Friday', 'Saturday', 'Sunday'], 'opens': '10:45', 'closes': '20:40'}]","{'@type': 'PostalAddress', 'addressLocality': 'Westborough', 'addressRegion': 'MA', 'postalCode': '1581', 'addressCountry': 'US', 'streetAddress': '1 Oak St Ste 2'}","{'@type': 'GeoCoordinates', 'latitude': 42.2858857, 'longitude': -71.60855719999999}","{'@type': 'AggregateRating', 'ratingValue': 4.4, 'reviewCount': '56'}"
,https://www.ubereats.com/providence/food-delivery/chipotle-mexican-grill-1-oak-st-ste-2/tpRegs4gQNuaY-tsQutJuQ,milford-massachusetts,,,,,,,,,,,,,,,
Dunkin' (146 S Main St),https://www.ubereats.com/worcester/food-delivery/dunkin-146-s-main-st/BN_gWqRkRiKYxK010bOPyg,milford-massachusetts,"['Coffee and Tea', 'American', 'Breakfast and Brunch']",,,$,42.12574499999999,-71.5154912,+15084229772,1757,146 S Main St,Milford,MA,"[{'@type': 'OpeningHoursSpecification', 'dayOfWeek': ['Monday', 'Tuesday', 'Wednesday', 'Thursday', 'Friday', 'Saturday', 'Sunday'], 'opens': '4:0', 'closes': '21:0'}]","{'@type': 'PostalAddress', 'addressLocality': 'Milford', 'addressRegion': 'MA', 'postalCode': '1757', 'addressCountry': 'US', 'streetAddress': '146 S Main St'}","{'@type': 'GeoCoordinates', 'latitude': 42.12574499999999, 'longitude': -71.5154912}",{}
Uno Pizzeria & Grill (#238),https://www.ubereats.com/worcester/food-delivery/uno-pizzeria-%26-grill-%23238/2p8gSxBMSXurHMR6TWykPw,milford-massachusetts,"['Pizza', 'Sandwich', 'Salads', 'Healthy', 'Vegetarian']",4.2,27,$$,42.2842032,-71.63541,+15086160300,01581,225 Turnpike Road,Westborough,MA,"[{'@type': 'OpeningHoursSpecification', 'dayOfWeek': ['Sunday', 'Monday', 'Tuesday', 'Wednesday', 'Thursday'], 'opens': '12:0', 'closes': '20:30'}, {'@type': 'OpeningHoursSpecification', 'dayOfWeek': ['Friday', 'Saturday'], 'opens': '12:0', 'closes': '21:30'}]","{'@type': 'PostalAddress', 'addressLocality': 'Westborough', 'addressRegion': 'MA', 'postalCode': '01581', 'addressCountry': 'US', 'streetAddress': '225 Turnpike Road'}","{'@type': 'GeoCoordinates', 'latitude': 42.2842032, 'longitude': -71.63541}","{'@type': 'AggregateRating', 'ratingValue': 4.2, 'reviewCount': '27'}"
Table toppizza,https://www.ubereats.com/boston/food-delivery/table-toppizza/tiVNUCkTT6OsccDtFFm5LQ,milford-massachusetts,"['Pizza', 'American', 'Italian', 'Pasta']",,,$,42.1180622,-71.43016829999999,+15085208550,02038,804 Pond Street 1 floor,Franklin,MA,"[{'@type': 'OpeningHoursSpecification', 'dayOfWeek': 'Sunday', 'opens': '16:0', 'closes': '20:30'}, {'@type': 'OpeningHoursSpecification', 'dayOfWeek': ['Tuesday', 'Wednesday', 'Thursday'], 'opens': '10:0', 'closes': '20:30'}, {'@type': 'OpeningHoursSpecification', 'dayOfWeek': 'Friday', 'opens': '10:0', 'closes': '21:0'}, {'@type': 'OpeningHoursSpecification', 'dayOfWeek': 'Saturday', 'opens': '10:0', 'closes': '20:30'}]","{'@type': 'PostalAddress', 'addressLocality': 'Franklin', 'addressRegion': 'MA', 'postalCode': '02038', 'addressCountry': 'US', 'streetAddress': '804 Pond Street 1 floor'}","{'@type': 'GeoCoordinates', 'latitude': 42.1180622, 'longitude': -71.43016829999999}",{}
,https://www.ubereats.com/worcester/food-delivery/dennys-44-dowling-village-blvd/j7Nwm_K0SHuRGmLa2AWbyw,milford-massachusetts,,,,,,,,,,,,,,,
,https://www.ubereats.com/worcester/food-delivery/commonwealth-bbq/klYu9oeHTiyoJ7vOKPo3LA,milford-massachusetts,,,,,,,,,,,,,,,
Table Top Pizza,https://www.ubereats.com/boston/food-delivery/table-top-pizza/D-PlgiYQTIecxdo1--hHOg,milford-massachusetts,"['Pizza', 'American', 'Italian']",,,$,42.1180622,-71.43016829999999,+15085208550,2038,804 Pond St,Franklin,MA,"[{'@type': 'OpeningHoursSpecification', 'dayOfWeek': 'Sunday', 'opens': '23:0', 'closes': '20:0'}, {'@type': 'OpeningHoursSpecification', 'dayOfWeek': ['Tuesday', 'Wednesday', 'Thursday', 'Friday', 'Saturday'], 'opens': '23:0', 'closes': '20:0'}]","{'@type': 'PostalAddress', 'addressLocality': 'Franklin', 'addressRegion': 'MA', 'postalCode': '2038', 'addressCountry': 'US', 'streetAddress': '804 Pond St'}","{'@type': 'GeoCoordinates', 'latitude': 42.1180622, 'longitude': -71.43016829999999}",{}
Dairy Queen Grill & Chill (21 N Main St),https://www.ubereats.com/boston/food-delivery/dairy-queen-grill-%26-chill-21-n-main-st/s7eQXAUnQ4an1LvD4Akjug,milford-massachusetts,"['American', 'Fast Food', 'Ice Cream & Frozen Yogurt']",,,$,42.08945080000001,-71.47569,+15089660461,2019,21 N Main St,Bellingham,MA,"[{'@type': 'OpeningHoursSpecification', 'dayOfWeek': ['Monday', 'Tuesday', 'Wednesday', 'Thursday', 'Friday', 'Saturday', 'Sunday'], 'opens': '11:30', 'closes': '20:30'}]","{'@type': 'PostalAddress', 'addressLocality': 'Bellingham', 'addressRegion': 'MA', 'postalCode': '2019', 'addressCountry': 'US', 'streetAddress': '21 N Main St'}","{'@type': 'GeoCoordinates', 'latitude': 42.08945080000001, 'longitude': -71.47569}",{}
Cold Stone Creamery (154 Turnpike Rd Ste 120),https://www.ubereats.com/worcester/food-delivery/cold-stone-creamery-154-turnpike-rd-ste-120/wMSVeQIQTe6FBCNP4VHxwQ,milford-massachusetts,"['Ice Cream and Frozen Yogurt', 'Desserts', 'Kids Friendly']",4.6,39,$,42.2919993,-71.52018559999999,+15084851150,,,,,"[{'@type': 'OpeningHoursSpecification', 'dayOfWeek': 'Sunday', 'opens': '12:0', 'closes': '22:0'}, {'@type': 'OpeningHoursSpecification', 'dayOfWeek': ['Monday', 'Tuesday', 'Wednesday', 'Thursday'], 'opens': '14:0', 'closes': '21:0'}, {'@type': 'OpeningHoursSpecification', 'dayOfWeek': 'Friday', 'opens': '14:0', 'closes': '22:0'}, {'@type': 'OpeningHoursSpecification', 'dayOfWeek': 'Saturday', 'opens': '12:0', 'closes': '22:0'}]",,"{'@type': 'GeoCoordinates', 'latitude': 42.2919993, 'longitude': -71.52018559999999}","{'@type': 'AggregateRating', 'ratingValue': 4.6, 'reviewCount': '39'}"
Papa Gino's (158 N. Main Street),https://www.ubereats.com/worcester/food-delivery/papa-ginos-158-n-main-street/qVaurV9WQcSfuUhd84hLKQ,milford-massachusetts,"['Italian', 'Pasta', 'Comfort Food']",,,$,42.081689,-71.6382222,+15082786881,1569,158 N. Main Street,Uxbridge,MA,"[{'@type': 'OpeningHoursSpecification', 'dayOfWeek': 'Sunday', 'opens': '11:0', 'closes': '19:45'}, {'@type': 'OpeningHoursSpecification', 'dayOfWeek': ['Monday', 'Tuesday', 'Wednesday', 'Thursday'], 'opens': '10:30', 'closes': '19:45'}, {'@type': 'OpeningHoursSpecification', 'dayOfWeek': ['Friday', 'Saturday'], 'opens': '10:30', 'closes': '21:15'}]","{'@type': 'PostalAddress', 'addressLocality': 'Uxbridge', 'addressRegion': 'MA', 'postalCode': '1569', 'addressCountry': 'US', 'streetAddress': '158 N. Main Street'}","{'@type': 'GeoCoordinates', 'latitude': 42.081689, 'longitude': -71.6382222}",{}
Uhlman's Ice Cream,https://www.ubereats.com/worcester/food-delivery/uhlmans-ice-cream/pGx3TXQLS8yuGc42iT_ILw,milford-massachusetts,"['Ice Cream & Frozen Yogurt', 'Comfort Food', 'Desserts', 'Allergy Friendly']",5.0,54,$,42.2941976,-71.5846583,+15083662411,,,,,"[{'@type': 'OpeningHoursSpecification', 'dayOfWeek': ['Monday', 'Tuesday', 'Wednesday', 'Thursday', 'Friday', 'Saturday', 'Sunday'], 'opens': '12:0', 'closes': '19:0'}]",,"{'@type': 'GeoCoordinates', 'latitude': 42.2941976, 'longitude': -71.5846583}","{'@type': 'AggregateRating', 'ratingValue': 5, 'reviewCount': '54'}"
Dunkin' (350 East Main St),https://www.ubereats.com/worcester/food-delivery/dunkin-350-east-main-st/9ONJsJAnRMCYH2-8slhVkA,milford-massachusetts,"['Coffee and Tea', 'American', 'Breakfast and Brunch']",,,$,42.153016,-71.49136700000001,+15084825400,1757,350 East Main St,Milford,MA,"[{'@type': 'OpeningHoursSpecification', 'dayOfWeek': ['Monday', 'Tuesday', 'Wednesday', 'Thursday', 'Friday', 'Saturday', 'Sunday'], 'opens': '4:30', 'closes': '19:0'}]","{'@type': 'PostalAddress', 'addressLocality': 'Milford', 'addressRegion': 'MA', 'postalCode': '1757', 'addressCountry': 'US', 'streetAddress': '350 East Main St'}","{'@type': 'GeoCoordinates', 'latitude': 42.153016, 'longitude': -71.49136700000001}",{}
Acapulcos Mexican Family Restaurant and Cantina,https://www.ubereats.com/boston/food-delivery/acapulcos-mexican-family-restaurant-and-cantina/2cncqBQgTWGyeKxyXgdFMQ,milford-massachusetts,"['Mexican', 'Latin American', 'New Mexican']",,,$,42.08332070000001,-71.397373,+15085200696,02038,15 Main Street,Franklin,MA,"[{'@type': 'OpeningHoursSpecification', 'dayOfWeek': 'Sunday', 'opens': '11:0', 'closes': '20:0'}, {'@type': 'OpeningHoursSpecification', 'dayOfWeek': ['Monday', 'Tuesday', 'Wednesday', 'Thursday'], 'opens': '11:0', 'closes': '20:30'}, {'@type': 'OpeningHoursSpecification', 'dayOfWeek': ['Monday', 'Tuesday', 'Wednesday', 'Thursday'], 'opens': '11:0', 'closes': '15:0'}, {'@type': 'OpeningHoursSpecification', 'dayOfWeek': 'Friday', 'opens': '11:0', 'closes': '22:0'}, {'@type': 'OpeningHoursSpecification', 'dayOfWeek': 'Friday', 'opens': '11:0', 'closes': '15:0'}, {'@type': 'OpeningHoursSpecification', 'dayOfWeek': 'Saturday', 'opens': '11:0', 'closes': '22:0'}]","{'@type': 'PostalAddress', 'addressLocality': 'Franklin', 'addressRegion': 'MA', 'postalCode': '02038', 'addressCountry': 'US', 'streetAddress': '15 Main Street'}","{'@type': 'GeoCoordinates', 'latitude': 42.08332070000001, 'longitude': -71.397373}",{}
British Beer Company - Franklin,https://www.ubereats.com/boston/food-delivery/british-beer-company-franklin/mG56fHcoTqCno0ey9-4RTQ,milford-massachusetts,"['British', 'Seafood', 'Pizza']",,,$,42.0890882,-71.4247844,+15084405190,02038,280,Franklin,MA,"[{'@type': 'OpeningHoursSpecification', 'dayOfWeek': 'Monday', 'opens': '0:0', 'closes': '0:30'}]","{'@type': 'PostalAddress', 'addressLocality': 'Franklin', 'addressRegion': 'MA', 'postalCode': '02038', 'addressCountry': 'US', 'streetAddress': '280'}","{'@type': 'GeoCoordinates', 'latitude': 42.0890882, 'longitude': -71.4247844}",{}
Bertucci's (160 Turnpike Rd),https://www.ubereats.com/worcester/food-delivery/bertuccis-160-turnpike-rd/c2msOPaqSPCv4awJ6krM3w,milford-massachusetts,"['Italian', 'Pizza', 'Comfort Food']",4.5,86,$$,42.2843605,-71.6136148,+15088983074,1581,160 Turnpike Rd,Westborough,MA,"[{'@type': 'OpeningHoursSpecification', 'dayOfWeek': 'Sunday', 'opens': '11:30', 'closes': '21:30'}, {'@type': 'OpeningHoursSpecification', 'dayOfWeek': ['Monday', 'Tuesday', 'Wednesday'], 'opens': '11:30', 'closes': '21:30'}, {'@type': 'OpeningHoursSpecification', 'dayOfWeek': ['Monday', 'Tuesday', 'Wednesday'], 'opens': '11:30', 'closes': '15:0'}, {'@type': 'OpeningHoursSpecification', 'dayOfWeek': ['Thursday', 'Friday'], 'opens': '11:30', 'closes': '22:0'}, {'@type': 'OpeningHoursSpecification', 'dayOfWeek': ['Thursday', 'Friday'], 'opens': '11:30', 'closes': '15:0'}, {'@type': 'OpeningHoursSpecification', 'dayOfWeek': 'Saturday', 'opens': '11:30', 'closes': '22:0'}]","{'@type': 'PostalAddress', 'addressLocality': 'Westborough', 'addressRegion': 'MA', 'postalCode': '1581', 'addressCountry': 'US', 'streetAddress': '160 Turnpike Rd'}","{'@type': 'GeoCoordinates', 'latitude': 42.2843605, 'longitude': -71.6136148}","{'@type': 'AggregateRating', 'ratingValue': 4.5, 'reviewCount': '86'}"
East Main Pizza,https://www.ubereats.com/worcester/food-delivery/east-main-pizza/zFE2UHizS0Cr7gcKyc1Z8A,milford-massachusetts,"['Pizza', 'American', 'Italian', 'Pasta', 'Salads']",,,$,42.151754,-71.4960909,+15084731234,1757,206 E Main St,Milford,MA,"[{'@type': 'OpeningHoursSpecification', 'dayOfWeek': ['Monday', 'Tuesday', 'Wednesday', 'Thursday', 'Friday', 'Saturday'], 'opens': '10:0', 'closes': '19:45'}, {'@type': 'OpeningHoursSpecification', 'dayOfWeek': ['Monday', 'Tuesday', 'Wednesday', 'Thursday', 'Friday', 'Saturday'], 'opens': '9:0', 'closes': '19:45'}]","{'@type': 'PostalAddress', 'addressLocality': 'Milford', 'addressRegion': 'MA', 'postalCode': '1757', 'addressCountry': 'US', 'streetAddress': '206 E Main St'}","{'@type': 'GeoCoordinates', 'latitude': 42.151754, 'longitude': -71.4960909}",{}
"TGI Friday's (643 - MILFORD, MA)",https://www.ubereats.com/worcester/food-delivery/tgi-fridays-643-milford-ma/McKH2XB7TqyQYeVtPvRjuQ,milford-massachusetts,"['Burgers', 'Bar Food', 'Sandwich']",4.0,25,$$,42.15996430000001,-71.5005825,+15086343018,1757,240 Fortune Blvd,Milford,MA,"[{'@type': 'OpeningHoursSpecification', 'dayOfWeek': ['Monday', 'Tuesday', 'Wednesday', 'Thursday', 'Friday', 'Saturday', 'Sunday'], 'opens': '11:0', 'closes': '23:30'}]","{'@type': 'PostalAddress', 'addressLocality': 'Milford', 'addressRegion': 'MA', 'postalCode': '1757', 'addressCountry': 'US', 'streetAddress': '240 Fortune Blvd'}","{'@type': 'GeoCoordinates', 'latitude': 42.15996430000001, 'longitude': -71.5005825}","{'@type': 'AggregateRating', 'ratingValue': 4, 'reviewCount': '25'}"
Taco Bell (1500 Diamond Hill Rd),https://www.ubereats.com/providence/food-delivery/taco-bell-1500-diamond-hill-rd/xyXiT7gjTve9MkfzQB1x-w,milford-massachusetts,"['Burritos', 'Fast Food', 'Mexican']",4.0,57,$,42.0160694,-71.48015339999999,+14017661082,2895,1500 Diamond Hill Rd,Woonsocket,RI,"[{'@type': 'OpeningHoursSpecification', 'dayOfWeek': ['Sunday', 'Monday', 'Tuesday', 'Wednesday'], 'opens': '14:0', 'closes': '17:0'}, {'@type': 'OpeningHoursSpecification', 'dayOfWeek': ['Sunday', 'Monday', 'Tuesday', 'Wednesday'], 'opens': '10:0', 'closes': '1:30'}, {'@type': 'OpeningHoursSpecification', 'dayOfWeek': ['Thursday', 'Friday', 'Saturday'], 'opens': '14:0', 'closes': '17:0'}, {'@type': 'OpeningHoursSpecification', 'dayOfWeek': ['Thursday', 'Friday', 'Saturday'], 'opens': '10:0', 'closes': '2:30'}]","{'@type': 'PostalAddress', 'addressLocality': 'Woonsocket', 'addressRegion': 'RI', 'postalCode': '2895', 'addressCountry': 'US', 'streetAddress': '1500 Diamond Hill Rd'}","{'@type': 'GeoCoordinates', 'latitude': 42.0160694, 'longitude': -71.48015339999999}","{'@type': 'AggregateRating', 'ratingValue': 4, 'reviewCount': '57'}"
Subway (9 Medway Rd Ste F),https://www.ubereats.com/worcester/food-delivery/subway-9-medway-rd-ste-f/lY-vYwEgS62ADvsYS0hNkQ,milford-massachusetts,"['Fast Food', 'Sandwich', 'American']",,,$,42.1495981,-71.5021933,+15086340200,01757,9 Medway Rd Ste F,Milford,MA,"[{'@type': 'OpeningHoursSpecification', 'dayOfWeek': 'Sunday', 'opens': '11:0', 'closes': '17:30'}, {'@type': 'OpeningHoursSpecification', 'dayOfWeek': ['Monday', 'Tuesday', 'Wednesday', 'Thursday', 'Friday', 'Saturday'], 'opens': '10:0', 'closes': '18:30'}]","{'@type': 'PostalAddress', 'addressLocality': 'Milford', 'addressRegion': 'MA', 'postalCode': '01757', 'addressCountry': 'US', 'streetAddress': '9 Medway Rd Ste F'}","{'@type': 'GeoCoordinates', 'latitude': 42.1495981, 'longitude': -71.5021933}",{}
Sachi Japanese Steak House and Sushi Bar,https://www.ubereats.com/worcester/food-delivery/sachi-japanese-steak-house-and-sushi-bar/bhmlkJmXQBCvGBvDc-6qMw,milford-massachusetts,"['Sushi', 'Japanese', 'Asian']",4.6,81,$$$,42.27034880000001,-71.61002429999999,+15083667771,,,,,"[{'@type': 'OpeningHoursSpecification', 'dayOfWeek': 'Sunday', 'opens': '12:0', 'closes': '20:30'}, {'@type': 'OpeningHoursSpecification', 'dayOfWeek': ['Monday', 'Tuesday', 'Wednesday', 'Thursday'], 'opens': '11:0', 'closes': '20:30'}, {'@type': 'OpeningHoursSpecification', 'dayOfWeek': 'Friday', 'opens': '11:0', 'closes': '21:0'}, {'@type': 'OpeningHoursSpecification', 'dayOfWeek': 'Saturday', 'opens': '11:30', 'closes': '21:0'}]",,"{'@type': 'GeoCoordinates', 'latitude': 42.27034880000001, 'longitude': -71.61002429999999}","{'@type': 'AggregateRating', 'ratingValue': 4.6, 'reviewCount': '81'}"
KFC (15 Medway Road),https://www.ubereats.com/worcester/food-delivery/kfc-15-medway-road/wg1E37cgSh2zVqrt_xC6FQ,milford-massachusetts,"['American', 'Fast Food', 'wings']",4.3,16,$,42.14924229999999,-71.5005446,+15086342890,1757,15 Medway Road,Milford,MA,"[{'@type': 'OpeningHoursSpecification', 'dayOfWeek': ['Monday', 'Tuesday', 'Wednesday', 'Thursday', 'Friday', 'Saturday', 'Sunday'], 'opens': '10:30', 'closes': '21:30'}]","{'@type': 'PostalAddress', 'addressLocality': 'Milford', 'addressRegion': 'MA', 'postalCode': '1757', 'addressCountry': 'US', 'streetAddress': '15 Medway Road'}","{'@type': 'GeoCoordinates', 'latitude': 42.14924229999999, 'longitude': -71.5005446}","{'@type': 'AggregateRating', 'ratingValue': 4.3, 'reviewCount': '16'}"
Dunkin' (35 Medway Rd),https://www.ubereats.com/worcester/food-delivery/dunkin-35-medway-rd/XZEcGSt6TA-oN9fqA-esqw,milford-massachusetts,"['Coffee and Tea', 'American', 'Breakfast and Brunch']",,,$,42.1496529,-71.501289,+15084732658,1757,35 Medway Rd,Milford,MA,"[{'@type': 'OpeningHoursSpecification', 'dayOfWeek': ['Monday', 'Tuesday', 'Wednesday', 'Thursday', 'Friday', 'Saturday', 'Sunday'], 'opens': '4:30', 'closes': '19:0'}]","{'@type': 'PostalAddress', 'addressLocality': 'Milford', 'addressRegion': 'MA', 'postalCode': '1757', 'addressCountry': 'US', 'streetAddress': '35 Medway Rd'}","{'@type': 'GeoCoordinates', 'latitude': 42.1496529, 'longitude': -71.501289}",{}
Outback Steakhouse (275 North Main Street),https://www.ubereats.com/boston/food-delivery/outback-steakhouse-275-north-main-street/IjTYB_5SR3GQYEN7K_S4_A,milford-massachusetts,"['Burgers', 'American', 'Sandwiches', 'Steak', 'Seafood', 'Salads', 'BBQ']",4.4,37,$,42.1130247,-71.47246679999999,+15089669333,2019,275 North Main Street,Bellingham,MA,"[{'@type': 'OpeningHoursSpecification', 'dayOfWeek': ['Sunday', 'Monday', 'Tuesday', 'Wednesday', 'Thursday'], 'opens': '11:0', 'closes': '20:30'}, {'@type': 'OpeningHoursSpecification', 'dayOfWeek': ['Friday', 'Saturday'], 'opens': '11:0', 'closes': '21:30'}]","{'@type': 'PostalAddress', 'addressLocality': 'Bellingham', 'addressRegion': 'MA', 'postalCode': '2019', 'addressCountry': 'US', 'streetAddress': '275 North Main Street'}","{'@type': 'GeoCoordinates', 'latitude': 42.1130247, 'longitude': -71.47246679999999}","{'@type': 'AggregateRating', 'ratingValue': 4.4, 'reviewCount': '37'}"
Papa Gino's (42 Cape Road),https://www.ubereats.com/worcester/food-delivery/papa-ginos-42-cape-road/M8Q7KK2ITAyCdte01DXWNw,milford-massachusetts,"['Italian', 'Pasta', 'Comfort Food']",,,$,42.1273362,-71.5194592,+15086340244,1757,42 Cape Road,Milford,MA,"[{'@type': 'OpeningHoursSpecification', 'dayOfWeek': 'Sunday', 'opens': '11:0', 'closes': '20:45'}, {'@type': 'OpeningHoursSpecification', 'dayOfWeek': ['Monday', 'Tuesday', 'Wednesday', 'Thursday'], 'opens': '10:30', 'closes': '20:45'}, {'@type': 'OpeningHoursSpecification', 'dayOfWeek': ['Friday', 'Saturday'], 'opens': '10:30', 'closes': '22:15'}]","{'@type': 'PostalAddress', 'addressLocality': 'Milford', 'addressRegion': 'MA', 'postalCode': '1757', 'addressCountry': 'US', 'streetAddress': '42 Cape Road'}","{'@type': 'GeoCoordinates', 'latitude': 42.1273362, 'longitude': -71.5194592}",{}
Dunkin' (144 Hartford Ave),https://www.ubereats.com/worcester/food-delivery/dunkin-144-hartford-ave/xyoOyTIeRCO6isbDpjJ1tA,milford-massachusetts,"['Coffee and Tea', 'American', 'Breakfast and Brunch']",,,$,42.1032601,-71.5035381,+15084229294,1747,144 Hartford Ave,Hopedale,MA,"[{'@type': 'OpeningHoursSpecification', 'dayOfWeek': ['Monday', 'Tuesday', 'Wednesday', 'Thursday', 'Friday', 'Saturday', 'Sunday'], 'opens': '5:0', 'closes': '19:30'}]","{'@type': 'PostalAddress', 'addressLocality': 'Hopedale', 'addressRegion': 'MA', 'postalCode': '1747', 'addressCountry': 'US', 'streetAddress': '144 Hartford Ave'}","{'@type': 'GeoCoordinates', 'latitude': 42.1032601, 'longitude': -71.5035381}",{}
Honey Dew Donuts (14 W Union St),https://www.ubereats.com/boston/food-delivery/honey-dew-donuts-14-w-union-st/ur3GpMJIRJynU7bukClI_A,milford-massachusetts,"['Bakery', 'Donuts', 'Allergy Friendly']",4.9,12,$,42.2545518,-71.4676203,+15088811522,1721,14 W Union St,Ashland,MA,"[{'@type': 'OpeningHoursSpecification', 'dayOfWeek': 'Sunday', 'opens': '6:0', 'closes': '15:0'}, {'@type': 'OpeningHoursSpecification', 'dayOfWeek': ['Monday', 'Tuesday', 'Wednesday', 'Thursday', 'Friday'], 'opens': '6:0', 'closes': '15:0'}, {'@type': 'OpeningHoursSpecification', 'dayOfWeek': ['Monday', 'Tuesday', 'Wednesday', 'Thursday', 'Friday'], 'opens': '6:0', 'closes': '16:0'}, {'@type': 'OpeningHoursSpecification', 'dayOfWeek': 'Saturday', 'opens': '6:0', 'closes': '15:0'}]","{'@type': 'PostalAddress', 'addressLocality': 'Ashland', 'addressRegion': 'MA', 'postalCode': '1721', 'addressCountry': 'US', 'streetAddress': '14 W Union St'}","{'@type': 'GeoCoordinates', 'latitude': 42.2545518, 'longitude': -71.4676203}","{'@type': 'AggregateRating', 'ratingValue': 4.9, 'reviewCount': '12'}"
Pizza Chef (Milford),https://www.ubereats.com/worcester/food-delivery/pizza-chef-milford/dCZofRTmQcy2qPgK95u9oA,milford-massachusetts,"['Pizza', 'American', 'Italian']",,,$,42.1408564,-71.5203248,+15084731119,01757,179 Main St,Milford,MA,"[{'@type': 'OpeningHoursSpecification', 'dayOfWeek': 'Sunday', 'opens': '12:0', 'closes': '21:0'}, {'@type': 'OpeningHoursSpecification', 'dayOfWeek': ['Monday', 'Tuesday', 'Wednesday', 'Thursday', 'Friday', 'Saturday'], 'opens': '10:30', 'closes': '22:0'}]","{'@type': 'PostalAddress', 'addressLocality': 'Milford', 'addressRegion': 'MA', 'postalCode': '01757', 'addressCountry': 'US', 'streetAddress': '179 Main St'}","{'@type': 'GeoCoordinates', 'latitude': 42.1408564, 'longitude': -71.5203248}",{}
Dunkin' (31 Main St),https://www.ubereats.com/worcester/food-delivery/dunkin-31-main-st/lGH53gkXR_613VcPvk7E1w,milford-massachusetts,"['Coffee and Tea', 'American', 'Breakfast and Brunch']",,,$,42.1438442,-71.5149457,+15084737032,1757,31 Main St,Milford,MA,"[{'@type': 'OpeningHoursSpecification', 'dayOfWeek': ['Monday', 'Tuesday', 'Wednesday', 'Thursday', 'Friday', 'Saturday', 'Sunday'], 'opens': '4:30', 'closes': '23:0'}]","{'@type': 'PostalAddress', 'addressLocality': 'Milford', 'addressRegion': 'MA', 'postalCode': '1757', 'addressCountry': 'US', 'streetAddress': '31 Main St'}","{'@type': 'GeoCoordinates', 'latitude': 42.1438442, 'longitude': -71.5149457}",{}
Dairy Queen Grill & Chill (190 West St),https://www.ubereats.com/worcester/food-delivery/dairy-queen-grill-%26-chill-190-west-st/ge_DBtnqS0a8lROrj-PdIg,milford-massachusetts,"['American', 'Fast Food', 'Ice Cream & Frozen Yogurt']",4.8,21,$,42.1419224,-71.5432544,+15084731979,1757,190 West St,Milford,MA,"[{'@type': 'OpeningHoursSpecification', 'dayOfWeek': ['Sunday', 'Monday', 'Tuesday', 'Wednesday', 'Thursday'], 'opens': '10:0', 'closes': '21:0'}, {'@type': 'OpeningHoursSpecification', 'dayOfWeek': ['Friday', 'Saturday'], 'opens': '10:0', 'closes': '22:0'}]","{'@type': 'PostalAddress', 'addressLocality': 'Milford', 'addressRegion': 'MA', 'postalCode': '1757', 'addressCountry': 'US', 'streetAddress': '190 West St'}","{'@type': 'GeoCoordinates', 'latitude': 42.1419224, 'longitude': -71.5432544}","{'@type': 'AggregateRating', 'ratingValue': 4.8, 'reviewCount': '21'}"
Sol de Mexico Bar & Grill,https://www.ubereats.com/boston/food-delivery/sol-de-mexico-bar-%26-grill/X0yOf5d8SSCMDb1gvN_gXA,milford-massachusetts,"['Mexican', 'Latin American', 'New Mexican']",,,$,42.08295380000001,-71.455214,+15089664000,02019,191 Mechanic St,Bellingham,MA,"[{'@type': 'OpeningHoursSpecification', 'dayOfWeek': 'Sunday', 'opens': '12:0', 'closes': '22:0'}, {'@type': 'OpeningHoursSpecification', 'dayOfWeek': 'Sunday', 'opens': '12:0', 'closes': '22:0'}, {'@type': 'OpeningHoursSpecification', 'dayOfWeek': 'Sunday', 'opens': '12:0', 'closes': '22:0'}, {'@type': 'OpeningHoursSpecification', 'dayOfWeek': ['Monday', 'Tuesday', 'Wednesday', 'Thursday'], 'opens': '11:0', 'closes': '21:0'}, {'@type': 'OpeningHoursSpecification', 'dayOfWeek': ['Monday', 'Tuesday', 'Wednesday', 'Thursday'], 'opens': '11:0', 'closes': '21:0'}, {'@type': 'OpeningHoursSpecification', 'dayOfWeek': ['Monday', 'Tuesday', 'Wednesday', 'Thursday'], 'opens': '11:0', 'closes': '21:0'}, {'@type': 'OpeningHoursSpecification', 'dayOfWeek': ['Friday', 'Saturday'], 'opens': '11:0', 'closes': '23:0'}, {'@type': 'OpeningHoursSpecification', 'dayOfWeek': ['Friday', 'Saturday'], 'opens': '11:0', 'closes': '23:0'}, {'@type': 'OpeningHoursSpecification', 'dayOfWeek': ['Friday', 'Saturday'], 'opens': '11:0', 'closes': '23:0'}]","{'@type': 'PostalAddress', 'addressLocality': 'Bellingham', 'addressRegion': 'MA', 'postalCode': '02019', 'addressCountry': 'US', 'streetAddress': '191 Mechanic St'}","{'@type': 'GeoCoordinates', 'latitude': 42.08295380000001, 'longitude': -71.455214}",{}
McDonald's® (139 S MAIN ST),https://www.ubereats.com/worcester/food-delivery/mcdonalds-139-s-main-st/fkPcavWHSWeoEK0prnJi_g,milford-massachusetts,"['American', 'Burgers', 'Fast Food']",4.5,13,$,42.126263,-71.51795,+15084783412,1757,139 S MAIN ST,MILFORD,MA,"[{'@type': 'OpeningHoursSpecification', 'dayOfWeek': 'Sunday', 'opens': '5:0', 'closes': '10:59'}, {'@type': 'OpeningHoursSpecification', 'dayOfWeek': 'Sunday', 'opens': '11:0', 'closes': '16:59'}, {'@type': 'OpeningHoursSpecification', 'dayOfWeek': 'Sunday', 'opens': '17:0', 'closes': '23:30'}, {'@type': 'OpeningHoursSpecification', 'dayOfWeek': ['Monday', 'Tuesday', 'Wednesday', 'Thursday', 'Friday'], 'opens': '5:0', 'closes': '10:29'}, {'@type': 'OpeningHoursSpecification', 'dayOfWeek': ['Monday', 'Tuesday', 'Wednesday', 'Thursday', 'Friday'], 'opens': '10:30', 'closes': '16:59'}, {'@type': 'OpeningHoursSpecification', 'dayOfWeek': ['Monday', 'Tuesday', 'Wednesday', 'Thursday', 'Friday'], 'opens': '17:0', 'closes': '23:30'}, {'@type': 'OpeningHoursSpecification', 'dayOfWeek': 'Saturday', 'opens': '5:0', 'closes': '10:59'}, {'@type': 'OpeningHoursSpecification', 'dayOfWeek': 'Saturday', 'opens': '11:0', 'closes': '16:59'}, {'@type': 'OpeningHoursSpecification', 'dayOfWeek': 'Saturday', 'opens': '17:0', 'closes': '23:30'}]","{'@type': 'PostalAddress', 'addressLocality': 'MILFORD', 'addressRegion': 'MA', 'postalCode': '1757', 'addressCountry': 'US', 'streetAddress': '139 S MAIN ST'}","{'@type': 'GeoCoordinates', 'latitude': 42.126263, 'longitude': -71.51795}","{'@type': 'AggregateRating', 'ratingValue': 4.5, 'reviewCount': '13'}"
Subway (94 Prospect St),https://www.ubereats.com/worcester/food-delivery/subway-94-prospect-st/KMGUOvuESgyNBiLR51zBpw,milford-massachusetts,"['Fast Food', 'Sandwich', 'American']",,,$,42.1382512,-71.53566270000002,+15084732500,1757,94 Prospect St,Milford,MA,"[{'@type': 'OpeningHoursSpecification', 'dayOfWeek': 'Sunday', 'opens': '10:0', 'closes': '20:30'}, {'@type': 'OpeningHoursSpecification', 'dayOfWeek': ['Monday', 'Tuesday', 'Wednesday', 'Thursday', 'Friday', 'Saturday'], 'opens': '10:0', 'closes': '21:30'}]","{'@type': 'PostalAddress', 'addressLocality': 'Milford', 'addressRegion': 'MA', 'postalCode': '1757', 'addressCountry': 'US', 'streetAddress': '94 Prospect St'}","{'@type': 'GeoCoordinates', 'latitude': 42.1382512, 'longitude': -71.53566270000002}",{}
Wendy's  (128 Cedar Street),https://www.ubereats.com/worcester/food-delivery/wendys-128-cedar-street/gMd6wvfWTE6aulCLr-CW6A,milford-massachusetts,"['American', 'Burgers', 'Fast Food', 'Breakfast and Brunch']",4.1,18,$,42.16211180000001,-71.50887949999999,+15084785118,1757,128 Cedar Street,Milford,MA,"[{'@type': 'OpeningHoursSpecification', 'dayOfWeek': ['Monday', 'Tuesday', 'Wednesday', 'Thursday', 'Friday', 'Saturday', 'Sunday'], 'opens': '10:30', 'closes': '1:30'}, {'@type': 'OpeningHoursSpecification', 'dayOfWeek': ['Monday', 'Tuesday', 'Wednesday', 'Thursday', 'Friday', 'Saturday', 'Sunday'], 'opens': '6:30', 'closes': '10:0'}]","{'@type': 'PostalAddress', 'addressLocality': 'Milford', 'addressRegion': 'MA', 'postalCode': '1757', 'addressCountry': 'US', 'streetAddress': '128 Cedar Street'}","{'@type': 'GeoCoordinates', 'latitude': 42.16211180000001, 'longitude': -71.50887949999999}","{'@type': 'AggregateRating', 'ratingValue': 4.1, 'reviewCount': '18'}"
Chateau Restaurant - Franklin,https://www.ubereats.com/boston/food-delivery/chateau-restaurant-franklin/um400Gr0TzGOCWUQH-FWDQ,milford-massachusetts,"['Italian', 'Pizza', 'Sandwich', 'Salads', 'Pasta', 'Burgers', 'Seafood', 'Family Meals']",4.4,21,$,42.06642799999999,-71.3988122,+17746139300,02038,466 King Street,Franklin,MA,"[{'@type': 'OpeningHoursSpecification', 'dayOfWeek': ['Sunday', 'Monday'], 'opens': '15:45', 'closes': '20:15'}, {'@type': 'OpeningHoursSpecification', 'dayOfWeek': 'Tuesday', 'opens': '4:0', 'closes': '4:5'}, {'@type': 'OpeningHoursSpecification', 'dayOfWeek': 'Tuesday', 'opens': '15:45', 'closes': '20:15'}, {'@type': 'OpeningHoursSpecification', 'dayOfWeek': ['Wednesday', 'Thursday'], 'opens': '15:45', 'closes': '20:15'}, {'@type': 'OpeningHoursSpecification', 'dayOfWeek': ['Friday', 'Saturday'], 'opens': '15:45', 'closes': '20:45'}]","{'@type': 'PostalAddress', 'addressLocality': 'Franklin', 'addressRegion': 'MA', 'postalCode': '02038', 'addressCountry': 'US', 'streetAddress': '466 King Street'}","{'@type': 'GeoCoordinates', 'latitude': 42.06642799999999, 'longitude': -71.3988122}","{'@type': 'AggregateRating', 'ratingValue': 4.4, 'reviewCount': '21'}"
McDonald's® (143 MEDWAY RD),https://www.ubereats.com/worcester/food-delivery/mcdonalds-143-medway-rd/pOt9KXenSe-o5zMyEEWYYA,milford-massachusetts,"['American', 'Burgers', 'Fast Food']",,,$,42.147656,-71.488661,+15084733205,1757,143 MEDWAY RD,MILFORD,MA,"[{'@type': 'OpeningHoursSpecification', 'dayOfWeek': 'Sunday', 'opens': '4:0', 'closes': '10:59'}, {'@type': 'OpeningHoursSpecification', 'dayOfWeek': 'Sunday', 'opens': '11:0', 'closes': '16:59'}, {'@type': 'OpeningHoursSpecification', 'dayOfWeek': 'Sunday', 'opens': '17:0', 'closes': '3:59'}, {'@type': 'OpeningHoursSpecification', 'dayOfWeek': ['Monday', 'Tuesday', 'Wednesday', 'Thursday', 'Friday'], 'opens': '4:0', 'closes': '10:29'}, {'@type': 'OpeningHoursSpecification', 'dayOfWeek': ['Monday', 'Tuesday', 'Wednesday', 'Thursday', 'Friday'], 'opens': '10:30', 'closes': '16:59'}, {'@type': 'OpeningHoursSpecification', 'dayOfWeek': ['Monday', 'Tuesday', 'Wednesday', 'Thursday', 'Friday'], 'opens': '17:0', 'closes': '3:59'}, {'@type': 'OpeningHoursSpecification', 'dayOfWeek': 'Saturday', 'opens': '4:0', 'closes': '10:59'}, {'@type': 'OpeningHoursSpecification', 'dayOfWeek': 'Saturday', 'opens': '11:0', 'closes': '16:59'}, {'@type': 'OpeningHoursSpecification', 'dayOfWeek': 'Saturday', 'opens': '17:0', 'closes': '3:59'}]","{'@type': 'PostalAddress', 'addressLocality': 'MILFORD', 'addressRegion': 'MA', 'postalCode': '1757', 'addressCountry': 'US', 'streetAddress': '143 MEDWAY RD'}","{'@type': 'GeoCoordinates', 'latitude': 42.147656, 'longitude': -71.488661}",{}
Panera (91 Medway Road),https://www.ubereats.com/worcester/food-delivery/panera-91-medway-road/aN7ajFRdQEG54S6pbjy_1Q,milford-massachusetts,"['Breakfast and Brunch', 'salad', 'Sandwich']",,,$,42.1478518,-71.4914809,+15082446005,1757,91 Medway Road,Milford,MA,"[{'@type': 'OpeningHoursSpecification', 'dayOfWeek': 'Sunday', 'opens': '6:30', 'closes': '20:30'}, {'@type': 'OpeningHoursSpecification', 'dayOfWeek': ['Monday', 'Tuesday', 'Wednesday'], 'opens': '6:0', 'closes': '21:0'}, {'@type': 'OpeningHoursSpecification', 'dayOfWeek': ['Thursday', 'Friday', 'Saturday'], 'opens': '6:0', 'closes': '21:30'}]","{'@type': 'PostalAddress', 'addressLocality': 'Milford', 'addressRegion': 'MA', 'postalCode': '1757', 'addressCountry': 'US', 'streetAddress': '91 Medway Road'}","{'@type': 'GeoCoordinates', 'latitude': 42.1478518, 'longitude': -71.4914809}",{}
Tenka Asian Bistro,https://www.ubereats.com/worcester/food-delivery/tenka-asian-bistro/SZGjvLN5TPa8fA7c5KCS7w,milford-massachusetts,"['Asian', 'Chinese', 'Asian Fusion']",4.6,54,$,42.2854237,-71.6116169,+15083667799,01581,153 Turnpike Rd,Westborough,MA,"[{'@type': 'OpeningHoursSpecification', 'dayOfWeek': 'Sunday', 'opens': '11:30', 'closes': '22:0'}, {'@type': 'OpeningHoursSpecification', 'dayOfWeek': 'Sunday', 'opens': '12:0', 'closes': '22:0'}, {'@type': 'OpeningHoursSpecification', 'dayOfWeek': 'Monday', 'opens': '11:30', 'closes': '22:0'}, {'@type': 'OpeningHoursSpecification', 'dayOfWeek': 'Monday', 'opens': '11:30', 'closes': '14:30'}, {'@type': 'OpeningHoursSpecification', 'dayOfWeek': 'Tuesday', 'opens': '11:30', 'closes': '14:30'}, {'@type': 'OpeningHoursSpecification', 'dayOfWeek': ['Wednesday', 'Thursday'], 'opens': '11:30', 'closes': '22:0'}, {'@type': 'OpeningHoursSpecification', 'dayOfWeek': ['Wednesday', 'Thursday'], 'opens': '11:30', 'closes': '14:30'}, {'@type': 'OpeningHoursSpecification', 'dayOfWeek': ['Friday', 'Saturday'], 'opens': '11:30', 'closes': '22:0'}, {'@type': 'OpeningHoursSpecification', 'dayOfWeek': ['Friday', 'Saturday'], 'opens': '11:30', 'closes': '23:0'}, {'@type': 'OpeningHoursSpecification', 'dayOfWeek': ['Friday', 'Saturday'], 'opens': '11:30', 'closes': '14:30'}]","{'@type': 'PostalAddress', 'addressLocality': 'Westborough', 'addressRegion': 'MA', 'postalCode': '01581', 'addressCountry': 'US', 'streetAddress': '153 Turnpike Rd'}","{'@type': 'GeoCoordinates', 'latitude': 42.2854237, 'longitude': -71.6116169}","{'@type': 'AggregateRating', 'ratingValue': 4.6, 'reviewCount': '54'}"
Taco Bell (289 Turnpike Rd),https://www.ubereats.com/worcester/food-delivery/taco-bell-289-turnpike-rd/jac32cVKT7iDM2N8jT7JlQ,milford-massachusetts,"['Burritos', 'Fast Food', 'Mexican']",3.3,29,$,42.283717,-71.6487221,+15083661497,1581,289 Turnpike Rd,Westborough,MA,"[{'@type': 'OpeningHoursSpecification', 'dayOfWeek': ['Sunday', 'Monday', 'Tuesday', 'Wednesday', 'Thursday'], 'opens': '14:0', 'closes': '17:0'}, {'@type': 'OpeningHoursSpecification', 'dayOfWeek': ['Sunday', 'Monday', 'Tuesday', 'Wednesday', 'Thursday'], 'opens': '9:0', 'closes': '23:30'}, {'@type': 'OpeningHoursSpecification', 'dayOfWeek': ['Friday', 'Saturday'], 'opens': '14:0', 'closes': '17:0'}, {'@type': 'OpeningHoursSpecification', 'dayOfWeek': ['Friday', 'Saturday'], 'opens': '9:0', 'closes': '0:30'}]","{'@type': 'PostalAddress', 'addressLocality': 'Westborough', 'addressRegion': 'MA', 'postalCode': '1581', 'addressCountry': 'US', 'streetAddress': '289 Turnpike Rd'}","{'@type': 'GeoCoordinates', 'latitude': 42.283717, 'longitude': -71.6487221}","{'@type': 'AggregateRating', 'ratingValue': 3.3, 'reviewCount': '29'}"
IHOP (17 Medway Road),https://www.ubereats.com/worcester/food-delivery/ihop-17-medway-road/7I-PkKYYRYeHKk4Ki8emHw,milford-massachusetts,"['American', 'Breakfast and Brunch', 'burger', 'Comfort Food', 'Dinner', 'Omelette', 'salad', 'Traditional American']",4.1,18,$,42.14906409999999,-71.5001065,+15082444904,1757,17 Medway Road,Milford,MA,"[{'@type': 'OpeningHoursSpecification', 'dayOfWeek': ['Monday', 'Tuesday', 'Wednesday', 'Thursday', 'Friday', 'Saturday', 'Sunday'], 'opens': '7:0', 'closes': '16:50'}]","{'@type': 'PostalAddress', 'addressLocality': 'Milford', 'addressRegion': 'MA', 'postalCode': '1757', 'addressCountry': 'US', 'streetAddress': '17 Medway Road'}","{'@type': 'GeoCoordinates', 'latitude': 42.14906409999999, 'longitude': -71.5001065}","{'@type': 'AggregateRating', 'ratingValue': 4.1, 'reviewCount': '18'}"
Hanto,https://www.ubereats.com/boston/food-delivery/hanto/-Kx0n1i_ShSLsOJLkOZhCw,milford-massachusetts,"['Asian', 'Seafood', 'Japanese']",4.5,41,$$,42.2550602,-71.46553329999999,+15088816568,01721,380 Union St.,Ashland,MA,"[{'@type': 'OpeningHoursSpecification', 'dayOfWeek': ['Monday', 'Tuesday', 'Wednesday', 'Thursday', 'Friday', 'Saturday', 'Sunday'], 'opens': '12:30', 'closes': '21:30'}, {'@type': 'OpeningHoursSpecification', 'dayOfWeek': ['Monday', 'Tuesday', 'Wednesday', 'Thursday', 'Friday', 'Saturday', 'Sunday'], 'opens': '12:30', 'closes': '15:0'}]","{'@type': 'PostalAddress', 'addressLocality': 'Ashland', 'addressRegion': 'MA', 'postalCode': '01721', 'addressCountry': 'US', 'streetAddress': '380 Union St.'}","{'@type': 'GeoCoordinates', 'latitude': 42.2550602, 'longitude': -71.46553329999999}","{'@type': 'AggregateRating', 'ratingValue': 4.5, 'reviewCount': '41'}"
Starbucks (Milford Crossing),https://www.ubereats.com/worcester/food-delivery/starbucks-milford-crossing/zQ8zyaFxRHSY8tA8H2juKw,milford-massachusetts,"['Bakery', 'Breakfast and Brunch', 'Cafe', 'Coffee & Tea']",,,$,42.14866749999999,-71.48786369999999,+17742171177,1757,128 Medway Road1,Milford,MA,"[{'@type': 'OpeningHoursSpecification', 'dayOfWeek': 'Sunday', 'opens': '6:0', 'closes': '20:0'}, {'@type': 'OpeningHoursSpecification', 'dayOfWeek': ['Monday', 'Tuesday', 'Wednesday', 'Thursday', 'Friday'], 'opens': '5:0', 'closes': '20:0'}, {'@type': 'OpeningHoursSpecification', 'dayOfWeek': 'Saturday', 'opens': '6:0', 'closes': '20:0'}]","{'@type': 'PostalAddress', 'addressLocality': 'Milford', 'addressRegion': 'MA', 'postalCode': '1757', 'addressCountry': 'US', 'streetAddress': '128 Medway Road1'}","{'@type': 'GeoCoordinates', 'latitude': 42.14866749999999, 'longitude': -71.48786369999999}",{}
Burger King (22 Beaver St),https://www.ubereats.com/worcester/food-delivery/burger-king-22-beaver-st/j3GVHXjuTqqs2cWnk-qzQA,milford-massachusetts,"['American', 'burger', 'Fast Food']",,,$,42.1483611,-71.48647240000001,+15084229475,1757,22 Beaver St,Milford,MA,"[{'@type': 'OpeningHoursSpecification', 'dayOfWeek': 'Sunday', 'opens': '7:30', 'closes': '10:29'}, {'@type': 'OpeningHoursSpecification', 'dayOfWeek': 'Sunday', 'opens': '10:30', 'closes': '23:30'}, {'@type': 'OpeningHoursSpecification', 'dayOfWeek': ['Monday', 'Tuesday', 'Wednesday', 'Thursday', 'Friday', 'Saturday'], 'opens': '6:30', 'closes': '10:29'}, {'@type': 'OpeningHoursSpecification', 'dayOfWeek': ['Monday', 'Tuesday', 'Wednesday', 'Thursday', 'Friday', 'Saturday'], 'opens': '10:30', 'closes': '23:30'}]","{'@type': 'PostalAddress', 'addressLocality': 'Milford', 'addressRegion': 'MA', 'postalCode': '1757', 'addressCountry': 'US', 'streetAddress': '22 Beaver St'}","{'@type': 'GeoCoordinates', 'latitude': 42.1483611, 'longitude': -71.48647240000001}",{}
,https://www.ubereats.com/providence/food-delivery/chipotle-mexican-grill-5-franklin-village-dr/N_QWU6BBTPi7Rop2A9KJIA,milford-massachusetts,,,,,,,,,,,,,,,
,https://www.ubereats.com/boston/food-delivery/papa-ginos-158-n-main-street/qVaurV9WQcSfuUhd84hLKQ,milford-massachusetts,,,,,,,,,,,,,,,
