name,url,city,cuisine,avgRating,numReviews,priceRange,latitude,longitude,telephone,postalCode,streetAddress,addressLocality,addressRegion,openingHoursSpecification,addressString,geoString,ratingString
Bobby Chez - Cherry Hill,https://www.ubereats.com/new-jersey/food-delivery/bobby-chez-cherry-hill/HPqmT2M4SomxNJ2HaaQJRw,mt-holly-new-jersey,"['Seafood', 'Salads', 'American']",4.5,13,$,39.8996609,-74.9532997,+18567517575,,,,,"[{'@type': 'OpeningHoursSpecification', 'dayOfWeek': 'Sunday', 'opens': '11:0', 'closes': '17:0'}, {'@type': 'OpeningHoursSpecification', 'dayOfWeek': ['Tuesday', 'Wednesday', 'Thursday', 'Friday', 'Saturday'], 'opens': '11:0', 'closes': '17:0'}, {'@type': 'OpeningHoursSpecification', 'dayOfWeek': ['Tuesday', 'Wednesday', 'Thursday', 'Friday', 'Saturday'], 'opens': '11:0', 'closes': '14:0'}]",,"{'@type': 'GeoCoordinates', 'latitude': 39.8996609, 'longitude': -74.9532997}","{'@type': 'AggregateRating', 'ratingValue': 4.5, 'reviewCount': '13'}"
Peachwave of Mount Laurel,https://www.ubereats.com/new-jersey/food-delivery/peachwave-of-mount-laurel/FD0ZnwTZQt2EO2UFvYBSLA,mt-holly-new-jersey,"['Ice Cream & Frozen Yogurt', 'Comfort Food', 'Desserts']",4.9,12,$,39.9726045,-74.8698173,+18563163482,08054,127 Ark Rd 12,Mount Laurel Township,NJ,"[{'@type': 'OpeningHoursSpecification', 'dayOfWeek': ['Sunday', 'Monday', 'Tuesday', 'Wednesday', 'Thursday'], 'opens': '14:0', 'closes': '20:0'}, {'@type': 'OpeningHoursSpecification', 'dayOfWeek': ['Friday', 'Saturday'], 'opens': '14:0', 'closes': '21:0'}]","{'@type': 'PostalAddress', 'addressLocality': 'Mount Laurel Township', 'addressRegion': 'NJ', 'postalCode': '08054', 'addressCountry': 'US', 'streetAddress': '127 Ark Rd 12'}","{'@type': 'GeoCoordinates', 'latitude': 39.9726045, 'longitude': -74.8698173}","{'@type': 'AggregateRating', 'ratingValue': 4.9, 'reviewCount': '12'}"
Saladworks (914 N. Route 73),https://www.ubereats.com/new-jersey/food-delivery/saladworks-914-n-route-73/zphrWa6eQxKiN6hCxCiw7g,mt-holly-new-jersey,"['American', 'Healthy', 'salad']",4.9,24,$,39.907057,-74.9370892,+18565961991,8053,914 N. Route 73,Marlton,NJ,"[{'@type': 'OpeningHoursSpecification', 'dayOfWeek': ['Monday', 'Tuesday', 'Wednesday', 'Thursday', 'Friday'], 'opens': '10:30', 'closes': '19:0'}]","{'@type': 'PostalAddress', 'addressLocality': 'Marlton', 'addressRegion': 'NJ', 'postalCode': '8053', 'addressCountry': 'US', 'streetAddress': '914 N. Route 73'}","{'@type': 'GeoCoordinates', 'latitude': 39.907057, 'longitude': -74.9370892}","{'@type': 'AggregateRating', 'ratingValue': 4.9, 'reviewCount': '24'}"
Little Caesars (400 John F Kennedy Way),https://www.ubereats.com/new-jersey/food-delivery/little-caesars-400-john-f-kennedy-way/MudOQsRlSq-4p1bCJhNPcQ,mt-holly-new-jersey,['Pizza'],5.0,29,$,40.02901670000001,-74.88066280000001,+16098800555,08046,400 John F Kennedy Way,Willingboro,New Jersey,"[{'@type': 'OpeningHoursSpecification', 'dayOfWeek': 'Sunday', 'opens': '11:0', 'closes': '21:0'}, {'@type': 'OpeningHoursSpecification', 'dayOfWeek': ['Friday', 'Saturday'], 'opens': '11:0', 'closes': '22:30'}]","{'@type': 'PostalAddress', 'addressLocality': 'Willingboro', 'addressRegion': 'New Jersey', 'postalCode': '08046', 'addressCountry': 'US', 'streetAddress': '400 John F Kennedy Way'}","{'@type': 'GeoCoordinates', 'latitude': 40.02901670000001, 'longitude': -74.88066280000001}","{'@type': 'AggregateRating', 'ratingValue': 5, 'reviewCount': '29'}"
Dunkin' (802 B Woodlane Rd),https://www.ubereats.com/new-jersey/food-delivery/dunkin-802-b-woodlane-rd/R5n-e4AkRzK7ZvUQXa_OLg,mt-holly-new-jersey,"['Breakfast and Brunch', 'Donuts']",,,$,40.0113662,-74.801841,+16092611104,8060,802 B Woodlane Rd,Mount Holly,NJ,"[{'@type': 'OpeningHoursSpecification', 'dayOfWeek': ['Monday', 'Tuesday', 'Wednesday', 'Thursday', 'Friday', 'Saturday', 'Sunday'], 'opens': '4:30', 'closes': '19:30'}]","{'@type': 'PostalAddress', 'addressLocality': 'Mount Holly', 'addressRegion': 'NJ', 'postalCode': '8060', 'addressCountry': 'US', 'streetAddress': '802 B Woodlane Rd'}","{'@type': 'GeoCoordinates', 'latitude': 40.0113662, 'longitude': -74.801841}",{}
Panchero's Mexican Grill (221 Greentree Rd),https://www.ubereats.com/new-jersey/food-delivery/pancheros-mexican-grill-221-greentree-rd/gHHgkuA3TrqZDS_lD7KDFw,mt-holly-new-jersey,"['Burritos', 'Mexican', 'Tex Mex']",4.5,80,$$,39.91383,-74.9218363,+18562675357,8053,221 Greentree Rd,Marlton,NJ,"[{'@type': 'OpeningHoursSpecification', 'dayOfWeek': 'Sunday', 'opens': '11:30', 'closes': '20:0'}, {'@type': 'OpeningHoursSpecification', 'dayOfWeek': ['Monday', 'Tuesday', 'Wednesday', 'Thursday', 'Friday'], 'opens': '10:30', 'closes': '21:0'}, {'@type': 'OpeningHoursSpecification', 'dayOfWeek': 'Saturday', 'opens': '11:0', 'closes': '21:0'}]","{'@type': 'PostalAddress', 'addressLocality': 'Marlton', 'addressRegion': 'NJ', 'postalCode': '8053', 'addressCountry': 'US', 'streetAddress': '221 Greentree Rd'}","{'@type': 'GeoCoordinates', 'latitude': 39.91383, 'longitude': -74.9218363}","{'@type': 'AggregateRating', 'ratingValue': 4.5, 'reviewCount': '80'}"
Pancheros Mexican Grill (4325 Dearborn Circle),https://www.ubereats.com/new-jersey/food-delivery/pancheros-mexican-grill-4325-dearborn-circle/PtkA8G_wS_eubmZs15CBUw,mt-holly-new-jersey,"['Burritos', 'Mexican', 'Tex Mex']",4.6,93,$$,39.96872889999999,-74.9026539,+18567871006,8054,4325 Dearborn Circle,Mt. Laurel,NJ,"[{'@type': 'OpeningHoursSpecification', 'dayOfWeek': ['Monday', 'Tuesday', 'Wednesday', 'Thursday', 'Friday', 'Saturday', 'Sunday'], 'opens': '10:30', 'closes': '21:0'}]","{'@type': 'PostalAddress', 'addressLocality': 'Mt. Laurel', 'addressRegion': 'NJ', 'postalCode': '8054', 'addressCountry': 'US', 'streetAddress': '4325 Dearborn Circle'}","{'@type': 'GeoCoordinates', 'latitude': 39.96872889999999, 'longitude': -74.9026539}","{'@type': 'AggregateRating', 'ratingValue': 4.6, 'reviewCount': '93'}"
Saladworks (1321B Fairview Blvd),https://www.ubereats.com/new-jersey/food-delivery/saladworks-1321b-fairview-blvd/sTJ6OHRHTayrl95CRIt6dg,mt-holly-new-jersey,"['American', 'Healthy', 'salad']",4.6,45,$,40.0183103,-74.9450991,+18562555040,,,,,"[{'@type': 'OpeningHoursSpecification', 'dayOfWeek': ['Monday', 'Tuesday', 'Wednesday', 'Thursday', 'Friday', 'Saturday', 'Sunday'], 'opens': '11:0', 'closes': '19:0'}]",,"{'@type': 'GeoCoordinates', 'latitude': 40.0183103, 'longitude': -74.9450991}","{'@type': 'AggregateRating', 'ratingValue': 4.6, 'reviewCount': '45'}"
Papa John's (516 High Street),https://www.ubereats.com/new-jersey/food-delivery/papa-johns-516-high-street/8m98tfExR0W5V1CjRG7qMA,mt-holly-new-jersey,"['Desserts', 'PIzza', 'Wings']",4.4,22,$$,40.0049305,-74.7963175,+16097028300,8060,516 High Street,Mount Holly,NJ,"[{'@type': 'OpeningHoursSpecification', 'dayOfWeek': 'Sunday', 'opens': '11:0', 'closes': '22:25'}, {'@type': 'OpeningHoursSpecification', 'dayOfWeek': ['Monday', 'Tuesday', 'Wednesday', 'Thursday'], 'opens': '11:0', 'closes': '23:25'}, {'@type': 'OpeningHoursSpecification', 'dayOfWeek': ['Friday', 'Saturday'], 'opens': '11:0', 'closes': '0:25'}]","{'@type': 'PostalAddress', 'addressLocality': 'Mount Holly', 'addressRegion': 'NJ', 'postalCode': '8060', 'addressCountry': 'US', 'streetAddress': '516 High Street'}","{'@type': 'GeoCoordinates', 'latitude': 40.0049305, 'longitude': -74.7963175}","{'@type': 'AggregateRating', 'ratingValue': 4.4, 'reviewCount': '22'}"
Sol Sazon,https://www.ubereats.com/new-jersey/food-delivery/sol-sazon/WXWX5Ke-SbuopujVYXyMqg,mt-holly-new-jersey,"['Spanish', 'Salads', 'Chicken']",3.7,18,$$,40.0488444,-74.8992967,+16098350002,,,,,"[{'@type': 'OpeningHoursSpecification', 'dayOfWeek': 'Sunday', 'opens': '10:0', 'closes': '18:0'}, {'@type': 'OpeningHoursSpecification', 'dayOfWeek': ['Monday', 'Tuesday', 'Wednesday', 'Thursday', 'Friday', 'Saturday'], 'opens': '12:0', 'closes': '20:0'}]",,"{'@type': 'GeoCoordinates', 'latitude': 40.0488444, 'longitude': -74.8992967}","{'@type': 'AggregateRating', 'ratingValue': 3.7, 'reviewCount': '18'}"
B.Good (26 Centerton Rd),https://www.ubereats.com/new-jersey/food-delivery/bgood-26-centerton-rd/27mYKrihTuKY07JyViKV5w,mt-holly-new-jersey,"['Healthy', 'Sandwich', 'Salads', 'Juice and Smoothies']",,,$,39.97066460000001,-74.9130187,+18562423717,,,,,"[{'@type': 'OpeningHoursSpecification', 'dayOfWeek': ['Monday', 'Tuesday', 'Wednesday', 'Thursday', 'Friday', 'Saturday', 'Sunday'], 'opens': '11:30', 'closes': '0:0'}]",,"{'@type': 'GeoCoordinates', 'latitude': 39.97066460000001, 'longitude': -74.9130187}",{}
Delicious Dishes,https://www.ubereats.com/new-jersey/food-delivery/delicious-dishes/i4dUn9jqSuyvdrIATKEXQw,mt-holly-new-jersey,"['Caribbean', 'Seafood', 'Latin American']",,,$,40.0523481,-74.9091866,+16095316505,8010,1143 Cooper St,Edgewater Park,NJ,"[{'@type': 'OpeningHoursSpecification', 'dayOfWeek': 'Sunday', 'opens': '12:0', 'closes': '20:0'}, {'@type': 'OpeningHoursSpecification', 'dayOfWeek': ['Wednesday', 'Thursday', 'Friday', 'Saturday'], 'opens': '12:0', 'closes': '20:0'}]","{'@type': 'PostalAddress', 'addressLocality': 'Edgewater Park', 'addressRegion': 'NJ', 'postalCode': '8010', 'addressCountry': 'US', 'streetAddress': '1143 Cooper St'}","{'@type': 'GeoCoordinates', 'latitude': 40.0523481, 'longitude': -74.9091866}",{}
Diamond diner restaurant,https://www.ubereats.com/new-jersey/food-delivery/diamond-diner-restaurant/ya3qaLsxRAmI0wFle8IU3g,mt-holly-new-jersey,"['Burgers', 'American', 'Sandwiches']",,,$,39.977079,-74.8296032,+16092670101,8036,1390 NJ-38,Hainesport,NJ,"[{'@type': 'OpeningHoursSpecification', 'dayOfWeek': ['Monday', 'Tuesday', 'Wednesday', 'Thursday', 'Friday', 'Saturday', 'Sunday'], 'opens': '0:0', 'closes': '0:0'}]","{'@type': 'PostalAddress', 'addressLocality': 'Hainesport', 'addressRegion': 'NJ', 'postalCode': '8036', 'addressCountry': 'US', 'streetAddress': '1390 NJ-38'}","{'@type': 'GeoCoordinates', 'latitude': 39.977079, 'longitude': -74.8296032}",{}
JJ's Shakes,https://www.ubereats.com/new-jersey/food-delivery/jjs-shakes/935acjQXRl2QtcQwKtOfug,mt-holly-new-jersey,"['Burgers', 'American', 'Sandwiches']",,,$,40.077988,-74.8586897,+16093860060,8016,350 High St,Burlington,NJ,"[{'@type': 'OpeningHoursSpecification', 'dayOfWeek': 'Sunday', 'opens': '7:30', 'closes': '16:0'}, {'@type': 'OpeningHoursSpecification', 'dayOfWeek': ['Monday', 'Tuesday', 'Wednesday'], 'opens': '7:30', 'closes': '19:0'}, {'@type': 'OpeningHoursSpecification', 'dayOfWeek': ['Thursday', 'Friday', 'Saturday'], 'opens': '7:30', 'closes': '21:0'}]","{'@type': 'PostalAddress', 'addressLocality': 'Burlington', 'addressRegion': 'NJ', 'postalCode': '8016', 'addressCountry': 'US', 'streetAddress': '350 High St'}","{'@type': 'GeoCoordinates', 'latitude': 40.077988, 'longitude': -74.8586897}",{}
Saladworks (Hainesport),https://www.ubereats.com/new-jersey/food-delivery/saladworks-hainesport/p9EB4JB2Qg68fXWcXvk7eg,mt-holly-new-jersey,"['American', 'Healthy', 'salad']",4.6,37,$,39.9806824,-74.8074093,+16097028100,8036,"1520 Route 38 East, Building 7",Hainesport,NJ,"[{'@type': 'OpeningHoursSpecification', 'dayOfWeek': 'Sunday', 'opens': '11:0', 'closes': '18:0'}, {'@type': 'OpeningHoursSpecification', 'dayOfWeek': ['Monday', 'Tuesday', 'Wednesday', 'Thursday', 'Friday', 'Saturday'], 'opens': '11:0', 'closes': '19:0'}]","{'@type': 'PostalAddress', 'addressLocality': 'Hainesport', 'addressRegion': 'NJ', 'postalCode': '8036', 'addressCountry': 'US', 'streetAddress': '1520 Route 38 East, Building 7'}","{'@type': 'GeoCoordinates', 'latitude': 39.9806824, 'longitude': -74.8074093}","{'@type': 'AggregateRating', 'ratingValue': 4.6, 'reviewCount': '37'}"
Bob's Burgers,https://www.ubereats.com/new-jersey/food-delivery/bobs-burgers/0pg9j8RxSPKxdb2ZhnVGPg,mt-holly-new-jersey,"['Burgers', 'American', 'Sandwiches']",,,$,40.077988,-74.8586897,+16093860060,8016,350 High St,Burlington,NJ,"[{'@type': 'OpeningHoursSpecification', 'dayOfWeek': 'Sunday', 'opens': '7:30', 'closes': '16:0'}, {'@type': 'OpeningHoursSpecification', 'dayOfWeek': ['Monday', 'Tuesday', 'Wednesday'], 'opens': '7:30', 'closes': '19:0'}, {'@type': 'OpeningHoursSpecification', 'dayOfWeek': ['Thursday', 'Friday', 'Saturday'], 'opens': '7:30', 'closes': '21:0'}]","{'@type': 'PostalAddress', 'addressLocality': 'Burlington', 'addressRegion': 'NJ', 'postalCode': '8016', 'addressCountry': 'US', 'streetAddress': '350 High St'}","{'@type': 'GeoCoordinates', 'latitude': 40.077988, 'longitude': -74.8586897}",{}
JB Bakery,https://www.ubereats.com/new-jersey/food-delivery/jb-bakery/wy2NpDRHT9u1-OZfOo3W5w,mt-holly-new-jersey,"['Bakery', 'Desserts']",,,$$,40.06867159999999,-74.8543911,+16093862295,08016,712 High St,New Jersey,NJ,"[{'@type': 'OpeningHoursSpecification', 'dayOfWeek': 'Sunday', 'opens': '7:0', 'closes': '19:0'}, {'@type': 'OpeningHoursSpecification', 'dayOfWeek': 'Sunday', 'opens': '8:0', 'closes': '16:0'}, {'@type': 'OpeningHoursSpecification', 'dayOfWeek': ['Monday', 'Tuesday', 'Wednesday', 'Thursday', 'Friday', 'Saturday'], 'opens': '7:0', 'closes': '19:0'}]","{'@type': 'PostalAddress', 'addressLocality': 'New Jersey', 'addressRegion': 'NJ', 'postalCode': '08016', 'addressCountry': 'US', 'streetAddress': '712 High St'}","{'@type': 'GeoCoordinates', 'latitude': 40.06867159999999, 'longitude': -74.8543911}",{}
Auntie Anne's (150 Route 70 East),https://www.ubereats.com/new-jersey/food-delivery/auntie-annes-150-route-70-east/2XFYwiYaQ3aubLDTHa8TqA,mt-holly-new-jersey,"['Bakery', 'Comfort Food', 'Desserts', 'Pretzel']",,,$,39.8963138,-74.9155794,+18569835637,8053,150 Route 70 East,Marlton,NJ,"[{'@type': 'OpeningHoursSpecification', 'dayOfWeek': ['Monday', 'Tuesday', 'Wednesday', 'Thursday', 'Friday', 'Saturday', 'Sunday'], 'opens': '11:0', 'closes': '17:30'}]","{'@type': 'PostalAddress', 'addressLocality': 'Marlton', 'addressRegion': 'NJ', 'postalCode': '8053', 'addressCountry': 'US', 'streetAddress': '150 Route 70 East'}","{'@type': 'GeoCoordinates', 'latitude': 39.8963138, 'longitude': -74.9155794}",{}
Dad's Deli & Catering,https://www.ubereats.com/new-jersey/food-delivery/dads-deli-%26-catering/3DrFxvN7SN6kosHb7CB56A,mt-holly-new-jersey,"['Salads', 'Sandwich', 'Burgers']",4.2,20,$,39.9125423,-74.9226355,+18565964757,8053,135 N Maple Ave,Marlton,NJ,"[{'@type': 'OpeningHoursSpecification', 'dayOfWeek': 'Sunday', 'opens': '8:0', 'closes': '14:30'}, {'@type': 'OpeningHoursSpecification', 'dayOfWeek': 'Sunday', 'opens': '8:0', 'closes': '2:30'}, {'@type': 'OpeningHoursSpecification', 'dayOfWeek': ['Tuesday', 'Wednesday', 'Thursday', 'Friday'], 'opens': '8:0', 'closes': '14:30'}, {'@type': 'OpeningHoursSpecification', 'dayOfWeek': 'Saturday', 'opens': '7:0', 'closes': '14:30'}]","{'@type': 'PostalAddress', 'addressLocality': 'Marlton', 'addressRegion': 'NJ', 'postalCode': '8053', 'addressCountry': 'US', 'streetAddress': '135 N Maple Ave'}","{'@type': 'GeoCoordinates', 'latitude': 39.9125423, 'longitude': -74.9226355}","{'@type': 'AggregateRating', 'ratingValue': 4.2, 'reviewCount': '20'}"
Burger King (1636 Route 38),https://www.ubereats.com/new-jersey/food-delivery/burger-king-1636-route-38/eJc8q7jgTc-t8cBYoYwxGQ,mt-holly-new-jersey,"['American', 'burger', 'Fast Food']",4.7,13,$,39.980804,-74.7846251,+16092671179,8068,1636 Route 38,Mount Holly,NJ,"[{'@type': 'OpeningHoursSpecification', 'dayOfWeek': ['Monday', 'Tuesday', 'Wednesday', 'Thursday', 'Friday', 'Saturday', 'Sunday'], 'opens': '7:30', 'closes': '10:29'}, {'@type': 'OpeningHoursSpecification', 'dayOfWeek': ['Monday', 'Tuesday', 'Wednesday', 'Thursday', 'Friday', 'Saturday', 'Sunday'], 'opens': '10:30', 'closes': '21:30'}]","{'@type': 'PostalAddress', 'addressLocality': 'Mount Holly', 'addressRegion': 'NJ', 'postalCode': '8068', 'addressCountry': 'US', 'streetAddress': '1636 Route 38'}","{'@type': 'GeoCoordinates', 'latitude': 39.980804, 'longitude': -74.7846251}","{'@type': 'AggregateRating', 'ratingValue': 4.7, 'reviewCount': '13'}"
Dunkin' (100 Springside Rancocas Rd),https://www.ubereats.com/new-jersey/food-delivery/dunkin-100-springside-rancocas-rd/JWmukOk4SDmG_o-wCjCcRA,mt-holly-new-jersey,"['Breakfast and Brunch', 'Donuts']",,,$,40.0247244,-74.85537339999999,+16098801520,8060,100 Springside Rancocas Rd,Westampton,NJ,"[{'@type': 'OpeningHoursSpecification', 'dayOfWeek': ['Monday', 'Tuesday', 'Wednesday', 'Thursday', 'Friday', 'Saturday', 'Sunday'], 'opens': '5:30', 'closes': '18:30'}]","{'@type': 'PostalAddress', 'addressLocality': 'Westampton', 'addressRegion': 'NJ', 'postalCode': '8060', 'addressCountry': 'US', 'streetAddress': '100 Springside Rancocas Rd'}","{'@type': 'GeoCoordinates', 'latitude': 40.0247244, 'longitude': -74.85537339999999}",{}
Crab Du Jour Xpress (Lumberton),https://www.ubereats.com/new-jersey/food-delivery/crab-du-jour-xpress-lumberton/gVN9KdyZRlWWoo958Mv_Yg,mt-holly-new-jersey,"['Chinese', 'Asian', 'Asian Fusion']",,,$,39.981276,-74.7841759,+16092618886,8048,1636 Route 38,Lumberton,NJ,"[{'@type': 'OpeningHoursSpecification', 'dayOfWeek': 'Sunday', 'opens': '11:30', 'closes': '21:0'}, {'@type': 'OpeningHoursSpecification', 'dayOfWeek': ['Tuesday', 'Wednesday', 'Thursday'], 'opens': '11:30', 'closes': '21:0'}, {'@type': 'OpeningHoursSpecification', 'dayOfWeek': ['Friday', 'Saturday'], 'opens': '11:30', 'closes': '21:0'}, {'@type': 'OpeningHoursSpecification', 'dayOfWeek': ['Friday', 'Saturday'], 'opens': '11:30', 'closes': '22:0'}]","{'@type': 'PostalAddress', 'addressLocality': 'Lumberton', 'addressRegion': 'NJ', 'postalCode': '8048', 'addressCountry': 'US', 'streetAddress': '1636 Route 38'}","{'@type': 'GeoCoordinates', 'latitude': 39.981276, 'longitude': -74.7841759}",{}
Crystal Diner,https://www.ubereats.com/new-jersey/food-delivery/crystal-diner/LPzU5B-hQfWwaFnB2qH6Gw,mt-holly-new-jersey,"['Burgers', 'American', 'Sandwiches', 'Salads']",4.5,41,$,40.0384976,-74.91668849999999,+16098715228,08010,4207 Route 130,Beverly,NJ,"[{'@type': 'OpeningHoursSpecification', 'dayOfWeek': 'Sunday', 'opens': '7:15', 'closes': '19:30'}, {'@type': 'OpeningHoursSpecification', 'dayOfWeek': 'Sunday', 'opens': '6:0', 'closes': '23:0'}, {'@type': 'OpeningHoursSpecification', 'dayOfWeek': ['Monday', 'Tuesday', 'Wednesday', 'Thursday', 'Friday'], 'opens': '7:15', 'closes': '19:30'}, {'@type': 'OpeningHoursSpecification', 'dayOfWeek': ['Monday', 'Tuesday', 'Wednesday', 'Thursday', 'Friday'], 'opens': '6:0', 'closes': '23:0'}, {'@type': 'OpeningHoursSpecification', 'dayOfWeek': ['Monday', 'Tuesday', 'Wednesday', 'Thursday', 'Friday'], 'opens': '5:0', 'closes': '11:0'}, {'@type': 'OpeningHoursSpecification', 'dayOfWeek': 'Saturday', 'opens': '7:15', 'closes': '19:30'}, {'@type': 'OpeningHoursSpecification', 'dayOfWeek': 'Saturday', 'opens': '6:0', 'closes': '23:0'}]","{'@type': 'PostalAddress', 'addressLocality': 'Beverly', 'addressRegion': 'NJ', 'postalCode': '08010', 'addressCountry': 'US', 'streetAddress': '4207 Route 130'}","{'@type': 'GeoCoordinates', 'latitude': 40.0384976, 'longitude': -74.91668849999999}","{'@type': 'AggregateRating', 'ratingValue': 4.5, 'reviewCount': '41'}"
Taste of SOUL,https://www.ubereats.com/new-jersey/food-delivery/taste-of-soul/uNeWy0bqTfmeJNIotFjhLA,mt-holly-new-jersey,['Soul Food'],,,$$,40.0783913,-74.8580194,+16095312451,08016,345 High St,Burlington,NJ,"[{'@type': 'OpeningHoursSpecification', 'dayOfWeek': 'Sunday', 'opens': '12:0', 'closes': '19:0'}, {'@type': 'OpeningHoursSpecification', 'dayOfWeek': ['Wednesday', 'Thursday'], 'opens': '11:0', 'closes': '19:0'}, {'@type': 'OpeningHoursSpecification', 'dayOfWeek': ['Wednesday', 'Thursday'], 'opens': '11:0', 'closes': '14:0'}, {'@type': 'OpeningHoursSpecification', 'dayOfWeek': 'Friday', 'opens': '11:0', 'closes': '20:0'}, {'@type': 'OpeningHoursSpecification', 'dayOfWeek': 'Friday', 'opens': '11:0', 'closes': '14:0'}, {'@type': 'OpeningHoursSpecification', 'dayOfWeek': 'Saturday', 'opens': '11:0', 'closes': '20:0'}]","{'@type': 'PostalAddress', 'addressLocality': 'Burlington', 'addressRegion': 'NJ', 'postalCode': '08016', 'addressCountry': 'US', 'streetAddress': '345 High St'}","{'@type': 'GeoCoordinates', 'latitude': 40.0783913, 'longitude': -74.8580194}",{}
Saladworks (241 S. Route 73),https://www.ubereats.com/new-jersey/food-delivery/saladworks-241-s-route-73/kz4SlcH3Rfa_eNOZCbiepA,mt-holly-new-jersey,"['American', 'Healthy', 'salad']",4.3,18,$,39.8870988,-74.92466089999999,+18563960011,08043,241 NJ-73,Voorhees Township,NJ,"[{'@type': 'OpeningHoursSpecification', 'dayOfWeek': ['Monday', 'Tuesday', 'Wednesday', 'Thursday', 'Friday'], 'opens': '11:0', 'closes': '18:0'}, {'@type': 'OpeningHoursSpecification', 'dayOfWeek': 'Saturday', 'opens': '11:0', 'closes': '15:0'}]","{'@type': 'PostalAddress', 'addressLocality': 'Voorhees Township', 'addressRegion': 'NJ', 'postalCode': '08043', 'addressCountry': 'US', 'streetAddress': '241 NJ-73'}","{'@type': 'GeoCoordinates', 'latitude': 39.8870988, 'longitude': -74.92466089999999}","{'@type': 'AggregateRating', 'ratingValue': 4.3, 'reviewCount': '18'}"
PrimoHoagies (3111 State Hwy No 38 W),https://www.ubereats.com/new-jersey/food-delivery/primohoagies-3111-state-hwy-no-38-w/DORqGcdBQ1-p26x2fNutIg,mt-holly-new-jersey,"['American', 'salad', 'Sandwich']",4.5,75,$$,39.9717721,-74.8739217,+18562354200,8054,3111 State Hwy No 38 W,Mount Laurel,NJ,"[{'@type': 'OpeningHoursSpecification', 'dayOfWeek': 'Sunday', 'opens': '10:0', 'closes': '18:0'}, {'@type': 'OpeningHoursSpecification', 'dayOfWeek': ['Monday', 'Tuesday', 'Wednesday', 'Thursday', 'Friday', 'Saturday'], 'opens': '10:0', 'closes': '20:0'}]","{'@type': 'PostalAddress', 'addressLocality': 'Mount Laurel', 'addressRegion': 'NJ', 'postalCode': '8054', 'addressCountry': 'US', 'streetAddress': '3111 State Hwy No 38 W'}","{'@type': 'GeoCoordinates', 'latitude': 39.9717721, 'longitude': -74.8739217}","{'@type': 'AggregateRating', 'ratingValue': 4.5, 'reviewCount': '75'}"
Pizza Hut (798 Woodlane Rd Unit #15),https://www.ubereats.com/new-jersey/food-delivery/pizza-hut-798-woodlane-rd-unit-%2315/VS8n9oM0RbeEGVKd2dFG6w,mt-holly-new-jersey,"['Fast Food', 'Italian', 'pizza', 'wings']",4.6,50,$,40.0112427,-74.8042861,+16098451953,8060,798 Woodlane Rd,Westampton,NJ,"[{'@type': 'OpeningHoursSpecification', 'dayOfWeek': ['Monday', 'Tuesday', 'Wednesday', 'Thursday', 'Friday', 'Saturday', 'Sunday'], 'opens': '11:0', 'closes': '21:30'}]","{'@type': 'PostalAddress', 'addressLocality': 'Westampton', 'addressRegion': 'NJ', 'postalCode': '8060', 'addressCountry': 'US', 'streetAddress': '798 Woodlane Rd'}","{'@type': 'GeoCoordinates', 'latitude': 40.0112427, 'longitude': -74.8042861}","{'@type': 'AggregateRating', 'ratingValue': 4.6, 'reviewCount': '50'}"
Pecado Colombiano,https://www.ubereats.com/new-jersey/food-delivery/pecado-colombiano/WYHQApLLQsmQ5sGTQdiucg,mt-holly-new-jersey,"['Spanish', 'Colombian']",4.2,25,$$,40.0361489,-74.9595322,+18569986011,08075,225 S Pavilion Ave,Riverside,New Jersey,"[{'@type': 'OpeningHoursSpecification', 'dayOfWeek': ['Sunday', 'Monday', 'Tuesday', 'Wednesday'], 'opens': '7:0', 'closes': '21:0'}, {'@type': 'OpeningHoursSpecification', 'dayOfWeek': 'Friday', 'opens': '7:0', 'closes': '21:0'}, {'@type': 'OpeningHoursSpecification', 'dayOfWeek': 'Saturday', 'opens': '7:0', 'closes': '21:0'}, {'@type': 'OpeningHoursSpecification', 'dayOfWeek': 'Saturday', 'opens': '8:0', 'closes': '21:0'}]","{'@type': 'PostalAddress', 'addressLocality': 'Riverside', 'addressRegion': 'New Jersey', 'postalCode': '08075', 'addressCountry': 'US', 'streetAddress': '225 S Pavilion Ave'}","{'@type': 'GeoCoordinates', 'latitude': 40.0361489, 'longitude': -74.9595322}","{'@type': 'AggregateRating', 'ratingValue': 4.2, 'reviewCount': '25'}"
KFC (Rt. 130 & High St.),https://www.ubereats.com/new-jersey/food-delivery/kfc-rt-130-%26-high-st/prpPQDphQSKltLvHY0mgcw,mt-holly-new-jersey,"['American', 'Fast Food', 'wings']",4.2,44,$,40.0708881,-74.85508039999999,+16093862680,8016,Rt. 130 & High St.,Burlington,NJ,"[{'@type': 'OpeningHoursSpecification', 'dayOfWeek': ['Monday', 'Tuesday', 'Wednesday', 'Thursday', 'Friday', 'Saturday', 'Sunday'], 'opens': '10:30', 'closes': '21:30'}]","{'@type': 'PostalAddress', 'addressLocality': 'Burlington', 'addressRegion': 'NJ', 'postalCode': '8016', 'addressCountry': 'US', 'streetAddress': 'Rt. 130 & High St.'}","{'@type': 'GeoCoordinates', 'latitude': 40.0708881, 'longitude': -74.85508039999999}","{'@type': 'AggregateRating', 'ratingValue': 4.2, 'reviewCount': '44'}"
Taco Bell (601 High Street),https://www.ubereats.com/new-jersey/food-delivery/taco-bell-601-high-street/nAxXyAQKTYykaAe0846ZHQ,mt-holly-new-jersey,"['Burritos', 'Fast Food', 'Mexican']",4.0,92,$,40.0077819,-74.79672219999999,+16092612616,8060,601 High Street,Mount Holly,NJ,"[{'@type': 'OpeningHoursSpecification', 'dayOfWeek': ['Sunday', 'Monday', 'Tuesday', 'Wednesday', 'Thursday'], 'opens': '14:0', 'closes': '17:0'}, {'@type': 'OpeningHoursSpecification', 'dayOfWeek': ['Sunday', 'Monday', 'Tuesday', 'Wednesday', 'Thursday'], 'opens': '10:0', 'closes': '0:30'}, {'@type': 'OpeningHoursSpecification', 'dayOfWeek': ['Friday', 'Saturday'], 'opens': '14:0', 'closes': '17:0'}, {'@type': 'OpeningHoursSpecification', 'dayOfWeek': ['Friday', 'Saturday'], 'opens': '10:0', 'closes': '1:30'}]","{'@type': 'PostalAddress', 'addressLocality': 'Mount Holly', 'addressRegion': 'NJ', 'postalCode': '8060', 'addressCountry': 'US', 'streetAddress': '601 High Street'}","{'@type': 'GeoCoordinates', 'latitude': 40.0077819, 'longitude': -74.79672219999999}","{'@type': 'AggregateRating', 'ratingValue': 4, 'reviewCount': '92'}"
Applebee's (2018 Burlington-Mount Holly Rd) #95058,https://www.ubereats.com/new-jersey/food-delivery/applebees-2018-burlington-mount-holly-rd-%2395058/44bEuvh5TneEllFf8DEfDA,mt-holly-new-jersey,"['American', 'Bar Food', 'BBQ', 'burger', 'Chicken Strips', 'Comfort Food', 'Dinner', 'pasta', 'salad', 'Sandwich', 'Soup', 'Steak', 'Traditional American', 'wings', 'Family Meals']",4.2,115,$$,40.02885849999999,-74.81776,+16092651616,,,,,"[{'@type': 'OpeningHoursSpecification', 'dayOfWeek': ['Sunday', 'Monday', 'Tuesday', 'Wednesday', 'Thursday'], 'opens': '11:0', 'closes': '20:30'}, {'@type': 'OpeningHoursSpecification', 'dayOfWeek': ['Friday', 'Saturday'], 'opens': '11:0', 'closes': '21:30'}]",,"{'@type': 'GeoCoordinates', 'latitude': 40.02885849999999, 'longitude': -74.81776}","{'@type': 'AggregateRating', 'ratingValue': 4.2, 'reviewCount': '115'}"
Chipotle Mexican Grill (500 Route 73 S),https://www.ubereats.com/new-jersey/food-delivery/chipotle-mexican-grill-500-route-73-s/fgIhY954SA6OnH1ZrkUrfQ,mt-holly-new-jersey,"['Healthy', 'Mexican']",4.4,106,$,39.8788271,-74.919718,+18567971569,8053,500 Route 73 S,Marlton,NJ,"[{'@type': 'OpeningHoursSpecification', 'dayOfWeek': ['Monday', 'Tuesday', 'Wednesday', 'Thursday', 'Friday', 'Saturday', 'Sunday'], 'opens': '10:45', 'closes': '21:40'}]","{'@type': 'PostalAddress', 'addressLocality': 'Marlton', 'addressRegion': 'NJ', 'postalCode': '8053', 'addressCountry': 'US', 'streetAddress': '500 Route 73 S'}","{'@type': 'GeoCoordinates', 'latitude': 39.8788271, 'longitude': -74.919718}","{'@type': 'AggregateRating', 'ratingValue': 4.4, 'reviewCount': '106'}"
Soulcialite Cafe,https://www.ubereats.com/new-jersey/food-delivery/soulcialite-cafe/RjSSVq76RJStFQ5ULhRtQA,mt-holly-new-jersey,"['Vegetarian', 'Salads', 'Juice and Smoothies']",,,$,39.9771836,-74.83303029999999,+18564773530,8036,1381 NJ-38,Hainesport,NJ,"[{'@type': 'OpeningHoursSpecification', 'dayOfWeek': ['Tuesday', 'Wednesday', 'Thursday', 'Friday', 'Saturday'], 'opens': '10:0', 'closes': '17:0'}]","{'@type': 'PostalAddress', 'addressLocality': 'Hainesport', 'addressRegion': 'NJ', 'postalCode': '8036', 'addressCountry': 'US', 'streetAddress': '1381 NJ-38'}","{'@type': 'GeoCoordinates', 'latitude': 39.9771836, 'longitude': -74.83303029999999}",{}
Popeyes (1851 Burlington Mount Holly Rd),https://www.ubereats.com/new-jersey/food-delivery/popeyes-1851-burlington-mount-holly-rd/iW_gROUzSz6NzRur3qp_Hg,mt-holly-new-jersey,"['American', 'Fast Food', 'Southern', 'Wings']",4.3,66,$,40.009059,-74.799509,+16099144644,8060,1851 Burlington,Mount Holly,NJ,"[{'@type': 'OpeningHoursSpecification', 'dayOfWeek': 'Sunday', 'opens': '11:0', 'closes': '21:30'}, {'@type': 'OpeningHoursSpecification', 'dayOfWeek': ['Monday', 'Tuesday', 'Wednesday', 'Thursday'], 'opens': '11:0', 'closes': '22:0'}, {'@type': 'OpeningHoursSpecification', 'dayOfWeek': ['Friday', 'Saturday'], 'opens': '11:0', 'closes': '22:30'}]","{'@type': 'PostalAddress', 'addressLocality': 'Mount Holly', 'addressRegion': 'NJ', 'postalCode': '8060', 'addressCountry': 'US', 'streetAddress': '1851 Burlington'}","{'@type': 'GeoCoordinates', 'latitude': 40.009059, 'longitude': -74.799509}","{'@type': 'AggregateRating', 'ratingValue': 4.3, 'reviewCount': '66'}"
Randazzo Italian Cuisine,https://www.ubereats.com/new-jersey/food-delivery/randazzo-italian-cuisine/Wn4jBiS-SQ2hn1JX40qtgg,mt-holly-new-jersey,"['Pizza', 'American', 'Italian']",,,$,39.9742114,-74.847195,+16092678333,08036,1299 Route 38,Hainesport,NJ,"[{'@type': 'OpeningHoursSpecification', 'dayOfWeek': ['Monday', 'Tuesday', 'Wednesday', 'Thursday', 'Friday', 'Saturday', 'Sunday'], 'opens': '10:30', 'closes': '20:40'}]","{'@type': 'PostalAddress', 'addressLocality': 'Hainesport', 'addressRegion': 'NJ', 'postalCode': '08036', 'addressCountry': 'US', 'streetAddress': '1299 Route 38'}","{'@type': 'GeoCoordinates', 'latitude': 39.9742114, 'longitude': -74.847195}",{}
The Ultimate Juice Bar,https://www.ubereats.com/new-jersey/food-delivery/the-ultimate-juice-bar/ZklMTzCwToyk93I4qGRibg,mt-holly-new-jersey,"['Juice & Smoothies', 'Kids Friendly', 'American']",,,$$,39.994811,-74.794288,+16087356569,08060,131 Rancocas Rd,Mount Holly,NJ,"[{'@type': 'OpeningHoursSpecification', 'dayOfWeek': ['Monday', 'Tuesday', 'Wednesday', 'Thursday', 'Friday'], 'opens': '8:30', 'closes': '18:0'}, {'@type': 'OpeningHoursSpecification', 'dayOfWeek': 'Saturday', 'opens': '10:0', 'closes': '16:0'}]","{'@type': 'PostalAddress', 'addressLocality': 'Mount Holly', 'addressRegion': 'NJ', 'postalCode': '08060', 'addressCountry': 'US', 'streetAddress': '131 Rancocas Rd'}","{'@type': 'GeoCoordinates', 'latitude': 39.994811, 'longitude': -74.794288}",{}
Hee Lok Asian Cusine,https://www.ubereats.com/new-jersey/food-delivery/hee-lok-asian-cusine/N2eSemSfRHmgUmjjfXrW_g,mt-holly-new-jersey,"['Chinese', 'Asian', 'Asian Fusion']",4.0,12,$,39.98311460000001,-74.7905736,+16092651888,08048,1613 Route 38,Lumberfon,NJ,"[{'@type': 'OpeningHoursSpecification', 'dayOfWeek': 'Sunday', 'opens': '15:0', 'closes': '21:30'}, {'@type': 'OpeningHoursSpecification', 'dayOfWeek': 'Sunday', 'opens': '10:30', 'closes': '15:0'}, {'@type': 'OpeningHoursSpecification', 'dayOfWeek': ['Monday', 'Tuesday', 'Wednesday', 'Thursday'], 'opens': '11:0', 'closes': '20:0'}, {'@type': 'OpeningHoursSpecification', 'dayOfWeek': ['Monday', 'Tuesday', 'Wednesday', 'Thursday'], 'opens': '10:30', 'closes': '21:30'}, {'@type': 'OpeningHoursSpecification', 'dayOfWeek': ['Monday', 'Tuesday', 'Wednesday', 'Thursday'], 'opens': '10:30', 'closes': '15:0'}, {'@type': 'OpeningHoursSpecification', 'dayOfWeek': ['Friday', 'Saturday'], 'opens': '11:0', 'closes': '20:0'}, {'@type': 'OpeningHoursSpecification', 'dayOfWeek': ['Friday', 'Saturday'], 'opens': '10:30', 'closes': '22:30'}, {'@type': 'OpeningHoursSpecification', 'dayOfWeek': ['Friday', 'Saturday'], 'opens': '10:30', 'closes': '15:0'}]","{'@type': 'PostalAddress', 'addressLocality': 'Lumberfon', 'addressRegion': 'NJ', 'postalCode': '08048', 'addressCountry': 'US', 'streetAddress': '1613 Route 38'}","{'@type': 'GeoCoordinates', 'latitude': 39.98311460000001, 'longitude': -74.7905736}","{'@type': 'AggregateRating', 'ratingValue': 4, 'reviewCount': '12'}"
MOD Pizza (Marlton Square),https://www.ubereats.com/new-jersey/food-delivery/mod-pizza-marlton-square/VT9jlf8YQzqXSw3QyFc6WQ,mt-holly-new-jersey,"['Pizza', 'Desserts', 'Salads', 'American', 'Healthy', 'Vegetarian Friendly', 'Kids Friendly']",4.5,43,$,39.89074960000001,-74.923892,+18565520050,08053,300 Route 73 S,Marlton,NJ,"[{'@type': 'OpeningHoursSpecification', 'dayOfWeek': ['Monday', 'Tuesday', 'Wednesday', 'Thursday', 'Friday', 'Saturday', 'Sunday'], 'opens': '11:0', 'closes': '21:40'}]","{'@type': 'PostalAddress', 'addressLocality': 'Marlton', 'addressRegion': 'NJ', 'postalCode': '08053', 'addressCountry': 'US', 'streetAddress': '300 Route 73 S'}","{'@type': 'GeoCoordinates', 'latitude': 39.89074960000001, 'longitude': -74.923892}","{'@type': 'AggregateRating', 'ratingValue': 4.5, 'reviewCount': '43'}"
Shake Shack  (321 W. Rte 70),https://www.ubereats.com/new-jersey/food-delivery/shake-shack-321-w-rte-70/9fU7mS7JRti_JJeYgNRr9A,mt-holly-new-jersey,"['American', 'Burgers']",4.7,163,$,39.89492870000001,-74.9341668,+18563343680,8053,321 W. Rte 70,Marlton,NJ,"[{'@type': 'OpeningHoursSpecification', 'dayOfWeek': ['Sunday', 'Monday', 'Tuesday', 'Wednesday', 'Thursday'], 'opens': '11:0', 'closes': '19:30'}, {'@type': 'OpeningHoursSpecification', 'dayOfWeek': ['Friday', 'Saturday'], 'opens': '11:0', 'closes': '20:30'}]","{'@type': 'PostalAddress', 'addressLocality': 'Marlton', 'addressRegion': 'NJ', 'postalCode': '8053', 'addressCountry': 'US', 'streetAddress': '321 W. Rte 70'}","{'@type': 'GeoCoordinates', 'latitude': 39.89492870000001, 'longitude': -74.9341668}","{'@type': 'AggregateRating', 'ratingValue': 4.7, 'reviewCount': '163'}"
Chipotle Mexican Grill (882 Route 73 N Ste A),https://www.ubereats.com/new-jersey/food-delivery/chipotle-mexican-grill-882-route-73-n-ste-a/GByu5N8BQIen7Qg88nQSmQ,mt-holly-new-jersey,"['Healthy', 'Mexican']",4.5,33,$,39.90623710000001,-74.9363638,+18569835392,8053,882 Route 73 N Ste A,Marlton,NJ,"[{'@type': 'OpeningHoursSpecification', 'dayOfWeek': ['Monday', 'Tuesday', 'Wednesday', 'Thursday', 'Friday', 'Saturday', 'Sunday'], 'opens': '10:45', 'closes': '21:40'}]","{'@type': 'PostalAddress', 'addressLocality': 'Marlton', 'addressRegion': 'NJ', 'postalCode': '8053', 'addressCountry': 'US', 'streetAddress': '882 Route 73 N Ste A'}","{'@type': 'GeoCoordinates', 'latitude': 39.90623710000001, 'longitude': -74.9363638}","{'@type': 'AggregateRating', 'ratingValue': 4.5, 'reviewCount': '33'}"
Burger King (98 Bromley Boulevard),https://www.ubereats.com/new-jersey/food-delivery/burger-king-98-bromley-boulevard/QfY3J6-4SsKXIGESGbWq-Q,mt-holly-new-jersey,"['American', 'burger', 'Fast Food']",4.4,11,$,40.0373185,-74.82455379999999,+16093860423,8016,98 Bromley Boulevard,Burlington,NJ,"[{'@type': 'OpeningHoursSpecification', 'dayOfWeek': ['Monday', 'Tuesday', 'Wednesday', 'Thursday', 'Friday', 'Saturday', 'Sunday'], 'opens': '6:30', 'closes': '10:29'}, {'@type': 'OpeningHoursSpecification', 'dayOfWeek': ['Monday', 'Tuesday', 'Wednesday', 'Thursday', 'Friday', 'Saturday', 'Sunday'], 'opens': '10:30', 'closes': '23:30'}]","{'@type': 'PostalAddress', 'addressLocality': 'Burlington', 'addressRegion': 'NJ', 'postalCode': '8016', 'addressCountry': 'US', 'streetAddress': '98 Bromley Boulevard'}","{'@type': 'GeoCoordinates', 'latitude': 40.0373185, 'longitude': -74.82455379999999}","{'@type': 'AggregateRating', 'ratingValue': 4.4, 'reviewCount': '11'}"
Yi Pin Cuisine,https://www.ubereats.com/new-jersey/food-delivery/yi-pin-cuisine/cO_kOqm4RXWtxgx8BLB1fQ,mt-holly-new-jersey,"['Chinese', 'Asian', 'Seafood']",4.5,119,$,39.970787,-74.917863,+18567806327,08057,300 Young Ave,Moorestown,NJ,"[{'@type': 'OpeningHoursSpecification', 'dayOfWeek': 'Sunday', 'opens': '12:30', 'closes': '21:0'}, {'@type': 'OpeningHoursSpecification', 'dayOfWeek': ['Monday', 'Tuesday', 'Wednesday', 'Thursday'], 'opens': '11:30', 'closes': '21:0'}, {'@type': 'OpeningHoursSpecification', 'dayOfWeek': ['Friday', 'Saturday'], 'opens': '11:30', 'closes': '21:30'}]","{'@type': 'PostalAddress', 'addressLocality': 'Moorestown', 'addressRegion': 'NJ', 'postalCode': '08057', 'addressCountry': 'US', 'streetAddress': '300 Young Ave'}","{'@type': 'GeoCoordinates', 'latitude': 39.970787, 'longitude': -74.917863}","{'@type': 'AggregateRating', 'ratingValue': 4.5, 'reviewCount': '119'}"
Angelo's Pizza,https://www.ubereats.com/new-jersey/food-delivery/angelos-pizza/R0edlnbWQ9ex8FDliMe92Q,mt-holly-new-jersey,"['Pizza', 'American', 'Italian']",,,$,39.9527563,-74.8707239,+18562318777,,,,,"[{'@type': 'OpeningHoursSpecification', 'dayOfWeek': ['Sunday', 'Monday', 'Tuesday', 'Wednesday', 'Thursday'], 'opens': '10:30', 'closes': '19:30'}, {'@type': 'OpeningHoursSpecification', 'dayOfWeek': ['Sunday', 'Monday', 'Tuesday', 'Wednesday', 'Thursday'], 'opens': '10:30', 'closes': '21:30'}, {'@type': 'OpeningHoursSpecification', 'dayOfWeek': ['Friday', 'Saturday'], 'opens': '10:30', 'closes': '19:30'}, {'@type': 'OpeningHoursSpecification', 'dayOfWeek': ['Friday', 'Saturday'], 'opens': '10:30', 'closes': '22:30'}, {'@type': 'OpeningHoursSpecification', 'dayOfWeek': ['Friday', 'Saturday'], 'opens': '10:30', 'closes': '22:30'}]",,"{'@type': 'GeoCoordinates', 'latitude': 39.9527563, 'longitude': -74.8707239}",{}
Crust N Fire,https://www.ubereats.com/new-jersey/food-delivery/crust-n-fire/pQ5Clb1DTf-DZau79Ty6KA,mt-holly-new-jersey,"['Pizza', 'Healthy', 'Juice and Smoothies', 'Salads', 'Burgers', 'Desserts']",4.7,173,$$,39.978756,-74.877939,+18566385744,08054,439 Larchmont Blvd,Mount Laurel,New Jersey,"[{'@type': 'OpeningHoursSpecification', 'dayOfWeek': ['Sunday', 'Monday', 'Tuesday', 'Wednesday', 'Thursday'], 'opens': '10:0', 'closes': '20:45'}, {'@type': 'OpeningHoursSpecification', 'dayOfWeek': ['Friday', 'Saturday'], 'opens': '10:0', 'closes': '21:0'}]","{'@type': 'PostalAddress', 'addressLocality': 'Mount Laurel', 'addressRegion': 'New Jersey', 'postalCode': '08054', 'addressCountry': 'US', 'streetAddress': '439 Larchmont Blvd'}","{'@type': 'GeoCoordinates', 'latitude': 39.978756, 'longitude': -74.877939}","{'@type': 'AggregateRating', 'ratingValue': 4.7, 'reviewCount': '173'}"
Pizza Hut (4384 Route 130),https://www.ubereats.com/new-jersey/food-delivery/pizza-hut-4384-route-130/faPSrXM0QZSVZYItMkM1vw,mt-holly-new-jersey,"['Fast Food', 'Italian', 'pizza', 'wings']",,,$,40.0549147,-74.8893155,+16093266868,,,,,"[{'@type': 'OpeningHoursSpecification', 'dayOfWeek': ['Sunday', 'Monday', 'Tuesday', 'Wednesday', 'Thursday'], 'opens': '11:0', 'closes': '21:45'}, {'@type': 'OpeningHoursSpecification', 'dayOfWeek': ['Friday', 'Saturday'], 'opens': '11:0', 'closes': '22:45'}]",,"{'@type': 'GeoCoordinates', 'latitude': 40.0549147, 'longitude': -74.8893155}",{}
"Papa John's (1200 Church Street, Ste 111)",https://www.ubereats.com/new-jersey/food-delivery/papa-johns-1200-church-street-ste-111/sOnEZTaIT_CN5afJ7ZKh6g,mt-holly-new-jersey,"['Desserts', 'PIzza', 'Wings']",3.8,17,$$,39.9199498,-74.9283212,+18567787877,8054,1200 Church Street Ste 111,Mount Laurel,NJ,"[{'@type': 'OpeningHoursSpecification', 'dayOfWeek': ['Sunday', 'Monday', 'Tuesday', 'Wednesday', 'Thursday'], 'opens': '11:0', 'closes': '22:40'}, {'@type': 'OpeningHoursSpecification', 'dayOfWeek': ['Friday', 'Saturday'], 'opens': '11:0', 'closes': '0:40'}]","{'@type': 'PostalAddress', 'addressLocality': 'Mount Laurel', 'addressRegion': 'NJ', 'postalCode': '8054', 'addressCountry': 'US', 'streetAddress': '1200 Church Street Ste 111'}","{'@type': 'GeoCoordinates', 'latitude': 39.9199498, 'longitude': -74.9283212}","{'@type': 'AggregateRating', 'ratingValue': 3.8, 'reviewCount': '17'}"
Chickie's & Pete's (Marlton),https://www.ubereats.com/new-jersey/food-delivery/chickies-%26-petes-marlton/SP9UTLvoTmuUZlGwsm3TkQ,mt-holly-new-jersey,"['American', 'Seafood', 'Wings']",4.4,341,$$,39.8913942,-74.9269065,+18564525126,08053,25 Route 73 S,Marlton,NJ,"[{'@type': 'OpeningHoursSpecification', 'dayOfWeek': ['Sunday', 'Monday', 'Tuesday'], 'opens': '11:0', 'closes': '21:30'}, {'@type': 'OpeningHoursSpecification', 'dayOfWeek': 'Wednesday', 'opens': '11:0', 'closes': '20:0'}, {'@type': 'OpeningHoursSpecification', 'dayOfWeek': 'Wednesday', 'opens': '11:0', 'closes': '21:30'}, {'@type': 'OpeningHoursSpecification', 'dayOfWeek': ['Thursday', 'Friday', 'Saturday'], 'opens': '11:0', 'closes': '21:30'}]","{'@type': 'PostalAddress', 'addressLocality': 'Marlton', 'addressRegion': 'NJ', 'postalCode': '08053', 'addressCountry': 'US', 'streetAddress': '25 Route 73 S'}","{'@type': 'GeoCoordinates', 'latitude': 39.8913942, 'longitude': -74.9269065}","{'@type': 'AggregateRating', 'ratingValue': 4.4, 'reviewCount': '341'}"
Dunkin' (317 Rancocas Rd),https://www.ubereats.com/new-jersey/food-delivery/dunkin-317-rancocas-rd/VeC26FgIQ9SzPxJMs5tgAQ,mt-holly-new-jersey,"['Breakfast and Brunch', 'Donuts']",4.4,26,$,39.9980386,-74.8023894,+16092652221,8060,317 Rancocas Rd,Mount Holly,NJ,"[{'@type': 'OpeningHoursSpecification', 'dayOfWeek': ['Monday', 'Tuesday', 'Wednesday', 'Thursday', 'Friday', 'Saturday', 'Sunday'], 'opens': '4:30', 'closes': '19:30'}]","{'@type': 'PostalAddress', 'addressLocality': 'Mount Holly', 'addressRegion': 'NJ', 'postalCode': '8060', 'addressCountry': 'US', 'streetAddress': '317 Rancocas Rd'}","{'@type': 'GeoCoordinates', 'latitude': 39.9980386, 'longitude': -74.8023894}","{'@type': 'AggregateRating', 'ratingValue': 4.4, 'reviewCount': '26'}"
Seafood Haven LLC,https://www.ubereats.com/new-jersey/food-delivery/seafood-haven-llc/1fn_MuuRTL6TOj3vW_OIqw,mt-holly-new-jersey,['Seafood'],4.4,10,$,40.026804,-74.907775,+16098771010,08046,320 Beverly Rancocas Rd,Willingboro,NJ,"[{'@type': 'OpeningHoursSpecification', 'dayOfWeek': ['Wednesday', 'Thursday'], 'opens': '16:0', 'closes': '20:0'}, {'@type': 'OpeningHoursSpecification', 'dayOfWeek': ['Friday', 'Saturday'], 'opens': '16:0', 'closes': '22:0'}]","{'@type': 'PostalAddress', 'addressLocality': 'Willingboro', 'addressRegion': 'NJ', 'postalCode': '08046', 'addressCountry': 'US', 'streetAddress': '320 Beverly Rancocas Rd'}","{'@type': 'GeoCoordinates', 'latitude': 40.026804, 'longitude': -74.907775}","{'@type': 'AggregateRating', 'ratingValue': 4.4, 'reviewCount': '10'}"
Papa John's (600 John F Kennedy Way),https://www.ubereats.com/new-jersey/food-delivery/papa-johns-600-john-f-kennedy-way/HWilZETYRGqrVEROZyHkpQ,mt-holly-new-jersey,"['Desserts', 'PIzza', 'Wings']",4.7,39,$$,40.042322,-74.87764489999999,+16098717272,8046,600 John F Kennedy Way,Willingboro,NJ,"[{'@type': 'OpeningHoursSpecification', 'dayOfWeek': ['Monday', 'Tuesday', 'Wednesday', 'Thursday', 'Friday', 'Saturday', 'Sunday'], 'opens': '11:0', 'closes': '21:40'}]","{'@type': 'PostalAddress', 'addressLocality': 'Willingboro', 'addressRegion': 'NJ', 'postalCode': '8046', 'addressCountry': 'US', 'streetAddress': '600 John F Kennedy Way'}","{'@type': 'GeoCoordinates', 'latitude': 40.042322, 'longitude': -74.87764489999999}","{'@type': 'AggregateRating', 'ratingValue': 4.7, 'reviewCount': '39'}"
Saladworks (Mt. Laurel),https://www.ubereats.com/new-jersey/food-delivery/saladworks-mt-laurel/b0M40HrrQamOiCG8p3Q5_Q,mt-holly-new-jersey,"['Healthy', 'Salads', 'Sandwich']",4.5,32,$$,39.9709064,-74.8800888,+18564390100,08054,3131 NJ-38,Mount Laurel,New Jersey,"[{'@type': 'OpeningHoursSpecification', 'dayOfWeek': ['Monday', 'Tuesday', 'Wednesday', 'Thursday', 'Friday'], 'opens': '7:30', 'closes': '18:30'}, {'@type': 'OpeningHoursSpecification', 'dayOfWeek': 'Saturday', 'opens': '11:0', 'closes': '18:30'}]","{'@type': 'PostalAddress', 'addressLocality': 'Mount Laurel', 'addressRegion': 'New Jersey', 'postalCode': '08054', 'addressCountry': 'US', 'streetAddress': '3131 NJ-38'}","{'@type': 'GeoCoordinates', 'latitude': 39.9709064, 'longitude': -74.8800888}","{'@type': 'AggregateRating', 'ratingValue': 4.5, 'reviewCount': '32'}"
Cold Stone Creamery (4270 Dearborn Circle),https://www.ubereats.com/new-jersey/food-delivery/cold-stone-creamery-4270-dearborn-circle/6LEv4jqAQZG3OHDKzfC17w,mt-holly-new-jersey,"['Ice Cream and Frozen Yogurt', 'Cupcakes', 'Desserts']",4.3,71,$,39.9704109,-74.9027681,+18562221806,8054,4270 Dearborn Circle,Mount Laurel,NJ,"[{'@type': 'OpeningHoursSpecification', 'dayOfWeek': ['Monday', 'Tuesday', 'Wednesday', 'Thursday', 'Friday', 'Saturday', 'Sunday'], 'opens': '13:30', 'closes': '20:0'}]","{'@type': 'PostalAddress', 'addressLocality': 'Mount Laurel', 'addressRegion': 'NJ', 'postalCode': '8054', 'addressCountry': 'US', 'streetAddress': '4270 Dearborn Circle'}","{'@type': 'GeoCoordinates', 'latitude': 39.9704109, 'longitude': -74.9027681}","{'@type': 'AggregateRating', 'ratingValue': 4.3, 'reviewCount': '71'}"
Casa nostra,https://www.ubereats.com/new-jersey/food-delivery/casa-nostra/8lmek-o1SA29LsDPyg4gaA,mt-holly-new-jersey,"['Italian', 'Pasta', 'Comfort Food']",4.8,20,$,39.9011172,-74.8831169,+17329126972,8053,320 Evesboro - Medford Rd,"Evesham Township,Marlton",NJ,"[{'@type': 'OpeningHoursSpecification', 'dayOfWeek': 'Sunday', 'opens': '12:0', 'closes': '20:0'}, {'@type': 'OpeningHoursSpecification', 'dayOfWeek': ['Monday', 'Tuesday', 'Wednesday', 'Thursday'], 'opens': '11:0', 'closes': '20:0'}, {'@type': 'OpeningHoursSpecification', 'dayOfWeek': ['Friday', 'Saturday'], 'opens': '11:0', 'closes': '21:0'}]","{'@type': 'PostalAddress', 'addressLocality': 'Evesham Township,Marlton', 'addressRegion': 'NJ', 'postalCode': '8053', 'addressCountry': 'US', 'streetAddress': '320 Evesboro - Medford Rd'}","{'@type': 'GeoCoordinates', 'latitude': 39.9011172, 'longitude': -74.8831169}","{'@type': 'AggregateRating', 'ratingValue': 4.8, 'reviewCount': '20'}"
Dunkin' (3101 Marne Hwy),https://www.ubereats.com/new-jersey/food-delivery/dunkin-3101-marne-hwy/EoVt9c0HRRGICjPARpje7A,mt-holly-new-jersey,"['Breakfast and Brunch', 'Donuts']",4.2,13,$,39.9787469,-74.8707924,+18562349995,8054,3101 Marne Hwy,Mount Laurel,NJ,"[{'@type': 'OpeningHoursSpecification', 'dayOfWeek': ['Monday', 'Tuesday', 'Wednesday', 'Thursday', 'Friday', 'Saturday', 'Sunday'], 'opens': '5:30', 'closes': '19:30'}]","{'@type': 'PostalAddress', 'addressLocality': 'Mount Laurel', 'addressRegion': 'NJ', 'postalCode': '8054', 'addressCountry': 'US', 'streetAddress': '3101 Marne Hwy'}","{'@type': 'GeoCoordinates', 'latitude': 39.9787469, 'longitude': -74.8707924}","{'@type': 'AggregateRating', 'ratingValue': 4.2, 'reviewCount': '13'}"
"Papa John's (617 Stokes Road, Suite 5)",https://www.ubereats.com/new-jersey/food-delivery/papa-johns-617-stokes-road-suite-5/ReMwm72cRSSdKHFjIn4V7A,mt-holly-new-jersey,"['Desserts', 'PIzza', 'Wings']",,,$$,39.8727771,-74.8113241,+16096546171,8055,617 Stokes Road,Medford,NJ,"[{'@type': 'OpeningHoursSpecification', 'dayOfWeek': ['Sunday', 'Monday', 'Tuesday', 'Wednesday', 'Thursday'], 'opens': '11:0', 'closes': '22:40'}, {'@type': 'OpeningHoursSpecification', 'dayOfWeek': ['Friday', 'Saturday'], 'opens': '11:0', 'closes': '0:10'}]","{'@type': 'PostalAddress', 'addressLocality': 'Medford', 'addressRegion': 'NJ', 'postalCode': '8055', 'addressCountry': 'US', 'streetAddress': '617 Stokes Road'}","{'@type': 'GeoCoordinates', 'latitude': 39.8727771, 'longitude': -74.8113241}",{}
DADZ BAR AND GRILL,https://www.ubereats.com/new-jersey/food-delivery/dadz-bar-and-grill/ORf9SLzJS-6ZojCZVi_0bA,mt-holly-new-jersey,"['Burgers', 'American', 'Sandwiches']",,,$,39.9815516,-74.7969705,+16093548737,8048,744 Main St,Lumberton,NJ,"[{'@type': 'OpeningHoursSpecification', 'dayOfWeek': ['Monday', 'Tuesday', 'Wednesday', 'Thursday', 'Friday', 'Saturday', 'Sunday'], 'opens': '11:0', 'closes': '20:0'}]","{'@type': 'PostalAddress', 'addressLocality': 'Lumberton', 'addressRegion': 'NJ', 'postalCode': '8048', 'addressCountry': 'US', 'streetAddress': '744 Main St'}","{'@type': 'GeoCoordinates', 'latitude': 39.9815516, 'longitude': -74.7969705}",{}
Fleming’s Prime Steakhouse & Wine Bar (Marlton),https://www.ubereats.com/new-jersey/food-delivery/flemings-prime-steakhouse-%26-wine-bar-marlton/hDM0sDGsSZa5B9xa1r1zEw,mt-holly-new-jersey,"['Steak', 'Seafood', 'Salads', 'Kids Friendly', 'Family Meals', 'Burgers']",4.5,19,$$$,39.89906,-74.93146329999999,+18569881351,08053,"220 NJ-73, Marlton, USA",Evesham Township,NJ,"[{'@type': 'OpeningHoursSpecification', 'dayOfWeek': 'Sunday', 'opens': '12:30', 'closes': '20:30'}, {'@type': 'OpeningHoursSpecification', 'dayOfWeek': 'Monday', 'opens': '12:30', 'closes': '21:30'}, {'@type': 'OpeningHoursSpecification', 'dayOfWeek': 'Tuesday', 'opens': '12:30', 'closes': '21:30'}, {'@type': 'OpeningHoursSpecification', 'dayOfWeek': ['Wednesday', 'Thursday', 'Friday', 'Saturday'], 'opens': '12:30', 'closes': '21:30'}]","{'@type': 'PostalAddress', 'addressLocality': 'Evesham Township', 'addressRegion': 'NJ', 'postalCode': '08053', 'addressCountry': 'US', 'streetAddress': '220 NJ-73, Marlton, USA'}","{'@type': 'GeoCoordinates', 'latitude': 39.89906, 'longitude': -74.93146329999999}","{'@type': 'AggregateRating', 'ratingValue': 4.5, 'reviewCount': '19'}"
Dunkin' (1621 W Rt 38),https://www.ubereats.com/new-jersey/food-delivery/dunkin-1621-w-rt-38/cHl4wHPJSheTIr4Sy_d3lQ,mt-holly-new-jersey,"['Breakfast and Brunch', 'Donuts']",4.1,12,$,39.9827594,-74.7895465,+16092618486,8048,1621 W Rt 38,Lumberton,NJ,"[{'@type': 'OpeningHoursSpecification', 'dayOfWeek': ['Monday', 'Tuesday', 'Wednesday', 'Thursday', 'Friday', 'Saturday', 'Sunday'], 'opens': '7:0', 'closes': '19:30'}]","{'@type': 'PostalAddress', 'addressLocality': 'Lumberton', 'addressRegion': 'NJ', 'postalCode': '8048', 'addressCountry': 'US', 'streetAddress': '1621 W Rt 38'}","{'@type': 'GeoCoordinates', 'latitude': 39.9827594, 'longitude': -74.7895465}","{'@type': 'AggregateRating', 'ratingValue': 4.1, 'reviewCount': '12'}"
honeygrow (323 West Route 70),https://www.ubereats.com/new-jersey/food-delivery/honeygrow-323-west-route-70/1L0mDDe7S1-Gqqm47ymk6A,mt-holly-new-jersey,"['American', 'Healthy', 'Salads']",4.7,96,$$,39.8949299,-74.93417389999999,+18564525023,,,,,"[{'@type': 'OpeningHoursSpecification', 'dayOfWeek': ['Monday', 'Tuesday', 'Wednesday', 'Thursday', 'Friday', 'Saturday', 'Sunday'], 'opens': '10:30', 'closes': '22:0'}]",,"{'@type': 'GeoCoordinates', 'latitude': 39.8949299, 'longitude': -74.93417389999999}","{'@type': 'AggregateRating', 'ratingValue': 4.7, 'reviewCount': '96'}"
Outback Steakhouse (901 Route 73 South),https://www.ubereats.com/new-jersey/food-delivery/outback-steakhouse-901-route-73-south/X9H9hrXWQiCz5ZRUwPi3eQ,mt-holly-new-jersey,"['Burgers', 'American', 'Sandwiches', 'Steak', 'Seafood', 'Salads', 'BBQ']",4.1,204,$,39.86366541624894,-74.92315354226085,+18569830921,,,,,"[{'@type': 'OpeningHoursSpecification', 'dayOfWeek': ['Monday', 'Tuesday', 'Wednesday', 'Thursday', 'Friday', 'Saturday', 'Sunday'], 'opens': '11:0', 'closes': '20:30'}]",,"{'@type': 'GeoCoordinates', 'latitude': 39.86366541624894, 'longitude': -74.92315354226085}","{'@type': 'AggregateRating', 'ratingValue': 4.1, 'reviewCount': '204'}"
Blue Fig Cafe,https://www.ubereats.com/new-jersey/food-delivery/blue-fig-cafe/tC9_RpxHSu29_OIgNrtgYw,mt-holly-new-jersey,"['Mediterranean', 'Greek', 'Vegetarian']",4.4,47,$,39.9720038,-74.9177086,+18566385186,8057,200 Young Ave,Moorestown,NJ,"[{'@type': 'OpeningHoursSpecification', 'dayOfWeek': ['Monday', 'Tuesday', 'Wednesday', 'Thursday', 'Friday', 'Saturday', 'Sunday'], 'opens': '11:0', 'closes': '20:0'}]","{'@type': 'PostalAddress', 'addressLocality': 'Moorestown', 'addressRegion': 'NJ', 'postalCode': '8057', 'addressCountry': 'US', 'streetAddress': '200 Young Ave'}","{'@type': 'GeoCoordinates', 'latitude': 39.9720038, 'longitude': -74.9177086}","{'@type': 'AggregateRating', 'ratingValue': 4.4, 'reviewCount': '47'}"
Krispy Krunchy Chicken (300 Charleston Rd.),https://www.ubereats.com/new-jersey/food-delivery/krispy-krunchy-chicken-300-charleston-rd/6QXdC7SpQtu28CkVqNkjbg,mt-holly-new-jersey,"['Cafe', 'Chicken', 'Desserts', 'Wings']",4.4,28,$$,40.0382276,-74.891623,+12153752443,8046,300 Charleston Rd,Willingboro,NJ,"[{'@type': 'OpeningHoursSpecification', 'dayOfWeek': ['Monday', 'Tuesday', 'Wednesday', 'Thursday', 'Friday', 'Saturday', 'Sunday'], 'opens': '10:0', 'closes': '20:0'}]","{'@type': 'PostalAddress', 'addressLocality': 'Willingboro', 'addressRegion': 'NJ', 'postalCode': '8046', 'addressCountry': 'US', 'streetAddress': '300 Charleston Rd'}","{'@type': 'GeoCoordinates', 'latitude': 40.0382276, 'longitude': -74.891623}","{'@type': 'AggregateRating', 'ratingValue': 4.4, 'reviewCount': '28'}"
Red Lobster (3003 Rt. 130 S.),https://www.ubereats.com/new-jersey/food-delivery/red-lobster-3003-rt-130-s/V2uQCF7HRvyI_YJeoVYXIg,mt-holly-new-jersey,"['Seafood', 'American', 'Family Meals']",4.0,117,$$,40.0123748,-74.9627512,+18564616202,8075,3003 Rt. 130 S.,Delran,NJ,"[{'@type': 'OpeningHoursSpecification', 'dayOfWeek': ['Sunday', 'Monday', 'Tuesday', 'Wednesday', 'Thursday'], 'opens': '11:30', 'closes': '20:0'}, {'@type': 'OpeningHoursSpecification', 'dayOfWeek': ['Friday', 'Saturday'], 'opens': '11:30', 'closes': '21:0'}]","{'@type': 'PostalAddress', 'addressLocality': 'Delran', 'addressRegion': 'NJ', 'postalCode': '8075', 'addressCountry': 'US', 'streetAddress': '3003 Rt. 130 S.'}","{'@type': 'GeoCoordinates', 'latitude': 40.0123748, 'longitude': -74.9627512}","{'@type': 'AggregateRating', 'ratingValue': 4, 'reviewCount': '117'}"
Jamaic's Caribbean Cuisine,https://www.ubereats.com/new-jersey/food-delivery/jamaics-caribbean-cuisine/hyRHRfgKReaW2jqaLO4tLw,mt-holly-new-jersey,"['Caribbean', 'Seafood', 'Jamaican']",,,$,40.04953759999999,-74.880066,+18622241899,08016,1112 Sunset Rd,Burlington,NJ,"[{'@type': 'OpeningHoursSpecification', 'dayOfWeek': ['Monday', 'Tuesday', 'Wednesday', 'Thursday', 'Friday'], 'opens': '10:0', 'closes': '22:0'}, {'@type': 'OpeningHoursSpecification', 'dayOfWeek': 'Saturday', 'opens': '8:30', 'closes': '22:0'}]","{'@type': 'PostalAddress', 'addressLocality': 'Burlington', 'addressRegion': 'NJ', 'postalCode': '08016', 'addressCountry': 'US', 'streetAddress': '1112 Sunset Rd'}","{'@type': 'GeoCoordinates', 'latitude': 40.04953759999999, 'longitude': -74.880066}",{}
McDonald's® (605 BEVERLY RANCOCAS RD),https://www.ubereats.com/new-jersey/food-delivery/mcdonalds-605-beverly-rancocas-rd/86JJdvXzRk6XeoeVzNEnMA,mt-holly-new-jersey,"['American', 'Burgers', 'Fast Food']",4.4,136,$,40.013141,-74.874003,+16098717171,8046,605 BEVERLY RANCOCAS RD,WILLINGBORO,NJ,"[{'@type': 'OpeningHoursSpecification', 'dayOfWeek': ['Sunday', 'Monday', 'Tuesday', 'Wednesday', 'Thursday'], 'opens': '6:0', 'closes': '10:59'}, {'@type': 'OpeningHoursSpecification', 'dayOfWeek': ['Sunday', 'Monday', 'Tuesday', 'Wednesday', 'Thursday'], 'opens': '11:0', 'closes': '16:59'}, {'@type': 'OpeningHoursSpecification', 'dayOfWeek': ['Sunday', 'Monday', 'Tuesday', 'Wednesday', 'Thursday'], 'opens': '17:0', 'closes': '22:30'}, {'@type': 'OpeningHoursSpecification', 'dayOfWeek': ['Friday', 'Saturday'], 'opens': '6:0', 'closes': '10:59'}, {'@type': 'OpeningHoursSpecification', 'dayOfWeek': ['Friday', 'Saturday'], 'opens': '11:0', 'closes': '16:59'}, {'@type': 'OpeningHoursSpecification', 'dayOfWeek': ['Friday', 'Saturday'], 'opens': '17:0', 'closes': '23:30'}]","{'@type': 'PostalAddress', 'addressLocality': 'WILLINGBORO', 'addressRegion': 'NJ', 'postalCode': '8046', 'addressCountry': 'US', 'streetAddress': '605 BEVERLY RANCOCAS RD'}","{'@type': 'GeoCoordinates', 'latitude': 40.013141, 'longitude': -74.874003}","{'@type': 'AggregateRating', 'ratingValue': 4.4, 'reviewCount': '136'}"
Prospector's Steakhouse & Saloon,https://www.ubereats.com/new-jersey/food-delivery/prospectors-steakhouse-%26-saloon/Fay6ge2TQOe-rY1g4my3tQ,mt-holly-new-jersey,"['Steak', 'American', 'Fast Food']",4.5,67,$,39.9698563,-74.8707239,+18562351121,08054,3050 Route 38,Mount Laurel,NJ,"[{'@type': 'OpeningHoursSpecification', 'dayOfWeek': ['Sunday', 'Monday', 'Tuesday', 'Wednesday', 'Thursday'], 'opens': '11:0', 'closes': '20:30'}, {'@type': 'OpeningHoursSpecification', 'dayOfWeek': ['Friday', 'Saturday'], 'opens': '11:0', 'closes': '21:0'}]","{'@type': 'PostalAddress', 'addressLocality': 'Mount Laurel', 'addressRegion': 'NJ', 'postalCode': '08054', 'addressCountry': 'US', 'streetAddress': '3050 Route 38'}","{'@type': 'GeoCoordinates', 'latitude': 39.9698563, 'longitude': -74.8707239}","{'@type': 'AggregateRating', 'ratingValue': 4.5, 'reviewCount': '67'}"
Olga's Diner,https://www.ubereats.com/new-jersey/food-delivery/olgas-diner/ptRKdYDnQVi4v9rZRZa5GA,mt-holly-new-jersey,"['Burgers', 'American', 'Sandwiches']",4.2,39,$,39.8985504,-74.93097,+18564525966,8053,200 New Jersey 73,Evesham Township,NJ,"[{'@type': 'OpeningHoursSpecification', 'dayOfWeek': ['Monday', 'Tuesday', 'Wednesday', 'Thursday', 'Friday', 'Saturday', 'Sunday'], 'opens': '9:0', 'closes': '20:45'}]","{'@type': 'PostalAddress', 'addressLocality': 'Evesham Township', 'addressRegion': 'NJ', 'postalCode': '8053', 'addressCountry': 'US', 'streetAddress': '200 New Jersey 73'}","{'@type': 'GeoCoordinates', 'latitude': 39.8985504, 'longitude': -74.93097}","{'@type': 'AggregateRating', 'ratingValue': 4.2, 'reviewCount': '39'}"
Arby's (220 N. Maple Ave),https://www.ubereats.com/new-jersey/food-delivery/arbys-220-n-maple-ave/Y4nRhzOKTSOXxUOJbg33Og,mt-holly-new-jersey,"['American', 'Sandwich', 'Fast Food', 'Kids Friendly']",4.3,38,$,39.9137811,-74.92487330000002,+18569880434,8053,220 N. Maple Ave,Evesham,NJ,"[{'@type': 'OpeningHoursSpecification', 'dayOfWeek': 'Sunday', 'opens': '10:0', 'closes': '20:30'}, {'@type': 'OpeningHoursSpecification', 'dayOfWeek': ['Monday', 'Tuesday', 'Wednesday', 'Thursday', 'Friday', 'Saturday'], 'opens': '10:0', 'closes': '21:30'}]","{'@type': 'PostalAddress', 'addressLocality': 'Evesham', 'addressRegion': 'NJ', 'postalCode': '8053', 'addressCountry': 'US', 'streetAddress': '220 N. Maple Ave'}","{'@type': 'GeoCoordinates', 'latitude': 39.9137811, 'longitude': -74.92487330000002}","{'@type': 'AggregateRating', 'ratingValue': 4.3, 'reviewCount': '38'}"
Petra Market,https://www.ubereats.com/new-jersey/food-delivery/petra-market/yGv29FjbSQKCC83VLqcqTQ,mt-holly-new-jersey,"['Mediterranean', 'Greek', 'Salads', 'Desserts']",,,$,40.0530047,-74.89093489999999,+14154105268,8046,300 Campbell Drive,Willingboro,NJ,"[{'@type': 'OpeningHoursSpecification', 'dayOfWeek': ['Sunday', 'Monday', 'Tuesday', 'Wednesday', 'Thursday', 'Friday'], 'opens': '9:30', 'closes': '20:0'}, {'@type': 'OpeningHoursSpecification', 'dayOfWeek': 'Saturday', 'opens': '12:0', 'closes': '17:0'}]","{'@type': 'PostalAddress', 'addressLocality': 'Willingboro', 'addressRegion': 'NJ', 'postalCode': '8046', 'addressCountry': 'US', 'streetAddress': '300 Campbell Drive'}","{'@type': 'GeoCoordinates', 'latitude': 40.0530047, 'longitude': -74.89093489999999}",{}
Subway (4364 Route 130 North),https://www.ubereats.com/new-jersey/food-delivery/subway-4364-route-130-north/8F8Nl3v5RLC4RzNEC2B_lA,mt-holly-new-jersey,"['Fast Food', 'Sandwich', 'American']",4.5,27,$,40.05278889999999,-74.8900428,+16098773111,,,,,"[{'@type': 'OpeningHoursSpecification', 'dayOfWeek': 'Sunday', 'opens': '9:0', 'closes': '20:30'}, {'@type': 'OpeningHoursSpecification', 'dayOfWeek': ['Monday', 'Tuesday', 'Wednesday', 'Thursday', 'Friday'], 'opens': '8:30', 'closes': '21:0'}, {'@type': 'OpeningHoursSpecification', 'dayOfWeek': 'Saturday', 'opens': '9:0', 'closes': '21:0'}]",,"{'@type': 'GeoCoordinates', 'latitude': 40.05278889999999, 'longitude': -74.8900428}","{'@type': 'AggregateRating', 'ratingValue': 4.5, 'reviewCount': '27'}"
Popeyes (4328 Route 130),https://www.ubereats.com/new-jersey/food-delivery/popeyes-4328-route-130/YhEdGqcrT6iTMZ3XxYGPVQ,mt-holly-new-jersey,"['American', 'Fast Food', 'Southern', 'Wings']",4.5,176,$,40.04853,-74.899725,+16098770515,8046,4328 Route 130,Willingboro,NJ,"[{'@type': 'OpeningHoursSpecification', 'dayOfWeek': 'Sunday', 'opens': '11:0', 'closes': '21:30'}, {'@type': 'OpeningHoursSpecification', 'dayOfWeek': ['Monday', 'Tuesday', 'Wednesday', 'Thursday'], 'opens': '11:0', 'closes': '22:0'}, {'@type': 'OpeningHoursSpecification', 'dayOfWeek': ['Friday', 'Saturday'], 'opens': '11:0', 'closes': '22:30'}]","{'@type': 'PostalAddress', 'addressLocality': 'Willingboro', 'addressRegion': 'NJ', 'postalCode': '8046', 'addressCountry': 'US', 'streetAddress': '4328 Route 130'}","{'@type': 'GeoCoordinates', 'latitude': 40.04853, 'longitude': -74.899725}","{'@type': 'AggregateRating', 'ratingValue': 4.5, 'reviewCount': '176'}"
Robin's Nest Bakery & Cafe,https://www.ubereats.com/new-jersey/food-delivery/robins-nest-bakery-%26-cafe/DuW8IhUmTAuoYGOLOon9kA,mt-holly-new-jersey,"['Desserts', 'Sandwich', 'Burgers']",,,$,39.9929002,-74.7881524,+16092616149,8060,2 Washington St,Mount Holly,NJ,"[{'@type': 'OpeningHoursSpecification', 'dayOfWeek': ['Tuesday', 'Wednesday', 'Thursday', 'Friday'], 'opens': '12:0', 'closes': '17:45'}]","{'@type': 'PostalAddress', 'addressLocality': 'Mount Holly', 'addressRegion': 'NJ', 'postalCode': '8060', 'addressCountry': 'US', 'streetAddress': '2 Washington St'}","{'@type': 'GeoCoordinates', 'latitude': 39.9929002, 'longitude': -74.7881524}",{}
Arby's (72 Centerton Road),https://www.ubereats.com/new-jersey/food-delivery/arbys-72-centerton-road/94m7PvZpSOaMbbL3gzBaPw,mt-holly-new-jersey,"['American', 'Sandwich', 'Chicken', 'Fast Food', 'Kids Friendly']",,,$,39.97167109999999,-74.910487,+18568021210,8054,72 Centerton Road,Mt. Laurel,NJ,"[{'@type': 'OpeningHoursSpecification', 'dayOfWeek': ['Monday', 'Tuesday', 'Wednesday', 'Thursday', 'Friday', 'Saturday', 'Sunday'], 'opens': '10:30', 'closes': '23:59'}]","{'@type': 'PostalAddress', 'addressLocality': 'Mt. Laurel', 'addressRegion': 'NJ', 'postalCode': '8054', 'addressCountry': 'US', 'streetAddress': '72 Centerton Road'}","{'@type': 'GeoCoordinates', 'latitude': 39.97167109999999, 'longitude': -74.910487}",{}
Guintos Pizzeria & Italian Restaurant,https://www.ubereats.com/new-jersey/food-delivery/guintos-pizzeria-%26-italian-restaurant/d_dE8hYeT-GfYdP6Zb3TYg,mt-holly-new-jersey,"['Pizza', 'American', 'Italian']",4.8,20,$,39.9814267,-74.7826675,+16092650220,8048,774 Eayrestown Rd,Lumberton,NJ,"[{'@type': 'OpeningHoursSpecification', 'dayOfWeek': 'Sunday', 'opens': '10:30', 'closes': '21:0'}, {'@type': 'OpeningHoursSpecification', 'dayOfWeek': 'Sunday', 'opens': '11:29', 'closes': '23:30'}, {'@type': 'OpeningHoursSpecification', 'dayOfWeek': ['Monday', 'Tuesday', 'Wednesday', 'Thursday'], 'opens': '10:30', 'closes': '21:0'}, {'@type': 'OpeningHoursSpecification', 'dayOfWeek': ['Monday', 'Tuesday', 'Wednesday', 'Thursday'], 'opens': '10:30', 'closes': '21:30'}, {'@type': 'OpeningHoursSpecification', 'dayOfWeek': ['Friday', 'Saturday'], 'opens': '10:30', 'closes': '21:0'}, {'@type': 'OpeningHoursSpecification', 'dayOfWeek': ['Friday', 'Saturday'], 'opens': '10:30', 'closes': '22:30'}, {'@type': 'OpeningHoursSpecification', 'dayOfWeek': ['Friday', 'Saturday'], 'opens': '10:30', 'closes': '22:0'}]","{'@type': 'PostalAddress', 'addressLocality': 'Lumberton', 'addressRegion': 'NJ', 'postalCode': '8048', 'addressCountry': 'US', 'streetAddress': '774 Eayrestown Rd'}","{'@type': 'GeoCoordinates', 'latitude': 39.9814267, 'longitude': -74.7826675}","{'@type': 'AggregateRating', 'ratingValue': 4.8, 'reviewCount': '20'}"
"TGI Friday's (633 - BURLINGTON TOWNSHIP, NJ)",https://www.ubereats.com/new-jersey/food-delivery/tgi-fridays-633-burlington-township-nj/Oiz4lTT1QJuTeMpWdexMTw,mt-holly-new-jersey,"['Burgers', 'Bar Food', 'American', 'Family Meals']",4.0,126,$$,40.0351069,-74.82228719999999,+16092394860,08016,2703 Mt Holly Rd,Burlington,New Jersey,"[{'@type': 'OpeningHoursSpecification', 'dayOfWeek': ['Monday', 'Tuesday', 'Wednesday', 'Thursday', 'Friday', 'Saturday', 'Sunday'], 'opens': '11:0', 'closes': '23:30'}]","{'@type': 'PostalAddress', 'addressLocality': 'Burlington', 'addressRegion': 'New Jersey', 'postalCode': '08016', 'addressCountry': 'US', 'streetAddress': '2703 Mt Holly Rd'}","{'@type': 'GeoCoordinates', 'latitude': 40.0351069, 'longitude': -74.82228719999999}","{'@type': 'AggregateRating', 'ratingValue': 4, 'reviewCount': '126'}"
Chipotle Mexican Grill (10 Centerton Rd),https://www.ubereats.com/new-jersey/food-delivery/chipotle-mexican-grill-10-centerton-rd/Nzyy4jykQqy2AqJSbHur4Q,mt-holly-new-jersey,"['Healthy', 'Mexican']",4.2,287,$,39.96993099999999,-74.9140305,+18562064024,8054,10 Centerton Rd,Mount Laurel,NJ,"[{'@type': 'OpeningHoursSpecification', 'dayOfWeek': 'Sunday', 'opens': '10:45', 'closes': '21:40'}, {'@type': 'OpeningHoursSpecification', 'dayOfWeek': 'Monday', 'opens': '10:45', 'closes': '20:40'}, {'@type': 'OpeningHoursSpecification', 'dayOfWeek': ['Tuesday', 'Wednesday', 'Thursday', 'Friday', 'Saturday'], 'opens': '10:45', 'closes': '21:40'}]","{'@type': 'PostalAddress', 'addressLocality': 'Mount Laurel', 'addressRegion': 'NJ', 'postalCode': '8054', 'addressCountry': 'US', 'streetAddress': '10 Centerton Rd'}","{'@type': 'GeoCoordinates', 'latitude': 39.96993099999999, 'longitude': -74.9140305}","{'@type': 'AggregateRating', 'ratingValue': 4.2, 'reviewCount': '287'}"
Carlucci's Waterfront,https://www.ubereats.com/new-jersey/food-delivery/carluccis-waterfront/Bkm_-iAhTzChz0oUIrpekQ,mt-holly-new-jersey,"['Italian', 'Pasta', 'Comfort Food']",,,$,39.9969954,-74.8757947,+18562355737,8054,876 Centerton Rd,Mount Laurel,NJ,"[{'@type': 'OpeningHoursSpecification', 'dayOfWeek': ['Monday', 'Tuesday', 'Wednesday', 'Thursday', 'Friday', 'Saturday', 'Sunday'], 'opens': '11:0', 'closes': '20:0'}]","{'@type': 'PostalAddress', 'addressLocality': 'Mount Laurel', 'addressRegion': 'NJ', 'postalCode': '8054', 'addressCountry': 'US', 'streetAddress': '876 Centerton Rd'}","{'@type': 'GeoCoordinates', 'latitude': 39.9969954, 'longitude': -74.8757947}",{}
"IHOP (2703 Mount Holly Road, Suite 4)",https://www.ubereats.com/new-jersey/food-delivery/ihop-2703-mount-holly-road-suite-4/PYfP9Q2DQJ29O4_eFyh6Fw,mt-holly-new-jersey,"['American', 'Breakfast and Brunch', 'burger', 'Comfort Food', 'Dinner', 'Omelette', 'salad', 'Traditional American', 'Family Meals']",4.6,109,$,40.0351069,-74.82228719999999,+16093861880,,,,,"[{'@type': 'OpeningHoursSpecification', 'dayOfWeek': ['Sunday', 'Monday', 'Tuesday', 'Wednesday', 'Thursday'], 'opens': '7:0', 'closes': '15:50'}, {'@type': 'OpeningHoursSpecification', 'dayOfWeek': ['Friday', 'Saturday'], 'opens': '7:0', 'closes': '18:50'}]",,"{'@type': 'GeoCoordinates', 'latitude': 40.0351069, 'longitude': -74.82228719999999}","{'@type': 'AggregateRating', 'ratingValue': 4.6, 'reviewCount': '109'}"
On The Border - Mt. Laurel,https://www.ubereats.com/new-jersey/food-delivery/on-the-border-mt-laurel/IKjntLWgSaKeuRfFdRftnQ,mt-holly-new-jersey,"['Mexican', 'Tex Mex', 'Family Meals']",4.5,123,$$,39.92362,-74.951884,+18564375360,08054,4160 Church Road,Mt. Laurel,NJ,"[{'@type': 'OpeningHoursSpecification', 'dayOfWeek': ['Monday', 'Tuesday', 'Wednesday', 'Thursday', 'Friday', 'Saturday', 'Sunday'], 'opens': '11:0', 'closes': '20:0'}]","{'@type': 'PostalAddress', 'addressLocality': 'Mt. Laurel', 'addressRegion': 'NJ', 'postalCode': '08054', 'addressCountry': 'US', 'streetAddress': '4160 Church Road'}","{'@type': 'GeoCoordinates', 'latitude': 39.92362, 'longitude': -74.951884}","{'@type': 'AggregateRating', 'ratingValue': 4.5, 'reviewCount': '123'}"
Bertucci's (515 North Route 73),https://www.ubereats.com/new-jersey/food-delivery/bertuccis-515-north-route-73/CQdnou4vRwmg4o7vGWw7cw,mt-holly-new-jersey,"['Italian', 'Pizza', 'Salads', 'Family Meals']",4.3,21,$$,39.9008433,-74.9342334,+18569888070,8053,515 North Route 73,Marlton,NJ,"[{'@type': 'OpeningHoursSpecification', 'dayOfWeek': 'Sunday', 'opens': '11:30', 'closes': '21:30'}, {'@type': 'OpeningHoursSpecification', 'dayOfWeek': ['Monday', 'Tuesday', 'Wednesday'], 'opens': '11:30', 'closes': '21:30'}, {'@type': 'OpeningHoursSpecification', 'dayOfWeek': ['Monday', 'Tuesday', 'Wednesday'], 'opens': '11:30', 'closes': '15:0'}, {'@type': 'OpeningHoursSpecification', 'dayOfWeek': ['Thursday', 'Friday'], 'opens': '11:30', 'closes': '22:0'}, {'@type': 'OpeningHoursSpecification', 'dayOfWeek': ['Thursday', 'Friday'], 'opens': '11:30', 'closes': '15:0'}, {'@type': 'OpeningHoursSpecification', 'dayOfWeek': 'Saturday', 'opens': '11:30', 'closes': '22:0'}]","{'@type': 'PostalAddress', 'addressLocality': 'Marlton', 'addressRegion': 'NJ', 'postalCode': '8053', 'addressCountry': 'US', 'streetAddress': '515 North Route 73'}","{'@type': 'GeoCoordinates', 'latitude': 39.9008433, 'longitude': -74.9342334}","{'@type': 'AggregateRating', 'ratingValue': 4.3, 'reviewCount': '21'}"
Cucina di Pirone,https://www.ubereats.com/new-jersey/food-delivery/cucina-di-pirone/UL-QgtHHT4yjFqNlv3_1lw,mt-holly-new-jersey,"['Italian', 'Salads', 'Soul Food', 'Comfort Food']",4.5,36,$,39.9759154,-74.8383159,+16092615200,,,,,"[{'@type': 'OpeningHoursSpecification', 'dayOfWeek': 'Sunday', 'opens': '12:0', 'closes': '20:0'}, {'@type': 'OpeningHoursSpecification', 'dayOfWeek': ['Monday', 'Tuesday', 'Wednesday', 'Thursday', 'Friday', 'Saturday'], 'opens': '11:0', 'closes': '20:30'}]",,"{'@type': 'GeoCoordinates', 'latitude': 39.9759154, 'longitude': -74.8383159}","{'@type': 'AggregateRating', 'ratingValue': 4.5, 'reviewCount': '36'}"
Marcello’s Ristorante & Pizzeria,https://www.ubereats.com/new-jersey/food-delivery/marcellos-ristorante-%26-pizzeria/fAFyrrJqRKa26wWRRt-qHg,mt-holly-new-jersey,"['Italian', 'Pasta', 'Seafood', 'Allergy Friendly']",4.2,61,$$,39.9159089,-74.92156969999999,+18565960984,,,,,"[{'@type': 'OpeningHoursSpecification', 'dayOfWeek': 'Sunday', 'opens': '12:0', 'closes': '20:30'}, {'@type': 'OpeningHoursSpecification', 'dayOfWeek': ['Monday', 'Tuesday', 'Wednesday', 'Thursday'], 'opens': '9:45', 'closes': '21:0'}, {'@type': 'OpeningHoursSpecification', 'dayOfWeek': 'Friday', 'opens': '9:45', 'closes': '21:30'}, {'@type': 'OpeningHoursSpecification', 'dayOfWeek': 'Saturday', 'opens': '12:0', 'closes': '20:30'}]",,"{'@type': 'GeoCoordinates', 'latitude': 39.9159089, 'longitude': -74.92156969999999}","{'@type': 'AggregateRating', 'ratingValue': 4.2, 'reviewCount': '61'}"
Supreme Pizza Grill,https://www.ubereats.com/new-jersey/food-delivery/supreme-pizza-grill/SDDfZG_qQQmVqraxDXyYTA,mt-holly-new-jersey,"['Italian', 'Pasta', 'Comfort Food']",,,$,39.98270180000001,-74.79336289999999,+16097029600,,,,,"[{'@type': 'OpeningHoursSpecification', 'dayOfWeek': 'Sunday', 'opens': '10:0', 'closes': '19:0'}, {'@type': 'OpeningHoursSpecification', 'dayOfWeek': 'Sunday', 'opens': '11:0', 'closes': '20:0'}, {'@type': 'OpeningHoursSpecification', 'dayOfWeek': ['Monday', 'Tuesday', 'Wednesday', 'Thursday'], 'opens': '10:0', 'closes': '19:0'}, {'@type': 'OpeningHoursSpecification', 'dayOfWeek': ['Friday', 'Saturday'], 'opens': '10:0', 'closes': '19:0'}, {'@type': 'OpeningHoursSpecification', 'dayOfWeek': ['Friday', 'Saturday'], 'opens': '10:0', 'closes': '22:0'}]",,"{'@type': 'GeoCoordinates', 'latitude': 39.98270180000001, 'longitude': -74.79336289999999}",{}
9106-Bonefish Grill (500 Route 73 North),https://www.ubereats.com/new-jersey/food-delivery/9106-bonefish-grill-500-route-73-north/HCKoYrRCQiS4mvleUsKLZQ,mt-holly-new-jersey,"['American', 'Seafood', 'Family Meals']",4.3,51,$$,39.90035016022471,-74.93181549618437,+18563963122,,,,,"[{'@type': 'OpeningHoursSpecification', 'dayOfWeek': 'Sunday', 'opens': '11:0', 'closes': '20:0'}, {'@type': 'OpeningHoursSpecification', 'dayOfWeek': ['Monday', 'Tuesday', 'Wednesday', 'Thursday', 'Friday'], 'opens': '16:0', 'closes': '21:0'}, {'@type': 'OpeningHoursSpecification', 'dayOfWeek': 'Saturday', 'opens': '11:0', 'closes': '21:0'}]",,"{'@type': 'GeoCoordinates', 'latitude': 39.90035016022471, 'longitude': -74.93181549618437}","{'@type': 'AggregateRating', 'ratingValue': 4.3, 'reviewCount': '51'}"
McDonald's® (1864 BURLINGTON-MOUNT HOLLY RD),https://www.ubereats.com/new-jersey/food-delivery/mcdonalds-1864-burlington-mount-holly-rd/phEd5XLCTTCg3GaLreL_ww,mt-holly-new-jersey,"['American', 'Burgers', 'Fast Food', 'Fast Food']",4.5,81,$,40.011235,-74.800375,+16092678544,8060,1864 BURLINGTON-,MOUNT HOLLY,NJ,"[{'@type': 'OpeningHoursSpecification', 'dayOfWeek': ['Monday', 'Tuesday', 'Wednesday', 'Thursday', 'Friday', 'Saturday', 'Sunday'], 'opens': '6:0', 'closes': '10:59'}, {'@type': 'OpeningHoursSpecification', 'dayOfWeek': ['Monday', 'Tuesday', 'Wednesday', 'Thursday', 'Friday', 'Saturday', 'Sunday'], 'opens': '11:0', 'closes': '16:59'}, {'@type': 'OpeningHoursSpecification', 'dayOfWeek': ['Monday', 'Tuesday', 'Wednesday', 'Thursday', 'Friday', 'Saturday', 'Sunday'], 'opens': '17:0', 'closes': '21:45'}]","{'@type': 'PostalAddress', 'addressLocality': 'MOUNT HOLLY', 'addressRegion': 'NJ', 'postalCode': '8060', 'addressCountry': 'US', 'streetAddress': '1864 BURLINGTON-'}","{'@type': 'GeoCoordinates', 'latitude': 40.011235, 'longitude': -74.800375}","{'@type': 'AggregateRating', 'ratingValue': 4.5, 'reviewCount': '81'}"
South star diner,https://www.ubereats.com/new-jersey/food-delivery/south-star-diner/3MWtMa76RIurpvuLx5FG_Q,mt-holly-new-jersey,"['Comfort Food', 'American', 'Burgers']",4.0,27,$,39.9826886,-74.7823849,+18562651715,8060,1655 NJ-38,Mount Holly,NJ,"[{'@type': 'OpeningHoursSpecification', 'dayOfWeek': ['Monday', 'Tuesday', 'Wednesday', 'Thursday', 'Friday', 'Saturday', 'Sunday'], 'opens': '8:0', 'closes': '20:0'}]","{'@type': 'PostalAddress', 'addressLocality': 'Mount Holly', 'addressRegion': 'NJ', 'postalCode': '8060', 'addressCountry': 'US', 'streetAddress': '1655 NJ-38'}","{'@type': 'GeoCoordinates', 'latitude': 39.9826886, 'longitude': -74.7823849}","{'@type': 'AggregateRating', 'ratingValue': 4, 'reviewCount': '27'}"
Arby's (4208 US Route 130),https://www.ubereats.com/new-jersey/food-delivery/arbys-4208-us-route-130/Q1i5JwswREaPEY7zUdK4ZQ,mt-holly-new-jersey,"['American', 'Sandwich', 'Chicken', 'Fast Food', 'Kids Friendly']",4.4,46,$,40.0380522,-74.9158078,+16098719522,8046,4208 Route 130,Willingboro,NJ,"[{'@type': 'OpeningHoursSpecification', 'dayOfWeek': ['Monday', 'Tuesday', 'Wednesday', 'Thursday', 'Friday', 'Saturday', 'Sunday'], 'opens': '10:30', 'closes': '21:15'}]","{'@type': 'PostalAddress', 'addressLocality': 'Willingboro', 'addressRegion': 'NJ', 'postalCode': '8046', 'addressCountry': 'US', 'streetAddress': '4208 Route 130'}","{'@type': 'GeoCoordinates', 'latitude': 40.0380522, 'longitude': -74.9158078}","{'@type': 'AggregateRating', 'ratingValue': 4.4, 'reviewCount': '46'}"
Taste of Szechuan,https://www.ubereats.com/new-jersey/food-delivery/taste-of-szechuan/RmQ552iSS7qla3n8HwGm9g,mt-holly-new-jersey,"['Chinese', 'Asian']",4.5,131,$,39.895969,-74.948908,+18568881370,08003,2091 Marlton Pike East,Cherry Hill,New Jersey,"[{'@type': 'OpeningHoursSpecification', 'dayOfWeek': 'Sunday', 'opens': '11:30', 'closes': '21:0'}, {'@type': 'OpeningHoursSpecification', 'dayOfWeek': ['Monday', 'Tuesday', 'Wednesday', 'Thursday', 'Friday', 'Saturday'], 'opens': '11:30', 'closes': '21:30'}]","{'@type': 'PostalAddress', 'addressLocality': 'Cherry Hill', 'addressRegion': 'New Jersey', 'postalCode': '08003', 'addressCountry': 'US', 'streetAddress': '2091 Marlton Pike East'}","{'@type': 'GeoCoordinates', 'latitude': 39.895969, 'longitude': -74.948908}","{'@type': 'AggregateRating', 'ratingValue': 4.5, 'reviewCount': '131'}"
Cracker Barrel Old Country Store (110 Hancock Lane),https://www.ubereats.com/new-jersey/food-delivery/cracker-barrel-old-country-store-110-hancock-lane/oHpHzB1BT9el0NZMvT6HJQ,mt-holly-new-jersey,"['Burgers', 'American', 'Sandwiches', 'Family Meals']",4.4,93,$,40.028441,-74.8150308,+16092659133,8060,110 Hancock Lane,Mount Holly,NJ,"[{'@type': 'OpeningHoursSpecification', 'dayOfWeek': ['Sunday', 'Monday', 'Tuesday', 'Wednesday', 'Thursday'], 'opens': '10:30', 'closes': '20:0'}, {'@type': 'OpeningHoursSpecification', 'dayOfWeek': ['Sunday', 'Monday', 'Tuesday', 'Wednesday', 'Thursday'], 'opens': '7:30', 'closes': '20:0'}, {'@type': 'OpeningHoursSpecification', 'dayOfWeek': ['Friday', 'Saturday'], 'opens': '10:30', 'closes': '21:0'}, {'@type': 'OpeningHoursSpecification', 'dayOfWeek': ['Friday', 'Saturday'], 'opens': '7:30', 'closes': '21:0'}]","{'@type': 'PostalAddress', 'addressLocality': 'Mount Holly', 'addressRegion': 'NJ', 'postalCode': '8060', 'addressCountry': 'US', 'streetAddress': '110 Hancock Lane'}","{'@type': 'GeoCoordinates', 'latitude': 40.028441, 'longitude': -74.8150308}","{'@type': 'AggregateRating', 'ratingValue': 4.4, 'reviewCount': '93'}"
Dunkin' (3370 Route 38),https://www.ubereats.com/new-jersey/food-delivery/dunkin-3370-route-38/5kWU5z66SdGBw7h1Bi65Vw,mt-holly-new-jersey,"['Breakfast and Brunch', 'Donuts']",4.0,12,$,39.96802999999999,-74.8981964,+18565814907,8054,3370 Route 38,Mount Laurel,NJ,"[{'@type': 'OpeningHoursSpecification', 'dayOfWeek': 'Sunday', 'opens': '5:0', 'closes': '21:0'}, {'@type': 'OpeningHoursSpecification', 'dayOfWeek': ['Monday', 'Tuesday', 'Wednesday', 'Thursday', 'Friday', 'Saturday'], 'opens': '4:30', 'closes': '22:0'}]","{'@type': 'PostalAddress', 'addressLocality': 'Mount Laurel', 'addressRegion': 'NJ', 'postalCode': '8054', 'addressCountry': 'US', 'streetAddress': '3370 Route 38'}","{'@type': 'GeoCoordinates', 'latitude': 39.96802999999999, 'longitude': -74.8981964}","{'@type': 'AggregateRating', 'ratingValue': 4, 'reviewCount': '12'}"
Boston Market (514 High Street),https://www.ubereats.com/new-jersey/food-delivery/boston-market-514-high-street/-r2HrpDVTNyzL6MTSKIwPg,mt-holly-new-jersey,"['American', 'Fast Food', 'Comfort Food', 'Fried Chicken']",,,$,40.0057329,-74.7961966,+16097029085,08060,514 High Street,Mount Holly,NJ,"[{'@type': 'OpeningHoursSpecification', 'dayOfWeek': ['Monday', 'Tuesday', 'Wednesday', 'Thursday', 'Friday', 'Saturday', 'Sunday'], 'opens': '11:0', 'closes': '20:45'}]","{'@type': 'PostalAddress', 'addressLocality': 'Mount Holly', 'addressRegion': 'NJ', 'postalCode': '08060', 'addressCountry': 'US', 'streetAddress': '514 High Street'}","{'@type': 'GeoCoordinates', 'latitude': 40.0057329, 'longitude': -74.7961966}",{}
Anthony's Coal Fired Pizza (7000 Midlantic Dr),https://www.ubereats.com/new-jersey/food-delivery/anthonys-coal-fired-pizza-7000-midlantic-dr/GfCWdTd-SNyDZSPXH1cn9g,mt-holly-new-jersey,"['Italian', 'pasta', 'pizza']",4.7,42,$,39.9653604,-74.9198268,+18562342725,8054,7000 Midlantic Dr,Mount Laurel,NJ,"[{'@type': 'OpeningHoursSpecification', 'dayOfWeek': ['Monday', 'Tuesday', 'Wednesday', 'Thursday', 'Friday', 'Saturday', 'Sunday'], 'opens': '10:45', 'closes': '21:0'}]","{'@type': 'PostalAddress', 'addressLocality': 'Mount Laurel', 'addressRegion': 'NJ', 'postalCode': '8054', 'addressCountry': 'US', 'streetAddress': '7000 Midlantic Dr'}","{'@type': 'GeoCoordinates', 'latitude': 39.9653604, 'longitude': -74.9198268}","{'@type': 'AggregateRating', 'ratingValue': 4.7, 'reviewCount': '42'}"
Wendy's  (2103 Mount Holly Rd),https://www.ubereats.com/new-jersey/food-delivery/wendys-2103-mount-holly-rd/gaw-gnsKROyxhHlhiBDzvQ,mt-holly-new-jersey,"['American', 'Burgers', 'Fast Food']",2.8,11,$,40.05036879999999,-74.83887039999999,+16092399472,8016,2103 Mount Holly Rd,Burlington,NJ,"[{'@type': 'OpeningHoursSpecification', 'dayOfWeek': ['Monday', 'Tuesday', 'Wednesday', 'Thursday', 'Friday', 'Saturday', 'Sunday'], 'opens': '10:30', 'closes': '22:30'}, {'@type': 'OpeningHoursSpecification', 'dayOfWeek': ['Monday', 'Tuesday', 'Wednesday', 'Thursday', 'Friday', 'Saturday', 'Sunday'], 'opens': '6:30', 'closes': '10:0'}]","{'@type': 'PostalAddress', 'addressLocality': 'Burlington', 'addressRegion': 'NJ', 'postalCode': '8016', 'addressCountry': 'US', 'streetAddress': '2103 Mount Holly Rd'}","{'@type': 'GeoCoordinates', 'latitude': 40.05036879999999, 'longitude': -74.83887039999999}","{'@type': 'AggregateRating', 'ratingValue': 2.8, 'reviewCount': '11'}"
McDonald's® (1660 STATE HWY 38),https://www.ubereats.com/new-jersey/food-delivery/mcdonalds-1660-state-hwy-38/jhAee3HNQ2qrvFUhSMNljA,mt-holly-new-jersey,"['American', 'Burgers', 'Fast Food', 'Fast Food']",4.4,81,$,39.981863,-74.780124,+16092614842,8060,1660 STATE HWY 38,MOUNT HOLLY,NJ,"[{'@type': 'OpeningHoursSpecification', 'dayOfWeek': ['Monday', 'Tuesday', 'Wednesday', 'Thursday', 'Friday', 'Saturday', 'Sunday'], 'opens': '4:0', 'closes': '10:59'}, {'@type': 'OpeningHoursSpecification', 'dayOfWeek': ['Monday', 'Tuesday', 'Wednesday', 'Thursday', 'Friday', 'Saturday', 'Sunday'], 'opens': '11:0', 'closes': '16:59'}, {'@type': 'OpeningHoursSpecification', 'dayOfWeek': ['Monday', 'Tuesday', 'Wednesday', 'Thursday', 'Friday', 'Saturday', 'Sunday'], 'opens': '17:0', 'closes': '3:59'}]","{'@type': 'PostalAddress', 'addressLocality': 'MOUNT HOLLY', 'addressRegion': 'NJ', 'postalCode': '8060', 'addressCountry': 'US', 'streetAddress': '1660 STATE HWY 38'}","{'@type': 'GeoCoordinates', 'latitude': 39.981863, 'longitude': -74.780124}","{'@type': 'AggregateRating', 'ratingValue': 4.4, 'reviewCount': '81'}"
McDonald's® (ROUTE 130 NORTH/JACKSON ST),https://www.ubereats.com/new-jersey/food-delivery/mcdonalds-route-130-north-jackson-st/x3ijhv0zQIOfSMedJvF9IA,mt-holly-new-jersey,"['American', 'Burgers', 'Fast Food']",4.3,180,$,40.071819,-74.85306800000001,+16093879191,,,,,"[{'@type': 'OpeningHoursSpecification', 'dayOfWeek': ['Monday', 'Tuesday', 'Wednesday', 'Thursday', 'Friday', 'Saturday', 'Sunday'], 'opens': '6:0', 'closes': '10:59'}, {'@type': 'OpeningHoursSpecification', 'dayOfWeek': ['Monday', 'Tuesday', 'Wednesday', 'Thursday', 'Friday', 'Saturday', 'Sunday'], 'opens': '11:0', 'closes': '16:59'}, {'@type': 'OpeningHoursSpecification', 'dayOfWeek': ['Monday', 'Tuesday', 'Wednesday', 'Thursday', 'Friday', 'Saturday', 'Sunday'], 'opens': '17:0', 'closes': '22:45'}]",,"{'@type': 'GeoCoordinates', 'latitude': 40.071819, 'longitude': -74.85306800000001}","{'@type': 'AggregateRating', 'ratingValue': 4.3, 'reviewCount': '180'}"
Taco Bell (2035 Rt. 130 North),https://www.ubereats.com/new-jersey/food-delivery/taco-bell-2035-rt-130-north/MIzGPNFyQXyf9jK45IAtgg,mt-holly-new-jersey,"['Burritos', 'Fast Food', 'Mexican']",3.8,215,$,40.0562163,-74.8878773,+16098775983,8046,2035 Rt. 130 North,Willingboro,NJ,"[{'@type': 'OpeningHoursSpecification', 'dayOfWeek': ['Sunday', 'Monday', 'Tuesday', 'Wednesday', 'Thursday'], 'opens': '14:0', 'closes': '17:0'}, {'@type': 'OpeningHoursSpecification', 'dayOfWeek': ['Sunday', 'Monday', 'Tuesday', 'Wednesday', 'Thursday'], 'opens': '10:0', 'closes': '0:30'}, {'@type': 'OpeningHoursSpecification', 'dayOfWeek': ['Friday', 'Saturday'], 'opens': '14:0', 'closes': '17:0'}, {'@type': 'OpeningHoursSpecification', 'dayOfWeek': ['Friday', 'Saturday'], 'opens': '10:0', 'closes': '1:30'}]","{'@type': 'PostalAddress', 'addressLocality': 'Willingboro', 'addressRegion': 'NJ', 'postalCode': '8046', 'addressCountry': 'US', 'streetAddress': '2035 Rt. 130 North'}","{'@type': 'GeoCoordinates', 'latitude': 40.0562163, 'longitude': -74.8878773}","{'@type': 'AggregateRating', 'ratingValue': 3.8, 'reviewCount': '215'}"
B-Unos (Burlington),https://www.ubereats.com/new-jersey/food-delivery/b-unos-burlington/3d237zRPSj2gpi4ufeJUPg,mt-holly-new-jersey,"['Burgers', 'American', 'Sandwiches']",,,$,40.077988,-74.8586897,+16093860060,8016,350 High St,Burlington,NJ,"[{'@type': 'OpeningHoursSpecification', 'dayOfWeek': 'Sunday', 'opens': '8:0', 'closes': '16:0'}, {'@type': 'OpeningHoursSpecification', 'dayOfWeek': ['Monday', 'Tuesday', 'Wednesday'], 'opens': '8:0', 'closes': '19:0'}, {'@type': 'OpeningHoursSpecification', 'dayOfWeek': 'Thursday', 'opens': '8:0', 'closes': '20:0'}, {'@type': 'OpeningHoursSpecification', 'dayOfWeek': ['Friday', 'Saturday'], 'opens': '8:0', 'closes': '21:0'}]","{'@type': 'PostalAddress', 'addressLocality': 'Burlington', 'addressRegion': 'NJ', 'postalCode': '8016', 'addressCountry': 'US', 'streetAddress': '350 High St'}","{'@type': 'GeoCoordinates', 'latitude': 40.077988, 'longitude': -74.8586897}",{}
Sushi Kingdom,https://www.ubereats.com/new-jersey/food-delivery/sushi-kingdom/-LXHuErVQb-fv-9G-kvcCg,mt-holly-new-jersey,"['Japanese: Sushi', 'Healthy', 'Seafood']",4.7,110,$,39.89603460000001,-74.9293581,+19176574855,08053,148 NJ-73,New Jersey,NJ,"[{'@type': 'OpeningHoursSpecification', 'dayOfWeek': 'Sunday', 'opens': '12:0', 'closes': '21:30'}, {'@type': 'OpeningHoursSpecification', 'dayOfWeek': ['Monday', 'Tuesday', 'Wednesday', 'Thursday'], 'opens': '11:0', 'closes': '21:30'}, {'@type': 'OpeningHoursSpecification', 'dayOfWeek': ['Monday', 'Tuesday', 'Wednesday', 'Thursday'], 'opens': '11:0', 'closes': '15:30'}, {'@type': 'OpeningHoursSpecification', 'dayOfWeek': ['Friday', 'Saturday'], 'opens': '11:0', 'closes': '22:30'}, {'@type': 'OpeningHoursSpecification', 'dayOfWeek': ['Friday', 'Saturday'], 'opens': '11:0', 'closes': '15:30'}]","{'@type': 'PostalAddress', 'addressLocality': 'New Jersey', 'addressRegion': 'NJ', 'postalCode': '08053', 'addressCountry': 'US', 'streetAddress': '148 NJ-73'}","{'@type': 'GeoCoordinates', 'latitude': 39.89603460000001, 'longitude': -74.9293581}","{'@type': 'AggregateRating', 'ratingValue': 4.7, 'reviewCount': '110'}"
KFC (4218 Route 130),https://www.ubereats.com/new-jersey/food-delivery/kfc-4218-route-130/FqmNLRERRmu61P0XlU5vvQ,mt-holly-new-jersey,"['American', 'Fast Food', 'wings']",4.4,87,$,40.03883920000001,-74.9145061,+16098770113,8046,4218 Route 130,Willingboro,NJ,"[{'@type': 'OpeningHoursSpecification', 'dayOfWeek': ['Monday', 'Tuesday', 'Wednesday', 'Thursday', 'Friday', 'Saturday', 'Sunday'], 'opens': '10:30', 'closes': '21:30'}]","{'@type': 'PostalAddress', 'addressLocality': 'Willingboro', 'addressRegion': 'NJ', 'postalCode': '8046', 'addressCountry': 'US', 'streetAddress': '4218 Route 130'}","{'@type': 'GeoCoordinates', 'latitude': 40.03883920000001, 'longitude': -74.9145061}","{'@type': 'AggregateRating', 'ratingValue': 4.4, 'reviewCount': '87'}"
Ruby Tuesday (4011 Dearborn Circle),https://www.ubereats.com/new-jersey/food-delivery/ruby-tuesday-4011-dearborn-circle/52gHrFlGSUuFH_13Ir7acQ,mt-holly-new-jersey,"['Burgers', 'American', 'Sandwiches', 'Family Meals']",4.4,71,$,39.9691856,-74.9008868,+18564390042,8054,4011 Dearborn Cir,Mt. Laurel,NJ,"[{'@type': 'OpeningHoursSpecification', 'dayOfWeek': 'Sunday', 'opens': '11:0', 'closes': '21:0'}, {'@type': 'OpeningHoursSpecification', 'dayOfWeek': ['Monday', 'Tuesday', 'Wednesday', 'Thursday'], 'opens': '15:0', 'closes': '22:0'}, {'@type': 'OpeningHoursSpecification', 'dayOfWeek': 'Friday', 'opens': '15:0', 'closes': '23:0'}, {'@type': 'OpeningHoursSpecification', 'dayOfWeek': 'Saturday', 'opens': '11:0', 'closes': '23:0'}]","{'@type': 'PostalAddress', 'addressLocality': 'Mt. Laurel', 'addressRegion': 'NJ', 'postalCode': '8054', 'addressCountry': 'US', 'streetAddress': '4011 Dearborn Cir'}","{'@type': 'GeoCoordinates', 'latitude': 39.9691856, 'longitude': -74.9008868}","{'@type': 'AggregateRating', 'ratingValue': 4.4, 'reviewCount': '71'}"
McDonald's® (US 130/COOPER ST),https://www.ubereats.com/new-jersey/food-delivery/mcdonalds-us-130-cooper-st/FdzE2ipzTQeXYCavGbX_XQ,mt-holly-new-jersey,"['American', 'Burgers', 'Fast Food']",4.2,186,$,40.0465057,-74.90441179999999,+16098778142,,,,,"[{'@type': 'OpeningHoursSpecification', 'dayOfWeek': ['Monday', 'Tuesday', 'Wednesday', 'Thursday', 'Friday', 'Saturday', 'Sunday'], 'opens': '6:0', 'closes': '10:59'}, {'@type': 'OpeningHoursSpecification', 'dayOfWeek': ['Monday', 'Tuesday', 'Wednesday', 'Thursday', 'Friday', 'Saturday', 'Sunday'], 'opens': '11:0', 'closes': '16:59'}, {'@type': 'OpeningHoursSpecification', 'dayOfWeek': ['Monday', 'Tuesday', 'Wednesday', 'Thursday', 'Friday', 'Saturday', 'Sunday'], 'opens': '17:0', 'closes': '23:45'}]",,"{'@type': 'GeoCoordinates', 'latitude': 40.0465057, 'longitude': -74.90441179999999}","{'@type': 'AggregateRating', 'ratingValue': 4.2, 'reviewCount': '186'}"
Sal's Pizzeria,https://www.ubereats.com/new-jersey/food-delivery/sals-pizzeria/CQs6203oSZ66D8LUnZvS9A,mt-holly-new-jersey,"['Pizza', 'American', 'Italian']",,,$,40.004414,-74.79392600000001,+16092673297,08060,509 High St,Mount Holly,NJ,"[{'@type': 'OpeningHoursSpecification', 'dayOfWeek': 'Sunday', 'opens': '12:0', 'closes': '20:0'}, {'@type': 'OpeningHoursSpecification', 'dayOfWeek': 'Sunday', 'opens': '2:0', 'closes': '2:1'}, {'@type': 'OpeningHoursSpecification', 'dayOfWeek': ['Monday', 'Tuesday', 'Wednesday', 'Thursday'], 'opens': '10:30', 'closes': '21:30'}, {'@type': 'OpeningHoursSpecification', 'dayOfWeek': ['Monday', 'Tuesday', 'Wednesday', 'Thursday'], 'opens': '2:0', 'closes': '2:1'}, {'@type': 'OpeningHoursSpecification', 'dayOfWeek': ['Friday', 'Saturday'], 'opens': '10:30', 'closes': '22:30'}, {'@type': 'OpeningHoursSpecification', 'dayOfWeek': ['Friday', 'Saturday'], 'opens': '2:0', 'closes': '2:1'}]","{'@type': 'PostalAddress', 'addressLocality': 'Mount Holly', 'addressRegion': 'NJ', 'postalCode': '08060', 'addressCountry': 'US', 'streetAddress': '509 High St'}","{'@type': 'GeoCoordinates', 'latitude': 40.004414, 'longitude': -74.79392600000001}",{}
TGI Friday's (636 - Mt. Laurel),https://www.ubereats.com/new-jersey/food-delivery/tgi-fridays-636-mt-laurel/lB9c8j2mRd6FIQoat3D_mg,mt-holly-new-jersey,"['Burgers', 'Bar Food', 'American', 'Family Meals']",4.0,126,$$,39.9706178,-74.912154,+18568665648,08054,40 Centerton Rd,Mount Laurel Township,New Jersey,"[{'@type': 'OpeningHoursSpecification', 'dayOfWeek': ['Monday', 'Tuesday', 'Wednesday', 'Thursday', 'Friday', 'Saturday', 'Sunday'], 'opens': '11:0', 'closes': '23:30'}]","{'@type': 'PostalAddress', 'addressLocality': 'Mount Laurel Township', 'addressRegion': 'New Jersey', 'postalCode': '08054', 'addressCountry': 'US', 'streetAddress': '40 Centerton Rd'}","{'@type': 'GeoCoordinates', 'latitude': 39.9706178, 'longitude': -74.912154}","{'@type': 'AggregateRating', 'ratingValue': 4, 'reviewCount': '126'}"
Gaetano's The Original,https://www.ubereats.com/new-jersey/food-delivery/gaetanos-the-original/aPFIN_u9S0-Gwq41zaWTAg,mt-holly-new-jersey,"['American', 'Pasta', 'Pizza', 'Sandwich', 'Salads', 'Seafood', 'Italian']",4.6,77,$$,40.0153118,-74.8888869,+16098715588,8046,498 Beverly Rancocas Rd,Willingboro,NJ,"[{'@type': 'OpeningHoursSpecification', 'dayOfWeek': 'Sunday', 'opens': '12:0', 'closes': '21:0'}, {'@type': 'OpeningHoursSpecification', 'dayOfWeek': ['Monday', 'Tuesday', 'Wednesday', 'Thursday', 'Friday', 'Saturday'], 'opens': '11:0', 'closes': '22:0'}]","{'@type': 'PostalAddress', 'addressLocality': 'Willingboro', 'addressRegion': 'NJ', 'postalCode': '8046', 'addressCountry': 'US', 'streetAddress': '498 Beverly Rancocas Rd'}","{'@type': 'GeoCoordinates', 'latitude': 40.0153118, 'longitude': -74.8888869}","{'@type': 'AggregateRating', 'ratingValue': 4.6, 'reviewCount': '77'}"
"TGI Friday's (632 - MARLTON/ EVESHAM, NJ)",https://www.ubereats.com/new-jersey/food-delivery/tgi-fridays-632-marlton-evesham-nj/-n_5WG0UQRuAH0lnYuEYCg,mt-holly-new-jersey,"['Burgers', 'Bar Food', 'American', 'Family Meals']",4.0,126,$$,39.9061053,-74.93699,+18565969117,08053,"970 NJ-73, Marlton, USA",Evesham Township,NJ,"[{'@type': 'OpeningHoursSpecification', 'dayOfWeek': ['Monday', 'Tuesday', 'Wednesday', 'Thursday', 'Friday', 'Saturday', 'Sunday'], 'opens': '11:0', 'closes': '23:30'}]","{'@type': 'PostalAddress', 'addressLocality': 'Evesham Township', 'addressRegion': 'NJ', 'postalCode': '08053', 'addressCountry': 'US', 'streetAddress': '970 NJ-73, Marlton, USA'}","{'@type': 'GeoCoordinates', 'latitude': 39.9061053, 'longitude': -74.93699}","{'@type': 'AggregateRating', 'ratingValue': 4, 'reviewCount': '126'}"
Wawa 957 (1522 Route 38),https://www.ubereats.com/new-jersey/food-delivery/wawa-957-1522-route-38/1XfMUAPjSmyrpPEkfsUYtQ,mt-holly-new-jersey,"['Salads', 'Juice and Smoothies', 'Sandwich', 'Deli', 'Convenience', 'Grocery', 'Everyday Essentials']",4.5,84,$,39.9815789,-74.80636969999999,+16092673474,8048,1522 Route 38,Lumberton,NJ,"[{'@type': 'OpeningHoursSpecification', 'dayOfWeek': ['Monday', 'Tuesday', 'Wednesday', 'Thursday', 'Friday', 'Saturday', 'Sunday'], 'opens': '5:1', 'closes': '5:0'}]","{'@type': 'PostalAddress', 'addressLocality': 'Lumberton', 'addressRegion': 'NJ', 'postalCode': '8048', 'addressCountry': 'US', 'streetAddress': '1522 Route 38'}","{'@type': 'GeoCoordinates', 'latitude': 39.9815789, 'longitude': -74.80636969999999}","{'@type': 'AggregateRating', 'ratingValue': 4.5, 'reviewCount': '84'}"
Wawa 382 (1814 Salem Rd.),https://www.ubereats.com/new-jersey/food-delivery/wawa-382-1814-salem-rd/FwjOHKa9S7qfw6tQH6sFTQ,mt-holly-new-jersey,"['Salads', 'Juice and Smoothies', 'Sandwich', 'Deli', 'Convenience', 'Grocery', 'Everyday Essentials']",4.2,209,$,40.0503477,-74.8716352,+16093865499,8016,1814 Salem Rd.,Burlington,NJ,"[{'@type': 'OpeningHoursSpecification', 'dayOfWeek': ['Monday', 'Tuesday', 'Wednesday', 'Thursday', 'Friday', 'Saturday', 'Sunday'], 'opens': '5:1', 'closes': '5:0'}]","{'@type': 'PostalAddress', 'addressLocality': 'Burlington', 'addressRegion': 'NJ', 'postalCode': '8016', 'addressCountry': 'US', 'streetAddress': '1814 Salem Rd.'}","{'@type': 'GeoCoordinates', 'latitude': 40.0503477, 'longitude': -74.8716352}","{'@type': 'AggregateRating', 'ratingValue': 4.2, 'reviewCount': '209'}"
Burger King (Route 541 & Mt. Holly By-Pass),https://www.ubereats.com/new-jersey/food-delivery/burger-king-route-541-%26-mt-holly-by-pass/wyRrOhN2TGehv_QKW6hUXQ,mt-holly-new-jersey,"['American', 'burger', 'Fast Food']",,,$,40.0071736,-74.7981923,+16092619822,8060,Route 541 & Mt. Holly By-Pass,Mount Holly,NJ,"[{'@type': 'OpeningHoursSpecification', 'dayOfWeek': ['Monday', 'Tuesday', 'Wednesday', 'Thursday', 'Friday', 'Saturday', 'Sunday'], 'opens': '8:30', 'closes': '10:29'}, {'@type': 'OpeningHoursSpecification', 'dayOfWeek': ['Monday', 'Tuesday', 'Wednesday', 'Thursday', 'Friday', 'Saturday', 'Sunday'], 'opens': '10:30', 'closes': '19:30'}]","{'@type': 'PostalAddress', 'addressLocality': 'Mount Holly', 'addressRegion': 'NJ', 'postalCode': '8060', 'addressCountry': 'US', 'streetAddress': 'Route 541 & Mt. Holly By-Pass'}","{'@type': 'GeoCoordinates', 'latitude': 40.0071736, 'longitude': -74.7981923}",{}
Sonic (1498 Route 38 East),https://www.ubereats.com/new-jersey/food-delivery/sonic-1498-route-38-east/xEbJr0zPSUSZrx1kZI66xQ,mt-holly-new-jersey,"['American', 'Burgers', 'Breakfast and Brunch', 'Fast Food']",4.3,46,$,39.981489,-74.8105637,+16095182335,8036,1498 Route 38 East,Hainesport,NJ,"[{'@type': 'OpeningHoursSpecification', 'dayOfWeek': ['Monday', 'Tuesday', 'Wednesday', 'Thursday', 'Friday', 'Saturday', 'Sunday'], 'opens': '9:0', 'closes': '21:0'}]","{'@type': 'PostalAddress', 'addressLocality': 'Hainesport', 'addressRegion': 'NJ', 'postalCode': '8036', 'addressCountry': 'US', 'streetAddress': '1498 Route 38 East'}","{'@type': 'GeoCoordinates', 'latitude': 39.981489, 'longitude': -74.8105637}","{'@type': 'AggregateRating', 'ratingValue': 4.3, 'reviewCount': '46'}"
Femmina Italian Grill,https://www.ubereats.com/new-jersey/food-delivery/femmina-italian-grill/wH3zpFoMQo2hBV7pOEgcYQ,mt-holly-new-jersey,"['Italian', 'Pasta', 'Comfort Food']",4.7,27,$,39.8771125,-74.81747070000002,+16097148800,08055,408 Stokes Rd,Medford,NJ,"[{'@type': 'OpeningHoursSpecification', 'dayOfWeek': 'Sunday', 'opens': '11:0', 'closes': '15:0'}, {'@type': 'OpeningHoursSpecification', 'dayOfWeek': 'Sunday', 'opens': '15:0', 'closes': '21:0'}, {'@type': 'OpeningHoursSpecification', 'dayOfWeek': 'Sunday', 'opens': '11:0', 'closes': '21:0'}, {'@type': 'OpeningHoursSpecification', 'dayOfWeek': ['Monday', 'Tuesday', 'Wednesday', 'Thursday'], 'opens': '11:0', 'closes': '15:0'}, {'@type': 'OpeningHoursSpecification', 'dayOfWeek': ['Monday', 'Tuesday', 'Wednesday', 'Thursday'], 'opens': '15:0', 'closes': '21:0'}, {'@type': 'OpeningHoursSpecification', 'dayOfWeek': 'Friday', 'opens': '11:0', 'closes': '15:0'}, {'@type': 'OpeningHoursSpecification', 'dayOfWeek': 'Friday', 'opens': '11:0', 'closes': '20:0'}, {'@type': 'OpeningHoursSpecification', 'dayOfWeek': 'Friday', 'opens': '15:0', 'closes': '21:0'}, {'@type': 'OpeningHoursSpecification', 'dayOfWeek': 'Friday', 'opens': '15:0', 'closes': '22:0'}, {'@type': 'OpeningHoursSpecification', 'dayOfWeek': 'Saturday', 'opens': '11:0', 'closes': '15:0'}, {'@type': 'OpeningHoursSpecification', 'dayOfWeek': 'Saturday', 'opens': '15:0', 'closes': '21:0'}, {'@type': 'OpeningHoursSpecification', 'dayOfWeek': 'Saturday', 'opens': '15:0', 'closes': '22:0'}]","{'@type': 'PostalAddress', 'addressLocality': 'Medford', 'addressRegion': 'NJ', 'postalCode': '08055', 'addressCountry': 'US', 'streetAddress': '408 Stokes Rd'}","{'@type': 'GeoCoordinates', 'latitude': 39.8771125, 'longitude': -74.81747070000002}","{'@type': 'AggregateRating', 'ratingValue': 4.7, 'reviewCount': '27'}"
