name,url,city,cuisine,avgRating,numReviews,priceRange,latitude,longitude,telephone,postalCode,streetAddress,addressLocality,addressRegion,openingHoursSpecification,addressString,geoString,ratingString
,https://www.ubereats.com/nyc-suburbs/food-delivery/sals-pastry-shop/l2rxLRE8QMCH2Q5mM-r4cQ,mt-kisco-new-york,,,,,,,,,,,,,,,
Maya Restaurant,https://www.ubereats.com/nyc-suburbs/food-delivery/maya-restaurant/1EfDIxXtQ-yEyZLk8gny_w,mt-kisco-new-york,"['Mexican', 'New Mexican']",,,,41.2028033,-73.7264533,+19142413850,,E Main St,Mt Kisco,NY,"[{'@type': 'OpeningHoursSpecification', 'dayOfWeek': ['Monday', 'Tuesday', 'Wednesday', 'Thursday', 'Friday', 'Saturday', 'Sunday'], 'opens': '12:0', 'closes': '22:10'}]","{'@type': 'PostalAddress', 'addressLocality': 'Mt Kisco', 'addressRegion': 'NY', 'postalCode': '', 'addressCountry': 'US', 'streetAddress': 'E Main St'}","{'@type': 'GeoCoordinates', 'latitude': 41.2028033, 'longitude': -73.7264533}",{}
Fratelli's Trattoria,https://www.ubereats.com/nyc-suburbs/food-delivery/fratellis-trattoria/zq3G3xQQTrWLcb5ivBZ6Vg,mt-kisco-new-york,"['Italian', 'Pasta', 'Comfort Food']",4.4,10,$,41.208538,-73.88378209999999,+19142711100,10520,8 Old Post Rd S,Croton-On-Hudson,NY,"[{'@type': 'OpeningHoursSpecification', 'dayOfWeek': 'Sunday', 'opens': '15:0', 'closes': '21:0'}, {'@type': 'OpeningHoursSpecification', 'dayOfWeek': ['Tuesday', 'Wednesday', 'Thursday', 'Friday', 'Saturday'], 'opens': '15:0', 'closes': '21:30'}]","{'@type': 'PostalAddress', 'addressLocality': 'Croton-On-Hudson', 'addressRegion': 'NY', 'postalCode': '10520', 'addressCountry': 'US', 'streetAddress': '8 Old Post Rd S'}","{'@type': 'GeoCoordinates', 'latitude': 41.208538, 'longitude': -73.88378209999999}","{'@type': 'AggregateRating', 'ratingValue': 4.4, 'reviewCount': '10'}"
Taco Street,https://www.ubereats.com/nyc-suburbs/food-delivery/taco-street/dA_OnZIyRfuV3AcJn--p2A,mt-kisco-new-york,"['Mexican', 'Latin American', 'New Mexican']",,,$,41.1577862,-73.77320449999999,+19148619997,10514,86 S Greeley Ave,Chappaqua,NY,"[{'@type': 'OpeningHoursSpecification', 'dayOfWeek': ['Monday', 'Tuesday', 'Wednesday', 'Thursday', 'Friday', 'Saturday', 'Sunday'], 'opens': '11:0', 'closes': '22:0'}]","{'@type': 'PostalAddress', 'addressLocality': 'Chappaqua', 'addressRegion': 'NY', 'postalCode': '10514', 'addressCountry': 'US', 'streetAddress': '86 S Greeley Ave'}","{'@type': 'GeoCoordinates', 'latitude': 41.1577862, 'longitude': -73.77320449999999}",{}
Burger King (230 N. Bedford Road),https://www.ubereats.com/nyc-suburbs/food-delivery/burger-king-230-n-bedford-road/YbowGPjjQy-gAR8NkhaYXg,mt-kisco-new-york,"['American', 'burger', 'Fast Food']",4.6,26,$,41.2161146,-73.7191455,+19146668600,10549,230 N. Bedford Road,Mount Kisco,NY,"[{'@type': 'OpeningHoursSpecification', 'dayOfWeek': 'Sunday', 'opens': '7:30', 'closes': '10:29'}, {'@type': 'OpeningHoursSpecification', 'dayOfWeek': 'Sunday', 'opens': '10:30', 'closes': '21:30'}, {'@type': 'OpeningHoursSpecification', 'dayOfWeek': ['Monday', 'Tuesday', 'Wednesday', 'Thursday', 'Friday'], 'opens': '6:30', 'closes': '10:29'}, {'@type': 'OpeningHoursSpecification', 'dayOfWeek': ['Monday', 'Tuesday', 'Wednesday', 'Thursday', 'Friday'], 'opens': '10:30', 'closes': '21:30'}, {'@type': 'OpeningHoursSpecification', 'dayOfWeek': 'Saturday', 'opens': '7:30', 'closes': '10:29'}, {'@type': 'OpeningHoursSpecification', 'dayOfWeek': 'Saturday', 'opens': '10:30', 'closes': '21:30'}]","{'@type': 'PostalAddress', 'addressLocality': 'Mount Kisco', 'addressRegion': 'NY', 'postalCode': '10549', 'addressCountry': 'US', 'streetAddress': '230 N. Bedford Road'}","{'@type': 'GeoCoordinates', 'latitude': 41.2161146, 'longitude': -73.7191455}","{'@type': 'AggregateRating', 'ratingValue': 4.6, 'reviewCount': '26'}"
Fatt Root,https://www.ubereats.com/nyc-suburbs/food-delivery/fatt-root/iNKbRuXvTeGaJF0URBpb0A,mt-kisco-new-york,"['Asian Fusion', 'Asian', 'Korean']",4.6,30,$,41.134927,-73.7918859,+19144066087,10570,11 Wheeler Ave,Pleasantville,NY,"[{'@type': 'OpeningHoursSpecification', 'dayOfWeek': 'Sunday', 'opens': '12:0', 'closes': '20:0'}, {'@type': 'OpeningHoursSpecification', 'dayOfWeek': ['Tuesday', 'Wednesday', 'Thursday', 'Friday', 'Saturday'], 'opens': '12:0', 'closes': '20:0'}]","{'@type': 'PostalAddress', 'addressLocality': 'Pleasantville', 'addressRegion': 'NY', 'postalCode': '10570', 'addressCountry': 'US', 'streetAddress': '11 Wheeler Ave'}","{'@type': 'GeoCoordinates', 'latitude': 41.134927, 'longitude': -73.7918859}","{'@type': 'AggregateRating', 'ratingValue': 4.6, 'reviewCount': '30'}"
Tijuana Mexican Grill,https://www.ubereats.com/nyc-suburbs/food-delivery/tijuana-mexican-grill/_3X50pYRTcG9ths3mP104w,mt-kisco-new-york,"['Mexican', 'Latin American', 'New Mexican']",,,$,41.2071025,-73.7285622,+19142188510,10549,37 S Moger Ave,Mount Kisco,NY,"[{'@type': 'OpeningHoursSpecification', 'dayOfWeek': ['Monday', 'Tuesday', 'Wednesday', 'Thursday', 'Friday', 'Saturday', 'Sunday'], 'opens': '11:0', 'closes': '20:0'}]","{'@type': 'PostalAddress', 'addressLocality': 'Mount Kisco', 'addressRegion': 'NY', 'postalCode': '10549', 'addressCountry': 'US', 'streetAddress': '37 S Moger Ave'}","{'@type': 'GeoCoordinates', 'latitude': 41.2071025, 'longitude': -73.7285622}",{}
Flour & Sun Bakery,https://www.ubereats.com/nyc-suburbs/food-delivery/flour-%26-sun-bakery/8m5u7r50ThajD3SCCFpfaQ,mt-kisco-new-york,"['American', 'Breakfast and Brunch', 'Desserts', 'Pastry']",,,$,41.1357486,-73.7916228,+19144953232,10570,19 Washington Ave,Pleasantville,NY,"[{'@type': 'OpeningHoursSpecification', 'dayOfWeek': ['Tuesday', 'Wednesday', 'Thursday', 'Friday'], 'opens': '11:0', 'closes': '17:0'}, {'@type': 'OpeningHoursSpecification', 'dayOfWeek': 'Saturday', 'opens': '10:0', 'closes': '15:0'}]","{'@type': 'PostalAddress', 'addressLocality': 'Pleasantville', 'addressRegion': 'NY', 'postalCode': '10570', 'addressCountry': 'US', 'streetAddress': '19 Washington Ave'}","{'@type': 'GeoCoordinates', 'latitude': 41.1357486, 'longitude': -73.7916228}",{}
Zero Otto Nove,https://www.ubereats.com/nyc-suburbs/food-delivery/zero-otto-nove/h6hNHnKsSoyTNJ_LThHk8g,mt-kisco-new-york,"['Pizza', 'American', 'Italian', 'Allergy Friendly']",,,$,41.1193744,-73.7183271,+19142730089,10504,55 Old Route 22,Armonk,NY,"[{'@type': 'OpeningHoursSpecification', 'dayOfWeek': 'Sunday', 'opens': '13:0', 'closes': '20:30'}, {'@type': 'OpeningHoursSpecification', 'dayOfWeek': ['Tuesday', 'Wednesday', 'Thursday'], 'opens': '12:0', 'closes': '14:30'}, {'@type': 'OpeningHoursSpecification', 'dayOfWeek': ['Tuesday', 'Wednesday', 'Thursday'], 'opens': '17:0', 'closes': '20:30'}, {'@type': 'OpeningHoursSpecification', 'dayOfWeek': ['Friday', 'Saturday'], 'opens': '12:0', 'closes': '14:30'}, {'@type': 'OpeningHoursSpecification', 'dayOfWeek': ['Friday', 'Saturday'], 'opens': '17:0', 'closes': '22:0'}]","{'@type': 'PostalAddress', 'addressLocality': 'Armonk', 'addressRegion': 'NY', 'postalCode': '10504', 'addressCountry': 'US', 'streetAddress': '55 Old Route 22'}","{'@type': 'GeoCoordinates', 'latitude': 41.1193744, 'longitude': -73.7183271}",{}
Good Choice Kitchen Vegan Cafe & Culinary Center,https://www.ubereats.com/nyc-suburbs/food-delivery/good-choice-kitchen-vegan-cafe-%26-culinary-center/Jxb1EbWPTtu-tWH3Bp6Ibw,mt-kisco-new-york,"['Vegan', 'Healthy', 'Allergy Friendly']",4.9,20,$,41.161311,-73.863343,+19149301591,10562,147 Main St,Ossining,NY,"[{'@type': 'OpeningHoursSpecification', 'dayOfWeek': ['Monday', 'Tuesday', 'Wednesday', 'Thursday', 'Friday', 'Saturday'], 'opens': '10:0', 'closes': '17:0'}, {'@type': 'OpeningHoursSpecification', 'dayOfWeek': ['Monday', 'Tuesday', 'Wednesday', 'Thursday', 'Friday', 'Saturday'], 'opens': '10:0', 'closes': '11:30'}]","{'@type': 'PostalAddress', 'addressLocality': 'Ossining', 'addressRegion': 'NY', 'postalCode': '10562', 'addressCountry': 'US', 'streetAddress': '147 Main St'}","{'@type': 'GeoCoordinates', 'latitude': 41.161311, 'longitude': -73.863343}","{'@type': 'AggregateRating', 'ratingValue': 4.9, 'reviewCount': '20'}"
ChampagneTea,https://www.ubereats.com/nyc-suburbs/food-delivery/champagnetea/KMgy6-OcQFmENJcqNW_ldw,mt-kisco-new-york,['Coffee and Tea'],,,$,41.2170725,-73.7194213,+16467257976,10549,255 N Bedford Rd,Mount Kisco,NY,"[{'@type': 'OpeningHoursSpecification', 'dayOfWeek': ['Monday', 'Tuesday', 'Wednesday', 'Thursday', 'Friday'], 'opens': '11:0', 'closes': '19:0'}]","{'@type': 'PostalAddress', 'addressLocality': 'Mount Kisco', 'addressRegion': 'NY', 'postalCode': '10549', 'addressCountry': 'US', 'streetAddress': '255 N Bedford Rd'}","{'@type': 'GeoCoordinates', 'latitude': 41.2170725, 'longitude': -73.7194213}",{}
Southern Table,https://www.ubereats.com/nyc-suburbs/food-delivery/southern-table/ATDiblHKQoeVGZblyOOPPw,mt-kisco-new-york,"['Seafood', 'Wings', 'Comfort Food']",4.7,79,$$,41.1319107,-73.7912899,+19146183355,10570,39 Marble Ave,Pleasantville,NY,"[{'@type': 'OpeningHoursSpecification', 'dayOfWeek': 'Sunday', 'opens': '12:0', 'closes': '20:0'}, {'@type': 'OpeningHoursSpecification', 'dayOfWeek': 'Sunday', 'opens': '12:0', 'closes': '20:0'}, {'@type': 'OpeningHoursSpecification', 'dayOfWeek': 'Sunday', 'opens': '15:0', 'closes': '20:0'}, {'@type': 'OpeningHoursSpecification', 'dayOfWeek': 'Sunday', 'opens': '10:0', 'closes': '20:0'}, {'@type': 'OpeningHoursSpecification', 'dayOfWeek': 'Sunday', 'opens': '15:0', 'closes': '20:0'}, {'@type': 'OpeningHoursSpecification', 'dayOfWeek': ['Monday', 'Tuesday'], 'opens': '12:0', 'closes': '20:0'}, {'@type': 'OpeningHoursSpecification', 'dayOfWeek': ['Wednesday', 'Thursday', 'Friday'], 'opens': '12:0', 'closes': '20:0'}, {'@type': 'OpeningHoursSpecification', 'dayOfWeek': ['Wednesday', 'Thursday', 'Friday'], 'opens': '15:0', 'closes': '20:0'}, {'@type': 'OpeningHoursSpecification', 'dayOfWeek': ['Wednesday', 'Thursday', 'Friday'], 'opens': '15:0', 'closes': '20:0'}, {'@type': 'OpeningHoursSpecification', 'dayOfWeek': 'Saturday', 'opens': '12:0', 'closes': '20:0'}, {'@type': 'OpeningHoursSpecification', 'dayOfWeek': 'Saturday', 'opens': '12:0', 'closes': '20:0'}, {'@type': 'OpeningHoursSpecification', 'dayOfWeek': 'Saturday', 'opens': '15:0', 'closes': '20:0'}, {'@type': 'OpeningHoursSpecification', 'dayOfWeek': 'Saturday', 'opens': '10:0', 'closes': '20:0'}, {'@type': 'OpeningHoursSpecification', 'dayOfWeek': 'Saturday', 'opens': '15:0', 'closes': '20:0'}]","{'@type': 'PostalAddress', 'addressLocality': 'Pleasantville', 'addressRegion': 'NY', 'postalCode': '10570', 'addressCountry': 'US', 'streetAddress': '39 Marble Ave'}","{'@type': 'GeoCoordinates', 'latitude': 41.1319107, 'longitude': -73.7912899}","{'@type': 'AggregateRating', 'ratingValue': 4.7, 'reviewCount': '79'}"
Dunkin' (5 Goldens Bridge Shopping Ctr),https://www.ubereats.com/nyc-suburbs/food-delivery/dunkin-5-goldens-bridge-shopping-ctr/cTbTtL6BTXyx6WKAkBnKpg,mt-kisco-new-york,"['Breakfast and Brunch', 'Donuts']",,,$,41.29353770000001,-73.67559229999999,+19142321860,10526,5,Goldens Bridge,NY,"[{'@type': 'OpeningHoursSpecification', 'dayOfWeek': ['Monday', 'Tuesday', 'Wednesday', 'Thursday', 'Friday', 'Saturday', 'Sunday'], 'opens': '7:0', 'closes': '18:0'}]","{'@type': 'PostalAddress', 'addressLocality': 'Goldens Bridge', 'addressRegion': 'NY', 'postalCode': '10526', 'addressCountry': 'US', 'streetAddress': '5'}","{'@type': 'GeoCoordinates', 'latitude': 41.29353770000001, 'longitude': -73.67559229999999}",{}
The Granola Bar - Armonk,https://www.ubereats.com/nyc-suburbs/food-delivery/the-granola-bar-armonk/hrAHuZGZTW-pIPbYzE9pRA,mt-kisco-new-york,"['Breakfast and Brunch', 'American', 'Sandwiches']",,,$,41.1321605,-73.71275490000001,+19148613070,10504,575 Main St,Armonk,NY,"[{'@type': 'OpeningHoursSpecification', 'dayOfWeek': 'Sunday', 'opens': '8:0', 'closes': '16:0'}, {'@type': 'OpeningHoursSpecification', 'dayOfWeek': 'Sunday', 'opens': '8:0', 'closes': '16:0'}, {'@type': 'OpeningHoursSpecification', 'dayOfWeek': 'Sunday', 'opens': '8:0', 'closes': '16:0'}, {'@type': 'OpeningHoursSpecification', 'dayOfWeek': 'Sunday', 'opens': '8:0', 'closes': '16:0'}, {'@type': 'OpeningHoursSpecification', 'dayOfWeek': 'Sunday', 'opens': '8:0', 'closes': '16:0'}, {'@type': 'OpeningHoursSpecification', 'dayOfWeek': 'Sunday', 'opens': '8:0', 'closes': '15:45'}, {'@type': 'OpeningHoursSpecification', 'dayOfWeek': 'Monday', 'opens': '7:0', 'closes': '15:0'}, {'@type': 'OpeningHoursSpecification', 'dayOfWeek': 'Monday', 'opens': '7:0', 'closes': '15:0'}, {'@type': 'OpeningHoursSpecification', 'dayOfWeek': 'Monday', 'opens': '7:0', 'closes': '15:0'}, {'@type': 'OpeningHoursSpecification', 'dayOfWeek': 'Monday', 'opens': '7:0', 'closes': '15:0'}, {'@type': 'OpeningHoursSpecification', 'dayOfWeek': 'Monday', 'opens': '7:0', 'closes': '15:0'}, {'@type': 'OpeningHoursSpecification', 'dayOfWeek': 'Monday', 'opens': '7:0', 'closes': '17:0'}, {'@type': 'OpeningHoursSpecification', 'dayOfWeek': 'Monday', 'opens': '19:0', 'closes': '20:0'}, {'@type': 'OpeningHoursSpecification', 'dayOfWeek': ['Tuesday', 'Wednesday', 'Thursday', 'Friday'], 'opens': '7:0', 'closes': '15:0'}, {'@type': 'OpeningHoursSpecification', 'dayOfWeek': ['Tuesday', 'Wednesday', 'Thursday', 'Friday'], 'opens': '7:0', 'closes': '15:0'}, {'@type': 'OpeningHoursSpecification', 'dayOfWeek': ['Tuesday', 'Wednesday', 'Thursday', 'Friday'], 'opens': '7:0', 'closes': '15:0'}, {'@type': 'OpeningHoursSpecification', 'dayOfWeek': ['Tuesday', 'Wednesday', 'Thursday', 'Friday'], 'opens': '7:0', 'closes': '15:0'}, {'@type': 'OpeningHoursSpecification', 'dayOfWeek': ['Tuesday', 'Wednesday', 'Thursday', 'Friday'], 'opens': '7:0', 'closes': '15:0'}, {'@type': 'OpeningHoursSpecification', 'dayOfWeek': ['Tuesday', 'Wednesday', 'Thursday', 'Friday'], 'opens': '7:0', 'closes': '17:0'}, {'@type': 'OpeningHoursSpecification', 'dayOfWeek': 'Saturday', 'opens': '7:0', 'closes': '17:0'}, {'@type': 'OpeningHoursSpecification', 'dayOfWeek': 'Saturday', 'opens': '7:0', 'closes': '17:0'}, {'@type': 'OpeningHoursSpecification', 'dayOfWeek': 'Saturday', 'opens': '7:0', 'closes': '17:0'}, {'@type': 'OpeningHoursSpecification', 'dayOfWeek': 'Saturday', 'opens': '7:0', 'closes': '17:0'}, {'@type': 'OpeningHoursSpecification', 'dayOfWeek': 'Saturday', 'opens': '7:0', 'closes': '17:0'}, {'@type': 'OpeningHoursSpecification', 'dayOfWeek': 'Saturday', 'opens': '7:0', 'closes': '17:0'}]","{'@type': 'PostalAddress', 'addressLocality': 'Armonk', 'addressRegion': 'NY', 'postalCode': '10504', 'addressCountry': 'US', 'streetAddress': '575 Main St'}","{'@type': 'GeoCoordinates', 'latitude': 41.1321605, 'longitude': -73.71275490000001}",{}
Dunkin' (22 Maple St),https://www.ubereats.com/nyc-suburbs/food-delivery/dunkin-22-maple-st/NNoD8DJURzKJIjyXMryKwA,mt-kisco-new-york,"['Breakfast and Brunch', 'Donuts']",,,$,41.201589,-73.8849764,+19142712309,10520,22 Maple St,Croton On Hudson,NY,"[{'@type': 'OpeningHoursSpecification', 'dayOfWeek': ['Monday', 'Tuesday', 'Wednesday', 'Thursday', 'Friday', 'Saturday', 'Sunday'], 'opens': '5:30', 'closes': '18:30'}]","{'@type': 'PostalAddress', 'addressLocality': 'Croton On Hudson', 'addressRegion': 'NY', 'postalCode': '10520', 'addressCountry': 'US', 'streetAddress': '22 Maple St'}","{'@type': 'GeoCoordinates', 'latitude': 41.201589, 'longitude': -73.8849764}",{}
The Barley House,https://www.ubereats.com/nyc-suburbs/food-delivery/the-barley-house/wVAsfVN0R3uGpgh4fD0LUg,mt-kisco-new-york,['American'],4.8,32,$$,41.1168104,-73.786625,+19144953333,10594,665 Commerce St,Thornwood,NY,"[{'@type': 'OpeningHoursSpecification', 'dayOfWeek': ['Sunday', 'Monday'], 'opens': '12:0', 'closes': '19:45'}, {'@type': 'OpeningHoursSpecification', 'dayOfWeek': ['Tuesday', 'Wednesday'], 'opens': '12:0', 'closes': '20:45'}, {'@type': 'OpeningHoursSpecification', 'dayOfWeek': ['Thursday', 'Friday', 'Saturday'], 'opens': '12:0', 'closes': '21:45'}]","{'@type': 'PostalAddress', 'addressLocality': 'Thornwood', 'addressRegion': 'NY', 'postalCode': '10594', 'addressCountry': 'US', 'streetAddress': '665 Commerce St'}","{'@type': 'GeoCoordinates', 'latitude': 41.1168104, 'longitude': -73.786625}","{'@type': 'AggregateRating', 'ratingValue': 4.8, 'reviewCount': '32'}"
gordos north,https://www.ubereats.com/nyc-suburbs/food-delivery/gordos-north/25CSHipNTQeYWpnWfGI3xg,mt-kisco-new-york,"['Burgers', 'American', 'Sandwiches', 'Allergy Friendly']",4.5,11,$,41.12598939999999,-73.7800984,+19145792610,10594,1006 Broadway,Thornwood,NY,"[{'@type': 'OpeningHoursSpecification', 'dayOfWeek': 'Sunday', 'opens': '12:0', 'closes': '20:45'}, {'@type': 'OpeningHoursSpecification', 'dayOfWeek': ['Tuesday', 'Wednesday', 'Thursday', 'Friday', 'Saturday'], 'opens': '12:0', 'closes': '20:45'}]","{'@type': 'PostalAddress', 'addressLocality': 'Thornwood', 'addressRegion': 'NY', 'postalCode': '10594', 'addressCountry': 'US', 'streetAddress': '1006 Broadway'}","{'@type': 'GeoCoordinates', 'latitude': 41.12598939999999, 'longitude': -73.7800984}","{'@type': 'AggregateRating', 'ratingValue': 4.5, 'reviewCount': '11'}"
Carvel (726 North Bedford Rd),https://www.ubereats.com/nyc-suburbs/food-delivery/carvel-726-north-bedford-rd/FbaFmYKWTRCFz14pe_5sOA,mt-kisco-new-york,"['Ice Cream and Frozen Yogurt', 'Desserts']",4.9,30,$,41.22485169999999,-73.7132491,+19146669838,10507,726 North Bedford Rd,Bedford Hills,NY,"[{'@type': 'OpeningHoursSpecification', 'dayOfWeek': ['Monday', 'Tuesday', 'Wednesday', 'Thursday', 'Friday', 'Saturday', 'Sunday'], 'opens': '10:0', 'closes': '22:0'}]","{'@type': 'PostalAddress', 'addressLocality': 'Bedford Hills', 'addressRegion': 'NY', 'postalCode': '10507', 'addressCountry': 'US', 'streetAddress': '726 North Bedford Rd'}","{'@type': 'GeoCoordinates', 'latitude': 41.22485169999999, 'longitude': -73.7132491}","{'@type': 'AggregateRating', 'ratingValue': 4.9, 'reviewCount': '30'}"
Dunkin' (325 Route 100),https://www.ubereats.com/nyc-suburbs/food-delivery/dunkin-325-route-100/uG6LvOBsTeKy2BuoX9xHoQ,mt-kisco-new-york,"['Breakfast and Brunch', 'Donuts']",,,$,41.3260035,-73.6877203,+19142767606,,,,,"[{'@type': 'OpeningHoursSpecification', 'dayOfWeek': ['Monday', 'Tuesday', 'Wednesday', 'Thursday', 'Friday', 'Saturday', 'Sunday'], 'opens': '5:30', 'closes': '20:0'}]",,"{'@type': 'GeoCoordinates', 'latitude': 41.3260035, 'longitude': -73.6877203}",{}
Dunkin' (2 Washington Ave),https://www.ubereats.com/nyc-suburbs/food-delivery/dunkin-2-washington-ave/eysxi6msReiOzAdKRqQicQ,mt-kisco-new-york,"['Breakfast and Brunch', 'Donuts']",,,$,41.1354268,-73.7920252,+19147694189,10570,2 Washington Ave,Pleasantville,NY,"[{'@type': 'OpeningHoursSpecification', 'dayOfWeek': ['Monday', 'Tuesday', 'Wednesday', 'Thursday', 'Friday', 'Saturday', 'Sunday'], 'opens': '6:0', 'closes': '19:30'}]","{'@type': 'PostalAddress', 'addressLocality': 'Pleasantville', 'addressRegion': 'NY', 'postalCode': '10570', 'addressCountry': 'US', 'streetAddress': '2 Washington Ave'}","{'@type': 'GeoCoordinates', 'latitude': 41.1354268, 'longitude': -73.7920252}",{}
Little Kabab Station,https://www.ubereats.com/nyc-suburbs/food-delivery/little-kabab-station/yZvimYEkRV2tRYN8eHEX7A,mt-kisco-new-york,"['Indian', 'Vegetarian', 'Asian']",4.8,53,$,41.2083542,-73.72767449999999,+19142427000,10549,31 E Main St,Mount Kisco,NY,"[{'@type': 'OpeningHoursSpecification', 'dayOfWeek': ['Monday', 'Tuesday', 'Wednesday', 'Thursday', 'Friday', 'Saturday', 'Sunday'], 'opens': '11:0', 'closes': '20:0'}, {'@type': 'OpeningHoursSpecification', 'dayOfWeek': ['Monday', 'Tuesday', 'Wednesday', 'Thursday', 'Friday', 'Saturday', 'Sunday'], 'opens': '16:0', 'closes': '19:45'}, {'@type': 'OpeningHoursSpecification', 'dayOfWeek': ['Monday', 'Tuesday', 'Wednesday', 'Thursday', 'Friday', 'Saturday', 'Sunday'], 'opens': '10:30', 'closes': '15:0'}, {'@type': 'OpeningHoursSpecification', 'dayOfWeek': ['Monday', 'Tuesday', 'Wednesday', 'Thursday', 'Friday', 'Saturday', 'Sunday'], 'opens': '16:0', 'closes': '22:0'}]","{'@type': 'PostalAddress', 'addressLocality': 'Mount Kisco', 'addressRegion': 'NY', 'postalCode': '10549', 'addressCountry': 'US', 'streetAddress': '31 E Main St'}","{'@type': 'GeoCoordinates', 'latitude': 41.2083542, 'longitude': -73.72767449999999}","{'@type': 'AggregateRating', 'ratingValue': 4.8, 'reviewCount': '53'}"
Chipotle Mexican Grill (185 N Bedford Rd),https://www.ubereats.com/nyc-suburbs/food-delivery/chipotle-mexican-grill-185-n-bedford-rd/yRG-6_-oRfSKpXpMy3JE9Q,mt-kisco-new-york,"['Healthy', 'Mexican']",4.4,285,$,41.2150136,-73.7205247,+19147524725,10549,185 N Bedford Rd,Mount Kisco,NY,"[{'@type': 'OpeningHoursSpecification', 'dayOfWeek': ['Monday', 'Tuesday', 'Wednesday', 'Thursday', 'Friday', 'Saturday', 'Sunday'], 'opens': '10:45', 'closes': '21:40'}]","{'@type': 'PostalAddress', 'addressLocality': 'Mount Kisco', 'addressRegion': 'NY', 'postalCode': '10549', 'addressCountry': 'US', 'streetAddress': '185 N Bedford Rd'}","{'@type': 'GeoCoordinates', 'latitude': 41.2150136, 'longitude': -73.7205247}","{'@type': 'AggregateRating', 'ratingValue': 4.4, 'reviewCount': '285'}"
Wings Express,https://www.ubereats.com/nyc-suburbs/food-delivery/wings-express/ZeU3MSw_Qlej5YQe4XbtDA,mt-kisco-new-york,"['Wings', 'American', 'Fast Food']",4.6,57,$,41.1345009,-73.79331200000001,+19147698585,10570,10B Memorial Plaza,Pleasantville,NY,"[{'@type': 'OpeningHoursSpecification', 'dayOfWeek': 'Sunday', 'opens': '9:0', 'closes': '20:0'}, {'@type': 'OpeningHoursSpecification', 'dayOfWeek': ['Monday', 'Tuesday', 'Wednesday', 'Thursday'], 'opens': '11:0', 'closes': '20:0'}, {'@type': 'OpeningHoursSpecification', 'dayOfWeek': 'Friday', 'opens': '11:0', 'closes': '21:0'}, {'@type': 'OpeningHoursSpecification', 'dayOfWeek': 'Saturday', 'opens': '9:0', 'closes': '21:0'}]","{'@type': 'PostalAddress', 'addressLocality': 'Pleasantville', 'addressRegion': 'NY', 'postalCode': '10570', 'addressCountry': 'US', 'streetAddress': '10B Memorial Plaza'}","{'@type': 'GeoCoordinates', 'latitude': 41.1345009, 'longitude': -73.79331200000001}","{'@type': 'AggregateRating', 'ratingValue': 4.6, 'reviewCount': '57'}"
Potayto-Potahto ,https://www.ubereats.com/nyc-suburbs/food-delivery/potayto-potahto/Gy2-NURZTLG668sTH7j4JA,mt-kisco-new-york,"['Latin American', 'Mexican', 'Vegetarian', 'Steak']",,,$,41.134587,-73.7922102,+19145792526,10570,30 Wheeler Ave,Pleasantville,NY,"[{'@type': 'OpeningHoursSpecification', 'dayOfWeek': ['Monday', 'Tuesday', 'Wednesday', 'Thursday', 'Friday'], 'opens': '11:0', 'closes': '19:45'}, {'@type': 'OpeningHoursSpecification', 'dayOfWeek': 'Saturday', 'opens': '11:0', 'closes': '19:45'}, {'@type': 'OpeningHoursSpecification', 'dayOfWeek': 'Saturday', 'opens': '0:0', 'closes': '19:45'}]","{'@type': 'PostalAddress', 'addressLocality': 'Pleasantville', 'addressRegion': 'NY', 'postalCode': '10570', 'addressCountry': 'US', 'streetAddress': '30 Wheeler Ave'}","{'@type': 'GeoCoordinates', 'latitude': 41.134587, 'longitude': -73.7922102}",{}
Tasty Table,https://www.ubereats.com/nyc-suburbs/food-delivery/tasty-table/QnCNwSAiR_-crbdJpevVYA,mt-kisco-new-york,"['Breakfast and Brunch', 'Kids Friendly', 'Pizza']",,,$,41.1689883,-73.84294009999999,+19147624000,10562,21 Campwoods Rd,Ossining,NY,"[{'@type': 'OpeningHoursSpecification', 'dayOfWeek': 'Sunday', 'opens': '10:30', 'closes': '12:0'}, {'@type': 'OpeningHoursSpecification', 'dayOfWeek': 'Sunday', 'opens': '12:0', 'closes': '13:30'}, {'@type': 'OpeningHoursSpecification', 'dayOfWeek': 'Sunday', 'opens': '10:35', 'closes': '13:35'}, {'@type': 'OpeningHoursSpecification', 'dayOfWeek': ['Tuesday', 'Wednesday', 'Thursday', 'Friday'], 'opens': '9:45', 'closes': '11:30'}, {'@type': 'OpeningHoursSpecification', 'dayOfWeek': ['Tuesday', 'Wednesday', 'Thursday', 'Friday'], 'opens': '11:30', 'closes': '12:30'}, {'@type': 'OpeningHoursSpecification', 'dayOfWeek': ['Tuesday', 'Wednesday', 'Thursday', 'Friday'], 'opens': '9:45', 'closes': '12:25'}, {'@type': 'OpeningHoursSpecification', 'dayOfWeek': 'Saturday', 'opens': '10:30', 'closes': '12:0'}, {'@type': 'OpeningHoursSpecification', 'dayOfWeek': 'Saturday', 'opens': '12:0', 'closes': '13:30'}, {'@type': 'OpeningHoursSpecification', 'dayOfWeek': 'Saturday', 'opens': '10:35', 'closes': '13:35'}]","{'@type': 'PostalAddress', 'addressLocality': 'Ossining', 'addressRegion': 'NY', 'postalCode': '10562', 'addressCountry': 'US', 'streetAddress': '21 Campwoods Rd'}","{'@type': 'GeoCoordinates', 'latitude': 41.1689883, 'longitude': -73.84294009999999}",{}
CHIGO,https://www.ubereats.com/nyc-suburbs/food-delivery/chigo/ohDmQlXwT4Ktxl1kANqHwA,mt-kisco-new-york,"['Chinese', 'Asian', 'Comfort Food']",,,$$,41.095521077100784,-73.80977342155873,+19144953323,10532,58 Saw Mill River Rd,Hawthorne,NY,"[{'@type': 'OpeningHoursSpecification', 'dayOfWeek': ['Monday', 'Tuesday', 'Wednesday', 'Thursday', 'Friday', 'Saturday', 'Sunday'], 'opens': '17:0', 'closes': '22:0'}]","{'@type': 'PostalAddress', 'addressLocality': 'Hawthorne', 'addressRegion': 'NY', 'postalCode': '10532', 'addressCountry': 'US', 'streetAddress': '58 Saw Mill River Rd'}","{'@type': 'GeoCoordinates', 'latitude': 41.095521077100784, 'longitude': -73.80977342155873}",{}
Villarina's Market,https://www.ubereats.com/nyc-suburbs/food-delivery/villarinas-market/8x2zYS9IQ8adLmAgKEKZxg,mt-kisco-new-york,"['Sandwiches', 'American', 'Healthy']",,,$,41.16432930000001,-73.8469147,+19147629512,10510,1912 Pleasantville Rd,Briarcliff Manor,NY,"[{'@type': 'OpeningHoursSpecification', 'dayOfWeek': 'Sunday', 'opens': '8:0', 'closes': '14:0'}, {'@type': 'OpeningHoursSpecification', 'dayOfWeek': ['Monday', 'Tuesday', 'Wednesday', 'Thursday', 'Friday', 'Saturday'], 'opens': '7:0', 'closes': '18:0'}]","{'@type': 'PostalAddress', 'addressLocality': 'Briarcliff Manor', 'addressRegion': 'NY', 'postalCode': '10510', 'addressCountry': 'US', 'streetAddress': '1912 Pleasantville Rd'}","{'@type': 'GeoCoordinates', 'latitude': 41.16432930000001, 'longitude': -73.8469147}",{}
Maracas Mexican Bar & Grill,https://www.ubereats.com/nyc-suburbs/food-delivery/maracas-mexican-bar-%26-grill/24xpEtwcTA60eA2CMJVbzA,mt-kisco-new-york,"['Mexican', 'Latin American', 'New Mexican']",4.4,17,$,41.196349,-73.883139,+19143193107,10520,325 S Riverside Ave,Croton-on-Hudson,NY,"[{'@type': 'OpeningHoursSpecification', 'dayOfWeek': 'Sunday', 'opens': '12:0', 'closes': '20:0'}, {'@type': 'OpeningHoursSpecification', 'dayOfWeek': ['Tuesday', 'Wednesday', 'Thursday', 'Friday', 'Saturday'], 'opens': '12:0', 'closes': '20:0'}]","{'@type': 'PostalAddress', 'addressLocality': 'Croton-on-Hudson', 'addressRegion': 'NY', 'postalCode': '10520', 'addressCountry': 'US', 'streetAddress': '325 S Riverside Ave'}","{'@type': 'GeoCoordinates', 'latitude': 41.196349, 'longitude': -73.883139}","{'@type': 'AggregateRating', 'ratingValue': 4.4, 'reviewCount': '17'}"
Aji Limo,https://www.ubereats.com/nyc-suburbs/food-delivery/aji-limo/P_YpqDaSS-mrUurwQtcsiw,mt-kisco-new-york,"['Latin American', 'Peruvian']",4.8,20,$$,41.16201220000001,-73.8619265,+19145020623,10562,199 Main St,Ossining,New York,"[{'@type': 'OpeningHoursSpecification', 'dayOfWeek': 'Sunday', 'opens': '12:0', 'closes': '21:0'}, {'@type': 'OpeningHoursSpecification', 'dayOfWeek': ['Monday', 'Tuesday', 'Wednesday', 'Thursday', 'Friday'], 'opens': '15:0', 'closes': '21:0'}, {'@type': 'OpeningHoursSpecification', 'dayOfWeek': 'Saturday', 'opens': '12:0', 'closes': '21:0'}]","{'@type': 'PostalAddress', 'addressLocality': 'Ossining', 'addressRegion': 'New York', 'postalCode': '10562', 'addressCountry': 'US', 'streetAddress': '199 Main St'}","{'@type': 'GeoCoordinates', 'latitude': 41.16201220000001, 'longitude': -73.8619265}","{'@type': 'AggregateRating', 'ratingValue': 4.8, 'reviewCount': '20'}"
Frannie's Goodie Shop,https://www.ubereats.com/nyc-suburbs/food-delivery/frannies-goodie-shop/KMoTKZ0SQRS6OeY0cLeMVQ,mt-kisco-new-york,"['Ice Cream & Frozen Yogurt', 'Comfort Food', 'Desserts']",,,$,41.20542750000001,-73.7275248,+19142188697,10549,134 E Main St,Mount Kisco,NY,"[{'@type': 'OpeningHoursSpecification', 'dayOfWeek': ['Sunday', 'Monday', 'Tuesday', 'Wednesday', 'Thursday'], 'opens': '12:0', 'closes': '18:0'}, {'@type': 'OpeningHoursSpecification', 'dayOfWeek': ['Friday', 'Saturday'], 'opens': '12:0', 'closes': '20:0'}]","{'@type': 'PostalAddress', 'addressLocality': 'Mount Kisco', 'addressRegion': 'NY', 'postalCode': '10549', 'addressCountry': 'US', 'streetAddress': '134 E Main St'}","{'@type': 'GeoCoordinates', 'latitude': 41.20542750000001, 'longitude': -73.7275248}",{}
Cravin Jamaican Cuisine,https://www.ubereats.com/nyc-suburbs/food-delivery/cravin-jamaican-cuisine/1Uj4tqcJSJSVgoaFrt50qA,mt-kisco-new-york,"['Caribbean', 'Breakfast and Brunch', 'Comfort Food']",4.8,39,$$,41.16051099999999,-73.86482099999999,+19144327776,,,,,"[{'@type': 'OpeningHoursSpecification', 'dayOfWeek': ['Monday', 'Tuesday', 'Wednesday', 'Thursday'], 'opens': '8:0', 'closes': '19:30'}, {'@type': 'OpeningHoursSpecification', 'dayOfWeek': ['Monday', 'Tuesday', 'Wednesday', 'Thursday'], 'opens': '11:0', 'closes': '20:0'}, {'@type': 'OpeningHoursSpecification', 'dayOfWeek': ['Monday', 'Tuesday', 'Wednesday', 'Thursday'], 'opens': '11:0', 'closes': '20:0'}, {'@type': 'OpeningHoursSpecification', 'dayOfWeek': ['Friday', 'Saturday'], 'opens': '8:0', 'closes': '19:30'}, {'@type': 'OpeningHoursSpecification', 'dayOfWeek': ['Friday', 'Saturday'], 'opens': '8:0', 'closes': '21:0'}, {'@type': 'OpeningHoursSpecification', 'dayOfWeek': ['Friday', 'Saturday'], 'opens': '11:0', 'closes': '21:0'}, {'@type': 'OpeningHoursSpecification', 'dayOfWeek': ['Friday', 'Saturday'], 'opens': '11:0', 'closes': '21:0'}]",,"{'@type': 'GeoCoordinates', 'latitude': 41.16051099999999, 'longitude': -73.86482099999999}","{'@type': 'AggregateRating', 'ratingValue': 4.8, 'reviewCount': '39'}"
Bollywood Grill,https://www.ubereats.com/nyc-suburbs/food-delivery/bollywood-grill/SUHLVeOvRR2A91R1fEIN3g,mt-kisco-new-york,"['Vegan Friendly', 'Salads', 'Chicken']",4.6,43,$,41.1340328,-73.7916575,+19147739090,10570,68 Wheeler Ave,Pleasantville,NY,"[{'@type': 'OpeningHoursSpecification', 'dayOfWeek': 'Sunday', 'opens': '11:0', 'closes': '21:0'}, {'@type': 'OpeningHoursSpecification', 'dayOfWeek': 'Monday', 'opens': '16:30', 'closes': '21:30'}, {'@type': 'OpeningHoursSpecification', 'dayOfWeek': ['Tuesday', 'Wednesday', 'Thursday', 'Friday', 'Saturday'], 'opens': '11:0', 'closes': '21:30'}]","{'@type': 'PostalAddress', 'addressLocality': 'Pleasantville', 'addressRegion': 'NY', 'postalCode': '10570', 'addressCountry': 'US', 'streetAddress': '68 Wheeler Ave'}","{'@type': 'GeoCoordinates', 'latitude': 41.1340328, 'longitude': -73.7916575}","{'@type': 'AggregateRating', 'ratingValue': 4.6, 'reviewCount': '43'}"
Salsa Fresca Mexican Grill - Yorktown Heights,https://www.ubereats.com/nyc-suburbs/food-delivery/salsa-fresca-mexican-grill-yorktown-heights/VZDGvNQyTIKnC_hU0_wwwQ,mt-kisco-new-york,"['Mexican', 'Latin American', 'New Mexican']",,,$,41.2779833,-73.78018349999999,+19149620600,10598,36 Triangle Center,Yorktown Heights,NY,"[{'@type': 'OpeningHoursSpecification', 'dayOfWeek': ['Monday', 'Tuesday', 'Wednesday', 'Thursday', 'Friday', 'Saturday', 'Sunday'], 'opens': '11:0', 'closes': '20:30'}]","{'@type': 'PostalAddress', 'addressLocality': 'Yorktown Heights', 'addressRegion': 'NY', 'postalCode': '10598', 'addressCountry': 'US', 'streetAddress': '36 Triangle Center'}","{'@type': 'GeoCoordinates', 'latitude': 41.2779833, 'longitude': -73.78018349999999}",{}
Los Abuelos Restaurant,https://www.ubereats.com/nyc-suburbs/food-delivery/los-abuelos-restaurant/wJKj4aVzQxa8Pfurwn3-og,mt-kisco-new-york,['Mexican'],4.5,104,$$,41.1459233,-73.8605367,+19145020220,10562,197 S Highland Ave,NYC Suburbs,NY,"[{'@type': 'OpeningHoursSpecification', 'dayOfWeek': ['Sunday', 'Monday', 'Tuesday', 'Wednesday', 'Thursday'], 'opens': '11:0', 'closes': '21:30'}, {'@type': 'OpeningHoursSpecification', 'dayOfWeek': ['Friday', 'Saturday'], 'opens': '11:0', 'closes': '21:30'}, {'@type': 'OpeningHoursSpecification', 'dayOfWeek': ['Friday', 'Saturday'], 'opens': '11:0', 'closes': '21:0'}]","{'@type': 'PostalAddress', 'addressLocality': 'NYC Suburbs', 'addressRegion': 'NY', 'postalCode': '10562', 'addressCountry': 'US', 'streetAddress': '197 S Highland Ave'}","{'@type': 'GeoCoordinates', 'latitude': 41.1459233, 'longitude': -73.8605367}","{'@type': 'AggregateRating', 'ratingValue': 4.5, 'reviewCount': '104'}"
Dunkin' (374 Downing Dr),https://www.ubereats.com/nyc-suburbs/food-delivery/dunkin-374-downing-dr/qcrQf3LtQNaiAiyjzfObfw,mt-kisco-new-york,"['Breakfast and Brunch', 'Donuts']",4.4,12,$,41.27531339999999,-73.78299419999999,+19149622191,10598,374 Downing Dr,Yorktown Heights,NY,"[{'@type': 'OpeningHoursSpecification', 'dayOfWeek': 'Sunday', 'opens': '7:30', 'closes': '17:30'}, {'@type': 'OpeningHoursSpecification', 'dayOfWeek': ['Monday', 'Tuesday', 'Wednesday', 'Thursday', 'Friday'], 'opens': '6:30', 'closes': '17:30'}, {'@type': 'OpeningHoursSpecification', 'dayOfWeek': 'Saturday', 'opens': '7:0', 'closes': '17:30'}]","{'@type': 'PostalAddress', 'addressLocality': 'Yorktown Heights', 'addressRegion': 'NY', 'postalCode': '10598', 'addressCountry': 'US', 'streetAddress': '374 Downing Dr'}","{'@type': 'GeoCoordinates', 'latitude': 41.27531339999999, 'longitude': -73.78299419999999}","{'@type': 'AggregateRating', 'ratingValue': 4.4, 'reviewCount': '12'}"
Little Crepe Street,https://www.ubereats.com/nyc-suburbs/food-delivery/little-crepe-street/vVYAqPneTH2KeBUAJuUQWg,mt-kisco-new-york,"['Desserts', 'Vegetarian', 'Coffee and Tea']",5.0,16,$,41.2083443,-73.7277723,+19142420200,10549,29 Main St,Mount Kisco,NY,"[{'@type': 'OpeningHoursSpecification', 'dayOfWeek': 'Sunday', 'opens': '11:0', 'closes': '20:0'}, {'@type': 'OpeningHoursSpecification', 'dayOfWeek': 'Sunday', 'opens': '9:0', 'closes': '20:0'}, {'@type': 'OpeningHoursSpecification', 'dayOfWeek': 'Sunday', 'opens': '11:0', 'closes': '20:0'}, {'@type': 'OpeningHoursSpecification', 'dayOfWeek': 'Sunday', 'opens': '9:0', 'closes': '20:0'}, {'@type': 'OpeningHoursSpecification', 'dayOfWeek': ['Monday', 'Tuesday', 'Wednesday', 'Thursday', 'Friday', 'Saturday'], 'opens': '11:0', 'closes': '20:0'}, {'@type': 'OpeningHoursSpecification', 'dayOfWeek': ['Monday', 'Tuesday', 'Wednesday', 'Thursday', 'Friday', 'Saturday'], 'opens': '11:0', 'closes': '20:0'}]","{'@type': 'PostalAddress', 'addressLocality': 'Mount Kisco', 'addressRegion': 'NY', 'postalCode': '10549', 'addressCountry': 'US', 'streetAddress': '29 Main St'}","{'@type': 'GeoCoordinates', 'latitude': 41.2083443, 'longitude': -73.7277723}","{'@type': 'AggregateRating', 'ratingValue': 5, 'reviewCount': '16'}"
Falafel Taco,https://www.ubereats.com/nyc-suburbs/food-delivery/falafel-taco/sISNbgmHRLKDAFHzpruC9A,mt-kisco-new-york,"['Mexican', 'Tex Mex', 'Allergy Friendly']",4.7,31,$,41.134579001917494,-73.79220512626212,+19145792526,10570,30 Wheeler Ave,Pleasantville,New York,"[{'@type': 'OpeningHoursSpecification', 'dayOfWeek': ['Monday', 'Tuesday', 'Wednesday', 'Thursday', 'Friday'], 'opens': '11:0', 'closes': '19:45'}, {'@type': 'OpeningHoursSpecification', 'dayOfWeek': 'Saturday', 'opens': '11:0', 'closes': '19:45'}, {'@type': 'OpeningHoursSpecification', 'dayOfWeek': 'Saturday', 'opens': '0:0', 'closes': '19:45'}]","{'@type': 'PostalAddress', 'addressLocality': 'Pleasantville', 'addressRegion': 'New York', 'postalCode': '10570', 'addressCountry': 'US', 'streetAddress': '30 Wheeler Ave'}","{'@type': 'GeoCoordinates', 'latitude': 41.134579001917494, 'longitude': -73.79220512626212}","{'@type': 'AggregateRating', 'ratingValue': 4.7, 'reviewCount': '31'}"
Locals Breakfast Snob,https://www.ubereats.com/nyc-suburbs/food-delivery/locals-breakfast-snob/dRIu75a5TA2mAqdkJ2mO0Q,mt-kisco-new-york,"['Breakfast and Brunch', 'American', 'Sandwiches']",,,$,41.1279938,-73.7137434,+16464753037,10504,459 Main Street,Armonk,NY,"[{'@type': 'OpeningHoursSpecification', 'dayOfWeek': 'Sunday', 'opens': '7:0', 'closes': '15:0'}, {'@type': 'OpeningHoursSpecification', 'dayOfWeek': ['Monday', 'Tuesday', 'Wednesday', 'Thursday', 'Friday', 'Saturday'], 'opens': '6:0', 'closes': '16:30'}]","{'@type': 'PostalAddress', 'addressLocality': 'Armonk', 'addressRegion': 'NY', 'postalCode': '10504', 'addressCountry': 'US', 'streetAddress': '459 Main Street'}","{'@type': 'GeoCoordinates', 'latitude': 41.1279938, 'longitude': -73.7137434}",{}
Little Spice Bazaar,https://www.ubereats.com/nyc-suburbs/food-delivery/little-spice-bazaar/AL5bfwMGStiauvzEJNIO7g,mt-kisco-new-york,"['Indian', 'Vegetarian', 'Asian']",,,$,41.2084057,-73.7278,+19142183333,10549,27  Main St,Mount Kisco,NY,"[{'@type': 'OpeningHoursSpecification', 'dayOfWeek': 'Sunday', 'opens': '9:0', 'closes': '20:0'}, {'@type': 'OpeningHoursSpecification', 'dayOfWeek': ['Monday', 'Tuesday', 'Wednesday', 'Thursday', 'Friday', 'Saturday'], 'opens': '9:0', 'closes': '21:0'}]","{'@type': 'PostalAddress', 'addressLocality': 'Mount Kisco', 'addressRegion': 'NY', 'postalCode': '10549', 'addressCountry': 'US', 'streetAddress': '27  Main St'}","{'@type': 'GeoCoordinates', 'latitude': 41.2084057, 'longitude': -73.7278}",{}
Dunkin' (9 Haines Rd),https://www.ubereats.com/nyc-suburbs/food-delivery/dunkin-9-haines-rd/AYqoBPYPRTai0IPbrFqIxQ,mt-kisco-new-york,"['Breakfast and Brunch', 'Donuts']",3.9,12,$,41.23843360000001,-73.7013525,+19146660794,10507,9 Haines Rd,Bedford Hills,NY,"[{'@type': 'OpeningHoursSpecification', 'dayOfWeek': ['Monday', 'Tuesday', 'Wednesday', 'Thursday', 'Friday', 'Saturday', 'Sunday'], 'opens': '6:30', 'closes': '18:30'}]","{'@type': 'PostalAddress', 'addressLocality': 'Bedford Hills', 'addressRegion': 'NY', 'postalCode': '10507', 'addressCountry': 'US', 'streetAddress': '9 Haines Rd'}","{'@type': 'GeoCoordinates', 'latitude': 41.23843360000001, 'longitude': -73.7013525}","{'@type': 'AggregateRating', 'ratingValue': 3.9, 'reviewCount': '12'}"
Next Stop Gourmet,https://www.ubereats.com/nyc-suburbs/food-delivery/next-stop-gourmet/1j0e2BqETiCvS8b9e6NZGQ,mt-kisco-new-york,"['Breakfast and Brunch', 'Deli', 'American']",,,$,41.133304,-73.79278819999999,+19144953970,10570,469 Bedford Rd,Pleasantville,NY,"[{'@type': 'OpeningHoursSpecification', 'dayOfWeek': ['Monday', 'Tuesday', 'Wednesday', 'Thursday', 'Friday'], 'opens': '8:0', 'closes': '16:0'}, {'@type': 'OpeningHoursSpecification', 'dayOfWeek': ['Monday', 'Tuesday', 'Wednesday', 'Thursday', 'Friday'], 'opens': '8:0', 'closes': '16:0'}]","{'@type': 'PostalAddress', 'addressLocality': 'Pleasantville', 'addressRegion': 'NY', 'postalCode': '10570', 'addressCountry': 'US', 'streetAddress': '469 Bedford Rd'}","{'@type': 'GeoCoordinates', 'latitude': 41.133304, 'longitude': -73.79278819999999}",{}
Schriefer’s Armonk Deli,https://www.ubereats.com/nyc-suburbs/food-delivery/schriefers-armonk-deli/cupeouD5SweiWNscpB8MHA,mt-kisco-new-york,"['Sandwiches', 'American', 'Healthy']",,,$,41.1279938,-73.7137434,+19142731711,10504,459 Main St,Armonk,NY,"[{'@type': 'OpeningHoursSpecification', 'dayOfWeek': 'Sunday', 'opens': '6:45', 'closes': '15:0'}, {'@type': 'OpeningHoursSpecification', 'dayOfWeek': 'Sunday', 'opens': '6:45', 'closes': '15:0'}, {'@type': 'OpeningHoursSpecification', 'dayOfWeek': ['Monday', 'Tuesday', 'Wednesday', 'Thursday', 'Friday'], 'opens': '6:45', 'closes': '16:30'}, {'@type': 'OpeningHoursSpecification', 'dayOfWeek': ['Monday', 'Tuesday', 'Wednesday', 'Thursday', 'Friday'], 'opens': '6:45', 'closes': '16:30'}, {'@type': 'OpeningHoursSpecification', 'dayOfWeek': 'Saturday', 'opens': '6:45', 'closes': '16:0'}, {'@type': 'OpeningHoursSpecification', 'dayOfWeek': 'Saturday', 'opens': '6:45', 'closes': '16:0'}]","{'@type': 'PostalAddress', 'addressLocality': 'Armonk', 'addressRegion': 'NY', 'postalCode': '10504', 'addressCountry': 'US', 'streetAddress': '459 Main St'}","{'@type': 'GeoCoordinates', 'latitude': 41.1279938, 'longitude': -73.7137434}",{}
Five Guys NY-1855 360 North Bedford Rd,https://www.ubereats.com/nyc-suburbs/food-delivery/five-guys-ny-1855-360-north-bedford-rd/SggqaXpcSQyodCd8mCjwwg,mt-kisco-new-york,"['American', 'Burgers']",4.5,28,$,41.2196533,-73.71611109999999,+19142293353,10549,360 North Bedford Road,Mount Kisco,NY,"[{'@type': 'OpeningHoursSpecification', 'dayOfWeek': ['Monday', 'Tuesday', 'Wednesday', 'Thursday', 'Friday', 'Saturday', 'Sunday'], 'opens': '11:0', 'closes': '21:30'}]","{'@type': 'PostalAddress', 'addressLocality': 'Mount Kisco', 'addressRegion': 'NY', 'postalCode': '10549', 'addressCountry': 'US', 'streetAddress': '360 North Bedford Road'}","{'@type': 'GeoCoordinates', 'latitude': 41.2196533, 'longitude': -73.71611109999999}","{'@type': 'AggregateRating', 'ratingValue': 4.5, 'reviewCount': '28'}"
105-Seventy Bar & Grill,https://www.ubereats.com/nyc-suburbs/food-delivery/105-seventy-bar-%26-grill/pYzlAc9VQ1mXSzSyCz3R7Q,mt-kisco-new-york,"['Mexican', 'Sandwich', 'Salads']",4.2,32,$$,41.1329986,-73.7929903,+19147415285,10570,472 Bedford Road,Pleasantville,NY,"[{'@type': 'OpeningHoursSpecification', 'dayOfWeek': ['Sunday', 'Monday', 'Tuesday', 'Wednesday', 'Thursday'], 'opens': '16:0', 'closes': '21:0'}, {'@type': 'OpeningHoursSpecification', 'dayOfWeek': ['Friday', 'Saturday'], 'opens': '16:0', 'closes': '21:30'}]","{'@type': 'PostalAddress', 'addressLocality': 'Pleasantville', 'addressRegion': 'NY', 'postalCode': '10570', 'addressCountry': 'US', 'streetAddress': '472 Bedford Road'}","{'@type': 'GeoCoordinates', 'latitude': 41.1329986, 'longitude': -73.7929903}","{'@type': 'AggregateRating', 'ratingValue': 4.2, 'reviewCount': '32'}"
Foleys Club Lounge,https://www.ubereats.com/nyc-suburbs/food-delivery/foleys-club-lounge/kNB7u67VQiqg50Web1ODrg,mt-kisco-new-york,"['American', 'Burgers', 'Sandwiches']",,,$,41.13321659999999,-73.7931741,+19146437468,10570,479 Bedford Rd,Pleasantville,NY,"[{'@type': 'OpeningHoursSpecification', 'dayOfWeek': ['Sunday', 'Monday'], 'opens': '11:0', 'closes': '21:30'}, {'@type': 'OpeningHoursSpecification', 'dayOfWeek': 'Tuesday', 'opens': '14:0', 'closes': '21:30'}, {'@type': 'OpeningHoursSpecification', 'dayOfWeek': ['Wednesday', 'Thursday', 'Friday', 'Saturday'], 'opens': '11:0', 'closes': '21:30'}]","{'@type': 'PostalAddress', 'addressLocality': 'Pleasantville', 'addressRegion': 'NY', 'postalCode': '10570', 'addressCountry': 'US', 'streetAddress': '479 Bedford Rd'}","{'@type': 'GeoCoordinates', 'latitude': 41.13321659999999, 'longitude': -73.7931741}",{}
Taco Bell (359 Downing Drive),https://www.ubereats.com/nyc-suburbs/food-delivery/taco-bell-359-downing-drive/owK0S6ayR6WMVAt6RagxyA,mt-kisco-new-york,"['Burritos', 'Fast Food', 'Mexican']",4.6,140,$,41.2735939,-73.7831977,+19142459796,10598,359 Downing Drive,Yorktown Heights,NY,"[{'@type': 'OpeningHoursSpecification', 'dayOfWeek': ['Monday', 'Tuesday', 'Wednesday', 'Thursday', 'Friday', 'Saturday', 'Sunday'], 'opens': '14:0', 'closes': '17:0'}, {'@type': 'OpeningHoursSpecification', 'dayOfWeek': ['Monday', 'Tuesday', 'Wednesday', 'Thursday', 'Friday', 'Saturday', 'Sunday'], 'opens': '6:0', 'closes': '22:30'}]","{'@type': 'PostalAddress', 'addressLocality': 'Yorktown Heights', 'addressRegion': 'NY', 'postalCode': '10598', 'addressCountry': 'US', 'streetAddress': '359 Downing Drive'}","{'@type': 'GeoCoordinates', 'latitude': 41.2735939, 'longitude': -73.7831977}","{'@type': 'AggregateRating', 'ratingValue': 4.6, 'reviewCount': '140'}"
Dunkin' (505a Bedford Rd),https://www.ubereats.com/nyc-suburbs/food-delivery/dunkin-505a-bedford-rd/1HxtbP8ETCCSU8pyNqqy2w,mt-kisco-new-york,"['Breakfast and Brunch', 'Donuts']",,,$,41.1324293,-73.7946685,+19147411830,10570,505a Bedford Rd,Pleasantville,NY,"[{'@type': 'OpeningHoursSpecification', 'dayOfWeek': ['Monday', 'Tuesday', 'Wednesday', 'Thursday', 'Friday', 'Saturday', 'Sunday'], 'opens': '6:0', 'closes': '18:0'}]","{'@type': 'PostalAddress', 'addressLocality': 'Pleasantville', 'addressRegion': 'NY', 'postalCode': '10570', 'addressCountry': 'US', 'streetAddress': '505a Bedford Rd'}","{'@type': 'GeoCoordinates', 'latitude': 41.1324293, 'longitude': -73.7946685}",{}
Sal's Pastry Shop,https://www.ubereats.com/connecticut/food-delivery/sals-pastry-shop/l2rxLRE8QMCH2Q5mM-r4cQ,mt-kisco-new-york,"['Bakery', 'Cupcakes', 'Desserts']",,,$,41.0744774,-73.5484323,+12033230789,6905,91 High Ridge Rd,Stamford,CT,"[{'@type': 'OpeningHoursSpecification', 'dayOfWeek': 'Sunday', 'opens': '8:30', 'closes': '13:30'}, {'@type': 'OpeningHoursSpecification', 'dayOfWeek': ['Tuesday', 'Wednesday', 'Thursday', 'Friday', 'Saturday'], 'opens': '8:30', 'closes': '18:0'}]","{'@type': 'PostalAddress', 'addressLocality': 'Stamford', 'addressRegion': 'CT', 'postalCode': '6905', 'addressCountry': 'US', 'streetAddress': '91 High Ridge Rd'}","{'@type': 'GeoCoordinates', 'latitude': 41.0744774, 'longitude': -73.5484323}",{}
Pizza Station (88 S Greeley Ave),https://www.ubereats.com/nyc-suburbs/food-delivery/pizza-station-88-s-greeley-ave/VW8Vjb20SXa1-RCcpIwGMQ,mt-kisco-new-york,"['Pizza', 'American', 'Italian']",,,$,41.157705,-73.77323899999999,+19142381400,10514,88 S Greeley Ave,Chappaqua,NY,"[{'@type': 'OpeningHoursSpecification', 'dayOfWeek': 'Monday', 'opens': '2:0', 'closes': '2:1'}]","{'@type': 'PostalAddress', 'addressLocality': 'Chappaqua', 'addressRegion': 'NY', 'postalCode': '10514', 'addressCountry': 'US', 'streetAddress': '88 S Greeley Ave'}","{'@type': 'GeoCoordinates', 'latitude': 41.157705, 'longitude': -73.77323899999999}",{}
New York Pizza Company,https://www.ubereats.com/nyc-suburbs/food-delivery/new-york-pizza-company/JfccGvPETbutKr9AJv_6sg,mt-kisco-new-york,"['Pizza', 'Pasta', 'Italian']",,,$,41.2908261,-73.8322742,+19147344800,10598,3399 Crompond Rd,Yorktown Heights,NY,"[{'@type': 'OpeningHoursSpecification', 'dayOfWeek': ['Sunday', 'Monday', 'Tuesday', 'Wednesday'], 'opens': '16:0', 'closes': '20:30'}, {'@type': 'OpeningHoursSpecification', 'dayOfWeek': ['Sunday', 'Monday', 'Tuesday', 'Wednesday'], 'opens': '11:0', 'closes': '20:30'}, {'@type': 'OpeningHoursSpecification', 'dayOfWeek': 'Thursday', 'opens': '16:0', 'closes': '20:30'}, {'@type': 'OpeningHoursSpecification', 'dayOfWeek': 'Thursday', 'opens': '11:0', 'closes': '21:30'}, {'@type': 'OpeningHoursSpecification', 'dayOfWeek': ['Friday', 'Saturday'], 'opens': '16:0', 'closes': '21:30'}, {'@type': 'OpeningHoursSpecification', 'dayOfWeek': ['Friday', 'Saturday'], 'opens': '11:0', 'closes': '21:30'}]","{'@type': 'PostalAddress', 'addressLocality': 'Yorktown Heights', 'addressRegion': 'NY', 'postalCode': '10598', 'addressCountry': 'US', 'streetAddress': '3399 Crompond Rd'}","{'@type': 'GeoCoordinates', 'latitude': 41.2908261, 'longitude': -73.8322742}",{}
Don Juan,https://www.ubereats.com/nyc-suburbs/food-delivery/don-juan/p5gDqaSGSa6kfKBrOzVjEQ,mt-kisco-new-york,"['Mexican', 'Latin American', 'New Mexican']",4.4,28,$,41.13990469999999,-73.7786969,+19144955400,10570,2 Broadway,Pleasantville,NY,"[{'@type': 'OpeningHoursSpecification', 'dayOfWeek': ['Monday', 'Tuesday', 'Wednesday', 'Thursday', 'Friday', 'Saturday', 'Sunday'], 'opens': '11:0', 'closes': '22:0'}]","{'@type': 'PostalAddress', 'addressLocality': 'Pleasantville', 'addressRegion': 'NY', 'postalCode': '10570', 'addressCountry': 'US', 'streetAddress': '2 Broadway'}","{'@type': 'GeoCoordinates', 'latitude': 41.13990469999999, 'longitude': -73.7786969}","{'@type': 'AggregateRating', 'ratingValue': 4.4, 'reviewCount': '28'}"
Pub Street NY,https://www.ubereats.com/nyc-suburbs/food-delivery/pub-street-ny/nKi6xDI_TzyPDzfb4eiFMw,mt-kisco-new-york,"['Pub', 'Bar Food', 'American']",4.5,21,$,41.1348627,-73.792232,+19149095408,10570,20 Wheeler Ave,Pleasantville,NY,"[{'@type': 'OpeningHoursSpecification', 'dayOfWeek': 'Sunday', 'opens': '12:0', 'closes': '21:0'}, {'@type': 'OpeningHoursSpecification', 'dayOfWeek': ['Tuesday', 'Wednesday', 'Thursday', 'Friday', 'Saturday'], 'opens': '12:0', 'closes': '21:0'}]","{'@type': 'PostalAddress', 'addressLocality': 'Pleasantville', 'addressRegion': 'NY', 'postalCode': '10570', 'addressCountry': 'US', 'streetAddress': '20 Wheeler Ave'}","{'@type': 'GeoCoordinates', 'latitude': 41.1348627, 'longitude': -73.792232}","{'@type': 'AggregateRating', 'ratingValue': 4.5, 'reviewCount': '21'}"
Dunkin' (662 Columbus Ave),https://www.ubereats.com/nyc-suburbs/food-delivery/dunkin-662-columbus-ave/aUPLT8ykRtm4vUbYhu7YaQ,mt-kisco-new-york,"['Breakfast and Brunch', 'Donuts']",,,$,41.1148748,-73.7698722,+19147477499,10594,662 Columbus Ave,Thornwood,NY,"[{'@type': 'OpeningHoursSpecification', 'dayOfWeek': 'Sunday', 'opens': '7:0', 'closes': '17:30'}, {'@type': 'OpeningHoursSpecification', 'dayOfWeek': ['Monday', 'Tuesday', 'Wednesday', 'Thursday', 'Friday'], 'opens': '6:0', 'closes': '17:30'}, {'@type': 'OpeningHoursSpecification', 'dayOfWeek': 'Saturday', 'opens': '7:0', 'closes': '17:30'}]","{'@type': 'PostalAddress', 'addressLocality': 'Thornwood', 'addressRegion': 'NY', 'postalCode': '10594', 'addressCountry': 'US', 'streetAddress': '662 Columbus Ave'}","{'@type': 'GeoCoordinates', 'latitude': 41.1148748, 'longitude': -73.7698722}",{}
Farmhouse Tavern,https://www.ubereats.com/nyc-suburbs/food-delivery/farmhouse-tavern/13sBMO7fRUe1qse9OuDLiw,mt-kisco-new-york,"['Burgers', 'American', 'Sandwiches']",,,$,41.25181500000001,-73.68330499999999,+19147601676,10536,128 Bedford Rd,Katonah,NY,"[{'@type': 'OpeningHoursSpecification', 'dayOfWeek': 'Sunday', 'opens': '15:0', 'closes': '20:0'}, {'@type': 'OpeningHoursSpecification', 'dayOfWeek': ['Tuesday', 'Wednesday', 'Thursday', 'Friday', 'Saturday'], 'opens': '15:0', 'closes': '20:0'}]","{'@type': 'PostalAddress', 'addressLocality': 'Katonah', 'addressRegion': 'NY', 'postalCode': '10536', 'addressCountry': 'US', 'streetAddress': '128 Bedford Rd'}","{'@type': 'GeoCoordinates', 'latitude': 41.25181500000001, 'longitude': -73.68330499999999}",{}
Ben & Jerry's (639 E. Main Street),https://www.ubereats.com/nyc-suburbs/food-delivery/ben-%26-jerrys-639-e-main-street/Xf2C_kEbSSqagGBcA3-Ogg,mt-kisco-new-york,"['Ice Cream & Frozen Yogurt', 'Comfort Food', 'Desserts', 'Allergy Friendly', 'Kids Friendly', 'American']",4.4,16,$,41.1892059,-73.7309661,+19146662555,10549,639 E Main St,Mount Kisco,NY,"[{'@type': 'OpeningHoursSpecification', 'dayOfWeek': ['Sunday', 'Monday', 'Tuesday', 'Wednesday', 'Thursday'], 'opens': '12:0', 'closes': '21:0'}, {'@type': 'OpeningHoursSpecification', 'dayOfWeek': ['Friday', 'Saturday'], 'opens': '12:0', 'closes': '21:30'}]","{'@type': 'PostalAddress', 'addressLocality': 'Mount Kisco', 'addressRegion': 'NY', 'postalCode': '10549', 'addressCountry': 'US', 'streetAddress': '639 E Main St'}","{'@type': 'GeoCoordinates', 'latitude': 41.1892059, 'longitude': -73.7309661}","{'@type': 'AggregateRating', 'ratingValue': 4.4, 'reviewCount': '16'}"
Bagelicious Cafe,https://www.ubereats.com/nyc-suburbs/food-delivery/bagelicious-cafe/9AOiy23MTVaQgPEKUzgEmA,mt-kisco-new-york,"['Burgers', 'American', 'Sandwiches']",4.9,13,$,41.1278584,-73.7789239,+19142398448,10594,1026 Broadway,Thornwood,NY,"[{'@type': 'OpeningHoursSpecification', 'dayOfWeek': ['Monday', 'Tuesday', 'Wednesday', 'Thursday', 'Friday', 'Saturday', 'Sunday'], 'opens': '7:0', 'closes': '14:30'}, {'@type': 'OpeningHoursSpecification', 'dayOfWeek': ['Monday', 'Tuesday', 'Wednesday', 'Thursday', 'Friday', 'Saturday', 'Sunday'], 'opens': '7:0', 'closes': '14:30'}]","{'@type': 'PostalAddress', 'addressLocality': 'Thornwood', 'addressRegion': 'NY', 'postalCode': '10594', 'addressCountry': 'US', 'streetAddress': '1026 Broadway'}","{'@type': 'GeoCoordinates', 'latitude': 41.1278584, 'longitude': -73.7789239}","{'@type': 'AggregateRating', 'ratingValue': 4.9, 'reviewCount': '13'}"
Giovanni's Pizza,https://www.ubereats.com/nyc-suburbs/food-delivery/giovannis-pizza/ltgNJpqvSoGaFU-r1r4YxQ,mt-kisco-new-york,"['Pizza', 'American', 'Italian']",4.6,25,$,41.16335,-73.84661299999999,+19149457200,10510,1872 Pleasantville Rd,Briarcliff Manor,NY,"[{'@type': 'OpeningHoursSpecification', 'dayOfWeek': ['Sunday', 'Monday'], 'opens': '12:0', 'closes': '21:0'}, {'@type': 'OpeningHoursSpecification', 'dayOfWeek': ['Wednesday', 'Thursday', 'Friday', 'Saturday'], 'opens': '12:0', 'closes': '21:0'}]","{'@type': 'PostalAddress', 'addressLocality': 'Briarcliff Manor', 'addressRegion': 'NY', 'postalCode': '10510', 'addressCountry': 'US', 'streetAddress': '1872 Pleasantville Rd'}","{'@type': 'GeoCoordinates', 'latitude': 41.16335, 'longitude': -73.84661299999999}","{'@type': 'AggregateRating', 'ratingValue': 4.6, 'reviewCount': '25'}"
Denny’s Buffet,https://www.ubereats.com/nyc-suburbs/food-delivery/dennys-buffet/nwnSVWzkREaljdYyqneahQ,mt-kisco-new-york,"['Spanish', 'Breakfast and Brunch', 'Salads']",4.2,10,,41.1065818,-73.79544899999999,+19142070009,10532,321 Elwood Ave,Hawthorne,NY,"[{'@type': 'OpeningHoursSpecification', 'dayOfWeek': 'Monday', 'opens': '7:0', 'closes': '16:0'}, {'@type': 'OpeningHoursSpecification', 'dayOfWeek': 'Monday', 'opens': '7:0', 'closes': '16:0'}, {'@type': 'OpeningHoursSpecification', 'dayOfWeek': 'Monday', 'opens': '7:0', 'closes': '16:0'}, {'@type': 'OpeningHoursSpecification', 'dayOfWeek': 'Tuesday', 'opens': '7:0', 'closes': '16:0'}, {'@type': 'OpeningHoursSpecification', 'dayOfWeek': 'Tuesday', 'opens': '7:0', 'closes': '16:0'}, {'@type': 'OpeningHoursSpecification', 'dayOfWeek': 'Tuesday', 'opens': '7:0', 'closes': '16:0'}, {'@type': 'OpeningHoursSpecification', 'dayOfWeek': 'Wednesday', 'opens': '7:0', 'closes': '16:0'}, {'@type': 'OpeningHoursSpecification', 'dayOfWeek': 'Wednesday', 'opens': '7:0', 'closes': '16:0'}, {'@type': 'OpeningHoursSpecification', 'dayOfWeek': 'Wednesday', 'opens': '7:0', 'closes': '16:0'}, {'@type': 'OpeningHoursSpecification', 'dayOfWeek': 'Thursday', 'opens': '7:0', 'closes': '16:0'}, {'@type': 'OpeningHoursSpecification', 'dayOfWeek': 'Thursday', 'opens': '7:0', 'closes': '16:0'}, {'@type': 'OpeningHoursSpecification', 'dayOfWeek': 'Thursday', 'opens': '7:0', 'closes': '16:0'}, {'@type': 'OpeningHoursSpecification', 'dayOfWeek': 'Friday', 'opens': '7:0', 'closes': '16:0'}, {'@type': 'OpeningHoursSpecification', 'dayOfWeek': 'Friday', 'opens': '7:0', 'closes': '16:0'}, {'@type': 'OpeningHoursSpecification', 'dayOfWeek': 'Friday', 'opens': '7:0', 'closes': '16:0'}, {'@type': 'OpeningHoursSpecification', 'dayOfWeek': 'Saturday', 'opens': '7:0', 'closes': '14:0'}, {'@type': 'OpeningHoursSpecification', 'dayOfWeek': 'Saturday', 'opens': '7:0', 'closes': '14:0'}]","{'@type': 'PostalAddress', 'addressLocality': 'Hawthorne', 'addressRegion': 'NY', 'postalCode': '10532', 'addressCountry': 'US', 'streetAddress': '321 Elwood Ave'}","{'@type': 'GeoCoordinates', 'latitude': 41.1065818, 'longitude': -73.79544899999999}","{'@type': 'AggregateRating', 'ratingValue': 4.2, 'reviewCount': '10'}"
Orfino's Restaurant,https://www.ubereats.com/nyc-suburbs/food-delivery/orfinos-restaurant/wCrfcgMjQJipyC2SS_2Zgw,mt-kisco-new-york,"['Italian', 'Pizza', 'Breakfast and Brunch', 'Desserts']",,,$$,41.14948533457128,-73.83026180152082,+19147622020,,,,,"[{'@type': 'OpeningHoursSpecification', 'dayOfWeek': ['Tuesday', 'Wednesday', 'Thursday', 'Friday', 'Saturday'], 'opens': '15:0', 'closes': '22:0'}]",,"{'@type': 'GeoCoordinates', 'latitude': 41.14948533457128, 'longitude': -73.83026180152082}",{}
Uncle Giuseppe's Marketplace,https://www.ubereats.com/nyc-suburbs/food-delivery/uncle-giuseppes-marketplace/QhPvQ0TdS4WvkW3nMfIyMA,mt-kisco-new-york,"['Italian', 'Pasta', 'Comfort Food']",,,$,41.27549279999999,-73.7831781,+15164200867,10598,380 Downing Dr,Yorktown Heights,NY,"[{'@type': 'OpeningHoursSpecification', 'dayOfWeek': ['Sunday', 'Monday', 'Tuesday', 'Wednesday', 'Thursday', 'Friday'], 'opens': '7:0', 'closes': '20:30'}, {'@type': 'OpeningHoursSpecification', 'dayOfWeek': 'Saturday', 'opens': '7:0', 'closes': '19:30'}]","{'@type': 'PostalAddress', 'addressLocality': 'Yorktown Heights', 'addressRegion': 'NY', 'postalCode': '10598', 'addressCountry': 'US', 'streetAddress': '380 Downing Dr'}","{'@type': 'GeoCoordinates', 'latitude': 41.27549279999999, 'longitude': -73.7831781}",{}
Dunkin' (176 N Bedford Rd),https://www.ubereats.com/nyc-suburbs/food-delivery/dunkin-176-n-bedford-rd/buHDBzlsRVKI3JIstKQ8qQ,mt-kisco-new-york,"['Breakfast and Brunch', 'Donuts']",4.6,11,$,41.2139525,-73.72006499999999,+19142412841,10549,176 N Bedford Rd,Mount Kisco,NY,"[{'@type': 'OpeningHoursSpecification', 'dayOfWeek': ['Monday', 'Tuesday', 'Wednesday', 'Thursday', 'Friday', 'Saturday', 'Sunday'], 'opens': '5:30', 'closes': '18:30'}]","{'@type': 'PostalAddress', 'addressLocality': 'Mount Kisco', 'addressRegion': 'NY', 'postalCode': '10549', 'addressCountry': 'US', 'streetAddress': '176 N Bedford Rd'}","{'@type': 'GeoCoordinates', 'latitude': 41.2139525, 'longitude': -73.72006499999999}","{'@type': 'AggregateRating', 'ratingValue': 4.6, 'reviewCount': '11'}"
Modern Slice Restaurant,https://www.ubereats.com/nyc-suburbs/food-delivery/modern-slice-restaurant/pKpAVG19S5elvAs0yQ6M7g,mt-kisco-new-york,"['American', 'Pizza', 'Pasta', 'Italian']",,,$$$,41.1237149,-73.77934979999999,+19144953986,10594,57 Kensico Rd,Thornwood,New York,"[{'@type': 'OpeningHoursSpecification', 'dayOfWeek': 'Sunday', 'opens': '11:0', 'closes': '20:30'}, {'@type': 'OpeningHoursSpecification', 'dayOfWeek': 'Monday', 'opens': '11:0', 'closes': '21:0'}, {'@type': 'OpeningHoursSpecification', 'dayOfWeek': 'Wednesday', 'opens': '11:0', 'closes': '21:0'}, {'@type': 'OpeningHoursSpecification', 'dayOfWeek': ['Thursday', 'Friday', 'Saturday'], 'opens': '11:0', 'closes': '22:0'}]","{'@type': 'PostalAddress', 'addressLocality': 'Thornwood', 'addressRegion': 'New York', 'postalCode': '10594', 'addressCountry': 'US', 'streetAddress': '57 Kensico Rd'}","{'@type': 'GeoCoordinates', 'latitude': 41.1237149, 'longitude': -73.77934979999999}",{}
Bagel Emporium of Armonk,https://www.ubereats.com/nyc-suburbs/food-delivery/bagel-emporium-of-armonk/FAbJbdQLQVSpZX7-opjwwg,mt-kisco-new-york,"['Coffee and Tea', 'American', 'Breakfast and Brunch']",4.9,75,$,41.1255901,-73.7143411,+19142739111,10504,391 Main St,Armonk,NY,"[{'@type': 'OpeningHoursSpecification', 'dayOfWeek': ['Monday', 'Tuesday', 'Wednesday', 'Thursday', 'Friday', 'Saturday', 'Sunday'], 'opens': '7:0', 'closes': '14:0'}]","{'@type': 'PostalAddress', 'addressLocality': 'Armonk', 'addressRegion': 'NY', 'postalCode': '10504', 'addressCountry': 'US', 'streetAddress': '391 Main St'}","{'@type': 'GeoCoordinates', 'latitude': 41.1255901, 'longitude': -73.7143411}","{'@type': 'AggregateRating', 'ratingValue': 4.9, 'reviewCount': '75'}"
Taco Street,https://www.ubereats.com/nyc-suburbs/food-delivery/taco-street/nW8xblAKQhq_fCVzz0PuPw,mt-kisco-new-york,"['Mexican', 'Latin American', 'New Mexican']",,,$,41.1577862,-73.77320449999999,+19148618500,10514,86 S. Greeley Ave,Chappaqua,NY,"[{'@type': 'OpeningHoursSpecification', 'dayOfWeek': ['Monday', 'Tuesday', 'Wednesday', 'Thursday', 'Friday', 'Saturday', 'Sunday'], 'opens': '10:30', 'closes': '20:30'}]","{'@type': 'PostalAddress', 'addressLocality': 'Chappaqua', 'addressRegion': 'NY', 'postalCode': '10514', 'addressCountry': 'US', 'streetAddress': '86 S. Greeley Ave'}","{'@type': 'GeoCoordinates', 'latitude': 41.1577862, 'longitude': -73.77320449999999}",{}
Gordon's DeliCafe,https://www.ubereats.com/nyc-suburbs/food-delivery/gordons-delicafe/Szmz7cYfRwWAInqzwhPoug,mt-kisco-new-york,"['Sandwiches', 'American', 'Salads']",,,$,41.34806349999999,-73.6626117,+19142773900,10519,10 Front St,Croton Falls,NY,"[{'@type': 'OpeningHoursSpecification', 'dayOfWeek': ['Monday', 'Tuesday', 'Wednesday', 'Thursday', 'Friday'], 'opens': '7:0', 'closes': '15:0'}]","{'@type': 'PostalAddress', 'addressLocality': 'Croton Falls', 'addressRegion': 'NY', 'postalCode': '10519', 'addressCountry': 'US', 'streetAddress': '10 Front St'}","{'@type': 'GeoCoordinates', 'latitude': 41.34806349999999, 'longitude': -73.6626117}",{}
craft pizza & beer,https://www.ubereats.com/nyc-suburbs/food-delivery/craft-pizza-%26-beer/Xnk05VfrTWaH0cDWYHPFpA,mt-kisco-new-york,"['Italian', 'Pasta', 'Comfort Food']",,,$,41.140382,-73.778491,+19146456622,10570,152 Bedford Rd,Pleasantville,NY,"[{'@type': 'OpeningHoursSpecification', 'dayOfWeek': ['Monday', 'Tuesday', 'Wednesday', 'Thursday', 'Friday', 'Saturday', 'Sunday'], 'opens': '12:0', 'closes': '20:0'}]","{'@type': 'PostalAddress', 'addressLocality': 'Pleasantville', 'addressRegion': 'NY', 'postalCode': '10570', 'addressCountry': 'US', 'streetAddress': '152 Bedford Rd'}","{'@type': 'GeoCoordinates', 'latitude': 41.140382, 'longitude': -73.778491}",{}
Locali,https://www.ubereats.com/nyc-suburbs/food-delivery/locali/DWTa2eAgQ12YziDpoGOudA,mt-kisco-new-york,"['Italian', 'Pizza', 'American']",,,$,41.208505,-73.729535,+19142420475,10549,2 Kirby Plaza,Mt Kisco,NY,"[{'@type': 'OpeningHoursSpecification', 'dayOfWeek': 'Sunday', 'opens': '0:0', 'closes': '0:30'}, {'@type': 'OpeningHoursSpecification', 'dayOfWeek': 'Sunday', 'opens': '0:0', 'closes': '0:30'}, {'@type': 'OpeningHoursSpecification', 'dayOfWeek': 'Sunday', 'opens': '12:0', 'closes': '19:30'}, {'@type': 'OpeningHoursSpecification', 'dayOfWeek': ['Tuesday', 'Wednesday', 'Thursday', 'Friday'], 'opens': '0:0', 'closes': '0:30'}, {'@type': 'OpeningHoursSpecification', 'dayOfWeek': ['Tuesday', 'Wednesday', 'Thursday', 'Friday'], 'opens': '0:0', 'closes': '0:30'}, {'@type': 'OpeningHoursSpecification', 'dayOfWeek': ['Tuesday', 'Wednesday', 'Thursday', 'Friday'], 'opens': '12:0', 'closes': '19:30'}, {'@type': 'OpeningHoursSpecification', 'dayOfWeek': 'Saturday', 'opens': '11:30', 'closes': '15:0'}, {'@type': 'OpeningHoursSpecification', 'dayOfWeek': 'Saturday', 'opens': '0:0', 'closes': '0:30'}, {'@type': 'OpeningHoursSpecification', 'dayOfWeek': 'Saturday', 'opens': '12:0', 'closes': '19:30'}]","{'@type': 'PostalAddress', 'addressLocality': 'Mt Kisco', 'addressRegion': 'NY', 'postalCode': '10549', 'addressCountry': 'US', 'streetAddress': '2 Kirby Plaza'}","{'@type': 'GeoCoordinates', 'latitude': 41.208505, 'longitude': -73.729535}",{}
Applebee's - Hawthorne,https://www.ubereats.com/nyc-suburbs/food-delivery/applebees-hawthorne/b1Th6N_uRQiiVowdDp3Npw,mt-kisco-new-york,"['American', 'Burgers', 'Salads']",4.2,45,$$,41.092018,-73.817835,+19143451555,10532,18 Saw Mill River Rd,Hawthorne,NY,"[{'@type': 'OpeningHoursSpecification', 'dayOfWeek': ['Sunday', 'Monday', 'Tuesday', 'Wednesday', 'Thursday'], 'opens': '11:0', 'closes': '21:30'}, {'@type': 'OpeningHoursSpecification', 'dayOfWeek': ['Friday', 'Saturday'], 'opens': '11:0', 'closes': '22:30'}]","{'@type': 'PostalAddress', 'addressLocality': 'Hawthorne', 'addressRegion': 'NY', 'postalCode': '10532', 'addressCountry': 'US', 'streetAddress': '18 Saw Mill River Rd'}","{'@type': 'GeoCoordinates', 'latitude': 41.092018, 'longitude': -73.817835}","{'@type': 'AggregateRating', 'ratingValue': 4.2, 'reviewCount': '45'}"
Casa Rina Restaurant,https://www.ubereats.com/nyc-suburbs/food-delivery/casa-rina-restaurant/QqmZ9jtARWqHebtD2rCxxw,mt-kisco-new-york,"['Italian', 'Pasta', 'Comfort Food']",,,$,41.1228584,-73.7801906,+19147694515,10594,886 Commerce St,Thornwood,NY,"[{'@type': 'OpeningHoursSpecification', 'dayOfWeek': 'Sunday', 'opens': '15:0', 'closes': '18:45'}, {'@type': 'OpeningHoursSpecification', 'dayOfWeek': 'Sunday', 'opens': '12:0', 'closes': '21:0'}, {'@type': 'OpeningHoursSpecification', 'dayOfWeek': 'Sunday', 'opens': '12:0', 'closes': '21:0'}, {'@type': 'OpeningHoursSpecification', 'dayOfWeek': ['Monday', 'Tuesday', 'Wednesday', 'Thursday'], 'opens': '15:0', 'closes': '18:45'}, {'@type': 'OpeningHoursSpecification', 'dayOfWeek': ['Monday', 'Tuesday', 'Wednesday', 'Thursday'], 'opens': '12:0', 'closes': '15:0'}, {'@type': 'OpeningHoursSpecification', 'dayOfWeek': ['Monday', 'Tuesday', 'Wednesday', 'Thursday'], 'opens': '12:0', 'closes': '21:0'}, {'@type': 'OpeningHoursSpecification', 'dayOfWeek': ['Monday', 'Tuesday', 'Wednesday', 'Thursday'], 'opens': '12:0', 'closes': '21:0'}, {'@type': 'OpeningHoursSpecification', 'dayOfWeek': 'Friday', 'opens': '15:0', 'closes': '18:45'}, {'@type': 'OpeningHoursSpecification', 'dayOfWeek': 'Friday', 'opens': '12:0', 'closes': '15:0'}, {'@type': 'OpeningHoursSpecification', 'dayOfWeek': 'Friday', 'opens': '12:0', 'closes': '22:0'}, {'@type': 'OpeningHoursSpecification', 'dayOfWeek': 'Friday', 'opens': '12:0', 'closes': '22:0'}, {'@type': 'OpeningHoursSpecification', 'dayOfWeek': 'Saturday', 'opens': '15:0', 'closes': '18:45'}, {'@type': 'OpeningHoursSpecification', 'dayOfWeek': 'Saturday', 'opens': '12:0', 'closes': '22:0'}, {'@type': 'OpeningHoursSpecification', 'dayOfWeek': 'Saturday', 'opens': '12:0', 'closes': '22:0'}]","{'@type': 'PostalAddress', 'addressLocality': 'Thornwood', 'addressRegion': 'NY', 'postalCode': '10594', 'addressCountry': 'US', 'streetAddress': '886 Commerce St'}","{'@type': 'GeoCoordinates', 'latitude': 41.1228584, 'longitude': -73.7801906}",{}
Wood And Fire,https://www.ubereats.com/nyc-suburbs/food-delivery/wood-and-fire/MFvchbUDQtiE2bEBNN4zyA,mt-kisco-new-york,"['Pizza', 'Italian', 'Seafood']",4.6,129,$$,41.1315063,-73.7908762,+19147472611,10570,59 Marble Ave,Pleasantville,NY,"[{'@type': 'OpeningHoursSpecification', 'dayOfWeek': 'Sunday', 'opens': '12:0', 'closes': '20:0'}, {'@type': 'OpeningHoursSpecification', 'dayOfWeek': 'Monday', 'opens': '12:0', 'closes': '20:0'}, {'@type': 'OpeningHoursSpecification', 'dayOfWeek': 'Monday', 'opens': '4:0', 'closes': '4:30'}, {'@type': 'OpeningHoursSpecification', 'dayOfWeek': ['Tuesday', 'Wednesday', 'Thursday', 'Friday', 'Saturday'], 'opens': '12:0', 'closes': '20:0'}]","{'@type': 'PostalAddress', 'addressLocality': 'Pleasantville', 'addressRegion': 'NY', 'postalCode': '10570', 'addressCountry': 'US', 'streetAddress': '59 Marble Ave'}","{'@type': 'GeoCoordinates', 'latitude': 41.1315063, 'longitude': -73.7908762}","{'@type': 'AggregateRating', 'ratingValue': 4.6, 'reviewCount': '129'}"
Sundance Deli,https://www.ubereats.com/nyc-suburbs/food-delivery/sundance-deli/dcaq4RgfSeeyY2fY-PMPKA,mt-kisco-new-york,"['Mexican', 'Latin American', 'New Mexican']",4.7,42,$,41.1346525,-73.7917035,+19147474601,10570,37 Wheeler Ave,Pleasantville,NY,"[{'@type': 'OpeningHoursSpecification', 'dayOfWeek': 'Sunday', 'opens': '8:30', 'closes': '15:30'}, {'@type': 'OpeningHoursSpecification', 'dayOfWeek': ['Monday', 'Tuesday', 'Wednesday', 'Thursday', 'Friday'], 'opens': '8:30', 'closes': '18:30'}, {'@type': 'OpeningHoursSpecification', 'dayOfWeek': 'Saturday', 'opens': '8:30', 'closes': '15:30'}]","{'@type': 'PostalAddress', 'addressLocality': 'Pleasantville', 'addressRegion': 'NY', 'postalCode': '10570', 'addressCountry': 'US', 'streetAddress': '37 Wheeler Ave'}","{'@type': 'GeoCoordinates', 'latitude': 41.1346525, 'longitude': -73.7917035}","{'@type': 'AggregateRating', 'ratingValue': 4.7, 'reviewCount': '42'}"
Maya Riviera Bar & Restaurant,https://www.ubereats.com/nyc-suburbs/food-delivery/maya-riviera-bar-%26-restaurant/PgmoPk96TH29GtyrmjMXhw,mt-kisco-new-york,"['Mexican', 'Latin American', 'New Mexican']",4.3,12,$,41.1636037,-73.8226538,+19144885618,10510,518 N State Rd,Briarcliff Manor,NY,"[{'@type': 'OpeningHoursSpecification', 'dayOfWeek': ['Sunday', 'Monday', 'Tuesday', 'Wednesday', 'Thursday'], 'opens': '11:0', 'closes': '22:0'}, {'@type': 'OpeningHoursSpecification', 'dayOfWeek': ['Friday', 'Saturday'], 'opens': '11:0', 'closes': '23:0'}]","{'@type': 'PostalAddress', 'addressLocality': 'Briarcliff Manor', 'addressRegion': 'NY', 'postalCode': '10510', 'addressCountry': 'US', 'streetAddress': '518 N State Rd'}","{'@type': 'GeoCoordinates', 'latitude': 41.1636037, 'longitude': -73.8226538}","{'@type': 'AggregateRating', 'ratingValue': 4.3, 'reviewCount': '12'}"
105-Ten Bar & Grill,https://www.ubereats.com/nyc-suburbs/food-delivery/105-ten-bar-%26-grill/jiYOeiqGReuR6bstvczaIQ,mt-kisco-new-york,"['Burgers', 'American', 'Sandwiches']",4.4,78,$,41.15238189999999,-73.8282598,+19142363651,10510,127 Woodside Ave,Briarcliff Manor,NY,"[{'@type': 'OpeningHoursSpecification', 'dayOfWeek': ['Monday', 'Tuesday', 'Wednesday', 'Thursday', 'Friday', 'Saturday', 'Sunday'], 'opens': '12:0', 'closes': '20:30'}]","{'@type': 'PostalAddress', 'addressLocality': 'Briarcliff Manor', 'addressRegion': 'NY', 'postalCode': '10510', 'addressCountry': 'US', 'streetAddress': '127 Woodside Ave'}","{'@type': 'GeoCoordinates', 'latitude': 41.15238189999999, 'longitude': -73.8282598}","{'@type': 'AggregateRating', 'ratingValue': 4.4, 'reviewCount': '78'}"
Dunkin' (681 E Main St),https://www.ubereats.com/nyc-suburbs/food-delivery/dunkin-681-e-main-st/wzazR8_pRMK1Clf-hLrCgQ,mt-kisco-new-york,"['Breakfast and Brunch', 'Donuts']",,,$,41.1894362,-73.73181389999999,+19142449771,10549,681 E Main St,Mount Kisco,NY,"[{'@type': 'OpeningHoursSpecification', 'dayOfWeek': ['Monday', 'Tuesday', 'Wednesday', 'Thursday', 'Friday', 'Saturday', 'Sunday'], 'opens': '6:0', 'closes': '18:0'}]","{'@type': 'PostalAddress', 'addressLocality': 'Mount Kisco', 'addressRegion': 'NY', 'postalCode': '10549', 'addressCountry': 'US', 'streetAddress': '681 E Main St'}","{'@type': 'GeoCoordinates', 'latitude': 41.1894362, 'longitude': -73.73181389999999}",{}
Exit 4 Food Hall,https://www.ubereats.com/nyc-suburbs/food-delivery/exit-4-food-hall/JfyBLVgxTK6D4udhFngDqw,mt-kisco-new-york,"['Japanese', 'Sushi', 'Burgers']",,,$,41.2046609,-73.7272369,+19142411200,10549,153 E Main St,Mount Kisco,NY,"[{'@type': 'OpeningHoursSpecification', 'dayOfWeek': ['Sunday', 'Monday', 'Tuesday', 'Wednesday', 'Thursday'], 'opens': '11:0', 'closes': '20:0'}, {'@type': 'OpeningHoursSpecification', 'dayOfWeek': ['Friday', 'Saturday'], 'opens': '11:0', 'closes': '21:0'}]","{'@type': 'PostalAddress', 'addressLocality': 'Mount Kisco', 'addressRegion': 'NY', 'postalCode': '10549', 'addressCountry': 'US', 'streetAddress': '153 E Main St'}","{'@type': 'GeoCoordinates', 'latitude': 41.2046609, 'longitude': -73.7272369}",{}
The Ice Cream Shop ,https://www.ubereats.com/nyc-suburbs/food-delivery/the-ice-cream-shop/TDoPUGQTSVOMwmH3Fiihfg,mt-kisco-new-york,"['Desserts', 'Ice Cream and Frozen Yogurt', 'chocolatier']",,,$,41.1242491,-73.78173029999999,+19147470958,10594,25 St. Charles Street,Thornwood,NY,[],"{'@type': 'PostalAddress', 'addressLocality': 'Thornwood', 'addressRegion': 'NY', 'postalCode': '10594', 'addressCountry': 'US', 'streetAddress': '25 St. Charles Street'}","{'@type': 'GeoCoordinates', 'latitude': 41.1242491, 'longitude': -73.78173029999999}",{}
Chopt Creative Salad Co. (53 South Moger Ave),https://www.ubereats.com/nyc-suburbs/food-delivery/chopt-creative-salad-co-53-south-moger-ave/rdHWfQIwRdyOAFYWNfFd5A,mt-kisco-new-york,"['Healthy', 'Salads', 'Soup']",4.6,86,$$,41.20665279999999,-73.7292367,+19147523009,10549,53 South Moger Ave,Mt Kisco,NY,"[{'@type': 'OpeningHoursSpecification', 'dayOfWeek': ['Monday', 'Tuesday', 'Wednesday', 'Thursday', 'Friday', 'Saturday', 'Sunday'], 'opens': '10:30', 'closes': '20:0'}]","{'@type': 'PostalAddress', 'addressLocality': 'Mt Kisco', 'addressRegion': 'NY', 'postalCode': '10549', 'addressCountry': 'US', 'streetAddress': '53 South Moger Ave'}","{'@type': 'GeoCoordinates', 'latitude': 41.20665279999999, 'longitude': -73.7292367}","{'@type': 'AggregateRating', 'ratingValue': 4.6, 'reviewCount': '86'}"
Salsa Fresca Mexican Grill,https://www.ubereats.com/nyc-suburbs/food-delivery/salsa-fresca-mexican-grill/zCYfVx-wTXiaJfAU8zUg7w,mt-kisco-new-york,"['Mexican', 'Latin American']",4.4,89,$,41.2249776,-73.7132606,+19142410900,10507,720 N Bedford Rd,Bedford Hills,NY,"[{'@type': 'OpeningHoursSpecification', 'dayOfWeek': ['Monday', 'Tuesday', 'Wednesday', 'Thursday', 'Friday', 'Saturday', 'Sunday'], 'opens': '11:0', 'closes': '20:0'}]","{'@type': 'PostalAddress', 'addressLocality': 'Bedford Hills', 'addressRegion': 'NY', 'postalCode': '10507', 'addressCountry': 'US', 'streetAddress': '720 N Bedford Rd'}","{'@type': 'GeoCoordinates', 'latitude': 41.2249776, 'longitude': -73.7132606}","{'@type': 'AggregateRating', 'ratingValue': 4.4, 'reviewCount': '89'}"
Playa Bowls (Pleasantville),https://www.ubereats.com/nyc-suburbs/food-delivery/playa-bowls-pleasantville/gM5TaU4uTz6hF5AadnEDPA,mt-kisco-new-york,"['Juice and Smoothies', 'Healthy', 'Vegetarian Friendly', 'Healthy', 'Family Meals']",4.7,136,$,41.13344379999999,-73.7926226,+19144953438,10570,465 Bedford Rd,Pleasantville,NY,"[{'@type': 'OpeningHoursSpecification', 'dayOfWeek': ['Monday', 'Tuesday', 'Wednesday', 'Thursday', 'Friday', 'Saturday', 'Sunday'], 'opens': '10:0', 'closes': '20:30'}]","{'@type': 'PostalAddress', 'addressLocality': 'Pleasantville', 'addressRegion': 'NY', 'postalCode': '10570', 'addressCountry': 'US', 'streetAddress': '465 Bedford Rd'}","{'@type': 'GeoCoordinates', 'latitude': 41.13344379999999, 'longitude': -73.7926226}","{'@type': 'AggregateRating', 'ratingValue': 4.7, 'reviewCount': '136'}"
Touch of class Caribbean fusion cuisine,https://www.ubereats.com/nyc-suburbs/food-delivery/touch-of-class-caribbean-fusion-cuisine/Xg5msCtFR2-CrbHpD-NoDA,mt-kisco-new-york,"['Caribbean', 'Seafood', 'Latin American']",4.9,13,$,41.291781,-73.9201495,+16466756786,10566,990 Main St 30,Peekskill,NY,"[{'@type': 'OpeningHoursSpecification', 'dayOfWeek': 'Sunday', 'opens': '14:0', 'closes': '19:30'}, {'@type': 'OpeningHoursSpecification', 'dayOfWeek': ['Tuesday', 'Wednesday', 'Thursday', 'Friday', 'Saturday'], 'opens': '14:0', 'closes': '19:30'}]","{'@type': 'PostalAddress', 'addressLocality': 'Peekskill', 'addressRegion': 'NY', 'postalCode': '10566', 'addressCountry': 'US', 'streetAddress': '990 Main St 30'}","{'@type': 'GeoCoordinates', 'latitude': 41.291781, 'longitude': -73.9201495}","{'@type': 'AggregateRating', 'ratingValue': 4.9, 'reviewCount': '13'}"
Gerardos Pizza,https://www.ubereats.com/nyc-suburbs/food-delivery/gerardos-pizza/fRLErni7Q8Kmae07nRZczA,mt-kisco-new-york,"['Italian', 'Pizza', 'Pasta', 'Salads', 'Wings', 'Sandwich', 'Burgers', 'Seafood', 'Allergy Friendly']",4.6,12,$$,41.1951778,-73.7253248,+19147330221,10549,454 Main St,Mount Kisco,NY,"[{'@type': 'OpeningHoursSpecification', 'dayOfWeek': 'Sunday', 'opens': '11:30', 'closes': '19:34'}, {'@type': 'OpeningHoursSpecification', 'dayOfWeek': 'Sunday', 'opens': '2:0', 'closes': '2:1'}, {'@type': 'OpeningHoursSpecification', 'dayOfWeek': ['Monday', 'Tuesday', 'Wednesday', 'Thursday', 'Friday', 'Saturday'], 'opens': '11:30', 'closes': '19:34'}]","{'@type': 'PostalAddress', 'addressLocality': 'Mount Kisco', 'addressRegion': 'NY', 'postalCode': '10549', 'addressCountry': 'US', 'streetAddress': '454 Main St'}","{'@type': 'GeoCoordinates', 'latitude': 41.1951778, 'longitude': -73.7253248}","{'@type': 'AggregateRating', 'ratingValue': 4.6, 'reviewCount': '12'}"
Tipsy Taco Bar,https://www.ubereats.com/nyc-suburbs/food-delivery/tipsy-taco-bar/Wi29Mjt7S2eX0HpAcI5lNA,mt-kisco-new-york,"['Mexican', 'Latin American', 'New Mexican']",4.5,49,$,41.19359439999999,-73.72585769999999,+19142183460,10549,487 Main Street,Mount Kisco,New York,"[{'@type': 'OpeningHoursSpecification', 'dayOfWeek': 'Sunday', 'opens': '15:0', 'closes': '21:0'}, {'@type': 'OpeningHoursSpecification', 'dayOfWeek': 'Sunday', 'opens': '13:30', 'closes': '21:0'}, {'@type': 'OpeningHoursSpecification', 'dayOfWeek': 'Monday', 'opens': '12:0', 'closes': '21:15'}, {'@type': 'OpeningHoursSpecification', 'dayOfWeek': 'Monday', 'opens': '13:30', 'closes': '20:30'}, {'@type': 'OpeningHoursSpecification', 'dayOfWeek': ['Tuesday', 'Wednesday'], 'opens': '12:0', 'closes': '21:15'}, {'@type': 'OpeningHoursSpecification', 'dayOfWeek': ['Tuesday', 'Wednesday'], 'opens': '13:30', 'closes': '8:30'}, {'@type': 'OpeningHoursSpecification', 'dayOfWeek': ['Tuesday', 'Wednesday'], 'opens': '13:30', 'closes': '8:30'}, {'@type': 'OpeningHoursSpecification', 'dayOfWeek': 'Thursday', 'opens': '12:0', 'closes': '21:15'}, {'@type': 'OpeningHoursSpecification', 'dayOfWeek': 'Thursday', 'opens': '13:30', 'closes': '20:30'}, {'@type': 'OpeningHoursSpecification', 'dayOfWeek': 'Thursday', 'opens': '13:30', 'closes': '20:30'}, {'@type': 'OpeningHoursSpecification', 'dayOfWeek': 'Friday', 'opens': '12:0', 'closes': '21:15'}, {'@type': 'OpeningHoursSpecification', 'dayOfWeek': 'Friday', 'opens': '13:30', 'closes': '20:30'}, {'@type': 'OpeningHoursSpecification', 'dayOfWeek': 'Saturday', 'opens': '12:0', 'closes': '21:15'}, {'@type': 'OpeningHoursSpecification', 'dayOfWeek': 'Saturday', 'opens': '15:0', 'closes': '21:0'}, {'@type': 'OpeningHoursSpecification', 'dayOfWeek': 'Saturday', 'opens': '13:30', 'closes': '21:0'}]","{'@type': 'PostalAddress', 'addressLocality': 'Mount Kisco', 'addressRegion': 'New York', 'postalCode': '10549', 'addressCountry': 'US', 'streetAddress': '487 Main Street'}","{'@type': 'GeoCoordinates', 'latitude': 41.19359439999999, 'longitude': -73.72585769999999}","{'@type': 'AggregateRating', 'ratingValue': 4.5, 'reviewCount': '49'}"
Milan grill and deli,https://www.ubereats.com/nyc-suburbs/food-delivery/milan-grill-and-deli/tnbXd5qURYW-9E5BSX5npg,mt-kisco-new-york,"['Other', 'Sandwich', 'Chicken', 'Steak']",,,$,41.12073290000001,-73.78232779999999,+16468422162,10594,810 Commerce St,Thornwood,NY,"[{'@type': 'OpeningHoursSpecification', 'dayOfWeek': 'Sunday', 'opens': '7:0', 'closes': '15:0'}, {'@type': 'OpeningHoursSpecification', 'dayOfWeek': ['Monday', 'Tuesday', 'Wednesday', 'Thursday', 'Friday'], 'opens': '7:0', 'closes': '17:0'}, {'@type': 'OpeningHoursSpecification', 'dayOfWeek': 'Saturday', 'opens': '7:0', 'closes': '17:0'}, {'@type': 'OpeningHoursSpecification', 'dayOfWeek': 'Saturday', 'opens': '6:0', 'closes': '16:0'}]","{'@type': 'PostalAddress', 'addressLocality': 'Thornwood', 'addressRegion': 'NY', 'postalCode': '10594', 'addressCountry': 'US', 'streetAddress': '810 Commerce St'}","{'@type': 'GeoCoordinates', 'latitude': 41.12073290000001, 'longitude': -73.78232779999999}",{}
Little Thai Kitchen - Chappaqua,https://www.ubereats.com/nyc-suburbs/food-delivery/little-thai-kitchen-chappaqua/KU8__E3gQg-8QgcvtiUCxw,mt-kisco-new-york,"['Thai', 'Asian', 'Noodles']",4.6,29,$,41.1585834,-73.7724921,+19148618188,10514,31 S Greeley Ave,Chappaqua,NY,"[{'@type': 'OpeningHoursSpecification', 'dayOfWeek': ['Monday', 'Tuesday', 'Wednesday', 'Thursday', 'Friday', 'Saturday', 'Sunday'], 'opens': '11:0', 'closes': '21:30'}]","{'@type': 'PostalAddress', 'addressLocality': 'Chappaqua', 'addressRegion': 'NY', 'postalCode': '10514', 'addressCountry': 'US', 'streetAddress': '31 S Greeley Ave'}","{'@type': 'GeoCoordinates', 'latitude': 41.1585834, 'longitude': -73.7724921}","{'@type': 'AggregateRating', 'ratingValue': 4.6, 'reviewCount': '29'}"
The Bagel Emporium - Chappaqua,https://www.ubereats.com/nyc-suburbs/food-delivery/the-bagel-emporium-chappaqua/skmy0upMSc-2o09KdPADQw,mt-kisco-new-york,"['Coffee and Tea', 'American', 'Breakfast and Brunch']",4.8,90,$,41.1593714,-73.7718486,+19142389777,10514,95 King Street,Chappaqua,NY,"[{'@type': 'OpeningHoursSpecification', 'dayOfWeek': ['Monday', 'Tuesday', 'Wednesday', 'Thursday', 'Friday', 'Saturday', 'Sunday'], 'opens': '7:0', 'closes': '13:0'}]","{'@type': 'PostalAddress', 'addressLocality': 'Chappaqua', 'addressRegion': 'NY', 'postalCode': '10514', 'addressCountry': 'US', 'streetAddress': '95 King Street'}","{'@type': 'GeoCoordinates', 'latitude': 41.1593714, 'longitude': -73.7718486}","{'@type': 'AggregateRating', 'ratingValue': 4.8, 'reviewCount': '90'}"
The Bagel Emporium - Yorktown Heights,https://www.ubereats.com/nyc-suburbs/food-delivery/the-bagel-emporium-yorktown-heights/iAMmQohWQ2aJKQ7uJn2YmQ,mt-kisco-new-york,"['Coffee and Tea', 'American', 'Breakfast and Brunch']",4.5,91,$,41.2735113,-73.78083409999999,+19143526444,10598,1893 Commerce Street,Yorktown Heights,NY,"[{'@type': 'OpeningHoursSpecification', 'dayOfWeek': ['Monday', 'Tuesday', 'Wednesday', 'Thursday', 'Friday', 'Saturday', 'Sunday'], 'opens': '7:0', 'closes': '14:0'}]","{'@type': 'PostalAddress', 'addressLocality': 'Yorktown Heights', 'addressRegion': 'NY', 'postalCode': '10598', 'addressCountry': 'US', 'streetAddress': '1893 Commerce Street'}","{'@type': 'GeoCoordinates', 'latitude': 41.2735113, 'longitude': -73.78083409999999}","{'@type': 'AggregateRating', 'ratingValue': 4.5, 'reviewCount': '91'}"
bedford hills deli,https://www.ubereats.com/nyc-suburbs/food-delivery/bedford-hills-deli/s_3dgTocTxqT6uqltOAC9w,mt-kisco-new-york,"['Burgers', 'American', 'Sandwiches']",,,$,41.2364906,-73.6999501,+19146662156,10507,7 Babbitt Rd,Bedford Hills,NY,"[{'@type': 'OpeningHoursSpecification', 'dayOfWeek': 'Sunday', 'opens': '6:0', 'closes': '20:30'}, {'@type': 'OpeningHoursSpecification', 'dayOfWeek': 'Sunday', 'opens': '6:0', 'closes': '20:30'}, {'@type': 'OpeningHoursSpecification', 'dayOfWeek': ['Monday', 'Tuesday', 'Wednesday', 'Thursday', 'Friday', 'Saturday'], 'opens': '5:30', 'closes': '21:30'}, {'@type': 'OpeningHoursSpecification', 'dayOfWeek': ['Monday', 'Tuesday', 'Wednesday', 'Thursday', 'Friday', 'Saturday'], 'opens': '5:30', 'closes': '21:30'}]","{'@type': 'PostalAddress', 'addressLocality': 'Bedford Hills', 'addressRegion': 'NY', 'postalCode': '10507', 'addressCountry': 'US', 'streetAddress': '7 Babbitt Rd'}","{'@type': 'GeoCoordinates', 'latitude': 41.2364906, 'longitude': -73.6999501}",{}
Little Drunken Chef,https://www.ubereats.com/nyc-suburbs/food-delivery/little-drunken-chef/_k695fr9SEe3f6w52QlXCw,mt-kisco-new-york,"['Mediterranean', 'Vegetarian Friendly', 'Gluten Free Friendly', 'Rice-bowls', 'Burgers', 'Wings', 'Salads']",,,$,41.2079393,-73.72791409999999,+19142428800,10549,36 E Main St,Mount Kisco,NY,"[{'@type': 'OpeningHoursSpecification', 'dayOfWeek': 'Sunday', 'opens': '0:0', 'closes': '21:0'}, {'@type': 'OpeningHoursSpecification', 'dayOfWeek': 'Monday', 'opens': '11:30', 'closes': '22:0'}, {'@type': 'OpeningHoursSpecification', 'dayOfWeek': 'Monday', 'opens': '2:0', 'closes': '2:1'}, {'@type': 'OpeningHoursSpecification', 'dayOfWeek': 'Monday', 'opens': '2:0', 'closes': '2:1'}, {'@type': 'OpeningHoursSpecification', 'dayOfWeek': ['Tuesday', 'Wednesday'], 'opens': '11:30', 'closes': '22:0'}, {'@type': 'OpeningHoursSpecification', 'dayOfWeek': 'Thursday', 'opens': '11:30', 'closes': '22:30'}, {'@type': 'OpeningHoursSpecification', 'dayOfWeek': ['Friday', 'Saturday'], 'opens': '0:0', 'closes': '2:0'}, {'@type': 'OpeningHoursSpecification', 'dayOfWeek': ['Friday', 'Saturday'], 'opens': '11:30', 'closes': '23:59'}]","{'@type': 'PostalAddress', 'addressLocality': 'Mount Kisco', 'addressRegion': 'NY', 'postalCode': '10549', 'addressCountry': 'US', 'streetAddress': '36 E Main St'}","{'@type': 'GeoCoordinates', 'latitude': 41.2079393, 'longitude': -73.72791409999999}",{}
Pleasantville Diner Restaurant,https://www.ubereats.com/nyc-suburbs/food-delivery/pleasantville-diner-restaurant/3tVADrcDTaKTBP0XraqM_Q,mt-kisco-new-york,['American'],4.7,95,$$,41.1345009,-73.79331200000001,+19147698585,10570,10 Memorial Plz,Pleasantville,NY,"[{'@type': 'OpeningHoursSpecification', 'dayOfWeek': ['Sunday', 'Monday', 'Tuesday', 'Wednesday', 'Thursday'], 'opens': '8:0', 'closes': '20:0'}, {'@type': 'OpeningHoursSpecification', 'dayOfWeek': ['Sunday', 'Monday', 'Tuesday', 'Wednesday', 'Thursday'], 'opens': '8:0', 'closes': '20:0'}, {'@type': 'OpeningHoursSpecification', 'dayOfWeek': ['Friday', 'Saturday'], 'opens': '8:0', 'closes': '21:0'}, {'@type': 'OpeningHoursSpecification', 'dayOfWeek': ['Friday', 'Saturday'], 'opens': '8:0', 'closes': '21:0'}]","{'@type': 'PostalAddress', 'addressLocality': 'Pleasantville', 'addressRegion': 'NY', 'postalCode': '10570', 'addressCountry': 'US', 'streetAddress': '10 Memorial Plz'}","{'@type': 'GeoCoordinates', 'latitude': 41.1345009, 'longitude': -73.79331200000001}","{'@type': 'AggregateRating', 'ratingValue': 4.7, 'reviewCount': '95'}"
McDonald's® (605 BEDFORD RD),https://www.ubereats.com/nyc-suburbs/food-delivery/mcdonalds-605-bedford-rd/qjJIcVIwR6qmsLYIIQOJ8A,mt-kisco-new-york,"['American', 'Burgers', 'Fast Food', 'Fast Food']",4.5,91,$,41.228009,-73.712291,+19142448596,10507,605 BEDFORD RD,BEDFORD HILLS,NY,"[{'@type': 'OpeningHoursSpecification', 'dayOfWeek': 'Sunday', 'opens': '6:0', 'closes': '10:59'}, {'@type': 'OpeningHoursSpecification', 'dayOfWeek': 'Sunday', 'opens': '11:0', 'closes': '16:59'}, {'@type': 'OpeningHoursSpecification', 'dayOfWeek': 'Sunday', 'opens': '17:0', 'closes': '23:45'}, {'@type': 'OpeningHoursSpecification', 'dayOfWeek': ['Monday', 'Tuesday', 'Wednesday', 'Thursday', 'Friday'], 'opens': '6:0', 'closes': '10:29'}, {'@type': 'OpeningHoursSpecification', 'dayOfWeek': ['Monday', 'Tuesday', 'Wednesday', 'Thursday', 'Friday'], 'opens': '10:30', 'closes': '16:59'}, {'@type': 'OpeningHoursSpecification', 'dayOfWeek': ['Monday', 'Tuesday', 'Wednesday', 'Thursday', 'Friday'], 'opens': '17:0', 'closes': '23:45'}, {'@type': 'OpeningHoursSpecification', 'dayOfWeek': 'Saturday', 'opens': '6:0', 'closes': '10:59'}, {'@type': 'OpeningHoursSpecification', 'dayOfWeek': 'Saturday', 'opens': '11:0', 'closes': '16:59'}, {'@type': 'OpeningHoursSpecification', 'dayOfWeek': 'Saturday', 'opens': '17:0', 'closes': '23:45'}]","{'@type': 'PostalAddress', 'addressLocality': 'BEDFORD HILLS', 'addressRegion': 'NY', 'postalCode': '10507', 'addressCountry': 'US', 'streetAddress': '605 BEDFORD RD'}","{'@type': 'GeoCoordinates', 'latitude': 41.228009, 'longitude': -73.712291}","{'@type': 'AggregateRating', 'ratingValue': 4.5, 'reviewCount': '91'}"
Old Stone Trattoria,https://www.ubereats.com/nyc-suburbs/food-delivery/old-stone-trattoria/X1NeHwGfSae6MN2hgK6Pdg,mt-kisco-new-york,"['Italian', 'Pasta', 'Comfort Food']",,,$,41.1599869,-73.76436799999999,+19144903986,10514,425 King St,Chappaqua,NY,"[{'@type': 'OpeningHoursSpecification', 'dayOfWeek': 'Sunday', 'opens': '11:0', 'closes': '21:0'}, {'@type': 'OpeningHoursSpecification', 'dayOfWeek': ['Monday', 'Tuesday', 'Wednesday', 'Thursday', 'Friday', 'Saturday'], 'opens': '10:0', 'closes': '22:0'}]","{'@type': 'PostalAddress', 'addressLocality': 'Chappaqua', 'addressRegion': 'NY', 'postalCode': '10514', 'addressCountry': 'US', 'streetAddress': '425 King St'}","{'@type': 'GeoCoordinates', 'latitude': 41.1599869, 'longitude': -73.76436799999999}",{}
Boston Market (130 North Bedford Rd),https://www.ubereats.com/nyc-suburbs/food-delivery/boston-market-130-north-bedford-rd/BAxTe6M1S8OTMzrajhb9RQ,mt-kisco-new-york,"['American', 'Fast Food', 'Comfort Food', 'Fried Chicken', 'Family Meals']",4.6,16,$,41.2125022,-73.7206167,+19142418800,10549,130 North Bedford Rd,Mount Kisco,NY,"[{'@type': 'OpeningHoursSpecification', 'dayOfWeek': ['Monday', 'Tuesday', 'Wednesday', 'Thursday', 'Friday', 'Saturday', 'Sunday'], 'opens': '11:0', 'closes': '20:45'}]","{'@type': 'PostalAddress', 'addressLocality': 'Mount Kisco', 'addressRegion': 'NY', 'postalCode': '10549', 'addressCountry': 'US', 'streetAddress': '130 North Bedford Rd'}","{'@type': 'GeoCoordinates', 'latitude': 41.2125022, 'longitude': -73.7206167}","{'@type': 'AggregateRating', 'ratingValue': 4.6, 'reviewCount': '16'}"
Okinawa Sushi Hibachi Asian Restaurant,https://www.ubereats.com/nyc-suburbs/food-delivery/okinawa-sushi-hibachi-asian-restaurant/T7oWJVNHSKeEwCa8ptt7-A,mt-kisco-new-york,"['Asian Fusion', 'Asian', 'Korean']",4.6,78,$,41.27824620000001,-73.77894970000001,+19149628188,10598,48 Triangle Center,Yorktown Heights,NY,"[{'@type': 'OpeningHoursSpecification', 'dayOfWeek': 'Sunday', 'opens': '12:0', 'closes': '20:35'}, {'@type': 'OpeningHoursSpecification', 'dayOfWeek': ['Tuesday', 'Wednesday', 'Thursday'], 'opens': '11:30', 'closes': '20:35'}, {'@type': 'OpeningHoursSpecification', 'dayOfWeek': ['Friday', 'Saturday'], 'opens': '11:30', 'closes': '21:20'}]","{'@type': 'PostalAddress', 'addressLocality': 'Yorktown Heights', 'addressRegion': 'NY', 'postalCode': '10598', 'addressCountry': 'US', 'streetAddress': '48 Triangle Center'}","{'@type': 'GeoCoordinates', 'latitude': 41.27824620000001, 'longitude': -73.77894970000001}","{'@type': 'AggregateRating', 'ratingValue': 4.6, 'reviewCount': '78'}"
Bareburger (445 Main St),https://www.ubereats.com/nyc-suburbs/food-delivery/bareburger-445-main-st/MDPX8bZKTtqOOxzSNijZQA,mt-kisco-new-york,"['Burgers', 'American', 'Sandwich', 'Salads']",4.8,73,$$,41.1950711,-73.7248233,+19148640531,10549,445 Main St,Mount Kisco,NY,"[{'@type': 'OpeningHoursSpecification', 'dayOfWeek': ['Monday', 'Tuesday', 'Wednesday', 'Thursday', 'Friday', 'Saturday', 'Sunday'], 'opens': '11:30', 'closes': '21:0'}]","{'@type': 'PostalAddress', 'addressLocality': 'Mount Kisco', 'addressRegion': 'NY', 'postalCode': '10549', 'addressCountry': 'US', 'streetAddress': '445 Main St'}","{'@type': 'GeoCoordinates', 'latitude': 41.1950711, 'longitude': -73.7248233}","{'@type': 'AggregateRating', 'ratingValue': 4.8, 'reviewCount': '73'}"
Little Mumbai Market,https://www.ubereats.com/nyc-suburbs/food-delivery/little-mumbai-market/fCQpQ_9kRB6wQqqFy0AQlw,mt-kisco-new-york,"['Indian', 'Vegetarian', 'French']",4.7,23,$,41.1332959,-73.7930592,+19147730500,10570,475 Bedford Rd,Pleasantville,NY,"[{'@type': 'OpeningHoursSpecification', 'dayOfWeek': ['Sunday', 'Monday', 'Tuesday', 'Wednesday', 'Thursday'], 'opens': '11:0', 'closes': '20:0'}, {'@type': 'OpeningHoursSpecification', 'dayOfWeek': ['Friday', 'Saturday'], 'opens': '11:0', 'closes': '21:0'}]","{'@type': 'PostalAddress', 'addressLocality': 'Pleasantville', 'addressRegion': 'NY', 'postalCode': '10570', 'addressCountry': 'US', 'streetAddress': '475 Bedford Rd'}","{'@type': 'GeoCoordinates', 'latitude': 41.1332959, 'longitude': -73.7930592}","{'@type': 'AggregateRating', 'ratingValue': 4.7, 'reviewCount': '23'}"
Tabasco Mexican Grill ,https://www.ubereats.com/nyc-suburbs/food-delivery/tabasco-mexican-grill/yjfulXgvRnCgOw_4Po1rnA,mt-kisco-new-york,"['Mexican', 'Vegetarian Friendly', 'Burgers', 'Wings', 'Desserts']",4.7,44,$$,41.1503284,-73.8602611,+19145020645,10562,134 S Highland Ave,Ossining,New York,"[{'@type': 'OpeningHoursSpecification', 'dayOfWeek': ['Monday', 'Tuesday', 'Wednesday', 'Thursday', 'Friday', 'Saturday', 'Sunday'], 'opens': '11:0', 'closes': '19:40'}]","{'@type': 'PostalAddress', 'addressLocality': 'Ossining', 'addressRegion': 'New York', 'postalCode': '10562', 'addressCountry': 'US', 'streetAddress': '134 S Highland Ave'}","{'@type': 'GeoCoordinates', 'latitude': 41.1503284, 'longitude': -73.8602611}","{'@type': 'AggregateRating', 'ratingValue': 4.7, 'reviewCount': '44'}"
Hida,https://www.ubereats.com/nyc-suburbs/food-delivery/hida/41XWnysbT0uD-b7vmMANuQ,mt-kisco-new-york,"['Japanese', 'Asian', 'Sushi']",,,$$,41.089362,-73.8186101,+19145925900,10532,6 Saw Mill River Rd,Hawthorne,NY,"[{'@type': 'OpeningHoursSpecification', 'dayOfWeek': 'Sunday', 'opens': '13:0', 'closes': '22:0'}, {'@type': 'OpeningHoursSpecification', 'dayOfWeek': 'Sunday', 'opens': '13:0', 'closes': '22:0'}, {'@type': 'OpeningHoursSpecification', 'dayOfWeek': ['Monday', 'Tuesday', 'Wednesday', 'Thursday', 'Friday', 'Saturday'], 'opens': '11:0', 'closes': '15:0'}, {'@type': 'OpeningHoursSpecification', 'dayOfWeek': ['Monday', 'Tuesday', 'Wednesday', 'Thursday', 'Friday', 'Saturday'], 'opens': '16:0', 'closes': '22:0'}]","{'@type': 'PostalAddress', 'addressLocality': 'Hawthorne', 'addressRegion': 'NY', 'postalCode': '10532', 'addressCountry': 'US', 'streetAddress': '6 Saw Mill River Rd'}","{'@type': 'GeoCoordinates', 'latitude': 41.089362, 'longitude': -73.8186101}",{}
Off The Rail,https://www.ubereats.com/nyc-suburbs/food-delivery/off-the-rail/R3-Tj--XRImikFIGx1uD6A,mt-kisco-new-york,"['Sandwich', 'American']",4.8,89,$$,41.1082923,-73.79574769999999,+19142799796,,,,,"[{'@type': 'OpeningHoursSpecification', 'dayOfWeek': ['Monday', 'Tuesday', 'Wednesday', 'Thursday', 'Friday'], 'opens': '5:30', 'closes': '15:0'}, {'@type': 'OpeningHoursSpecification', 'dayOfWeek': 'Saturday', 'opens': '7:0', 'closes': '14:0'}]",,"{'@type': 'GeoCoordinates', 'latitude': 41.1082923, 'longitude': -73.79574769999999}","{'@type': 'AggregateRating', 'ratingValue': 4.8, 'reviewCount': '89'}"
The Bedford Diner,https://www.ubereats.com/nyc-suburbs/food-delivery/the-bedford-diner/tj-BLDvDQn-tFl6m_FKmhg,mt-kisco-new-york,"['Breakfast and Brunch', 'American', 'Sandwiches']",,,$,41.2255737,-73.7132836,+19142414808,10507,710 Bedford Road,Bedford Hills,NY,"[{'@type': 'OpeningHoursSpecification', 'dayOfWeek': ['Monday', 'Tuesday', 'Wednesday', 'Thursday', 'Friday', 'Saturday', 'Sunday'], 'opens': '7:30', 'closes': '20:30'}]","{'@type': 'PostalAddress', 'addressLocality': 'Bedford Hills', 'addressRegion': 'NY', 'postalCode': '10507', 'addressCountry': 'US', 'streetAddress': '710 Bedford Road'}","{'@type': 'GeoCoordinates', 'latitude': 41.2255737, 'longitude': -73.7132836}",{}
The Patio,https://www.ubereats.com/nyc-suburbs/food-delivery/the-patio/bilfBfe9TveI_csGxI2ZIQ,mt-kisco-new-york,"['Breakfast and Brunch', 'American', 'Sandwiches']",4.2,20,$,41.1496645,-73.8294774,+19149414414,10510,1133 Pleasantville Rd,Briarcliff Manor,NY,"[{'@type': 'OpeningHoursSpecification', 'dayOfWeek': 'Sunday', 'opens': '8:1', 'closes': '20:40'}, {'@type': 'OpeningHoursSpecification', 'dayOfWeek': 'Sunday', 'opens': '2:0', 'closes': '2:1'}, {'@type': 'OpeningHoursSpecification', 'dayOfWeek': ['Monday', 'Tuesday', 'Wednesday'], 'opens': '8:1', 'closes': '20:40'}, {'@type': 'OpeningHoursSpecification', 'dayOfWeek': ['Monday', 'Tuesday', 'Wednesday'], 'opens': '7:0', 'closes': '11:0'}, {'@type': 'OpeningHoursSpecification', 'dayOfWeek': ['Monday', 'Tuesday', 'Wednesday'], 'opens': '7:0', 'closes': '11:0'}, {'@type': 'OpeningHoursSpecification', 'dayOfWeek': ['Thursday', 'Friday'], 'opens': '8:1', 'closes': '20:40'}, {'@type': 'OpeningHoursSpecification', 'dayOfWeek': ['Thursday', 'Friday'], 'opens': '7:0', 'closes': '11:0'}, {'@type': 'OpeningHoursSpecification', 'dayOfWeek': 'Saturday', 'opens': '8:1', 'closes': '20:40'}, {'@type': 'OpeningHoursSpecification', 'dayOfWeek': 'Saturday', 'opens': '7:0', 'closes': '12:0'}]","{'@type': 'PostalAddress', 'addressLocality': 'Briarcliff Manor', 'addressRegion': 'NY', 'postalCode': '10510', 'addressCountry': 'US', 'streetAddress': '1133 Pleasantville Rd'}","{'@type': 'GeoCoordinates', 'latitude': 41.1496645, 'longitude': -73.8294774}","{'@type': 'AggregateRating', 'ratingValue': 4.2, 'reviewCount': '20'}"
Bedford Diner & Restaurant,https://www.ubereats.com/nyc-suburbs/food-delivery/bedford-diner-%26-restaurant/TzoDk1RuRKey2D5GzWLvCw,mt-kisco-new-york,"['Diner', 'American', 'Breakfast and Brunch']",,,$$,41.225592,-73.713289,+19142414808,10507,710 Bedford Rd,Bedford Hills,NY,[],"{'@type': 'PostalAddress', 'addressLocality': 'Bedford Hills', 'addressRegion': 'NY', 'postalCode': '10507', 'addressCountry': 'US', 'streetAddress': '710 Bedford Rd'}","{'@type': 'GeoCoordinates', 'latitude': 41.225592, 'longitude': -73.713289}",{}
MOOYAH Burgers (1882 Pleasantville Rd),https://www.ubereats.com/nyc-suburbs/food-delivery/mooyah-burgers-1882-pleasantville-rd/DmxXYbfBT464IHT_xrKUHQ,mt-kisco-new-york,"['American', 'Salads', 'Comfort Food']",4.8,121,$$,41.16341269999999,-73.8464879,+19142363647,10510,1882 Pleasantville Rd,Briarcliff Manor,NY,"[{'@type': 'OpeningHoursSpecification', 'dayOfWeek': ['Monday', 'Tuesday', 'Wednesday', 'Thursday', 'Friday', 'Saturday', 'Sunday'], 'opens': '11:30', 'closes': '20:0'}]","{'@type': 'PostalAddress', 'addressLocality': 'Briarcliff Manor', 'addressRegion': 'NY', 'postalCode': '10510', 'addressCountry': 'US', 'streetAddress': '1882 Pleasantville Rd'}","{'@type': 'GeoCoordinates', 'latitude': 41.16341269999999, 'longitude': -73.8464879}","{'@type': 'AggregateRating', 'ratingValue': 4.8, 'reviewCount': '121'}"
Pappous Greek Kitchen,https://www.ubereats.com/nyc-suburbs/food-delivery/pappous-greek-kitchen/Ibyita8vT4ivPl06If0_4w,mt-kisco-new-york,"['Mediterranean', 'Greek', 'Vegetarian']",,,$,41.2759376,-73.7824197,+19144552111,10598,1983 Commerce St,Yorktown Heights,NY,"[{'@type': 'OpeningHoursSpecification', 'dayOfWeek': ['Sunday', 'Monday', 'Tuesday', 'Wednesday', 'Thursday'], 'opens': '12:0', 'closes': '20:0'}, {'@type': 'OpeningHoursSpecification', 'dayOfWeek': ['Friday', 'Saturday'], 'opens': '12:0', 'closes': '20:30'}]","{'@type': 'PostalAddress', 'addressLocality': 'Yorktown Heights', 'addressRegion': 'NY', 'postalCode': '10598', 'addressCountry': 'US', 'streetAddress': '1983 Commerce St'}","{'@type': 'GeoCoordinates', 'latitude': 41.2759376, 'longitude': -73.7824197}",{}
Dai Sushi,https://www.ubereats.com/nyc-suburbs/food-delivery/dai-sushi/xCJ21PJVQVefk5hRzFWMoA,mt-kisco-new-york,"['Japanese', 'Noodles', 'Rolls', 'Seafood']",,,$,41.1327519,-73.7947367,+19147690638,10570,8,Pleasantville,NY,"[{'@type': 'OpeningHoursSpecification', 'dayOfWeek': 'Sunday', 'opens': '15:0', 'closes': '20:0'}, {'@type': 'OpeningHoursSpecification', 'dayOfWeek': ['Wednesday', 'Thursday', 'Friday', 'Saturday'], 'opens': '12:0', 'closes': '14:30'}, {'@type': 'OpeningHoursSpecification', 'dayOfWeek': ['Wednesday', 'Thursday', 'Friday', 'Saturday'], 'opens': '16:0', 'closes': '20:0'}]","{'@type': 'PostalAddress', 'addressLocality': 'Pleasantville', 'addressRegion': 'NY', 'postalCode': '10570', 'addressCountry': 'US', 'streetAddress': '8'}","{'@type': 'GeoCoordinates', 'latitude': 41.1327519, 'longitude': -73.7947367}",{}
