name,url,city,cuisine,avgRating,numReviews,priceRange,latitude,longitude,telephone,postalCode,streetAddress,addressLocality,addressRegion,openingHoursSpecification,addressString,geoString,ratingString
Cinco's Fresh Mex Grill,https://www.ubereats.com/san-francisco/food-delivery/cincos-fresh-mex-grill/8zqVExJKTk6XL0k6XMvqaA,napa-california,"['Mexican', 'New Mexican', 'Vegan']",,,,38.1809856,-122.2539141,+15107348614,94503,"5075 Main St, suite 122",American Canyon,CA,"[{'@type': 'OpeningHoursSpecification', 'dayOfWeek': ['Monday', 'Tuesday', 'Wednesday', 'Thursday', 'Friday', 'Saturday'], 'opens': '11:0', 'closes': '21:0'}]","{'@type': 'PostalAddress', 'addressLocality': 'American Canyon', 'addressRegion': 'CA', 'postalCode': '94503', 'addressCountry': 'US', 'streetAddress': '5075 Main St, suite 122'}","{'@type': 'GeoCoordinates', 'latitude': 38.1809856, 'longitude': -122.2539141}",{}
Coquetta,https://www.ubereats.com/san-francisco/food-delivery/coquetta/NvcxMHSUQMm4vpuSm92NKw,napa-california,"['Italian', 'Pasta', 'Comfort Food']",,,$,38.4020529,-122.3616541,+17072444350,94599,6525 Washington Street,Yountville,CA,"[{'@type': 'OpeningHoursSpecification', 'dayOfWeek': ['Sunday', 'Monday', 'Tuesday'], 'opens': '10:0', 'closes': '17:0'}, {'@type': 'OpeningHoursSpecification', 'dayOfWeek': ['Thursday', 'Friday', 'Saturday'], 'opens': '10:0', 'closes': '17:0'}]","{'@type': 'PostalAddress', 'addressLocality': 'Yountville', 'addressRegion': 'CA', 'postalCode': '94599', 'addressCountry': 'US', 'streetAddress': '6525 Washington Street'}","{'@type': 'GeoCoordinates', 'latitude': 38.4020529, 'longitude': -122.3616541}",{}
Napa Valley La Mexicana,https://www.ubereats.com/san-francisco/food-delivery/napa-valley-la-mexicana/QyGPeQXNQUeBWrs3ubTY6g,napa-california,['Mexican'],,,$$,38.2575907,-122.2746585,+17073375306,94558,955 Kaiser Rd,Napa,CA,"[{'@type': 'OpeningHoursSpecification', 'dayOfWeek': ['Monday', 'Tuesday', 'Wednesday', 'Thursday', 'Friday'], 'opens': '10:0', 'closes': '15:0'}]","{'@type': 'PostalAddress', 'addressLocality': 'Napa', 'addressRegion': 'CA', 'postalCode': '94558', 'addressCountry': 'US', 'streetAddress': '955 Kaiser Rd'}","{'@type': 'GeoCoordinates', 'latitude': 38.2575907, 'longitude': -122.2746585}",{}
Chipotle Mexican Grill (1715 Trancas St Ste D),https://www.ubereats.com/san-francisco/food-delivery/chipotle-mexican-grill-1715-trancas-st-ste-d/w_xtXBZMSXOSWhH3Ex8PMQ,napa-california,"['Healthy', 'Mexican']",4.5,86,$,38.3213838,-122.3061011,+17072261769,94558,1715 Trancas St Ste D,Napa,CA,"[{'@type': 'OpeningHoursSpecification', 'dayOfWeek': ['Monday', 'Tuesday', 'Wednesday', 'Thursday', 'Friday', 'Saturday', 'Sunday'], 'opens': '10:45', 'closes': '21:40'}]","{'@type': 'PostalAddress', 'addressLocality': 'Napa', 'addressRegion': 'CA', 'postalCode': '94558', 'addressCountry': 'US', 'streetAddress': '1715 Trancas St Ste D'}","{'@type': 'GeoCoordinates', 'latitude': 38.3213838, 'longitude': -122.3061011}","{'@type': 'AggregateRating', 'ratingValue': 4.5, 'reviewCount': '86'}"
Nick the Greek - Napa,https://www.ubereats.com/san-francisco/food-delivery/nick-the-greek-napa/ZH8cJS_OSS2lkU_AlXOkDA,napa-california,"['Mediterranean', 'Greek', 'Vegetarian']",4.9,22,$,38.3097351,-122.2862461,+17079805307,94558,721 Lincoln Avenue,Napa,CA,"[{'@type': 'OpeningHoursSpecification', 'dayOfWeek': ['Monday', 'Tuesday', 'Wednesday', 'Thursday', 'Friday', 'Saturday', 'Sunday'], 'opens': '11:0', 'closes': '22:0'}]","{'@type': 'PostalAddress', 'addressLocality': 'Napa', 'addressRegion': 'CA', 'postalCode': '94558', 'addressCountry': 'US', 'streetAddress': '721 Lincoln Avenue'}","{'@type': 'GeoCoordinates', 'latitude': 38.3097351, 'longitude': -122.2862461}","{'@type': 'AggregateRating', 'ratingValue': 4.9, 'reviewCount': '22'}"
El Matador,https://www.ubereats.com/san-francisco/food-delivery/el-matador/QfRrkc6XQhSvR9UnPC4q5A,napa-california,"['Mexican', 'Latin American', 'New Mexican']",,,$,38.304786,-122.284773,+17073079195,94559,1500 Soscol Ave,Napa,CA,"[{'@type': 'OpeningHoursSpecification', 'dayOfWeek': ['Monday', 'Tuesday', 'Wednesday', 'Thursday', 'Friday'], 'opens': '9:0', 'closes': '19:30'}, {'@type': 'OpeningHoursSpecification', 'dayOfWeek': 'Saturday', 'opens': '9:0', 'closes': '17:0'}]","{'@type': 'PostalAddress', 'addressLocality': 'Napa', 'addressRegion': 'CA', 'postalCode': '94559', 'addressCountry': 'US', 'streetAddress': '1500 Soscol Ave'}","{'@type': 'GeoCoordinates', 'latitude': 38.304786, 'longitude': -122.284773}",{}
Napa Palisades Saloon,https://www.ubereats.com/san-francisco/food-delivery/napa-palisades-saloon/P7VHmAcKRiSm9sc6a5anUQ,napa-california,"['American', 'Traditional American']",,,$$,38.299412,-122.285378,+17072961552,94559,1000 Main St,Napa,California,"[{'@type': 'OpeningHoursSpecification', 'dayOfWeek': ['Monday', 'Tuesday', 'Wednesday', 'Thursday', 'Friday', 'Saturday', 'Sunday'], 'opens': '11:30', 'closes': '21:0'}]","{'@type': 'PostalAddress', 'addressLocality': 'Napa', 'addressRegion': 'California', 'postalCode': '94559', 'addressCountry': 'US', 'streetAddress': '1000 Main St'}","{'@type': 'GeoCoordinates', 'latitude': 38.299412, 'longitude': -122.285378}",{}
Papa Murphy's  (1800 Soscol Avenue Suite B),https://www.ubereats.com/san-francisco/food-delivery/papa-murphys-1800-soscol-avenue-suite-b/r0HHNzxLTzuP46T2IfHpkw,napa-california,['Pizza'],,,$,38.3073054,-122.2844697,+17072541234,94559,1800 Soscol Avenue Suite B,Napa,CA,"[{'@type': 'OpeningHoursSpecification', 'dayOfWeek': ['Monday', 'Tuesday', 'Wednesday', 'Thursday', 'Friday', 'Saturday', 'Sunday'], 'opens': '11:0', 'closes': '20:0'}]","{'@type': 'PostalAddress', 'addressLocality': 'Napa', 'addressRegion': 'CA', 'postalCode': '94559', 'addressCountry': 'US', 'streetAddress': '1800 Soscol Avenue Suite B'}","{'@type': 'GeoCoordinates', 'latitude': 38.3073054, 'longitude': -122.2844697}",{}
Sift Dessert Bar,https://www.ubereats.com/san-francisco/food-delivery/sift-dessert-bar/G3GwVhQrQ8i2vF3XYkjwjA,napa-california,"['Cupcakes', 'Desserts']",4.7,12,$,38.323911,-122.307019,+17072404004,94558,3816 Bel Aire Plaza,Napa,California,"[{'@type': 'OpeningHoursSpecification', 'dayOfWeek': ['Monday', 'Tuesday', 'Wednesday', 'Thursday', 'Friday', 'Saturday', 'Sunday'], 'opens': '12:0', 'closes': '17:30'}]","{'@type': 'PostalAddress', 'addressLocality': 'Napa', 'addressRegion': 'California', 'postalCode': '94558', 'addressCountry': 'US', 'streetAddress': '3816 Bel Aire Plaza'}","{'@type': 'GeoCoordinates', 'latitude': 38.323911, 'longitude': -122.307019}","{'@type': 'AggregateRating', 'ratingValue': 4.7, 'reviewCount': '12'}"
Ottimo,https://www.ubereats.com/san-francisco/food-delivery/ottimo/YvXjLKR3RLqIyTfU5P2GDw,napa-california,"['Italian', 'Pasta', 'Comfort Food']",,,$,38.4020529,-122.3616541,+17079440102,94599,6525 Washington Street,Yountville,CA,"[{'@type': 'OpeningHoursSpecification', 'dayOfWeek': ['Sunday', 'Monday', 'Tuesday'], 'opens': '10:0', 'closes': '17:0'}, {'@type': 'OpeningHoursSpecification', 'dayOfWeek': ['Thursday', 'Friday', 'Saturday'], 'opens': '10:0', 'closes': '17:0'}]","{'@type': 'PostalAddress', 'addressLocality': 'Yountville', 'addressRegion': 'CA', 'postalCode': '94599', 'addressCountry': 'US', 'streetAddress': '6525 Washington Street'}","{'@type': 'GeoCoordinates', 'latitude': 38.4020529, 'longitude': -122.3616541}",{}
Melted Napa Valley,https://www.ubereats.com/san-francisco/food-delivery/melted-napa-valley/j4wWId7TSWSJiQCNk2oj-w,napa-california,"['Sandwich', 'Coffee and Tea']",,,$$,38.300963,-122.286194,+17073929669,94559,966 Pearl St,Napa,California,"[{'@type': 'OpeningHoursSpecification', 'dayOfWeek': ['Monday', 'Tuesday', 'Wednesday', 'Thursday', 'Friday', 'Saturday', 'Sunday'], 'opens': '11:0', 'closes': '16:0'}]","{'@type': 'PostalAddress', 'addressLocality': 'Napa', 'addressRegion': 'California', 'postalCode': '94559', 'addressCountry': 'US', 'streetAddress': '966 Pearl St'}","{'@type': 'GeoCoordinates', 'latitude': 38.300963, 'longitude': -122.286194}",{}
The Forge- Napa,https://www.ubereats.com/san-francisco/food-delivery/the-forge-napa/EtRGFNzeTGms62m5zVD5xg,napa-california,"['Pizza', 'American', 'Italian']",,,$,38.2815473,-122.2788136,+17079273394,94559,155 Gasser Drive,Napa,CA,"[{'@type': 'OpeningHoursSpecification', 'dayOfWeek': ['Monday', 'Tuesday', 'Wednesday', 'Thursday', 'Friday', 'Saturday', 'Sunday'], 'opens': '12:0', 'closes': '18:30'}]","{'@type': 'PostalAddress', 'addressLocality': 'Napa', 'addressRegion': 'CA', 'postalCode': '94559', 'addressCountry': 'US', 'streetAddress': '155 Gasser Drive'}","{'@type': 'GeoCoordinates', 'latitude': 38.2815473, 'longitude': -122.2788136}",{}
AVOW,https://www.ubereats.com/san-francisco/food-delivery/avow/w_IlgkCWRC685eg7Hf3wcw,napa-california,"['Allergy Friendly', 'New American', 'Vegan Friendly']",4.4,25,,38.2979212,-122.2847214,+17072038900,94559,813 Main St,Napa,CA,"[{'@type': 'OpeningHoursSpecification', 'dayOfWeek': 'Sunday', 'opens': '10:0', 'closes': '20:0'}, {'@type': 'OpeningHoursSpecification', 'dayOfWeek': 'Sunday', 'opens': '16:0', 'closes': '20:0'}, {'@type': 'OpeningHoursSpecification', 'dayOfWeek': 'Sunday', 'opens': '10:0', 'closes': '14:0'}, {'@type': 'OpeningHoursSpecification', 'dayOfWeek': ['Monday', 'Tuesday', 'Wednesday', 'Thursday', 'Friday'], 'opens': '11:0', 'closes': '19:45'}, {'@type': 'OpeningHoursSpecification', 'dayOfWeek': ['Monday', 'Tuesday', 'Wednesday', 'Thursday', 'Friday'], 'opens': '16:0', 'closes': '20:0'}, {'@type': 'OpeningHoursSpecification', 'dayOfWeek': 'Saturday', 'opens': '10:0', 'closes': '20:0'}, {'@type': 'OpeningHoursSpecification', 'dayOfWeek': 'Saturday', 'opens': '16:0', 'closes': '20:0'}, {'@type': 'OpeningHoursSpecification', 'dayOfWeek': 'Saturday', 'opens': '10:0', 'closes': '14:0'}]","{'@type': 'PostalAddress', 'addressLocality': 'Napa', 'addressRegion': 'CA', 'postalCode': '94559', 'addressCountry': 'US', 'streetAddress': '813 Main St'}","{'@type': 'GeoCoordinates', 'latitude': 38.2979212, 'longitude': -122.2847214}","{'@type': 'AggregateRating', 'ratingValue': 4.4, 'reviewCount': '25'}"
Vineburg Deli,https://www.ubereats.com/san-francisco/food-delivery/vineburg-deli/JIFDS4s5Q9K8MKHMpBZSbA,napa-california,"['Sandwich', 'BBQ']",,,$,38.2724171,-122.4388196,+17079383306,95476,997 Napa Rd,Sonoma,CA,"[{'@type': 'OpeningHoursSpecification', 'dayOfWeek': ['Monday', 'Tuesday'], 'opens': '8:0', 'closes': '13:30'}, {'@type': 'OpeningHoursSpecification', 'dayOfWeek': ['Wednesday', 'Thursday', 'Friday'], 'opens': '8:0', 'closes': '15:30'}, {'@type': 'OpeningHoursSpecification', 'dayOfWeek': 'Saturday', 'opens': '8:0', 'closes': '14:0'}]","{'@type': 'PostalAddress', 'addressLocality': 'Sonoma', 'addressRegion': 'CA', 'postalCode': '95476', 'addressCountry': 'US', 'streetAddress': '997 Napa Rd'}","{'@type': 'GeoCoordinates', 'latitude': 38.2724171, 'longitude': -122.4388196}",{}
Stone Brewing (Napa),https://www.ubereats.com/san-francisco/food-delivery/stone-brewing-napa/qeABW6__RJ6kYEdQcyIQ2g,napa-california,"['Burgers', 'American', 'Sandwiches', 'Family Meals']",4.7,65,$,38.2987166,-122.2828894,+17072522337,94559,930 3rd Street,Napa,CA,"[{'@type': 'OpeningHoursSpecification', 'dayOfWeek': ['Monday', 'Tuesday', 'Wednesday', 'Thursday', 'Friday', 'Saturday', 'Sunday'], 'opens': '11:0', 'closes': '20:30'}]","{'@type': 'PostalAddress', 'addressLocality': 'Napa', 'addressRegion': 'CA', 'postalCode': '94559', 'addressCountry': 'US', 'streetAddress': '930 3rd Street'}","{'@type': 'GeoCoordinates', 'latitude': 38.2987166, 'longitude': -122.2828894}","{'@type': 'AggregateRating', 'ratingValue': 4.7, 'reviewCount': '65'}"
Chipotle Mexican Grill (304 Soscol Ave Ste F),https://www.ubereats.com/san-francisco/food-delivery/chipotle-mexican-grill-304-soscol-ave-ste-f/Evese8iLTp666nhe0KoFmg,napa-california,"['Healthy', 'Mexican']",4.2,39,$,38.28567299999999,-122.2742945,+17072271200,94559,304 Soscol Ave Ste F,Napa,CA,"[{'@type': 'OpeningHoursSpecification', 'dayOfWeek': ['Monday', 'Tuesday', 'Wednesday', 'Thursday', 'Friday', 'Saturday', 'Sunday'], 'opens': '10:45', 'closes': '20:40'}]","{'@type': 'PostalAddress', 'addressLocality': 'Napa', 'addressRegion': 'CA', 'postalCode': '94559', 'addressCountry': 'US', 'streetAddress': '304 Soscol Ave Ste F'}","{'@type': 'GeoCoordinates', 'latitude': 38.28567299999999, 'longitude': -122.2742945}","{'@type': 'AggregateRating', 'ratingValue': 4.2, 'reviewCount': '39'}"
Cream (Napa),https://www.ubereats.com/san-francisco/food-delivery/cream-napa/0sP0aXqbSS6k80-Ih8ORrg,napa-california,"['Ice Cream & Frozen Yogurt', 'Desserts']",,,$,38.281425,-122.2796332,+17072942824,94559,"145 Gasser Drive,Suite C",Napa,California,"[{'@type': 'OpeningHoursSpecification', 'dayOfWeek': ['Sunday', 'Monday', 'Tuesday', 'Wednesday', 'Thursday'], 'opens': '14:0', 'closes': '20:30'}, {'@type': 'OpeningHoursSpecification', 'dayOfWeek': ['Friday', 'Saturday'], 'opens': '14:0', 'closes': '21:30'}]","{'@type': 'PostalAddress', 'addressLocality': 'Napa', 'addressRegion': 'California', 'postalCode': '94559', 'addressCountry': 'US', 'streetAddress': '145 Gasser Drive,Suite C'}","{'@type': 'GeoCoordinates', 'latitude': 38.281425, 'longitude': -122.2796332}",{}
Sizzler,https://www.ubereats.com/san-francisco/food-delivery/sizzler/0b8ZfuoWTTufzxKsazXJ5A,napa-california,"['Steak', 'American', 'Fast Food']",,,$,38.3218732,-122.3030458,+17072551801,94558,1501 Trancas St,Napa,CA,"[{'@type': 'OpeningHoursSpecification', 'dayOfWeek': ['Monday', 'Tuesday', 'Wednesday', 'Thursday', 'Friday', 'Saturday', 'Sunday'], 'opens': '0:0', 'closes': '0:4'}]","{'@type': 'PostalAddress', 'addressLocality': 'Napa', 'addressRegion': 'CA', 'postalCode': '94558', 'addressCountry': 'US', 'streetAddress': '1501 Trancas St'}","{'@type': 'GeoCoordinates', 'latitude': 38.3218732, 'longitude': -122.3030458}",{}
"El Pollo Loco (287 Soscol Ave,3747)",https://www.ubereats.com/san-francisco/food-delivery/el-pollo-loco-287-soscol-ave3747/7IeNmlfrTBiIAr5dRAaZPQ,napa-california,"['Latin American', 'Mexican', 'New American', 'Family Meals']",4.6,30,$,38.2840223,-122.275092,+17072576203,94559,287 Soscol Ave,Napa,CA,"[{'@type': 'OpeningHoursSpecification', 'dayOfWeek': ['Monday', 'Tuesday', 'Wednesday', 'Thursday', 'Friday', 'Saturday', 'Sunday'], 'opens': '10:0', 'closes': '22:30'}]","{'@type': 'PostalAddress', 'addressLocality': 'Napa', 'addressRegion': 'CA', 'postalCode': '94559', 'addressCountry': 'US', 'streetAddress': '287 Soscol Ave'}","{'@type': 'GeoCoordinates', 'latitude': 38.2840223, 'longitude': -122.275092}","{'@type': 'AggregateRating', 'ratingValue': 4.6, 'reviewCount': '30'}"
Mountain Mike's Pizza (4380 Sonoma Blvd),https://www.ubereats.com/san-francisco/food-delivery/mountain-mikes-pizza-4380-sonoma-blvd/9SRCqHXYSxuHCKT1O009ZQ,napa-california,"['American', 'Salads', 'Pizza']",4.3,23,$,38.1368005,-122.2553856,+17075676097,94589,4380 Sonoma Blvd 107,Vallejo,CA,"[{'@type': 'OpeningHoursSpecification', 'dayOfWeek': ['Sunday', 'Monday', 'Tuesday', 'Wednesday', 'Thursday'], 'opens': '11:0', 'closes': '22:0'}, {'@type': 'OpeningHoursSpecification', 'dayOfWeek': ['Friday', 'Saturday'], 'opens': '11:0', 'closes': '23:0'}]","{'@type': 'PostalAddress', 'addressLocality': 'Vallejo', 'addressRegion': 'CA', 'postalCode': '94589', 'addressCountry': 'US', 'streetAddress': '4380 Sonoma Blvd 107'}","{'@type': 'GeoCoordinates', 'latitude': 38.1368005, 'longitude': -122.2553856}","{'@type': 'AggregateRating', 'ratingValue': 4.3, 'reviewCount': '23'}"
Carl's Jr. (1631 W Imola Ave),https://www.ubereats.com/san-francisco/food-delivery/carls-jr-1631-w-imola-ave/WWCGhCivTTKBfPiyc7UjnA,napa-california,"['Fast Food', 'Burgers', 'Salads', 'Burritos', 'American']",4.3,24,$,38.2808985,-122.2925924,+17072244750,94559,1631 W Imola Ave,Napa,CA,"[{'@type': 'OpeningHoursSpecification', 'dayOfWeek': ['Monday', 'Tuesday', 'Wednesday', 'Thursday', 'Friday', 'Saturday', 'Sunday'], 'opens': '7:0', 'closes': '10:30'}, {'@type': 'OpeningHoursSpecification', 'dayOfWeek': ['Monday', 'Tuesday', 'Wednesday', 'Thursday', 'Friday', 'Saturday', 'Sunday'], 'opens': '7:0', 'closes': '21:0'}]","{'@type': 'PostalAddress', 'addressLocality': 'Napa', 'addressRegion': 'CA', 'postalCode': '94559', 'addressCountry': 'US', 'streetAddress': '1631 W Imola Ave'}","{'@type': 'GeoCoordinates', 'latitude': 38.2808985, 'longitude': -122.2925924}","{'@type': 'AggregateRating', 'ratingValue': 4.3, 'reviewCount': '24'}"
Jamba Juice (259 Soscol Ave.),https://www.ubereats.com/san-francisco/food-delivery/jamba-juice-259-soscol-ave/s54-pkkIQD6klUQw9xgVjQ,napa-california,"['Juice Bars', 'American', 'Juice and Smoothies']",4.9,15,$,38.2831754,-122.27538,+17072528702,94559,259 Soscol Ave.,Napa,CA,"[{'@type': 'OpeningHoursSpecification', 'dayOfWeek': ['Monday', 'Tuesday', 'Wednesday', 'Thursday', 'Friday', 'Saturday', 'Sunday'], 'opens': '8:0', 'closes': '19:0'}]","{'@type': 'PostalAddress', 'addressLocality': 'Napa', 'addressRegion': 'CA', 'postalCode': '94559', 'addressCountry': 'US', 'streetAddress': '259 Soscol Ave.'}","{'@type': 'GeoCoordinates', 'latitude': 38.2831754, 'longitude': -122.27538}","{'@type': 'AggregateRating', 'ratingValue': 4.9, 'reviewCount': '15'}"
"The Habit Burger Grill (304 Soscol Ave, Suite D)",https://www.ubereats.com/san-francisco/food-delivery/the-habit-burger-grill-304-soscol-ave-suite-d/Yt_MTu9KRFWJNpQu55XRwA,napa-california,"['American', 'Burgers', 'Fast Food', 'Family Meals']",4.5,50,$,38.285806626373954,-122.2742457199504,+17072249905,,,,,"[{'@type': 'OpeningHoursSpecification', 'dayOfWeek': ['Monday', 'Tuesday', 'Wednesday', 'Thursday', 'Friday', 'Saturday', 'Sunday'], 'opens': '10:30', 'closes': '21:45'}]",,"{'@type': 'GeoCoordinates', 'latitude': 38.285806626373954, 'longitude': -122.2742457199504}","{'@type': 'AggregateRating', 'ratingValue': 4.5, 'reviewCount': '50'}"
KFC (3246 Jefferson St.),https://www.ubereats.com/san-francisco/food-delivery/kfc-3246-jefferson-st/YORMBU2pSheiHxX9KQcHEQ,napa-california,"['American', 'Fast Food', 'wings']",4.2,41,$,38.32070909999999,-122.298859,+12818215218,94558,3246 Jefferson St.,Napa,CA,"[{'@type': 'OpeningHoursSpecification', 'dayOfWeek': ['Monday', 'Tuesday', 'Wednesday', 'Thursday', 'Friday', 'Saturday', 'Sunday'], 'opens': '10:0', 'closes': '21:30'}]","{'@type': 'PostalAddress', 'addressLocality': 'Napa', 'addressRegion': 'CA', 'postalCode': '94558', 'addressCountry': 'US', 'streetAddress': '3246 Jefferson St.'}","{'@type': 'GeoCoordinates', 'latitude': 38.32070909999999, 'longitude': -122.298859}","{'@type': 'AggregateRating', 'ratingValue': 4.2, 'reviewCount': '41'}"
Taqueria Rosita,https://www.ubereats.com/san-francisco/food-delivery/taqueria-rosita/tJ6nq8IRSSilLbBWmCSn2Q,napa-california,"['Mexican', 'Latin American', 'Vegetarian Friendly']",4.6,118,$,38.300896,-122.286687,+17072539208,94559,1214 Main St,Napa,California,"[{'@type': 'OpeningHoursSpecification', 'dayOfWeek': ['Monday', 'Tuesday', 'Wednesday', 'Thursday', 'Friday', 'Saturday'], 'opens': '10:30', 'closes': '20:30'}]","{'@type': 'PostalAddress', 'addressLocality': 'Napa', 'addressRegion': 'California', 'postalCode': '94559', 'addressCountry': 'US', 'streetAddress': '1214 Main St'}","{'@type': 'GeoCoordinates', 'latitude': 38.300896, 'longitude': -122.286687}","{'@type': 'AggregateRating', 'ratingValue': 4.6, 'reviewCount': '118'}"
Taco Bell (3177 Jefferson Street),https://www.ubereats.com/san-francisco/food-delivery/taco-bell-3177-jefferson-street/PIYQ7R5uTxSPdCdYbD_XDA,napa-california,"['Burritos', 'Fast Food', 'Mexican']",4.3,143,$,38.3183157,-122.2989476,+17072540517,94558,3177 Jefferson Street,Napa,CA,"[{'@type': 'OpeningHoursSpecification', 'dayOfWeek': ['Monday', 'Tuesday', 'Wednesday', 'Thursday', 'Friday', 'Saturday', 'Sunday'], 'opens': '14:0', 'closes': '17:0'}, {'@type': 'OpeningHoursSpecification', 'dayOfWeek': ['Monday', 'Tuesday', 'Wednesday', 'Thursday', 'Friday', 'Saturday', 'Sunday'], 'opens': '7:0', 'closes': '23:30'}, {'@type': 'OpeningHoursSpecification', 'dayOfWeek': ['Monday', 'Tuesday', 'Wednesday', 'Thursday', 'Friday', 'Saturday', 'Sunday'], 'opens': '7:0', 'closes': '10:30'}]","{'@type': 'PostalAddress', 'addressLocality': 'Napa', 'addressRegion': 'CA', 'postalCode': '94558', 'addressCountry': 'US', 'streetAddress': '3177 Jefferson Street'}","{'@type': 'GeoCoordinates', 'latitude': 38.3183157, 'longitude': -122.2989476}","{'@type': 'AggregateRating', 'ratingValue': 4.3, 'reviewCount': '143'}"
Panda Express (5075 Main Street),https://www.ubereats.com/san-francisco/food-delivery/panda-express-5075-main-street/r03HwPBqT7uq7mBdM8wvqA,napa-california,"['Chinese', 'Family Meals']",4.7,39,$,38.1809856,-122.2539141,+17076422655,94503,5075 Main Street,American Canyon,CA,"[{'@type': 'OpeningHoursSpecification', 'dayOfWeek': ['Monday', 'Tuesday', 'Wednesday', 'Thursday', 'Friday', 'Saturday', 'Sunday'], 'opens': '10:0', 'closes': '21:0'}]","{'@type': 'PostalAddress', 'addressLocality': 'American Canyon', 'addressRegion': 'CA', 'postalCode': '94503', 'addressCountry': 'US', 'streetAddress': '5075 Main Street'}","{'@type': 'GeoCoordinates', 'latitude': 38.1809856, 'longitude': -122.2539141}","{'@type': 'AggregateRating', 'ratingValue': 4.7, 'reviewCount': '39'}"
Jujus Mediterranean Kitchen,https://www.ubereats.com/san-francisco/food-delivery/jujus-mediterranean-kitchen/UOgBGaXLQiKXBequwiId2A,napa-california,"['Mediterranean', 'Greek', 'Turkish']",4.9,21,$,38.321278,-122.305769,+17072266537,94558,3375 Blvd,Napa,California,"[{'@type': 'OpeningHoursSpecification', 'dayOfWeek': ['Tuesday', 'Wednesday', 'Thursday', 'Friday', 'Saturday'], 'opens': '11:0', 'closes': '14:30'}, {'@type': 'OpeningHoursSpecification', 'dayOfWeek': ['Tuesday', 'Wednesday', 'Thursday', 'Friday', 'Saturday'], 'opens': '17:0', 'closes': '19:30'}]","{'@type': 'PostalAddress', 'addressLocality': 'Napa', 'addressRegion': 'California', 'postalCode': '94558', 'addressCountry': 'US', 'streetAddress': '3375 Blvd'}","{'@type': 'GeoCoordinates', 'latitude': 38.321278, 'longitude': -122.305769}","{'@type': 'AggregateRating', 'ratingValue': 4.9, 'reviewCount': '21'}"
Sweetie Pies,https://www.ubereats.com/san-francisco/food-delivery/sweetie-pies/6tyBK3q_SfmGFs-HIB9K_Q,napa-california,"['Bakery', 'Breakfast and Brunch', 'Cupcakes']",,,$$,38.29631,-122.282803,+17072577280,94559,520 Main St,Napa,California,"[{'@type': 'OpeningHoursSpecification', 'dayOfWeek': 'Sunday', 'opens': '7:0', 'closes': '16:45'}, {'@type': 'OpeningHoursSpecification', 'dayOfWeek': 'Sunday', 'opens': '7:0', 'closes': '12:45'}, {'@type': 'OpeningHoursSpecification', 'dayOfWeek': ['Monday', 'Tuesday', 'Wednesday', 'Thursday'], 'opens': '6:30', 'closes': '16:45'}, {'@type': 'OpeningHoursSpecification', 'dayOfWeek': ['Monday', 'Tuesday', 'Wednesday', 'Thursday'], 'opens': '7:0', 'closes': '10:50'}, {'@type': 'OpeningHoursSpecification', 'dayOfWeek': ['Monday', 'Tuesday', 'Wednesday', 'Thursday'], 'opens': '11:30', 'closes': '13:50'}, {'@type': 'OpeningHoursSpecification', 'dayOfWeek': ['Friday', 'Saturday'], 'opens': '6:30', 'closes': '17:45'}, {'@type': 'OpeningHoursSpecification', 'dayOfWeek': ['Friday', 'Saturday'], 'opens': '7:0', 'closes': '10:50'}, {'@type': 'OpeningHoursSpecification', 'dayOfWeek': ['Friday', 'Saturday'], 'opens': '11:30', 'closes': '13:50'}]","{'@type': 'PostalAddress', 'addressLocality': 'Napa', 'addressRegion': 'California', 'postalCode': '94559', 'addressCountry': 'US', 'streetAddress': '520 Main St'}","{'@type': 'GeoCoordinates', 'latitude': 38.29631, 'longitude': -122.282803}",{}
KFC (295 Soscol Ave),https://www.ubereats.com/san-francisco/food-delivery/kfc-295-soscol-ave/-57yraRGTom1GiZNiNvFvQ,napa-california,"['American', 'Fast Food', 'wings']",4.9,11,$,38.2847466,-122.2752028,+12818559972,94559,295 Soscol Ave,Napa,CA,"[{'@type': 'OpeningHoursSpecification', 'dayOfWeek': ['Monday', 'Tuesday', 'Wednesday', 'Thursday', 'Friday', 'Saturday', 'Sunday'], 'opens': '10:0', 'closes': '21:30'}]","{'@type': 'PostalAddress', 'addressLocality': 'Napa', 'addressRegion': 'CA', 'postalCode': '94559', 'addressCountry': 'US', 'streetAddress': '295 Soscol Ave'}","{'@type': 'GeoCoordinates', 'latitude': 38.2847466, 'longitude': -122.2752028}","{'@type': 'AggregateRating', 'ratingValue': 4.9, 'reviewCount': '11'}"
"Los Cantaros Taqueria - American Canyon, CA",https://www.ubereats.com/san-francisco/food-delivery/los-cantaros-taqueria-american-canyon-ca/VIGCz1bZR4iFUQhOw_NJ6w,napa-california,['Mexican'],4.6,75,$,38.169687,-122.254446,+17075580595,94503,3427 Broadway St,American Canyon,California,"[{'@type': 'OpeningHoursSpecification', 'dayOfWeek': ['Monday', 'Tuesday', 'Wednesday', 'Thursday', 'Friday', 'Saturday', 'Sunday'], 'opens': '11:0', 'closes': '19:0'}]","{'@type': 'PostalAddress', 'addressLocality': 'American Canyon', 'addressRegion': 'California', 'postalCode': '94503', 'addressCountry': 'US', 'streetAddress': '3427 Broadway St'}","{'@type': 'GeoCoordinates', 'latitude': 38.169687, 'longitude': -122.254446}","{'@type': 'AggregateRating', 'ratingValue': 4.6, 'reviewCount': '75'}"
Napkins Bar & Grill,https://www.ubereats.com/san-francisco/food-delivery/napkins-bar-%26-grill/3HOkAmCIRImW3K2EY_LDcQ,napa-california,['American'],,,$$,38.298342,-122.285313,+17079275333,94559,1001 2nd St,Napa,California,"[{'@type': 'OpeningHoursSpecification', 'dayOfWeek': ['Sunday', 'Monday', 'Tuesday', 'Wednesday', 'Thursday'], 'opens': '11:0', 'closes': '15:0'}, {'@type': 'OpeningHoursSpecification', 'dayOfWeek': ['Sunday', 'Monday', 'Tuesday', 'Wednesday', 'Thursday'], 'opens': '15:0', 'closes': '21:0'}, {'@type': 'OpeningHoursSpecification', 'dayOfWeek': 'Friday', 'opens': '11:0', 'closes': '15:0'}, {'@type': 'OpeningHoursSpecification', 'dayOfWeek': 'Saturday', 'opens': '11:0', 'closes': '15:0'}, {'@type': 'OpeningHoursSpecification', 'dayOfWeek': 'Saturday', 'opens': '15:0', 'closes': '21:0'}]","{'@type': 'PostalAddress', 'addressLocality': 'Napa', 'addressRegion': 'California', 'postalCode': '94559', 'addressCountry': 'US', 'streetAddress': '1001 2nd St'}","{'@type': 'GeoCoordinates', 'latitude': 38.298342, 'longitude': -122.285313}",{}
Dunkin' (410 Napa Junction Rd Suite 100),https://www.ubereats.com/san-francisco/food-delivery/dunkin-410-napa-junction-rd-suite-100/2jlxyoJdR1Ka0Co9j8eMQg,napa-california,"['Breakfast and Brunch', 'Donuts']",4.4,56,$,38.18533300000001,-122.2535575,+17073200685,94503,410 Napa Junction Rd,American Canyon,CA,"[{'@type': 'OpeningHoursSpecification', 'dayOfWeek': ['Monday', 'Tuesday', 'Wednesday', 'Thursday', 'Friday', 'Saturday', 'Sunday'], 'opens': '5:0', 'closes': '20:0'}]","{'@type': 'PostalAddress', 'addressLocality': 'American Canyon', 'addressRegion': 'CA', 'postalCode': '94503', 'addressCountry': 'US', 'streetAddress': '410 Napa Junction Rd'}","{'@type': 'GeoCoordinates', 'latitude': 38.18533300000001, 'longitude': -122.2535575}","{'@type': 'AggregateRating', 'ratingValue': 4.4, 'reviewCount': '56'}"
Denny's (1000 Imola Ave),https://www.ubereats.com/san-francisco/food-delivery/dennys-1000-imola-ave/km_INMiJQ3CJoOPB9y3PfQ,napa-california,"['American', 'Breakfast and Brunch', 'Coffee and Tea', 'Dinner', 'Desserts', 'Salads', 'Steak', 'Sandwich']",,,$$,38.280618,-122.273408,+17072242600,94559,1000 Imola Ave,Napa,CA,"[{'@type': 'OpeningHoursSpecification', 'dayOfWeek': 'Sunday', 'opens': '7:0', 'closes': '22:0'}, {'@type': 'OpeningHoursSpecification', 'dayOfWeek': ['Monday', 'Tuesday', 'Wednesday', 'Thursday'], 'opens': '7:0', 'closes': '20:0'}, {'@type': 'OpeningHoursSpecification', 'dayOfWeek': ['Friday', 'Saturday'], 'opens': '7:0', 'closes': '22:0'}]","{'@type': 'PostalAddress', 'addressLocality': 'Napa', 'addressRegion': 'CA', 'postalCode': '94559', 'addressCountry': 'US', 'streetAddress': '1000 Imola Ave'}","{'@type': 'GeoCoordinates', 'latitude': 38.280618, 'longitude': -122.273408}",{}
Subway (1317 First St),https://www.ubereats.com/san-francisco/food-delivery/subway-1317-first-st/uGWTMOAaR_SIxuyFAj2-Ww,napa-california,"['Fast Food', 'Sandwich', 'American']",,,$,38.297693,-122.288135,+17072539536,94559,1317 First St,Napa,CA,"[{'@type': 'OpeningHoursSpecification', 'dayOfWeek': 'Sunday', 'opens': '9:0', 'closes': '21:0'}, {'@type': 'OpeningHoursSpecification', 'dayOfWeek': ['Monday', 'Tuesday', 'Wednesday', 'Thursday', 'Friday'], 'opens': '7:0', 'closes': '21:30'}, {'@type': 'OpeningHoursSpecification', 'dayOfWeek': 'Saturday', 'opens': '8:0', 'closes': '21:30'}]","{'@type': 'PostalAddress', 'addressLocality': 'Napa', 'addressRegion': 'CA', 'postalCode': '94559', 'addressCountry': 'US', 'streetAddress': '1317 First St'}","{'@type': 'GeoCoordinates', 'latitude': 38.297693, 'longitude': -122.288135}",{}
Subway (3214 Jefferson St),https://www.ubereats.com/san-francisco/food-delivery/subway-3214-jefferson-st/F-QV8sRySFm_rGskC86nWQ,napa-california,"['Fast Food', 'Sandwich', 'American']",,,$,38.319444,-122.29817,+17072538476,94558,3214 Jefferson St,Napa,CA,"[{'@type': 'OpeningHoursSpecification', 'dayOfWeek': 'Sunday', 'opens': '10:0', 'closes': '15:30'}, {'@type': 'OpeningHoursSpecification', 'dayOfWeek': ['Monday', 'Tuesday', 'Wednesday', 'Thursday', 'Friday'], 'opens': '10:0', 'closes': '17:30'}, {'@type': 'OpeningHoursSpecification', 'dayOfWeek': 'Saturday', 'opens': '10:0', 'closes': '15:30'}]","{'@type': 'PostalAddress', 'addressLocality': 'Napa', 'addressRegion': 'CA', 'postalCode': '94558', 'addressCountry': 'US', 'streetAddress': '3214 Jefferson St'}","{'@type': 'GeoCoordinates', 'latitude': 38.319444, 'longitude': -122.29817}",{}
The Food Mill,https://www.ubereats.com/san-francisco/food-delivery/the-food-mill/5k4qYRl3TXOjfPQgF2vKbA,napa-california,"['American', 'Sandwich', 'Pizza']",4.6,11,,38.325038,-122.290085,+17072563663,94558,704 Trancas St,Napa,CA,"[{'@type': 'OpeningHoursSpecification', 'dayOfWeek': 'Sunday', 'opens': '12:0', 'closes': '14:0'}, {'@type': 'OpeningHoursSpecification', 'dayOfWeek': 'Sunday', 'opens': '17:0', 'closes': '20:0'}, {'@type': 'OpeningHoursSpecification', 'dayOfWeek': ['Monday', 'Tuesday', 'Wednesday', 'Thursday'], 'opens': '11:0', 'closes': '15:0'}, {'@type': 'OpeningHoursSpecification', 'dayOfWeek': ['Monday', 'Tuesday', 'Wednesday', 'Thursday'], 'opens': '17:0', 'closes': '21:0'}, {'@type': 'OpeningHoursSpecification', 'dayOfWeek': ['Friday', 'Saturday'], 'opens': '11:0', 'closes': '15:0'}, {'@type': 'OpeningHoursSpecification', 'dayOfWeek': ['Friday', 'Saturday'], 'opens': '17:0', 'closes': '21:0'}, {'@type': 'OpeningHoursSpecification', 'dayOfWeek': ['Friday', 'Saturday'], 'opens': '17:0', 'closes': '21:30'}]","{'@type': 'PostalAddress', 'addressLocality': 'Napa', 'addressRegion': 'CA', 'postalCode': '94558', 'addressCountry': 'US', 'streetAddress': '704 Trancas St'}","{'@type': 'GeoCoordinates', 'latitude': 38.325038, 'longitude': -122.290085}","{'@type': 'AggregateRating', 'ratingValue': 4.6, 'reviewCount': '11'}"
Eiko's Inc,https://www.ubereats.com/san-francisco/food-delivery/eikos-inc/rNGRcCXdSUGp20Bk9du8qQ,napa-california,"['Sushi', 'Asian', 'Japanese']",,,$,38.2980499,-122.2880627,,94559,1300 1st St Ste 385,Napa,CA,"[{'@type': 'OpeningHoursSpecification', 'dayOfWeek': ['Monday', 'Tuesday', 'Wednesday', 'Thursday', 'Friday', 'Saturday', 'Sunday'], 'opens': '11:30', 'closes': '13:45'}, {'@type': 'OpeningHoursSpecification', 'dayOfWeek': ['Monday', 'Tuesday', 'Wednesday', 'Thursday', 'Friday', 'Saturday', 'Sunday'], 'opens': '16:0', 'closes': '19:30'}]","{'@type': 'PostalAddress', 'addressLocality': 'Napa', 'addressRegion': 'CA', 'postalCode': '94559', 'addressCountry': 'US', 'streetAddress': '1300 1st St Ste 385'}","{'@type': 'GeoCoordinates', 'latitude': 38.2980499, 'longitude': -122.2880627}",{}
Downtown Joe's Brewery and Restaurant,https://www.ubereats.com/san-francisco/food-delivery/downtown-joes-brewery-and-restaurant/Wb3LKPQ2SLajSNUAxtqYhw,napa-california,"['Soul Food', 'American', 'Burgers']",4.6,17,$,38.298733,-122.284839,+17072582337,94559,902 Main St,Napa,CA,"[{'@type': 'OpeningHoursSpecification', 'dayOfWeek': 'Sunday', 'opens': '11:29', 'closes': '19:35'}, {'@type': 'OpeningHoursSpecification', 'dayOfWeek': 'Sunday', 'opens': '10:30', 'closes': '14:0'}, {'@type': 'OpeningHoursSpecification', 'dayOfWeek': 'Sunday', 'opens': '11:30', 'closes': '14:0'}, {'@type': 'OpeningHoursSpecification', 'dayOfWeek': ['Monday', 'Tuesday', 'Wednesday', 'Thursday', 'Friday'], 'opens': '11:29', 'closes': '19:35'}, {'@type': 'OpeningHoursSpecification', 'dayOfWeek': 'Saturday', 'opens': '11:29', 'closes': '19:35'}, {'@type': 'OpeningHoursSpecification', 'dayOfWeek': 'Saturday', 'opens': '10:30', 'closes': '14:0'}, {'@type': 'OpeningHoursSpecification', 'dayOfWeek': 'Saturday', 'opens': '11:30', 'closes': '14:0'}]","{'@type': 'PostalAddress', 'addressLocality': 'Napa', 'addressRegion': 'CA', 'postalCode': '94559', 'addressCountry': 'US', 'streetAddress': '902 Main St'}","{'@type': 'GeoCoordinates', 'latitude': 38.298733, 'longitude': -122.284839}","{'@type': 'AggregateRating', 'ratingValue': 4.6, 'reviewCount': '17'}"
North Napa BBQ,https://www.ubereats.com/san-francisco/food-delivery/north-napa-bbq/iT8MGuLtQEeNxqJO9jYghg,napa-california,"['BBQ', 'American', 'Burgers']",4.7,47,$,38.3337379,-122.3187169,+17072532859,94558,4084 Byway E,Napa,CA,"[{'@type': 'OpeningHoursSpecification', 'dayOfWeek': ['Monday', 'Tuesday', 'Wednesday', 'Thursday', 'Friday', 'Saturday', 'Sunday'], 'opens': '11:0', 'closes': '20:0'}]","{'@type': 'PostalAddress', 'addressLocality': 'Napa', 'addressRegion': 'CA', 'postalCode': '94558', 'addressCountry': 'US', 'streetAddress': '4084 Byway E'}","{'@type': 'GeoCoordinates', 'latitude': 38.3337379, 'longitude': -122.3187169}","{'@type': 'AggregateRating', 'ratingValue': 4.7, 'reviewCount': '47'}"
Parry's Pizzaria & Restaurant,https://www.ubereats.com/san-francisco/food-delivery/parrys-pizzaria-%26-restaurant/b8VGzUGSQc2V_ryAIFCV6g,napa-california,"['Pizza', 'American', 'Italian', 'Family Meals']",,,$,38.1651091,-122.2496701,+17075544603,,,,,"[{'@type': 'OpeningHoursSpecification', 'dayOfWeek': ['Monday', 'Tuesday', 'Wednesday', 'Thursday', 'Friday', 'Saturday', 'Sunday'], 'opens': '10:0', 'closes': '20:30'}]",,"{'@type': 'GeoCoordinates', 'latitude': 38.1651091, 'longitude': -122.2496701}",{}
Heritage Eats,https://www.ubereats.com/san-francisco/food-delivery/heritage-eats/WXJdUo18R0KfBPPJiQnb8w,napa-california,"['Mexican', 'Asian Fusion']",4.7,109,$,38.323852,-122.30713,+17072263287,94558,3824 Bel Aire Plaza,Napa,California,"[{'@type': 'OpeningHoursSpecification', 'dayOfWeek': ['Monday', 'Tuesday', 'Wednesday', 'Thursday', 'Friday', 'Saturday', 'Sunday'], 'opens': '10:0', 'closes': '19:30'}]","{'@type': 'PostalAddress', 'addressLocality': 'Napa', 'addressRegion': 'California', 'postalCode': '94558', 'addressCountry': 'US', 'streetAddress': '3824 Bel Aire Plaza'}","{'@type': 'GeoCoordinates', 'latitude': 38.323852, 'longitude': -122.30713}","{'@type': 'AggregateRating', 'ratingValue': 4.7, 'reviewCount': '109'}"
Panera (1725 Trancas Street),https://www.ubereats.com/san-francisco/food-delivery/panera-1725-trancas-street/HOl7vrguQcmGNZ7F_DBJMQ,napa-california,"['Breakfast and Brunch', 'salad', 'Sandwich', 'Family Meals']",4.5,37,$,38.3205548,-122.3066326,+17072523230,94558,1725 Trancas Street,Napa,CA,"[{'@type': 'OpeningHoursSpecification', 'dayOfWeek': ['Monday', 'Tuesday', 'Wednesday', 'Thursday', 'Friday', 'Saturday', 'Sunday'], 'opens': '7:0', 'closes': '19:30'}]","{'@type': 'PostalAddress', 'addressLocality': 'Napa', 'addressRegion': 'CA', 'postalCode': '94558', 'addressCountry': 'US', 'streetAddress': '1725 Trancas Street'}","{'@type': 'GeoCoordinates', 'latitude': 38.3205548, 'longitude': -122.3066326}","{'@type': 'AggregateRating', 'ratingValue': 4.5, 'reviewCount': '37'}"
Applebee's (195 Soscol Ave.) #97024,https://www.ubereats.com/san-francisco/food-delivery/applebees-195-soscol-ave-%2397024/A0QhEF6CT76woxFWROSExA,napa-california,"['American', 'Bar Food', 'BBQ', 'burger', 'Chicken Strips', 'Comfort Food', 'Dinner', 'pasta', 'salad', 'Sandwich', 'Soup', 'Steak', 'Traditional American', 'wings', 'Family Meals']",4.3,65,$$,38.2821801,-122.2748262,+17072240502,94559,195 Soscol Ave,Napa,CA,"[{'@type': 'OpeningHoursSpecification', 'dayOfWeek': ['Sunday', 'Monday', 'Tuesday', 'Wednesday', 'Thursday'], 'opens': '11:0', 'closes': '21:30'}, {'@type': 'OpeningHoursSpecification', 'dayOfWeek': ['Friday', 'Saturday'], 'opens': '11:0', 'closes': '22:30'}]","{'@type': 'PostalAddress', 'addressLocality': 'Napa', 'addressRegion': 'CA', 'postalCode': '94559', 'addressCountry': 'US', 'streetAddress': '195 Soscol Ave'}","{'@type': 'GeoCoordinates', 'latitude': 38.2821801, 'longitude': -122.2748262}","{'@type': 'AggregateRating', 'ratingValue': 4.3, 'reviewCount': '65'}"
Jack in the Box (4362) 850 W. Imola Ave.,https://www.ubereats.com/san-francisco/food-delivery/jack-in-the-box-4362-850-w-imola-ave/BXesmp3qSK6nwtU-h8RqMw,napa-california,"['American', 'burger', 'Fast Food']",4.2,51,$,38.2812685,-122.2782155,+17072523244,94559,850 W. Imola Ave.,Napa,CA,"[{'@type': 'OpeningHoursSpecification', 'dayOfWeek': ['Monday', 'Tuesday', 'Wednesday', 'Thursday', 'Friday', 'Saturday', 'Sunday'], 'opens': '0:0', 'closes': '23:59'}]","{'@type': 'PostalAddress', 'addressLocality': 'Napa', 'addressRegion': 'CA', 'postalCode': '94559', 'addressCountry': 'US', 'streetAddress': '850 W. Imola Ave.'}","{'@type': 'GeoCoordinates', 'latitude': 38.2812685, 'longitude': -122.2782155}","{'@type': 'AggregateRating', 'ratingValue': 4.2, 'reviewCount': '51'}"
Dickey’s BBQ Pit (1335 W. Imola Ave),https://www.ubereats.com/san-francisco/food-delivery/dickeys-bbq-pit-1335-w-imola-ave/sPflip1TReuv9tk39XtQPw,napa-california,"['BBQ', 'American', 'Wings', 'Sandwich', 'Family Meals']",4.3,92,$$,38.2808143,-122.2896772,+17073202557,94559,1335 W. Imola Ave,Napa,CA,"[{'@type': 'OpeningHoursSpecification', 'dayOfWeek': ['Monday', 'Tuesday', 'Wednesday', 'Thursday', 'Friday', 'Saturday', 'Sunday'], 'opens': '11:0', 'closes': '21:0'}]","{'@type': 'PostalAddress', 'addressLocality': 'Napa', 'addressRegion': 'CA', 'postalCode': '94559', 'addressCountry': 'US', 'streetAddress': '1335 W. Imola Ave'}","{'@type': 'GeoCoordinates', 'latitude': 38.2808143, 'longitude': -122.2896772}","{'@type': 'AggregateRating', 'ratingValue': 4.3, 'reviewCount': '92'}"
Jamba Juice (623 Trancas St.),https://www.ubereats.com/san-francisco/food-delivery/jamba-juice-623-trancas-st/aRBrhSEZSWq_ECj-SwW7Rg,napa-california,"['Juice Bars', 'Healthy', 'Juice and Smoothies']",4.2,17,$,38.3242153,-122.2865291,+17072563803,94558,623 Trancas St.,Napa,CA,"[{'@type': 'OpeningHoursSpecification', 'dayOfWeek': ['Monday', 'Tuesday', 'Wednesday', 'Thursday', 'Friday', 'Saturday', 'Sunday'], 'opens': '8:0', 'closes': '19:0'}]","{'@type': 'PostalAddress', 'addressLocality': 'Napa', 'addressRegion': 'CA', 'postalCode': '94558', 'addressCountry': 'US', 'streetAddress': '623 Trancas St.'}","{'@type': 'GeoCoordinates', 'latitude': 38.3242153, 'longitude': -122.2865291}","{'@type': 'AggregateRating', 'ratingValue': 4.2, 'reviewCount': '17'}"
MOD Pizza (Napa South),https://www.ubereats.com/san-francisco/food-delivery/mod-pizza-napa-south/wtfsejzuSj-PkUWydoNEqw,napa-california,"['Pizza', 'Desserts', 'Salads', 'American', 'Healthy', 'Vegetarian Friendly', 'Kids Friendly']",4.5,85,$,38.2868268,-122.2739352,+17073466758,94559,304 Soscol Ave,Napa,CA,"[{'@type': 'OpeningHoursSpecification', 'dayOfWeek': ['Monday', 'Tuesday', 'Wednesday', 'Thursday', 'Friday', 'Saturday', 'Sunday'], 'opens': '10:30', 'closes': '21:40'}]","{'@type': 'PostalAddress', 'addressLocality': 'Napa', 'addressRegion': 'CA', 'postalCode': '94559', 'addressCountry': 'US', 'streetAddress': '304 Soscol Ave'}","{'@type': 'GeoCoordinates', 'latitude': 38.2868268, 'longitude': -122.2739352}","{'@type': 'AggregateRating', 'ratingValue': 4.5, 'reviewCount': '85'}"
Eiko's Oxbow - Napa,https://www.ubereats.com/san-francisco/food-delivery/eikos-oxbow-napa/R-MXF8qHTXGIU2BNPWi69w,napa-california,"['Japanese', 'Asian', 'Sushi']",,,$,38.301602,-122.2815194,+17075157026,94559,610 1st Street  Ste 3,Napa,CA,"[{'@type': 'OpeningHoursSpecification', 'dayOfWeek': 'Sunday', 'opens': '11:0', 'closes': '17:30'}, {'@type': 'OpeningHoursSpecification', 'dayOfWeek': ['Wednesday', 'Thursday', 'Friday', 'Saturday'], 'opens': '11:0', 'closes': '17:30'}]","{'@type': 'PostalAddress', 'addressLocality': 'Napa', 'addressRegion': 'CA', 'postalCode': '94559', 'addressCountry': 'US', 'streetAddress': '610 1st Street  Ste 3'}","{'@type': 'GeoCoordinates', 'latitude': 38.301602, 'longitude': -122.2815194}",{}
"The Habit Burger Grill (1735 Trancas Street, Suite D)",https://www.ubereats.com/san-francisco/food-delivery/the-habit-burger-grill-1735-trancas-street-suite-d/6e0DVca_S3GHEfjs_fZuSg,napa-california,"['American', 'Burgers', 'Family Meals']",4.5,68,$,38.32109839809886,-122.30678911642505,+17072518137,,,,,"[{'@type': 'OpeningHoursSpecification', 'dayOfWeek': ['Sunday', 'Monday', 'Tuesday', 'Wednesday', 'Thursday'], 'opens': '10:30', 'closes': '21:45'}, {'@type': 'OpeningHoursSpecification', 'dayOfWeek': ['Friday', 'Saturday'], 'opens': '10:30', 'closes': '22:45'}]",,"{'@type': 'GeoCoordinates', 'latitude': 38.32109839809886, 'longitude': -122.30678911642505}","{'@type': 'AggregateRating', 'ratingValue': 4.5, 'reviewCount': '68'}"
Dragon Valley,https://www.ubereats.com/san-francisco/food-delivery/dragon-valley/dj-hluhQQ7CznHen0oTzsg,napa-california,"['Chinese: Other', 'Asian', 'Asian Fusion']",4.5,86,$$,38.3215979,-122.3051045,+17072582888,,,,,"[{'@type': 'OpeningHoursSpecification', 'dayOfWeek': 'Sunday', 'opens': '11:0', 'closes': '14:45'}, {'@type': 'OpeningHoursSpecification', 'dayOfWeek': 'Sunday', 'opens': '16:0', 'closes': '20:30'}, {'@type': 'OpeningHoursSpecification', 'dayOfWeek': ['Monday', 'Tuesday', 'Wednesday', 'Thursday', 'Friday'], 'opens': '11:0', 'closes': '14:45'}, {'@type': 'OpeningHoursSpecification', 'dayOfWeek': ['Monday', 'Tuesday', 'Wednesday', 'Thursday', 'Friday'], 'opens': '16:0', 'closes': '20:30'}, {'@type': 'OpeningHoursSpecification', 'dayOfWeek': ['Monday', 'Tuesday', 'Wednesday', 'Thursday', 'Friday'], 'opens': '11:0', 'closes': '15:0'}, {'@type': 'OpeningHoursSpecification', 'dayOfWeek': 'Saturday', 'opens': '11:0', 'closes': '14:45'}, {'@type': 'OpeningHoursSpecification', 'dayOfWeek': 'Saturday', 'opens': '16:0', 'closes': '20:30'}]",,"{'@type': 'GeoCoordinates', 'latitude': 38.3215979, 'longitude': -122.3051045}","{'@type': 'AggregateRating', 'ratingValue': 4.5, 'reviewCount': '86'}"
Panda Express (255 Soscol Ave.),https://www.ubereats.com/san-francisco/food-delivery/panda-express-255-soscol-ave/Z4G9PM_rQ82h23HbveeS2g,napa-california,"['Chinese', 'Family Meals']",4.6,152,$,38.2833816,-122.2750698,+17072580202,94559,255 Soscol Ave.,Napa,CA,"[{'@type': 'OpeningHoursSpecification', 'dayOfWeek': ['Sunday', 'Monday', 'Tuesday', 'Wednesday', 'Thursday'], 'opens': '10:0', 'closes': '21:30'}, {'@type': 'OpeningHoursSpecification', 'dayOfWeek': ['Friday', 'Saturday'], 'opens': '10:0', 'closes': '22:0'}]","{'@type': 'PostalAddress', 'addressLocality': 'Napa', 'addressRegion': 'CA', 'postalCode': '94559', 'addressCountry': 'US', 'streetAddress': '255 Soscol Ave.'}","{'@type': 'GeoCoordinates', 'latitude': 38.2833816, 'longitude': -122.2750698}","{'@type': 'AggregateRating', 'ratingValue': 4.6, 'reviewCount': '152'}"
Sonic (6055 Main Street),https://www.ubereats.com/san-francisco/food-delivery/sonic-6055-main-street/UL4h5VW3Q_GhD14-8wem1Q,napa-california,"['American', 'Burgers', 'Breakfast and Brunch', 'Fast Food']",4.1,54,$$,38.1815504,-122.2543621,+17076426081,94503,6055 Main Street,American Canyon,CA,"[{'@type': 'OpeningHoursSpecification', 'dayOfWeek': ['Monday', 'Tuesday', 'Wednesday', 'Thursday', 'Friday', 'Saturday', 'Sunday'], 'opens': '8:0', 'closes': '23:0'}]","{'@type': 'PostalAddress', 'addressLocality': 'American Canyon', 'addressRegion': 'CA', 'postalCode': '94503', 'addressCountry': 'US', 'streetAddress': '6055 Main Street'}","{'@type': 'GeoCoordinates', 'latitude': 38.1815504, 'longitude': -122.2543621}","{'@type': 'AggregateRating', 'ratingValue': 4.1, 'reviewCount': '54'}"
Subway (1629 W Imola Ave),https://www.ubereats.com/san-francisco/food-delivery/subway-1629-w-imola-ave/lsg7VHnsRQqGNqIV9kCNfw,napa-california,"['Fast Food', 'Sandwich', 'American']",,,$,38.280994,-122.292433,+17072268515,94559,1629 W Imola Ave,Napa,CA,"[{'@type': 'OpeningHoursSpecification', 'dayOfWeek': 'Sunday', 'opens': '10:0', 'closes': '19:30'}, {'@type': 'OpeningHoursSpecification', 'dayOfWeek': ['Monday', 'Tuesday', 'Wednesday', 'Thursday', 'Friday'], 'opens': '8:0', 'closes': '20:0'}, {'@type': 'OpeningHoursSpecification', 'dayOfWeek': 'Saturday', 'opens': '10:0', 'closes': '20:0'}]","{'@type': 'PostalAddress', 'addressLocality': 'Napa', 'addressRegion': 'CA', 'postalCode': '94559', 'addressCountry': 'US', 'streetAddress': '1629 W Imola Ave'}","{'@type': 'GeoCoordinates', 'latitude': 38.280994, 'longitude': -122.292433}",{}
Jack in the Box (1641 Trancas Street),https://www.ubereats.com/san-francisco/food-delivery/jack-in-the-box-1641-trancas-street/b_AAPOTnQey7O0Y0gRJU6Q,napa-california,"['American', 'burger', 'Fast Food']",4.4,78,$,38.3216991,-122.3045951,+17072527015,94558,1641 Trancas Street,Napa,CA,"[{'@type': 'OpeningHoursSpecification', 'dayOfWeek': ['Monday', 'Tuesday', 'Wednesday', 'Thursday', 'Friday', 'Saturday', 'Sunday'], 'opens': '0:0', 'closes': '23:59'}]","{'@type': 'PostalAddress', 'addressLocality': 'Napa', 'addressRegion': 'CA', 'postalCode': '94558', 'addressCountry': 'US', 'streetAddress': '1641 Trancas Street'}","{'@type': 'GeoCoordinates', 'latitude': 38.3216991, 'longitude': -122.3045951}","{'@type': 'AggregateRating', 'ratingValue': 4.4, 'reviewCount': '78'}"
Arby's (4445 Central Place),https://www.ubereats.com/san-francisco/food-delivery/arbys-4445-central-place/-5tFGq7FSpaXb3p7UdoXhQ,napa-california,"['American', 'Sandwich', 'Desserts', 'Fast Food', 'Kids Friendly']",,,$,38.2210506,-122.1257231,+17078630890,94534,4445 Central Place,Fairfield,CA,"[{'@type': 'OpeningHoursSpecification', 'dayOfWeek': ['Monday', 'Tuesday', 'Wednesday', 'Thursday', 'Friday', 'Saturday', 'Sunday'], 'opens': '10:0', 'closes': '21:0'}]","{'@type': 'PostalAddress', 'addressLocality': 'Fairfield', 'addressRegion': 'CA', 'postalCode': '94534', 'addressCountry': 'US', 'streetAddress': '4445 Central Place'}","{'@type': 'GeoCoordinates', 'latitude': 38.2210506, 'longitude': -122.1257231}",{}
Subway (710 Lincoln Ave),https://www.ubereats.com/san-francisco/food-delivery/subway-710-lincoln-ave/n0X5ra0wTo-T98BhEovl0A,napa-california,"['Fast Food', 'Sandwich', 'American']",3.8,10,$,38.310621,-122.285879,+17072539404,94559,710 Lincoln Ave,Napa,CA,"[{'@type': 'OpeningHoursSpecification', 'dayOfWeek': 'Sunday', 'opens': '11:0', 'closes': '19:30'}, {'@type': 'OpeningHoursSpecification', 'dayOfWeek': ['Monday', 'Tuesday', 'Wednesday', 'Thursday', 'Friday'], 'opens': '9:0', 'closes': '20:0'}, {'@type': 'OpeningHoursSpecification', 'dayOfWeek': 'Saturday', 'opens': '10:0', 'closes': '20:0'}]","{'@type': 'PostalAddress', 'addressLocality': 'Napa', 'addressRegion': 'CA', 'postalCode': '94559', 'addressCountry': 'US', 'streetAddress': '710 Lincoln Ave'}","{'@type': 'GeoCoordinates', 'latitude': 38.310621, 'longitude': -122.285879}","{'@type': 'AggregateRating', 'ratingValue': 3.8, 'reviewCount': '10'}"
Nation's Giant Hamburgers (Napa),https://www.ubereats.com/san-francisco/food-delivery/nations-giant-hamburgers-napa/XH1RDd5jTyOQ5cq-S34gWQ,napa-california,"['American', 'Burgers', 'Breakfast and Brunch', 'Desserts']",4.4,87,$,38.2957832,-122.2880671,+17072528500,94559,1441 3rd St,Napa,California,"[{'@type': 'OpeningHoursSpecification', 'dayOfWeek': ['Sunday', 'Monday', 'Tuesday', 'Wednesday', 'Thursday'], 'opens': '7:0', 'closes': '23:0'}, {'@type': 'OpeningHoursSpecification', 'dayOfWeek': ['Friday', 'Saturday'], 'opens': '7:0', 'closes': '1:0'}]","{'@type': 'PostalAddress', 'addressLocality': 'Napa', 'addressRegion': 'California', 'postalCode': '94559', 'addressCountry': 'US', 'streetAddress': '1441 3rd St'}","{'@type': 'GeoCoordinates', 'latitude': 38.2957832, 'longitude': -122.2880671}","{'@type': 'AggregateRating', 'ratingValue': 4.4, 'reviewCount': '87'}"
Pizza Guys (Napa),https://www.ubereats.com/san-francisco/food-delivery/pizza-guys-napa/mXXcYGPlTB2shiuv6piYzg,napa-california,['Pizza'],4.6,36,$$,38.315852,-122.297626,+17072515555,94558,3000 Jefferson St,Napa,California,"[{'@type': 'OpeningHoursSpecification', 'dayOfWeek': ['Monday', 'Tuesday', 'Wednesday', 'Thursday', 'Friday', 'Saturday', 'Sunday'], 'opens': '10:0', 'closes': '23:0'}]","{'@type': 'PostalAddress', 'addressLocality': 'Napa', 'addressRegion': 'California', 'postalCode': '94558', 'addressCountry': 'US', 'streetAddress': '3000 Jefferson St'}","{'@type': 'GeoCoordinates', 'latitude': 38.315852, 'longitude': -122.297626}","{'@type': 'AggregateRating', 'ratingValue': 4.6, 'reviewCount': '36'}"
Starbucks (Trancas & Jefferson Napa),https://www.ubereats.com/san-francisco/food-delivery/starbucks-trancas-%26-jefferson-napa/MJ80yn53RhCBPrRY62RVyA,napa-california,"['Cafe', 'Coffee & Tea', 'Breakfast and Brunch', 'Bakery']",4.7,152,$,38.323135,-122.301926,+17072538552,94558,1340 Trancas Street,Napa,CA,"[{'@type': 'OpeningHoursSpecification', 'dayOfWeek': 'Sunday', 'opens': '4:30', 'closes': '19:0'}, {'@type': 'OpeningHoursSpecification', 'dayOfWeek': ['Monday', 'Tuesday', 'Wednesday', 'Thursday', 'Friday', 'Saturday'], 'opens': '4:30', 'closes': '20:0'}]","{'@type': 'PostalAddress', 'addressLocality': 'Napa', 'addressRegion': 'CA', 'postalCode': '94558', 'addressCountry': 'US', 'streetAddress': '1340 Trancas Street'}","{'@type': 'GeoCoordinates', 'latitude': 38.323135, 'longitude': -122.301926}","{'@type': 'AggregateRating', 'ratingValue': 4.7, 'reviewCount': '152'}"
Starbucks (Silverado Plaza - Napa),https://www.ubereats.com/san-francisco/food-delivery/starbucks-silverado-plaza-napa/h1yJhy2JSm2xO-_ftW72cg,napa-california,"['Cafe', 'Coffee & Tea', 'Breakfast and Brunch', 'Bakery']",4.5,60,$,38.323882,-122.2871456,+17072263654,94558,663 Trancas Street,Napa,CA,"[{'@type': 'OpeningHoursSpecification', 'dayOfWeek': 'Sunday', 'opens': '5:0', 'closes': '19:0'}, {'@type': 'OpeningHoursSpecification', 'dayOfWeek': ['Monday', 'Tuesday', 'Wednesday', 'Thursday', 'Friday'], 'opens': '4:30', 'closes': '19:0'}, {'@type': 'OpeningHoursSpecification', 'dayOfWeek': 'Saturday', 'opens': '5:0', 'closes': '19:0'}]","{'@type': 'PostalAddress', 'addressLocality': 'Napa', 'addressRegion': 'CA', 'postalCode': '94558', 'addressCountry': 'US', 'streetAddress': '663 Trancas Street'}","{'@type': 'GeoCoordinates', 'latitude': 38.323882, 'longitude': -122.2871456}","{'@type': 'AggregateRating', 'ratingValue': 4.5, 'reviewCount': '60'}"
Taco Bell (155 Soscol Ave),https://www.ubereats.com/san-francisco/food-delivery/taco-bell-155-soscol-ave/Hts_M3ZcROa_7-HTQQE-5w,napa-california,"['Burritos', 'Fast Food', 'Mexican']",4.3,63,$,38.2814187,-122.2747154,+17072572700,94559,155 Soscol Ave,Napa,CA,"[{'@type': 'OpeningHoursSpecification', 'dayOfWeek': ['Sunday', 'Monday', 'Tuesday', 'Wednesday', 'Thursday'], 'opens': '14:0', 'closes': '17:0'}, {'@type': 'OpeningHoursSpecification', 'dayOfWeek': ['Sunday', 'Monday', 'Tuesday', 'Wednesday', 'Thursday'], 'opens': '7:0', 'closes': '2:30'}, {'@type': 'OpeningHoursSpecification', 'dayOfWeek': ['Sunday', 'Monday', 'Tuesday', 'Wednesday', 'Thursday'], 'opens': '7:0', 'closes': '10:30'}, {'@type': 'OpeningHoursSpecification', 'dayOfWeek': ['Friday', 'Saturday'], 'opens': '14:0', 'closes': '17:0'}, {'@type': 'OpeningHoursSpecification', 'dayOfWeek': ['Friday', 'Saturday'], 'opens': '7:0', 'closes': '10:30'}, {'@type': 'OpeningHoursSpecification', 'dayOfWeek': ['Friday', 'Saturday'], 'opens': '7:0', 'closes': '3:30'}]","{'@type': 'PostalAddress', 'addressLocality': 'Napa', 'addressRegion': 'CA', 'postalCode': '94559', 'addressCountry': 'US', 'streetAddress': '155 Soscol Ave'}","{'@type': 'GeoCoordinates', 'latitude': 38.2814187, 'longitude': -122.2747154}","{'@type': 'AggregateRating', 'ratingValue': 4.3, 'reviewCount': '63'}"
McDonald's® (3224 JEFFERSON ST),https://www.ubereats.com/san-francisco/food-delivery/mcdonalds-3224-jefferson-st/UWImY1ahR2KXZzTi-ySB7A,napa-california,"['American', 'Burgers', 'Fast Food']",4.3,105,$,38.319935,-122.298515,+17072573810,,,,,"[{'@type': 'OpeningHoursSpecification', 'dayOfWeek': 'Sunday', 'opens': '5:0', 'closes': '10:59'}, {'@type': 'OpeningHoursSpecification', 'dayOfWeek': 'Sunday', 'opens': '10:30', 'closes': '16:59'}, {'@type': 'OpeningHoursSpecification', 'dayOfWeek': 'Sunday', 'opens': '17:0', 'closes': '22:15'}, {'@type': 'OpeningHoursSpecification', 'dayOfWeek': ['Monday', 'Tuesday', 'Wednesday', 'Thursday', 'Friday'], 'opens': '5:0', 'closes': '10:29'}, {'@type': 'OpeningHoursSpecification', 'dayOfWeek': ['Monday', 'Tuesday', 'Wednesday', 'Thursday', 'Friday'], 'opens': '10:30', 'closes': '16:59'}, {'@type': 'OpeningHoursSpecification', 'dayOfWeek': ['Monday', 'Tuesday', 'Wednesday', 'Thursday', 'Friday'], 'opens': '17:0', 'closes': '22:15'}, {'@type': 'OpeningHoursSpecification', 'dayOfWeek': 'Saturday', 'opens': '5:0', 'closes': '10:59'}, {'@type': 'OpeningHoursSpecification', 'dayOfWeek': 'Saturday', 'opens': '11:0', 'closes': '16:59'}, {'@type': 'OpeningHoursSpecification', 'dayOfWeek': 'Saturday', 'opens': '17:0', 'closes': '22:15'}]",,"{'@type': 'GeoCoordinates', 'latitude': 38.319935, 'longitude': -122.298515}","{'@type': 'AggregateRating', 'ratingValue': 4.3, 'reviewCount': '105'}"
Starbucks (Soscol at Hwy 121-Napa),https://www.ubereats.com/san-francisco/food-delivery/starbucks-soscol-at-hwy-121-napa/eG5Y0CnCR8uknUzoqJqyLw,napa-california,"['Cafe', 'Coffee & Tea', 'Breakfast and Brunch', 'Bakery']",4.7,154,$,38.2832337,-122.2750698,+17072265251,94559,247 Soscol Avenue,Napa,CA,"[{'@type': 'OpeningHoursSpecification', 'dayOfWeek': ['Monday', 'Tuesday', 'Wednesday', 'Thursday', 'Friday', 'Saturday', 'Sunday'], 'opens': '4:30', 'closes': '23:0'}]","{'@type': 'PostalAddress', 'addressLocality': 'Napa', 'addressRegion': 'CA', 'postalCode': '94559', 'addressCountry': 'US', 'streetAddress': '247 Soscol Avenue'}","{'@type': 'GeoCoordinates', 'latitude': 38.2832337, 'longitude': -122.2750698}","{'@type': 'AggregateRating', 'ratingValue': 4.7, 'reviewCount': '154'}"
Wendy's  (1450 Trancas St),https://www.ubereats.com/san-francisco/food-delivery/wendys-1450-trancas-st/B01OeaMgQJiR2KgLE51axA,napa-california,"['American', 'Burgers', 'Fast Food']",4.4,30,$,38.3227383,-122.3023583,+17072526855,94558,1450 Trancas St,Napa,CA,"[{'@type': 'OpeningHoursSpecification', 'dayOfWeek': ['Monday', 'Tuesday', 'Wednesday', 'Thursday', 'Friday', 'Saturday', 'Sunday'], 'opens': '10:30', 'closes': '0:30'}, {'@type': 'OpeningHoursSpecification', 'dayOfWeek': ['Monday', 'Tuesday', 'Wednesday', 'Thursday', 'Friday', 'Saturday', 'Sunday'], 'opens': '6:30', 'closes': '10:0'}]","{'@type': 'PostalAddress', 'addressLocality': 'Napa', 'addressRegion': 'CA', 'postalCode': '94558', 'addressCountry': 'US', 'streetAddress': '1450 Trancas St'}","{'@type': 'GeoCoordinates', 'latitude': 38.3227383, 'longitude': -122.3023583}","{'@type': 'AggregateRating', 'ratingValue': 4.4, 'reviewCount': '30'}"
McDonald's® (806 IMOLA AVE),https://www.ubereats.com/san-francisco/food-delivery/mcdonalds-806-imola-ave/MiSyTtXDReCeTIwUhvbzpw,napa-california,"['American', 'Burgers', 'Fast Food']",4.2,58,$,38.281094,-122.27553600000002,+17072537461,,,,,"[{'@type': 'OpeningHoursSpecification', 'dayOfWeek': 'Sunday', 'opens': '5:0', 'closes': '10:59'}, {'@type': 'OpeningHoursSpecification', 'dayOfWeek': 'Sunday', 'opens': '11:0', 'closes': '16:59'}, {'@type': 'OpeningHoursSpecification', 'dayOfWeek': 'Sunday', 'opens': '17:0', 'closes': '22:45'}, {'@type': 'OpeningHoursSpecification', 'dayOfWeek': ['Monday', 'Tuesday', 'Wednesday', 'Thursday', 'Friday'], 'opens': '5:0', 'closes': '10:29'}, {'@type': 'OpeningHoursSpecification', 'dayOfWeek': ['Monday', 'Tuesday', 'Wednesday', 'Thursday', 'Friday'], 'opens': '10:30', 'closes': '16:59'}, {'@type': 'OpeningHoursSpecification', 'dayOfWeek': ['Monday', 'Tuesday', 'Wednesday', 'Thursday', 'Friday'], 'opens': '17:0', 'closes': '22:45'}, {'@type': 'OpeningHoursSpecification', 'dayOfWeek': 'Saturday', 'opens': '5:0', 'closes': '10:59'}, {'@type': 'OpeningHoursSpecification', 'dayOfWeek': 'Saturday', 'opens': '11:0', 'closes': '16:59'}, {'@type': 'OpeningHoursSpecification', 'dayOfWeek': 'Saturday', 'opens': '17:0', 'closes': '22:45'}]",,"{'@type': 'GeoCoordinates', 'latitude': 38.281094, 'longitude': -122.27553600000002}","{'@type': 'AggregateRating', 'ratingValue': 4.2, 'reviewCount': '58'}"
