name,url,city,cuisine,avgRating,numReviews,priceRange,latitude,longitude,telephone,postalCode,streetAddress,addressLocality,addressRegion,openingHoursSpecification,addressString,geoString,ratingString
Chicken Now,https://www.ubereats.com/manchester-nh/food-delivery/chicken-now/Upl0rrI5R029dKLn8BuGng,nashua-new-hampshire,"['Chicken', 'American']",,,$$,42.8257694,-71.5009365,+16037180030,03054,80 Premium Outlets Blvd,Merrimack,New Hampshire,"[{'@type': 'OpeningHoursSpecification', 'dayOfWeek': 'Sunday', 'opens': '11:0', 'closes': '17:0'}, {'@type': 'OpeningHoursSpecification', 'dayOfWeek': ['Monday', 'Tuesday', 'Wednesday', 'Thursday'], 'opens': '11:0', 'closes': '18:0'}, {'@type': 'OpeningHoursSpecification', 'dayOfWeek': ['Friday', 'Saturday'], 'opens': '11:0', 'closes': '20:0'}]","{'@type': 'PostalAddress', 'addressLocality': 'Merrimack', 'addressRegion': 'New Hampshire', 'postalCode': '03054', 'addressCountry': 'US', 'streetAddress': '80 Premium Outlets Blvd'}","{'@type': 'GeoCoordinates', 'latitude': 42.8257694, 'longitude': -71.5009365}",{}
Pizza Hut (199 Daniel Webster Hwy),https://www.ubereats.com/manchester-nh/food-delivery/pizza-hut-199-daniel-webster-hwy/7gv5TUKDR261G2k-KpObbA,nashua-new-hampshire,"['Fast Food', 'Italian', 'pizza', 'wings']",4.5,42,$,42.7159846,-71.443248,+16038883553,3060,199 Daniel Webster Hwy S,Nashua,NH,"[{'@type': 'OpeningHoursSpecification', 'dayOfWeek': ['Monday', 'Tuesday', 'Wednesday', 'Thursday', 'Friday', 'Saturday', 'Sunday'], 'opens': '11:30', 'closes': '20:0'}]","{'@type': 'PostalAddress', 'addressLocality': 'Nashua', 'addressRegion': 'NH', 'postalCode': '3060', 'addressCountry': 'US', 'streetAddress': '199 Daniel Webster Hwy S'}","{'@type': 'GeoCoordinates', 'latitude': 42.7159846, 'longitude': -71.443248}","{'@type': 'AggregateRating', 'ratingValue': 4.5, 'reviewCount': '42'}"
Pasquale Ristorante & Pizzeria,https://www.ubereats.com/manchester-nh/food-delivery/pasquale-ristorante-%26-pizzeria/iUqZW5Z4SmeD3cKjCP24-g,nashua-new-hampshire,"['Italian', 'Pizza', 'Pasta']",4.7,20,$$,42.8544883,-71.3559716,+16034343093,3053,87 Nashua Rd,Londonderry,NH,"[{'@type': 'OpeningHoursSpecification', 'dayOfWeek': 'Sunday', 'opens': '11:30', 'closes': '14:0'}, {'@type': 'OpeningHoursSpecification', 'dayOfWeek': 'Sunday', 'opens': '14:0', 'closes': '20:0'}, {'@type': 'OpeningHoursSpecification', 'dayOfWeek': 'Monday', 'opens': '11:30', 'closes': '14:0'}, {'@type': 'OpeningHoursSpecification', 'dayOfWeek': ['Tuesday', 'Wednesday', 'Thursday'], 'opens': '11:30', 'closes': '14:0'}, {'@type': 'OpeningHoursSpecification', 'dayOfWeek': ['Tuesday', 'Wednesday', 'Thursday'], 'opens': '14:0', 'closes': '21:0'}, {'@type': 'OpeningHoursSpecification', 'dayOfWeek': ['Friday', 'Saturday'], 'opens': '11:30', 'closes': '14:0'}, {'@type': 'OpeningHoursSpecification', 'dayOfWeek': ['Friday', 'Saturday'], 'opens': '14:0', 'closes': '22:0'}]","{'@type': 'PostalAddress', 'addressLocality': 'Londonderry', 'addressRegion': 'NH', 'postalCode': '3053', 'addressCountry': 'US', 'streetAddress': '87 Nashua Rd'}","{'@type': 'GeoCoordinates', 'latitude': 42.8544883, 'longitude': -71.3559716}","{'@type': 'AggregateRating', 'ratingValue': 4.7, 'reviewCount': '20'}"
Moe's Southwest Grill (256 Daniel Webster Highway),https://www.ubereats.com/manchester-nh/food-delivery/moes-southwest-grill-256-daniel-webster-highway/iBNfn7yfQeW_OcBmwSwnUg,nashua-new-hampshire,"['Mexican', 'Fast Food', 'Salads']",,,$,42.7078997,-71.4406042,+14135373101,,,,,[],,"{'@type': 'GeoCoordinates', 'latitude': 42.7078997, 'longitude': -71.4406042}",{}
Five Guys NH-0466 341 Amherst St,https://www.ubereats.com/manchester-nh/food-delivery/five-guys-nh-0466-341-amherst-st/pX8YPvJARLmKgyg7sblCGA,nashua-new-hampshire,"['American', 'Burgers', 'Sandwich']",4.7,97,$,42.7830689,-71.5033526,+16035897881,3063,341-345 Amherst St,Nashua,NH,"[{'@type': 'OpeningHoursSpecification', 'dayOfWeek': ['Monday', 'Tuesday', 'Wednesday', 'Thursday', 'Friday', 'Saturday', 'Sunday'], 'opens': '11:0', 'closes': '21:30'}]","{'@type': 'PostalAddress', 'addressLocality': 'Nashua', 'addressRegion': 'NH', 'postalCode': '3063', 'addressCountry': 'US', 'streetAddress': '341-345 Amherst St'}","{'@type': 'GeoCoordinates', 'latitude': 42.7830689, 'longitude': -71.5033526}","{'@type': 'AggregateRating', 'ratingValue': 4.7, 'reviewCount': '97'}"
The Ice Cream Shop ,https://www.ubereats.com/manchester-nh/food-delivery/the-ice-cream-shop/vO-coabkSwyzZ4fXUj2Oag,nashua-new-hampshire,"['Desserts', 'Ice Cream and Frozen Yogurt']",,,$,42.7646233,-71.44108489999999,+16038809275,3051,18 Ferry St.,Hudson,NH,"[{'@type': 'OpeningHoursSpecification', 'dayOfWeek': ['Monday', 'Tuesday', 'Wednesday', 'Thursday', 'Friday', 'Saturday', 'Sunday'], 'opens': '6:0', 'closes': '22:0'}]","{'@type': 'PostalAddress', 'addressLocality': 'Hudson', 'addressRegion': 'NH', 'postalCode': '3051', 'addressCountry': 'US', 'streetAddress': '18 Ferry St.'}","{'@type': 'GeoCoordinates', 'latitude': 42.7646233, 'longitude': -71.44108489999999}",{}
MAZA Mediterranean Grill,https://www.ubereats.com/manchester-nh/food-delivery/maza-mediterranean-grill/tK7JigS6RA6L0P4q8FMYuQ,nashua-new-hampshire,['Mediterranean'],4.5,31,$,42.7065705,-71.4406042,+16038887500,,,,,"[{'@type': 'OpeningHoursSpecification', 'dayOfWeek': ['Sunday', 'Monday', 'Tuesday', 'Wednesday', 'Thursday'], 'opens': '11:0', 'closes': '20:0'}, {'@type': 'OpeningHoursSpecification', 'dayOfWeek': ['Friday', 'Saturday'], 'opens': '11:0', 'closes': '21:0'}]",,"{'@type': 'GeoCoordinates', 'latitude': 42.7065705, 'longitude': -71.4406042}","{'@type': 'AggregateRating', 'ratingValue': 4.5, 'reviewCount': '31'}"
Espresso Pizza,https://www.ubereats.com/manchester-nh/food-delivery/espresso-pizza/yTIwQHz5QPeby3Bsy4BJlg,nashua-new-hampshire,"['Italian', 'Pizza', 'Fast Food', 'Vegetarian Friendly']",4.7,13,$,42.762464,-71.46633369999999,+16038899826,03060,85 Main St,Nashua,NH,"[{'@type': 'OpeningHoursSpecification', 'dayOfWeek': ['Monday', 'Tuesday', 'Wednesday', 'Thursday', 'Friday', 'Saturday'], 'opens': '12:0', 'closes': '21:0'}]","{'@type': 'PostalAddress', 'addressLocality': 'Nashua', 'addressRegion': 'NH', 'postalCode': '03060', 'addressCountry': 'US', 'streetAddress': '85 Main St'}","{'@type': 'GeoCoordinates', 'latitude': 42.762464, 'longitude': -71.46633369999999}","{'@type': 'AggregateRating', 'ratingValue': 4.7, 'reviewCount': '13'}"
Dunkin' (42 Main St),https://www.ubereats.com/manchester-nh/food-delivery/dunkin-42-main-st/yiTYo2aBRXu1okQ3_LsNmA,nashua-new-hampshire,"['Breakfast and Brunch', 'Donuts']",4.3,32,$,42.76420819999999,-71.4660435,+16038899500,3060,42 Main St,Nashua,NH,"[{'@type': 'OpeningHoursSpecification', 'dayOfWeek': ['Sunday', 'Monday', 'Tuesday', 'Wednesday', 'Thursday'], 'opens': '4:30', 'closes': '18:30'}, {'@type': 'OpeningHoursSpecification', 'dayOfWeek': 'Friday', 'opens': '5:0', 'closes': '18:30'}, {'@type': 'OpeningHoursSpecification', 'dayOfWeek': 'Saturday', 'opens': '4:30', 'closes': '19:0'}]","{'@type': 'PostalAddress', 'addressLocality': 'Nashua', 'addressRegion': 'NH', 'postalCode': '3060', 'addressCountry': 'US', 'streetAddress': '42 Main St'}","{'@type': 'GeoCoordinates', 'latitude': 42.76420819999999, 'longitude': -71.4660435}","{'@type': 'AggregateRating', 'ratingValue': 4.3, 'reviewCount': '32'}"
Dunkin' (80 Continental Blvd),https://www.ubereats.com/manchester-nh/food-delivery/dunkin-80-continental-blvd/fJD0JyMmSACmCnUPjjtLFA,nashua-new-hampshire,"['Breakfast and Brunch', 'Donuts']",,,$,42.825708,-71.5122329,+16034248512,3054,80 Continental Blvd,Merrimack,NH,"[{'@type': 'OpeningHoursSpecification', 'dayOfWeek': 'Sunday', 'opens': '5:30', 'closes': '20:30'}, {'@type': 'OpeningHoursSpecification', 'dayOfWeek': 'Monday', 'opens': '5:30', 'closes': '17:30'}, {'@type': 'OpeningHoursSpecification', 'dayOfWeek': ['Tuesday', 'Wednesday', 'Thursday', 'Friday', 'Saturday'], 'opens': '5:30', 'closes': '20:30'}]","{'@type': 'PostalAddress', 'addressLocality': 'Merrimack', 'addressRegion': 'NH', 'postalCode': '3054', 'addressCountry': 'US', 'streetAddress': '80 Continental Blvd'}","{'@type': 'GeoCoordinates', 'latitude': 42.825708, 'longitude': -71.5122329}",{}
Dunkin' (239 Main Dunstable Rd),https://www.ubereats.com/manchester-nh/food-delivery/dunkin-239-main-dunstable-rd/vs2LEGM4SBiWItI9S-ruJQ,nashua-new-hampshire,"['Breakfast and Brunch', 'Donuts']",4.5,20,$,42.74258289999999,-71.4946344,+16035790800,3062,239 Main Dunstable Rd,Nashua,NH,"[{'@type': 'OpeningHoursSpecification', 'dayOfWeek': 'Sunday', 'opens': '5:30', 'closes': '22:30'}, {'@type': 'OpeningHoursSpecification', 'dayOfWeek': ['Monday', 'Tuesday', 'Wednesday', 'Thursday', 'Friday'], 'opens': '4:30', 'closes': '22:30'}, {'@type': 'OpeningHoursSpecification', 'dayOfWeek': 'Saturday', 'opens': '4:30', 'closes': '23:0'}]","{'@type': 'PostalAddress', 'addressLocality': 'Nashua', 'addressRegion': 'NH', 'postalCode': '3062', 'addressCountry': 'US', 'streetAddress': '239 Main Dunstable Rd'}","{'@type': 'GeoCoordinates', 'latitude': 42.74258289999999, 'longitude': -71.4946344}","{'@type': 'AggregateRating', 'ratingValue': 4.5, 'reviewCount': '20'}"
Charleys Philly Steaks (Pheasant Lane Mall),https://www.ubereats.com/manchester-nh/food-delivery/charleys-philly-steaks-pheasant-lane-mall/Xo94eaazR2ieqo-xWfjagQ,nashua-new-hampshire,"['Sandwich', 'Comfort Food', 'Kids Friendly']",,,$,42.70101700000001,-71.4369865,+16034024449,,,,,"[{'@type': 'OpeningHoursSpecification', 'dayOfWeek': 'Sunday', 'opens': '12:0', 'closes': '17:30'}, {'@type': 'OpeningHoursSpecification', 'dayOfWeek': ['Monday', 'Tuesday', 'Wednesday', 'Thursday', 'Friday', 'Saturday'], 'opens': '11:0', 'closes': '19:0'}]",,"{'@type': 'GeoCoordinates', 'latitude': 42.70101700000001, 'longitude': -71.4369865}",{}
Dairy Queen Grill & Chill (119 Ferry St),https://www.ubereats.com/manchester-nh/food-delivery/dairy-queen-grill-%26-chill-119-ferry-st/EC1o4AO-QxyYkXm4_jWCBQ,nashua-new-hampshire,"['Ice Cream and Frozen Yogurt', 'Burgers', 'Fast Food']",4.6,75,$,42.7683452,-71.42662,+16038830400,3051,119 Ferry St,Hudson,NH,"[{'@type': 'OpeningHoursSpecification', 'dayOfWeek': ['Monday', 'Tuesday', 'Wednesday', 'Thursday', 'Friday', 'Saturday', 'Sunday'], 'opens': '10:30', 'closes': '22:0'}]","{'@type': 'PostalAddress', 'addressLocality': 'Hudson', 'addressRegion': 'NH', 'postalCode': '3051', 'addressCountry': 'US', 'streetAddress': '119 Ferry St'}","{'@type': 'GeoCoordinates', 'latitude': 42.7683452, 'longitude': -71.42662}","{'@type': 'AggregateRating', 'ratingValue': 4.6, 'reviewCount': '75'}"
Sbarro  (310 Daniel Webster Highway),https://www.ubereats.com/manchester-nh/food-delivery/sbarro-310-daniel-webster-highway/-CV_xDqAT9CaPHXlB50Ihg,nashua-new-hampshire,"['Italian', 'pasta', 'pizza']",,,$,42.70101700000001,-71.4369865,+16032064702,3060,310 Daniel Webster Highway,Nashua,NH,"[{'@type': 'OpeningHoursSpecification', 'dayOfWeek': 'Sunday', 'opens': '12:0', 'closes': '18:0'}, {'@type': 'OpeningHoursSpecification', 'dayOfWeek': ['Monday', 'Tuesday', 'Wednesday', 'Thursday', 'Friday', 'Saturday'], 'opens': '11:0', 'closes': '19:0'}]","{'@type': 'PostalAddress', 'addressLocality': 'Nashua', 'addressRegion': 'NH', 'postalCode': '3060', 'addressCountry': 'US', 'streetAddress': '310 Daniel Webster Highway'}","{'@type': 'GeoCoordinates', 'latitude': 42.70101700000001, 'longitude': -71.4369865}",{}
The Flight Center,https://www.ubereats.com/manchester-nh/food-delivery/the-flight-center/LAPGk0XWT7661vGigA4GZQ,nashua-new-hampshire,"['Burgers', 'American', 'Sandwiches']",,,$,42.7624953,-71.4663333,+16034176184,03060,97 Main St,Nashua,NH,"[{'@type': 'OpeningHoursSpecification', 'dayOfWeek': 'Sunday', 'opens': '11:0', 'closes': '19:0'}, {'@type': 'OpeningHoursSpecification', 'dayOfWeek': ['Monday', 'Tuesday', 'Wednesday', 'Thursday'], 'opens': '16:0', 'closes': '21:0'}, {'@type': 'OpeningHoursSpecification', 'dayOfWeek': ['Monday', 'Tuesday', 'Wednesday', 'Thursday'], 'opens': '11:0', 'closes': '16:0'}, {'@type': 'OpeningHoursSpecification', 'dayOfWeek': 'Friday', 'opens': '11:0', 'closes': '21:0'}, {'@type': 'OpeningHoursSpecification', 'dayOfWeek': 'Friday', 'opens': '11:0', 'closes': '16:0'}, {'@type': 'OpeningHoursSpecification', 'dayOfWeek': 'Saturday', 'opens': '11:0', 'closes': '21:0'}]","{'@type': 'PostalAddress', 'addressLocality': 'Nashua', 'addressRegion': 'NH', 'postalCode': '03060', 'addressCountry': 'US', 'streetAddress': '97 Main St'}","{'@type': 'GeoCoordinates', 'latitude': 42.7624953, 'longitude': -71.4663333}",{}
Sub Zero Nitrogen Ice Cream,https://www.ubereats.com/manchester-nh/food-delivery/sub-zero-nitrogen-ice-cream/HWSo7LaXSTK-C4ibh8ScQg,nashua-new-hampshire,"['Desserts', 'Allergy Friendly']",4.6,14,$,42.79325970000001,-71.5224578,+16039438491,03063,495 Amherst St,Nashua,New Hampshire,"[{'@type': 'OpeningHoursSpecification', 'dayOfWeek': ['Sunday', 'Monday', 'Tuesday', 'Wednesday', 'Thursday'], 'opens': '12:0', 'closes': '20:45'}, {'@type': 'OpeningHoursSpecification', 'dayOfWeek': ['Friday', 'Saturday'], 'opens': '12:0', 'closes': '21:15'}]","{'@type': 'PostalAddress', 'addressLocality': 'Nashua', 'addressRegion': 'New Hampshire', 'postalCode': '03063', 'addressCountry': 'US', 'streetAddress': '495 Amherst St'}","{'@type': 'GeoCoordinates', 'latitude': 42.79325970000001, 'longitude': -71.5224578}","{'@type': 'AggregateRating', 'ratingValue': 4.6, 'reviewCount': '14'}"
Wing Squad - Nashua,https://www.ubereats.com/manchester-nh/food-delivery/wing-squad-nashua/4QxOTcbARMGY-4KpPaV38g,nashua-new-hampshire,"['Wings', 'American', 'Fast Food']",4.4,11,$,42.7853969,-71.5106795,+18887996601,3063,"406 Amherst Street, Rt 101A",Nashua,NH,"[{'@type': 'OpeningHoursSpecification', 'dayOfWeek': ['Sunday', 'Monday', 'Tuesday', 'Wednesday'], 'opens': '11:30', 'closes': '21:30'}, {'@type': 'OpeningHoursSpecification', 'dayOfWeek': ['Thursday', 'Friday', 'Saturday'], 'opens': '11:30', 'closes': '22:0'}]","{'@type': 'PostalAddress', 'addressLocality': 'Nashua', 'addressRegion': 'NH', 'postalCode': '3063', 'addressCountry': 'US', 'streetAddress': '406 Amherst Street, Rt 101A'}","{'@type': 'GeoCoordinates', 'latitude': 42.7853969, 'longitude': -71.5106795}","{'@type': 'AggregateRating', 'ratingValue': 4.4, 'reviewCount': '11'}"
China Max,https://www.ubereats.com/manchester-nh/food-delivery/china-max/yfeOnBnsS-SzOgAF8rQZFw,nashua-new-hampshire,"['Chinese', 'Asian']",,,$$,42.8257691,-71.5009389,+16037180030,3054,80 Premium Outlets Blvd,Merrimack,NH,"[{'@type': 'OpeningHoursSpecification', 'dayOfWeek': 'Sunday', 'opens': '10:30', 'closes': '17:45'}, {'@type': 'OpeningHoursSpecification', 'dayOfWeek': ['Monday', 'Tuesday', 'Wednesday', 'Thursday', 'Friday', 'Saturday'], 'opens': '10:30', 'closes': '18:30'}]","{'@type': 'PostalAddress', 'addressLocality': 'Merrimack', 'addressRegion': 'NH', 'postalCode': '3054', 'addressCountry': 'US', 'streetAddress': '80 Premium Outlets Blvd'}","{'@type': 'GeoCoordinates', 'latitude': 42.8257691, 'longitude': -71.5009389}",{}
Edible Arrangements (300 Main Street),https://www.ubereats.com/manchester-nh/food-delivery/edible-arrangements-300-main-street/OkXFQeXCSYqspCq8QiwnRg,nashua-new-hampshire,"['American', 'Desserts', 'Healthy', 'Kids Friendly', 'chocolatier']",,,$,42.75284,-71.459926,+16038862790,3060,300 Main Street,Nashua,NH,"[{'@type': 'OpeningHoursSpecification', 'dayOfWeek': 'Sunday', 'opens': '10:0', 'closes': '14:0'}, {'@type': 'OpeningHoursSpecification', 'dayOfWeek': ['Monday', 'Tuesday', 'Wednesday', 'Thursday', 'Friday'], 'opens': '9:0', 'closes': '15:0'}, {'@type': 'OpeningHoursSpecification', 'dayOfWeek': 'Saturday', 'opens': '9:0', 'closes': '14:0'}]","{'@type': 'PostalAddress', 'addressLocality': 'Nashua', 'addressRegion': 'NH', 'postalCode': '3060', 'addressCountry': 'US', 'streetAddress': '300 Main Street'}","{'@type': 'GeoCoordinates', 'latitude': 42.75284, 'longitude': -71.459926}",{}
"Qdoba Mexican Grill (17C Premium Outlets Blvd,)",https://www.ubereats.com/manchester-nh/food-delivery/qdoba-mexican-grill-17c-premium-outlets-blvd/W4Zb4X5PR-O9uvjDktHW3Q,nashua-new-hampshire,['Mexican'],4.6,27,$,42.8242296,-71.5061002,+16039136426,3054,17C Premium Outlets Blvd,Merrimack,NH,"[{'@type': 'OpeningHoursSpecification', 'dayOfWeek': 'Sunday', 'opens': '10:30', 'closes': '19:30'}, {'@type': 'OpeningHoursSpecification', 'dayOfWeek': ['Monday', 'Tuesday', 'Wednesday', 'Thursday', 'Friday', 'Saturday'], 'opens': '10:30', 'closes': '21:30'}]","{'@type': 'PostalAddress', 'addressLocality': 'Merrimack', 'addressRegion': 'NH', 'postalCode': '3054', 'addressCountry': 'US', 'streetAddress': '17C Premium Outlets Blvd'}","{'@type': 'GeoCoordinates', 'latitude': 42.8242296, 'longitude': -71.5061002}","{'@type': 'AggregateRating', 'ratingValue': 4.6, 'reviewCount': '27'}"
Margaritas Mexican Restaurant (Nashua),https://www.ubereats.com/manchester-nh/food-delivery/margaritas-mexican-restaurant-nashua/TA-3LH1ERLqm-BfSvZ6ERA,nashua-new-hampshire,"['Mexican', 'Latin American', 'New Mexican']",4.5,12,$,42.7639586,-71.4634463,+16038830996,,,,,"[{'@type': 'OpeningHoursSpecification', 'dayOfWeek': ['Monday', 'Tuesday', 'Wednesday', 'Thursday', 'Friday', 'Saturday', 'Sunday'], 'opens': '16:0', 'closes': '21:0'}]",,"{'@type': 'GeoCoordinates', 'latitude': 42.7639586, 'longitude': -71.4634463}","{'@type': 'AggregateRating', 'ratingValue': 4.5, 'reviewCount': '12'}"
Subway (4 Coliseum Ave Unit E-4),https://www.ubereats.com/manchester-nh/food-delivery/subway-4-coliseum-ave-unit-e-4/PTjegWdcQmuh6N4-KRIgcQ,nashua-new-hampshire,"['Fast Food', 'Sandwich', 'American']",4.7,25,$,42.7653398,-71.4968372,+16037181974,3063,4 Coliseum Ave Unit E-4,Nashua,NH,"[{'@type': 'OpeningHoursSpecification', 'dayOfWeek': ['Monday', 'Tuesday', 'Wednesday', 'Thursday', 'Friday', 'Saturday', 'Sunday'], 'opens': '9:0', 'closes': '19:30'}]","{'@type': 'PostalAddress', 'addressLocality': 'Nashua', 'addressRegion': 'NH', 'postalCode': '3063', 'addressCountry': 'US', 'streetAddress': '4 Coliseum Ave Unit E-4'}","{'@type': 'GeoCoordinates', 'latitude': 42.7653398, 'longitude': -71.4968372}","{'@type': 'AggregateRating', 'ratingValue': 4.7, 'reviewCount': '25'}"
The Peddler's Daughter (NH),https://www.ubereats.com/manchester-nh/food-delivery/the-peddlers-daughter-nh/sbc4xIpkQbyu1V-WYs3lig,nashua-new-hampshire,"['Irish', 'Pub', 'Comfort Food']",,,$,42.7638927,-71.4662522,+16038217535,03064,48 Main St,Nashua,NH,"[{'@type': 'OpeningHoursSpecification', 'dayOfWeek': 'Sunday', 'opens': '9:0', 'closes': '1:0'}, {'@type': 'OpeningHoursSpecification', 'dayOfWeek': 'Monday', 'opens': '11:0', 'closes': '13:0'}, {'@type': 'OpeningHoursSpecification', 'dayOfWeek': 'Tuesday', 'opens': '6:0', 'closes': '13:0'}, {'@type': 'OpeningHoursSpecification', 'dayOfWeek': ['Wednesday', 'Thursday', 'Friday', 'Saturday'], 'opens': '11:0', 'closes': '13:0'}]","{'@type': 'PostalAddress', 'addressLocality': 'Nashua', 'addressRegion': 'NH', 'postalCode': '03064', 'addressCountry': 'US', 'streetAddress': '48 Main St'}","{'@type': 'GeoCoordinates', 'latitude': 42.7638927, 'longitude': -71.4662522}",{}
Suzie's Diner,https://www.ubereats.com/manchester-nh/food-delivery/suzies-diner/ud3IChOWShyAU6tDBoOqSA,nashua-new-hampshire,"['Breakfast and Brunch', 'American', 'Sandwiches', 'Burgers', 'Coffee and Tea']",4.8,33,$,42.75395,-71.4288696,+16038832741,3051,76 Lowell Rd,Hudson,NH,"[{'@type': 'OpeningHoursSpecification', 'dayOfWeek': ['Sunday', 'Monday', 'Tuesday', 'Wednesday'], 'opens': '6:0', 'closes': '14:0'}, {'@type': 'OpeningHoursSpecification', 'dayOfWeek': ['Sunday', 'Monday', 'Tuesday', 'Wednesday'], 'opens': '11:0', 'closes': '14:0'}, {'@type': 'OpeningHoursSpecification', 'dayOfWeek': ['Sunday', 'Monday', 'Tuesday', 'Wednesday'], 'opens': '6:0', 'closes': '14:0'}, {'@type': 'OpeningHoursSpecification', 'dayOfWeek': ['Thursday', 'Friday'], 'opens': '6:0', 'closes': '14:0'}, {'@type': 'OpeningHoursSpecification', 'dayOfWeek': ['Thursday', 'Friday'], 'opens': '11:0', 'closes': '19:0'}, {'@type': 'OpeningHoursSpecification', 'dayOfWeek': ['Thursday', 'Friday'], 'opens': '6:0', 'closes': '19:0'}, {'@type': 'OpeningHoursSpecification', 'dayOfWeek': 'Saturday', 'opens': '6:0', 'closes': '14:0'}, {'@type': 'OpeningHoursSpecification', 'dayOfWeek': 'Saturday', 'opens': '11:0', 'closes': '14:0'}, {'@type': 'OpeningHoursSpecification', 'dayOfWeek': 'Saturday', 'opens': '6:0', 'closes': '14:0'}]","{'@type': 'PostalAddress', 'addressLocality': 'Hudson', 'addressRegion': 'NH', 'postalCode': '3051', 'addressCountry': 'US', 'streetAddress': '76 Lowell Rd'}","{'@type': 'GeoCoordinates', 'latitude': 42.75395, 'longitude': -71.4288696}","{'@type': 'AggregateRating', 'ratingValue': 4.8, 'reviewCount': '33'}"
Five Guys NH-1593 258 Daniel Webster Hwy,https://www.ubereats.com/manchester-nh/food-delivery/five-guys-nh-1593-258-daniel-webster-hwy/kI2iKav9S5604AJcB3mz0A,nashua-new-hampshire,"['American', 'Burgers', 'Sandwich']",4.5,48,$,42.7072325,-71.4397093,+16038970025,3060,258 Daniel Webster Highway,Nashua,NH,"[{'@type': 'OpeningHoursSpecification', 'dayOfWeek': ['Monday', 'Tuesday', 'Wednesday', 'Thursday', 'Friday', 'Saturday', 'Sunday'], 'opens': '11:0', 'closes': '21:30'}]","{'@type': 'PostalAddress', 'addressLocality': 'Nashua', 'addressRegion': 'NH', 'postalCode': '3060', 'addressCountry': 'US', 'streetAddress': '258 Daniel Webster Highway'}","{'@type': 'GeoCoordinates', 'latitude': 42.7072325, 'longitude': -71.4397093}","{'@type': 'AggregateRating', 'ratingValue': 4.5, 'reviewCount': '48'}"
Cracker Barrel Old Country Store (16 Nashua Rd),https://www.ubereats.com/manchester-nh/food-delivery/cracker-barrel-old-country-store-16-nashua-rd/LucGOS18SRarMlGk2SU-Ew,nashua-new-hampshire,"['Burgers', 'American', 'Sandwiches']",3.9,33,$,42.87373659999999,-71.339326,+16034348804,3053,16 Nashua Rd,Londonderry,NH,"[{'@type': 'OpeningHoursSpecification', 'dayOfWeek': ['Sunday', 'Monday', 'Tuesday', 'Wednesday', 'Thursday'], 'opens': '10:30', 'closes': '20:0'}, {'@type': 'OpeningHoursSpecification', 'dayOfWeek': ['Sunday', 'Monday', 'Tuesday', 'Wednesday', 'Thursday'], 'opens': '7:30', 'closes': '20:0'}, {'@type': 'OpeningHoursSpecification', 'dayOfWeek': ['Sunday', 'Monday', 'Tuesday', 'Wednesday', 'Thursday'], 'opens': '7:30', 'closes': '20:0'}, {'@type': 'OpeningHoursSpecification', 'dayOfWeek': ['Friday', 'Saturday'], 'opens': '10:30', 'closes': '21:0'}, {'@type': 'OpeningHoursSpecification', 'dayOfWeek': ['Friday', 'Saturday'], 'opens': '7:30', 'closes': '21:0'}, {'@type': 'OpeningHoursSpecification', 'dayOfWeek': ['Friday', 'Saturday'], 'opens': '7:30', 'closes': '21:0'}]","{'@type': 'PostalAddress', 'addressLocality': 'Londonderry', 'addressRegion': 'NH', 'postalCode': '3053', 'addressCountry': 'US', 'streetAddress': '16 Nashua Rd'}","{'@type': 'GeoCoordinates', 'latitude': 42.87373659999999, 'longitude': -71.339326}","{'@type': 'AggregateRating', 'ratingValue': 3.9, 'reviewCount': '33'}"
Kung Fu Tea (493 Amherst Street),https://www.ubereats.com/manchester-nh/food-delivery/kung-fu-tea-493-amherst-street/qdWR9A65QKSEqg3DFCjgyw,nashua-new-hampshire,"['Bubble Tea', 'Coffee and Tea', 'Juice']",,,$,42.7929732,-71.5216231,+16035218268,3063,493 Amherst Street,Nashua,NH,"[{'@type': 'OpeningHoursSpecification', 'dayOfWeek': ['Monday', 'Tuesday', 'Wednesday', 'Thursday', 'Friday', 'Saturday', 'Sunday'], 'opens': '11:30', 'closes': '19:30'}]","{'@type': 'PostalAddress', 'addressLocality': 'Nashua', 'addressRegion': 'NH', 'postalCode': '3063', 'addressCountry': 'US', 'streetAddress': '493 Amherst Street'}","{'@type': 'GeoCoordinates', 'latitude': 42.7929732, 'longitude': -71.5216231}",{}
Willie Jewell's Old School Bar-B-Q (Nashua),https://www.ubereats.com/manchester-nh/food-delivery/willie-jewells-old-school-bar-b-q-nashua/Mdt7pwSbS4yJbG4LqYeTFg,nashua-new-hampshire,"['BBQ', 'Comfort Food', 'American']",4.2,36,$,42.7993453,-71.532269,+16035080382,3063,569 Amherst Street,New Hampshire,Nashua,"[{'@type': 'OpeningHoursSpecification', 'dayOfWeek': ['Sunday', 'Monday', 'Tuesday', 'Wednesday'], 'opens': '11:0', 'closes': '20:0'}, {'@type': 'OpeningHoursSpecification', 'dayOfWeek': ['Thursday', 'Friday', 'Saturday'], 'opens': '11:0', 'closes': '21:0'}]","{'@type': 'PostalAddress', 'addressLocality': 'New Hampshire', 'addressRegion': 'Nashua', 'postalCode': '3063', 'addressCountry': 'US', 'streetAddress': '569 Amherst Street'}","{'@type': 'GeoCoordinates', 'latitude': 42.7993453, 'longitude': -71.532269}","{'@type': 'AggregateRating', 'ratingValue': 4.2, 'reviewCount': '36'}"
Auntie Anne's at Merrimack Premium Outlets (80 Premium Outlets Blvd),https://www.ubereats.com/manchester-nh/food-delivery/auntie-annes-at-merrimack-premium-outlets-80-premium-outlets-blvd/MayZRStlS9iuDK8YQ7Gc-g,nashua-new-hampshire,"['Bakery', 'Comfort Food', 'Desserts', 'Pretzel']",,,$,42.8257726,-71.5009441,+16034246665,3054,80 Premium Outlets Blvd,Merrimack,NH,"[{'@type': 'OpeningHoursSpecification', 'dayOfWeek': 'Sunday', 'opens': '12:15', 'closes': '17:45'}, {'@type': 'OpeningHoursSpecification', 'dayOfWeek': ['Monday', 'Tuesday', 'Wednesday', 'Thursday', 'Friday', 'Saturday'], 'opens': '11:15', 'closes': '18:45'}]","{'@type': 'PostalAddress', 'addressLocality': 'Merrimack', 'addressRegion': 'NH', 'postalCode': '3054', 'addressCountry': 'US', 'streetAddress': '80 Premium Outlets Blvd'}","{'@type': 'GeoCoordinates', 'latitude': 42.8257726, 'longitude': -71.5009441}",{}
In n out burritos,https://www.ubereats.com/manchester-nh/food-delivery/in-n-out-burritos/QG2zQ_clS5WqEuXjQQ8cRw,nashua-new-hampshire,"['Mexican', 'Latin American', 'New Mexican']",,,$,42.7923559,-71.5228983,+16034175532,03063,494 Amherst St,Nashua,NH,"[{'@type': 'OpeningHoursSpecification', 'dayOfWeek': ['Sunday', 'Monday', 'Tuesday', 'Wednesday', 'Thursday'], 'opens': '11:0', 'closes': '21:0'}, {'@type': 'OpeningHoursSpecification', 'dayOfWeek': ['Friday', 'Saturday'], 'opens': '10:0', 'closes': '22:0'}]","{'@type': 'PostalAddress', 'addressLocality': 'Nashua', 'addressRegion': 'NH', 'postalCode': '03063', 'addressCountry': 'US', 'streetAddress': '494 Amherst St'}","{'@type': 'GeoCoordinates', 'latitude': 42.7923559, 'longitude': -71.5228983}",{}
KFC (300 Main Street),https://www.ubereats.com/manchester-nh/food-delivery/kfc-300-main-street/SwGot0i4SmyxTe0zcAhwDQ,nashua-new-hampshire,"['American', 'Fast Food', 'wings']",4.0,98,$,42.75284,-71.459926,+16038836055,3060,300 Main Street,Nashua,NH,"[{'@type': 'OpeningHoursSpecification', 'dayOfWeek': ['Sunday', 'Monday', 'Tuesday', 'Wednesday', 'Thursday'], 'opens': '10:30', 'closes': '21:30'}, {'@type': 'OpeningHoursSpecification', 'dayOfWeek': ['Friday', 'Saturday'], 'opens': '10:30', 'closes': '22:30'}]","{'@type': 'PostalAddress', 'addressLocality': 'Nashua', 'addressRegion': 'NH', 'postalCode': '3060', 'addressCountry': 'US', 'streetAddress': '300 Main Street'}","{'@type': 'GeoCoordinates', 'latitude': 42.75284, 'longitude': -71.459926}","{'@type': 'AggregateRating', 'ratingValue': 4, 'reviewCount': '98'}"
Burger King (283 Amherst Street),https://www.ubereats.com/manchester-nh/food-delivery/burger-king-283-amherst-street/MV7m7eZfSeK-m0Bo1qIaLw,nashua-new-hampshire,"['American', 'burger', 'Fast Food']",4.2,22,$,42.7797853,-71.49823219999999,+16038896403,3063,283 Amherst Street,Nashua,NH,"[{'@type': 'OpeningHoursSpecification', 'dayOfWeek': 'Sunday', 'opens': '7:30', 'closes': '10:29'}, {'@type': 'OpeningHoursSpecification', 'dayOfWeek': 'Sunday', 'opens': '10:30', 'closes': '23:30'}, {'@type': 'OpeningHoursSpecification', 'dayOfWeek': ['Monday', 'Tuesday', 'Wednesday', 'Thursday', 'Friday', 'Saturday'], 'opens': '6:30', 'closes': '10:29'}, {'@type': 'OpeningHoursSpecification', 'dayOfWeek': ['Monday', 'Tuesday', 'Wednesday', 'Thursday', 'Friday', 'Saturday'], 'opens': '10:30', 'closes': '23:30'}]","{'@type': 'PostalAddress', 'addressLocality': 'Nashua', 'addressRegion': 'NH', 'postalCode': '3063', 'addressCountry': 'US', 'streetAddress': '283 Amherst Street'}","{'@type': 'GeoCoordinates', 'latitude': 42.7797853, 'longitude': -71.49823219999999}","{'@type': 'AggregateRating', 'ratingValue': 4.2, 'reviewCount': '22'}"
Denny's (34 Gusabel Avenue),https://www.ubereats.com/manchester-nh/food-delivery/dennys-34-gusabel-avenue/PGeCiKxeR8udQWxf-5GyQA,nashua-new-hampshire,"['American', 'Breakfast and Brunch', 'Coffee and Tea', 'Dinner', 'Desserts', 'Salads', 'Steak', 'Sandwich']",4.3,63,$$,42.76514359999999,-71.49437449999999,(603) 578-0370,3063,34 Gusabel Avenue,Nashua,NH,"[{'@type': 'OpeningHoursSpecification', 'dayOfWeek': ['Sunday', 'Monday', 'Tuesday', 'Wednesday'], 'opens': '7:0', 'closes': '23:59'}, {'@type': 'OpeningHoursSpecification', 'dayOfWeek': 'Thursday', 'opens': '7:0', 'closes': '0:0'}, {'@type': 'OpeningHoursSpecification', 'dayOfWeek': ['Friday', 'Saturday'], 'opens': '7:0', 'closes': '2:0'}]","{'@type': 'PostalAddress', 'addressLocality': 'Nashua', 'addressRegion': 'NH', 'postalCode': '3063', 'addressCountry': 'US', 'streetAddress': '34 Gusabel Avenue'}","{'@type': 'GeoCoordinates', 'latitude': 42.76514359999999, 'longitude': -71.49437449999999}","{'@type': 'AggregateRating', 'ratingValue': 4.3, 'reviewCount': '63'}"
Chick-fil-A  (377 Amherst St),https://www.ubereats.com/manchester-nh/food-delivery/chick-fil-a-377-amherst-st/47sISf0hQ_S9rI_nSjeMHg,nashua-new-hampshire,"['American', 'Fried Chicken']",4.4,30,$,42.784998,-71.507813,+16035952202,3063,377 Amherst St,Nashua,NH,"[{'@type': 'OpeningHoursSpecification', 'dayOfWeek': ['Monday', 'Tuesday', 'Wednesday', 'Thursday', 'Friday', 'Saturday'], 'opens': '6:30', 'closes': '10:0'}, {'@type': 'OpeningHoursSpecification', 'dayOfWeek': ['Monday', 'Tuesday', 'Wednesday', 'Thursday', 'Friday', 'Saturday'], 'opens': '10:0', 'closes': '21:30'}]","{'@type': 'PostalAddress', 'addressLocality': 'Nashua', 'addressRegion': 'NH', 'postalCode': '3063', 'addressCountry': 'US', 'streetAddress': '377 Amherst St'}","{'@type': 'GeoCoordinates', 'latitude': 42.784998, 'longitude': -71.507813}","{'@type': 'AggregateRating', 'ratingValue': 4.4, 'reviewCount': '30'}"
Opus Lounge,https://www.ubereats.com/manchester-nh/food-delivery/opus-lounge/elIUImxmQXOTQwRdyasG9A,nashua-new-hampshire,"['Salads', 'Sandwich', 'American']",,,$$,42.7574783,-71.4649536,+16032338205,,,,,"[{'@type': 'OpeningHoursSpecification', 'dayOfWeek': ['Monday', 'Tuesday', 'Wednesday', 'Thursday', 'Friday', 'Saturday', 'Sunday'], 'opens': '7:0', 'closes': '22:0'}]",,"{'@type': 'GeoCoordinates', 'latitude': 42.7574783, 'longitude': -71.4649536}",{}
Dunkin' (42 Daniel Webster Hwy),https://www.ubereats.com/manchester-nh/food-delivery/dunkin-42-daniel-webster-hwy/7rwjordQTqu1y0qR7rx24Q,nashua-new-hampshire,"['Breakfast and Brunch', 'Donuts']",,,$,42.8003531,-71.4752494,+16038867126,3054,42 Daniel Webster Hwy,Merrimack,NH,"[{'@type': 'OpeningHoursSpecification', 'dayOfWeek': ['Monday', 'Tuesday', 'Wednesday', 'Thursday', 'Friday', 'Saturday', 'Sunday'], 'opens': '5:30', 'closes': '18:30'}]","{'@type': 'PostalAddress', 'addressLocality': 'Merrimack', 'addressRegion': 'NH', 'postalCode': '3054', 'addressCountry': 'US', 'streetAddress': '42 Daniel Webster Hwy'}","{'@type': 'GeoCoordinates', 'latitude': 42.8003531, 'longitude': -71.4752494}",{}
Dunkin' (260 Amherst St),https://www.ubereats.com/manchester-nh/food-delivery/dunkin-260-amherst-st/t7bSpQHITYen4Q_0ljp_LQ,nashua-new-hampshire,"['Breakfast and Brunch', 'Donuts']",,,$,42.7781378,-71.4971154,+16038800388,3063,260 Amherst St,Nashua,NH,"[{'@type': 'OpeningHoursSpecification', 'dayOfWeek': 'Sunday', 'opens': '5:30', 'closes': '21:30'}, {'@type': 'OpeningHoursSpecification', 'dayOfWeek': ['Monday', 'Tuesday', 'Wednesday', 'Thursday', 'Friday', 'Saturday'], 'opens': '4:30', 'closes': '21:30'}]","{'@type': 'PostalAddress', 'addressLocality': 'Nashua', 'addressRegion': 'NH', 'postalCode': '3063', 'addressCountry': 'US', 'streetAddress': '260 Amherst St'}","{'@type': 'GeoCoordinates', 'latitude': 42.7781378, 'longitude': -71.4971154}",{}
Chipotle Mexican Grill (225 Daniel Webster Hwy),https://www.ubereats.com/manchester-nh/food-delivery/chipotle-mexican-grill-225-daniel-webster-hwy/BM2rQUz5Toe6FIscrYdYkw,nashua-new-hampshire,"['Healthy', 'Mexican']",4.2,98,$,42.71229839999999,-71.44394369999999,+16038880889,3060,225 Daniel Webster Hwy,Nashua,NH,"[{'@type': 'OpeningHoursSpecification', 'dayOfWeek': ['Monday', 'Tuesday', 'Wednesday', 'Thursday', 'Friday', 'Saturday', 'Sunday'], 'opens': '10:45', 'closes': '21:40'}]","{'@type': 'PostalAddress', 'addressLocality': 'Nashua', 'addressRegion': 'NH', 'postalCode': '3060', 'addressCountry': 'US', 'streetAddress': '225 Daniel Webster Hwy'}","{'@type': 'GeoCoordinates', 'latitude': 42.71229839999999, 'longitude': -71.44394369999999}","{'@type': 'AggregateRating', 'ratingValue': 4.2, 'reviewCount': '98'}"
Dunkin' (300 Main St),https://www.ubereats.com/manchester-nh/food-delivery/dunkin-300-main-st/01pLZhO5R2Gj9bTxiUENAQ,nashua-new-hampshire,"['Breakfast and Brunch', 'Donuts']",4.2,12,$,42.75284,-71.459926,+16038839443,3060,300 Main St,Nashua,NH,"[{'@type': 'OpeningHoursSpecification', 'dayOfWeek': 'Sunday', 'opens': '5:30', 'closes': '18:30'}, {'@type': 'OpeningHoursSpecification', 'dayOfWeek': ['Monday', 'Tuesday', 'Wednesday', 'Thursday'], 'opens': '4:30', 'closes': '18:30'}, {'@type': 'OpeningHoursSpecification', 'dayOfWeek': ['Friday', 'Saturday'], 'opens': '5:0', 'closes': '18:30'}]","{'@type': 'PostalAddress', 'addressLocality': 'Nashua', 'addressRegion': 'NH', 'postalCode': '3060', 'addressCountry': 'US', 'streetAddress': '300 Main St'}","{'@type': 'GeoCoordinates', 'latitude': 42.75284, 'longitude': -71.459926}","{'@type': 'AggregateRating', 'ratingValue': 4.2, 'reviewCount': '12'}"
"Taco Bell (310 Daniel Webster Hwy., Space F-109)",https://www.ubereats.com/manchester-nh/food-delivery/taco-bell-310-daniel-webster-hwy-space-f-109/TstzdCTBT5a73DSqjkHuzQ,nashua-new-hampshire,"['Burritos', 'Fast Food', 'Mexican']",,,$,42.70101700000001,-71.4369865,+16038888181,03060,310 Daniel Webster Hwy. Space F-109,Nashua,NH,"[{'@type': 'OpeningHoursSpecification', 'dayOfWeek': ['Monday', 'Tuesday', 'Wednesday', 'Thursday', 'Friday', 'Saturday', 'Sunday'], 'opens': '14:0', 'closes': '17:0'}, {'@type': 'OpeningHoursSpecification', 'dayOfWeek': ['Monday', 'Tuesday', 'Wednesday', 'Thursday', 'Friday', 'Saturday', 'Sunday'], 'opens': '6:0', 'closes': '22:30'}]","{'@type': 'PostalAddress', 'addressLocality': 'Nashua', 'addressRegion': 'NH', 'postalCode': '03060', 'addressCountry': 'US', 'streetAddress': '310 Daniel Webster Hwy. Space F-109'}","{'@type': 'GeoCoordinates', 'latitude': 42.70101700000001, 'longitude': -71.4369865}",{}
Soprano's Pizzeria,https://www.ubereats.com/manchester-nh/food-delivery/sopranos-pizzeria/kn6yy3zJRFG7AcGjb-Xk4w,nashua-new-hampshire,"['Italian', 'Pasta', 'Comfort Food']",,,$,42.7643893,-71.467458,+16038800443,03064,23 Main St,Nashua,NH,"[{'@type': 'OpeningHoursSpecification', 'dayOfWeek': 'Sunday', 'opens': '11:30', 'closes': '20:30'}, {'@type': 'OpeningHoursSpecification', 'dayOfWeek': ['Monday', 'Tuesday', 'Wednesday', 'Thursday'], 'opens': '11:0', 'closes': '21:0'}, {'@type': 'OpeningHoursSpecification', 'dayOfWeek': ['Monday', 'Tuesday', 'Wednesday', 'Thursday'], 'opens': '11:30', 'closes': '20:30'}, {'@type': 'OpeningHoursSpecification', 'dayOfWeek': ['Friday', 'Saturday'], 'opens': '11:0', 'closes': '21:0'}]","{'@type': 'PostalAddress', 'addressLocality': 'Nashua', 'addressRegion': 'NH', 'postalCode': '03064', 'addressCountry': 'US', 'streetAddress': '23 Main St'}","{'@type': 'GeoCoordinates', 'latitude': 42.7643893, 'longitude': -71.467458}",{}
Taco Bell (125 Route 101A Ste B),https://www.ubereats.com/manchester-nh/food-delivery/taco-bell-125-route-101a-ste-b/bW_sd7hxRVuYX1k-bbH0-A,nashua-new-hampshire,"['Burritos', 'Fast Food', 'Mexican']",,,$,42.8064146,-71.5674672,+16038890957,3031,125 Route 101A Ste B,Amherst,NH,"[{'@type': 'OpeningHoursSpecification', 'dayOfWeek': ['Monday', 'Tuesday', 'Wednesday', 'Thursday', 'Friday', 'Saturday', 'Sunday'], 'opens': '14:0', 'closes': '17:0'}, {'@type': 'OpeningHoursSpecification', 'dayOfWeek': ['Monday', 'Tuesday', 'Wednesday', 'Thursday', 'Friday', 'Saturday', 'Sunday'], 'opens': '10:0', 'closes': '0:30'}]","{'@type': 'PostalAddress', 'addressLocality': 'Amherst', 'addressRegion': 'NH', 'postalCode': '3031', 'addressCountry': 'US', 'streetAddress': '125 Route 101A Ste B'}","{'@type': 'GeoCoordinates', 'latitude': 42.8064146, 'longitude': -71.5674672}",{}
Honeydew donuts(Canal),https://www.ubereats.com/manchester-nh/food-delivery/honeydew-donutscanal/zo_uU7NHQG61Rr9LRtoX1A,nashua-new-hampshire,"['Burgers', 'American', 'Sandwiches']",,,$,42.7640864,-71.4573707,+16512066040,03064,104 Canal St,Nashua,NH,"[{'@type': 'OpeningHoursSpecification', 'dayOfWeek': 'Sunday', 'opens': '5:0', 'closes': '19:0'}, {'@type': 'OpeningHoursSpecification', 'dayOfWeek': ['Monday', 'Tuesday', 'Wednesday', 'Thursday', 'Friday', 'Saturday'], 'opens': '5:30', 'closes': '20:0'}]","{'@type': 'PostalAddress', 'addressLocality': 'Nashua', 'addressRegion': 'NH', 'postalCode': '03064', 'addressCountry': 'US', 'streetAddress': '104 Canal St'}","{'@type': 'GeoCoordinates', 'latitude': 42.7640864, 'longitude': -71.4573707}",{}
Dunkin' (308 Daniel Webster Hwy),https://www.ubereats.com/manchester-nh/food-delivery/dunkin-308-daniel-webster-hwy/Sxi5-6dDSsqQ7sl5pX4cyw,nashua-new-hampshire,"['Breakfast and Brunch', 'Donuts']",,,$,42.84047470000001,-71.4917591,+16034299929,3054,308 Daniel Webster Hwy,Merrimack,NH,"[{'@type': 'OpeningHoursSpecification', 'dayOfWeek': 'Sunday', 'opens': '5:30', 'closes': '21:30'}, {'@type': 'OpeningHoursSpecification', 'dayOfWeek': ['Monday', 'Tuesday', 'Wednesday', 'Thursday', 'Friday', 'Saturday'], 'opens': '4:30', 'closes': '21:30'}]","{'@type': 'PostalAddress', 'addressLocality': 'Merrimack', 'addressRegion': 'NH', 'postalCode': '3054', 'addressCountry': 'US', 'streetAddress': '308 Daniel Webster Hwy'}","{'@type': 'GeoCoordinates', 'latitude': 42.84047470000001, 'longitude': -71.4917591}",{}
Uno Pizzeria & Grill (#507),https://www.ubereats.com/manchester-nh/food-delivery/uno-pizzeria-%26-grill-%23507/1_58U3XNTZmiC-IkYtUB0g,nashua-new-hampshire,"['Pizza', 'Sandwich', 'Salads', 'Healthy', 'Vegetarian']",4.6,23,$$,42.8005101,-71.5354413,+16038864132,03063,593 Amherst St.,Nashua,NH,"[{'@type': 'OpeningHoursSpecification', 'dayOfWeek': ['Sunday', 'Monday', 'Tuesday', 'Wednesday', 'Thursday'], 'opens': '12:0', 'closes': '20:30'}, {'@type': 'OpeningHoursSpecification', 'dayOfWeek': ['Friday', 'Saturday'], 'opens': '12:0', 'closes': '21:30'}]","{'@type': 'PostalAddress', 'addressLocality': 'Nashua', 'addressRegion': 'NH', 'postalCode': '03063', 'addressCountry': 'US', 'streetAddress': '593 Amherst St.'}","{'@type': 'GeoCoordinates', 'latitude': 42.8005101, 'longitude': -71.5354413}","{'@type': 'AggregateRating', 'ratingValue': 4.6, 'reviewCount': '23'}"
Panda Express (219 Daniel Webster Highway),https://www.ubereats.com/manchester-nh/food-delivery/panda-express-219-daniel-webster-highway/x6GkDwuzSR2n8hkhxFJ9Tg,nashua-new-hampshire,['Chinese'],3.6,51,$,42.7127817,-71.4429444,+16038881762,3060,219 Daniel Webster Highway,Nashua,NH,"[{'@type': 'OpeningHoursSpecification', 'dayOfWeek': ['Monday', 'Tuesday', 'Wednesday', 'Thursday', 'Friday', 'Saturday', 'Sunday'], 'opens': '11:0', 'closes': '20:30'}]","{'@type': 'PostalAddress', 'addressLocality': 'Nashua', 'addressRegion': 'NH', 'postalCode': '3060', 'addressCountry': 'US', 'streetAddress': '219 Daniel Webster Highway'}","{'@type': 'GeoCoordinates', 'latitude': 42.7127817, 'longitude': -71.4429444}","{'@type': 'AggregateRating', 'ratingValue': 3.6, 'reviewCount': '51'}"
McDonald's® (251 LOWELL RD),https://www.ubereats.com/manchester-nh/food-delivery/mcdonalds-251-lowell-rd/mnhKoKsERoWWJgwHRbL7Yg,nashua-new-hampshire,"['American', 'Burgers', 'Fast Food']",4.5,21,$,42.725949,-71.424088,+16038829603,3051,251 LOWELL RD,HUDSON,NH,"[{'@type': 'OpeningHoursSpecification', 'dayOfWeek': 'Sunday', 'opens': '6:0', 'closes': '10:59'}, {'@type': 'OpeningHoursSpecification', 'dayOfWeek': 'Sunday', 'opens': '11:0', 'closes': '16:59'}, {'@type': 'OpeningHoursSpecification', 'dayOfWeek': 'Sunday', 'opens': '17:0', 'closes': '23:44'}, {'@type': 'OpeningHoursSpecification', 'dayOfWeek': ['Monday', 'Tuesday', 'Wednesday', 'Thursday', 'Friday', 'Saturday'], 'opens': '6:0', 'closes': '10:29'}, {'@type': 'OpeningHoursSpecification', 'dayOfWeek': ['Monday', 'Tuesday', 'Wednesday', 'Thursday', 'Friday', 'Saturday'], 'opens': '10:30', 'closes': '16:59'}, {'@type': 'OpeningHoursSpecification', 'dayOfWeek': ['Monday', 'Tuesday', 'Wednesday', 'Thursday', 'Friday', 'Saturday'], 'opens': '17:0', 'closes': '23:44'}]","{'@type': 'PostalAddress', 'addressLocality': 'HUDSON', 'addressRegion': 'NH', 'postalCode': '3051', 'addressCountry': 'US', 'streetAddress': '251 LOWELL RD'}","{'@type': 'GeoCoordinates', 'latitude': 42.725949, 'longitude': -71.424088}","{'@type': 'AggregateRating', 'ratingValue': 4.5, 'reviewCount': '21'}"
Courthouse Pizza & Subs,https://www.ubereats.com/manchester-nh/food-delivery/courthouse-pizza-%26-subs/WPSLYOWzQ9mnLQadmHfJbQ,nashua-new-hampshire,['Pizza'],,,$$,42.75962363711189,-71.46791476018068,+16038827200,,,,,"[{'@type': 'OpeningHoursSpecification', 'dayOfWeek': ['Sunday', 'Monday', 'Tuesday', 'Wednesday', 'Thursday'], 'opens': '10:0', 'closes': '22:30'}, {'@type': 'OpeningHoursSpecification', 'dayOfWeek': ['Friday', 'Saturday'], 'opens': '10:0', 'closes': '23:30'}]",,"{'@type': 'GeoCoordinates', 'latitude': 42.75962363711189, 'longitude': -71.46791476018068}",{}
Papa Gino's (3 Continental Boulevard),https://www.ubereats.com/manchester-nh/food-delivery/papa-ginos-3-continental-boulevard/EVMW5TaZREuMZMBrccmaEg,nashua-new-hampshire,"['Italian', 'Pasta', 'Comfort Food']",,,$,42.8384459,-71.4969299,+16034291476,3054,3 Continental Boulevard,Merrimack,NH,"[{'@type': 'OpeningHoursSpecification', 'dayOfWeek': 'Sunday', 'opens': '11:0', 'closes': '20:45'}, {'@type': 'OpeningHoursSpecification', 'dayOfWeek': ['Monday', 'Tuesday', 'Wednesday', 'Thursday'], 'opens': '10:30', 'closes': '20:45'}, {'@type': 'OpeningHoursSpecification', 'dayOfWeek': ['Friday', 'Saturday'], 'opens': '10:30', 'closes': '21:45'}]","{'@type': 'PostalAddress', 'addressLocality': 'Merrimack', 'addressRegion': 'NH', 'postalCode': '3054', 'addressCountry': 'US', 'streetAddress': '3 Continental Boulevard'}","{'@type': 'GeoCoordinates', 'latitude': 42.8384459, 'longitude': -71.4969299}",{}
Lui Lui,https://www.ubereats.com/manchester-nh/food-delivery/lui-lui/57ISmwckT8qsyGUgBgu7Bw,nashua-new-hampshire,['Italian'],4.5,85,$$,42.7077031,-71.4418565,+16038882588,,,,,"[{'@type': 'OpeningHoursSpecification', 'dayOfWeek': 'Sunday', 'opens': '11:0', 'closes': '20:30'}, {'@type': 'OpeningHoursSpecification', 'dayOfWeek': ['Monday', 'Tuesday', 'Wednesday', 'Thursday', 'Friday'], 'opens': '11:0', 'closes': '20:30'}, {'@type': 'OpeningHoursSpecification', 'dayOfWeek': ['Monday', 'Tuesday', 'Wednesday', 'Thursday', 'Friday'], 'opens': '11:0', 'closes': '15:0'}, {'@type': 'OpeningHoursSpecification', 'dayOfWeek': 'Saturday', 'opens': '11:0', 'closes': '20:30'}]",,"{'@type': 'GeoCoordinates', 'latitude': 42.7077031, 'longitude': -71.4418565}","{'@type': 'AggregateRating', 'ratingValue': 4.5, 'reviewCount': '85'}"
Dunkin' (190 Amherst St),https://www.ubereats.com/manchester-nh/food-delivery/dunkin-190-amherst-st/C2HYlH3bS2CxJCoaCdS4nA,nashua-new-hampshire,"['Breakfast and Brunch', 'Donuts']",,,$,42.7751613,-71.4899969,+16038805352,3060,190 Amherst St,Nashua,NH,"[{'@type': 'OpeningHoursSpecification', 'dayOfWeek': 'Sunday', 'opens': '5:30', 'closes': '18:30'}, {'@type': 'OpeningHoursSpecification', 'dayOfWeek': 'Monday', 'opens': '5:30', 'closes': '17:30'}, {'@type': 'OpeningHoursSpecification', 'dayOfWeek': ['Tuesday', 'Wednesday', 'Thursday', 'Friday', 'Saturday'], 'opens': '5:30', 'closes': '18:30'}]","{'@type': 'PostalAddress', 'addressLocality': 'Nashua', 'addressRegion': 'NH', 'postalCode': '3060', 'addressCountry': 'US', 'streetAddress': '190 Amherst St'}","{'@type': 'GeoCoordinates', 'latitude': 42.7751613, 'longitude': -71.4899969}",{}
Sakura Asian Bistro,https://www.ubereats.com/manchester-nh/food-delivery/sakura-asian-bistro/oUEczvYoRRGoCgohnb66wg,nashua-new-hampshire,"['Asian Fusion', 'Japanese', 'Sushi']",4.6,100,$,42.71998139999999,-71.441639,+16035899815,3060,"166 Daniel Webster Hwy, 3",Nashua,NH,"[{'@type': 'OpeningHoursSpecification', 'dayOfWeek': 'Sunday', 'opens': '12:0', 'closes': '21:0'}, {'@type': 'OpeningHoursSpecification', 'dayOfWeek': 'Sunday', 'opens': '12:0', 'closes': '22:0'}, {'@type': 'OpeningHoursSpecification', 'dayOfWeek': ['Monday', 'Tuesday', 'Wednesday', 'Thursday'], 'opens': '11:30', 'closes': '21:0'}, {'@type': 'OpeningHoursSpecification', 'dayOfWeek': ['Monday', 'Tuesday', 'Wednesday', 'Thursday'], 'opens': '11:30', 'closes': '22:0'}, {'@type': 'OpeningHoursSpecification', 'dayOfWeek': ['Friday', 'Saturday'], 'opens': '11:30', 'closes': '21:0'}, {'@type': 'OpeningHoursSpecification', 'dayOfWeek': ['Friday', 'Saturday'], 'opens': '11:30', 'closes': '23:0'}]","{'@type': 'PostalAddress', 'addressLocality': 'Nashua', 'addressRegion': 'NH', 'postalCode': '3060', 'addressCountry': 'US', 'streetAddress': '166 Daniel Webster Hwy, 3'}","{'@type': 'GeoCoordinates', 'latitude': 42.71998139999999, 'longitude': -71.441639}","{'@type': 'AggregateRating', 'ratingValue': 4.6, 'reviewCount': '100'}"
TerraGia,https://www.ubereats.com/manchester-nh/food-delivery/terragia/x_laGVkjRb2ft5o_bgQJ9w,nashua-new-hampshire,"['Burgers', 'American', 'Sandwiches']",,,$,42.762336,-71.4653246,+16034173133,,,,,"[{'@type': 'OpeningHoursSpecification', 'dayOfWeek': 'Sunday', 'opens': '8:0', 'closes': '14:0'}, {'@type': 'OpeningHoursSpecification', 'dayOfWeek': ['Monday', 'Tuesday', 'Wednesday', 'Thursday', 'Friday', 'Saturday'], 'opens': '8:0', 'closes': '19:0'}]",,"{'@type': 'GeoCoordinates', 'latitude': 42.762336, 'longitude': -71.4653246}",{}
Popeyes (141 Daniel Webster Highway),https://www.ubereats.com/manchester-nh/food-delivery/popeyes-141-daniel-webster-highway/WA10FTW6QQWv3SK1NROBaA,nashua-new-hampshire,"['American', 'Fast Food', 'Comfort Food']",4.5,83,$,42.7260487,-71.447028,+16039435197,3060,141 Daniel Webster Highway,Nashua,NH,"[{'@type': 'OpeningHoursSpecification', 'dayOfWeek': ['Sunday', 'Monday', 'Tuesday', 'Wednesday', 'Thursday'], 'opens': '11:0', 'closes': '21:30'}, {'@type': 'OpeningHoursSpecification', 'dayOfWeek': ['Friday', 'Saturday'], 'opens': '11:0', 'closes': '22:30'}]","{'@type': 'PostalAddress', 'addressLocality': 'Nashua', 'addressRegion': 'NH', 'postalCode': '3060', 'addressCountry': 'US', 'streetAddress': '141 Daniel Webster Highway'}","{'@type': 'GeoCoordinates', 'latitude': 42.7260487, 'longitude': -71.447028}","{'@type': 'AggregateRating', 'ratingValue': 4.5, 'reviewCount': '83'}"
India Palace,https://www.ubereats.com/manchester-nh/food-delivery/india-palace/yeu3p3yKTkW9NWs4n4zL3Q,nashua-new-hampshire,"['Indian', 'Seafood', 'Desserts']",4.6,50,$$,42.7929732,-71.5216231,+16035460425,03063,493 Amherst St,Nashua,New Hampshire,"[{'@type': 'OpeningHoursSpecification', 'dayOfWeek': 'Sunday', 'opens': '12:0', 'closes': '21:15'}, {'@type': 'OpeningHoursSpecification', 'dayOfWeek': ['Monday', 'Tuesday', 'Wednesday', 'Thursday'], 'opens': '11:30', 'closes': '14:15'}, {'@type': 'OpeningHoursSpecification', 'dayOfWeek': ['Monday', 'Tuesday', 'Wednesday', 'Thursday'], 'opens': '16:30', 'closes': '21:15'}, {'@type': 'OpeningHoursSpecification', 'dayOfWeek': 'Friday', 'opens': '11:30', 'closes': '14:15'}, {'@type': 'OpeningHoursSpecification', 'dayOfWeek': 'Friday', 'opens': '16:30', 'closes': '21:45'}, {'@type': 'OpeningHoursSpecification', 'dayOfWeek': 'Saturday', 'opens': '12:0', 'closes': '21:45'}]","{'@type': 'PostalAddress', 'addressLocality': 'Nashua', 'addressRegion': 'New Hampshire', 'postalCode': '03063', 'addressCountry': 'US', 'streetAddress': '493 Amherst St'}","{'@type': 'GeoCoordinates', 'latitude': 42.7929732, 'longitude': -71.5216231}","{'@type': 'AggregateRating', 'ratingValue': 4.6, 'reviewCount': '50'}"
Cucina Toscana,https://www.ubereats.com/manchester-nh/food-delivery/cucina-toscana/bIWeqyWnTt6iLFinFrK4wQ,nashua-new-hampshire,['Italian'],,,$$,42.7878948,-71.5132763,+16038217356,,,,,"[{'@type': 'OpeningHoursSpecification', 'dayOfWeek': 'Sunday', 'opens': '12:0', 'closes': '20:45'}, {'@type': 'OpeningHoursSpecification', 'dayOfWeek': 'Monday', 'opens': '15:0', 'closes': '20:45'}, {'@type': 'OpeningHoursSpecification', 'dayOfWeek': ['Tuesday', 'Wednesday', 'Thursday', 'Friday'], 'opens': '11:30', 'closes': '15:0'}, {'@type': 'OpeningHoursSpecification', 'dayOfWeek': ['Tuesday', 'Wednesday', 'Thursday', 'Friday'], 'opens': '15:0', 'closes': '20:45'}, {'@type': 'OpeningHoursSpecification', 'dayOfWeek': 'Saturday', 'opens': '12:0', 'closes': '20:45'}]",,"{'@type': 'GeoCoordinates', 'latitude': 42.7878948, 'longitude': -71.5132763}",{}
Papa John's (110 Daniel Webster Highway),https://www.ubereats.com/manchester-nh/food-delivery/papa-johns-110-daniel-webster-highway/DxLN9S1ETsaWZfb5Xa2FyQ,nashua-new-hampshire,"['Pizza', 'Wings', 'Desserts']",4.7,48,$,42.72942279999999,-71.448002,+16038885005,03060,110 Daniel Webster Highway,Nashua,NH,"[{'@type': 'OpeningHoursSpecification', 'dayOfWeek': ['Sunday', 'Monday', 'Tuesday', 'Wednesday', 'Thursday'], 'opens': '10:0', 'closes': '23:10'}, {'@type': 'OpeningHoursSpecification', 'dayOfWeek': ['Friday', 'Saturday'], 'opens': '10:0', 'closes': '0:10'}]","{'@type': 'PostalAddress', 'addressLocality': 'Nashua', 'addressRegion': 'NH', 'postalCode': '03060', 'addressCountry': 'US', 'streetAddress': '110 Daniel Webster Highway'}","{'@type': 'GeoCoordinates', 'latitude': 42.72942279999999, 'longitude': -71.448002}","{'@type': 'AggregateRating', 'ratingValue': 4.7, 'reviewCount': '48'}"
Temptations Mexican Restaurant,https://www.ubereats.com/manchester-nh/food-delivery/temptations-mexican-restaurant/pHBMjruoT52AnpQJL6i4yA,nashua-new-hampshire,"['Mexican', 'Latin American', 'New Mexican']",4.4,25,$,42.7564196,-71.46910439999999,+16038648250,3060,60 W Hollis St,Nashua,NH,"[{'@type': 'OpeningHoursSpecification', 'dayOfWeek': 'Sunday', 'opens': '11:0', 'closes': '23:0'}, {'@type': 'OpeningHoursSpecification', 'dayOfWeek': ['Tuesday', 'Wednesday', 'Thursday', 'Friday', 'Saturday'], 'opens': '11:0', 'closes': '23:0'}]","{'@type': 'PostalAddress', 'addressLocality': 'Nashua', 'addressRegion': 'NH', 'postalCode': '3060', 'addressCountry': 'US', 'streetAddress': '60 W Hollis St'}","{'@type': 'GeoCoordinates', 'latitude': 42.7564196, 'longitude': -71.46910439999999}","{'@type': 'AggregateRating', 'ratingValue': 4.4, 'reviewCount': '25'}"
Shanghai Osaka restaurant,https://www.ubereats.com/manchester-nh/food-delivery/shanghai-osaka-restaurant/WFdW1y2NSC-0RsC7VZAFcQ,nashua-new-hampshire,"['Asian Fusion', 'Asian', 'Korean']",,,$,42.7042233,-71.44358989999999,+16038887999,03060,295 Daniel Webster Hwy 12,Nashua,NH,"[{'@type': 'OpeningHoursSpecification', 'dayOfWeek': 'Sunday', 'opens': '12:0', 'closes': '21:0'}, {'@type': 'OpeningHoursSpecification', 'dayOfWeek': 'Sunday', 'opens': '12:0', 'closes': '15:0'}, {'@type': 'OpeningHoursSpecification', 'dayOfWeek': ['Monday', 'Tuesday', 'Wednesday', 'Thursday', 'Friday', 'Saturday'], 'opens': '12:0', 'closes': '21:0'}, {'@type': 'OpeningHoursSpecification', 'dayOfWeek': ['Monday', 'Tuesday', 'Wednesday', 'Thursday', 'Friday', 'Saturday'], 'opens': '11:30', 'closes': '15:0'}]","{'@type': 'PostalAddress', 'addressLocality': 'Nashua', 'addressRegion': 'NH', 'postalCode': '03060', 'addressCountry': 'US', 'streetAddress': '295 Daniel Webster Hwy 12'}","{'@type': 'GeoCoordinates', 'latitude': 42.7042233, 'longitude': -71.44358989999999}",{}
La Hacienda del Rio,https://www.ubereats.com/manchester-nh/food-delivery/la-hacienda-del-rio/3BjTGH_YTtiKI9w0RPnY0A,nashua-new-hampshire,"['Mexican', 'Salads']",4.4,16,,42.7180407,-71.4418565,+16038883353,03060,4 Taggart Dr,Nashua,NH,"[{'@type': 'OpeningHoursSpecification', 'dayOfWeek': 'Sunday', 'opens': '12:0', 'closes': '20:0'}, {'@type': 'OpeningHoursSpecification', 'dayOfWeek': 'Sunday', 'opens': '8:0', 'closes': '8:5'}, {'@type': 'OpeningHoursSpecification', 'dayOfWeek': ['Monday', 'Tuesday', 'Wednesday'], 'opens': '11:30', 'closes': '20:30'}, {'@type': 'OpeningHoursSpecification', 'dayOfWeek': ['Monday', 'Tuesday', 'Wednesday'], 'opens': '8:0', 'closes': '8:5'}, {'@type': 'OpeningHoursSpecification', 'dayOfWeek': ['Thursday', 'Friday', 'Saturday'], 'opens': '11:30', 'closes': '21:30'}, {'@type': 'OpeningHoursSpecification', 'dayOfWeek': ['Thursday', 'Friday', 'Saturday'], 'opens': '8:0', 'closes': '8:5'}]","{'@type': 'PostalAddress', 'addressLocality': 'Nashua', 'addressRegion': 'NH', 'postalCode': '03060', 'addressCountry': 'US', 'streetAddress': '4 Taggart Dr'}","{'@type': 'GeoCoordinates', 'latitude': 42.7180407, 'longitude': -71.4418565}","{'@type': 'AggregateRating', 'ratingValue': 4.4, 'reviewCount': '16'}"
Wendy's  (46 E. Hollis Street),https://www.ubereats.com/manchester-nh/food-delivery/wendys-46-e-hollis-street/nzc7TpVpTZaVQSw_w6ZKAA,nashua-new-hampshire,"['American', 'Burgers', 'Fast Food']",3.9,55,$,42.7593225,-71.4577978,+16035948838,03060,46 E. Hollis Street,Nashua,NH,"[{'@type': 'OpeningHoursSpecification', 'dayOfWeek': ['Sunday', 'Monday', 'Tuesday', 'Wednesday', 'Thursday', 'Friday'], 'opens': '10:30', 'closes': '23:30'}, {'@type': 'OpeningHoursSpecification', 'dayOfWeek': ['Sunday', 'Monday', 'Tuesday', 'Wednesday', 'Thursday', 'Friday'], 'opens': '7:0', 'closes': '10:0'}, {'@type': 'OpeningHoursSpecification', 'dayOfWeek': 'Saturday', 'opens': '10:30', 'closes': '22:30'}, {'@type': 'OpeningHoursSpecification', 'dayOfWeek': 'Saturday', 'opens': '7:0', 'closes': '10:0'}]","{'@type': 'PostalAddress', 'addressLocality': 'Nashua', 'addressRegion': 'NH', 'postalCode': '03060', 'addressCountry': 'US', 'streetAddress': '46 E. Hollis Street'}","{'@type': 'GeoCoordinates', 'latitude': 42.7593225, 'longitude': -71.4577978}","{'@type': 'AggregateRating', 'ratingValue': 3.9, 'reviewCount': '55'}"
Uno Pizzeria & Grill (#501),https://www.ubereats.com/manchester-nh/food-delivery/uno-pizzeria-%26-grill-%23501/yyQoy-JYQjechSCxLdrr3w,nashua-new-hampshire,"['Pizza', 'Sandwich', 'Salads', 'Healthy', 'Vegetarian']",4.2,37,$$,42.7029071,-71.4405578,+16038886980,03060,304 Daniel Webster Highway,Nashua,NH,"[{'@type': 'OpeningHoursSpecification', 'dayOfWeek': ['Friday', 'Saturday'], 'opens': '12:0', 'closes': '23:0'}, {'@type': 'OpeningHoursSpecification', 'dayOfWeek': ['Friday', 'Saturday'], 'opens': '12:0', 'closes': '21:30'}]","{'@type': 'PostalAddress', 'addressLocality': 'Nashua', 'addressRegion': 'NH', 'postalCode': '03060', 'addressCountry': 'US', 'streetAddress': '304 Daniel Webster Highway'}","{'@type': 'GeoCoordinates', 'latitude': 42.7029071, 'longitude': -71.4405578}","{'@type': 'AggregateRating', 'ratingValue': 4.2, 'reviewCount': '37'}"
Burger King (300 Main St. Unit OP3),https://www.ubereats.com/manchester-nh/food-delivery/burger-king-300-main-st-unit-op3/KLdfNLb8Q8Wjyr9vHzS0oA,nashua-new-hampshire,"['American', 'burger', 'Fast Food']",4.2,37,$,42.7537137,-71.4616437,+16038893666,3060,300 Main St.,Nashua,NH,"[{'@type': 'OpeningHoursSpecification', 'dayOfWeek': 'Sunday', 'opens': '7:30', 'closes': '10:29'}, {'@type': 'OpeningHoursSpecification', 'dayOfWeek': 'Sunday', 'opens': '10:30', 'closes': '23:30'}, {'@type': 'OpeningHoursSpecification', 'dayOfWeek': ['Monday', 'Tuesday', 'Wednesday', 'Thursday', 'Friday', 'Saturday'], 'opens': '6:30', 'closes': '10:29'}, {'@type': 'OpeningHoursSpecification', 'dayOfWeek': ['Monday', 'Tuesday', 'Wednesday', 'Thursday', 'Friday', 'Saturday'], 'opens': '10:30', 'closes': '23:30'}]","{'@type': 'PostalAddress', 'addressLocality': 'Nashua', 'addressRegion': 'NH', 'postalCode': '3060', 'addressCountry': 'US', 'streetAddress': '300 Main St.'}","{'@type': 'GeoCoordinates', 'latitude': 42.7537137, 'longitude': -71.4616437}","{'@type': 'AggregateRating', 'ratingValue': 4.2, 'reviewCount': '37'}"
Sopranos pizza,https://www.ubereats.com/manchester-nh/food-delivery/sopranos-pizza/AdB71ohITU6E7TFoPM_bCA,nashua-new-hampshire,['Italian'],,,$$,42.7644105,-71.4674282,+16033210911,03064,23 Main St,New Hampshire,NH,"[{'@type': 'OpeningHoursSpecification', 'dayOfWeek': 'Sunday', 'opens': '14:0', 'closes': '21:0'}, {'@type': 'OpeningHoursSpecification', 'dayOfWeek': ['Monday', 'Tuesday', 'Wednesday', 'Thursday', 'Friday', 'Saturday'], 'opens': '11:0', 'closes': '21:0'}, {'@type': 'OpeningHoursSpecification', 'dayOfWeek': ['Monday', 'Tuesday', 'Wednesday', 'Thursday', 'Friday', 'Saturday'], 'opens': '14:0', 'closes': '21:0'}]","{'@type': 'PostalAddress', 'addressLocality': 'New Hampshire', 'addressRegion': 'NH', 'postalCode': '03064', 'addressCountry': 'US', 'streetAddress': '23 Main St'}","{'@type': 'GeoCoordinates', 'latitude': 42.7644105, 'longitude': -71.4674282}",{}
IHOP (230 Daniel Webster Hwy),https://www.ubereats.com/manchester-nh/food-delivery/ihop-230-daniel-webster-hwy/D2bC4Jd_TVKl1SV5fCS6tA,nashua-new-hampshire,"['American', 'Breakfast and Brunch', 'burger', 'Comfort Food', 'Dinner', 'Omelette', 'salad', 'Traditional American']",3.8,25,$,42.7116211,-71.4405578,+16035460400,3060,230 Daniel Webster Hwy,Nashua,NH,"[{'@type': 'OpeningHoursSpecification', 'dayOfWeek': ['Monday', 'Tuesday', 'Wednesday', 'Thursday', 'Friday', 'Saturday', 'Sunday'], 'opens': '7:0', 'closes': '13:50'}]","{'@type': 'PostalAddress', 'addressLocality': 'Nashua', 'addressRegion': 'NH', 'postalCode': '3060', 'addressCountry': 'US', 'streetAddress': '230 Daniel Webster Hwy'}","{'@type': 'GeoCoordinates', 'latitude': 42.7116211, 'longitude': -71.4405578}","{'@type': 'AggregateRating', 'ratingValue': 3.8, 'reviewCount': '25'}"
Dunkin' (119 East Hollis St),https://www.ubereats.com/manchester-nh/food-delivery/dunkin-119-east-hollis-st/aC6pppHrT7enllZYIgEp5Q,nashua-new-hampshire,"['Breakfast and Brunch', 'Donuts']",4.5,24,$,42.76135459999999,-71.448976,+16038819006,3060,119 East Hollis St,Nashua,NH,"[{'@type': 'OpeningHoursSpecification', 'dayOfWeek': 'Sunday', 'opens': '5:30', 'closes': '18:30'}, {'@type': 'OpeningHoursSpecification', 'dayOfWeek': ['Monday', 'Tuesday', 'Wednesday', 'Thursday', 'Friday', 'Saturday'], 'opens': '5:0', 'closes': '18:30'}]","{'@type': 'PostalAddress', 'addressLocality': 'Nashua', 'addressRegion': 'NH', 'postalCode': '3060', 'addressCountry': 'US', 'streetAddress': '119 East Hollis St'}","{'@type': 'GeoCoordinates', 'latitude': 42.76135459999999, 'longitude': -71.448976}","{'@type': 'AggregateRating', 'ratingValue': 4.5, 'reviewCount': '24'}"
WingStreet (199 Daniel Webster Hwy S),https://www.ubereats.com/manchester-nh/food-delivery/wingstreet-199-daniel-webster-hwy-s/n9YOY7fuSi6zPDT-1OWMCg,nashua-new-hampshire,"['American', 'Wings']",4.3,12,$,42.7159846,-71.443248,+16038884032,3060,199 Daniel Webster Hwy S,Nashua,NH,"[{'@type': 'OpeningHoursSpecification', 'dayOfWeek': ['Monday', 'Tuesday', 'Wednesday', 'Thursday', 'Friday', 'Saturday', 'Sunday'], 'opens': '11:30', 'closes': '20:0'}]","{'@type': 'PostalAddress', 'addressLocality': 'Nashua', 'addressRegion': 'NH', 'postalCode': '3060', 'addressCountry': 'US', 'streetAddress': '199 Daniel Webster Hwy S'}","{'@type': 'GeoCoordinates', 'latitude': 42.7159846, 'longitude': -71.443248}","{'@type': 'AggregateRating', 'ratingValue': 4.3, 'reviewCount': '12'}"
McDonald's® (75 DERRY RD),https://www.ubereats.com/manchester-nh/food-delivery/mcdonalds-75-derry-rd/T7P0sZ7pQWKdngHxttb5cg,nashua-new-hampshire,"['American', 'Burgers', 'Fast Food']",4.6,11,$,42.77397,-71.443794,+16038899528,3051,75 DERRY RD,HUDSON,NH,"[{'@type': 'OpeningHoursSpecification', 'dayOfWeek': 'Sunday', 'opens': '6:0', 'closes': '10:59'}, {'@type': 'OpeningHoursSpecification', 'dayOfWeek': 'Sunday', 'opens': '11:0', 'closes': '16:59'}, {'@type': 'OpeningHoursSpecification', 'dayOfWeek': 'Sunday', 'opens': '17:0', 'closes': '23:44'}, {'@type': 'OpeningHoursSpecification', 'dayOfWeek': ['Monday', 'Tuesday', 'Wednesday', 'Thursday', 'Friday', 'Saturday'], 'opens': '6:0', 'closes': '10:29'}, {'@type': 'OpeningHoursSpecification', 'dayOfWeek': ['Monday', 'Tuesday', 'Wednesday', 'Thursday', 'Friday', 'Saturday'], 'opens': '10:30', 'closes': '16:59'}, {'@type': 'OpeningHoursSpecification', 'dayOfWeek': ['Monday', 'Tuesday', 'Wednesday', 'Thursday', 'Friday', 'Saturday'], 'opens': '17:0', 'closes': '23:44'}]","{'@type': 'PostalAddress', 'addressLocality': 'HUDSON', 'addressRegion': 'NH', 'postalCode': '3051', 'addressCountry': 'US', 'streetAddress': '75 DERRY RD'}","{'@type': 'GeoCoordinates', 'latitude': 42.77397, 'longitude': -71.443794}","{'@type': 'AggregateRating', 'ratingValue': 4.6, 'reviewCount': '11'}"
Tropical Point Restaurant & Bar,https://www.ubereats.com/manchester-nh/food-delivery/tropical-point-restaurant-%26-bar/flSL5WaOStqERlEqCxG2eg,nashua-new-hampshire,"['Latin American', 'Mexican', 'Vegetarian', 'Sandwich', 'Salads']",4.7,30,$,42.7564624,-71.46891889999999,+16038899612,03060,58 W Hollis St,Nashua,NH,"[{'@type': 'OpeningHoursSpecification', 'dayOfWeek': 'Sunday', 'opens': '11:0', 'closes': '20:0'}, {'@type': 'OpeningHoursSpecification', 'dayOfWeek': ['Tuesday', 'Wednesday', 'Thursday', 'Friday'], 'opens': '11:0', 'closes': '20:0'}, {'@type': 'OpeningHoursSpecification', 'dayOfWeek': 'Saturday', 'opens': '11:30', 'closes': '19:0'}]","{'@type': 'PostalAddress', 'addressLocality': 'Nashua', 'addressRegion': 'NH', 'postalCode': '03060', 'addressCountry': 'US', 'streetAddress': '58 W Hollis St'}","{'@type': 'GeoCoordinates', 'latitude': 42.7564624, 'longitude': -71.46891889999999}","{'@type': 'AggregateRating', 'ratingValue': 4.7, 'reviewCount': '30'}"
Latin Bakery & Multiservices,https://www.ubereats.com/manchester-nh/food-delivery/latin-bakery-%26-multiservices/vhi4wmPMTmqjNYMlqZzXIQ,nashua-new-hampshire,"['Spanish', 'Seafood', 'Mediterranean']",,,$,42.7651187,-71.4653859,+16034385026,03064,33 Lowell St,Nashua,NH,"[{'@type': 'OpeningHoursSpecification', 'dayOfWeek': ['Monday', 'Tuesday', 'Wednesday', 'Thursday', 'Friday', 'Saturday', 'Sunday'], 'opens': '8:0', 'closes': '18:0'}, {'@type': 'OpeningHoursSpecification', 'dayOfWeek': ['Monday', 'Tuesday', 'Wednesday', 'Thursday', 'Friday', 'Saturday', 'Sunday'], 'opens': '11:0', 'closes': '15:0'}]","{'@type': 'PostalAddress', 'addressLocality': 'Nashua', 'addressRegion': 'NH', 'postalCode': '03064', 'addressCountry': 'US', 'streetAddress': '33 Lowell St'}","{'@type': 'GeoCoordinates', 'latitude': 42.7651187, 'longitude': -71.4653859}",{}
Chipotle Mexican Grill (356 Amherst St),https://www.ubereats.com/manchester-nh/food-delivery/chipotle-mexican-grill-356-amherst-st/Xi-iyOwIQn64Z_mThgVvrg,nashua-new-hampshire,"['Healthy', 'Mexican']",4.4,77,$,42.782884,-71.5048219,+16035949163,3063,356 Amherst St,Nashua,NH,"[{'@type': 'OpeningHoursSpecification', 'dayOfWeek': ['Monday', 'Tuesday', 'Wednesday', 'Thursday', 'Friday', 'Saturday', 'Sunday'], 'opens': '10:45', 'closes': '21:40'}]","{'@type': 'PostalAddress', 'addressLocality': 'Nashua', 'addressRegion': 'NH', 'postalCode': '3063', 'addressCountry': 'US', 'streetAddress': '356 Amherst St'}","{'@type': 'GeoCoordinates', 'latitude': 42.782884, 'longitude': -71.5048219}","{'@type': 'AggregateRating', 'ratingValue': 4.4, 'reviewCount': '77'}"
Burger King (Route 111),https://www.ubereats.com/manchester-nh/food-delivery/burger-king-route-111/mMlx8m9TRlqVCHnLiTBDTg,nashua-new-hampshire,"['American', 'burger', 'Fast Food']",,,$,42.7716444,-71.40807939999999,+16038837330,3051,Route 111,Hudson,NH,"[{'@type': 'OpeningHoursSpecification', 'dayOfWeek': 'Sunday', 'opens': '11:0', 'closes': '23:59'}, {'@type': 'OpeningHoursSpecification', 'dayOfWeek': 'Sunday', 'opens': '0:0', 'closes': '10:29'}, {'@type': 'OpeningHoursSpecification', 'dayOfWeek': 'Sunday', 'opens': '10:30', 'closes': '17:30'}, {'@type': 'OpeningHoursSpecification', 'dayOfWeek': ['Monday', 'Tuesday', 'Wednesday', 'Thursday'], 'opens': '0:0', 'closes': '10:29'}, {'@type': 'OpeningHoursSpecification', 'dayOfWeek': ['Monday', 'Tuesday', 'Wednesday', 'Thursday'], 'opens': '11:0', 'closes': '23:59'}, {'@type': 'OpeningHoursSpecification', 'dayOfWeek': ['Monday', 'Tuesday', 'Wednesday', 'Thursday'], 'opens': '10:30', 'closes': '19:30'}, {'@type': 'OpeningHoursSpecification', 'dayOfWeek': 'Friday', 'opens': '11:0', 'closes': '23:59'}, {'@type': 'OpeningHoursSpecification', 'dayOfWeek': 'Friday', 'opens': '0:0', 'closes': '10:29'}, {'@type': 'OpeningHoursSpecification', 'dayOfWeek': 'Friday', 'opens': '10:30', 'closes': '17:30'}, {'@type': 'OpeningHoursSpecification', 'dayOfWeek': 'Saturday', 'opens': '0:0', 'closes': '10:29'}, {'@type': 'OpeningHoursSpecification', 'dayOfWeek': 'Saturday', 'opens': '11:0', 'closes': '23:59'}, {'@type': 'OpeningHoursSpecification', 'dayOfWeek': 'Saturday', 'opens': '10:30', 'closes': '19:30'}]","{'@type': 'PostalAddress', 'addressLocality': 'Hudson', 'addressRegion': 'NH', 'postalCode': '3051', 'addressCountry': 'US', 'streetAddress': 'Route 111'}","{'@type': 'GeoCoordinates', 'latitude': 42.7716444, 'longitude': -71.40807939999999}",{}
Bertucci's (Nashua),https://www.ubereats.com/manchester-nh/food-delivery/bertuccis-nashua/lwbiLmxrQ6qQHT07OuWYwA,nashua-new-hampshire,"['Italian', 'Pizza', 'Salads']",4.4,13,$$,42.7853839,-71.5107098,+16035957244,3063,406 Amherst Street,Nashua,NH,"[{'@type': 'OpeningHoursSpecification', 'dayOfWeek': 'Sunday', 'opens': '11:30', 'closes': '21:30'}, {'@type': 'OpeningHoursSpecification', 'dayOfWeek': ['Monday', 'Tuesday', 'Wednesday'], 'opens': '11:30', 'closes': '21:30'}, {'@type': 'OpeningHoursSpecification', 'dayOfWeek': ['Monday', 'Tuesday', 'Wednesday'], 'opens': '11:30', 'closes': '15:0'}, {'@type': 'OpeningHoursSpecification', 'dayOfWeek': ['Thursday', 'Friday'], 'opens': '11:30', 'closes': '22:0'}, {'@type': 'OpeningHoursSpecification', 'dayOfWeek': ['Thursday', 'Friday'], 'opens': '11:30', 'closes': '15:0'}, {'@type': 'OpeningHoursSpecification', 'dayOfWeek': 'Saturday', 'opens': '11:30', 'closes': '22:0'}]","{'@type': 'PostalAddress', 'addressLocality': 'Nashua', 'addressRegion': 'NH', 'postalCode': '3063', 'addressCountry': 'US', 'streetAddress': '406 Amherst Street'}","{'@type': 'GeoCoordinates', 'latitude': 42.7853839, 'longitude': -71.5107098}","{'@type': 'AggregateRating', 'ratingValue': 4.4, 'reviewCount': '13'}"
luks bar and grill,https://www.ubereats.com/manchester-nh/food-delivery/luks-bar-and-grill/xbxmCJsFTw-rTNJsCu4IHg,nashua-new-hampshire,"['Italian', 'Pizza', 'Salads']",,,$$,42.7460376,-71.4250198,+16038899900,03051,142 Lowell Rd 1,Hudson,NH,"[{'@type': 'OpeningHoursSpecification', 'dayOfWeek': ['Tuesday', 'Wednesday', 'Thursday'], 'opens': '12:0', 'closes': '19:0'}, {'@type': 'OpeningHoursSpecification', 'dayOfWeek': ['Friday', 'Saturday'], 'opens': '12:0', 'closes': '20:0'}]","{'@type': 'PostalAddress', 'addressLocality': 'Hudson', 'addressRegion': 'NH', 'postalCode': '03051', 'addressCountry': 'US', 'streetAddress': '142 Lowell Rd 1'}","{'@type': 'GeoCoordinates', 'latitude': 42.7460376, 'longitude': -71.4250198}",{}
Pizzico Ristorante (Merrimack),https://www.ubereats.com/manchester-nh/food-delivery/pizzico-ristorante-merrimack/3-f1w9cASDawdcguqqdBFQ,nashua-new-hampshire,"['Italian', 'Pasta', 'Comfort Food']",4.6,25,$,42.8368912,-71.4987616,+16037657027,03054,7 Continental Blvd,Merrimack,NH,"[{'@type': 'OpeningHoursSpecification', 'dayOfWeek': 'Sunday', 'opens': '12:0', 'closes': '20:45'}, {'@type': 'OpeningHoursSpecification', 'dayOfWeek': 'Sunday', 'opens': '12:0', 'closes': '20:45'}, {'@type': 'OpeningHoursSpecification', 'dayOfWeek': ['Monday', 'Tuesday', 'Wednesday', 'Thursday'], 'opens': '11:0', 'closes': '21:45'}, {'@type': 'OpeningHoursSpecification', 'dayOfWeek': ['Monday', 'Tuesday', 'Wednesday', 'Thursday'], 'opens': '11:0', 'closes': '21:45'}, {'@type': 'OpeningHoursSpecification', 'dayOfWeek': ['Friday', 'Saturday'], 'opens': '11:0', 'closes': '22:45'}, {'@type': 'OpeningHoursSpecification', 'dayOfWeek': ['Friday', 'Saturday'], 'opens': '11:0', 'closes': '22:45'}]","{'@type': 'PostalAddress', 'addressLocality': 'Merrimack', 'addressRegion': 'NH', 'postalCode': '03054', 'addressCountry': 'US', 'streetAddress': '7 Continental Blvd'}","{'@type': 'GeoCoordinates', 'latitude': 42.8368912, 'longitude': -71.4987616}","{'@type': 'AggregateRating', 'ratingValue': 4.6, 'reviewCount': '25'}"
B.GOOD,https://www.ubereats.com/manchester-nh/food-delivery/bgood/dO3PEnenRiSNPxnuCL7qZw,nashua-new-hampshire,"['Healthy', 'Sandwich', 'Salads', 'Juice and Smoothies']",,,$,42.7129263,-71.4430624,+16038912300,3060,219 Daniel Webster Hwy,Nashua,NH,"[{'@type': 'OpeningHoursSpecification', 'dayOfWeek': ['Monday', 'Tuesday', 'Wednesday', 'Thursday', 'Friday', 'Saturday', 'Sunday'], 'opens': '11:30', 'closes': '19:30'}]","{'@type': 'PostalAddress', 'addressLocality': 'Nashua', 'addressRegion': 'NH', 'postalCode': '3060', 'addressCountry': 'US', 'streetAddress': '219 Daniel Webster Hwy'}","{'@type': 'GeoCoordinates', 'latitude': 42.7129263, 'longitude': -71.4430624}",{}
Burger King (219 Lowell Road),https://www.ubereats.com/manchester-nh/food-delivery/burger-king-219-lowell-road/8M4QMAf6RtaOa7IQWPRvgw,nashua-new-hampshire,"['American', 'burger', 'Fast Food']",,,$,42.7326929,-71.42564589999999,+16038896487,3051,219 Lowell Road,Hudson,NH,"[{'@type': 'OpeningHoursSpecification', 'dayOfWeek': 'Sunday', 'opens': '7:30', 'closes': '10:29'}, {'@type': 'OpeningHoursSpecification', 'dayOfWeek': 'Sunday', 'opens': '10:30', 'closes': '21:30'}, {'@type': 'OpeningHoursSpecification', 'dayOfWeek': ['Monday', 'Tuesday', 'Wednesday', 'Thursday', 'Friday', 'Saturday'], 'opens': '6:30', 'closes': '10:29'}, {'@type': 'OpeningHoursSpecification', 'dayOfWeek': ['Monday', 'Tuesday', 'Wednesday', 'Thursday', 'Friday', 'Saturday'], 'opens': '10:30', 'closes': '23:30'}]","{'@type': 'PostalAddress', 'addressLocality': 'Hudson', 'addressRegion': 'NH', 'postalCode': '3051', 'addressCountry': 'US', 'streetAddress': '219 Lowell Road'}","{'@type': 'GeoCoordinates', 'latitude': 42.7326929, 'longitude': -71.42564589999999}",{}
"TGI Friday's (649 - AMHERST, NH)",https://www.ubereats.com/manchester-nh/food-delivery/tgi-fridays-649-amherst-nh/l6ujRS9rQWm4boUlAIrOvQ,nashua-new-hampshire,"['Burgers', 'Bar Food', 'American']",3.8,12,$$,42.8122142,-71.5913999,+16038860130,03031,124 NH-101A,Amherst,New Hampshire,"[{'@type': 'OpeningHoursSpecification', 'dayOfWeek': ['Monday', 'Tuesday', 'Wednesday', 'Thursday', 'Friday', 'Saturday', 'Sunday'], 'opens': '11:0', 'closes': '0:30'}]","{'@type': 'PostalAddress', 'addressLocality': 'Amherst', 'addressRegion': 'New Hampshire', 'postalCode': '03031', 'addressCountry': 'US', 'streetAddress': '124 NH-101A'}","{'@type': 'GeoCoordinates', 'latitude': 42.8122142, 'longitude': -71.5913999}","{'@type': 'AggregateRating', 'ratingValue': 3.8, 'reviewCount': '12'}"
Buffalo Wild Wings (310 Daniel Webster Hwy),https://www.ubereats.com/manchester-nh/food-delivery/buffalo-wild-wings-310-daniel-webster-hwy/-eDSKru7TZiaDnu9O5iC5w,nashua-new-hampshire,"['wings', 'Chicken', 'Comfort Food']",4.4,61,$$,42.70101700000001,-71.4369865,+16038889464,,,,,"[{'@type': 'OpeningHoursSpecification', 'dayOfWeek': ['Monday', 'Tuesday', 'Wednesday', 'Thursday', 'Friday', 'Saturday', 'Sunday'], 'opens': '11:0', 'closes': '21:0'}]",,"{'@type': 'GeoCoordinates', 'latitude': 42.70101700000001, 'longitude': -71.4369865}","{'@type': 'AggregateRating', 'ratingValue': 4.4, 'reviewCount': '61'}"
Wendy's  (14 Gusabel Ave),https://www.ubereats.com/manchester-nh/food-delivery/wendys-14-gusabel-ave/39183-0hSPKRES5hJPgC9g,nashua-new-hampshire,"['American', 'Burgers', 'Fast Food']",4.1,25,$,42.76656620000001,-71.4946344,+16035778719,03063,14 Gusabel Ave,Nashua,NH,"[{'@type': 'OpeningHoursSpecification', 'dayOfWeek': 'Sunday', 'opens': '10:30', 'closes': '21:30'}, {'@type': 'OpeningHoursSpecification', 'dayOfWeek': 'Sunday', 'opens': '7:0', 'closes': '10:0'}, {'@type': 'OpeningHoursSpecification', 'dayOfWeek': ['Monday', 'Tuesday', 'Wednesday', 'Thursday'], 'opens': '10:30', 'closes': '22:30'}, {'@type': 'OpeningHoursSpecification', 'dayOfWeek': ['Monday', 'Tuesday', 'Wednesday', 'Thursday'], 'opens': '7:0', 'closes': '10:0'}, {'@type': 'OpeningHoursSpecification', 'dayOfWeek': ['Friday', 'Saturday'], 'opens': '10:30', 'closes': '23:30'}, {'@type': 'OpeningHoursSpecification', 'dayOfWeek': ['Friday', 'Saturday'], 'opens': '7:0', 'closes': '10:0'}]","{'@type': 'PostalAddress', 'addressLocality': 'Nashua', 'addressRegion': 'NH', 'postalCode': '03063', 'addressCountry': 'US', 'streetAddress': '14 Gusabel Ave'}","{'@type': 'GeoCoordinates', 'latitude': 42.76656620000001, 'longitude': -71.4946344}","{'@type': 'AggregateRating', 'ratingValue': 4.1, 'reviewCount': '25'}"
Panda Gourmet,https://www.ubereats.com/manchester-nh/food-delivery/panda-gourmet/YsyThZqhS46tIzG9KImAzw,nashua-new-hampshire,"['Chinese', 'Asian', 'Asian Fusion']",,,$,42.7731781,-71.4452105,+16038814209,3051,76 Derry Road,Hudson,NH,"[{'@type': 'OpeningHoursSpecification', 'dayOfWeek': ['Monday', 'Tuesday', 'Wednesday', 'Thursday', 'Friday', 'Saturday', 'Sunday'], 'opens': '11:0', 'closes': '21:0'}]","{'@type': 'PostalAddress', 'addressLocality': 'Hudson', 'addressRegion': 'NH', 'postalCode': '3051', 'addressCountry': 'US', 'streetAddress': '76 Derry Road'}","{'@type': 'GeoCoordinates', 'latitude': 42.7731781, 'longitude': -71.4452105}",{}
Honeydew donuts(Mammoth),https://www.ubereats.com/manchester-nh/food-delivery/honeydew-donutsmammoth/8Vcc_ThXSj6003KoaWsZEg,nashua-new-hampshire,"['Burgers', 'American', 'Sandwiches']",,,$,42.8014904,-71.35232979999999,+16512066040,03087,18 Mammoth Rd,Windham,NH,"[{'@type': 'OpeningHoursSpecification', 'dayOfWeek': 'Sunday', 'opens': '5:0', 'closes': '15:0'}, {'@type': 'OpeningHoursSpecification', 'dayOfWeek': 'Sunday', 'opens': '0:0', 'closes': '19:0'}, {'@type': 'OpeningHoursSpecification', 'dayOfWeek': ['Monday', 'Tuesday', 'Wednesday', 'Thursday', 'Friday', 'Saturday'], 'opens': '5:0', 'closes': '15:0'}]","{'@type': 'PostalAddress', 'addressLocality': 'Windham', 'addressRegion': 'NH', 'postalCode': '03087', 'addressCountry': 'US', 'streetAddress': '18 Mammoth Rd'}","{'@type': 'GeoCoordinates', 'latitude': 42.8014904, 'longitude': -71.35232979999999}",{}
Applebee's (379 Amherst St) #81037,https://www.ubereats.com/manchester-nh/food-delivery/applebees-379-amherst-st-%2381037/2Zy5uviBQ-qtV_6rdWaosw,nashua-new-hampshire,"['American', 'Bar Food', 'BBQ', 'burger', 'Chicken Strips', 'Comfort Food', 'Dinner', 'pasta', 'salad', 'Sandwich', 'Soup', 'Steak', 'Traditional American', 'wings']",4.5,95,$$,42.7857454807556,-71.50903680990646,+16038869292,,,,,"[{'@type': 'OpeningHoursSpecification', 'dayOfWeek': ['Sunday', 'Monday', 'Tuesday', 'Wednesday', 'Thursday'], 'opens': '11:0', 'closes': '23:29'}, {'@type': 'OpeningHoursSpecification', 'dayOfWeek': ['Friday', 'Saturday'], 'opens': '11:0', 'closes': '0:30'}]",,"{'@type': 'GeoCoordinates', 'latitude': 42.7857454807556, 'longitude': -71.50903680990646}","{'@type': 'AggregateRating', 'ratingValue': 4.5, 'reviewCount': '95'}"
Bubble Bee Tea,https://www.ubereats.com/manchester-nh/food-delivery/bubble-bee-tea/TsA0_Ut3SxWjAzS2vO2F6A,nashua-new-hampshire,"['Coffee and Tea', 'American', 'Breakfast and Brunch', 'Bubble Tea']",,,$,42.8257691,-71.5009389,+17813500326,,,,,"[{'@type': 'OpeningHoursSpecification', 'dayOfWeek': 'Sunday', 'opens': '12:30', 'closes': '18:0'}, {'@type': 'OpeningHoursSpecification', 'dayOfWeek': ['Monday', 'Tuesday', 'Wednesday', 'Thursday', 'Friday', 'Saturday'], 'opens': '11:30', 'closes': '19:0'}]",,"{'@type': 'GeoCoordinates', 'latitude': 42.8257691, 'longitude': -71.5009389}",{}
Himalayan curry house,https://www.ubereats.com/manchester-nh/food-delivery/himalayan-curry-house/SUePL5e-SUCvtzvy6fXh7w,nashua-new-hampshire,"['Indian', 'Vegetarian', 'Asian']",4.3,16,$,42.70378669999999,-71.44338710000001,+16034029333,3060,295 Daniel Webster Hwy 6a,Nashua,NH,"[{'@type': 'OpeningHoursSpecification', 'dayOfWeek': 'Sunday', 'opens': '12:0', 'closes': '21:0'}, {'@type': 'OpeningHoursSpecification', 'dayOfWeek': ['Monday', 'Tuesday', 'Wednesday', 'Thursday', 'Friday'], 'opens': '11:0', 'closes': '14:30'}, {'@type': 'OpeningHoursSpecification', 'dayOfWeek': ['Monday', 'Tuesday', 'Wednesday', 'Thursday', 'Friday'], 'opens': '16:30', 'closes': '21:45'}, {'@type': 'OpeningHoursSpecification', 'dayOfWeek': 'Saturday', 'opens': '12:0', 'closes': '22:0'}]","{'@type': 'PostalAddress', 'addressLocality': 'Nashua', 'addressRegion': 'NH', 'postalCode': '3060', 'addressCountry': 'US', 'streetAddress': '295 Daniel Webster Hwy 6a'}","{'@type': 'GeoCoordinates', 'latitude': 42.70378669999999, 'longitude': -71.44338710000001}","{'@type': 'AggregateRating', 'ratingValue': 4.3, 'reviewCount': '16'}"
McDonald's® (45 E HOLLIS ST),https://www.ubereats.com/manchester-nh/food-delivery/mcdonalds-45-e-hollis-st/4yARRgowRlyvoWgRMIYDSA,nashua-new-hampshire,"['American', 'Burgers', 'Fast Food']",4.4,100,$,42.758823,-71.457246,+16038803050,3060,45 E HOLLIS ST,NASHUA,NH,"[{'@type': 'OpeningHoursSpecification', 'dayOfWeek': ['Sunday', 'Monday', 'Tuesday', 'Wednesday', 'Thursday'], 'opens': '4:0', 'closes': '10:29'}, {'@type': 'OpeningHoursSpecification', 'dayOfWeek': ['Sunday', 'Monday', 'Tuesday', 'Wednesday', 'Thursday'], 'opens': '10:30', 'closes': '16:59'}, {'@type': 'OpeningHoursSpecification', 'dayOfWeek': ['Sunday', 'Monday', 'Tuesday', 'Wednesday', 'Thursday'], 'opens': '17:0', 'closes': '3:59'}, {'@type': 'OpeningHoursSpecification', 'dayOfWeek': ['Friday', 'Saturday'], 'opens': '4:0', 'closes': '10:59'}, {'@type': 'OpeningHoursSpecification', 'dayOfWeek': ['Friday', 'Saturday'], 'opens': '11:0', 'closes': '16:59'}, {'@type': 'OpeningHoursSpecification', 'dayOfWeek': ['Friday', 'Saturday'], 'opens': '17:0', 'closes': '3:59'}]","{'@type': 'PostalAddress', 'addressLocality': 'NASHUA', 'addressRegion': 'NH', 'postalCode': '3060', 'addressCountry': 'US', 'streetAddress': '45 E HOLLIS ST'}","{'@type': 'GeoCoordinates', 'latitude': 42.758823, 'longitude': -71.457246}","{'@type': 'AggregateRating', 'ratingValue': 4.4, 'reviewCount': '100'}"
McDonald's® (3 NORTHEASTERN BLVD),https://www.ubereats.com/manchester-nh/food-delivery/mcdonalds-3-northeastern-blvd/ibjslBHDRKG883VzBx3T-Q,nashua-new-hampshire,"['American', 'Burgers', 'Fast Food']",4.4,38,$,42.732549,-71.475628,+16038213099,3062,3 NORTHEASTERN BLVD,NASHUA,NH,"[{'@type': 'OpeningHoursSpecification', 'dayOfWeek': 'Sunday', 'opens': '6:0', 'closes': '10:59'}, {'@type': 'OpeningHoursSpecification', 'dayOfWeek': 'Sunday', 'opens': '11:0', 'closes': '16:59'}, {'@type': 'OpeningHoursSpecification', 'dayOfWeek': 'Sunday', 'opens': '17:0', 'closes': '22:45'}, {'@type': 'OpeningHoursSpecification', 'dayOfWeek': ['Monday', 'Tuesday', 'Wednesday', 'Thursday'], 'opens': '5:0', 'closes': '10:29'}, {'@type': 'OpeningHoursSpecification', 'dayOfWeek': ['Monday', 'Tuesday', 'Wednesday', 'Thursday'], 'opens': '10:30', 'closes': '16:59'}, {'@type': 'OpeningHoursSpecification', 'dayOfWeek': ['Monday', 'Tuesday', 'Wednesday', 'Thursday'], 'opens': '17:0', 'closes': '22:45'}, {'@type': 'OpeningHoursSpecification', 'dayOfWeek': 'Friday', 'opens': '5:0', 'closes': '10:29'}, {'@type': 'OpeningHoursSpecification', 'dayOfWeek': 'Friday', 'opens': '10:30', 'closes': '16:59'}, {'@type': 'OpeningHoursSpecification', 'dayOfWeek': 'Friday', 'opens': '17:0', 'closes': '23:44'}, {'@type': 'OpeningHoursSpecification', 'dayOfWeek': 'Saturday', 'opens': '5:0', 'closes': '10:29'}, {'@type': 'OpeningHoursSpecification', 'dayOfWeek': 'Saturday', 'opens': '11:0', 'closes': '16:59'}, {'@type': 'OpeningHoursSpecification', 'dayOfWeek': 'Saturday', 'opens': '17:0', 'closes': '23:44'}]","{'@type': 'PostalAddress', 'addressLocality': 'NASHUA', 'addressRegion': 'NH', 'postalCode': '3062', 'addressCountry': 'US', 'streetAddress': '3 NORTHEASTERN BLVD'}","{'@type': 'GeoCoordinates', 'latitude': 42.732549, 'longitude': -71.475628}","{'@type': 'AggregateRating', 'ratingValue': 4.4, 'reviewCount': '38'}"
Subway (291 Main St Unit C),https://www.ubereats.com/manchester-nh/food-delivery/subway-291-main-st-unit-c/xUDMGf_oTDqmHdVTGLb0Iw,nashua-new-hampshire,"['Fast Food', 'Sandwich', 'American']",4.4,28,$,42.7539316,-71.4624955,+16038831211,3060,291 Main St Unit C,Nashua,NH,"[{'@type': 'OpeningHoursSpecification', 'dayOfWeek': 'Sunday', 'opens': '11:0', 'closes': '19:30'}, {'@type': 'OpeningHoursSpecification', 'dayOfWeek': 'Monday', 'opens': '9:0', 'closes': '21:30'}, {'@type': 'OpeningHoursSpecification', 'dayOfWeek': 'Tuesday', 'opens': '9:21', 'closes': '21:30'}, {'@type': 'OpeningHoursSpecification', 'dayOfWeek': ['Wednesday', 'Thursday', 'Friday'], 'opens': '9:0', 'closes': '22:30'}, {'@type': 'OpeningHoursSpecification', 'dayOfWeek': 'Saturday', 'opens': '10:0', 'closes': '19:30'}]","{'@type': 'PostalAddress', 'addressLocality': 'Nashua', 'addressRegion': 'NH', 'postalCode': '3060', 'addressCountry': 'US', 'streetAddress': '291 Main St Unit C'}","{'@type': 'GeoCoordinates', 'latitude': 42.7539316, 'longitude': -71.4624955}","{'@type': 'AggregateRating', 'ratingValue': 4.4, 'reviewCount': '28'}"
Wendy's  (631 Amherst St),https://www.ubereats.com/manchester-nh/food-delivery/wendys-631-amherst-st/o6tpaBWGRmGK-4ABeTFZQQ,nashua-new-hampshire,"['American', 'Burgers', 'Fast Food']",,,$,42.8032016,-71.54042590000002,+16035778706,03063,631 Amherst St,Nashua,NH,"[{'@type': 'OpeningHoursSpecification', 'dayOfWeek': 'Sunday', 'opens': '10:30', 'closes': '19:30'}, {'@type': 'OpeningHoursSpecification', 'dayOfWeek': 'Sunday', 'opens': '7:0', 'closes': '10:0'}, {'@type': 'OpeningHoursSpecification', 'dayOfWeek': ['Monday', 'Tuesday', 'Wednesday', 'Thursday', 'Friday', 'Saturday'], 'opens': '10:30', 'closes': '21:30'}, {'@type': 'OpeningHoursSpecification', 'dayOfWeek': ['Monday', 'Tuesday', 'Wednesday', 'Thursday', 'Friday', 'Saturday'], 'opens': '7:0', 'closes': '10:0'}]","{'@type': 'PostalAddress', 'addressLocality': 'Nashua', 'addressRegion': 'NH', 'postalCode': '03063', 'addressCountry': 'US', 'streetAddress': '631 Amherst St'}","{'@type': 'GeoCoordinates', 'latitude': 42.8032016, 'longitude': -71.54042590000002}",{}
"Red Robin, 515 (310 Daniel Webster Highway)",https://www.ubereats.com/manchester-nh/food-delivery/red-robin-515-310-daniel-webster-highway/JvbnMFNVQ2qDWy7ZLOpufw,nashua-new-hampshire,"['American', 'burger']",4.3,29,$,42.70101700000001,-71.4369865,+16038884691,3060,310 Daniel Webster Highway,Nashua,NH,"[{'@type': 'OpeningHoursSpecification', 'dayOfWeek': ['Monday', 'Tuesday', 'Wednesday', 'Thursday', 'Friday', 'Saturday', 'Sunday'], 'opens': '11:0', 'closes': '20:30'}]","{'@type': 'PostalAddress', 'addressLocality': 'Nashua', 'addressRegion': 'NH', 'postalCode': '3060', 'addressCountry': 'US', 'streetAddress': '310 Daniel Webster Highway'}","{'@type': 'GeoCoordinates', 'latitude': 42.70101700000001, 'longitude': -71.4369865}","{'@type': 'AggregateRating', 'ratingValue': 4.3, 'reviewCount': '29'}"
"Starbucks (Nashua, Exit 6-Coliseum Ave)",https://www.ubereats.com/manchester-nh/food-delivery/starbucks-nashua-exit-6-coliseum-ave/lwlk_Ek-RfSM9IBNGukA-g,nashua-new-hampshire,"['Bakery', 'Breakfast and Brunch', 'Cafe', 'Coffee & Tea']",4.4,93,$,42.7669408,-71.496327,+16035794761,3063,10 Coliseum Avenue,Nashua,NH,"[{'@type': 'OpeningHoursSpecification', 'dayOfWeek': 'Sunday', 'opens': '5:0', 'closes': '20:0'}, {'@type': 'OpeningHoursSpecification', 'dayOfWeek': ['Monday', 'Tuesday', 'Wednesday', 'Thursday', 'Friday'], 'opens': '4:30', 'closes': '20:0'}, {'@type': 'OpeningHoursSpecification', 'dayOfWeek': 'Saturday', 'opens': '5:0', 'closes': '20:0'}]","{'@type': 'PostalAddress', 'addressLocality': 'Nashua', 'addressRegion': 'NH', 'postalCode': '3063', 'addressCountry': 'US', 'streetAddress': '10 Coliseum Avenue'}","{'@type': 'GeoCoordinates', 'latitude': 42.7669408, 'longitude': -71.496327}","{'@type': 'AggregateRating', 'ratingValue': 4.4, 'reviewCount': '93'}"
Sweet ginger,https://www.ubereats.com/manchester-nh/food-delivery/sweet-ginger/Nciy_NCJTUGYJQ8bFWaapQ,nashua-new-hampshire,"['Asian', 'Asian Fusion', 'Korean']",,,$,42.8375141,-71.4974168,+16178344859,3054,6 Dobson Way,Merrimack,NH,"[{'@type': 'OpeningHoursSpecification', 'dayOfWeek': ['Monday', 'Tuesday', 'Wednesday', 'Thursday'], 'opens': '11:30', 'closes': '21:30'}, {'@type': 'OpeningHoursSpecification', 'dayOfWeek': ['Monday', 'Tuesday', 'Wednesday', 'Thursday'], 'opens': '11:30', 'closes': '15:0'}, {'@type': 'OpeningHoursSpecification', 'dayOfWeek': 'Friday', 'opens': '11:30', 'closes': '22:0'}, {'@type': 'OpeningHoursSpecification', 'dayOfWeek': 'Friday', 'opens': '11:30', 'closes': '15:0'}, {'@type': 'OpeningHoursSpecification', 'dayOfWeek': 'Saturday', 'opens': '12:0', 'closes': '22:0'}, {'@type': 'OpeningHoursSpecification', 'dayOfWeek': 'Saturday', 'opens': '11:30', 'closes': '15:0'}]","{'@type': 'PostalAddress', 'addressLocality': 'Merrimack', 'addressRegion': 'NH', 'postalCode': '3054', 'addressCountry': 'US', 'streetAddress': '6 Dobson Way'}","{'@type': 'GeoCoordinates', 'latitude': 42.8375141, 'longitude': -71.4974168}",{}
Christopher's Subs & Pizza,https://www.ubereats.com/manchester-nh/food-delivery/christophers-subs-%26-pizza/ajedHXcIRlScv0PlxeiSvQ,nashua-new-hampshire,"['Pizza', 'American', 'Italian']",4.7,98,$,42.741184,-71.49509809999999,+16038832362,03062,264 Main Dunstable Road,Nashua,NH,"[{'@type': 'OpeningHoursSpecification', 'dayOfWeek': ['Sunday', 'Monday', 'Tuesday', 'Wednesday'], 'opens': '11:0', 'closes': '20:0'}, {'@type': 'OpeningHoursSpecification', 'dayOfWeek': ['Thursday', 'Friday', 'Saturday'], 'opens': '11:0', 'closes': '21:0'}]","{'@type': 'PostalAddress', 'addressLocality': 'Nashua', 'addressRegion': 'NH', 'postalCode': '03062', 'addressCountry': 'US', 'streetAddress': '264 Main Dunstable Road'}","{'@type': 'GeoCoordinates', 'latitude': 42.741184, 'longitude': -71.49509809999999}","{'@type': 'AggregateRating', 'ratingValue': 4.7, 'reviewCount': '98'}"
Taco Bell (300 Main Street),https://www.ubereats.com/manchester-nh/food-delivery/taco-bell-300-main-street/JXCv8EbqQhGwYNiBez-s8Q,nashua-new-hampshire,"['Burritos', 'Fast Food', 'Mexican']",4.1,59,$,42.75284,-71.459926,+16038862859,3060,300 Main Street,Nashua,NH,"[{'@type': 'OpeningHoursSpecification', 'dayOfWeek': ['Sunday', 'Monday', 'Tuesday', 'Wednesday', 'Thursday'], 'opens': '14:0', 'closes': '17:0'}, {'@type': 'OpeningHoursSpecification', 'dayOfWeek': ['Sunday', 'Monday', 'Tuesday', 'Wednesday', 'Thursday'], 'opens': '9:0', 'closes': '1:30'}, {'@type': 'OpeningHoursSpecification', 'dayOfWeek': ['Sunday', 'Monday', 'Tuesday', 'Wednesday', 'Thursday'], 'opens': '7:0', 'closes': '10:30'}, {'@type': 'OpeningHoursSpecification', 'dayOfWeek': ['Friday', 'Saturday'], 'opens': '14:0', 'closes': '17:0'}, {'@type': 'OpeningHoursSpecification', 'dayOfWeek': ['Friday', 'Saturday'], 'opens': '7:0', 'closes': '10:30'}, {'@type': 'OpeningHoursSpecification', 'dayOfWeek': ['Friday', 'Saturday'], 'opens': '9:0', 'closes': '2:30'}]","{'@type': 'PostalAddress', 'addressLocality': 'Nashua', 'addressRegion': 'NH', 'postalCode': '3060', 'addressCountry': 'US', 'streetAddress': '300 Main Street'}","{'@type': 'GeoCoordinates', 'latitude': 42.75284, 'longitude': -71.459926}","{'@type': 'AggregateRating', 'ratingValue': 4.1, 'reviewCount': '59'}"
