name,url,city,cuisine,avgRating,numReviews,priceRange,latitude,longitude,telephone,postalCode,streetAddress,addressLocality,addressRegion,openingHoursSpecification,addressString,geoString,ratingString
Spills Modern Mexican Grill and Bar,https://www.ubereats.com/connecticut/food-delivery/spills-modern-mexican-grill-and-bar/tR3eSoE2Ti2jDef05K5kvw,new-london-connecticut,"['Mexican', 'Latin American', 'New Mexican']",,,$,41.3546833,-72.0954529,+18609610696,,123 State St,New London,CT,"[{'@type': 'OpeningHoursSpecification', 'dayOfWeek': 'Sunday', 'opens': '16:0', 'closes': '23:0'}, {'@type': 'OpeningHoursSpecification', 'dayOfWeek': ['Wednesday', 'Thursday', 'Friday', 'Saturday'], 'opens': '16:0', 'closes': '23:0'}]","{'@type': 'PostalAddress', 'addressLocality': 'New London', 'addressRegion': 'CT', 'postalCode': '', 'addressCountry': 'US', 'streetAddress': '123 State St'}","{'@type': 'GeoCoordinates', 'latitude': 41.3546833, 'longitude': -72.0954529}",{}
The Emiliano's,https://www.ubereats.com/connecticut/food-delivery/the-emilianos/aex4J2MNQDCVxgvmVTr_QQ,new-london-connecticut,['Mexican'],4.5,11,$,41.34621299999999,-72.035228,+18608572530,,,,,"[{'@type': 'OpeningHoursSpecification', 'dayOfWeek': ['Tuesday', 'Wednesday', 'Thursday', 'Friday', 'Saturday'], 'opens': '11:0', 'closes': '20:0'}]",,"{'@type': 'GeoCoordinates', 'latitude': 41.34621299999999, 'longitude': -72.035228}","{'@type': 'AggregateRating', 'ratingValue': 4.5, 'reviewCount': '11'}"
Margaritas Mexican Restaurant (Mystic),https://www.ubereats.com/connecticut/food-delivery/margaritas-mexican-restaurant-mystic/q9fJ-LibRk-deMadL3hEwg,new-london-connecticut,"['Mexican', 'Latin American', 'New Mexican']",3.9,12,$,41.3536505,-71.9722261,+18605364589,6355,12 Water St,Mystic,CT,"[{'@type': 'OpeningHoursSpecification', 'dayOfWeek': 'Sunday', 'opens': '16:0', 'closes': '20:30'}, {'@type': 'OpeningHoursSpecification', 'dayOfWeek': ['Tuesday', 'Wednesday', 'Thursday', 'Friday', 'Saturday'], 'opens': '16:0', 'closes': '20:30'}]","{'@type': 'PostalAddress', 'addressLocality': 'Mystic', 'addressRegion': 'CT', 'postalCode': '6355', 'addressCountry': 'US', 'streetAddress': '12 Water St'}","{'@type': 'GeoCoordinates', 'latitude': 41.3536505, 'longitude': -71.9722261}","{'@type': 'AggregateRating', 'ratingValue': 3.9, 'reviewCount': '12'}"
Krispy Krunchy Chicken (489 New London Turnpike),https://www.ubereats.com/connecticut/food-delivery/krispy-krunchy-chicken-489-new-london-turnpike/zFVbODi0S2OA9eTZY1JQjg,new-london-connecticut,"['Comfort Food', 'Fried Chicken', 'Traditional American', 'Wings']",4.4,54,$,41.5147269,-72.1049693,+18608891723,6360,489 New London Turnpike,Norwich,CT,"[{'@type': 'OpeningHoursSpecification', 'dayOfWeek': 'Sunday', 'opens': '8:0', 'closes': '22:0'}, {'@type': 'OpeningHoursSpecification', 'dayOfWeek': ['Monday', 'Tuesday', 'Wednesday', 'Thursday', 'Friday', 'Saturday'], 'opens': '8:0', 'closes': '23:58'}]","{'@type': 'PostalAddress', 'addressLocality': 'Norwich', 'addressRegion': 'CT', 'postalCode': '6360', 'addressCountry': 'US', 'streetAddress': '489 New London Turnpike'}","{'@type': 'GeoCoordinates', 'latitude': 41.5147269, 'longitude': -72.1049693}","{'@type': 'AggregateRating', 'ratingValue': 4.4, 'reviewCount': '54'}"
D’s Kitchen at Nightlife Bar & Grill,https://www.ubereats.com/connecticut/food-delivery/ds-kitchen-at-nightlife-bar-%26-grill/xnDYbj-_Qe-crh4N6Apv9Q,new-london-connecticut,"['Comfort Food', 'American', 'Burgers']",,,$,41.37745,-72.07564599999999,+18608670512,06340,565 CT-12,Groton,CT,"[{'@type': 'OpeningHoursSpecification', 'dayOfWeek': ['Monday', 'Tuesday', 'Wednesday', 'Thursday'], 'opens': '10:0', 'closes': '0:0'}, {'@type': 'OpeningHoursSpecification', 'dayOfWeek': ['Friday', 'Saturday'], 'opens': '10:0', 'closes': '1:0'}]","{'@type': 'PostalAddress', 'addressLocality': 'Groton', 'addressRegion': 'CT', 'postalCode': '06340', 'addressCountry': 'US', 'streetAddress': '565 CT-12'}","{'@type': 'GeoCoordinates', 'latitude': 41.37745, 'longitude': -72.07564599999999}",{}
Jersey Mike's Subs (909 Hartford Turnpike),https://www.ubereats.com/connecticut/food-delivery/jersey-mikes-subs-909-hartford-turnpike/YaBPbgzvRza4YpPLa9l3Zw,new-london-connecticut,"['Sandwich', 'American']",4.6,91,$,41.3803185,-72.15065249999999,+18608650294,6385,909 Hartford Turnpike,Waterford,CT,"[{'@type': 'OpeningHoursSpecification', 'dayOfWeek': ['Monday', 'Tuesday', 'Wednesday', 'Thursday', 'Friday', 'Saturday', 'Sunday'], 'opens': '10:0', 'closes': '20:30'}]","{'@type': 'PostalAddress', 'addressLocality': 'Waterford', 'addressRegion': 'CT', 'postalCode': '6385', 'addressCountry': 'US', 'streetAddress': '909 Hartford Turnpike'}","{'@type': 'GeoCoordinates', 'latitude': 41.3803185, 'longitude': -72.15065249999999}","{'@type': 'AggregateRating', 'ratingValue': 4.6, 'reviewCount': '91'}"
Bayou BBQ & Grill,https://www.ubereats.com/connecticut/food-delivery/bayou-bbq-%26-grill/cfykRi67RKuctAkUT3lXsA,new-london-connecticut,"['BBQ', 'American', 'Burgers']",,,$,41.3427017,-72.10035169999999,+18602873096,,,,,"[{'@type': 'OpeningHoursSpecification', 'dayOfWeek': ['Tuesday', 'Wednesday', 'Thursday', 'Friday', 'Saturday'], 'opens': '11:30', 'closes': '20:30'}]",,"{'@type': 'GeoCoordinates', 'latitude': 41.3427017, 'longitude': -72.10035169999999}",{}
Quick stop,https://www.ubereats.com/connecticut/food-delivery/quick-stop/aFMxjxmGTLmtuGhtabIYTg,new-london-connecticut,"['Burgers', 'American', 'Sandwiches', 'Allergy Friendly']",4.6,26,$,41.3622987,-72.08093199999999,+18604451742,06340,109 Bridge St 1,Groton,CT,"[{'@type': 'OpeningHoursSpecification', 'dayOfWeek': ['Monday', 'Tuesday', 'Wednesday', 'Thursday', 'Friday'], 'opens': '7:30', 'closes': '15:30'}, {'@type': 'OpeningHoursSpecification', 'dayOfWeek': 'Saturday', 'opens': '7:30', 'closes': '11:0'}]","{'@type': 'PostalAddress', 'addressLocality': 'Groton', 'addressRegion': 'CT', 'postalCode': '06340', 'addressCountry': 'US', 'streetAddress': '109 Bridge St 1'}","{'@type': 'GeoCoordinates', 'latitude': 41.3622987, 'longitude': -72.08093199999999}","{'@type': 'AggregateRating', 'ratingValue': 4.6, 'reviewCount': '26'}"
Donatellos italian market,https://www.ubereats.com/connecticut/food-delivery/donatellos-italian-market/QNzKkxJ0Tm-N5feJyUVYmw,new-london-connecticut,"['Sandwiches', 'American', 'Healthy']",,,$,41.447804,-72.127937,+18608928113,06382,266 route 163,Montville,CT,"[{'@type': 'OpeningHoursSpecification', 'dayOfWeek': ['Monday', 'Tuesday'], 'opens': '6:0', 'closes': '18:0'}, {'@type': 'OpeningHoursSpecification', 'dayOfWeek': ['Wednesday', 'Thursday', 'Friday'], 'opens': '6:0', 'closes': '20:0'}, {'@type': 'OpeningHoursSpecification', 'dayOfWeek': 'Saturday', 'opens': '7:0', 'closes': '16:0'}]","{'@type': 'PostalAddress', 'addressLocality': 'Montville', 'addressRegion': 'CT', 'postalCode': '06382', 'addressCountry': 'US', 'streetAddress': '266 route 163'}","{'@type': 'GeoCoordinates', 'latitude': 41.447804, 'longitude': -72.127937}",{}
Village Bake House,https://www.ubereats.com/connecticut/food-delivery/village-bake-house/pSwA-JhUTaiHwgLA9Imrxg,new-london-connecticut,"['American', 'Sandwich']",,,$,41.3537639,-72.0591769,+18604458292,6340,500 Long Hill Rd,Groton,CT,"[{'@type': 'OpeningHoursSpecification', 'dayOfWeek': ['Monday', 'Tuesday', 'Wednesday', 'Thursday', 'Friday'], 'opens': '9:0', 'closes': '15:0'}, {'@type': 'OpeningHoursSpecification', 'dayOfWeek': 'Saturday', 'opens': '11:0', 'closes': '15:0'}]","{'@type': 'PostalAddress', 'addressLocality': 'Groton', 'addressRegion': 'CT', 'postalCode': '6340', 'addressCountry': 'US', 'streetAddress': '500 Long Hill Rd'}","{'@type': 'GeoCoordinates', 'latitude': 41.3537639, 'longitude': -72.0591769}",{}
Bella Fiore restaurant,https://www.ubereats.com/connecticut/food-delivery/bella-fiore-restaurant/pTZZdqroQKmOeuUJDJP06A,new-london-connecticut,"['Pasta', 'Sandwich', 'Salads']",4.3,10,$$$,41.50320420000001,-72.09306149999999,+18608879030,,,,,"[{'@type': 'OpeningHoursSpecification', 'dayOfWeek': 'Sunday', 'opens': '15:0', 'closes': '22:30'}, {'@type': 'OpeningHoursSpecification', 'dayOfWeek': ['Tuesday', 'Wednesday', 'Thursday', 'Friday', 'Saturday'], 'opens': '15:0', 'closes': '22:30'}]",,"{'@type': 'GeoCoordinates', 'latitude': 41.50320420000001, 'longitude': -72.09306149999999}","{'@type': 'AggregateRating', 'ratingValue': 4.3, 'reviewCount': '10'}"
Jake's Diner on State Street,https://www.ubereats.com/connecticut/food-delivery/jakes-diner-on-state-street/Z0Zlqz34T7SLtyUjLheb_g,new-london-connecticut,"['Breakfast and Brunch', 'American', 'Sandwiches']",,,$,41.3543174,-72.0957461,+18605749310,,,,,"[{'@type': 'OpeningHoursSpecification', 'dayOfWeek': 'Sunday', 'opens': '7:0', 'closes': '14:0'}, {'@type': 'OpeningHoursSpecification', 'dayOfWeek': 'Sunday', 'opens': '7:0', 'closes': '14:0'}, {'@type': 'OpeningHoursSpecification', 'dayOfWeek': 'Sunday', 'opens': '7:0', 'closes': '14:0'}, {'@type': 'OpeningHoursSpecification', 'dayOfWeek': 'Monday', 'opens': '7:0', 'closes': '14:0'}, {'@type': 'OpeningHoursSpecification', 'dayOfWeek': 'Monday', 'opens': '7:0', 'closes': '14:0'}, {'@type': 'OpeningHoursSpecification', 'dayOfWeek': 'Monday', 'opens': '7:0', 'closes': '14:0'}, {'@type': 'OpeningHoursSpecification', 'dayOfWeek': 'Monday', 'opens': '7:0', 'closes': '14:0'}, {'@type': 'OpeningHoursSpecification', 'dayOfWeek': 'Tuesday', 'opens': '7:0', 'closes': '14:0'}, {'@type': 'OpeningHoursSpecification', 'dayOfWeek': 'Tuesday', 'opens': '7:0', 'closes': '14:0'}, {'@type': 'OpeningHoursSpecification', 'dayOfWeek': 'Tuesday', 'opens': '7:0', 'closes': '14:0'}, {'@type': 'OpeningHoursSpecification', 'dayOfWeek': 'Tuesday', 'opens': '7:0', 'closes': '14:0'}, {'@type': 'OpeningHoursSpecification', 'dayOfWeek': 'Wednesday', 'opens': '7:0', 'closes': '14:0'}, {'@type': 'OpeningHoursSpecification', 'dayOfWeek': 'Wednesday', 'opens': '7:0', 'closes': '14:0'}, {'@type': 'OpeningHoursSpecification', 'dayOfWeek': 'Wednesday', 'opens': '7:0', 'closes': '14:0'}, {'@type': 'OpeningHoursSpecification', 'dayOfWeek': 'Wednesday', 'opens': '7:0', 'closes': '14:0'}, {'@type': 'OpeningHoursSpecification', 'dayOfWeek': 'Thursday', 'opens': '7:0', 'closes': '14:0'}, {'@type': 'OpeningHoursSpecification', 'dayOfWeek': 'Thursday', 'opens': '7:0', 'closes': '14:0'}, {'@type': 'OpeningHoursSpecification', 'dayOfWeek': 'Thursday', 'opens': '7:0', 'closes': '14:0'}, {'@type': 'OpeningHoursSpecification', 'dayOfWeek': 'Thursday', 'opens': '7:0', 'closes': '14:0'}, {'@type': 'OpeningHoursSpecification', 'dayOfWeek': 'Friday', 'opens': '7:0', 'closes': '14:0'}, {'@type': 'OpeningHoursSpecification', 'dayOfWeek': 'Friday', 'opens': '7:0', 'closes': '14:0'}, {'@type': 'OpeningHoursSpecification', 'dayOfWeek': 'Friday', 'opens': '7:0', 'closes': '14:0'}, {'@type': 'OpeningHoursSpecification', 'dayOfWeek': 'Friday', 'opens': '7:0', 'closes': '14:0'}, {'@type': 'OpeningHoursSpecification', 'dayOfWeek': 'Saturday', 'opens': '7:0', 'closes': '14:0'}, {'@type': 'OpeningHoursSpecification', 'dayOfWeek': 'Saturday', 'opens': '7:0', 'closes': '14:0'}, {'@type': 'OpeningHoursSpecification', 'dayOfWeek': 'Saturday', 'opens': '7:0', 'closes': '14:0'}]",,"{'@type': 'GeoCoordinates', 'latitude': 41.3543174, 'longitude': -72.0957461}",{}
Wok Express,https://www.ubereats.com/connecticut/food-delivery/wok-express/G7rVRPJ0S-S9CXoBm8D_Qg,new-london-connecticut,"['Chinese', 'Asian', 'Asian Fusion', 'Seafood', 'Healthy']",4.6,78,$,41.3746826,-72.14417340000001,+18604438808,,,,,"[{'@type': 'OpeningHoursSpecification', 'dayOfWeek': 'Sunday', 'opens': '11:55', 'closes': '18:30'}, {'@type': 'OpeningHoursSpecification', 'dayOfWeek': ['Monday', 'Tuesday', 'Wednesday', 'Thursday', 'Friday', 'Saturday'], 'opens': '11:0', 'closes': '19:15'}]",,"{'@type': 'GeoCoordinates', 'latitude': 41.3746826, 'longitude': -72.14417340000001}","{'@type': 'AggregateRating', 'ratingValue': 4.6, 'reviewCount': '78'}"
Ortega's Mexican Restaurant,https://www.ubereats.com/connecticut/food-delivery/ortegas-mexican-restaurant/pro17w4pTAyFpC2TWo2bZg,new-london-connecticut,"['Mexican', 'Latin American', 'New Mexican']",4.2,36,$,41.3589401,-72.076652,+18604051275,06340,108 North St,Groton,CT,"[{'@type': 'OpeningHoursSpecification', 'dayOfWeek': ['Monday', 'Tuesday', 'Wednesday', 'Thursday', 'Friday', 'Saturday', 'Sunday'], 'opens': '3:0', 'closes': '19:30'}, {'@type': 'OpeningHoursSpecification', 'dayOfWeek': ['Monday', 'Tuesday', 'Wednesday', 'Thursday', 'Friday', 'Saturday', 'Sunday'], 'opens': '15:0', 'closes': '19:30'}]","{'@type': 'PostalAddress', 'addressLocality': 'Groton', 'addressRegion': 'CT', 'postalCode': '06340', 'addressCountry': 'US', 'streetAddress': '108 North St'}","{'@type': 'GeoCoordinates', 'latitude': 41.3589401, 'longitude': -72.076652}","{'@type': 'AggregateRating', 'ratingValue': 4.2, 'reviewCount': '36'}"
Buffalo Wild Wings (850 Hartford Tpke Ste F218),https://www.ubereats.com/connecticut/food-delivery/buffalo-wild-wings-850-hartford-tpke-ste-f218/nYZ2gkTZQSms6cs66q1Weg,new-london-connecticut,"['wings', 'Comfort Food', 'Chicken']",4.3,162,$$,41.3746826,-72.14417340000001,+12486749464,6385,850 Hartford Tpke Ste F218,Waterford,CT,"[{'@type': 'OpeningHoursSpecification', 'dayOfWeek': ['Monday', 'Tuesday', 'Wednesday', 'Thursday', 'Friday', 'Saturday', 'Sunday'], 'opens': '11:0', 'closes': '21:0'}]","{'@type': 'PostalAddress', 'addressLocality': 'Waterford', 'addressRegion': 'CT', 'postalCode': '6385', 'addressCountry': 'US', 'streetAddress': '850 Hartford Tpke Ste F218'}","{'@type': 'GeoCoordinates', 'latitude': 41.3746826, 'longitude': -72.14417340000001}","{'@type': 'AggregateRating', 'ratingValue': 4.3, 'reviewCount': '162'}"
The Hop Yard,https://www.ubereats.com/connecticut/food-delivery/the-hop-yard/Tseux-vJTWmqYNZMTqnuKg,new-london-connecticut,"['Burgers', 'American', 'Sandwiches']",,,$,41.38662619999999,-72.0781564,+18609104870,06340,924 CT-12,Groton,CT,"[{'@type': 'OpeningHoursSpecification', 'dayOfWeek': 'Sunday', 'opens': '12:30', 'closes': '20:0'}, {'@type': 'OpeningHoursSpecification', 'dayOfWeek': 'Sunday', 'opens': '15:0', 'closes': '21:0'}, {'@type': 'OpeningHoursSpecification', 'dayOfWeek': 'Sunday', 'opens': '15:0', 'closes': '22:0'}, {'@type': 'OpeningHoursSpecification', 'dayOfWeek': 'Monday', 'opens': '12:30', 'closes': '20:0'}, {'@type': 'OpeningHoursSpecification', 'dayOfWeek': ['Tuesday', 'Wednesday', 'Thursday'], 'opens': '12:30', 'closes': '20:0'}, {'@type': 'OpeningHoursSpecification', 'dayOfWeek': ['Tuesday', 'Wednesday', 'Thursday'], 'opens': '15:0', 'closes': '21:0'}, {'@type': 'OpeningHoursSpecification', 'dayOfWeek': ['Tuesday', 'Wednesday', 'Thursday'], 'opens': '15:0', 'closes': '22:0'}, {'@type': 'OpeningHoursSpecification', 'dayOfWeek': ['Friday', 'Saturday'], 'opens': '12:30', 'closes': '20:0'}, {'@type': 'OpeningHoursSpecification', 'dayOfWeek': ['Friday', 'Saturday'], 'opens': '15:0', 'closes': '22:0'}]","{'@type': 'PostalAddress', 'addressLocality': 'Groton', 'addressRegion': 'CT', 'postalCode': '06340', 'addressCountry': 'US', 'streetAddress': '924 CT-12'}","{'@type': 'GeoCoordinates', 'latitude': 41.38662619999999, 'longitude': -72.0781564}",{}
Mi familia restaurant,https://www.ubereats.com/connecticut/food-delivery/mi-familia-restaurant/5WUPo069TtCwqghDuEv8tQ,new-london-connecticut,"['Spanish', 'European', 'Breakfast and Brunch', 'Allergy Friendly']",,,$$,41.3451351,-72.105177,+19592016583,06320,111 Montauk Ave,Connecticut,CT,"[{'@type': 'OpeningHoursSpecification', 'dayOfWeek': ['Tuesday', 'Wednesday', 'Thursday', 'Friday', 'Saturday'], 'opens': '11:0', 'closes': '18:0'}]","{'@type': 'PostalAddress', 'addressLocality': 'Connecticut', 'addressRegion': 'CT', 'postalCode': '06320', 'addressCountry': 'US', 'streetAddress': '111 Montauk Ave'}","{'@type': 'GeoCoordinates', 'latitude': 41.3451351, 'longitude': -72.105177}",{}
Five Guys CT-1289 143 Gold Star Hwy,https://www.ubereats.com/connecticut/food-delivery/five-guys-ct-1289-143-gold-star-hwy/_HiN3wiZS7W7iGHG5yGuXg,new-london-connecticut,"['American', 'Burgers', 'Sandwich']",4.6,245,$,41.36776249999999,-72.0640145,+18604452400,,,,,"[{'@type': 'OpeningHoursSpecification', 'dayOfWeek': ['Monday', 'Tuesday', 'Wednesday', 'Thursday', 'Friday', 'Saturday', 'Sunday'], 'opens': '11:0', 'closes': '22:0'}]",,"{'@type': 'GeoCoordinates', 'latitude': 41.36776249999999, 'longitude': -72.0640145}","{'@type': 'AggregateRating', 'ratingValue': 4.6, 'reviewCount': '245'}"
Friar Tuck's Tavern ,https://www.ubereats.com/connecticut/food-delivery/friar-tucks-tavern/PdYxBSLqTYu404HNnIsIRg,new-london-connecticut,"['American', 'Salads', 'Burgers']",,,,41.35365049999999,-71.9722261,+18507285796,06355,12 Water St,Groton,CT,"[{'@type': 'OpeningHoursSpecification', 'dayOfWeek': 'Sunday', 'opens': '10:0', 'closes': '1:0'}, {'@type': 'OpeningHoursSpecification', 'dayOfWeek': ['Monday', 'Tuesday', 'Wednesday', 'Thursday'], 'opens': '11:30', 'closes': '1:0'}, {'@type': 'OpeningHoursSpecification', 'dayOfWeek': 'Friday', 'opens': '11:30', 'closes': '2:0'}, {'@type': 'OpeningHoursSpecification', 'dayOfWeek': 'Saturday', 'opens': '10:0', 'closes': '2:0'}]","{'@type': 'PostalAddress', 'addressLocality': 'Groton', 'addressRegion': 'CT', 'postalCode': '06355', 'addressCountry': 'US', 'streetAddress': '12 Water St'}","{'@type': 'GeoCoordinates', 'latitude': 41.35365049999999, 'longitude': -71.9722261}",{}
Smashburger (903 Hartford Tpke),https://www.ubereats.com/connecticut/food-delivery/smashburger-903-hartford-tpke/PitLWGV2Tyqj1fPypbvfBA,new-london-connecticut,"['Burgers', 'American']",3.9,26,$$,41.378769,-72.14797639999999,+18604379790,,,,,"[{'@type': 'OpeningHoursSpecification', 'dayOfWeek': ['Monday', 'Tuesday', 'Wednesday', 'Thursday', 'Friday', 'Saturday', 'Sunday'], 'opens': '11:0', 'closes': '20:30'}]",,"{'@type': 'GeoCoordinates', 'latitude': 41.378769, 'longitude': -72.14797639999999}","{'@type': 'AggregateRating', 'ratingValue': 3.9, 'reviewCount': '26'}"
Krispy Krunchy Chicken (423 Williams St),https://www.ubereats.com/connecticut/food-delivery/krispy-krunchy-chicken-423-williams-st/LcUUKe5zQmWqs4Okbjaw_w,new-london-connecticut,"['Chicken', 'American', 'Wings']",,,$$,41.3665126,-72.10187909999999,+18604447037,6320,423 Williams St,New London,CT,"[{'@type': 'OpeningHoursSpecification', 'dayOfWeek': 'Sunday', 'opens': '10:0', 'closes': '20:0'}, {'@type': 'OpeningHoursSpecification', 'dayOfWeek': ['Monday', 'Tuesday', 'Wednesday', 'Thursday', 'Friday'], 'opens': '10:0', 'closes': '21:0'}, {'@type': 'OpeningHoursSpecification', 'dayOfWeek': 'Saturday', 'opens': '10:0', 'closes': '20:0'}]","{'@type': 'PostalAddress', 'addressLocality': 'New London', 'addressRegion': 'CT', 'postalCode': '6320', 'addressCountry': 'US', 'streetAddress': '423 Williams St'}","{'@type': 'GeoCoordinates', 'latitude': 41.3665126, 'longitude': -72.10187909999999}",{}
Pink Basil,https://www.ubereats.com/connecticut/food-delivery/pink-basil/AnYN_FveRBG2CAXsNfmLuQ,new-london-connecticut,"['Asian', 'Asian Cuisine']",4.4,86,$$,41.3734156,-71.9569466,+18602454470,06355,27 Coogan Blvd. Ste. 3B,Mystic,CT,"[{'@type': 'OpeningHoursSpecification', 'dayOfWeek': 'Sunday', 'opens': '11:30', 'closes': '20:30'}, {'@type': 'OpeningHoursSpecification', 'dayOfWeek': 'Sunday', 'opens': '12:0', 'closes': '20:0'}, {'@type': 'OpeningHoursSpecification', 'dayOfWeek': 'Sunday', 'opens': '12:0', 'closes': '15:0'}, {'@type': 'OpeningHoursSpecification', 'dayOfWeek': 'Sunday', 'opens': '12:0', 'closes': '22:0'}, {'@type': 'OpeningHoursSpecification', 'dayOfWeek': ['Monday', 'Tuesday', 'Wednesday', 'Thursday', 'Friday'], 'opens': '11:30', 'closes': '20:30'}, {'@type': 'OpeningHoursSpecification', 'dayOfWeek': ['Monday', 'Tuesday', 'Wednesday', 'Thursday', 'Friday'], 'opens': '11:30', 'closes': '15:0'}, {'@type': 'OpeningHoursSpecification', 'dayOfWeek': ['Monday', 'Tuesday', 'Wednesday', 'Thursday', 'Friday'], 'opens': '15:0', 'closes': '22:0'}, {'@type': 'OpeningHoursSpecification', 'dayOfWeek': 'Saturday', 'opens': '11:30', 'closes': '20:30'}, {'@type': 'OpeningHoursSpecification', 'dayOfWeek': 'Saturday', 'opens': '12:0', 'closes': '20:0'}, {'@type': 'OpeningHoursSpecification', 'dayOfWeek': 'Saturday', 'opens': '12:0', 'closes': '15:0'}, {'@type': 'OpeningHoursSpecification', 'dayOfWeek': 'Saturday', 'opens': '12:0', 'closes': '22:0'}]","{'@type': 'PostalAddress', 'addressLocality': 'Mystic', 'addressRegion': 'CT', 'postalCode': '06355', 'addressCountry': 'US', 'streetAddress': '27 Coogan Blvd. Ste. 3B'}","{'@type': 'GeoCoordinates', 'latitude': 41.3734156, 'longitude': -71.9569466}","{'@type': 'AggregateRating', 'ratingValue': 4.4, 'reviewCount': '86'}"
KFC (230 Route #12),https://www.ubereats.com/connecticut/food-delivery/kfc-230-route-%2312/96BY7kibSwe0eyY2_JlXxQ,new-london-connecticut,"['American', 'Fast Food', 'wings']",4.4,211,$,41.3688736,-72.06975469999999,+18604491888,6340,230 Route #12,Groton,CT,"[{'@type': 'OpeningHoursSpecification', 'dayOfWeek': ['Monday', 'Tuesday', 'Wednesday', 'Thursday', 'Friday', 'Saturday', 'Sunday'], 'opens': '10:30', 'closes': '21:0'}]","{'@type': 'PostalAddress', 'addressLocality': 'Groton', 'addressRegion': 'CT', 'postalCode': '6340', 'addressCountry': 'US', 'streetAddress': '230 Route #12'}","{'@type': 'GeoCoordinates', 'latitude': 41.3688736, 'longitude': -72.06975469999999}","{'@type': 'AggregateRating', 'ratingValue': 4.4, 'reviewCount': '211'}"
Subway (283 Route 12),https://www.ubereats.com/connecticut/food-delivery/subway-283-route-12/PLKdwZ4iRYyK1hT4GV6gtA,new-london-connecticut,"['Fast Food', 'Sandwich', 'American']",4.6,47,$,41.37002811743512,-72.07153874233366,+18604408077,,,,,"[{'@type': 'OpeningHoursSpecification', 'dayOfWeek': 'Sunday', 'opens': '9:0', 'closes': '20:30'}, {'@type': 'OpeningHoursSpecification', 'dayOfWeek': ['Monday', 'Tuesday', 'Wednesday', 'Thursday', 'Friday'], 'opens': '8:0', 'closes': '20:45'}, {'@type': 'OpeningHoursSpecification', 'dayOfWeek': 'Saturday', 'opens': '9:0', 'closes': '20:45'}]",,"{'@type': 'GeoCoordinates', 'latitude': 41.37002811743512, 'longitude': -72.07153874233366}","{'@type': 'AggregateRating', 'ratingValue': 4.6, 'reviewCount': '47'}"
Denny's (322 S Frontage Rd),https://www.ubereats.com/connecticut/food-delivery/dennys-322-s-frontage-rd/LH5nTFvyStGhY_aJSC1XQQ,new-london-connecticut,"['American', 'Breakfast and Brunch', 'Coffee and Tea', 'Dinner', 'Desserts', 'Salads', 'Steak', 'Sandwich']",,,$$,41.369103,-72.1188888,+18604403200,6320,322 S Frontage Rd # I-95,New London,CT,"[{'@type': 'OpeningHoursSpecification', 'dayOfWeek': ['Monday', 'Tuesday', 'Wednesday', 'Thursday', 'Friday', 'Saturday', 'Sunday'], 'opens': '0:0', 'closes': '23:59'}]","{'@type': 'PostalAddress', 'addressLocality': 'New London', 'addressRegion': 'CT', 'postalCode': '6320', 'addressCountry': 'US', 'streetAddress': '322 S Frontage Rd # I-95'}","{'@type': 'GeoCoordinates', 'latitude': 41.369103, 'longitude': -72.1188888}",{}
Pincho Rico,https://www.ubereats.com/connecticut/food-delivery/pincho-rico/KA6hIRv8Si6lky5GDs2kTQ,new-london-connecticut,"['Spanish', 'Chicken', 'Comfort Food']",,,,41.3594679,-72.116011,+13479692755,06320,Colman St,New London,CT,"[{'@type': 'OpeningHoursSpecification', 'dayOfWeek': ['Monday', 'Tuesday', 'Wednesday', 'Thursday', 'Friday', 'Saturday'], 'opens': '12:0', 'closes': '21:0'}]","{'@type': 'PostalAddress', 'addressLocality': 'New London', 'addressRegion': 'CT', 'postalCode': '06320', 'addressCountry': 'US', 'streetAddress': 'Colman St'}","{'@type': 'GeoCoordinates', 'latitude': 41.3594679, 'longitude': -72.116011}",{}
Right Path Organic Cafe,https://www.ubereats.com/connecticut/food-delivery/right-path-organic-cafe/6T_wSJScQX-uweJwjvrfGA,new-london-connecticut,"['Vegan', 'Vegetarian', 'Juice and Smoothies']",4.6,25,$,41.3525491,-72.09572299999999,+18606398077,6320,147 Bank St,New London,CT,"[{'@type': 'OpeningHoursSpecification', 'dayOfWeek': ['Tuesday', 'Wednesday', 'Thursday'], 'opens': '11:0', 'closes': '15:30'}, {'@type': 'OpeningHoursSpecification', 'dayOfWeek': 'Friday', 'opens': '11:0', 'closes': '17:30'}, {'@type': 'OpeningHoursSpecification', 'dayOfWeek': 'Saturday', 'opens': '11:0', 'closes': '15:30'}]","{'@type': 'PostalAddress', 'addressLocality': 'New London', 'addressRegion': 'CT', 'postalCode': '6320', 'addressCountry': 'US', 'streetAddress': '147 Bank St'}","{'@type': 'GeoCoordinates', 'latitude': 41.3525491, 'longitude': -72.09572299999999}","{'@type': 'AggregateRating', 'ratingValue': 4.6, 'reviewCount': '25'}"
Hot Rod Cafe,https://www.ubereats.com/connecticut/food-delivery/hot-rod-cafe/otVTjJk9Q7SH0YKUtg6Cyg,new-london-connecticut,"['American', 'Wings', 'Salads']",,,$,41.352647,-72.0948306,+18604472320,06320,114 Bank St,New London,Connecticut,"[{'@type': 'OpeningHoursSpecification', 'dayOfWeek': ['Monday', 'Tuesday', 'Wednesday', 'Thursday', 'Friday', 'Saturday', 'Sunday'], 'opens': '12:0', 'closes': '18:0'}]","{'@type': 'PostalAddress', 'addressLocality': 'New London', 'addressRegion': 'Connecticut', 'postalCode': '06320', 'addressCountry': 'US', 'streetAddress': '114 Bank St'}","{'@type': 'GeoCoordinates', 'latitude': 41.352647, 'longitude': -72.0948306}",{}
Panos Pizza,https://www.ubereats.com/connecticut/food-delivery/panos-pizza/BQyPB00pQvKzFykB0Mo3Vg,new-london-connecticut,"['Pizza', 'American', 'Italian']",4.8,28,$,41.3426962,-72.05984819999999,+18604454300,06340,572 Poquonnock Rd,Groton,CT,"[{'@type': 'OpeningHoursSpecification', 'dayOfWeek': ['Monday', 'Tuesday', 'Wednesday', 'Thursday', 'Friday', 'Saturday'], 'opens': '11:0', 'closes': '19:45'}]","{'@type': 'PostalAddress', 'addressLocality': 'Groton', 'addressRegion': 'CT', 'postalCode': '06340', 'addressCountry': 'US', 'streetAddress': '572 Poquonnock Rd'}","{'@type': 'GeoCoordinates', 'latitude': 41.3426962, 'longitude': -72.05984819999999}","{'@type': 'AggregateRating', 'ratingValue': 4.8, 'reviewCount': '28'}"
Puffins Restaurant,https://www.ubereats.com/connecticut/food-delivery/puffins-restaurant/Vvif--yYRKumWw3QeB8fiQ,new-london-connecticut,"['Breakfast and Brunch', 'American', 'Sandwiches']",,,$,41.3581083,-72.0843592,+18604469348,6340,169 Thames St,Groton,CT,"[{'@type': 'OpeningHoursSpecification', 'dayOfWeek': ['Monday', 'Tuesday', 'Wednesday', 'Thursday', 'Friday'], 'opens': '8:0', 'closes': '8:5'}, {'@type': 'OpeningHoursSpecification', 'dayOfWeek': ['Monday', 'Tuesday', 'Wednesday', 'Thursday', 'Friday'], 'opens': '11:0', 'closes': '11:5'}]","{'@type': 'PostalAddress', 'addressLocality': 'Groton', 'addressRegion': 'CT', 'postalCode': '6340', 'addressCountry': 'US', 'streetAddress': '169 Thames St'}","{'@type': 'GeoCoordinates', 'latitude': 41.3581083, 'longitude': -72.0843592}",{}
Subway (2 Benham Rd),https://www.ubereats.com/connecticut/food-delivery/subway-2-benham-rd/FWgdz4smQc6elevHEY2kAg,new-london-connecticut,"['Fast Food', 'Sandwich', 'American']",,,$,41.34718,-72.0757262,+18604050040,06340,2 Benham Rd,Groton,CT,"[{'@type': 'OpeningHoursSpecification', 'dayOfWeek': 'Sunday', 'opens': '9:0', 'closes': '18:30'}, {'@type': 'OpeningHoursSpecification', 'dayOfWeek': ['Monday', 'Tuesday', 'Wednesday', 'Thursday', 'Friday'], 'opens': '8:0', 'closes': '19:30'}, {'@type': 'OpeningHoursSpecification', 'dayOfWeek': 'Saturday', 'opens': '9:0', 'closes': '18:30'}]","{'@type': 'PostalAddress', 'addressLocality': 'Groton', 'addressRegion': 'CT', 'postalCode': '06340', 'addressCountry': 'US', 'streetAddress': '2 Benham Rd'}","{'@type': 'GeoCoordinates', 'latitude': 41.34718, 'longitude': -72.0757262}",{}
Moe's Southwest Grill (909 Hartford Tpke),https://www.ubereats.com/connecticut/food-delivery/moes-southwest-grill-909-hartford-tpke/epw3h3F8QkOFpPuelJa8og,new-london-connecticut,"['Mexican', 'Fast Food']",3.7,24,$,41.3805709,-72.1506058,+18605749059,6385,909 Hartford Tpke,Waterford,CT,"[{'@type': 'OpeningHoursSpecification', 'dayOfWeek': 'Sunday', 'opens': '11:0', 'closes': '19:45'}, {'@type': 'OpeningHoursSpecification', 'dayOfWeek': ['Monday', 'Tuesday', 'Wednesday', 'Thursday', 'Friday', 'Saturday'], 'opens': '11:0', 'closes': '20:0'}]","{'@type': 'PostalAddress', 'addressLocality': 'Waterford', 'addressRegion': 'CT', 'postalCode': '6385', 'addressCountry': 'US', 'streetAddress': '909 Hartford Tpke'}","{'@type': 'GeoCoordinates', 'latitude': 41.3805709, 'longitude': -72.1506058}","{'@type': 'AggregateRating', 'ratingValue': 3.7, 'reviewCount': '24'}"
Mr. G's,https://www.ubereats.com/connecticut/food-delivery/mr-gs/nLQa-SEbTI2F8u-ZVgHxoQ,new-london-connecticut,"['American', 'Pizza', 'Seafood', 'Salads']",4.5,76,$$,41.3673294,-72.1025966,+18604470400,06320,452 Williams St,New London,Connecticut,"[{'@type': 'OpeningHoursSpecification', 'dayOfWeek': ['Monday', 'Tuesday', 'Wednesday', 'Thursday', 'Friday', 'Saturday', 'Sunday'], 'opens': '11:0', 'closes': '22:0'}, {'@type': 'OpeningHoursSpecification', 'dayOfWeek': ['Monday', 'Tuesday', 'Wednesday', 'Thursday', 'Friday', 'Saturday', 'Sunday'], 'opens': '11:0', 'closes': '22:0'}, {'@type': 'OpeningHoursSpecification', 'dayOfWeek': ['Monday', 'Tuesday', 'Wednesday', 'Thursday', 'Friday', 'Saturday', 'Sunday'], 'opens': '11:0', 'closes': '20:0'}]","{'@type': 'PostalAddress', 'addressLocality': 'New London', 'addressRegion': 'Connecticut', 'postalCode': '06320', 'addressCountry': 'US', 'streetAddress': '452 Williams St'}","{'@type': 'GeoCoordinates', 'latitude': 41.3673294, 'longitude': -72.1025966}","{'@type': 'AggregateRating', 'ratingValue': 4.5, 'reviewCount': '76'}"
Dunkin' (970 Hartford Tpke),https://www.ubereats.com/connecticut/food-delivery/dunkin-970-hartford-tpke/-xt3iF6hQxmjq8GkBf2ftQ,new-london-connecticut,"['Breakfast and Brunch', 'Donuts']",4.2,12,$,41.386448,-72.159523,+18604436660,6385,970 Hartford Tpke,Waterford,CT,"[{'@type': 'OpeningHoursSpecification', 'dayOfWeek': ['Monday', 'Tuesday', 'Wednesday', 'Thursday', 'Friday', 'Saturday', 'Sunday'], 'opens': '5:30', 'closes': '18:30'}]","{'@type': 'PostalAddress', 'addressLocality': 'Waterford', 'addressRegion': 'CT', 'postalCode': '6385', 'addressCountry': 'US', 'streetAddress': '970 Hartford Tpke'}","{'@type': 'GeoCoordinates', 'latitude': 41.386448, 'longitude': -72.159523}","{'@type': 'AggregateRating', 'ratingValue': 4.2, 'reviewCount': '12'}"
The Spot Cafe,https://www.ubereats.com/connecticut/food-delivery/the-spot-cafe/HCo9MDIBRIeJog069VTmIg,new-london-connecticut,"['American', 'New American', 'Salads']",4.4,25,,41.3470049,-72.0436588,+18604486276,06340,11 Buddington Rd,Groton,CT,"[{'@type': 'OpeningHoursSpecification', 'dayOfWeek': ['Sunday', 'Monday'], 'opens': '11:0', 'closes': '19:0'}, {'@type': 'OpeningHoursSpecification', 'dayOfWeek': 'Tuesday', 'opens': '11:0', 'closes': '7:0'}, {'@type': 'OpeningHoursSpecification', 'dayOfWeek': 'Wednesday', 'opens': '11:0', 'closes': '19:0'}, {'@type': 'OpeningHoursSpecification', 'dayOfWeek': ['Thursday', 'Friday', 'Saturday'], 'opens': '11:0', 'closes': '20:0'}]","{'@type': 'PostalAddress', 'addressLocality': 'Groton', 'addressRegion': 'CT', 'postalCode': '06340', 'addressCountry': 'US', 'streetAddress': '11 Buddington Rd'}","{'@type': 'GeoCoordinates', 'latitude': 41.3470049, 'longitude': -72.0436588}","{'@type': 'AggregateRating', 'ratingValue': 4.4, 'reviewCount': '25'}"
Dunkin' (316 Boston Post Rd),https://www.ubereats.com/connecticut/food-delivery/dunkin-316-boston-post-rd/Q4Yw2IoWR9uSl7SyeOXtHw,new-london-connecticut,"['Breakfast and Brunch', 'Donuts']",4.4,19,$,41.3498467,-72.15369199999999,+18604473360,6385,316 Boston Post Rd,Waterford,CT,"[{'@type': 'OpeningHoursSpecification', 'dayOfWeek': ['Monday', 'Tuesday', 'Wednesday', 'Thursday', 'Friday', 'Saturday', 'Sunday'], 'opens': '5:30', 'closes': '18:30'}]","{'@type': 'PostalAddress', 'addressLocality': 'Waterford', 'addressRegion': 'CT', 'postalCode': '6385', 'addressCountry': 'US', 'streetAddress': '316 Boston Post Rd'}","{'@type': 'GeoCoordinates', 'latitude': 41.3498467, 'longitude': -72.15369199999999}","{'@type': 'AggregateRating', 'ratingValue': 4.4, 'reviewCount': '19'}"
Samuri Noodle Bar and Grill,https://www.ubereats.com/connecticut/food-delivery/samuri-noodle-bar-and-grill/9Xto7V_oSmSNmKyqEVEQ4A,new-london-connecticut,"['Japanese', 'Sushi', 'Noodles', 'Vietnamese']",4.6,52,$$,41.3545759,-71.97021629999999,+18604159317,6355,27 W Main St,Mystic,CT,"[{'@type': 'OpeningHoursSpecification', 'dayOfWeek': 'Sunday', 'opens': '12:0', 'closes': '20:45'}, {'@type': 'OpeningHoursSpecification', 'dayOfWeek': ['Monday', 'Tuesday', 'Wednesday', 'Thursday'], 'opens': '15:0', 'closes': '19:45'}, {'@type': 'OpeningHoursSpecification', 'dayOfWeek': 'Friday', 'opens': '15:0', 'closes': '20:45'}, {'@type': 'OpeningHoursSpecification', 'dayOfWeek': 'Saturday', 'opens': '12:0', 'closes': '20:45'}]","{'@type': 'PostalAddress', 'addressLocality': 'Mystic', 'addressRegion': 'CT', 'postalCode': '6355', 'addressCountry': 'US', 'streetAddress': '27 W Main St'}","{'@type': 'GeoCoordinates', 'latitude': 41.3545759, 'longitude': -71.97021629999999}","{'@type': 'AggregateRating', 'ratingValue': 4.6, 'reviewCount': '52'}"
Krispy Krunchy Chicken (4 Ocean Ave),https://www.ubereats.com/connecticut/food-delivery/krispy-krunchy-chicken-4-ocean-ave/Tz-KL_oNS82eQzZ6jFq4Pw,new-london-connecticut,"['Chicken', 'Wings']",,,$$$,41.3486698,-72.10678519999999,+18604447152,6320,4 Ocean Ave,New London,CT,"[{'@type': 'OpeningHoursSpecification', 'dayOfWeek': 'Sunday', 'opens': '10:0', 'closes': '21:0'}, {'@type': 'OpeningHoursSpecification', 'dayOfWeek': ['Monday', 'Tuesday', 'Wednesday', 'Thursday', 'Friday', 'Saturday'], 'opens': '10:0', 'closes': '21:0'}, {'@type': 'OpeningHoursSpecification', 'dayOfWeek': ['Monday', 'Tuesday', 'Wednesday', 'Thursday', 'Friday', 'Saturday'], 'opens': '12:0', 'closes': '23:59'}]","{'@type': 'PostalAddress', 'addressLocality': 'New London', 'addressRegion': 'CT', 'postalCode': '6320', 'addressCountry': 'US', 'streetAddress': '4 Ocean Ave'}","{'@type': 'GeoCoordinates', 'latitude': 41.3486698, 'longitude': -72.10678519999999}",{}
Honeybeefarms MARKET,https://www.ubereats.com/connecticut/food-delivery/honeybeefarms-market/hRYoSFHzRqKMXUu5Cei04g,new-london-connecticut,"['Burgers', 'American', 'Sandwiches']",,,$,41.3509556,-72.0976208,+18608576879,6320,298 Bank St,New London,CT,"[{'@type': 'OpeningHoursSpecification', 'dayOfWeek': ['Monday', 'Tuesday', 'Wednesday', 'Thursday', 'Friday', 'Saturday', 'Sunday'], 'opens': '5:0', 'closes': '22:0'}]","{'@type': 'PostalAddress', 'addressLocality': 'New London', 'addressRegion': 'CT', 'postalCode': '6320', 'addressCountry': 'US', 'streetAddress': '298 Bank St'}","{'@type': 'GeoCoordinates', 'latitude': 41.3509556, 'longitude': -72.0976208}",{}
The Spice Club,https://www.ubereats.com/connecticut/food-delivery/the-spice-club/7mzszspWRhya3arQUtN_yA,new-london-connecticut,"['Japanese', 'Sushi']",4.1,40,$$,41.3240571,-72.1930488,+18604518121,06357,239 Main St,Niantic,CT,"[{'@type': 'OpeningHoursSpecification', 'dayOfWeek': 'Sunday', 'opens': '12:0', 'closes': '22:0'}, {'@type': 'OpeningHoursSpecification', 'dayOfWeek': ['Monday', 'Tuesday', 'Wednesday', 'Thursday', 'Friday'], 'opens': '11:30', 'closes': '20:30'}]","{'@type': 'PostalAddress', 'addressLocality': 'Niantic', 'addressRegion': 'CT', 'postalCode': '06357', 'addressCountry': 'US', 'streetAddress': '239 Main St'}","{'@type': 'GeoCoordinates', 'latitude': 41.3240571, 'longitude': -72.1930488}","{'@type': 'AggregateRating', 'ratingValue': 4.1, 'reviewCount': '40'}"
Subway (967 Poquonnock Rd),https://www.ubereats.com/connecticut/food-delivery/subway-967-poquonnock-rd/AoaS_-WyR5-EfB5daG0h8w,new-london-connecticut,"['Fast Food', 'Sandwich', 'American']",,,$,41.3451543,-72.0499298,+18604481615,6340,967 Poquonnock Rd,Groton,CT,"[{'@type': 'OpeningHoursSpecification', 'dayOfWeek': 'Sunday', 'opens': '8:0', 'closes': '16:30'}, {'@type': 'OpeningHoursSpecification', 'dayOfWeek': ['Monday', 'Tuesday', 'Wednesday', 'Thursday', 'Friday'], 'opens': '7:30', 'closes': '19:30'}, {'@type': 'OpeningHoursSpecification', 'dayOfWeek': 'Saturday', 'opens': '8:0', 'closes': '18:30'}]","{'@type': 'PostalAddress', 'addressLocality': 'Groton', 'addressRegion': 'CT', 'postalCode': '6340', 'addressCountry': 'US', 'streetAddress': '967 Poquonnock Rd'}","{'@type': 'GeoCoordinates', 'latitude': 41.3451543, 'longitude': -72.0499298}",{}
Par four,https://www.ubereats.com/connecticut/food-delivery/par-four/x0rRnh5oQ1-Y1zde8rL7bg,new-london-connecticut,"['Burgers', 'American', 'Sandwiches', 'Salads']",,,$,41.32505,-72.0685865,+18604469146,,,,,"[{'@type': 'OpeningHoursSpecification', 'dayOfWeek': 'Sunday', 'opens': '11:30', 'closes': '18:30'}, {'@type': 'OpeningHoursSpecification', 'dayOfWeek': ['Tuesday', 'Wednesday', 'Thursday', 'Friday', 'Saturday'], 'opens': '11:30', 'closes': '18:30'}]",,"{'@type': 'GeoCoordinates', 'latitude': 41.32505, 'longitude': -72.0685865}",{}
H&T Deli,https://www.ubereats.com/connecticut/food-delivery/h%26t-deli/Kk-8ITTxQdy0agdg0LUmaA,new-london-connecticut,"['Breakfast and Brunch', 'Deli', 'Coffee and Tea']",4.4,194,$,41.3481252,-72.1073177,+18605749341,6320,1 Ocean Ave,New London,1 Ocean Ave,"[{'@type': 'OpeningHoursSpecification', 'dayOfWeek': ['Monday', 'Tuesday', 'Wednesday', 'Thursday', 'Friday', 'Saturday', 'Sunday'], 'opens': '0:0', 'closes': '1:59'}, {'@type': 'OpeningHoursSpecification', 'dayOfWeek': ['Monday', 'Tuesday', 'Wednesday', 'Thursday', 'Friday', 'Saturday', 'Sunday'], 'opens': '6:0', 'closes': '23:59'}]","{'@type': 'PostalAddress', 'addressLocality': 'New London', 'addressRegion': '1 Ocean Ave', 'postalCode': '6320', 'addressCountry': 'US', 'streetAddress': '1 Ocean Ave'}","{'@type': 'GeoCoordinates', 'latitude': 41.3481252, 'longitude': -72.1073177}","{'@type': 'AggregateRating', 'ratingValue': 4.4, 'reviewCount': '194'}"
Applebee's  (350 Long Hill Road),https://www.ubereats.com/connecticut/food-delivery/applebees-350-long-hill-road/ea6z8K-2Sc6_FZE21-BTFQ,new-london-connecticut,"['American', 'Bar Food', 'BBQ', 'burger', 'Chicken Strips', 'Comfort Food', 'Dinner', 'pasta', 'salad', 'Sandwich', 'Soup', 'Steak', 'Traditional American', 'wings']",4.4,142,$$,41.3575356,-72.061399,+18604460452,6340,350 Long Hill Road,Groton,CT,"[{'@type': 'OpeningHoursSpecification', 'dayOfWeek': ['Sunday', 'Monday', 'Tuesday', 'Wednesday', 'Thursday'], 'opens': '11:0', 'closes': '21:30'}, {'@type': 'OpeningHoursSpecification', 'dayOfWeek': ['Friday', 'Saturday'], 'opens': '11:0', 'closes': '22:30'}]","{'@type': 'PostalAddress', 'addressLocality': 'Groton', 'addressRegion': 'CT', 'postalCode': '6340', 'addressCountry': 'US', 'streetAddress': '350 Long Hill Road'}","{'@type': 'GeoCoordinates', 'latitude': 41.3575356, 'longitude': -72.061399}","{'@type': 'AggregateRating', 'ratingValue': 4.4, 'reviewCount': '142'}"
Popeyes (455 Coleman Road),https://www.ubereats.com/connecticut/food-delivery/popeyes-455-coleman-road/KEnGBZoHQVqHeEfad2wOkQ,new-london-connecticut,"['American', 'Fast Food', 'Comfort Food', 'Family Meals']",,,$,41.36203429999999,-72.1158188,+18607722073,6320,455 Coleman Road,New London,CT,"[{'@type': 'OpeningHoursSpecification', 'dayOfWeek': ['Sunday', 'Monday', 'Tuesday', 'Wednesday', 'Thursday'], 'opens': '10:30', 'closes': '22:0'}, {'@type': 'OpeningHoursSpecification', 'dayOfWeek': ['Friday', 'Saturday'], 'opens': '10:30', 'closes': '22:30'}]","{'@type': 'PostalAddress', 'addressLocality': 'New London', 'addressRegion': 'CT', 'postalCode': '6320', 'addressCountry': 'US', 'streetAddress': '455 Coleman Road'}","{'@type': 'GeoCoordinates', 'latitude': 41.36203429999999, 'longitude': -72.1158188}",{}
2 Wives Brick Oven & Eatery,https://www.ubereats.com/connecticut/food-delivery/2-wives-brick-oven-%26-eatery/HFtlzC7IRKmyIQrsSIzKwg,new-london-connecticut,"['Pizza', 'Italian', 'Pasta']",4.3,141,$,41.3542426,-72.0990222,+18604479337,6320,45 Huntington St,New London,CT,"[{'@type': 'OpeningHoursSpecification', 'dayOfWeek': ['Monday', 'Tuesday', 'Wednesday', 'Thursday', 'Friday', 'Saturday', 'Sunday'], 'opens': '16:0', 'closes': '21:0'}, {'@type': 'OpeningHoursSpecification', 'dayOfWeek': ['Monday', 'Tuesday', 'Wednesday', 'Thursday', 'Friday', 'Saturday', 'Sunday'], 'opens': '11:0', 'closes': '16:0'}]","{'@type': 'PostalAddress', 'addressLocality': 'New London', 'addressRegion': 'CT', 'postalCode': '6320', 'addressCountry': 'US', 'streetAddress': '45 Huntington St'}","{'@type': 'GeoCoordinates', 'latitude': 41.3542426, 'longitude': -72.0990222}","{'@type': 'AggregateRating', 'ratingValue': 4.3, 'reviewCount': '141'}"
Christopher’s Cafe,https://www.ubereats.com/connecticut/food-delivery/christophers-cafe/DxPUO8fBRHG1QNtPHhkGuQ,new-london-connecticut,['American'],4.3,15,$$,41.34667719999999,-72.0495478,+18604456716,,,,,"[{'@type': 'OpeningHoursSpecification', 'dayOfWeek': 'Sunday', 'opens': '12:0', 'closes': '20:0'}, {'@type': 'OpeningHoursSpecification', 'dayOfWeek': ['Monday', 'Tuesday', 'Wednesday', 'Thursday', 'Friday'], 'opens': '11:0', 'closes': '20:0'}, {'@type': 'OpeningHoursSpecification', 'dayOfWeek': 'Saturday', 'opens': '12:0', 'closes': '20:0'}]",,"{'@type': 'GeoCoordinates', 'latitude': 41.34667719999999, 'longitude': -72.0495478}","{'@type': 'AggregateRating', 'ratingValue': 4.3, 'reviewCount': '15'}"
Dunkin' (102 Boston Post Rd),https://www.ubereats.com/connecticut/food-delivery/dunkin-102-boston-post-rd/kIaqRg8JQdeFZkKPVXJlwQ,new-london-connecticut,"['Breakfast and Brunch', 'Donuts']",,,$,41.3414208,-72.1226233,+18604438084,6385,102 Boston Post Rd,Waterford,CT,"[{'@type': 'OpeningHoursSpecification', 'dayOfWeek': ['Monday', 'Tuesday', 'Wednesday', 'Thursday', 'Friday', 'Saturday', 'Sunday'], 'opens': '5:30', 'closes': '18:30'}]","{'@type': 'PostalAddress', 'addressLocality': 'Waterford', 'addressRegion': 'CT', 'postalCode': '6385', 'addressCountry': 'US', 'streetAddress': '102 Boston Post Rd'}","{'@type': 'GeoCoordinates', 'latitude': 41.3414208, 'longitude': -72.1226233}",{}
Uncasville Diner,https://www.ubereats.com/connecticut/food-delivery/uncasville-diner/E6upLPdkSs-IL_ahqHy3XA,new-london-connecticut,"['Traditional American', 'Breakfast and Brunch', 'Diner', 'Desserts', 'Allergy Friendly']",,,$$,41.4492228,-72.106392,+18608487932,6382,884 Norwich New London Tpke,Uncasville,CT,"[{'@type': 'OpeningHoursSpecification', 'dayOfWeek': 'Sunday', 'opens': '8:0', 'closes': '21:0'}, {'@type': 'OpeningHoursSpecification', 'dayOfWeek': 'Sunday', 'opens': '10:0', 'closes': '18:0'}, {'@type': 'OpeningHoursSpecification', 'dayOfWeek': 'Sunday', 'opens': '10:0', 'closes': '18:0'}, {'@type': 'OpeningHoursSpecification', 'dayOfWeek': ['Monday', 'Tuesday'], 'opens': '8:0', 'closes': '21:0'}, {'@type': 'OpeningHoursSpecification', 'dayOfWeek': ['Monday', 'Tuesday'], 'opens': '7:0', 'closes': '22:0'}, {'@type': 'OpeningHoursSpecification', 'dayOfWeek': ['Monday', 'Tuesday'], 'opens': '10:0', 'closes': '18:0'}, {'@type': 'OpeningHoursSpecification', 'dayOfWeek': ['Monday', 'Tuesday'], 'opens': '10:0', 'closes': '18:0'}, {'@type': 'OpeningHoursSpecification', 'dayOfWeek': 'Wednesday', 'opens': '8:0', 'closes': '21:0'}, {'@type': 'OpeningHoursSpecification', 'dayOfWeek': 'Wednesday', 'opens': '7:0', 'closes': '22:0'}, {'@type': 'OpeningHoursSpecification', 'dayOfWeek': 'Wednesday', 'opens': '10:0', 'closes': '18:0'}, {'@type': 'OpeningHoursSpecification', 'dayOfWeek': 'Thursday', 'opens': '8:0', 'closes': '21:0'}, {'@type': 'OpeningHoursSpecification', 'dayOfWeek': 'Thursday', 'opens': '10:0', 'closes': '18:0'}, {'@type': 'OpeningHoursSpecification', 'dayOfWeek': 'Thursday', 'opens': '10:0', 'closes': '18:0'}, {'@type': 'OpeningHoursSpecification', 'dayOfWeek': 'Thursday', 'opens': '10:0', 'closes': '18:0'}, {'@type': 'OpeningHoursSpecification', 'dayOfWeek': 'Friday', 'opens': '8:0', 'closes': '21:0'}, {'@type': 'OpeningHoursSpecification', 'dayOfWeek': 'Friday', 'opens': '7:0', 'closes': '22:0'}, {'@type': 'OpeningHoursSpecification', 'dayOfWeek': 'Friday', 'opens': '10:0', 'closes': '18:0'}, {'@type': 'OpeningHoursSpecification', 'dayOfWeek': 'Friday', 'opens': '10:0', 'closes': '18:0'}, {'@type': 'OpeningHoursSpecification', 'dayOfWeek': 'Saturday', 'opens': '8:0', 'closes': '21:0'}, {'@type': 'OpeningHoursSpecification', 'dayOfWeek': 'Saturday', 'opens': '10:0', 'closes': '18:0'}, {'@type': 'OpeningHoursSpecification', 'dayOfWeek': 'Saturday', 'opens': '10:0', 'closes': '18:0'}]","{'@type': 'PostalAddress', 'addressLocality': 'Uncasville', 'addressRegion': 'CT', 'postalCode': '6382', 'addressCountry': 'US', 'streetAddress': '884 Norwich New London Tpke'}","{'@type': 'GeoCoordinates', 'latitude': 41.4492228, 'longitude': -72.106392}",{}
Burger King (557 Long Hill Road),https://www.ubereats.com/connecticut/food-delivery/burger-king-557-long-hill-road/hFlKCB1BQ9Ope0TrQqP6Qw,new-london-connecticut,"['American', 'burger', 'Fast Food']",4.4,32,$,41.3526698,-72.0595704,+18604452020,6340,557 Long Hill Road,Groton,CT,"[{'@type': 'OpeningHoursSpecification', 'dayOfWeek': 'Sunday', 'opens': '7:30', 'closes': '10:29'}, {'@type': 'OpeningHoursSpecification', 'dayOfWeek': 'Sunday', 'opens': '10:30', 'closes': '23:30'}, {'@type': 'OpeningHoursSpecification', 'dayOfWeek': ['Monday', 'Tuesday', 'Wednesday', 'Thursday', 'Friday'], 'opens': '6:30', 'closes': '10:29'}, {'@type': 'OpeningHoursSpecification', 'dayOfWeek': ['Monday', 'Tuesday', 'Wednesday', 'Thursday', 'Friday'], 'opens': '10:30', 'closes': '23:30'}, {'@type': 'OpeningHoursSpecification', 'dayOfWeek': 'Saturday', 'opens': '7:30', 'closes': '10:29'}, {'@type': 'OpeningHoursSpecification', 'dayOfWeek': 'Saturday', 'opens': '10:30', 'closes': '23:30'}]","{'@type': 'PostalAddress', 'addressLocality': 'Groton', 'addressRegion': 'CT', 'postalCode': '6340', 'addressCountry': 'US', 'streetAddress': '557 Long Hill Road'}","{'@type': 'GeoCoordinates', 'latitude': 41.3526698, 'longitude': -72.0595704}","{'@type': 'AggregateRating', 'ratingValue': 4.4, 'reviewCount': '32'}"
Moe's Southwest Grill (Groton Square-220 SR-12),https://www.ubereats.com/connecticut/food-delivery/moes-southwest-grill-groton-square-220-sr-12/zt7G59MwTVuE7LtmF77tzg,new-london-connecticut,"['Mexican', 'Fast Food', 'Family Meals']",4.1,129,$,41.3682276,-72.0674722,+18604059661,,,,,"[{'@type': 'OpeningHoursSpecification', 'dayOfWeek': ['Monday', 'Tuesday', 'Wednesday', 'Thursday', 'Friday', 'Saturday', 'Sunday'], 'opens': '11:0', 'closes': '20:0'}]",,"{'@type': 'GeoCoordinates', 'latitude': 41.3682276, 'longitude': -72.0674722}","{'@type': 'AggregateRating', 'ratingValue': 4.1, 'reviewCount': '129'}"
Subway (850 Hartford Tpke Ste F116),https://www.ubereats.com/connecticut/food-delivery/subway-850-hartford-tpke-ste-f116/VMkgUqMxShWyfK3gr2huNA,new-london-connecticut,"['Fast Food', 'Sandwich', 'American']",,,$,41.3741501,-72.1459279,+18604430655,06385,850 Hartford Tpke Ste F116,Waterford,CT,"[{'@type': 'OpeningHoursSpecification', 'dayOfWeek': 'Sunday', 'opens': '10:0', 'closes': '17:30'}, {'@type': 'OpeningHoursSpecification', 'dayOfWeek': ['Monday', 'Tuesday', 'Wednesday', 'Thursday', 'Friday', 'Saturday'], 'opens': '9:0', 'closes': '20:30'}]","{'@type': 'PostalAddress', 'addressLocality': 'Waterford', 'addressRegion': 'CT', 'postalCode': '06385', 'addressCountry': 'US', 'streetAddress': '850 Hartford Tpke Ste F116'}","{'@type': 'GeoCoordinates', 'latitude': 41.3741501, 'longitude': -72.1459279}",{}
Rebeka,https://www.ubereats.com/connecticut/food-delivery/rebeka/xLOGRDx4Sf-KIqNPVhZ3_A,new-london-connecticut,"['Italian', 'Pasta', 'Comfort Food']",,,$$$,41.366409,-72.2128293,+18606911155,6333,135 Boston Post Road,East Lyme,CT,"[{'@type': 'OpeningHoursSpecification', 'dayOfWeek': ['Monday', 'Tuesday', 'Wednesday', 'Thursday', 'Friday', 'Saturday', 'Sunday'], 'opens': '12:0', 'closes': '21:0'}]","{'@type': 'PostalAddress', 'addressLocality': 'East Lyme', 'addressRegion': 'CT', 'postalCode': '6333', 'addressCountry': 'US', 'streetAddress': '135 Boston Post Road'}","{'@type': 'GeoCoordinates', 'latitude': 41.366409, 'longitude': -72.2128293}",{}
Wings 'N' Pies,https://www.ubereats.com/connecticut/food-delivery/wings-n-pies/n76Pu1IBRLGV6BwPKlDAzA,new-london-connecticut,"['Wings', 'Family Meals']",4.2,225,$,41.3546814,-72.0955638,+18604424701,06320,131 State St,New London,Connecticut,"[{'@type': 'OpeningHoursSpecification', 'dayOfWeek': ['Sunday', 'Monday', 'Tuesday', 'Wednesday'], 'opens': '11:0', 'closes': '1:0'}, {'@type': 'OpeningHoursSpecification', 'dayOfWeek': ['Thursday', 'Friday', 'Saturday'], 'opens': '0:0', 'closes': '3:0'}, {'@type': 'OpeningHoursSpecification', 'dayOfWeek': ['Thursday', 'Friday', 'Saturday'], 'opens': '11:0', 'closes': '1:0'}]","{'@type': 'PostalAddress', 'addressLocality': 'New London', 'addressRegion': 'Connecticut', 'postalCode': '06320', 'addressCountry': 'US', 'streetAddress': '131 State St'}","{'@type': 'GeoCoordinates', 'latitude': 41.3546814, 'longitude': -72.0955638}","{'@type': 'AggregateRating', 'ratingValue': 4.2, 'reviewCount': '225'}"
Thai Sawasdee Authentic Thai Cuisine,https://www.ubereats.com/connecticut/food-delivery/thai-sawasdee-authentic-thai-cuisine/EGYAa1usRdGAKFk5ZW3Z8w,new-london-connecticut,"['Thai', 'Sushi', 'Salads']",4.3,32,$$,41.3484736,-72.0529131,+18604488424,06340,764 Long Hill Rd,Groton,CT,"[{'@type': 'OpeningHoursSpecification', 'dayOfWeek': ['Monday', 'Tuesday', 'Wednesday', 'Thursday', 'Friday', 'Saturday'], 'opens': '15:0', 'closes': '20:0'}]","{'@type': 'PostalAddress', 'addressLocality': 'Groton', 'addressRegion': 'CT', 'postalCode': '06340', 'addressCountry': 'US', 'streetAddress': '764 Long Hill Rd'}","{'@type': 'GeoCoordinates', 'latitude': 41.3484736, 'longitude': -72.0529131}","{'@type': 'AggregateRating', 'ratingValue': 4.3, 'reviewCount': '32'}"
Panera Bread (903 Hartford Turnpike),https://www.ubereats.com/connecticut/food-delivery/panera-bread-903-hartford-turnpike/XhDWc-k4TFmwMDZWdSQSGw,new-london-connecticut,"['Breakfast and Brunch', 'salad', 'Sandwich', 'Family Meals']",4.5,60,$,41.378769,-72.14797639999999,+18604378300,6385,903 Hartford Turnpike,Waterford,CT,"[{'@type': 'OpeningHoursSpecification', 'dayOfWeek': 'Sunday', 'opens': '10:0', 'closes': '18:30'}, {'@type': 'OpeningHoursSpecification', 'dayOfWeek': ['Monday', 'Tuesday', 'Wednesday', 'Thursday', 'Friday', 'Saturday'], 'opens': '10:0', 'closes': '19:30'}]","{'@type': 'PostalAddress', 'addressLocality': 'Waterford', 'addressRegion': 'CT', 'postalCode': '6385', 'addressCountry': 'US', 'streetAddress': '903 Hartford Turnpike'}","{'@type': 'GeoCoordinates', 'latitude': 41.378769, 'longitude': -72.14797639999999}","{'@type': 'AggregateRating', 'ratingValue': 4.5, 'reviewCount': '60'}"
Krispy Krunchy Chicken ( 81 Poquonnock Rd),https://www.ubereats.com/connecticut/food-delivery/krispy-krunchy-chicken-81-poquonnock-rd/LS--2Bb-SImz6j_kosvxqw,new-london-connecticut,"['Fast Food', 'Chicken', 'American', 'Wings']",,,$$,41.34674680000001,-72.0758651,+18604058333,06340-4430,81 Poquonnock Rd,Groton,CT,"[{'@type': 'OpeningHoursSpecification', 'dayOfWeek': ['Monday', 'Tuesday', 'Wednesday', 'Thursday', 'Friday', 'Saturday', 'Sunday'], 'opens': '10:0', 'closes': '21:0'}]","{'@type': 'PostalAddress', 'addressLocality': 'Groton', 'addressRegion': 'CT', 'postalCode': '06340-4430', 'addressCountry': 'US', 'streetAddress': '81 Poquonnock Rd'}","{'@type': 'GeoCoordinates', 'latitude': 41.34674680000001, 'longitude': -72.0758651}",{}
Palmieri's Slice Shop,https://www.ubereats.com/connecticut/food-delivery/palmieris-slice-shop/lbXy9CcfQ8arXMOYEdWRUA,new-london-connecticut,"['Pizza', 'American', 'Italian']",,,$,41.32389209999999,-72.19105909999999,+18604518015,06357,211 Main St,Niantic,CT,"[{'@type': 'OpeningHoursSpecification', 'dayOfWeek': 'Sunday', 'opens': '10:30', 'closes': '21:0'}, {'@type': 'OpeningHoursSpecification', 'dayOfWeek': ['Monday', 'Tuesday', 'Wednesday', 'Thursday', 'Friday'], 'opens': '16:0', 'closes': '21:0'}, {'@type': 'OpeningHoursSpecification', 'dayOfWeek': 'Saturday', 'opens': '10:30', 'closes': '21:0'}]","{'@type': 'PostalAddress', 'addressLocality': 'Niantic', 'addressRegion': 'CT', 'postalCode': '06357', 'addressCountry': 'US', 'streetAddress': '211 Main St'}","{'@type': 'GeoCoordinates', 'latitude': 41.32389209999999, 'longitude': -72.19105909999999}",{}
McDonald's® (117 BOSTON POST RD),https://www.ubereats.com/connecticut/food-delivery/mcdonalds-117-boston-post-rd/QWUQ8YDhRbO2IK34D3HaxQ,new-london-connecticut,"['American', 'Burgers', 'Fast Food']",4.3,81,$,41.343881,-72.124786,+18604442780,6385,117 BOSTON POST RD,WATERFORD,CT,"[{'@type': 'OpeningHoursSpecification', 'dayOfWeek': 'Sunday', 'opens': '6:0', 'closes': '10:59'}, {'@type': 'OpeningHoursSpecification', 'dayOfWeek': 'Sunday', 'opens': '11:0', 'closes': '16:59'}, {'@type': 'OpeningHoursSpecification', 'dayOfWeek': 'Sunday', 'opens': '17:0', 'closes': '23:45'}, {'@type': 'OpeningHoursSpecification', 'dayOfWeek': ['Monday', 'Tuesday', 'Wednesday', 'Thursday', 'Friday'], 'opens': '6:0', 'closes': '10:29'}, {'@type': 'OpeningHoursSpecification', 'dayOfWeek': ['Monday', 'Tuesday', 'Wednesday', 'Thursday', 'Friday'], 'opens': '10:30', 'closes': '16:59'}, {'@type': 'OpeningHoursSpecification', 'dayOfWeek': ['Monday', 'Tuesday', 'Wednesday', 'Thursday', 'Friday'], 'opens': '17:0', 'closes': '23:45'}, {'@type': 'OpeningHoursSpecification', 'dayOfWeek': 'Saturday', 'opens': '6:0', 'closes': '10:59'}, {'@type': 'OpeningHoursSpecification', 'dayOfWeek': 'Saturday', 'opens': '11:0', 'closes': '16:59'}, {'@type': 'OpeningHoursSpecification', 'dayOfWeek': 'Saturday', 'opens': '17:0', 'closes': '23:45'}]","{'@type': 'PostalAddress', 'addressLocality': 'WATERFORD', 'addressRegion': 'CT', 'postalCode': '6385', 'addressCountry': 'US', 'streetAddress': '117 BOSTON POST RD'}","{'@type': 'GeoCoordinates', 'latitude': 41.343881, 'longitude': -72.124786}","{'@type': 'AggregateRating', 'ratingValue': 4.3, 'reviewCount': '81'}"
Taco Bell (850 Hartford Turnpike),https://www.ubereats.com/connecticut/food-delivery/taco-bell-850-hartford-turnpike/kvOB3APwQFK6wYh1QW51CA,new-london-connecticut,"['Burritos', 'Fast Food', 'Mexican']",,,$,41.37464749999999,-72.1438346,+18609246958,6385,850 Hartford Turnpike,Waterford,CT,"[{'@type': 'OpeningHoursSpecification', 'dayOfWeek': ['Monday', 'Tuesday', 'Wednesday', 'Thursday', 'Friday', 'Saturday', 'Sunday'], 'opens': '14:0', 'closes': '17:0'}, {'@type': 'OpeningHoursSpecification', 'dayOfWeek': ['Monday', 'Tuesday', 'Wednesday', 'Thursday', 'Friday', 'Saturday', 'Sunday'], 'opens': '6:0', 'closes': '22:30'}]","{'@type': 'PostalAddress', 'addressLocality': 'Waterford', 'addressRegion': 'CT', 'postalCode': '6385', 'addressCountry': 'US', 'streetAddress': '850 Hartford Turnpike'}","{'@type': 'GeoCoordinates', 'latitude': 41.37464749999999, 'longitude': -72.1438346}",{}
Illiano' Real Italian Pizzeria,https://www.ubereats.com/connecticut/food-delivery/illiano-real-italian-pizzeria/ysrUAOBtTc6o2XrpZf0C3Q,new-london-connecticut,"['Italian', 'Pasta', 'Comfort Food']",4.5,108,$,41.3680932,-72.126736,+18604371999,06385,709 Broad St Ext,Waterford,CT,"[{'@type': 'OpeningHoursSpecification', 'dayOfWeek': ['Monday', 'Tuesday', 'Wednesday', 'Thursday', 'Friday', 'Saturday', 'Sunday'], 'opens': '10:30', 'closes': '22:30'}, {'@type': 'OpeningHoursSpecification', 'dayOfWeek': ['Monday', 'Tuesday', 'Wednesday', 'Thursday', 'Friday', 'Saturday', 'Sunday'], 'opens': '10:30', 'closes': '22:30'}]","{'@type': 'PostalAddress', 'addressLocality': 'Waterford', 'addressRegion': 'CT', 'postalCode': '06385', 'addressCountry': 'US', 'streetAddress': '709 Broad St Ext'}","{'@type': 'GeoCoordinates', 'latitude': 41.3680932, 'longitude': -72.126736}","{'@type': 'AggregateRating', 'ratingValue': 4.5, 'reviewCount': '108'}"
Pizzarama Drive-In,https://www.ubereats.com/connecticut/food-delivery/pizzarama-drive-in/chPMflTfSh2bCwcpEtk44Q,new-london-connecticut,"['Pizza', 'American', 'Italian']",,,$,41.3667864,-72.12326259999999,+18604421738,6320,625 Broad St,New London,CT,"[{'@type': 'OpeningHoursSpecification', 'dayOfWeek': ['Sunday', 'Monday', 'Tuesday', 'Wednesday', 'Thursday'], 'opens': '10:30', 'closes': '22:0'}, {'@type': 'OpeningHoursSpecification', 'dayOfWeek': ['Friday', 'Saturday'], 'opens': '10:30', 'closes': '22:30'}]","{'@type': 'PostalAddress', 'addressLocality': 'New London', 'addressRegion': 'CT', 'postalCode': '6320', 'addressCountry': 'US', 'streetAddress': '625 Broad St'}","{'@type': 'GeoCoordinates', 'latitude': 41.3667864, 'longitude': -72.12326259999999}",{}
NV Bakery & Market,https://www.ubereats.com/connecticut/food-delivery/nv-bakery-%26-market/5klH3Nt5Q4Ov-02-MD5Y_A,new-london-connecticut,"['American', 'Breakfast and Brunch', 'Desserts']",4.8,215,$,41.34136840000001,-72.1151399,+18605749038,6385,40 Boston Post Rd.,Waterford,CT,"[{'@type': 'OpeningHoursSpecification', 'dayOfWeek': 'Sunday', 'opens': '8:0', 'closes': '14:30'}, {'@type': 'OpeningHoursSpecification', 'dayOfWeek': ['Monday', 'Tuesday', 'Wednesday', 'Thursday', 'Friday', 'Saturday'], 'opens': '7:0', 'closes': '15:30'}]","{'@type': 'PostalAddress', 'addressLocality': 'Waterford', 'addressRegion': 'CT', 'postalCode': '6385', 'addressCountry': 'US', 'streetAddress': '40 Boston Post Rd.'}","{'@type': 'GeoCoordinates', 'latitude': 41.34136840000001, 'longitude': -72.1151399}","{'@type': 'AggregateRating', 'ratingValue': 4.8, 'reviewCount': '215'}"
Ocean Pizza Restaurant,https://www.ubereats.com/connecticut/food-delivery/ocean-pizza-restaurant/ljABQisNR9WNQm3vaLBfnQ,new-london-connecticut,"['Pizza', 'American', 'Italian']",,,$,41.3454605,-72.1073871,+18604430870,6320,88 Ocean Ave,New London,CT,"[{'@type': 'OpeningHoursSpecification', 'dayOfWeek': ['Sunday', 'Monday', 'Tuesday', 'Wednesday', 'Thursday'], 'opens': '10:0', 'closes': '22:0'}, {'@type': 'OpeningHoursSpecification', 'dayOfWeek': ['Friday', 'Saturday'], 'opens': '10:0', 'closes': '23:0'}]","{'@type': 'PostalAddress', 'addressLocality': 'New London', 'addressRegion': 'CT', 'postalCode': '6320', 'addressCountry': 'US', 'streetAddress': '88 Ocean Ave'}","{'@type': 'GeoCoordinates', 'latitude': 41.3454605, 'longitude': -72.1073871}",{}
Subway (104 Boston Post Rd Unit D),https://www.ubereats.com/connecticut/food-delivery/subway-104-boston-post-rd-unit-d/1LWtTPxMQ9O3RAbiCIMQEw,new-london-connecticut,"['Fast Food', 'Sandwich', 'American']",4.4,13,$,41.34126430000001,-72.12339879999999,+18604437827,6385,104 Boston Post Rd,Waterford,CT,"[{'@type': 'OpeningHoursSpecification', 'dayOfWeek': ['Monday', 'Tuesday', 'Wednesday', 'Thursday', 'Friday', 'Saturday', 'Sunday'], 'opens': '10:0', 'closes': '19:30'}]","{'@type': 'PostalAddress', 'addressLocality': 'Waterford', 'addressRegion': 'CT', 'postalCode': '6385', 'addressCountry': 'US', 'streetAddress': '104 Boston Post Rd'}","{'@type': 'GeoCoordinates', 'latitude': 41.34126430000001, 'longitude': -72.12339879999999}","{'@type': 'AggregateRating', 'ratingValue': 4.4, 'reviewCount': '13'}"
RICE,https://www.ubereats.com/connecticut/food-delivery/rice/LXzmvypyT-mJ2iFkEYcIOw,new-london-connecticut,"['Thai', 'Asian', 'Noodles']",,,$,41.35101,-71.9628026,+18604485276,,,,,"[{'@type': 'OpeningHoursSpecification', 'dayOfWeek': 'Sunday', 'opens': '16:30', 'closes': '21:0'}, {'@type': 'OpeningHoursSpecification', 'dayOfWeek': 'Sunday', 'opens': '11:30', 'closes': '21:0'}, {'@type': 'OpeningHoursSpecification', 'dayOfWeek': 'Monday', 'opens': '16:30', 'closes': '21:0'}, {'@type': 'OpeningHoursSpecification', 'dayOfWeek': 'Monday', 'opens': '11:30', 'closes': '14:30'}, {'@type': 'OpeningHoursSpecification', 'dayOfWeek': ['Wednesday', 'Thursday'], 'opens': '16:30', 'closes': '21:0'}, {'@type': 'OpeningHoursSpecification', 'dayOfWeek': ['Wednesday', 'Thursday'], 'opens': '11:30', 'closes': '14:30'}, {'@type': 'OpeningHoursSpecification', 'dayOfWeek': 'Friday', 'opens': '16:30', 'closes': '22:0'}, {'@type': 'OpeningHoursSpecification', 'dayOfWeek': 'Friday', 'opens': '11:30', 'closes': '14:30'}, {'@type': 'OpeningHoursSpecification', 'dayOfWeek': 'Saturday', 'opens': '11:30', 'closes': '22:0'}]",,"{'@type': 'GeoCoordinates', 'latitude': 41.35101, 'longitude': -71.9628026}",{}
McDonald's® (561 LONGHILL RD),https://www.ubereats.com/connecticut/food-delivery/mcdonalds-561-longhill-rd/RrEZsN__SSuvAvCQAqLY7Q,new-london-connecticut,"['American', 'Burgers', 'Fast Food', 'Fast Food']",4.3,263,$,41.352075,-72.059179,+18604457830,6340,561 LONGHILL RD,GROTON,CT,"[{'@type': 'OpeningHoursSpecification', 'dayOfWeek': 'Sunday', 'opens': '6:0', 'closes': '10:59'}, {'@type': 'OpeningHoursSpecification', 'dayOfWeek': 'Sunday', 'opens': '11:0', 'closes': '16:59'}, {'@type': 'OpeningHoursSpecification', 'dayOfWeek': 'Sunday', 'opens': '17:0', 'closes': '1:45'}, {'@type': 'OpeningHoursSpecification', 'dayOfWeek': ['Monday', 'Tuesday', 'Wednesday', 'Thursday', 'Friday'], 'opens': '6:0', 'closes': '10:29'}, {'@type': 'OpeningHoursSpecification', 'dayOfWeek': ['Monday', 'Tuesday', 'Wednesday', 'Thursday', 'Friday'], 'opens': '10:30', 'closes': '16:59'}, {'@type': 'OpeningHoursSpecification', 'dayOfWeek': ['Monday', 'Tuesday', 'Wednesday', 'Thursday', 'Friday'], 'opens': '17:0', 'closes': '1:45'}, {'@type': 'OpeningHoursSpecification', 'dayOfWeek': 'Saturday', 'opens': '6:0', 'closes': '10:59'}, {'@type': 'OpeningHoursSpecification', 'dayOfWeek': 'Saturday', 'opens': '11:0', 'closes': '16:59'}, {'@type': 'OpeningHoursSpecification', 'dayOfWeek': 'Saturday', 'opens': '17:0', 'closes': '1:45'}]","{'@type': 'PostalAddress', 'addressLocality': 'GROTON', 'addressRegion': 'CT', 'postalCode': '6340', 'addressCountry': 'US', 'streetAddress': '561 LONGHILL RD'}","{'@type': 'GeoCoordinates', 'latitude': 41.352075, 'longitude': -72.059179}","{'@type': 'AggregateRating', 'ratingValue': 4.3, 'reviewCount': '263'}"
KFC / Taco Bell (45 Salem Turnpike),https://www.ubereats.com/connecticut/food-delivery/kfc-taco-bell-45-salem-turnpike/_-rsUHeWRDK9meTJAHNOyg,new-london-connecticut,"['American', 'Fast Food', 'wings']",4.1,187,$,41.5144107,-72.108013,+18608867535,6360,45 Salem Turnpike,Norwich,CT,"[{'@type': 'OpeningHoursSpecification', 'dayOfWeek': ['Monday', 'Tuesday', 'Wednesday', 'Thursday', 'Friday', 'Saturday', 'Sunday'], 'opens': '10:0', 'closes': '0:30'}, {'@type': 'OpeningHoursSpecification', 'dayOfWeek': ['Monday', 'Tuesday', 'Wednesday', 'Thursday', 'Friday', 'Saturday', 'Sunday'], 'opens': '10:0', 'closes': '0:30'}]","{'@type': 'PostalAddress', 'addressLocality': 'Norwich', 'addressRegion': 'CT', 'postalCode': '6360', 'addressCountry': 'US', 'streetAddress': '45 Salem Turnpike'}","{'@type': 'GeoCoordinates', 'latitude': 41.5144107, 'longitude': -72.108013}","{'@type': 'AggregateRating', 'ratingValue': 4.1, 'reviewCount': '187'}"
Modelo Bar & Grill Break Oven Pizza,https://www.ubereats.com/connecticut/food-delivery/modelo-bar-%26-grill-break-oven-pizza/QYx0PaI6Sz-JyHypWPwwDQ,new-london-connecticut,"['Pizza', 'Pasta', 'Salads']",4.5,41,$$,41.50320420000001,-72.09306149999999,+18608871944,06360,543 W Thames St,Connecticut,CT,"[{'@type': 'OpeningHoursSpecification', 'dayOfWeek': 'Sunday', 'opens': '15:0', 'closes': '22:30'}, {'@type': 'OpeningHoursSpecification', 'dayOfWeek': ['Tuesday', 'Wednesday', 'Thursday', 'Friday', 'Saturday'], 'opens': '15:0', 'closes': '22:30'}]","{'@type': 'PostalAddress', 'addressLocality': 'Connecticut', 'addressRegion': 'CT', 'postalCode': '06360', 'addressCountry': 'US', 'streetAddress': '543 W Thames St'}","{'@type': 'GeoCoordinates', 'latitude': 41.50320420000001, 'longitude': -72.09306149999999}","{'@type': 'AggregateRating', 'ratingValue': 4.5, 'reviewCount': '41'}"
McDonald's® (406 COLMAN ST),https://www.ubereats.com/connecticut/food-delivery/mcdonalds-406-colman-st/exCsKUNKQvWTmhUbX0ALhQ,new-london-connecticut,"['American', 'Burgers', 'Fast Food']",4.3,262,$,41.360167,-72.116496,+18604439377,6320,406 COLMAN ST,NEW LONDON,CT,"[{'@type': 'OpeningHoursSpecification', 'dayOfWeek': 'Sunday', 'opens': '6:0', 'closes': '10:59'}, {'@type': 'OpeningHoursSpecification', 'dayOfWeek': 'Sunday', 'opens': '11:0', 'closes': '16:59'}, {'@type': 'OpeningHoursSpecification', 'dayOfWeek': 'Sunday', 'opens': '17:0', 'closes': '1:45'}, {'@type': 'OpeningHoursSpecification', 'dayOfWeek': ['Monday', 'Tuesday', 'Wednesday', 'Thursday', 'Friday'], 'opens': '6:0', 'closes': '10:29'}, {'@type': 'OpeningHoursSpecification', 'dayOfWeek': ['Monday', 'Tuesday', 'Wednesday', 'Thursday', 'Friday'], 'opens': '10:30', 'closes': '16:59'}, {'@type': 'OpeningHoursSpecification', 'dayOfWeek': ['Monday', 'Tuesday', 'Wednesday', 'Thursday', 'Friday'], 'opens': '17:0', 'closes': '1:45'}, {'@type': 'OpeningHoursSpecification', 'dayOfWeek': 'Saturday', 'opens': '6:0', 'closes': '10:59'}, {'@type': 'OpeningHoursSpecification', 'dayOfWeek': 'Saturday', 'opens': '11:0', 'closes': '16:59'}, {'@type': 'OpeningHoursSpecification', 'dayOfWeek': 'Saturday', 'opens': '17:0', 'closes': '1:45'}]","{'@type': 'PostalAddress', 'addressLocality': 'NEW LONDON', 'addressRegion': 'CT', 'postalCode': '6320', 'addressCountry': 'US', 'streetAddress': '406 COLMAN ST'}","{'@type': 'GeoCoordinates', 'latitude': 41.360167, 'longitude': -72.116496}","{'@type': 'AggregateRating', 'ratingValue': 4.3, 'reviewCount': '262'}"
Taco Bell (404 Colman St),https://www.ubereats.com/connecticut/food-delivery/taco-bell-404-colman-st/kgDqMawtRmyNVdEjB4L_5w,new-london-connecticut,"['Burritos', 'Fast Food', 'Mexican']",4.0,191,$,41.35997579999999,-72.1163895,+18606298882,6320,404 Colman St,New London,CT,"[{'@type': 'OpeningHoursSpecification', 'dayOfWeek': ['Sunday', 'Monday', 'Tuesday', 'Wednesday', 'Thursday'], 'opens': '14:0', 'closes': '17:0'}, {'@type': 'OpeningHoursSpecification', 'dayOfWeek': ['Sunday', 'Monday', 'Tuesday', 'Wednesday', 'Thursday'], 'opens': '10:0', 'closes': '0:30'}, {'@type': 'OpeningHoursSpecification', 'dayOfWeek': ['Friday', 'Saturday'], 'opens': '14:0', 'closes': '17:0'}, {'@type': 'OpeningHoursSpecification', 'dayOfWeek': ['Friday', 'Saturday'], 'opens': '10:0', 'closes': '1:30'}]","{'@type': 'PostalAddress', 'addressLocality': 'New London', 'addressRegion': 'CT', 'postalCode': '6320', 'addressCountry': 'US', 'streetAddress': '404 Colman St'}","{'@type': 'GeoCoordinates', 'latitude': 41.35997579999999, 'longitude': -72.1163895}","{'@type': 'AggregateRating', 'ratingValue': 4, 'reviewCount': '191'}"
Saeed's International Market,https://www.ubereats.com/connecticut/food-delivery/saeeds-international-market/ACeVHVuUS3-etDQJBpzaGQ,new-london-connecticut,['Mediterranean'],4.5,13,$,41.3336297,-72.1041472,+18604403822,6320,464 Ocean Avenue,New London,464 Ocean Avenue,"[{'@type': 'OpeningHoursSpecification', 'dayOfWeek': ['Monday', 'Tuesday', 'Wednesday', 'Thursday', 'Friday', 'Saturday'], 'opens': '11:0', 'closes': '15:45'}]","{'@type': 'PostalAddress', 'addressLocality': 'New London', 'addressRegion': '464 Ocean Avenue', 'postalCode': '6320', 'addressCountry': 'US', 'streetAddress': '464 Ocean Avenue'}","{'@type': 'GeoCoordinates', 'latitude': 41.3336297, 'longitude': -72.1041472}","{'@type': 'AggregateRating', 'ratingValue': 4.5, 'reviewCount': '13'}"
Mint Leaf,https://www.ubereats.com/connecticut/food-delivery/mint-leaf/RJWuAQugRWeX0-3ef2MlMg,new-london-connecticut,"['Mediterranean', 'Vegetarian Friendly']",4.7,71,$,41.3483211,-72.0526787,+18603265596,6340,770 Long Hill Rd,Groton,CT,"[{'@type': 'OpeningHoursSpecification', 'dayOfWeek': ['Monday', 'Tuesday', 'Wednesday', 'Thursday', 'Friday', 'Saturday', 'Sunday'], 'opens': '12:5', 'closes': '21:0'}]","{'@type': 'PostalAddress', 'addressLocality': 'Groton', 'addressRegion': 'CT', 'postalCode': '6340', 'addressCountry': 'US', 'streetAddress': '770 Long Hill Rd'}","{'@type': 'GeoCoordinates', 'latitude': 41.3483211, 'longitude': -72.0526787}","{'@type': 'AggregateRating', 'ratingValue': 4.7, 'reviewCount': '71'}"
Bamboo House Inc,https://www.ubereats.com/connecticut/food-delivery/bamboo-house-inc/2JfGDfrCQgqP_WpAacMh-g,new-london-connecticut,"['Chinese', 'Asian', 'Asian Fusion']",,,$,41.3352525,-72.0764311,+18604490088,,,,,"[{'@type': 'OpeningHoursSpecification', 'dayOfWeek': ['Sunday', 'Monday', 'Tuesday', 'Wednesday', 'Thursday'], 'opens': '10:0', 'closes': '21:0'}, {'@type': 'OpeningHoursSpecification', 'dayOfWeek': ['Sunday', 'Monday', 'Tuesday', 'Wednesday', 'Thursday'], 'opens': '10:0', 'closes': '15:30'}, {'@type': 'OpeningHoursSpecification', 'dayOfWeek': ['Friday', 'Saturday'], 'opens': '10:0', 'closes': '22:0'}, {'@type': 'OpeningHoursSpecification', 'dayOfWeek': ['Friday', 'Saturday'], 'opens': '10:0', 'closes': '15:30'}]",,"{'@type': 'GeoCoordinates', 'latitude': 41.3352525, 'longitude': -72.0764311}",{}
Gus's Pizza ,https://www.ubereats.com/connecticut/food-delivery/guss-pizza/tAwHSrkvTJqIHxYEk2U6dg,new-london-connecticut,['Pizza'],,,$$,41.354393711715105,-72.09514914287718,+18604400706,06320,24 Eugene O'Neill Dr,New London,Connecticut,"[{'@type': 'OpeningHoursSpecification', 'dayOfWeek': ['Monday', 'Tuesday', 'Wednesday', 'Thursday', 'Friday', 'Saturday', 'Sunday'], 'opens': '11:0', 'closes': '23:0'}]","{'@type': 'PostalAddress', 'addressLocality': 'New London', 'addressRegion': 'Connecticut', 'postalCode': '06320', 'addressCountry': 'US', 'streetAddress': ""24 Eugene O'Neill Dr""}","{'@type': 'GeoCoordinates', 'latitude': 41.354393711715105, 'longitude': -72.09514914287718}",{}
Taco Bell (195 Route 12),https://www.ubereats.com/connecticut/food-delivery/taco-bell-195-route-12/94qBKQJ2QzOzKVvTdvvvdw,new-london-connecticut,"['Burritos', 'Fast Food', 'Mexican']",3.9,171,$,41.36770339999999,-72.0702639,+18604469296,6340,195 Route 12,Groton,CT,"[{'@type': 'OpeningHoursSpecification', 'dayOfWeek': ['Sunday', 'Monday', 'Tuesday', 'Wednesday', 'Thursday'], 'opens': '14:0', 'closes': '17:0'}, {'@type': 'OpeningHoursSpecification', 'dayOfWeek': ['Sunday', 'Monday', 'Tuesday', 'Wednesday', 'Thursday'], 'opens': '10:0', 'closes': '1:30'}, {'@type': 'OpeningHoursSpecification', 'dayOfWeek': ['Friday', 'Saturday'], 'opens': '14:0', 'closes': '17:0'}, {'@type': 'OpeningHoursSpecification', 'dayOfWeek': ['Friday', 'Saturday'], 'opens': '10:0', 'closes': '2:30'}]","{'@type': 'PostalAddress', 'addressLocality': 'Groton', 'addressRegion': 'CT', 'postalCode': '6340', 'addressCountry': 'US', 'streetAddress': '195 Route 12'}","{'@type': 'GeoCoordinates', 'latitude': 41.36770339999999, 'longitude': -72.0702639}","{'@type': 'AggregateRating', 'ratingValue': 3.9, 'reviewCount': '171'}"
Wendy's  (370 Colman Street),https://www.ubereats.com/connecticut/food-delivery/wendys-370-colman-street/JTS-3mgcQpiszVk61l4RzA,new-london-connecticut,"['American', 'Burgers', 'Fast Food']",4.4,91,$,41.3588487,-72.1163424,+18603335790,06320,370 Colman Street,New London,CT,"[{'@type': 'OpeningHoursSpecification', 'dayOfWeek': ['Monday', 'Tuesday', 'Wednesday', 'Thursday', 'Friday', 'Saturday', 'Sunday'], 'opens': '10:30', 'closes': '1:30'}, {'@type': 'OpeningHoursSpecification', 'dayOfWeek': ['Monday', 'Tuesday', 'Wednesday', 'Thursday', 'Friday', 'Saturday', 'Sunday'], 'opens': '6:30', 'closes': '10:0'}]","{'@type': 'PostalAddress', 'addressLocality': 'New London', 'addressRegion': 'CT', 'postalCode': '06320', 'addressCountry': 'US', 'streetAddress': '370 Colman Street'}","{'@type': 'GeoCoordinates', 'latitude': 41.3588487, 'longitude': -72.1163424}","{'@type': 'AggregateRating', 'ratingValue': 4.4, 'reviewCount': '91'}"
Papa John's (106 Boston Post Rd),https://www.ubereats.com/connecticut/food-delivery/papa-johns-106-boston-post-rd/ZKcU5tl7Q3uKPbdL36_ozw,new-london-connecticut,"['Pizza', 'Wings', 'Desserts']",3.9,33,$,41.3412983,-72.123758,+18604427272,6385,106 Boston Post Rd,Waterford,CT,"[{'@type': 'OpeningHoursSpecification', 'dayOfWeek': ['Monday', 'Tuesday', 'Wednesday', 'Thursday', 'Friday', 'Saturday', 'Sunday'], 'opens': '11:0', 'closes': '20:40'}]","{'@type': 'PostalAddress', 'addressLocality': 'Waterford', 'addressRegion': 'CT', 'postalCode': '6385', 'addressCountry': 'US', 'streetAddress': '106 Boston Post Rd'}","{'@type': 'GeoCoordinates', 'latitude': 41.3412983, 'longitude': -72.123758}","{'@type': 'AggregateRating', 'ratingValue': 3.9, 'reviewCount': '33'}"
Burger King (429 Colman Street),https://www.ubereats.com/connecticut/food-delivery/burger-king-429-colman-street/qnkA6ZPOQm6KssmSsdP9sQ,new-london-connecticut,"['American', 'burger', 'Fast Food']",4.2,75,$,41.3609731,-72.1156258,+18604472706,6320,429 Colman Street,New London,CT,"[{'@type': 'OpeningHoursSpecification', 'dayOfWeek': 'Sunday', 'opens': '7:30', 'closes': '10:29'}, {'@type': 'OpeningHoursSpecification', 'dayOfWeek': 'Sunday', 'opens': '10:30', 'closes': '23:30'}, {'@type': 'OpeningHoursSpecification', 'dayOfWeek': ['Monday', 'Tuesday', 'Wednesday', 'Thursday', 'Friday', 'Saturday'], 'opens': '6:30', 'closes': '10:29'}, {'@type': 'OpeningHoursSpecification', 'dayOfWeek': ['Monday', 'Tuesday', 'Wednesday', 'Thursday', 'Friday', 'Saturday'], 'opens': '10:30', 'closes': '23:30'}]","{'@type': 'PostalAddress', 'addressLocality': 'New London', 'addressRegion': 'CT', 'postalCode': '6320', 'addressCountry': 'US', 'streetAddress': '429 Colman Street'}","{'@type': 'GeoCoordinates', 'latitude': 41.3609731, 'longitude': -72.1156258}","{'@type': 'AggregateRating', 'ratingValue': 4.2, 'reviewCount': '75'}"
shanghai garden,https://www.ubereats.com/connecticut/food-delivery/shanghai-garden/yd0Cm8STRymDC5e_hBC8_Q,new-london-connecticut,"['Chinese', 'Asian', 'Noodles']",4.4,64,$,41.3584885,-72.10461,+18604437978,6320,150 Broad St,New London,CT,"[{'@type': 'OpeningHoursSpecification', 'dayOfWeek': ['Monday', 'Tuesday', 'Wednesday', 'Thursday', 'Friday', 'Saturday', 'Sunday'], 'opens': '11:0', 'closes': '23:0'}, {'@type': 'OpeningHoursSpecification', 'dayOfWeek': ['Monday', 'Tuesday', 'Wednesday', 'Thursday', 'Friday', 'Saturday', 'Sunday'], 'opens': '11:0', 'closes': '15:0'}]","{'@type': 'PostalAddress', 'addressLocality': 'New London', 'addressRegion': 'CT', 'postalCode': '6320', 'addressCountry': 'US', 'streetAddress': '150 Broad St'}","{'@type': 'GeoCoordinates', 'latitude': 41.3584885, 'longitude': -72.10461}","{'@type': 'AggregateRating', 'ratingValue': 4.4, 'reviewCount': '64'}"
Caffe NV,https://www.ubereats.com/connecticut/food-delivery/caffe-nv/oExFB8XaTTWwi22K6ewc4Q,new-london-connecticut,"['Coffee and Tea', 'American', 'Breakfast and Brunch']",4.6,28,$,41.3420095,-72.1180789,+18604448111,06385,57 Boston Post Rd,Waterford,CT,"[{'@type': 'OpeningHoursSpecification', 'dayOfWeek': ['Monday', 'Tuesday', 'Wednesday', 'Thursday', 'Friday', 'Saturday'], 'opens': '11:15', 'closes': '19:30'}]","{'@type': 'PostalAddress', 'addressLocality': 'Waterford', 'addressRegion': 'CT', 'postalCode': '06385', 'addressCountry': 'US', 'streetAddress': '57 Boston Post Rd'}","{'@type': 'GeoCoordinates', 'latitude': 41.3420095, 'longitude': -72.1180789}","{'@type': 'AggregateRating', 'ratingValue': 4.6, 'reviewCount': '28'}"
"Starbucks (Groton, Rte. 1)",https://www.ubereats.com/connecticut/food-delivery/starbucks-groton-rte-1/mW2GFtDATG-Zf43jEZTYlw,new-london-connecticut,"['Bakery', 'Breakfast and Brunch', 'Cafe', 'Coffee & Tea']",4.7,181,$,41.3460274,-72.04869140000001,+18604499006,63404,985 A Poquonnock Rd.,Groton,CT,"[{'@type': 'OpeningHoursSpecification', 'dayOfWeek': 'Sunday', 'opens': '5:30', 'closes': '20:0'}, {'@type': 'OpeningHoursSpecification', 'dayOfWeek': ['Monday', 'Tuesday', 'Wednesday', 'Thursday', 'Friday', 'Saturday'], 'opens': '5:0', 'closes': '21:0'}]","{'@type': 'PostalAddress', 'addressLocality': 'Groton', 'addressRegion': 'CT', 'postalCode': '63404', 'addressCountry': 'US', 'streetAddress': '985 A Poquonnock Rd.'}","{'@type': 'GeoCoordinates', 'latitude': 41.3460274, 'longitude': -72.04869140000001}","{'@type': 'AggregateRating', 'ratingValue': 4.7, 'reviewCount': '181'}"
Noble,https://www.ubereats.com/connecticut/food-delivery/noble/Z0KfFOjsSOqVdID4-93bHQ,new-london-connecticut,"['Burgers', 'American', 'Sandwiches']",,,$,41.3529791,-72.0943807,+18604485477,6320,74 Bank St,New London,CT,"[{'@type': 'OpeningHoursSpecification', 'dayOfWeek': ['Monday', 'Tuesday', 'Wednesday', 'Thursday', 'Friday', 'Saturday', 'Sunday'], 'opens': '11:30', 'closes': '21:0'}]","{'@type': 'PostalAddress', 'addressLocality': 'New London', 'addressRegion': 'CT', 'postalCode': '6320', 'addressCountry': 'US', 'streetAddress': '74 Bank St'}","{'@type': 'GeoCoordinates', 'latitude': 41.3529791, 'longitude': -72.0943807}",{}
