name,url,city,cuisine,avgRating,numReviews,priceRange,latitude,longitude,telephone,postalCode,streetAddress,addressLocality,addressRegion,openingHoursSpecification,addressString,geoString,ratingString
GoBerry,https://www.ubereats.com/springfield-ma/food-delivery/goberry/tO0JSQwVRVm4QyWgI6JenQ,northampton-massachusetts,"['Ice Cream & Frozen Yogurt', 'Comfort Food', 'Desserts']",,,$,42.31924360000001,-72.62989019999999,+14135869290,01060,80 Main St,Northampton,MA,"[{'@type': 'OpeningHoursSpecification', 'dayOfWeek': 'Sunday', 'opens': '13:0', 'closes': '18:0'}, {'@type': 'OpeningHoursSpecification', 'dayOfWeek': ['Thursday', 'Friday', 'Saturday'], 'opens': '13:0', 'closes': '18:0'}]","{'@type': 'PostalAddress', 'addressLocality': 'Northampton', 'addressRegion': 'MA', 'postalCode': '01060', 'addressCountry': 'US', 'streetAddress': '80 Main St'}","{'@type': 'GeoCoordinates', 'latitude': 42.31924360000001, 'longitude': -72.62989019999999}",{}
Five Guys MA-1906 474B Memorial Dr.,https://www.ubereats.com/springfield-ma/food-delivery/five-guys-ma-1906-474b-memorial-dr/9AV1MxomRW2h0BtXHYIv1g,northampton-massachusetts,"['American', 'Burgers', 'Pizza']",4.6,75,$,42.17145970000001,-72.5774271,+14133312227,01020,474 Memorial Dr,Chicopee,MA,"[{'@type': 'OpeningHoursSpecification', 'dayOfWeek': ['Sunday', 'Monday', 'Tuesday', 'Wednesday', 'Thursday'], 'opens': '11:0', 'closes': '21:0'}, {'@type': 'OpeningHoursSpecification', 'dayOfWeek': ['Friday', 'Saturday'], 'opens': '11:0', 'closes': '22:0'}]","{'@type': 'PostalAddress', 'addressLocality': 'Chicopee', 'addressRegion': 'MA', 'postalCode': '01020', 'addressCountry': 'US', 'streetAddress': '474 Memorial Dr'}","{'@type': 'GeoCoordinates', 'latitude': 42.17145970000001, 'longitude': -72.5774271}","{'@type': 'AggregateRating', 'ratingValue': 4.6, 'reviewCount': '75'}"
Yokohama Ramen,https://www.ubereats.com/springfield-ma/food-delivery/yokohama-ramen/v09pvYp-RU--DbQYenrsBQ,northampton-massachusetts,"['Desserts', 'Japanese', 'Sushi']",,,$,42.318969,-72.63027939999999,+14135704703,1060,88 Main St,Northampton,MA,"[{'@type': 'OpeningHoursSpecification', 'dayOfWeek': ['Monday', 'Tuesday', 'Wednesday', 'Thursday', 'Friday', 'Saturday', 'Sunday'], 'opens': '11:30', 'closes': '21:30'}]","{'@type': 'PostalAddress', 'addressLocality': 'Northampton', 'addressRegion': 'MA', 'postalCode': '1060', 'addressCountry': 'US', 'streetAddress': '88 Main St'}","{'@type': 'GeoCoordinates', 'latitude': 42.318969, 'longitude': -72.63027939999999}",{}
KFC (2241 Northampton St),https://www.ubereats.com/springfield-ma/food-delivery/kfc-2241-northampton-st/SpydzE-9R_KFBSlwTTG54w,northampton-massachusetts,"['American', 'Fast Food', 'wings']",4.3,71,$,42.1829571,-72.6322563,+14198741105,1040,2241 Northampton St,Holyoke,MA,"[{'@type': 'OpeningHoursSpecification', 'dayOfWeek': ['Sunday', 'Monday', 'Tuesday', 'Wednesday', 'Thursday'], 'opens': '10:30', 'closes': '21:30'}, {'@type': 'OpeningHoursSpecification', 'dayOfWeek': ['Friday', 'Saturday'], 'opens': '10:30', 'closes': '22:30'}]","{'@type': 'PostalAddress', 'addressLocality': 'Holyoke', 'addressRegion': 'MA', 'postalCode': '1040', 'addressCountry': 'US', 'streetAddress': '2241 Northampton St'}","{'@type': 'GeoCoordinates', 'latitude': 42.1829571, 'longitude': -72.6322563}","{'@type': 'AggregateRating', 'ratingValue': 4.3, 'reviewCount': '71'}"
Jake’s at The Mill,https://www.ubereats.com/springfield-ma/food-delivery/jakes-at-the-mill/QCJ--dQqSlG4CVcXUOP1SA,northampton-massachusetts,"['Burgers', 'American', 'Sandwiches', 'Allergy Friendly']",4.7,18,$,42.4154351,-72.5304191,+14132303717,1002,68 Cowls Road,Amherst,MA,"[{'@type': 'OpeningHoursSpecification', 'dayOfWeek': 'Sunday', 'opens': '8:0', 'closes': '14:0'}, {'@type': 'OpeningHoursSpecification', 'dayOfWeek': 'Sunday', 'opens': '11:0', 'closes': '15:0'}, {'@type': 'OpeningHoursSpecification', 'dayOfWeek': ['Wednesday', 'Thursday', 'Friday', 'Saturday'], 'opens': '8:0', 'closes': '14:0'}, {'@type': 'OpeningHoursSpecification', 'dayOfWeek': ['Wednesday', 'Thursday', 'Friday', 'Saturday'], 'opens': '11:0', 'closes': '15:0'}]","{'@type': 'PostalAddress', 'addressLocality': 'Amherst', 'addressRegion': 'MA', 'postalCode': '1002', 'addressCountry': 'US', 'streetAddress': '68 Cowls Road'}","{'@type': 'GeoCoordinates', 'latitude': 42.4154351, 'longitude': -72.5304191}","{'@type': 'AggregateRating', 'ratingValue': 4.7, 'reviewCount': '18'}"
Pollo Riko Restaurante,https://www.ubereats.com/springfield-ma/food-delivery/pollo-riko-restaurante/3zZHgLYWSMWyqj_q_Gs-ag,northampton-massachusetts,['Spanish'],,,$,42.1830213956448,-72.61315946084979,+14134378505,,,,,"[{'@type': 'OpeningHoursSpecification', 'dayOfWeek': 'Sunday', 'opens': '12:0', 'closes': '20:0'}, {'@type': 'OpeningHoursSpecification', 'dayOfWeek': ['Wednesday', 'Thursday'], 'opens': '12:0', 'closes': '20:0'}, {'@type': 'OpeningHoursSpecification', 'dayOfWeek': ['Friday', 'Saturday'], 'opens': '12:0', 'closes': '21:0'}]",,"{'@type': 'GeoCoordinates', 'latitude': 42.1830213956448, 'longitude': -72.61315946084979}",{}
Moe's Southwest Grill (228 King Street),https://www.ubereats.com/springfield-ma/food-delivery/moes-southwest-grill-228-king-street/5TP1ASDxSdu43k_6Iamqcg,northampton-massachusetts,"['Mexican', 'Fast Food']",4.4,13,$,42.3290417,-72.6358711,+14133876292,1060,228 King Street,Northampton,MA,"[{'@type': 'OpeningHoursSpecification', 'dayOfWeek': 'Sunday', 'opens': '11:0', 'closes': '20:0'}, {'@type': 'OpeningHoursSpecification', 'dayOfWeek': ['Monday', 'Tuesday', 'Wednesday', 'Thursday', 'Friday'], 'opens': '11:0', 'closes': '21:0'}, {'@type': 'OpeningHoursSpecification', 'dayOfWeek': 'Saturday', 'opens': '11:0', 'closes': '20:0'}]","{'@type': 'PostalAddress', 'addressLocality': 'Northampton', 'addressRegion': 'MA', 'postalCode': '1060', 'addressCountry': 'US', 'streetAddress': '228 King Street'}","{'@type': 'GeoCoordinates', 'latitude': 42.3290417, 'longitude': -72.6358711}","{'@type': 'AggregateRating', 'ratingValue': 4.4, 'reviewCount': '13'}"
Uya Poke Bowl,https://www.ubereats.com/springfield-ma/food-delivery/uya-poke-bowl/0sNksqe0QumYYpUcdZ5OEA,northampton-massachusetts,"['Japanese', 'Seafood', 'Sushi']",4.7,36,$,42.3175543,-72.631479,+14137273933,01060,8 Crafts Avenue,Northampton,MA,"[{'@type': 'OpeningHoursSpecification', 'dayOfWeek': 'Sunday', 'opens': '12:0', 'closes': '20:0'}, {'@type': 'OpeningHoursSpecification', 'dayOfWeek': ['Monday', 'Tuesday', 'Wednesday', 'Thursday', 'Friday', 'Saturday'], 'opens': '11:0', 'closes': '20:0'}]","{'@type': 'PostalAddress', 'addressLocality': 'Northampton', 'addressRegion': 'MA', 'postalCode': '01060', 'addressCountry': 'US', 'streetAddress': '8 Crafts Avenue'}","{'@type': 'GeoCoordinates', 'latitude': 42.3175543, 'longitude': -72.631479}","{'@type': 'AggregateRating', 'ratingValue': 4.7, 'reviewCount': '36'}"
Moe's Southwest Grill (379 Russell Street),https://www.ubereats.com/springfield-ma/food-delivery/moes-southwest-grill-379-russell-street/uobfs_ZERfikNXGJtgvoeA,northampton-massachusetts,"['Mexican', 'Fast Food']",4.3,13,$,42.358717,-72.54825,+14133870266,1035,379 Russell Street,Hadley,MA,"[{'@type': 'OpeningHoursSpecification', 'dayOfWeek': 'Sunday', 'opens': '11:0', 'closes': '20:0'}, {'@type': 'OpeningHoursSpecification', 'dayOfWeek': ['Monday', 'Tuesday', 'Wednesday', 'Thursday', 'Friday'], 'opens': '11:0', 'closes': '21:0'}, {'@type': 'OpeningHoursSpecification', 'dayOfWeek': 'Saturday', 'opens': '11:0', 'closes': '20:0'}]","{'@type': 'PostalAddress', 'addressLocality': 'Hadley', 'addressRegion': 'MA', 'postalCode': '1035', 'addressCountry': 'US', 'streetAddress': '379 Russell Street'}","{'@type': 'GeoCoordinates', 'latitude': 42.358717, 'longitude': -72.54825}","{'@type': 'AggregateRating', 'ratingValue': 4.3, 'reviewCount': '13'}"
Taco Bell (1471 Memorial Drive),https://www.ubereats.com/springfield-ma/food-delivery/taco-bell-1471-memorial-drive/zRJnG7OQS2aTjRaMPI5_rQ,northampton-massachusetts,"['Burritos', 'Fast Food', 'Mexican']",3.9,54,$,42.1978421,-72.57327819999999,+14135326583,1020,1471 Memorial Drive,Chicopee,MA,"[{'@type': 'OpeningHoursSpecification', 'dayOfWeek': 'Sunday', 'opens': '14:0', 'closes': '17:0'}, {'@type': 'OpeningHoursSpecification', 'dayOfWeek': 'Sunday', 'opens': '7:0', 'closes': '1:30'}, {'@type': 'OpeningHoursSpecification', 'dayOfWeek': 'Sunday', 'opens': '7:0', 'closes': '10:30'}, {'@type': 'OpeningHoursSpecification', 'dayOfWeek': ['Monday', 'Tuesday', 'Wednesday', 'Thursday', 'Friday', 'Saturday'], 'opens': '14:0', 'closes': '17:0'}, {'@type': 'OpeningHoursSpecification', 'dayOfWeek': ['Monday', 'Tuesday', 'Wednesday', 'Thursday', 'Friday', 'Saturday'], 'opens': '7:0', 'closes': '10:30'}, {'@type': 'OpeningHoursSpecification', 'dayOfWeek': ['Monday', 'Tuesday', 'Wednesday', 'Thursday', 'Friday', 'Saturday'], 'opens': '7:0', 'closes': '2:30'}]","{'@type': 'PostalAddress', 'addressLocality': 'Chicopee', 'addressRegion': 'MA', 'postalCode': '1020', 'addressCountry': 'US', 'streetAddress': '1471 Memorial Drive'}","{'@type': 'GeoCoordinates', 'latitude': 42.1978421, 'longitude': -72.57327819999999}","{'@type': 'AggregateRating', 'ratingValue': 3.9, 'reviewCount': '54'}"
Dunkin' (60 Union St),https://www.ubereats.com/springfield-ma/food-delivery/dunkin-60-union-st/brq-VrwCQDGWROhTRFerEA,northampton-massachusetts,"['Breakfast and Brunch', 'Donuts']",,,$,42.2683095,-72.67119699999999,+14135272993,1027,60 Union St,Easthampton,MA,"[{'@type': 'OpeningHoursSpecification', 'dayOfWeek': ['Monday', 'Tuesday', 'Wednesday', 'Thursday', 'Friday', 'Saturday', 'Sunday'], 'opens': '0:1', 'closes': '23:59'}]","{'@type': 'PostalAddress', 'addressLocality': 'Easthampton', 'addressRegion': 'MA', 'postalCode': '1027', 'addressCountry': 'US', 'streetAddress': '60 Union St'}","{'@type': 'GeoCoordinates', 'latitude': 42.2683095, 'longitude': -72.67119699999999}",{}
Jake's Restaurant,https://www.ubereats.com/springfield-ma/food-delivery/jakes-restaurant/Vr20ZfDrQ4-q4YGsFKgzLA,northampton-massachusetts,"['Breakfast and Brunch', 'American', 'Sandwiches', 'Allergy Friendly']",4.8,12,$,42.3199608,-72.6299554,+14135849613,1060,17 King St,Northampton,MA,"[{'@type': 'OpeningHoursSpecification', 'dayOfWeek': 'Sunday', 'opens': '8:0', 'closes': '15:0'}, {'@type': 'OpeningHoursSpecification', 'dayOfWeek': 'Sunday', 'opens': '11:0', 'closes': '15:0'}, {'@type': 'OpeningHoursSpecification', 'dayOfWeek': ['Wednesday', 'Thursday', 'Friday', 'Saturday'], 'opens': '8:0', 'closes': '15:0'}, {'@type': 'OpeningHoursSpecification', 'dayOfWeek': ['Wednesday', 'Thursday', 'Friday', 'Saturday'], 'opens': '11:0', 'closes': '15:0'}]","{'@type': 'PostalAddress', 'addressLocality': 'Northampton', 'addressRegion': 'MA', 'postalCode': '1060', 'addressCountry': 'US', 'streetAddress': '17 King St'}","{'@type': 'GeoCoordinates', 'latitude': 42.3199608, 'longitude': -72.6299554}","{'@type': 'AggregateRating', 'ratingValue': 4.8, 'reviewCount': '12'}"
Joy Bowl Hadley,https://www.ubereats.com/springfield-ma/food-delivery/joy-bowl-hadley/lMh1kH2rTLaOLZ63mox1Bg,northampton-massachusetts,"['Healthy', 'Vegetarian', 'Salads']",,,$,42.3575948,-72.5526012,+14133870398,01035,344 Russell Street unit 13,Hadley,MA,"[{'@type': 'OpeningHoursSpecification', 'dayOfWeek': ['Monday', 'Tuesday', 'Wednesday', 'Thursday', 'Friday', 'Saturday', 'Sunday'], 'opens': '11:0', 'closes': '20:30'}]","{'@type': 'PostalAddress', 'addressLocality': 'Hadley', 'addressRegion': 'MA', 'postalCode': '01035', 'addressCountry': 'US', 'streetAddress': '344 Russell Street unit 13'}","{'@type': 'GeoCoordinates', 'latitude': 42.3575948, 'longitude': -72.5526012}",{}
Five Guys MA-1927,https://www.ubereats.com/springfield-ma/food-delivery/five-guys-ma-1927/vATvSR51T8ivheGtFOMfAw,northampton-massachusetts,"['American', 'Burgers']",4.4,112,$,42.3535086,-72.553805,+14133870573,1035,335 Russell St.,Hadley,MA,"[{'@type': 'OpeningHoursSpecification', 'dayOfWeek': ['Monday', 'Tuesday', 'Wednesday', 'Thursday', 'Friday', 'Saturday', 'Sunday'], 'opens': '11:0', 'closes': '22:0'}]","{'@type': 'PostalAddress', 'addressLocality': 'Hadley', 'addressRegion': 'MA', 'postalCode': '1035', 'addressCountry': 'US', 'streetAddress': '335 Russell St.'}","{'@type': 'GeoCoordinates', 'latitude': 42.3535086, 'longitude': -72.553805}","{'@type': 'AggregateRating', 'ratingValue': 4.4, 'reviewCount': '112'}"
Burger King (344 King Street),https://www.ubereats.com/springfield-ma/food-delivery/burger-king-344-king-street/7VjBvKsbTn-LLeQK9fmpHg,northampton-massachusetts,"['American', 'burger', 'Fast Food']",4.2,21,$,42.335266,-72.6369694,+14135846376,1060,344 King Street,Northampton,MA,"[{'@type': 'OpeningHoursSpecification', 'dayOfWeek': ['Monday', 'Tuesday', 'Wednesday', 'Thursday', 'Friday', 'Saturday', 'Sunday'], 'opens': '6:30', 'closes': '10:29'}, {'@type': 'OpeningHoursSpecification', 'dayOfWeek': ['Monday', 'Tuesday', 'Wednesday', 'Thursday', 'Friday', 'Saturday', 'Sunday'], 'opens': '10:30', 'closes': '23:30'}]","{'@type': 'PostalAddress', 'addressLocality': 'Northampton', 'addressRegion': 'MA', 'postalCode': '1060', 'addressCountry': 'US', 'streetAddress': '344 King Street'}","{'@type': 'GeoCoordinates', 'latitude': 42.335266, 'longitude': -72.6369694}","{'@type': 'AggregateRating', 'ratingValue': 4.2, 'reviewCount': '21'}"
Chipotle Mexican Grill (334 Russell St),https://www.ubereats.com/springfield-ma/food-delivery/chipotle-mexican-grill-334-russell-st/FPaIFRS4RQWJpDBQBugA8A,northampton-massachusetts,"['Healthy', 'Mexican']",4.4,109,$,42.35695399999999,-72.553872,+14135879888,1035,334 Russell St,Hadley,MA,"[{'@type': 'OpeningHoursSpecification', 'dayOfWeek': ['Monday', 'Tuesday', 'Wednesday', 'Thursday', 'Friday', 'Saturday', 'Sunday'], 'opens': '10:45', 'closes': '21:40'}]","{'@type': 'PostalAddress', 'addressLocality': 'Hadley', 'addressRegion': 'MA', 'postalCode': '1035', 'addressCountry': 'US', 'streetAddress': '334 Russell St'}","{'@type': 'GeoCoordinates', 'latitude': 42.35695399999999, 'longitude': -72.553872}","{'@type': 'AggregateRating', 'ratingValue': 4.4, 'reviewCount': '109'}"
Krispy Krunchy Chicken (810 Meadow St),https://www.ubereats.com/springfield-ma/food-delivery/krispy-krunchy-chicken-810-meadow-st/F_QyQ5P3RbC-Luues54I5w,northampton-massachusetts,"['Comfort Food', 'Fried Chicken', 'Traditional American', 'Wings']",3.2,11,$,42.16483969999999,-72.61428529999999,+14135922328,1013,810 Meadow St,Chicopee,MA,"[{'@type': 'OpeningHoursSpecification', 'dayOfWeek': ['Monday', 'Tuesday', 'Wednesday', 'Thursday', 'Friday', 'Saturday', 'Sunday'], 'opens': '10:0', 'closes': '21:0'}]","{'@type': 'PostalAddress', 'addressLocality': 'Chicopee', 'addressRegion': 'MA', 'postalCode': '1013', 'addressCountry': 'US', 'streetAddress': '810 Meadow St'}","{'@type': 'GeoCoordinates', 'latitude': 42.16483969999999, 'longitude': -72.61428529999999}","{'@type': 'AggregateRating', 'ratingValue': 3.2, 'reviewCount': '11'}"
Asian Taste,https://www.ubereats.com/springfield-ma/food-delivery/asian-taste/WQaJNhZvRkyaFNQav96ihg,northampton-massachusetts,"['Asian Fusion', 'Thai']",,,$$,42.3187071,-72.6282834,+14137273245,01060,84 Pleasant St,Northampton,Massachusetts,"[{'@type': 'OpeningHoursSpecification', 'dayOfWeek': 'Sunday', 'opens': '11:0', 'closes': '15:0'}, {'@type': 'OpeningHoursSpecification', 'dayOfWeek': 'Sunday', 'opens': '11:0', 'closes': '15:0'}, {'@type': 'OpeningHoursSpecification', 'dayOfWeek': 'Sunday', 'opens': '0:0', 'closes': '22:0'}, {'@type': 'OpeningHoursSpecification', 'dayOfWeek': ['Monday', 'Tuesday'], 'opens': '11:30', 'closes': '15:0'}, {'@type': 'OpeningHoursSpecification', 'dayOfWeek': ['Monday', 'Tuesday'], 'opens': '11:0', 'closes': '15:0'}, {'@type': 'OpeningHoursSpecification', 'dayOfWeek': ['Monday', 'Tuesday'], 'opens': '11:0', 'closes': '15:0'}, {'@type': 'OpeningHoursSpecification', 'dayOfWeek': ['Monday', 'Tuesday'], 'opens': '11:30', 'closes': '22:0'}, {'@type': 'OpeningHoursSpecification', 'dayOfWeek': 'Wednesday', 'opens': '11:0', 'closes': '15:0'}, {'@type': 'OpeningHoursSpecification', 'dayOfWeek': 'Wednesday', 'opens': '11:0', 'closes': '15:0'}, {'@type': 'OpeningHoursSpecification', 'dayOfWeek': 'Thursday', 'opens': '11:30', 'closes': '15:0'}, {'@type': 'OpeningHoursSpecification', 'dayOfWeek': 'Thursday', 'opens': '11:0', 'closes': '15:0'}, {'@type': 'OpeningHoursSpecification', 'dayOfWeek': 'Thursday', 'opens': '11:0', 'closes': '15:0'}, {'@type': 'OpeningHoursSpecification', 'dayOfWeek': 'Thursday', 'opens': '11:30', 'closes': '22:0'}, {'@type': 'OpeningHoursSpecification', 'dayOfWeek': 'Friday', 'opens': '11:30', 'closes': '15:0'}, {'@type': 'OpeningHoursSpecification', 'dayOfWeek': 'Friday', 'opens': '11:0', 'closes': '15:0'}, {'@type': 'OpeningHoursSpecification', 'dayOfWeek': 'Friday', 'opens': '11:0', 'closes': '15:0'}, {'@type': 'OpeningHoursSpecification', 'dayOfWeek': 'Friday', 'opens': '11:30', 'closes': '22:30'}, {'@type': 'OpeningHoursSpecification', 'dayOfWeek': 'Saturday', 'opens': '11:0', 'closes': '15:0'}, {'@type': 'OpeningHoursSpecification', 'dayOfWeek': 'Saturday', 'opens': '11:0', 'closes': '15:0'}, {'@type': 'OpeningHoursSpecification', 'dayOfWeek': 'Saturday', 'opens': '11:30', 'closes': '22:30'}]","{'@type': 'PostalAddress', 'addressLocality': 'Northampton', 'addressRegion': 'Massachusetts', 'postalCode': '01060', 'addressCountry': 'US', 'streetAddress': '84 Pleasant St'}","{'@type': 'GeoCoordinates', 'latitude': 42.3187071, 'longitude': -72.6282834}",{}
KKULJAEM KOREAN KITCHEN,https://www.ubereats.com/springfield-ma/food-delivery/kkuljaem-korean-kitchen/c2GvQVe4Rc20Z8ZwEAmTlQ,northampton-massachusetts,"['Korean', 'Chinese', 'Asian', 'Allergy Friendly']",,,$,42.356402,-72.54777849999999,+14133870585,,,,,"[{'@type': 'OpeningHoursSpecification', 'dayOfWeek': 'Sunday', 'opens': '10:30', 'closes': '18:30'}, {'@type': 'OpeningHoursSpecification', 'dayOfWeek': ['Monday', 'Tuesday', 'Wednesday', 'Thursday', 'Friday', 'Saturday'], 'opens': '10:30', 'closes': '19:30'}]",,"{'@type': 'GeoCoordinates', 'latitude': 42.356402, 'longitude': -72.54777849999999}",{}
Dunkin' (142 Russell St),https://www.ubereats.com/springfield-ma/food-delivery/dunkin-142-russell-st/fzZ9uMhXQUGowlqrUdn4fQ,northampton-massachusetts,"['Breakfast and Brunch', 'Donuts']",,,$,42.3425903,-72.5894979,+14135840871,1035,142 Russell St,Hadley,MA,"[{'@type': 'OpeningHoursSpecification', 'dayOfWeek': ['Monday', 'Tuesday', 'Wednesday', 'Thursday', 'Friday', 'Saturday', 'Sunday'], 'opens': '5:0', 'closes': '18:0'}]","{'@type': 'PostalAddress', 'addressLocality': 'Hadley', 'addressRegion': 'MA', 'postalCode': '1035', 'addressCountry': 'US', 'streetAddress': '142 Russell St'}","{'@type': 'GeoCoordinates', 'latitude': 42.3425903, 'longitude': -72.5894979}",{}
Applebee's (100 Westgate Center Dr) #81049,https://www.ubereats.com/springfield-ma/food-delivery/applebees-100-westgate-center-dr-%2381049/f1uSiHpTQTK5bU-H7FwsCg,northampton-massachusetts,"['American', 'Bar Food', 'BBQ', 'burger', 'Chicken Strips', 'Comfort Food', 'Dinner', 'pasta', 'salad', 'Sandwich', 'Soup', 'Steak', 'Traditional American', 'wings']",4.5,106,$$,42.36173780000001,-72.5418801,+14132535799,,,,,"[{'@type': 'OpeningHoursSpecification', 'dayOfWeek': ['Sunday', 'Monday', 'Tuesday', 'Wednesday', 'Thursday'], 'opens': '11:0', 'closes': '23:29'}, {'@type': 'OpeningHoursSpecification', 'dayOfWeek': ['Friday', 'Saturday'], 'opens': '11:0', 'closes': '0:30'}]",,"{'@type': 'GeoCoordinates', 'latitude': 42.36173780000001, 'longitude': -72.5418801}","{'@type': 'AggregateRating', 'ratingValue': 4.5, 'reviewCount': '106'}"
Moge Tee,https://www.ubereats.com/springfield-ma/food-delivery/moge-tee/_ngjsSvVQHuT3Px7ZMNVtA,northampton-massachusetts,"['Asian', 'Desserts', 'Juice and Smoothies']",4.7,171,$,42.3767447,-72.5194429,+14138350628,01002,71 N Pleasant St,Amherst,MA,"[{'@type': 'OpeningHoursSpecification', 'dayOfWeek': ['Monday', 'Tuesday', 'Wednesday', 'Thursday', 'Friday', 'Saturday', 'Sunday'], 'opens': '11:30', 'closes': '9:48'}]","{'@type': 'PostalAddress', 'addressLocality': 'Amherst', 'addressRegion': 'MA', 'postalCode': '01002', 'addressCountry': 'US', 'streetAddress': '71 N Pleasant St'}","{'@type': 'GeoCoordinates', 'latitude': 42.3767447, 'longitude': -72.5194429}","{'@type': 'AggregateRating', 'ratingValue': 4.7, 'reviewCount': '171'}"
Racing Mart (Easthampton Rd),https://www.ubereats.com/springfield-ma/food-delivery/racing-mart-easthampton-rd/OddIs6mBTmavVuE-S6q-jA,northampton-massachusetts,"['Convenience', 'Comfort Food', 'Ice Cream and Frozen Yogurt', 'Everyday Essentials', 'Grocery']",,,$,42.30519869999999,-72.6493759,+14135821800,1060,54 Easthampton Rd,Northampton,MA,"[{'@type': 'OpeningHoursSpecification', 'dayOfWeek': ['Monday', 'Tuesday', 'Wednesday', 'Thursday', 'Friday', 'Saturday', 'Sunday'], 'opens': '7:0', 'closes': '21:0'}]","{'@type': 'PostalAddress', 'addressLocality': 'Northampton', 'addressRegion': 'MA', 'postalCode': '1060', 'addressCountry': 'US', 'streetAddress': '54 Easthampton Rd'}","{'@type': 'GeoCoordinates', 'latitude': 42.30519869999999, 'longitude': -72.6493759}",{}
GoBerry,https://www.ubereats.com/springfield-ma/food-delivery/goberry/yMuJ4BcdR9iPX5Ds9Sx3Qg,northampton-massachusetts,"['Ice Cream & Frozen Yogurt', 'Comfort Food', 'Desserts']",,,$,42.3753297,-72.520529,+14135869290,,,,,"[{'@type': 'OpeningHoursSpecification', 'dayOfWeek': ['Sunday', 'Monday', 'Tuesday', 'Wednesday', 'Thursday'], 'opens': '12:0', 'closes': '22:0'}, {'@type': 'OpeningHoursSpecification', 'dayOfWeek': ['Friday', 'Saturday'], 'opens': '12:0', 'closes': '23:0'}]",,"{'@type': 'GeoCoordinates', 'latitude': 42.3753297, 'longitude': -72.520529}",{}
Moe's Southwest Grill (601 Memorial Drive),https://www.ubereats.com/springfield-ma/food-delivery/moes-southwest-grill-601-memorial-drive/7QF7iTUxQ0exKHl5ayNg2w,northampton-massachusetts,"['Mexican', 'Fast Food']",4.2,30,$,42.1743391,-72.5758654,+14133314983,1020,601 Memorial Drive,Chicopee,MA,"[{'@type': 'OpeningHoursSpecification', 'dayOfWeek': 'Sunday', 'opens': '11:0', 'closes': '20:0'}, {'@type': 'OpeningHoursSpecification', 'dayOfWeek': ['Monday', 'Tuesday', 'Wednesday', 'Thursday'], 'opens': '11:0', 'closes': '21:0'}, {'@type': 'OpeningHoursSpecification', 'dayOfWeek': ['Friday', 'Saturday'], 'opens': '11:0', 'closes': '22:0'}]","{'@type': 'PostalAddress', 'addressLocality': 'Chicopee', 'addressRegion': 'MA', 'postalCode': '1020', 'addressCountry': 'US', 'streetAddress': '601 Memorial Drive'}","{'@type': 'GeoCoordinates', 'latitude': 42.1743391, 'longitude': -72.5758654}","{'@type': 'AggregateRating', 'ratingValue': 4.2, 'reviewCount': '30'}"
Taco Bell (203 King Street),https://www.ubereats.com/springfield-ma/food-delivery/taco-bell-203-king-street/gHd9qIqXTZuiGBU3Clmokw,northampton-massachusetts,"['Burritos', 'Fast Food', 'Mexican']",4.5,17,$,42.3284859,-72.63313339999999,+14135820271,1060,203 King Street,Northampton,MA,"[{'@type': 'OpeningHoursSpecification', 'dayOfWeek': ['Monday', 'Tuesday', 'Wednesday', 'Thursday', 'Friday', 'Saturday', 'Sunday'], 'opens': '14:0', 'closes': '17:0'}, {'@type': 'OpeningHoursSpecification', 'dayOfWeek': ['Monday', 'Tuesday', 'Wednesday', 'Thursday', 'Friday', 'Saturday', 'Sunday'], 'opens': '10:0', 'closes': '22:30'}]","{'@type': 'PostalAddress', 'addressLocality': 'Northampton', 'addressRegion': 'MA', 'postalCode': '1060', 'addressCountry': 'US', 'streetAddress': '203 King Street'}","{'@type': 'GeoCoordinates', 'latitude': 42.3284859, 'longitude': -72.63313339999999}","{'@type': 'AggregateRating', 'ratingValue': 4.5, 'reviewCount': '17'}"
Taco Bell (348 Russell Street),https://www.ubereats.com/springfield-ma/food-delivery/taco-bell-348-russell-street/YWeLebX_SVe9XywdyvhV2A,northampton-massachusetts,"['Burritos', 'Fast Food', 'Mexican']",4.5,139,$,42.3582002,-72.55147889999999,+14135842391,1035,348 Russell Street,Hadley,MA,"[{'@type': 'OpeningHoursSpecification', 'dayOfWeek': ['Monday', 'Tuesday', 'Wednesday', 'Thursday', 'Friday', 'Saturday', 'Sunday'], 'opens': '14:0', 'closes': '17:0'}, {'@type': 'OpeningHoursSpecification', 'dayOfWeek': ['Monday', 'Tuesday', 'Wednesday', 'Thursday', 'Friday', 'Saturday', 'Sunday'], 'opens': '7:0', 'closes': '23:30'}, {'@type': 'OpeningHoursSpecification', 'dayOfWeek': ['Monday', 'Tuesday', 'Wednesday', 'Thursday', 'Friday', 'Saturday', 'Sunday'], 'opens': '7:0', 'closes': '10:30'}]","{'@type': 'PostalAddress', 'addressLocality': 'Hadley', 'addressRegion': 'MA', 'postalCode': '1035', 'addressCountry': 'US', 'streetAddress': '348 Russell Street'}","{'@type': 'GeoCoordinates', 'latitude': 42.3582002, 'longitude': -72.55147889999999}","{'@type': 'AggregateRating', 'ratingValue': 4.5, 'reviewCount': '139'}"
City Pizza,https://www.ubereats.com/springfield-ma/food-delivery/city-pizza/ABU2ldKZQRWlFZqhwqhwPg,northampton-massachusetts,"['Pizza', 'American', 'Italian', 'Sandwich', 'Salads']",4.9,10,$,42.20398840000001,-72.6103325,+14135361113,1040,420 High Street,Holyoke,MA,"[{'@type': 'OpeningHoursSpecification', 'dayOfWeek': 'Sunday', 'opens': '11:0', 'closes': '22:0'}, {'@type': 'OpeningHoursSpecification', 'dayOfWeek': ['Monday', 'Tuesday', 'Wednesday', 'Thursday'], 'opens': '10:0', 'closes': '22:0'}, {'@type': 'OpeningHoursSpecification', 'dayOfWeek': ['Monday', 'Tuesday', 'Wednesday', 'Thursday'], 'opens': '11:0', 'closes': '15:0'}, {'@type': 'OpeningHoursSpecification', 'dayOfWeek': 'Friday', 'opens': '10:0', 'closes': '23:0'}, {'@type': 'OpeningHoursSpecification', 'dayOfWeek': 'Friday', 'opens': '11:0', 'closes': '15:0'}, {'@type': 'OpeningHoursSpecification', 'dayOfWeek': 'Saturday', 'opens': '10:0', 'closes': '23:0'}]","{'@type': 'PostalAddress', 'addressLocality': 'Holyoke', 'addressRegion': 'MA', 'postalCode': '1040', 'addressCountry': 'US', 'streetAddress': '420 High Street'}","{'@type': 'GeoCoordinates', 'latitude': 42.20398840000001, 'longitude': -72.6103325}","{'@type': 'AggregateRating', 'ratingValue': 4.9, 'reviewCount': '10'}"
Taco Bell (2199 Northampton St),https://www.ubereats.com/springfield-ma/food-delivery/taco-bell-2199-northampton-st/_MBxwiRCQ_KSKi7g0ikWGQ,northampton-massachusetts,"['Burritos', 'Fast Food', 'Mexican']",3.3,26,$,42.185952,-72.630968,+14135365863,1040,2199 Northampton St,Holyoke,MA,"[{'@type': 'OpeningHoursSpecification', 'dayOfWeek': ['Sunday', 'Monday', 'Tuesday', 'Wednesday', 'Thursday'], 'opens': '14:0', 'closes': '17:0'}, {'@type': 'OpeningHoursSpecification', 'dayOfWeek': ['Sunday', 'Monday', 'Tuesday', 'Wednesday', 'Thursday'], 'opens': '7:0', 'closes': '1:30'}, {'@type': 'OpeningHoursSpecification', 'dayOfWeek': ['Sunday', 'Monday', 'Tuesday', 'Wednesday', 'Thursday'], 'opens': '7:0', 'closes': '10:30'}, {'@type': 'OpeningHoursSpecification', 'dayOfWeek': ['Friday', 'Saturday'], 'opens': '14:0', 'closes': '17:0'}, {'@type': 'OpeningHoursSpecification', 'dayOfWeek': ['Friday', 'Saturday'], 'opens': '7:0', 'closes': '10:30'}, {'@type': 'OpeningHoursSpecification', 'dayOfWeek': ['Friday', 'Saturday'], 'opens': '7:0', 'closes': '2:30'}]","{'@type': 'PostalAddress', 'addressLocality': 'Holyoke', 'addressRegion': 'MA', 'postalCode': '1040', 'addressCountry': 'US', 'streetAddress': '2199 Northampton St'}","{'@type': 'GeoCoordinates', 'latitude': 42.185952, 'longitude': -72.630968}","{'@type': 'AggregateRating', 'ratingValue': 3.3, 'reviewCount': '26'}"
JJ's Tavern,https://www.ubereats.com/springfield-ma/food-delivery/jjs-tavern/hmeu4rVhRfW7V1mfsCUGsw,northampton-massachusetts,"['Burgers', 'American', 'Sandwiches']",,,$,42.3356517,-72.67142799999999,+14135865705,1062,99 Main St,Florence,MA,"[{'@type': 'OpeningHoursSpecification', 'dayOfWeek': ['Monday', 'Tuesday', 'Wednesday', 'Thursday'], 'opens': '15:0', 'closes': '20:0'}, {'@type': 'OpeningHoursSpecification', 'dayOfWeek': ['Friday', 'Saturday'], 'opens': '12:0', 'closes': '20:0'}]","{'@type': 'PostalAddress', 'addressLocality': 'Florence', 'addressRegion': 'MA', 'postalCode': '1062', 'addressCountry': 'US', 'streetAddress': '99 Main St'}","{'@type': 'GeoCoordinates', 'latitude': 42.3356517, 'longitude': -72.67142799999999}",{}
Friendly's (529 Memorial Dr),https://www.ubereats.com/springfield-ma/food-delivery/friendlys-529-memorial-dr/K52pVuFMRBmABy6CCuiHZA,northampton-massachusetts,"['Kids Friendly', 'Family Meals', 'American', 'Burgers', 'Ice Cream and Frozen Yogurt', 'Desserts']",3.9,60,$,42.1723459,-72.5761878,+14135924221,1020,529 Memorial Dr,Chicopee,MA,"[{'@type': 'OpeningHoursSpecification', 'dayOfWeek': ['Monday', 'Tuesday', 'Wednesday', 'Thursday', 'Friday', 'Saturday', 'Sunday'], 'opens': '11:0', 'closes': '22:0'}]","{'@type': 'PostalAddress', 'addressLocality': 'Chicopee', 'addressRegion': 'MA', 'postalCode': '1020', 'addressCountry': 'US', 'streetAddress': '529 Memorial Dr'}","{'@type': 'GeoCoordinates', 'latitude': 42.1723459, 'longitude': -72.5761878}","{'@type': 'AggregateRating', 'ratingValue': 3.9, 'reviewCount': '60'}"
Applebee's (241 Whiting Farms Rd) #78043,https://www.ubereats.com/springfield-ma/food-delivery/applebees-241-whiting-farms-rd-%2378043/T0QBgxA2Td-ItvROStfC9g,northampton-massachusetts,"['American', 'Bar Food', 'BBQ', 'burger', 'Chicken Strips', 'Comfort Food', 'Dinner', 'pasta', 'salad', 'Sandwich', 'Soup', 'Steak', 'Traditional American', 'wings']",3.9,41,$$,42.17473,-72.640675,+14135361082,1040,225 Whiting Farm Road,Holyoke,MA,"[{'@type': 'OpeningHoursSpecification', 'dayOfWeek': ['Sunday', 'Monday', 'Tuesday', 'Wednesday', 'Thursday'], 'opens': '11:0', 'closes': '23:29'}, {'@type': 'OpeningHoursSpecification', 'dayOfWeek': ['Friday', 'Saturday'], 'opens': '11:0', 'closes': '0:30'}]","{'@type': 'PostalAddress', 'addressLocality': 'Holyoke', 'addressRegion': 'MA', 'postalCode': '1040', 'addressCountry': 'US', 'streetAddress': '225 Whiting Farm Road'}","{'@type': 'GeoCoordinates', 'latitude': 42.17473, 'longitude': -72.640675}","{'@type': 'AggregateRating', 'ratingValue': 3.9, 'reviewCount': '41'}"
Friendly's (1745 Northampton St),https://www.ubereats.com/springfield-ma/food-delivery/friendlys-1745-northampton-st/4PxQs2WYSnKoDtyJI0rDdQ,northampton-massachusetts,"['Kids Friendly', 'Family Meals', 'American', 'Burgers', 'Ice Cream and Frozen Yogurt', 'Desserts']",3.8,64,$,42.2042807,-72.63110979999999,+14135364332,1040,1745 Northampton St,Holyoke,MA,"[{'@type': 'OpeningHoursSpecification', 'dayOfWeek': ['Monday', 'Tuesday', 'Wednesday', 'Thursday', 'Friday', 'Saturday', 'Sunday'], 'opens': '11:0', 'closes': '22:0'}]","{'@type': 'PostalAddress', 'addressLocality': 'Holyoke', 'addressRegion': 'MA', 'postalCode': '1040', 'addressCountry': 'US', 'streetAddress': '1745 Northampton St'}","{'@type': 'GeoCoordinates', 'latitude': 42.2042807, 'longitude': -72.63110979999999}","{'@type': 'AggregateRating', 'ratingValue': 3.8, 'reviewCount': '64'}"
Subway (180 N King St),https://www.ubereats.com/springfield-ma/food-delivery/subway-180-n-king-st/CJh18QZeTkOjVMh8PG1d6Q,northampton-massachusetts,"['Fast Food', 'Sandwich', 'American']",,,$,42.3416945,-72.643759,+14135862800,1060,180 N King St,Northampton,MA,"[{'@type': 'OpeningHoursSpecification', 'dayOfWeek': 'Sunday', 'opens': '10:0', 'closes': '18:30'}, {'@type': 'OpeningHoursSpecification', 'dayOfWeek': ['Monday', 'Tuesday', 'Wednesday', 'Thursday', 'Friday', 'Saturday'], 'opens': '9:0', 'closes': '19:30'}]","{'@type': 'PostalAddress', 'addressLocality': 'Northampton', 'addressRegion': 'MA', 'postalCode': '1060', 'addressCountry': 'US', 'streetAddress': '180 N King St'}","{'@type': 'GeoCoordinates', 'latitude': 42.3416945, 'longitude': -72.643759}",{}
Cracker Barrel Old Country Store (227 Whiting Farms Rd.),https://www.ubereats.com/springfield-ma/food-delivery/cracker-barrel-old-country-store-227-whiting-farms-rd/4iGanIZHRU2RwOYp4oPkqg,northampton-massachusetts,"['Burgers', 'American', 'Sandwiches']",4.5,73,$,42.1771241,-72.64218840000001,+14134931831,,,,,"[{'@type': 'OpeningHoursSpecification', 'dayOfWeek': ['Sunday', 'Monday', 'Tuesday', 'Wednesday', 'Thursday'], 'opens': '10:30', 'closes': '20:0'}, {'@type': 'OpeningHoursSpecification', 'dayOfWeek': ['Sunday', 'Monday', 'Tuesday', 'Wednesday', 'Thursday'], 'opens': '7:30', 'closes': '20:0'}, {'@type': 'OpeningHoursSpecification', 'dayOfWeek': ['Sunday', 'Monday', 'Tuesday', 'Wednesday', 'Thursday'], 'opens': '7:30', 'closes': '20:0'}, {'@type': 'OpeningHoursSpecification', 'dayOfWeek': ['Friday', 'Saturday'], 'opens': '10:30', 'closes': '21:0'}, {'@type': 'OpeningHoursSpecification', 'dayOfWeek': ['Friday', 'Saturday'], 'opens': '7:30', 'closes': '21:0'}, {'@type': 'OpeningHoursSpecification', 'dayOfWeek': ['Friday', 'Saturday'], 'opens': '7:30', 'closes': '21:0'}]",,"{'@type': 'GeoCoordinates', 'latitude': 42.1771241, 'longitude': -72.64218840000001}","{'@type': 'AggregateRating', 'ratingValue': 4.5, 'reviewCount': '73'}"
Priya Indian Cuisine,https://www.ubereats.com/springfield-ma/food-delivery/priya-indian-cuisine/LJg9rFONQsq6M2SJtznIUA,northampton-massachusetts,"['Indian', 'Desserts']",4.6,68,$$,42.170654,-72.578025,+14135945555,01020,460 Memorial Dr,Chicopee,Massachusetts,"[{'@type': 'OpeningHoursSpecification', 'dayOfWeek': 'Sunday', 'opens': '12:0', 'closes': '15:30'}, {'@type': 'OpeningHoursSpecification', 'dayOfWeek': 'Sunday', 'opens': '17:0', 'closes': '22:0'}, {'@type': 'OpeningHoursSpecification', 'dayOfWeek': ['Monday', 'Tuesday', 'Wednesday', 'Thursday', 'Friday'], 'opens': '11:30', 'closes': '14:30'}, {'@type': 'OpeningHoursSpecification', 'dayOfWeek': ['Monday', 'Tuesday', 'Wednesday', 'Thursday', 'Friday'], 'opens': '17:0', 'closes': '22:0'}, {'@type': 'OpeningHoursSpecification', 'dayOfWeek': 'Saturday', 'opens': '12:0', 'closes': '15:30'}, {'@type': 'OpeningHoursSpecification', 'dayOfWeek': 'Saturday', 'opens': '17:0', 'closes': '22:0'}]","{'@type': 'PostalAddress', 'addressLocality': 'Chicopee', 'addressRegion': 'Massachusetts', 'postalCode': '01020', 'addressCountry': 'US', 'streetAddress': '460 Memorial Dr'}","{'@type': 'GeoCoordinates', 'latitude': 42.170654, 'longitude': -72.578025}","{'@type': 'AggregateRating', 'ratingValue': 4.6, 'reviewCount': '68'}"
The Hangar Pub and Grill (Amherst),https://www.ubereats.com/springfield-ma/food-delivery/the-hangar-pub-and-grill-amherst/FiIGpL4UR02ntDLEHilSZw,northampton-massachusetts,"['Burgers', 'American', 'Sandwiches', 'Wings', 'Chicken', 'Fast Food', 'Comfort Food']",,,$,42.3727556,-72.5318238,+14135499464,01002,10 University Dr,Amherst,MA,"[{'@type': 'OpeningHoursSpecification', 'dayOfWeek': 'Sunday', 'opens': '11:30', 'closes': '23:45'}, {'@type': 'OpeningHoursSpecification', 'dayOfWeek': 'Monday', 'opens': '16:0', 'closes': '23:45'}, {'@type': 'OpeningHoursSpecification', 'dayOfWeek': ['Tuesday', 'Wednesday', 'Thursday'], 'opens': '11:30', 'closes': '23:45'}, {'@type': 'OpeningHoursSpecification', 'dayOfWeek': ['Friday', 'Saturday'], 'opens': '11:30', 'closes': '23:59'}]","{'@type': 'PostalAddress', 'addressLocality': 'Amherst', 'addressRegion': 'MA', 'postalCode': '01002', 'addressCountry': 'US', 'streetAddress': '10 University Dr'}","{'@type': 'GeoCoordinates', 'latitude': 42.3727556, 'longitude': -72.5318238}",{}
Golden China Pan,https://www.ubereats.com/springfield-ma/food-delivery/golden-china-pan/eOhaioFzQ3qYnjrxb77XfQ,northampton-massachusetts,"['Chinese', 'Asian', 'Asian Fusion']",,,$,42.26642469999999,-72.67042219999999,+14135275888,1027,98 Union St,Easthampton,MA,"[{'@type': 'OpeningHoursSpecification', 'dayOfWeek': 'Sunday', 'opens': '11:0', 'closes': '18:0'}, {'@type': 'OpeningHoursSpecification', 'dayOfWeek': 'Monday', 'opens': '11:0', 'closes': '18:0'}, {'@type': 'OpeningHoursSpecification', 'dayOfWeek': 'Monday', 'opens': '11:0', 'closes': '15:0'}, {'@type': 'OpeningHoursSpecification', 'dayOfWeek': ['Wednesday', 'Thursday', 'Friday', 'Saturday'], 'opens': '11:0', 'closes': '18:0'}, {'@type': 'OpeningHoursSpecification', 'dayOfWeek': ['Wednesday', 'Thursday', 'Friday', 'Saturday'], 'opens': '11:0', 'closes': '15:0'}]","{'@type': 'PostalAddress', 'addressLocality': 'Easthampton', 'addressRegion': 'MA', 'postalCode': '1027', 'addressCountry': 'US', 'streetAddress': '98 Union St'}","{'@type': 'GeoCoordinates', 'latitude': 42.26642469999999, 'longitude': -72.67042219999999}",{}
Athena's Pizza,https://www.ubereats.com/springfield-ma/food-delivery/athenas-pizza/goBTYyZORsynFTChOXnqEg,northampton-massachusetts,"['Pizza', 'American', 'Italian']",4.6,74,$,42.37149180000001,-72.5338852,+14135499900,01002,65 University Drive,Amherst,MA,"[{'@type': 'OpeningHoursSpecification', 'dayOfWeek': ['Monday', 'Tuesday', 'Wednesday', 'Thursday', 'Friday', 'Saturday', 'Sunday'], 'opens': '10:30', 'closes': '20:30'}]","{'@type': 'PostalAddress', 'addressLocality': 'Amherst', 'addressRegion': 'MA', 'postalCode': '01002', 'addressCountry': 'US', 'streetAddress': '65 University Drive'}","{'@type': 'GeoCoordinates', 'latitude': 42.37149180000001, 'longitude': -72.5338852}","{'@type': 'AggregateRating', 'ratingValue': 4.6, 'reviewCount': '74'}"
McDonald's® (221 KING ST),https://www.ubereats.com/springfield-ma/food-delivery/mcdonalds-221-king-st/V2TVlyokSl6cpEG9RDX4Qg,northampton-massachusetts,"['American', 'Burgers', 'Fast Food']",4.3,38,$,42.328891999999996,-72.633195,+14135845073,,,,,"[{'@type': 'OpeningHoursSpecification', 'dayOfWeek': ['Sunday', 'Monday', 'Tuesday', 'Wednesday', 'Thursday'], 'opens': '6:0', 'closes': '10:29'}, {'@type': 'OpeningHoursSpecification', 'dayOfWeek': ['Sunday', 'Monday', 'Tuesday', 'Wednesday', 'Thursday'], 'opens': '10:30', 'closes': '16:59'}, {'@type': 'OpeningHoursSpecification', 'dayOfWeek': ['Sunday', 'Monday', 'Tuesday', 'Wednesday', 'Thursday'], 'opens': '17:0', 'closes': '23:45'}, {'@type': 'OpeningHoursSpecification', 'dayOfWeek': ['Friday', 'Saturday'], 'opens': '6:0', 'closes': '10:59'}, {'@type': 'OpeningHoursSpecification', 'dayOfWeek': ['Friday', 'Saturday'], 'opens': '11:0', 'closes': '16:59'}, {'@type': 'OpeningHoursSpecification', 'dayOfWeek': ['Friday', 'Saturday'], 'opens': '17:0', 'closes': '0:45'}]",,"{'@type': 'GeoCoordinates', 'latitude': 42.328891999999996, 'longitude': -72.633195}","{'@type': 'AggregateRating', 'ratingValue': 4.3, 'reviewCount': '38'}"
Kisara Japanese & Korean Restaurant,https://www.ubereats.com/springfield-ma/food-delivery/kisara-japanese-%26-korean-restaurant/gyuFVY8pThqQF5GR_g79EQ,northampton-massachusetts,"['Sushi', 'Asian', 'Japanese']",,,$,42.2643368,-72.6653599,+14132032095,,,,,"[{'@type': 'OpeningHoursSpecification', 'dayOfWeek': 'Sunday', 'opens': '11:30', 'closes': '21:0'}, {'@type': 'OpeningHoursSpecification', 'dayOfWeek': ['Monday', 'Tuesday', 'Wednesday', 'Thursday'], 'opens': '11:30', 'closes': '21:0'}, {'@type': 'OpeningHoursSpecification', 'dayOfWeek': ['Monday', 'Tuesday', 'Wednesday', 'Thursday'], 'opens': '11:30', 'closes': '15:0'}, {'@type': 'OpeningHoursSpecification', 'dayOfWeek': 'Friday', 'opens': '11:30', 'closes': '22:0'}, {'@type': 'OpeningHoursSpecification', 'dayOfWeek': 'Friday', 'opens': '11:30', 'closes': '15:0'}, {'@type': 'OpeningHoursSpecification', 'dayOfWeek': 'Saturday', 'opens': '11:30', 'closes': '22:0'}]",,"{'@type': 'GeoCoordinates', 'latitude': 42.2643368, 'longitude': -72.6653599}",{}
Buffalo Wild Wings (480 Memorial Dr),https://www.ubereats.com/springfield-ma/food-delivery/buffalo-wild-wings-480-memorial-dr/v13PwK0yTFKNn_hws0TXzA,northampton-massachusetts,"['wings', 'Chicken', 'Salads']",4.4,68,$$,42.1720314,-72.5777435,+14133315041,1020,480 Memorial Dr,Chicopee,MA,"[{'@type': 'OpeningHoursSpecification', 'dayOfWeek': ['Monday', 'Tuesday', 'Wednesday', 'Thursday', 'Friday', 'Saturday', 'Sunday'], 'opens': '11:0', 'closes': '21:0'}]","{'@type': 'PostalAddress', 'addressLocality': 'Chicopee', 'addressRegion': 'MA', 'postalCode': '1020', 'addressCountry': 'US', 'streetAddress': '480 Memorial Dr'}","{'@type': 'GeoCoordinates', 'latitude': 42.1720314, 'longitude': -72.5777435}","{'@type': 'AggregateRating', 'ratingValue': 4.4, 'reviewCount': '68'}"
Wendy's  (376 Russell Street),https://www.ubereats.com/springfield-ma/food-delivery/wendys-376-russell-street/jNak1pxwTWaefdND_wc-Yg,northampton-massachusetts,"['American', 'Burgers', 'Fast Food']",4.3,66,$,42.35929770000001,-72.5488805,+14135173968,01035,376 Russell Street,Hadley,MA,"[{'@type': 'OpeningHoursSpecification', 'dayOfWeek': ['Monday', 'Tuesday', 'Wednesday', 'Thursday', 'Friday', 'Saturday', 'Sunday'], 'opens': '10:30', 'closes': '0:30'}, {'@type': 'OpeningHoursSpecification', 'dayOfWeek': ['Monday', 'Tuesday', 'Wednesday', 'Thursday', 'Friday', 'Saturday', 'Sunday'], 'opens': '6:30', 'closes': '10:0'}]","{'@type': 'PostalAddress', 'addressLocality': 'Hadley', 'addressRegion': 'MA', 'postalCode': '01035', 'addressCountry': 'US', 'streetAddress': '376 Russell Street'}","{'@type': 'GeoCoordinates', 'latitude': 42.35929770000001, 'longitude': -72.5488805}","{'@type': 'AggregateRating', 'ratingValue': 4.3, 'reviewCount': '66'}"
