name,url,city,cuisine,avgRating,numReviews,priceRange,latitude,longitude,telephone,postalCode,streetAddress,addressLocality,addressRegion,openingHoursSpecification,addressString,geoString,ratingString
Rickey's,https://www.ubereats.com/san-francisco/food-delivery/rickeys/4ZBDg0OTTnmEF1mpym7lvQ,novato-california,"['Burgers', 'American', 'Sandwiches']",,,$,38.0705667,-122.5398816,+14158839477,94949,250 Entrada Dr,Novato,CA,"[{'@type': 'OpeningHoursSpecification', 'dayOfWeek': 'Sunday', 'opens': '15:0', 'closes': '21:0'}, {'@type': 'OpeningHoursSpecification', 'dayOfWeek': ['Tuesday', 'Wednesday', 'Thursday', 'Friday', 'Saturday'], 'opens': '15:0', 'closes': '21:0'}]","{'@type': 'PostalAddress', 'addressLocality': 'Novato', 'addressRegion': 'CA', 'postalCode': '94949', 'addressCountry': 'US', 'streetAddress': '250 Entrada Dr'}","{'@type': 'GeoCoordinates', 'latitude': 38.0705667, 'longitude': -122.5398816}",{}
Chipotle Mexican Grill (5800 Northgate Dr Ste 154),https://www.ubereats.com/san-francisco/food-delivery/chipotle-mexican-grill-5800-northgate-dr-ste-154/s006KL0zR3W-y9NONrItOQ,novato-california,"['Healthy', 'Mexican']",4.5,60,$,38.0042166,-122.544202,+14155070493,94903,5800 Northgate Dr Ste 154,San Rafael,CA,"[{'@type': 'OpeningHoursSpecification', 'dayOfWeek': ['Monday', 'Tuesday', 'Wednesday', 'Thursday', 'Friday', 'Saturday', 'Sunday'], 'opens': '10:45', 'closes': '21:40'}]","{'@type': 'PostalAddress', 'addressLocality': 'San Rafael', 'addressRegion': 'CA', 'postalCode': '94903', 'addressCountry': 'US', 'streetAddress': '5800 Northgate Dr Ste 154'}","{'@type': 'GeoCoordinates', 'latitude': 38.0042166, 'longitude': -122.544202}","{'@type': 'AggregateRating', 'ratingValue': 4.5, 'reviewCount': '60'}"
Le Col Rouge,https://www.ubereats.com/san-francisco/food-delivery/le-col-rouge/l3LOaHNgSEGd7_79m9QQYw,novato-california,"['Chicken', 'Sandwich', 'American']",,,$$,38.0969144,-122.5701458,+17075573153,94947,1531 S Novato Blvd,San Francisco,CA,"[{'@type': 'OpeningHoursSpecification', 'dayOfWeek': ['Monday', 'Tuesday', 'Wednesday', 'Thursday', 'Friday', 'Saturday', 'Sunday'], 'opens': '11:30', 'closes': '21:0'}]","{'@type': 'PostalAddress', 'addressLocality': 'San Francisco', 'addressRegion': 'CA', 'postalCode': '94947', 'addressCountry': 'US', 'streetAddress': '1531 S Novato Blvd'}","{'@type': 'GeoCoordinates', 'latitude': 38.0969144, 'longitude': -122.5701458}",{}
Marin Coffee Roasters (Novato Blvd),https://www.ubereats.com/san-francisco/food-delivery/marin-coffee-roasters-novato-blvd/Nh01PCbLRR-5zsht9XppJA,novato-california,['Coffee and Tea'],,,$,38.098746,-122.570879,+14158928373,94947,1551 S,Novato,California,"[{'@type': 'OpeningHoursSpecification', 'dayOfWeek': 'Sunday', 'opens': '5:30', 'closes': '17:0'}, {'@type': 'OpeningHoursSpecification', 'dayOfWeek': 'Sunday', 'opens': '7:30', 'closes': '14:0'}, {'@type': 'OpeningHoursSpecification', 'dayOfWeek': ['Monday', 'Tuesday', 'Wednesday', 'Thursday', 'Friday'], 'opens': '5:30', 'closes': '17:0'}, {'@type': 'OpeningHoursSpecification', 'dayOfWeek': 'Saturday', 'opens': '6:30', 'closes': '14:0'}]","{'@type': 'PostalAddress', 'addressLocality': 'Novato', 'addressRegion': 'California', 'postalCode': '94947', 'addressCountry': 'US', 'streetAddress': '1551 S'}","{'@type': 'GeoCoordinates', 'latitude': 38.098746, 'longitude': -122.570879}",{}
Sbarro  (5800 Northgate Drive),https://www.ubereats.com/san-francisco/food-delivery/sbarro-5800-northgate-drive/SywwhsTdSvWLQy-uHyAN6A,novato-california,"['Italian', 'pasta', 'pizza']",,,$,38.0042166,-122.544202,+14154721032,94903,5800 Northgate Drive,San Rafael,CA,"[{'@type': 'OpeningHoursSpecification', 'dayOfWeek': ['Monday', 'Tuesday', 'Wednesday', 'Thursday', 'Friday', 'Saturday', 'Sunday'], 'opens': '12:0', 'closes': '18:0'}]","{'@type': 'PostalAddress', 'addressLocality': 'San Rafael', 'addressRegion': 'CA', 'postalCode': '94903', 'addressCountry': 'US', 'streetAddress': '5800 Northgate Drive'}","{'@type': 'GeoCoordinates', 'latitude': 38.0042166, 'longitude': -122.544202}",{}
Stefano's Pizza,https://www.ubereats.com/san-francisco/food-delivery/stefanos-pizza/UdFz9HWoSsi0Wr2pCwzJtA,novato-california,['Pizza'],4.9,15,$$,38.099086,-122.571359,+14158784959,94947,1553,Novato,California,"[{'@type': 'OpeningHoursSpecification', 'dayOfWeek': ['Monday', 'Tuesday', 'Wednesday', 'Thursday', 'Friday', 'Saturday', 'Sunday'], 'opens': '11:0', 'closes': '20:30'}]","{'@type': 'PostalAddress', 'addressLocality': 'Novato', 'addressRegion': 'California', 'postalCode': '94947', 'addressCountry': 'US', 'streetAddress': '1553'}","{'@type': 'GeoCoordinates', 'latitude': 38.099086, 'longitude': -122.571359}","{'@type': 'AggregateRating', 'ratingValue': 4.9, 'reviewCount': '15'}"
Risibisi,https://www.ubereats.com/san-francisco/food-delivery/risibisi/k1j5M-6CQUiOsf5gmVclQA,novato-california,"['Italian', 'Pasta', 'Comfort Food']",4.3,12,$,38.2352897,-122.6406175,+17077667600,94952,154,Petaluma,CA,"[{'@type': 'OpeningHoursSpecification', 'dayOfWeek': ['Monday', 'Tuesday', 'Wednesday', 'Thursday', 'Friday', 'Saturday', 'Sunday'], 'opens': '16:30', 'closes': '20:0'}]","{'@type': 'PostalAddress', 'addressLocality': 'Petaluma', 'addressRegion': 'CA', 'postalCode': '94952', 'addressCountry': 'US', 'streetAddress': '154'}","{'@type': 'GeoCoordinates', 'latitude': 38.2352897, 'longitude': -122.6406175}","{'@type': 'AggregateRating', 'ratingValue': 4.3, 'reviewCount': '12'}"
Marin Coffee Roasters,https://www.ubereats.com/san-francisco/food-delivery/marin-coffee-roasters/pd0IFZMaQ2eOmuQaWj130g,novato-california,"['Burgers', 'American', 'Sandwiches']",,,$,38.0674302,-122.542532,+14158849400,94949,466 Ignacio Blvd,Novato,CA,"[{'@type': 'OpeningHoursSpecification', 'dayOfWeek': 'Sunday', 'opens': '6:30', 'closes': '18:0'}, {'@type': 'OpeningHoursSpecification', 'dayOfWeek': ['Monday', 'Tuesday', 'Wednesday', 'Thursday', 'Friday'], 'opens': '5:30', 'closes': '18:0'}, {'@type': 'OpeningHoursSpecification', 'dayOfWeek': 'Saturday', 'opens': '6:0', 'closes': '18:0'}]","{'@type': 'PostalAddress', 'addressLocality': 'Novato', 'addressRegion': 'CA', 'postalCode': '94949', 'addressCountry': 'US', 'streetAddress': '466 Ignacio Blvd'}","{'@type': 'GeoCoordinates', 'latitude': 38.0674302, 'longitude': -122.542532}",{}
High Tech Burrito - San Anselmo,https://www.ubereats.com/san-francisco/food-delivery/high-tech-burrito-san-anselmo/8lHHBblTQAWmOnv66vTsLw,novato-california,['Mexican'],4.6,72,$,37.981618,-122.566126,+14154559176,94960,914 Sir Francis Drake Blvd,San Anselmo,California,"[{'@type': 'OpeningHoursSpecification', 'dayOfWeek': ['Sunday', 'Monday'], 'opens': '9:30', 'closes': '20:15'}, {'@type': 'OpeningHoursSpecification', 'dayOfWeek': ['Sunday', 'Monday'], 'opens': '10:30', 'closes': '20:15'}, {'@type': 'OpeningHoursSpecification', 'dayOfWeek': 'Tuesday', 'opens': '9:30', 'closes': '20:30'}, {'@type': 'OpeningHoursSpecification', 'dayOfWeek': 'Tuesday', 'opens': '10:30', 'closes': '20:15'}, {'@type': 'OpeningHoursSpecification', 'dayOfWeek': ['Wednesday', 'Thursday', 'Friday', 'Saturday'], 'opens': '9:30', 'closes': '20:15'}, {'@type': 'OpeningHoursSpecification', 'dayOfWeek': ['Wednesday', 'Thursday', 'Friday', 'Saturday'], 'opens': '10:30', 'closes': '20:15'}]","{'@type': 'PostalAddress', 'addressLocality': 'San Anselmo', 'addressRegion': 'California', 'postalCode': '94960', 'addressCountry': 'US', 'streetAddress': '914 Sir Francis Drake Blvd'}","{'@type': 'GeoCoordinates', 'latitude': 37.981618, 'longitude': -122.566126}","{'@type': 'AggregateRating', 'ratingValue': 4.6, 'reviewCount': '72'}"
The Hummingbird,https://www.ubereats.com/san-francisco/food-delivery/the-hummingbird/ytpk-jofSjS4PZcpaI7noQ,novato-california,"['Comfort Food', 'Cajun', 'Southern']",4.9,13,$,37.9869732,-122.5894329,+14154579866,94930,57 Broadway,Fairfax,CA,"[{'@type': 'OpeningHoursSpecification', 'dayOfWeek': ['Monday', 'Tuesday', 'Wednesday', 'Thursday', 'Friday', 'Saturday', 'Sunday'], 'opens': '7:0', 'closes': '15:0'}]","{'@type': 'PostalAddress', 'addressLocality': 'Fairfax', 'addressRegion': 'CA', 'postalCode': '94930', 'addressCountry': 'US', 'streetAddress': '57 Broadway'}","{'@type': 'GeoCoordinates', 'latitude': 37.9869732, 'longitude': -122.5894329}","{'@type': 'AggregateRating', 'ratingValue': 4.9, 'reviewCount': '13'}"
Chipotle Mexican Grill (401 Kenilworth Dr Ste 710),https://www.ubereats.com/san-francisco/food-delivery/chipotle-mexican-grill-401-kenilworth-dr-ste-710/TXWsPW0sTT-h1YPQCiE8SQ,novato-california,"['Healthy', 'Mexican']",4.3,65,$,38.2435237,-122.6266079,+17077725225,94952,401 Kenilworth Dr Ste 710,Petaluma,CA,"[{'@type': 'OpeningHoursSpecification', 'dayOfWeek': ['Monday', 'Tuesday', 'Wednesday', 'Thursday', 'Friday', 'Saturday', 'Sunday'], 'opens': '10:45', 'closes': '21:40'}]","{'@type': 'PostalAddress', 'addressLocality': 'Petaluma', 'addressRegion': 'CA', 'postalCode': '94952', 'addressCountry': 'US', 'streetAddress': '401 Kenilworth Dr Ste 710'}","{'@type': 'GeoCoordinates', 'latitude': 38.2435237, 'longitude': -122.6266079}","{'@type': 'AggregateRating', 'ratingValue': 4.3, 'reviewCount': '65'}"
Chick-fil-A  (35 Rowland Way),https://www.ubereats.com/san-francisco/food-delivery/chick-fil-a-35-rowland-way/z6e67VMoRbmkkLh47gOciw,novato-california,"['American', 'Fried Chicken', 'Family Meals']",4.6,81,$,38.09400100000001,-122.5574692,+14158977710,94945,35 Rowland Way,Novato,CA,"[{'@type': 'OpeningHoursSpecification', 'dayOfWeek': ['Monday', 'Tuesday', 'Wednesday', 'Thursday', 'Friday', 'Saturday'], 'opens': '6:30', 'closes': '10:0'}, {'@type': 'OpeningHoursSpecification', 'dayOfWeek': ['Monday', 'Tuesday', 'Wednesday', 'Thursday', 'Friday', 'Saturday'], 'opens': '10:0', 'closes': '21:30'}]","{'@type': 'PostalAddress', 'addressLocality': 'Novato', 'addressRegion': 'CA', 'postalCode': '94945', 'addressCountry': 'US', 'streetAddress': '35 Rowland Way'}","{'@type': 'GeoCoordinates', 'latitude': 38.09400100000001, 'longitude': -122.5574692}","{'@type': 'AggregateRating', 'ratingValue': 4.6, 'reviewCount': '81'}"
Taco Bell (930 Seventh Street),https://www.ubereats.com/san-francisco/food-delivery/taco-bell-930-seventh-street/Aos4oI5iQhGzt_1rZA-VZQ,novato-california,"['Burritos', 'Fast Food', 'Mexican']",4.3,26,$,38.10695500000001,-122.5779281,+14158780230,94945,930 Seventh Street,Novato,CA,"[{'@type': 'OpeningHoursSpecification', 'dayOfWeek': ['Monday', 'Tuesday', 'Wednesday', 'Thursday', 'Friday', 'Saturday', 'Sunday'], 'opens': '14:0', 'closes': '17:0'}, {'@type': 'OpeningHoursSpecification', 'dayOfWeek': ['Monday', 'Tuesday', 'Wednesday', 'Thursday', 'Friday', 'Saturday', 'Sunday'], 'opens': '7:0', 'closes': '22:30'}, {'@type': 'OpeningHoursSpecification', 'dayOfWeek': ['Monday', 'Tuesday', 'Wednesday', 'Thursday', 'Friday', 'Saturday', 'Sunday'], 'opens': '7:0', 'closes': '10:30'}]","{'@type': 'PostalAddress', 'addressLocality': 'Novato', 'addressRegion': 'CA', 'postalCode': '94945', 'addressCountry': 'US', 'streetAddress': '930 Seventh Street'}","{'@type': 'GeoCoordinates', 'latitude': 38.10695500000001, 'longitude': -122.5779281}","{'@type': 'AggregateRating', 'ratingValue': 4.3, 'reviewCount': '26'}"
Lemongrass Thai Noodle,https://www.ubereats.com/san-francisco/food-delivery/lemongrass-thai-noodle/PCZXKA5ESHqB64VmWJblBQ,novato-california,"['Thai', 'Asian', 'Noodles', 'Salads']",4.8,51,$,38.2360618,-122.6410194,+17077625966,,,,,"[{'@type': 'OpeningHoursSpecification', 'dayOfWeek': ['Monday', 'Tuesday', 'Wednesday', 'Thursday', 'Friday', 'Saturday', 'Sunday'], 'opens': '17:0', 'closes': '20:20'}]",,"{'@type': 'GeoCoordinates', 'latitude': 38.2360618, 'longitude': -122.6410194}","{'@type': 'AggregateRating', 'ratingValue': 4.8, 'reviewCount': '51'}"
Hopmonk Tavern Novato,https://www.ubereats.com/san-francisco/food-delivery/hopmonk-tavern-novato/5aeFxnguRD-FS4Fysx_Ffg,novato-california,"['Burgers', 'American', 'Sandwiches']",3.7,10,$,38.08854600000001,-122.5534481,+14158926200,94945,224 Vintage Way,Novato,CA,"[{'@type': 'OpeningHoursSpecification', 'dayOfWeek': 'Sunday', 'opens': '13:0', 'closes': '19:30'}, {'@type': 'OpeningHoursSpecification', 'dayOfWeek': ['Wednesday', 'Thursday', 'Friday', 'Saturday'], 'opens': '12:0', 'closes': '19:30'}]","{'@type': 'PostalAddress', 'addressLocality': 'Novato', 'addressRegion': 'CA', 'postalCode': '94945', 'addressCountry': 'US', 'streetAddress': '224 Vintage Way'}","{'@type': 'GeoCoordinates', 'latitude': 38.08854600000001, 'longitude': -122.5534481}","{'@type': 'AggregateRating', 'ratingValue': 3.7, 'reviewCount': '10'}"
Batika India Bistro,https://www.ubereats.com/san-francisco/food-delivery/batika-india-bistro/nKsHf2_OQ1OBz4nEP73c6A,novato-california,['Indian'],4.8,40,$,38.107526,-122.568228,+14158955757,94945,868 Grant Ave,Novato,CA,"[{'@type': 'OpeningHoursSpecification', 'dayOfWeek': ['Monday', 'Tuesday', 'Wednesday', 'Thursday', 'Friday', 'Saturday', 'Sunday'], 'opens': '11:30', 'closes': '14:30'}, {'@type': 'OpeningHoursSpecification', 'dayOfWeek': ['Monday', 'Tuesday', 'Wednesday', 'Thursday', 'Friday', 'Saturday', 'Sunday'], 'opens': '17:0', 'closes': '20:45'}]","{'@type': 'PostalAddress', 'addressLocality': 'Novato', 'addressRegion': 'CA', 'postalCode': '94945', 'addressCountry': 'US', 'streetAddress': '868 Grant Ave'}","{'@type': 'GeoCoordinates', 'latitude': 38.107526, 'longitude': -122.568228}","{'@type': 'AggregateRating', 'ratingValue': 4.8, 'reviewCount': '40'}"
Banh Mi Zon,https://www.ubereats.com/san-francisco/food-delivery/banh-mi-zon/C141WdSPT6Sh4hToEYxQHg,novato-california,"['Vietnamese', 'Noodles', 'Healthy']",4.4,36,$,37.9965569,-122.5279707,+16262414342,,76 San Pablo Ave,San Rafael,CA,"[{'@type': 'OpeningHoursSpecification', 'dayOfWeek': 'Sunday', 'opens': '11:0', 'closes': '15:0'}, {'@type': 'OpeningHoursSpecification', 'dayOfWeek': ['Monday', 'Tuesday', 'Wednesday', 'Thursday', 'Friday'], 'opens': '10:0', 'closes': '15:0'}, {'@type': 'OpeningHoursSpecification', 'dayOfWeek': 'Saturday', 'opens': '11:0', 'closes': '15:0'}]","{'@type': 'PostalAddress', 'addressLocality': 'San Rafael', 'addressRegion': 'CA', 'postalCode': '', 'addressCountry': 'US', 'streetAddress': '76 San Pablo Ave'}","{'@type': 'GeoCoordinates', 'latitude': 37.9965569, 'longitude': -122.5279707}","{'@type': 'AggregateRating', 'ratingValue': 4.4, 'reviewCount': '36'}"
Mountain Mike's Pizza (919 Lakeville St),https://www.ubereats.com/san-francisco/food-delivery/mountain-mikes-pizza-919-lakeville-st/4J1ryHHmSvuDpHr0JUPu7w,novato-california,"['American', 'Salads', 'Pizza']",4.6,29,$,38.235727,-122.624497,+17077698989,94952,919 Lakeville St,Petaluma,CA,"[{'@type': 'OpeningHoursSpecification', 'dayOfWeek': ['Sunday', 'Monday', 'Tuesday', 'Wednesday', 'Thursday'], 'opens': '11:0', 'closes': '21:45'}, {'@type': 'OpeningHoursSpecification', 'dayOfWeek': ['Friday', 'Saturday'], 'opens': '11:0', 'closes': '22:45'}]","{'@type': 'PostalAddress', 'addressLocality': 'Petaluma', 'addressRegion': 'CA', 'postalCode': '94952', 'addressCountry': 'US', 'streetAddress': '919 Lakeville St'}","{'@type': 'GeoCoordinates', 'latitude': 38.235727, 'longitude': -122.624497}","{'@type': 'AggregateRating', 'ratingValue': 4.6, 'reviewCount': '29'}"
 Red Boy Pizza (San Rafael),https://www.ubereats.com/san-francisco/food-delivery/red-boy-pizza-san-rafael/cD_TFg6CRSibzTd6158IQA,novato-california,"['Pizza', 'American', 'Sandwich']",4.7,59,$,37.9754921,-122.54513349999999,+14152580420,94901,2044 4th St,San Rafael,CA,"[{'@type': 'OpeningHoursSpecification', 'dayOfWeek': 'Sunday', 'opens': '15:45', 'closes': '23:55'}, {'@type': 'OpeningHoursSpecification', 'dayOfWeek': ['Monday', 'Tuesday', 'Wednesday', 'Thursday', 'Friday', 'Saturday'], 'opens': '11:50', 'closes': '23:55'}]","{'@type': 'PostalAddress', 'addressLocality': 'San Rafael', 'addressRegion': 'CA', 'postalCode': '94901', 'addressCountry': 'US', 'streetAddress': '2044 4th St'}","{'@type': 'GeoCoordinates', 'latitude': 37.9754921, 'longitude': -122.54513349999999}","{'@type': 'AggregateRating', 'ratingValue': 4.7, 'reviewCount': '59'}"
Chianti Cucina,https://www.ubereats.com/san-francisco/food-delivery/chianti-cucina/m8QZYh22S-a2P3wywRLObQ,novato-california,"['Italian', 'Pasta', 'Seafood']",,,$,38.109076,-122.5692,+14158780314,94945,7416 Redwood Blvd,Novato,CA,"[{'@type': 'OpeningHoursSpecification', 'dayOfWeek': ['Monday', 'Tuesday', 'Wednesday', 'Thursday', 'Friday', 'Saturday', 'Sunday'], 'opens': '16:30', 'closes': '19:30'}]","{'@type': 'PostalAddress', 'addressLocality': 'Novato', 'addressRegion': 'CA', 'postalCode': '94945', 'addressCountry': 'US', 'streetAddress': '7416 Redwood Blvd'}","{'@type': 'GeoCoordinates', 'latitude': 38.109076, 'longitude': -122.5692}",{}
Tuttimelon,https://www.ubereats.com/san-francisco/food-delivery/tuttimelon/YiNbyWYsRGCIuXxDhxsZew,novato-california,"['Desserts', 'Ice Cream and Frozen Yogurt', 'Juice and Smoothies']",4.9,26,$,38.090967,-122.554668,+14158976900,94945,132 Vintage Way,Novato,California,"[{'@type': 'OpeningHoursSpecification', 'dayOfWeek': ['Monday', 'Tuesday', 'Wednesday', 'Thursday', 'Friday', 'Saturday', 'Sunday'], 'opens': '12:0', 'closes': '20:30'}]","{'@type': 'PostalAddress', 'addressLocality': 'Novato', 'addressRegion': 'California', 'postalCode': '94945', 'addressCountry': 'US', 'streetAddress': '132 Vintage Way'}","{'@type': 'GeoCoordinates', 'latitude': 38.090967, 'longitude': -122.554668}","{'@type': 'AggregateRating', 'ratingValue': 4.9, 'reviewCount': '26'}"
Taqueria Mi Pueblo (San Anselmo),https://www.ubereats.com/san-francisco/food-delivery/taqueria-mi-pueblo-san-anselmo/f_nBVrcQQ72ObenNdIA23Q,novato-california,"['Mexican', 'Latin American', 'New Mexican']",4.6,117,$,37.9748917,-122.5613906,+14154601027,94960,208 Sir Francis Drake Blvd,San Anselmo,CA,"[{'@type': 'OpeningHoursSpecification', 'dayOfWeek': 'Sunday', 'opens': '12:0', 'closes': '20:0'}, {'@type': 'OpeningHoursSpecification', 'dayOfWeek': ['Monday', 'Tuesday', 'Wednesday', 'Thursday', 'Friday', 'Saturday'], 'opens': '11:0', 'closes': '8:0'}]","{'@type': 'PostalAddress', 'addressLocality': 'San Anselmo', 'addressRegion': 'CA', 'postalCode': '94960', 'addressCountry': 'US', 'streetAddress': '208 Sir Francis Drake Blvd'}","{'@type': 'GeoCoordinates', 'latitude': 37.9748917, 'longitude': -122.5613906}","{'@type': 'AggregateRating', 'ratingValue': 4.6, 'reviewCount': '117'}"
Aurora Ristorante Italiano,https://www.ubereats.com/san-francisco/food-delivery/aurora-ristorante-italiano/H0YswGzaTS-5IGp_PRqlnA,novato-california,"['Italian', 'Pasta', 'Comfort Food', 'Pizza']",,,$,38.0682171,-122.5336201,+14153828488,94949,8 Commercial Blvd Ste A,Novato,CA,"[{'@type': 'OpeningHoursSpecification', 'dayOfWeek': ['Monday', 'Tuesday', 'Wednesday', 'Thursday', 'Friday', 'Saturday', 'Sunday'], 'opens': '11:0', 'closes': '20:0'}, {'@type': 'OpeningHoursSpecification', 'dayOfWeek': ['Monday', 'Tuesday', 'Wednesday', 'Thursday', 'Friday', 'Saturday', 'Sunday'], 'opens': '11:0', 'closes': '15:0'}, {'@type': 'OpeningHoursSpecification', 'dayOfWeek': ['Monday', 'Tuesday', 'Wednesday', 'Thursday', 'Friday', 'Saturday', 'Sunday'], 'opens': '15:0', 'closes': '20:0'}]","{'@type': 'PostalAddress', 'addressLocality': 'Novato', 'addressRegion': 'CA', 'postalCode': '94949', 'addressCountry': 'US', 'streetAddress': '8 Commercial Blvd Ste A'}","{'@type': 'GeoCoordinates', 'latitude': 38.0682171, 'longitude': -122.5336201}",{}
IHOP (144 Vintage Way),https://www.ubereats.com/san-francisco/food-delivery/ihop-144-vintage-way/V8OC378ITKWUSSYAVNydXA,novato-california,"['American', 'Breakfast and Brunch', 'Diner', 'Family Meals']",4.8,72,$,38.090279,-122.55552,+14158922232,94945,144 Vintage Way,Novato,CA,"[{'@type': 'OpeningHoursSpecification', 'dayOfWeek': ['Monday', 'Tuesday', 'Wednesday', 'Thursday', 'Friday', 'Saturday', 'Sunday'], 'opens': '6:0', 'closes': '13:50'}]","{'@type': 'PostalAddress', 'addressLocality': 'Novato', 'addressRegion': 'CA', 'postalCode': '94945', 'addressCountry': 'US', 'streetAddress': '144 Vintage Way'}","{'@type': 'GeoCoordinates', 'latitude': 38.090279, 'longitude': -122.55552}","{'@type': 'AggregateRating', 'ratingValue': 4.8, 'reviewCount': '72'}"
Aloh-o,https://www.ubereats.com/san-francisco/food-delivery/aloh-o/GiwfklfrQ_OaLi-OCCa3SQ,novato-california,"['Asian', 'Japanese', 'Sushi']",,,$,38.00815,-122.5477152,+14152726081,94903,276 Northgate Dr,San Rafael,CA,"[{'@type': 'OpeningHoursSpecification', 'dayOfWeek': ['Monday', 'Tuesday', 'Wednesday', 'Thursday', 'Friday', 'Saturday', 'Sunday'], 'opens': '11:0', 'closes': '21:0'}]","{'@type': 'PostalAddress', 'addressLocality': 'San Rafael', 'addressRegion': 'CA', 'postalCode': '94903', 'addressCountry': 'US', 'streetAddress': '276 Northgate Dr'}","{'@type': 'GeoCoordinates', 'latitude': 38.00815, 'longitude': -122.5477152}",{}
Stefano's Pizzeria - Terra Linda,https://www.ubereats.com/san-francisco/food-delivery/stefanos-pizzeria-terra-linda/85dPruivSmGUWFk2TL63gg,novato-california,"['Pizza', 'Italian', 'Sandwich']",,,$$,38.0046563,-122.5408702,+14154726277,,,,,"[{'@type': 'OpeningHoursSpecification', 'dayOfWeek': ['Sunday', 'Monday', 'Tuesday', 'Wednesday', 'Thursday'], 'opens': '11:0', 'closes': '21:0'}, {'@type': 'OpeningHoursSpecification', 'dayOfWeek': ['Friday', 'Saturday'], 'opens': '11:0', 'closes': '21:30'}]",,"{'@type': 'GeoCoordinates', 'latitude': 38.0046563, 'longitude': -122.5408702}",{}
The Club Restaurant at McInnis Park,https://www.ubereats.com/san-francisco/food-delivery/the-club-restaurant-at-mcinnis-park/nNuT5_OMRkeubUhSAZ6CfA,novato-california,"['American', 'Sandwiches', 'Burgers']",,,$,38.0196277,-122.52257569999999,+14154915959,94903,350 Smith Ranch Rd,San Rafael,CA,"[{'@type': 'OpeningHoursSpecification', 'dayOfWeek': ['Monday', 'Tuesday', 'Wednesday', 'Thursday', 'Friday', 'Saturday', 'Sunday'], 'opens': '11:0', 'closes': '20:0'}, {'@type': 'OpeningHoursSpecification', 'dayOfWeek': ['Monday', 'Tuesday', 'Wednesday', 'Thursday', 'Friday', 'Saturday', 'Sunday'], 'opens': '15:0', 'closes': '20:0'}]","{'@type': 'PostalAddress', 'addressLocality': 'San Rafael', 'addressRegion': 'CA', 'postalCode': '94903', 'addressCountry': 'US', 'streetAddress': '350 Smith Ranch Rd'}","{'@type': 'GeoCoordinates', 'latitude': 38.0196277, 'longitude': -122.52257569999999}",{}
Extreme Pizza,https://www.ubereats.com/san-francisco/food-delivery/extreme-pizza/aChyR8ThSUmv6HIFfa932w,novato-california,"['Pizza', 'Sandwich', 'Salads']",4.5,11,$$,38.0919731,-122.55427139999999,+14158986575,94945,104 Vintage Way,Novato,CA,"[{'@type': 'OpeningHoursSpecification', 'dayOfWeek': ['Sunday', 'Monday', 'Tuesday', 'Wednesday', 'Thursday'], 'opens': '10:30', 'closes': '20:0'}, {'@type': 'OpeningHoursSpecification', 'dayOfWeek': ['Friday', 'Saturday'], 'opens': '10:30', 'closes': '20:30'}]","{'@type': 'PostalAddress', 'addressLocality': 'Novato', 'addressRegion': 'CA', 'postalCode': '94945', 'addressCountry': 'US', 'streetAddress': '104 Vintage Way'}","{'@type': 'GeoCoordinates', 'latitude': 38.0919731, 'longitude': -122.55427139999999}","{'@type': 'AggregateRating', 'ratingValue': 4.5, 'reviewCount': '11'}"
Shiro Kuma Sushi,https://www.ubereats.com/san-francisco/food-delivery/shiro-kuma-sushi/zmxpoUrGQ8qlkyMt2ZiYkA,novato-california,"['Asian', 'Asian Fusion', 'Korean']",4.5,45,$,37.9740068,-122.5340589,+14152957464,94901,1518 4th St,San Rafael,CA,"[{'@type': 'OpeningHoursSpecification', 'dayOfWeek': ['Monday', 'Tuesday', 'Wednesday', 'Thursday', 'Friday', 'Saturday', 'Sunday'], 'opens': '16:30', 'closes': '21:0'}, {'@type': 'OpeningHoursSpecification', 'dayOfWeek': ['Monday', 'Tuesday', 'Wednesday', 'Thursday', 'Friday', 'Saturday', 'Sunday'], 'opens': '16:30', 'closes': '21:0'}]","{'@type': 'PostalAddress', 'addressLocality': 'San Rafael', 'addressRegion': 'CA', 'postalCode': '94901', 'addressCountry': 'US', 'streetAddress': '1518 4th St'}","{'@type': 'GeoCoordinates', 'latitude': 37.9740068, 'longitude': -122.5340589}","{'@type': 'AggregateRating', 'ratingValue': 4.5, 'reviewCount': '45'}"
Chipotle Mexican Grill (880 De Long Ave),https://www.ubereats.com/san-francisco/food-delivery/chipotle-mexican-grill-880-de-long-ave/f4qtFY1WQRSOzMwiXniyKA,novato-california,"['Healthy', 'Mexican']",4.4,65,$,38.1060155,-122.5695664,+14158920436,94945,880 De Long Ave,Novato,CA,"[{'@type': 'OpeningHoursSpecification', 'dayOfWeek': ['Monday', 'Tuesday', 'Wednesday', 'Thursday', 'Friday', 'Saturday', 'Sunday'], 'opens': '10:45', 'closes': '21:40'}]","{'@type': 'PostalAddress', 'addressLocality': 'Novato', 'addressRegion': 'CA', 'postalCode': '94945', 'addressCountry': 'US', 'streetAddress': '880 De Long Ave'}","{'@type': 'GeoCoordinates', 'latitude': 38.1060155, 'longitude': -122.5695664}","{'@type': 'AggregateRating', 'ratingValue': 4.4, 'reviewCount': '65'}"
Jamba Juice (266 Northgate One),https://www.ubereats.com/san-francisco/food-delivery/jamba-juice-266-northgate-one/QjPr0RJ2RS-AWabkjwK8Kw,novato-california,"['Healthy', 'Juice and Smoothies', 'Vegetarian Friendly']",4.7,20,$,38.007995,-122.547591,+14154917700,94903,266 Northgate One,San Rafael,CA,"[{'@type': 'OpeningHoursSpecification', 'dayOfWeek': ['Monday', 'Tuesday', 'Wednesday', 'Thursday', 'Friday', 'Saturday', 'Sunday'], 'opens': '8:0', 'closes': '19:0'}]","{'@type': 'PostalAddress', 'addressLocality': 'San Rafael', 'addressRegion': 'CA', 'postalCode': '94903', 'addressCountry': 'US', 'streetAddress': '266 Northgate One'}","{'@type': 'GeoCoordinates', 'latitude': 38.007995, 'longitude': -122.547591}","{'@type': 'AggregateRating', 'ratingValue': 4.7, 'reviewCount': '20'}"
The Lodge,https://www.ubereats.com/san-francisco/food-delivery/the-lodge/-9MnKlIqQMexFNcvpMgMlw,novato-california,"['American', 'Burgers', 'Sandwiches', 'Family Meals']",4.6,19,$,37.98647709999999,-122.5796784,+14155775176,94930,1573 Sir Francis Drake Blvd,Fairfax,CA,"[{'@type': 'OpeningHoursSpecification', 'dayOfWeek': 'Sunday', 'opens': '9:30', 'closes': '19:30'}, {'@type': 'OpeningHoursSpecification', 'dayOfWeek': 'Sunday', 'opens': '9:30', 'closes': '12:0'}, {'@type': 'OpeningHoursSpecification', 'dayOfWeek': ['Tuesday', 'Wednesday', 'Thursday', 'Friday', 'Saturday'], 'opens': '9:30', 'closes': '19:30'}, {'@type': 'OpeningHoursSpecification', 'dayOfWeek': ['Tuesday', 'Wednesday', 'Thursday', 'Friday', 'Saturday'], 'opens': '9:30', 'closes': '12:0'}]","{'@type': 'PostalAddress', 'addressLocality': 'Fairfax', 'addressRegion': 'CA', 'postalCode': '94930', 'addressCountry': 'US', 'streetAddress': '1573 Sir Francis Drake Blvd'}","{'@type': 'GeoCoordinates', 'latitude': 37.98647709999999, 'longitude': -122.5796784}","{'@type': 'AggregateRating', 'ratingValue': 4.6, 'reviewCount': '19'}"
Mr. Pickle's Sandwich Shop - San Rafael,https://www.ubereats.com/san-francisco/food-delivery/mr-pickles-sandwich-shop-san-rafael/vvZKRN2nTJecpIfOxeKhFA,novato-california,"['American', 'Sandwich', 'Salads', 'Deli']",4.7,150,$,37.973401,-122.526891,+15106762922,94901,1014 Court St,San Rafael,CA,"[{'@type': 'OpeningHoursSpecification', 'dayOfWeek': 'Sunday', 'opens': '11:0', 'closes': '15:30'}, {'@type': 'OpeningHoursSpecification', 'dayOfWeek': ['Monday', 'Tuesday', 'Wednesday', 'Thursday', 'Friday'], 'opens': '9:30', 'closes': '17:30'}, {'@type': 'OpeningHoursSpecification', 'dayOfWeek': 'Saturday', 'opens': '10:0', 'closes': '16:30'}]","{'@type': 'PostalAddress', 'addressLocality': 'San Rafael', 'addressRegion': 'CA', 'postalCode': '94901', 'addressCountry': 'US', 'streetAddress': '1014 Court St'}","{'@type': 'GeoCoordinates', 'latitude': 37.973401, 'longitude': -122.526891}","{'@type': 'AggregateRating', 'ratingValue': 4.7, 'reviewCount': '150'}"
Ping's Mandarin Restaurant,https://www.ubereats.com/san-francisco/food-delivery/pings-mandarin-restaurant/gsVX7eA4QVihyD3Qwu_-iw,novato-california,"['Chinese', 'Seafood', 'Noodles']",4.7,200,$$,37.9608742,-122.510559,+14154921638,94901,817 Francisco Blvd W,San Rafael,CA,"[{'@type': 'OpeningHoursSpecification', 'dayOfWeek': 'Sunday', 'opens': '11:30', 'closes': '15:0'}, {'@type': 'OpeningHoursSpecification', 'dayOfWeek': ['Monday', 'Tuesday', 'Wednesday', 'Thursday', 'Friday', 'Saturday'], 'opens': '11:30', 'closes': '21:30'}, {'@type': 'OpeningHoursSpecification', 'dayOfWeek': ['Monday', 'Tuesday', 'Wednesday', 'Thursday', 'Friday', 'Saturday'], 'opens': '11:30', 'closes': '15:0'}]","{'@type': 'PostalAddress', 'addressLocality': 'San Rafael', 'addressRegion': 'CA', 'postalCode': '94901', 'addressCountry': 'US', 'streetAddress': '817 Francisco Blvd W'}","{'@type': 'GeoCoordinates', 'latitude': 37.9608742, 'longitude': -122.510559}","{'@type': 'AggregateRating', 'ratingValue': 4.7, 'reviewCount': '200'}"
Paradise Sushi & Grill - (Petaluma),https://www.ubereats.com/san-francisco/food-delivery/paradise-sushi-%26-grill-petaluma/ntkDJU20S56091uvgns8Vw,novato-california,"['Sushi', 'Asian', 'Japanese']",4.7,26,$,38.2353129,-122.6394573,+17077819695,94952,20 East Washington Street,Petaluma,CA,"[{'@type': 'OpeningHoursSpecification', 'dayOfWeek': 'Sunday', 'opens': '16:30', 'closes': '20:30'}, {'@type': 'OpeningHoursSpecification', 'dayOfWeek': ['Monday', 'Tuesday', 'Wednesday', 'Thursday'], 'opens': '11:30', 'closes': '20:30'}, {'@type': 'OpeningHoursSpecification', 'dayOfWeek': ['Friday', 'Saturday'], 'opens': '11:30', 'closes': '21:0'}]","{'@type': 'PostalAddress', 'addressLocality': 'Petaluma', 'addressRegion': 'CA', 'postalCode': '94952', 'addressCountry': 'US', 'streetAddress': '20 East Washington Street'}","{'@type': 'GeoCoordinates', 'latitude': 38.2353129, 'longitude': -122.6394573}","{'@type': 'AggregateRating', 'ratingValue': 4.7, 'reviewCount': '26'}"
Papa Murphy's  (922 Diablo Avenue Suite B),https://www.ubereats.com/san-francisco/food-delivery/papa-murphys-922-diablo-avenue-suite-b/BbghdrVlTTuoZWDqLH5NkA,novato-california,"['Pizza', 'American', 'Salads']",,,$,38.1044419,-122.5716914,+14158926999,94947,922 Diablo Avenue Suite B,Novato,CA,"[{'@type': 'OpeningHoursSpecification', 'dayOfWeek': ['Sunday', 'Monday', 'Tuesday', 'Wednesday', 'Thursday'], 'opens': '11:0', 'closes': '20:0'}, {'@type': 'OpeningHoursSpecification', 'dayOfWeek': ['Friday', 'Saturday'], 'opens': '11:0', 'closes': '21:0'}]","{'@type': 'PostalAddress', 'addressLocality': 'Novato', 'addressRegion': 'CA', 'postalCode': '94947', 'addressCountry': 'US', 'streetAddress': '922 Diablo Avenue Suite B'}","{'@type': 'GeoCoordinates', 'latitude': 38.1044419, 'longitude': -122.5716914}",{}
Panera (132 Vintage Way),https://www.ubereats.com/san-francisco/food-delivery/panera-132-vintage-way/yHOGRXKjTIq2iLAqOQcXRw,novato-california,"['Breakfast and Brunch', 'salad', 'Sandwich']",,,$,38.09096479999999,-122.5546633,+14158971056,94945,132 Vintage Way,Novato,CA,"[{'@type': 'OpeningHoursSpecification', 'dayOfWeek': ['Monday', 'Tuesday', 'Wednesday', 'Thursday', 'Friday', 'Saturday', 'Sunday'], 'opens': '9:0', 'closes': '18:30'}]","{'@type': 'PostalAddress', 'addressLocality': 'Novato', 'addressRegion': 'CA', 'postalCode': '94945', 'addressCountry': 'US', 'streetAddress': '132 Vintage Way'}","{'@type': 'GeoCoordinates', 'latitude': 38.09096479999999, 'longitude': -122.5546633}",{}
Taqueria Mi Pueblo III,https://www.ubereats.com/san-francisco/food-delivery/taqueria-mi-pueblo-iii/prqyKGkPQ6iZW_0uWVlUug,novato-california,['Mexican'],4.6,35,$,38.1071196,-122.5692299,+14158780122,94945,905 Grant Ave,Novato,California,"[{'@type': 'OpeningHoursSpecification', 'dayOfWeek': 'Sunday', 'opens': '11:0', 'closes': '20:0'}, {'@type': 'OpeningHoursSpecification', 'dayOfWeek': 'Sunday', 'opens': '10:0', 'closes': '21:0'}, {'@type': 'OpeningHoursSpecification', 'dayOfWeek': ['Monday', 'Tuesday', 'Wednesday', 'Thursday', 'Friday'], 'opens': '11:0', 'closes': '20:0'}, {'@type': 'OpeningHoursSpecification', 'dayOfWeek': 'Saturday', 'opens': '11:0', 'closes': '20:0'}, {'@type': 'OpeningHoursSpecification', 'dayOfWeek': 'Saturday', 'opens': '10:0', 'closes': '21:0'}]","{'@type': 'PostalAddress', 'addressLocality': 'Novato', 'addressRegion': 'California', 'postalCode': '94945', 'addressCountry': 'US', 'streetAddress': '905 Grant Ave'}","{'@type': 'GeoCoordinates', 'latitude': 38.1071196, 'longitude': -122.5692299}","{'@type': 'AggregateRating', 'ratingValue': 4.6, 'reviewCount': '35'}"
Subway (111 San Marin Dr),https://www.ubereats.com/san-francisco/food-delivery/subway-111-san-marin-dr/_56k1grNRsmuxEPXuJVUTA,novato-california,"['Fast Food', 'Sandwich', 'American']",,,$,38.1225531,-122.6038562,+14158991886,94945,111 San Marin Dr.,Novato,CA,"[{'@type': 'OpeningHoursSpecification', 'dayOfWeek': ['Monday', 'Tuesday', 'Wednesday', 'Thursday', 'Friday', 'Saturday', 'Sunday'], 'opens': '9:0', 'closes': '18:30'}]","{'@type': 'PostalAddress', 'addressLocality': 'Novato', 'addressRegion': 'CA', 'postalCode': '94945', 'addressCountry': 'US', 'streetAddress': '111 San Marin Dr.'}","{'@type': 'GeoCoordinates', 'latitude': 38.1225531, 'longitude': -122.6038562}",{}
Mountain Mike's Pizza (1561 S Novato Blvd),https://www.ubereats.com/san-francisco/food-delivery/mountain-mikes-pizza-1561-s-novato-blvd/Y5B6jhCPTxijVTksQQHkYQ,novato-california,"['American', 'Salads', 'Pizza']",4.9,26,$,38.1002136,-122.5717373,+14158988800,94947,1561 S,Novato,CA,"[{'@type': 'OpeningHoursSpecification', 'dayOfWeek': ['Monday', 'Tuesday', 'Wednesday', 'Thursday', 'Friday', 'Saturday', 'Sunday'], 'opens': '11:0', 'closes': '21:30'}]","{'@type': 'PostalAddress', 'addressLocality': 'Novato', 'addressRegion': 'CA', 'postalCode': '94947', 'addressCountry': 'US', 'streetAddress': '1561 S'}","{'@type': 'GeoCoordinates', 'latitude': 38.1002136, 'longitude': -122.5717373}","{'@type': 'AggregateRating', 'ratingValue': 4.9, 'reviewCount': '26'}"
Round Table Pizza (1565 S. Novato Blvd.),https://www.ubereats.com/san-francisco/food-delivery/round-table-pizza-1565-s-novato-blvd/rUWcg9xKT5CLUbMi3xSfbw,novato-california,"['Pizza', 'Pasta', 'Salads', 'Sandwich', 'Wings', 'Desserts']",,,$,38.1001008,-122.5726529,+14158972512,,,,,"[{'@type': 'OpeningHoursSpecification', 'dayOfWeek': ['Monday', 'Tuesday', 'Wednesday', 'Thursday', 'Friday', 'Saturday', 'Sunday'], 'opens': '11:0', 'closes': '22:0'}]",,"{'@type': 'GeoCoordinates', 'latitude': 38.1001008, 'longitude': -122.5726529}",{}
Five Guys (401 Kenilworth Drive),https://www.ubereats.com/san-francisco/food-delivery/five-guys-401-kenilworth-drive/yFV51cc4Qk-3JMp5mu64tw,novato-california,"['American', 'Burgers', 'Sandwich']",4.2,77,$,38.2435237,-122.6266079,+17077652255,94952,401 Kenilworth Drive,Petaluma,CA,"[{'@type': 'OpeningHoursSpecification', 'dayOfWeek': ['Monday', 'Tuesday', 'Wednesday', 'Thursday', 'Friday', 'Saturday', 'Sunday'], 'opens': '11:0', 'closes': '21:30'}]","{'@type': 'PostalAddress', 'addressLocality': 'Petaluma', 'addressRegion': 'CA', 'postalCode': '94952', 'addressCountry': 'US', 'streetAddress': '401 Kenilworth Drive'}","{'@type': 'GeoCoordinates', 'latitude': 38.2435237, 'longitude': -122.6266079}","{'@type': 'AggregateRating', 'ratingValue': 4.2, 'reviewCount': '77'}"
Mi Pueblo (San Rafael),https://www.ubereats.com/san-francisco/food-delivery/mi-pueblo-san-rafael/vf7naCvcS32hw39c00Jtgw,novato-california,"['Mexican', 'Latin American', 'New Mexican']",4.7,136,$,38.0043199,-122.5446882,+14152957373,94903,5800 Northgate Dr Ste 138,San Rafael,CA,"[{'@type': 'OpeningHoursSpecification', 'dayOfWeek': 'Sunday', 'opens': '11:30', 'closes': '21:0'}, {'@type': 'OpeningHoursSpecification', 'dayOfWeek': ['Monday', 'Tuesday', 'Wednesday', 'Thursday', 'Friday'], 'opens': '11:0', 'closes': '21:0'}, {'@type': 'OpeningHoursSpecification', 'dayOfWeek': 'Saturday', 'opens': '11:30', 'closes': '21:0'}]","{'@type': 'PostalAddress', 'addressLocality': 'San Rafael', 'addressRegion': 'CA', 'postalCode': '94903', 'addressCountry': 'US', 'streetAddress': '5800 Northgate Dr Ste 138'}","{'@type': 'GeoCoordinates', 'latitude': 38.0043199, 'longitude': -122.5446882}","{'@type': 'AggregateRating', 'ratingValue': 4.7, 'reviewCount': '136'}"
pink owl coffee,https://www.ubereats.com/san-francisco/food-delivery/pink-owl-coffee/FHTZnvlSTqGg7tvO11Bo0w,novato-california,"['Coffee & Tea', 'Breakfast and Brunch', 'American']",4.5,38,$,37.9736375,-122.5394445,+14158709934,94901,1816 2nd St 9,San Rafael,CA,"[{'@type': 'OpeningHoursSpecification', 'dayOfWeek': ['Monday', 'Tuesday', 'Wednesday', 'Thursday', 'Friday', 'Saturday', 'Sunday'], 'opens': '7:0', 'closes': '17:0'}]","{'@type': 'PostalAddress', 'addressLocality': 'San Rafael', 'addressRegion': 'CA', 'postalCode': '94901', 'addressCountry': 'US', 'streetAddress': '1816 2nd St 9'}","{'@type': 'GeoCoordinates', 'latitude': 37.9736375, 'longitude': -122.5394445}","{'@type': 'AggregateRating', 'ratingValue': 4.5, 'reviewCount': '38'}"
Subway (934 Diablo Ave),https://www.ubereats.com/san-francisco/food-delivery/subway-934-diablo-ave/D8L_tXyvQFaDyogWXLxtEg,novato-california,"['Fast Food', 'Sandwich', 'American']",,,$,38.101914,-122.570775,+14158985414,94945,934 Diablo Ave,Novato,CA,"[{'@type': 'OpeningHoursSpecification', 'dayOfWeek': 'Sunday', 'opens': '10:0', 'closes': '21:0'}, {'@type': 'OpeningHoursSpecification', 'dayOfWeek': ['Monday', 'Tuesday', 'Wednesday', 'Thursday', 'Friday', 'Saturday'], 'opens': '9:0', 'closes': '21:0'}]","{'@type': 'PostalAddress', 'addressLocality': 'Novato', 'addressRegion': 'CA', 'postalCode': '94945', 'addressCountry': 'US', 'streetAddress': '934 Diablo Ave'}","{'@type': 'GeoCoordinates', 'latitude': 38.101914, 'longitude': -122.570775}",{}
My Thai Restaurant,https://www.ubereats.com/san-francisco/food-delivery/my-thai-restaurant/a3F8jAYOTvuLIuiiBcCnvQ,novato-california,"['Rice-bowls', 'Salads', 'Noodles']",4.5,146,$,37.9734813,-122.5301936,+14154564455,94901,1230 4th St,San Rafael,CA,"[{'@type': 'OpeningHoursSpecification', 'dayOfWeek': 'Sunday', 'opens': '12:0', 'closes': '16:0'}, {'@type': 'OpeningHoursSpecification', 'dayOfWeek': 'Sunday', 'opens': '17:0', 'closes': '21:0'}, {'@type': 'OpeningHoursSpecification', 'dayOfWeek': 'Sunday', 'opens': '12:0', 'closes': '16:0'}, {'@type': 'OpeningHoursSpecification', 'dayOfWeek': 'Sunday', 'opens': '17:0', 'closes': '21:0'}, {'@type': 'OpeningHoursSpecification', 'dayOfWeek': ['Monday', 'Tuesday', 'Wednesday', 'Thursday'], 'opens': '11:0', 'closes': '15:0'}, {'@type': 'OpeningHoursSpecification', 'dayOfWeek': ['Monday', 'Tuesday', 'Wednesday', 'Thursday'], 'opens': '11:0', 'closes': '15:0'}, {'@type': 'OpeningHoursSpecification', 'dayOfWeek': ['Monday', 'Tuesday', 'Wednesday', 'Thursday'], 'opens': '17:0', 'closes': '21:0'}, {'@type': 'OpeningHoursSpecification', 'dayOfWeek': ['Monday', 'Tuesday', 'Wednesday', 'Thursday'], 'opens': '17:0', 'closes': '21:0'}, {'@type': 'OpeningHoursSpecification', 'dayOfWeek': 'Friday', 'opens': '11:0', 'closes': '15:0'}, {'@type': 'OpeningHoursSpecification', 'dayOfWeek': 'Friday', 'opens': '11:0', 'closes': '15:0'}, {'@type': 'OpeningHoursSpecification', 'dayOfWeek': 'Friday', 'opens': '17:0', 'closes': '21:30'}, {'@type': 'OpeningHoursSpecification', 'dayOfWeek': 'Friday', 'opens': '17:0', 'closes': '21:30'}, {'@type': 'OpeningHoursSpecification', 'dayOfWeek': 'Saturday', 'opens': '12:0', 'closes': '16:0'}, {'@type': 'OpeningHoursSpecification', 'dayOfWeek': 'Saturday', 'opens': '12:0', 'closes': '16:0'}, {'@type': 'OpeningHoursSpecification', 'dayOfWeek': 'Saturday', 'opens': '17:0', 'closes': '21:30'}, {'@type': 'OpeningHoursSpecification', 'dayOfWeek': 'Saturday', 'opens': '17:0', 'closes': '21:30'}]","{'@type': 'PostalAddress', 'addressLocality': 'San Rafael', 'addressRegion': 'CA', 'postalCode': '94901', 'addressCountry': 'US', 'streetAddress': '1230 4th St'}","{'@type': 'GeoCoordinates', 'latitude': 37.9734813, 'longitude': -122.5301936}","{'@type': 'AggregateRating', 'ratingValue': 4.5, 'reviewCount': '146'}"
Way Station,https://www.ubereats.com/san-francisco/food-delivery/way-station/vv_vgcciRqCwxsH3ehbgqw,novato-california,['BBQ'],4.1,14,,37.9874582,-122.5903495,+14153003099,94930,2001 Sir Francis Drake Blvd,Fairfax,CA,"[{'@type': 'OpeningHoursSpecification', 'dayOfWeek': 'Sunday', 'opens': '12:0', 'closes': '21:0'}, {'@type': 'OpeningHoursSpecification', 'dayOfWeek': ['Tuesday', 'Wednesday', 'Thursday', 'Friday'], 'opens': '16:0', 'closes': '21:0'}, {'@type': 'OpeningHoursSpecification', 'dayOfWeek': 'Saturday', 'opens': '12:0', 'closes': '21:0'}]","{'@type': 'PostalAddress', 'addressLocality': 'Fairfax', 'addressRegion': 'CA', 'postalCode': '94930', 'addressCountry': 'US', 'streetAddress': '2001 Sir Francis Drake Blvd'}","{'@type': 'GeoCoordinates', 'latitude': 37.9874582, 'longitude': -122.5903495}","{'@type': 'AggregateRating', 'ratingValue': 4.1, 'reviewCount': '14'}"
Arigatou Japanese Food To-Go,https://www.ubereats.com/san-francisco/food-delivery/arigatou-japanese-food-to-go/VPpqk0TFS7etAuGHJbpYpA,novato-california,"['Sushi', 'Japanese', 'Seafood']",4.4,50,$,37.975496,-122.545093,+14154538990,94901,2046 4th St,San Rafael,CA,"[{'@type': 'OpeningHoursSpecification', 'dayOfWeek': 'Sunday', 'opens': '15:30', 'closes': '20:0'}, {'@type': 'OpeningHoursSpecification', 'dayOfWeek': ['Monday', 'Tuesday', 'Wednesday', 'Thursday', 'Friday'], 'opens': '11:45', 'closes': '20:0'}, {'@type': 'OpeningHoursSpecification', 'dayOfWeek': 'Saturday', 'opens': '12:0', 'closes': '20:0'}]","{'@type': 'PostalAddress', 'addressLocality': 'San Rafael', 'addressRegion': 'CA', 'postalCode': '94901', 'addressCountry': 'US', 'streetAddress': '2046 4th St'}","{'@type': 'GeoCoordinates', 'latitude': 37.975496, 'longitude': -122.545093}","{'@type': 'AggregateRating', 'ratingValue': 4.4, 'reviewCount': '50'}"
L&L Hawaiian BBQ (7320 Redwood Blvd),https://www.ubereats.com/san-francisco/food-delivery/l%26l-hawaiian-bbq-7320-redwood-blvd/w-QIxWAxSXav1lpevcz8Xw,novato-california,"['BBQ', 'Family Meals']",4.8,45,$,38.1062962,-122.5701056,+14158926565,94945,7320 Redwood Blvd,Novato,CA,"[{'@type': 'OpeningHoursSpecification', 'dayOfWeek': ['Sunday', 'Monday', 'Tuesday', 'Wednesday'], 'opens': '11:30', 'closes': '20:0'}, {'@type': 'OpeningHoursSpecification', 'dayOfWeek': ['Sunday', 'Monday', 'Tuesday', 'Wednesday'], 'opens': '10:30', 'closes': '21:0'}, {'@type': 'OpeningHoursSpecification', 'dayOfWeek': 'Thursday', 'opens': '10:30', 'closes': '20:0'}, {'@type': 'OpeningHoursSpecification', 'dayOfWeek': 'Thursday', 'opens': '10:30', 'closes': '21:0'}, {'@type': 'OpeningHoursSpecification', 'dayOfWeek': ['Friday', 'Saturday'], 'opens': '11:30', 'closes': '20:0'}, {'@type': 'OpeningHoursSpecification', 'dayOfWeek': ['Friday', 'Saturday'], 'opens': '10:30', 'closes': '21:0'}]","{'@type': 'PostalAddress', 'addressLocality': 'Novato', 'addressRegion': 'CA', 'postalCode': '94945', 'addressCountry': 'US', 'streetAddress': '7320 Redwood Blvd'}","{'@type': 'GeoCoordinates', 'latitude': 38.1062962, 'longitude': -122.5701056}","{'@type': 'AggregateRating', 'ratingValue': 4.8, 'reviewCount': '45'}"
Panda Express (975 Diablo Ave),https://www.ubereats.com/san-francisco/food-delivery/panda-express-975-diablo-ave/7mxjObCVQDSZwTupMhLSXw,novato-california,"['Chinese', 'Family Meals']",4.5,36,$,38.1045317,-122.5721978,+14158922163,94947,975 Diablo Ave,Novato,CA,"[{'@type': 'OpeningHoursSpecification', 'dayOfWeek': ['Sunday', 'Monday', 'Tuesday'], 'opens': '10:0', 'closes': '21:0'}, {'@type': 'OpeningHoursSpecification', 'dayOfWeek': 'Wednesday', 'opens': '10:30', 'closes': '21:0'}, {'@type': 'OpeningHoursSpecification', 'dayOfWeek': 'Thursday', 'opens': '10:0', 'closes': '21:0'}, {'@type': 'OpeningHoursSpecification', 'dayOfWeek': ['Friday', 'Saturday'], 'opens': '10:0', 'closes': '21:30'}]","{'@type': 'PostalAddress', 'addressLocality': 'Novato', 'addressRegion': 'CA', 'postalCode': '94947', 'addressCountry': 'US', 'streetAddress': '975 Diablo Ave'}","{'@type': 'GeoCoordinates', 'latitude': 38.1045317, 'longitude': -122.5721978}","{'@type': 'AggregateRating', 'ratingValue': 4.5, 'reviewCount': '36'}"
MOD Pizza (Novato),https://www.ubereats.com/san-francisco/food-delivery/mod-pizza-novato/VIwfXnuFQ2yYI7RSWD1QwA,novato-california,"['Pizza', 'Desserts', 'Salads', 'American', 'Healthy', 'Vegetarian Friendly', 'Kids Friendly']",4.3,30,$,38.0908472,-122.5549731,+16282037170,94945,140 Vintage Way,Novato,CA,"[{'@type': 'OpeningHoursSpecification', 'dayOfWeek': ['Monday', 'Tuesday', 'Wednesday', 'Thursday', 'Friday', 'Saturday', 'Sunday'], 'opens': '10:30', 'closes': '21:40'}]","{'@type': 'PostalAddress', 'addressLocality': 'Novato', 'addressRegion': 'CA', 'postalCode': '94945', 'addressCountry': 'US', 'streetAddress': '140 Vintage Way'}","{'@type': 'GeoCoordinates', 'latitude': 38.0908472, 'longitude': -122.5549731}","{'@type': 'AggregateRating', 'ratingValue': 4.3, 'reviewCount': '30'}"
Calgang Thai,https://www.ubereats.com/san-francisco/food-delivery/calgang-thai/L3pGOrQ_QZKa_w-DgtLINw,novato-california,"['Thai', 'Family Meals']",4.7,38,$,38.0079419,-122.5477058,+14154993501,,,,,"[{'@type': 'OpeningHoursSpecification', 'dayOfWeek': ['Monday', 'Tuesday', 'Wednesday', 'Thursday', 'Friday', 'Saturday', 'Sunday'], 'opens': '11:0', 'closes': '20:45'}]",,"{'@type': 'GeoCoordinates', 'latitude': 38.0079419, 'longitude': -122.5477058}","{'@type': 'AggregateRating', 'ratingValue': 4.7, 'reviewCount': '38'}"
Papa Murphy's  (965 Lakeville Street Suite C8),https://www.ubereats.com/san-francisco/food-delivery/papa-murphys-965-lakeville-street-suite-c8/n_h_iJ5IQJ-jBBlfrfrsaw,novato-california,"['Pizza', 'Italian', 'Pasta']",,,$,38.2360338,-122.6222912,+17077651011,94952,965 Lakeville Street Suite C8,Petaluma,CA,"[{'@type': 'OpeningHoursSpecification', 'dayOfWeek': ['Monday', 'Tuesday', 'Wednesday', 'Thursday', 'Friday', 'Saturday', 'Sunday'], 'opens': '11:0', 'closes': '20:0'}]","{'@type': 'PostalAddress', 'addressLocality': 'Petaluma', 'addressRegion': 'CA', 'postalCode': '94952', 'addressCountry': 'US', 'streetAddress': '965 Lakeville Street Suite C8'}","{'@type': 'GeoCoordinates', 'latitude': 38.2360338, 'longitude': -122.6222912}",{}
Stefano's Pizza - San Anselmo,https://www.ubereats.com/san-francisco/food-delivery/stefanos-pizza-san-anselmo/WCAcmTggTMSf4fpCZg6_kA,novato-california,['Pizza'],4.8,32,$$,37.973169,-122.562042,+14154606330,94960,330,San Anselmo,CA,"[{'@type': 'OpeningHoursSpecification', 'dayOfWeek': ['Sunday', 'Monday', 'Tuesday', 'Wednesday', 'Thursday'], 'opens': '11:0', 'closes': '20:30'}, {'@type': 'OpeningHoursSpecification', 'dayOfWeek': ['Friday', 'Saturday'], 'opens': '11:0', 'closes': '21:0'}]","{'@type': 'PostalAddress', 'addressLocality': 'San Anselmo', 'addressRegion': 'CA', 'postalCode': '94960', 'addressCountry': 'US', 'streetAddress': '330'}","{'@type': 'GeoCoordinates', 'latitude': 37.973169, 'longitude': -122.562042}","{'@type': 'AggregateRating', 'ratingValue': 4.8, 'reviewCount': '32'}"
Mountain Mike's Pizza (2100 4th St),https://www.ubereats.com/san-francisco/food-delivery/mountain-mikes-pizza-2100-4th-st/TUou7duaQNOQIfKgfDuQDQ,novato-california,"['American', 'Salads', 'Pizza']",4.8,51,$$$,37.9759573,-122.546422,+14154544300,94901,2100 4th St,San Rafael,CA,"[{'@type': 'OpeningHoursSpecification', 'dayOfWeek': ['Sunday', 'Monday', 'Tuesday', 'Wednesday', 'Thursday'], 'opens': '10:30', 'closes': '20:15'}, {'@type': 'OpeningHoursSpecification', 'dayOfWeek': ['Friday', 'Saturday'], 'opens': '10:30', 'closes': '21:0'}]","{'@type': 'PostalAddress', 'addressLocality': 'San Rafael', 'addressRegion': 'CA', 'postalCode': '94901', 'addressCountry': 'US', 'streetAddress': '2100 4th St'}","{'@type': 'GeoCoordinates', 'latitude': 37.9759573, 'longitude': -122.546422}","{'@type': 'AggregateRating', 'ratingValue': 4.8, 'reviewCount': '51'}"
The Habit Burger Grill (924 Diablo Ave),https://www.ubereats.com/san-francisco/food-delivery/the-habit-burger-grill-924-diablo-ave/nDfCMnToTCCWSH0UUpQNRg,novato-california,"['American', 'Burgers', 'Fast Food', 'Family Meals']",4.8,45,$,38.10244584897589,-122.57162366494293,+14158976100,,,,,"[{'@type': 'OpeningHoursSpecification', 'dayOfWeek': ['Sunday', 'Monday', 'Tuesday', 'Wednesday', 'Thursday'], 'opens': '10:30', 'closes': '20:45'}, {'@type': 'OpeningHoursSpecification', 'dayOfWeek': ['Friday', 'Saturday'], 'opens': '10:30', 'closes': '21:45'}]",,"{'@type': 'GeoCoordinates', 'latitude': 38.10244584897589, 'longitude': -122.57162366494293}","{'@type': 'AggregateRating', 'ratingValue': 4.8, 'reviewCount': '45'}"
ikoi sushi,https://www.ubereats.com/san-francisco/food-delivery/ikoi-sushi/aR7s6CFYST-bqJHYcyNpLw,novato-california,"['Sushi', 'Asian', 'Japanese']",4.6,79,$,38.01310429999999,-122.5594526,+15107087796,94903,601 Del Ganado Rd,San Rafael,CA,"[{'@type': 'OpeningHoursSpecification', 'dayOfWeek': ['Monday', 'Tuesday', 'Wednesday', 'Thursday', 'Friday', 'Saturday', 'Sunday'], 'opens': '12:0', 'closes': '14:30'}, {'@type': 'OpeningHoursSpecification', 'dayOfWeek': ['Monday', 'Tuesday', 'Wednesday', 'Thursday', 'Friday', 'Saturday', 'Sunday'], 'opens': '16:30', 'closes': '20:30'}, {'@type': 'OpeningHoursSpecification', 'dayOfWeek': ['Monday', 'Tuesday', 'Wednesday', 'Thursday', 'Friday', 'Saturday', 'Sunday'], 'opens': '12:0', 'closes': '14:30'}]","{'@type': 'PostalAddress', 'addressLocality': 'San Rafael', 'addressRegion': 'CA', 'postalCode': '94903', 'addressCountry': 'US', 'streetAddress': '601 Del Ganado Rd'}","{'@type': 'GeoCoordinates', 'latitude': 38.01310429999999, 'longitude': -122.5594526}","{'@type': 'AggregateRating', 'ratingValue': 4.6, 'reviewCount': '79'}"
China house,https://www.ubereats.com/san-francisco/food-delivery/china-house/9MCCSCeEQqym4HyYVFNOrw,novato-california,"['Chinese', 'Seafood', 'Breakfast and Brunch']",,,$,38.1083482,-122.5733639,+14158979630,94945,1222 Grant Ave,Novato,CA,"[{'@type': 'OpeningHoursSpecification', 'dayOfWeek': 'Sunday', 'opens': '16:0', 'closes': '21:0'}, {'@type': 'OpeningHoursSpecification', 'dayOfWeek': ['Tuesday', 'Wednesday', 'Thursday', 'Friday', 'Saturday'], 'opens': '11:30', 'closes': '20:0'}, {'@type': 'OpeningHoursSpecification', 'dayOfWeek': ['Tuesday', 'Wednesday', 'Thursday', 'Friday', 'Saturday'], 'opens': '11:30', 'closes': '14:30'}]","{'@type': 'PostalAddress', 'addressLocality': 'Novato', 'addressRegion': 'CA', 'postalCode': '94945', 'addressCountry': 'US', 'streetAddress': '1222 Grant Ave'}","{'@type': 'GeoCoordinates', 'latitude': 38.1083482, 'longitude': -122.5733639}",{}
Taco Bell (180 Rowland Blvd),https://www.ubereats.com/san-francisco/food-delivery/taco-bell-180-rowland-blvd/aRQzQATsTqOc7JZREzwDjQ,novato-california,"['Burritos', 'Fast Food', 'Mexican']",4.4,94,$,38.0941189,-122.5552377,+14158984003,94945,180 Rowland Blvd,Novato,CA,"[{'@type': 'OpeningHoursSpecification', 'dayOfWeek': ['Monday', 'Tuesday', 'Wednesday', 'Thursday', 'Friday', 'Saturday', 'Sunday'], 'opens': '14:0', 'closes': '17:0'}, {'@type': 'OpeningHoursSpecification', 'dayOfWeek': ['Monday', 'Tuesday', 'Wednesday', 'Thursday', 'Friday', 'Saturday', 'Sunday'], 'opens': '7:0', 'closes': '22:30'}, {'@type': 'OpeningHoursSpecification', 'dayOfWeek': ['Monday', 'Tuesday', 'Wednesday', 'Thursday', 'Friday', 'Saturday', 'Sunday'], 'opens': '7:0', 'closes': '10:30'}]","{'@type': 'PostalAddress', 'addressLocality': 'Novato', 'addressRegion': 'CA', 'postalCode': '94945', 'addressCountry': 'US', 'streetAddress': '180 Rowland Blvd'}","{'@type': 'GeoCoordinates', 'latitude': 38.0941189, 'longitude': -122.5552377}","{'@type': 'AggregateRating', 'ratingValue': 4.4, 'reviewCount': '94'}"
Sakura Sushi,https://www.ubereats.com/san-francisco/food-delivery/sakura-sushi/NXWYRISpSOmAA_4SXHWOEA,novato-california,"['Japanese', 'Sushi']",,,$$,38.0191496,-122.5340298,+15104591926,94903,100 Smith Ranch Rd,San Rafael,California,"[{'@type': 'OpeningHoursSpecification', 'dayOfWeek': 'Sunday', 'opens': '17:0', 'closes': '21:0'}, {'@type': 'OpeningHoursSpecification', 'dayOfWeek': 'Sunday', 'opens': '17:0', 'closes': '21:0'}, {'@type': 'OpeningHoursSpecification', 'dayOfWeek': ['Tuesday', 'Wednesday', 'Thursday'], 'opens': '11:30', 'closes': '14:30'}, {'@type': 'OpeningHoursSpecification', 'dayOfWeek': ['Tuesday', 'Wednesday', 'Thursday'], 'opens': '17:0', 'closes': '21:0'}, {'@type': 'OpeningHoursSpecification', 'dayOfWeek': ['Tuesday', 'Wednesday', 'Thursday'], 'opens': '11:30', 'closes': '14:30'}, {'@type': 'OpeningHoursSpecification', 'dayOfWeek': ['Tuesday', 'Wednesday', 'Thursday'], 'opens': '17:0', 'closes': '21:0'}, {'@type': 'OpeningHoursSpecification', 'dayOfWeek': 'Friday', 'opens': '11:30', 'closes': '14:30'}, {'@type': 'OpeningHoursSpecification', 'dayOfWeek': 'Friday', 'opens': '17:0', 'closes': '22:0'}, {'@type': 'OpeningHoursSpecification', 'dayOfWeek': 'Friday', 'opens': '11:30', 'closes': '14:30'}, {'@type': 'OpeningHoursSpecification', 'dayOfWeek': 'Friday', 'opens': '17:0', 'closes': '21:0'}, {'@type': 'OpeningHoursSpecification', 'dayOfWeek': 'Saturday', 'opens': '17:0', 'closes': '22:0'}, {'@type': 'OpeningHoursSpecification', 'dayOfWeek': 'Saturday', 'opens': '11:30', 'closes': '14:30'}, {'@type': 'OpeningHoursSpecification', 'dayOfWeek': 'Saturday', 'opens': '17:0', 'closes': '21:0'}]","{'@type': 'PostalAddress', 'addressLocality': 'San Rafael', 'addressRegion': 'California', 'postalCode': '94903', 'addressCountry': 'US', 'streetAddress': '100 Smith Ranch Rd'}","{'@type': 'GeoCoordinates', 'latitude': 38.0191496, 'longitude': -122.5340298}",{}
Panda Express (5800 Northgate Mall),https://www.ubereats.com/san-francisco/food-delivery/panda-express-5800-northgate-mall/S0iNPRcySBiBlXVq7Z2AXQ,novato-california,"['Chinese', 'Family Meals']",4.4,154,$$,38.0045,-122.5448,+14154792082,94903,5800 Northgate Mall,San Rafael,CA,"[{'@type': 'OpeningHoursSpecification', 'dayOfWeek': ['Monday', 'Tuesday', 'Wednesday', 'Thursday', 'Friday', 'Saturday', 'Sunday'], 'opens': '10:30', 'closes': '20:30'}]","{'@type': 'PostalAddress', 'addressLocality': 'San Rafael', 'addressRegion': 'CA', 'postalCode': '94903', 'addressCountry': 'US', 'streetAddress': '5800 Northgate Mall'}","{'@type': 'GeoCoordinates', 'latitude': 38.0045, 'longitude': -122.5448}","{'@type': 'AggregateRating', 'ratingValue': 4.4, 'reviewCount': '154'}"
Taj of Marin,https://www.ubereats.com/san-francisco/food-delivery/taj-of-marin/Iyl_Ep3GQuWsCk960Tq_Ww,novato-california,"['Indian', 'Indian Curry']",4.6,22,$,37.972684,-122.526372,+14154599555,94901,909 4th St,San Rafael,CA,"[{'@type': 'OpeningHoursSpecification', 'dayOfWeek': 'Sunday', 'opens': '11:15', 'closes': '19:0'}, {'@type': 'OpeningHoursSpecification', 'dayOfWeek': ['Tuesday', 'Wednesday'], 'opens': '11:15', 'closes': '19:0'}, {'@type': 'OpeningHoursSpecification', 'dayOfWeek': ['Thursday', 'Friday'], 'opens': '11:15', 'closes': '19:15'}, {'@type': 'OpeningHoursSpecification', 'dayOfWeek': 'Saturday', 'opens': '11:15', 'closes': '20:0'}]","{'@type': 'PostalAddress', 'addressLocality': 'San Rafael', 'addressRegion': 'CA', 'postalCode': '94901', 'addressCountry': 'US', 'streetAddress': '909 4th St'}","{'@type': 'GeoCoordinates', 'latitude': 37.972684, 'longitude': -122.526372}","{'@type': 'AggregateRating', 'ratingValue': 4.6, 'reviewCount': '22'}"
Jack in the Box (301 Enfrente Rd),https://www.ubereats.com/san-francisco/food-delivery/jack-in-the-box-301-enfrente-rd/faziZTQqRGSAPreETWUh5w,novato-california,"['American', 'burger', 'Fast Food']",4.1,46,$,38.066284,-122.5394175,+14158838196,94949,301 Enfrente Rd,Novato,CA,"[{'@type': 'OpeningHoursSpecification', 'dayOfWeek': 'Sunday', 'opens': '6:0', 'closes': '1:0'}, {'@type': 'OpeningHoursSpecification', 'dayOfWeek': ['Monday', 'Tuesday', 'Wednesday'], 'opens': '5:30', 'closes': '1:0'}, {'@type': 'OpeningHoursSpecification', 'dayOfWeek': 'Thursday', 'opens': '5:30', 'closes': '0:0'}, {'@type': 'OpeningHoursSpecification', 'dayOfWeek': 'Friday', 'opens': '5:30', 'closes': '3:0'}, {'@type': 'OpeningHoursSpecification', 'dayOfWeek': 'Saturday', 'opens': '6:0', 'closes': '3:0'}]","{'@type': 'PostalAddress', 'addressLocality': 'Novato', 'addressRegion': 'CA', 'postalCode': '94949', 'addressCountry': 'US', 'streetAddress': '301 Enfrente Rd'}","{'@type': 'GeoCoordinates', 'latitude': 38.066284, 'longitude': -122.5394175}","{'@type': 'AggregateRating', 'ratingValue': 4.1, 'reviewCount': '46'}"
Halal Indian Cuisine,https://www.ubereats.com/san-francisco/food-delivery/halal-indian-cuisine/3b1AjkkWSAOXY9Rxk5V2Ig,novato-california,"['Halal', 'Chicken', 'Middle Eastern']",4.8,53,$,37.9754115,-122.5449017,+14088572446,94901,2042 4th St,San Rafael,CA,"[{'@type': 'OpeningHoursSpecification', 'dayOfWeek': ['Monday', 'Tuesday', 'Wednesday', 'Thursday', 'Friday', 'Saturday', 'Sunday'], 'opens': '13:0', 'closes': '21:30'}]","{'@type': 'PostalAddress', 'addressLocality': 'San Rafael', 'addressRegion': 'CA', 'postalCode': '94901', 'addressCountry': 'US', 'streetAddress': '2042 4th St'}","{'@type': 'GeoCoordinates', 'latitude': 37.9754115, 'longitude': -122.5449017}","{'@type': 'AggregateRating', 'ratingValue': 4.8, 'reviewCount': '53'}"
Amber Kitchen,https://www.ubereats.com/san-francisco/food-delivery/amber-kitchen/OXozV_e8TtOCQqW48mUCkw,novato-california,"['Indian', 'Vegan Friendly', 'Vegetarian Friendly']",4.5,41,$,37.971534,-122.529427,+14154606666,94901,810 B St,San Rafael,CA,"[{'@type': 'OpeningHoursSpecification', 'dayOfWeek': ['Monday', 'Tuesday', 'Wednesday', 'Thursday', 'Friday', 'Saturday', 'Sunday'], 'opens': '10:0', 'closes': '22:45'}]","{'@type': 'PostalAddress', 'addressLocality': 'San Rafael', 'addressRegion': 'CA', 'postalCode': '94901', 'addressCountry': 'US', 'streetAddress': '810 B St'}","{'@type': 'GeoCoordinates', 'latitude': 37.971534, 'longitude': -122.529427}","{'@type': 'AggregateRating', 'ratingValue': 4.5, 'reviewCount': '41'}"
Red Boy Pizza,https://www.ubereats.com/san-francisco/food-delivery/red-boy-pizza/90kHkOuMQjCXPYgvF7JZdg,novato-california,['Italian'],4.6,28,$$,38.06877,-122.541054,+14153827711,94949,459 Entrada Dr,Novato,California,"[{'@type': 'OpeningHoursSpecification', 'dayOfWeek': ['Monday', 'Tuesday', 'Wednesday', 'Thursday', 'Friday', 'Saturday', 'Sunday'], 'opens': '11:0', 'closes': '21:30'}]","{'@type': 'PostalAddress', 'addressLocality': 'Novato', 'addressRegion': 'California', 'postalCode': '94949', 'addressCountry': 'US', 'streetAddress': '459 Entrada Dr'}","{'@type': 'GeoCoordinates', 'latitude': 38.06877, 'longitude': -122.541054}","{'@type': 'AggregateRating', 'ratingValue': 4.6, 'reviewCount': '28'}"
El Rey Mexican Bar and Grill,https://www.ubereats.com/san-francisco/food-delivery/el-rey-mexican-bar-and-grill/2nZFJxfrT2ewW2KNdpQG1A,novato-california,"['Steak', 'Burgers', 'Sandwich']",,,$,38.1078812,-122.5780008,+14158921471,,,,,"[{'@type': 'OpeningHoursSpecification', 'dayOfWeek': 'Sunday', 'opens': '11:0', 'closes': '21:0'}, {'@type': 'OpeningHoursSpecification', 'dayOfWeek': 'Sunday', 'opens': '11:0', 'closes': '20:0'}, {'@type': 'OpeningHoursSpecification', 'dayOfWeek': 'Sunday', 'opens': '11:0', 'closes': '20:0'}, {'@type': 'OpeningHoursSpecification', 'dayOfWeek': ['Tuesday', 'Wednesday'], 'opens': '11:0', 'closes': '21:0'}, {'@type': 'OpeningHoursSpecification', 'dayOfWeek': ['Tuesday', 'Wednesday'], 'opens': '11:0', 'closes': '20:0'}, {'@type': 'OpeningHoursSpecification', 'dayOfWeek': ['Tuesday', 'Wednesday'], 'opens': '11:0', 'closes': '14:0'}, {'@type': 'OpeningHoursSpecification', 'dayOfWeek': ['Tuesday', 'Wednesday'], 'opens': '11:0', 'closes': '20:0'}, {'@type': 'OpeningHoursSpecification', 'dayOfWeek': 'Thursday', 'opens': '11:0', 'closes': '20:0'}, {'@type': 'OpeningHoursSpecification', 'dayOfWeek': 'Thursday', 'opens': '11:0', 'closes': '14:0'}, {'@type': 'OpeningHoursSpecification', 'dayOfWeek': 'Thursday', 'opens': '11:0', 'closes': '20:0'}, {'@type': 'OpeningHoursSpecification', 'dayOfWeek': 'Friday', 'opens': '11:0', 'closes': '21:0'}, {'@type': 'OpeningHoursSpecification', 'dayOfWeek': 'Friday', 'opens': '11:0', 'closes': '20:0'}, {'@type': 'OpeningHoursSpecification', 'dayOfWeek': 'Friday', 'opens': '11:0', 'closes': '14:0'}, {'@type': 'OpeningHoursSpecification', 'dayOfWeek': 'Friday', 'opens': '11:0', 'closes': '20:0'}, {'@type': 'OpeningHoursSpecification', 'dayOfWeek': 'Saturday', 'opens': '11:0', 'closes': '21:0'}, {'@type': 'OpeningHoursSpecification', 'dayOfWeek': 'Saturday', 'opens': '11:0', 'closes': '20:0'}, {'@type': 'OpeningHoursSpecification', 'dayOfWeek': 'Saturday', 'opens': '11:0', 'closes': '20:0'}]",,"{'@type': 'GeoCoordinates', 'latitude': 38.1078812, 'longitude': -122.5780008}",{}
Firehouse Subs (7505 Redwood Blvd),https://www.ubereats.com/san-francisco/food-delivery/firehouse-subs-7505-redwood-blvd/iKzYi6uGRgac90rqEoIUVw,novato-california,"['Sandwich', 'American', 'Fast Food', 'Allergy Friendly']",4.8,19,$,38.111847,-122.569333,+14154083403,94945,7505 Redwood Blvd,Novato,California,"[{'@type': 'OpeningHoursSpecification', 'dayOfWeek': ['Monday', 'Tuesday', 'Wednesday', 'Thursday', 'Friday', 'Saturday', 'Sunday'], 'opens': '10:30', 'closes': '16:30'}, {'@type': 'OpeningHoursSpecification', 'dayOfWeek': ['Monday', 'Tuesday', 'Wednesday', 'Thursday', 'Friday', 'Saturday', 'Sunday'], 'opens': '11:0', 'closes': '18:45'}]","{'@type': 'PostalAddress', 'addressLocality': 'Novato', 'addressRegion': 'California', 'postalCode': '94945', 'addressCountry': 'US', 'streetAddress': '7505 Redwood Blvd'}","{'@type': 'GeoCoordinates', 'latitude': 38.111847, 'longitude': -122.569333}","{'@type': 'AggregateRating', 'ratingValue': 4.8, 'reviewCount': '19'}"
Hulu Wa Cuisine,https://www.ubereats.com/san-francisco/food-delivery/hulu-wa-cuisine/L24DNIHhQB6EQrbbzaymrw,novato-california,"['Chinese', 'Seafood', 'Noodles']",4.8,40,$$,38.0105081,-122.5411631,+14154795838,,,,,"[{'@type': 'OpeningHoursSpecification', 'dayOfWeek': 'Sunday', 'opens': '16:0', 'closes': '21:0'}, {'@type': 'OpeningHoursSpecification', 'dayOfWeek': ['Monday', 'Tuesday', 'Wednesday', 'Thursday', 'Friday'], 'opens': '11:0', 'closes': '21:0'}, {'@type': 'OpeningHoursSpecification', 'dayOfWeek': ['Monday', 'Tuesday', 'Wednesday', 'Thursday', 'Friday'], 'opens': '11:0', 'closes': '14:30'}]",,"{'@type': 'GeoCoordinates', 'latitude': 38.0105081, 'longitude': -122.5411631}","{'@type': 'AggregateRating', 'ratingValue': 4.8, 'reviewCount': '40'}"
Burger King (220 Alameda Del Prado),https://www.ubereats.com/san-francisco/food-delivery/burger-king-220-alameda-del-prado/w6d74FU6TH6mbnVEi_4tsw,novato-california,"['American', 'burger', 'Fast Food']",4.5,73,$,38.0502336,-122.5320905,+14158832566,94949,220 Alameda Del Prado,Novato,CA,"[{'@type': 'OpeningHoursSpecification', 'dayOfWeek': 'Sunday', 'opens': '7:30', 'closes': '10:29'}, {'@type': 'OpeningHoursSpecification', 'dayOfWeek': 'Sunday', 'opens': '10:30', 'closes': '23:30'}, {'@type': 'OpeningHoursSpecification', 'dayOfWeek': ['Monday', 'Tuesday', 'Wednesday', 'Thursday', 'Friday', 'Saturday'], 'opens': '6:30', 'closes': '10:29'}, {'@type': 'OpeningHoursSpecification', 'dayOfWeek': ['Monday', 'Tuesday', 'Wednesday', 'Thursday', 'Friday', 'Saturday'], 'opens': '10:30', 'closes': '23:30'}]","{'@type': 'PostalAddress', 'addressLocality': 'Novato', 'addressRegion': 'CA', 'postalCode': '94949', 'addressCountry': 'US', 'streetAddress': '220 Alameda Del Prado'}","{'@type': 'GeoCoordinates', 'latitude': 38.0502336, 'longitude': -122.5320905}","{'@type': 'AggregateRating', 'ratingValue': 4.5, 'reviewCount': '73'}"
McDonald's (5600 NAVE DR),https://www.ubereats.com/san-francisco/food-delivery/mcdonalds-5600-nave-dr/H_wJ9L46RNKZg_QpQ-tgrg,novato-california,"['American', 'Burgers', 'Fast Food']",4.7,80,$,38.061393,-122.532125,+14155060102,94949,5600 NAVE DR,NOVATO,CA,"[{'@type': 'OpeningHoursSpecification', 'dayOfWeek': 'Sunday', 'opens': '5:0', 'closes': '10:59'}, {'@type': 'OpeningHoursSpecification', 'dayOfWeek': 'Sunday', 'opens': '11:0', 'closes': '16:59'}, {'@type': 'OpeningHoursSpecification', 'dayOfWeek': 'Sunday', 'opens': '17:0', 'closes': '23:45'}, {'@type': 'OpeningHoursSpecification', 'dayOfWeek': ['Monday', 'Tuesday', 'Wednesday', 'Thursday', 'Friday'], 'opens': '5:0', 'closes': '10:29'}, {'@type': 'OpeningHoursSpecification', 'dayOfWeek': ['Monday', 'Tuesday', 'Wednesday', 'Thursday', 'Friday'], 'opens': '10:30', 'closes': '16:59'}, {'@type': 'OpeningHoursSpecification', 'dayOfWeek': ['Monday', 'Tuesday', 'Wednesday', 'Thursday', 'Friday'], 'opens': '17:0', 'closes': '23:45'}, {'@type': 'OpeningHoursSpecification', 'dayOfWeek': 'Saturday', 'opens': '5:0', 'closes': '10:59'}, {'@type': 'OpeningHoursSpecification', 'dayOfWeek': 'Saturday', 'opens': '11:0', 'closes': '16:59'}, {'@type': 'OpeningHoursSpecification', 'dayOfWeek': 'Saturday', 'opens': '17:0', 'closes': '23:45'}]","{'@type': 'PostalAddress', 'addressLocality': 'NOVATO', 'addressRegion': 'CA', 'postalCode': '94949', 'addressCountry': 'US', 'streetAddress': '5600 NAVE DR'}","{'@type': 'GeoCoordinates', 'latitude': 38.061393, 'longitude': -122.532125}","{'@type': 'AggregateRating', 'ratingValue': 4.7, 'reviewCount': '80'}"
Jack in the Box (461) 1814 2Nd Street,https://www.ubereats.com/san-francisco/food-delivery/jack-in-the-box-461-1814-2nd-street/tV5HlJ-FTPSk8s4Hfvwxzw,novato-california,"['American', 'burger', 'Fast Food']",4.3,200,$,37.9735995,-122.5392407,+14154538510,94901,1814 2Nd Street,San Rafael,CA,"[{'@type': 'OpeningHoursSpecification', 'dayOfWeek': 'Sunday', 'opens': '4:0', 'closes': '2:0'}, {'@type': 'OpeningHoursSpecification', 'dayOfWeek': ['Monday', 'Tuesday', 'Wednesday', 'Thursday'], 'opens': '7:0', 'closes': '2:0'}, {'@type': 'OpeningHoursSpecification', 'dayOfWeek': 'Friday', 'opens': '7:0', 'closes': '4:0'}, {'@type': 'OpeningHoursSpecification', 'dayOfWeek': 'Saturday', 'opens': '0:0', 'closes': '23:59'}]","{'@type': 'PostalAddress', 'addressLocality': 'San Rafael', 'addressRegion': 'CA', 'postalCode': '94901', 'addressCountry': 'US', 'streetAddress': '1814 2Nd Street'}","{'@type': 'GeoCoordinates', 'latitude': 37.9735995, 'longitude': -122.5392407}","{'@type': 'AggregateRating', 'ratingValue': 4.3, 'reviewCount': '200'}"
Sakura Sushi,https://www.ubereats.com/san-francisco/food-delivery/sakura-sushi/-iK7jYjWR6eRmESUdbljig,novato-california,"['Sushi', 'Japanese']",4.5,35,$$,38.019758,-122.533999,+14157858151,94903,100 Smith Ranch Rd,San Rafael,CA,"[{'@type': 'OpeningHoursSpecification', 'dayOfWeek': 'Sunday', 'opens': '17:0', 'closes': '21:0'}, {'@type': 'OpeningHoursSpecification', 'dayOfWeek': 'Sunday', 'opens': '17:0', 'closes': '21:0'}, {'@type': 'OpeningHoursSpecification', 'dayOfWeek': ['Tuesday', 'Wednesday', 'Thursday'], 'opens': '11:30', 'closes': '14:30'}, {'@type': 'OpeningHoursSpecification', 'dayOfWeek': ['Tuesday', 'Wednesday', 'Thursday'], 'opens': '17:0', 'closes': '21:0'}, {'@type': 'OpeningHoursSpecification', 'dayOfWeek': ['Tuesday', 'Wednesday', 'Thursday'], 'opens': '11:30', 'closes': '14:30'}, {'@type': 'OpeningHoursSpecification', 'dayOfWeek': ['Tuesday', 'Wednesday', 'Thursday'], 'opens': '17:0', 'closes': '21:0'}, {'@type': 'OpeningHoursSpecification', 'dayOfWeek': 'Friday', 'opens': '11:30', 'closes': '14:30'}, {'@type': 'OpeningHoursSpecification', 'dayOfWeek': 'Friday', 'opens': '17:0', 'closes': '22:0'}, {'@type': 'OpeningHoursSpecification', 'dayOfWeek': 'Friday', 'opens': '11:30', 'closes': '14:30'}, {'@type': 'OpeningHoursSpecification', 'dayOfWeek': 'Friday', 'opens': '17:0', 'closes': '21:0'}, {'@type': 'OpeningHoursSpecification', 'dayOfWeek': 'Saturday', 'opens': '17:0', 'closes': '22:0'}, {'@type': 'OpeningHoursSpecification', 'dayOfWeek': 'Saturday', 'opens': '17:0', 'closes': '21:0'}]","{'@type': 'PostalAddress', 'addressLocality': 'San Rafael', 'addressRegion': 'CA', 'postalCode': '94903', 'addressCountry': 'US', 'streetAddress': '100 Smith Ranch Rd'}","{'@type': 'GeoCoordinates', 'latitude': 38.019758, 'longitude': -122.533999}","{'@type': 'AggregateRating', 'ratingValue': 4.5, 'reviewCount': '35'}"
"Applebee's (5800 Northgate Mall, Suite #8) #96002",https://www.ubereats.com/san-francisco/food-delivery/applebees-5800-northgate-mall-suite-%238-%2396002/XequWrJjTjOy7M0VC0629w,novato-california,"['American', 'Bar Food', 'BBQ', 'burger', 'Chicken Strips', 'Comfort Food', 'Dinner', 'pasta', 'salad', 'Sandwich', 'Soup', 'Steak', 'Traditional American', 'wings']",,,$$,38.0036476,-122.5443901,+14154721670,94903,5800 Northgate Mall,San Rafael,CA,"[{'@type': 'OpeningHoursSpecification', 'dayOfWeek': ['Sunday', 'Monday'], 'opens': '11:0', 'closes': '21:0'}, {'@type': 'OpeningHoursSpecification', 'dayOfWeek': ['Tuesday', 'Wednesday', 'Thursday'], 'opens': '11:0', 'closes': '19:30'}, {'@type': 'OpeningHoursSpecification', 'dayOfWeek': ['Friday', 'Saturday'], 'opens': '11:0', 'closes': '22:0'}]","{'@type': 'PostalAddress', 'addressLocality': 'San Rafael', 'addressRegion': 'CA', 'postalCode': '94903', 'addressCountry': 'US', 'streetAddress': '5800 Northgate Mall'}","{'@type': 'GeoCoordinates', 'latitude': 38.0036476, 'longitude': -122.5443901}",{}
BJ's Restaurant & Brewhouse (5800 Northgate Mall Suite 159),https://www.ubereats.com/san-francisco/food-delivery/bjs-restaurant-%26-brewhouse-5800-northgate-mall-suite-159/SHWcnvP7SvOBT2TRur-pJQ,novato-california,"['American', 'Burgers', 'Pizza', 'Family Meals']",4.2,125,$$,38.0048845,-122.5444595,+14157556250,94903,5800 Northgate Mall,San Rafael,CA,"[{'@type': 'OpeningHoursSpecification', 'dayOfWeek': ['Sunday', 'Monday', 'Tuesday', 'Wednesday', 'Thursday'], 'opens': '11:0', 'closes': '20:30'}, {'@type': 'OpeningHoursSpecification', 'dayOfWeek': ['Friday', 'Saturday'], 'opens': '11:0', 'closes': '21:30'}]","{'@type': 'PostalAddress', 'addressLocality': 'San Rafael', 'addressRegion': 'CA', 'postalCode': '94903', 'addressCountry': 'US', 'streetAddress': '5800 Northgate Mall'}","{'@type': 'GeoCoordinates', 'latitude': 38.0048845, 'longitude': -122.5444595}","{'@type': 'AggregateRating', 'ratingValue': 4.2, 'reviewCount': '125'}"
Starbucks (San Marin & San Ramon),https://www.ubereats.com/san-francisco/food-delivery/starbucks-san-marin-%26-san-ramon/jzmm4homRZ-Vtufap1nQ1Q,novato-california,"['Cafe', 'Coffee & Tea', 'Breakfast and Brunch', 'Bakery']",4.2,11,$,38.122677,-122.6032842,+14158975832,94945,127 San Marin Dr,Novato,CA,"[{'@type': 'OpeningHoursSpecification', 'dayOfWeek': 'Sunday', 'opens': '6:0', 'closes': '18:0'}, {'@type': 'OpeningHoursSpecification', 'dayOfWeek': ['Monday', 'Tuesday', 'Wednesday', 'Thursday', 'Friday', 'Saturday'], 'opens': '5:0', 'closes': '18:30'}]","{'@type': 'PostalAddress', 'addressLocality': 'Novato', 'addressRegion': 'CA', 'postalCode': '94945', 'addressCountry': 'US', 'streetAddress': '127 San Marin Dr'}","{'@type': 'GeoCoordinates', 'latitude': 38.122677, 'longitude': -122.6032842}","{'@type': 'AggregateRating', 'ratingValue': 4.2, 'reviewCount': '11'}"
Woking,https://www.ubereats.com/san-francisco/food-delivery/woking/ElOQsu0ERs6t-yUoY2MiPg,novato-california,"['Chinese: Sichuan', 'Japanese', 'Japanese']",4.7,53,$,38.0045758,-122.5407966,+14154991188,94903,418 Las Gallinas Ave,San Rafael,CA,"[{'@type': 'OpeningHoursSpecification', 'dayOfWeek': 'Sunday', 'opens': '11:30', 'closes': '20:30'}, {'@type': 'OpeningHoursSpecification', 'dayOfWeek': 'Sunday', 'opens': '12:0', 'closes': '15:0'}, {'@type': 'OpeningHoursSpecification', 'dayOfWeek': ['Tuesday', 'Wednesday', 'Thursday', 'Friday'], 'opens': '11:0', 'closes': '20:30'}, {'@type': 'OpeningHoursSpecification', 'dayOfWeek': ['Tuesday', 'Wednesday', 'Thursday', 'Friday'], 'opens': '11:30', 'closes': '15:0'}, {'@type': 'OpeningHoursSpecification', 'dayOfWeek': 'Saturday', 'opens': '11:30', 'closes': '20:30'}, {'@type': 'OpeningHoursSpecification', 'dayOfWeek': 'Saturday', 'opens': '12:0', 'closes': '15:0'}]","{'@type': 'PostalAddress', 'addressLocality': 'San Rafael', 'addressRegion': 'CA', 'postalCode': '94903', 'addressCountry': 'US', 'streetAddress': '418 Las Gallinas Ave'}","{'@type': 'GeoCoordinates', 'latitude': 38.0045758, 'longitude': -122.5407966}","{'@type': 'AggregateRating', 'ratingValue': 4.7, 'reviewCount': '53'}"
Starbucks (Vintage & Rowland - Novato),https://www.ubereats.com/san-francisco/food-delivery/starbucks-vintage-%26-rowland-novato/V5akq7h4Sma9w80lc4plxQ,novato-california,"['Cafe', 'Coffee & Tea', 'Breakfast and Brunch', 'Bakery']",4.7,135,$,38.091162,-122.554994,+14158984147,94945,132 Vintage Way,Novato,CA,"[{'@type': 'OpeningHoursSpecification', 'dayOfWeek': ['Monday', 'Tuesday', 'Wednesday', 'Thursday', 'Friday', 'Saturday', 'Sunday'], 'opens': '5:30', 'closes': '21:0'}]","{'@type': 'PostalAddress', 'addressLocality': 'Novato', 'addressRegion': 'CA', 'postalCode': '94945', 'addressCountry': 'US', 'streetAddress': '132 Vintage Way'}","{'@type': 'GeoCoordinates', 'latitude': 38.091162, 'longitude': -122.554994}","{'@type': 'AggregateRating', 'ratingValue': 4.7, 'reviewCount': '135'}"
Taco Bell (406 East Washington Street),https://www.ubereats.com/san-francisco/food-delivery/taco-bell-406-east-washington-street/YVviS5ffTJ6c65B7TicmPg,novato-california,"['Burritos', 'Fast Food', 'Mexican']",3.8,127,$,38.23810389999999,-122.6355251,+17077636200,94952,406 East Washington Street,Petaluma,CA,"[{'@type': 'OpeningHoursSpecification', 'dayOfWeek': ['Sunday', 'Monday', 'Tuesday', 'Wednesday', 'Thursday'], 'opens': '14:0', 'closes': '17:0'}, {'@type': 'OpeningHoursSpecification', 'dayOfWeek': ['Sunday', 'Monday', 'Tuesday', 'Wednesday', 'Thursday'], 'opens': '7:0', 'closes': '1:30'}, {'@type': 'OpeningHoursSpecification', 'dayOfWeek': ['Sunday', 'Monday', 'Tuesday', 'Wednesday', 'Thursday'], 'opens': '7:0', 'closes': '10:30'}, {'@type': 'OpeningHoursSpecification', 'dayOfWeek': ['Friday', 'Saturday'], 'opens': '14:0', 'closes': '17:0'}, {'@type': 'OpeningHoursSpecification', 'dayOfWeek': ['Friday', 'Saturday'], 'opens': '7:0', 'closes': '10:30'}, {'@type': 'OpeningHoursSpecification', 'dayOfWeek': ['Friday', 'Saturday'], 'opens': '7:0', 'closes': '2:30'}]","{'@type': 'PostalAddress', 'addressLocality': 'Petaluma', 'addressRegion': 'CA', 'postalCode': '94952', 'addressCountry': 'US', 'streetAddress': '406 East Washington Street'}","{'@type': 'GeoCoordinates', 'latitude': 38.23810389999999, 'longitude': -122.6355251}","{'@type': 'AggregateRating', 'ratingValue': 3.8, 'reviewCount': '127'}"
