name,url,city,cuisine,avgRating,numReviews,priceRange,latitude,longitude,telephone,postalCode,streetAddress,addressLocality,addressRegion,openingHoursSpecification,addressString,geoString,ratingString
Buffalo Wild Wings (Oneonta),https://www.ubereats.com/upstate-ny/food-delivery/buffalo-wild-wings-oneonta/It-ENO5MQuO2lS-oV0Ylfg,oneonta-new-york,"['wings', 'American', 'New American']",,,$$,42.4469502,-75.0513951,+16073537770,13820,768 NY-28,Oneonta,NY,"[{'@type': 'OpeningHoursSpecification', 'dayOfWeek': ['Monday', 'Tuesday', 'Wednesday', 'Thursday', 'Friday', 'Saturday', 'Sunday'], 'opens': '12:0', 'closes': '22:0'}]","{'@type': 'PostalAddress', 'addressLocality': 'Oneonta', 'addressRegion': 'NY', 'postalCode': '13820', 'addressCountry': 'US', 'streetAddress': '768 NY-28'}","{'@type': 'GeoCoordinates', 'latitude': 42.4469502, 'longitude': -75.0513951}",{}
Our Town Cafe & Pub,https://www.ubereats.com/upstate-ny/food-delivery/our-town-cafe-%26-pub/XZft-L82QIy3pU0tqJOvzA,oneonta-new-york,"['Burgers', 'American', 'Sandwiches']",,,$,42.4466533,-75.0274359,+16074332250,13820,5206 State Hwy 23,Oneonta,NY,"[{'@type': 'OpeningHoursSpecification', 'dayOfWeek': ['Monday', 'Tuesday', 'Wednesday', 'Thursday', 'Friday', 'Saturday', 'Sunday'], 'opens': '17:0', 'closes': '21:0'}]","{'@type': 'PostalAddress', 'addressLocality': 'Oneonta', 'addressRegion': 'NY', 'postalCode': '13820', 'addressCountry': 'US', 'streetAddress': '5206 State Hwy 23'}","{'@type': 'GeoCoordinates', 'latitude': 42.4466533, 'longitude': -75.0274359}",{}
Dunkin' (374 Main St),https://www.ubereats.com/upstate-ny/food-delivery/dunkin-374-main-st/DCwoLjX1QO2qZ06sxozPhg,oneonta-new-york,"['Breakfast and Brunch', 'Donuts']",,,$,42.4573052,-75.0557074,+16074328314,13820,374 Main St,Oneonta,NY,"[{'@type': 'OpeningHoursSpecification', 'dayOfWeek': ['Monday', 'Tuesday', 'Wednesday', 'Thursday', 'Friday', 'Saturday', 'Sunday'], 'opens': '5:30', 'closes': '17:30'}]","{'@type': 'PostalAddress', 'addressLocality': 'Oneonta', 'addressRegion': 'NY', 'postalCode': '13820', 'addressCountry': 'US', 'streetAddress': '374 Main St'}","{'@type': 'GeoCoordinates', 'latitude': 42.4573052, 'longitude': -75.0557074}",{}
Capresso Coffee Bar,https://www.ubereats.com/upstate-ny/food-delivery/capresso-coffee-bar/rQu5mEOdRxe6BsI4EfQwcg,oneonta-new-york,"['Coffee and Tea', 'American', 'Breakfast and Brunch']",,,$,42.4543921,-75.0615821,+16074335233,13820,215 Main St.,Oneonta,NY,"[{'@type': 'OpeningHoursSpecification', 'dayOfWeek': 'Sunday', 'opens': '8:0', 'closes': '18:0'}, {'@type': 'OpeningHoursSpecification', 'dayOfWeek': ['Monday', 'Tuesday', 'Wednesday', 'Thursday', 'Friday', 'Saturday'], 'opens': '7:0', 'closes': '20:0'}]","{'@type': 'PostalAddress', 'addressLocality': 'Oneonta', 'addressRegion': 'NY', 'postalCode': '13820', 'addressCountry': 'US', 'streetAddress': '215 Main St.'}","{'@type': 'GeoCoordinates', 'latitude': 42.4543921, 'longitude': -75.0615821}",{}
Moe's Southwest Grill (5001 SR-23),https://www.ubereats.com/upstate-ny/food-delivery/moes-southwest-grill-5001-sr-23/qDXk-RMaQVeLfMvlFAJRcg,oneonta-new-york,"['Mexican', 'Fast Food', 'Family Meals']",,,$,42.4490979,-75.04664919999999,+16073536609,13820,5001 SR-23,Oneonta,NY,"[{'@type': 'OpeningHoursSpecification', 'dayOfWeek': ['Monday', 'Tuesday', 'Wednesday', 'Thursday', 'Friday', 'Saturday', 'Sunday'], 'opens': '11:0', 'closes': '21:0'}]","{'@type': 'PostalAddress', 'addressLocality': 'Oneonta', 'addressRegion': 'NY', 'postalCode': '13820', 'addressCountry': 'US', 'streetAddress': '5001 SR-23'}","{'@type': 'GeoCoordinates', 'latitude': 42.4490979, 'longitude': -75.04664919999999}",{}
Humphrey’s,https://www.ubereats.com/upstate-ny/food-delivery/humphreys/ehp0NJCoQgWpcr0b4tuPJw,oneonta-new-york,"['Burgers', 'American', 'Sandwiches']",,,$,42.45835599999999,-75.049387,+16074413366,13820,437 Main Street,Oneonta,NY,"[{'@type': 'OpeningHoursSpecification', 'dayOfWeek': ['Monday', 'Tuesday', 'Wednesday', 'Thursday', 'Friday'], 'opens': '11:0', 'closes': '19:0'}, {'@type': 'OpeningHoursSpecification', 'dayOfWeek': 'Saturday', 'opens': '11:0', 'closes': '21:0'}]","{'@type': 'PostalAddress', 'addressLocality': 'Oneonta', 'addressRegion': 'NY', 'postalCode': '13820', 'addressCountry': 'US', 'streetAddress': '437 Main Street'}","{'@type': 'GeoCoordinates', 'latitude': 42.45835599999999, 'longitude': -75.049387}",{}
Taco Bell (732 State Highway 28),https://www.ubereats.com/upstate-ny/food-delivery/taco-bell-732-state-highway-28/f8ho6AxIQnGACmOuVd4WBA,oneonta-new-york,"['Burritos', 'Fast Food', 'Mexican']",,,$,42.4462785,-75.0541102,+16074321946,13820,732 State Highway 28,Oneonta,NY,"[{'@type': 'OpeningHoursSpecification', 'dayOfWeek': ['Sunday', 'Monday', 'Tuesday', 'Wednesday', 'Thursday'], 'opens': '9:0', 'closes': '0:30'}, {'@type': 'OpeningHoursSpecification', 'dayOfWeek': ['Sunday', 'Monday', 'Tuesday', 'Wednesday', 'Thursday'], 'opens': '7:0', 'closes': '10:30'}, {'@type': 'OpeningHoursSpecification', 'dayOfWeek': ['Sunday', 'Monday', 'Tuesday', 'Wednesday', 'Thursday'], 'opens': '14:0', 'closes': '17:0'}, {'@type': 'OpeningHoursSpecification', 'dayOfWeek': ['Friday', 'Saturday'], 'opens': '7:0', 'closes': '10:30'}, {'@type': 'OpeningHoursSpecification', 'dayOfWeek': ['Friday', 'Saturday'], 'opens': '14:0', 'closes': '17:0'}, {'@type': 'OpeningHoursSpecification', 'dayOfWeek': ['Friday', 'Saturday'], 'opens': '9:0', 'closes': '1:30'}]","{'@type': 'PostalAddress', 'addressLocality': 'Oneonta', 'addressRegion': 'NY', 'postalCode': '13820', 'addressCountry': 'US', 'streetAddress': '732 State Highway 28'}","{'@type': 'GeoCoordinates', 'latitude': 42.4462785, 'longitude': -75.0541102}",{}
Five Guys NY-1820 5006 State Highway 23,https://www.ubereats.com/upstate-ny/food-delivery/five-guys-ny-1820-5006-state-highway-23/fI9V1hSBQdCi2JcdDzfWMQ,oneonta-new-york,"['American', 'Burgers']",,,$,42.4478496,-75.04499059999999,+16073864128,13820,5006 State Highway 23,Oneonta,NY,"[{'@type': 'OpeningHoursSpecification', 'dayOfWeek': ['Monday', 'Tuesday', 'Wednesday', 'Thursday', 'Friday', 'Saturday', 'Sunday'], 'opens': '11:0', 'closes': '21:30'}]","{'@type': 'PostalAddress', 'addressLocality': 'Oneonta', 'addressRegion': 'NY', 'postalCode': '13820', 'addressCountry': 'US', 'streetAddress': '5006 State Highway 23'}","{'@type': 'GeoCoordinates', 'latitude': 42.4478496, 'longitude': -75.04499059999999}",{}
Subway (192 Main St),https://www.ubereats.com/upstate-ny/food-delivery/subway-192-main-st/OfFEneG7QhK97wxZjww1OA,oneonta-new-york,"['Fast Food', 'Sandwich', 'American']",,,$,42.4536118,-75.0619511,+16074334782,13820,192 Main St,Oneonta,NY,"[{'@type': 'OpeningHoursSpecification', 'dayOfWeek': ['Monday', 'Tuesday', 'Wednesday', 'Thursday', 'Friday', 'Saturday', 'Sunday'], 'opens': '9:0', 'closes': '20:30'}]","{'@type': 'PostalAddress', 'addressLocality': 'Oneonta', 'addressRegion': 'NY', 'postalCode': '13820', 'addressCountry': 'US', 'streetAddress': '192 Main St'}","{'@type': 'GeoCoordinates', 'latitude': 42.4536118, 'longitude': -75.0619511}",{}
Nicks Diner,https://www.ubereats.com/upstate-ny/food-delivery/nicks-diner/eXGoPfKxQR2sGrn-2Irg6g,oneonta-new-york,"['American', 'Breakfast and Brunch', 'Burgers']",4.9,11,$$,42.4507797,-75.0769704,+16074321222,,,,,"[{'@type': 'OpeningHoursSpecification', 'dayOfWeek': 'Sunday', 'opens': '7:0', 'closes': '23:59'}, {'@type': 'OpeningHoursSpecification', 'dayOfWeek': 'Sunday', 'opens': '11:0', 'closes': '22:0'}, {'@type': 'OpeningHoursSpecification', 'dayOfWeek': 'Sunday', 'opens': '7:0', 'closes': '19:0'}, {'@type': 'OpeningHoursSpecification', 'dayOfWeek': ['Monday', 'Tuesday', 'Wednesday', 'Thursday'], 'opens': '7:0', 'closes': '23:59'}, {'@type': 'OpeningHoursSpecification', 'dayOfWeek': ['Monday', 'Tuesday', 'Wednesday', 'Thursday'], 'opens': '0:0', 'closes': '2:0'}, {'@type': 'OpeningHoursSpecification', 'dayOfWeek': ['Monday', 'Tuesday', 'Wednesday', 'Thursday'], 'opens': '11:0', 'closes': '23:59'}, {'@type': 'OpeningHoursSpecification', 'dayOfWeek': ['Monday', 'Tuesday', 'Wednesday', 'Thursday'], 'opens': '7:0', 'closes': '23:59'}, {'@type': 'OpeningHoursSpecification', 'dayOfWeek': ['Friday', 'Saturday'], 'opens': '7:0', 'closes': '23:59'}, {'@type': 'OpeningHoursSpecification', 'dayOfWeek': ['Friday', 'Saturday'], 'opens': '0:0', 'closes': '3:0'}, {'@type': 'OpeningHoursSpecification', 'dayOfWeek': ['Friday', 'Saturday'], 'opens': '11:0', 'closes': '23:59'}, {'@type': 'OpeningHoursSpecification', 'dayOfWeek': ['Friday', 'Saturday'], 'opens': '7:0', 'closes': '23:59'}]",,"{'@type': 'GeoCoordinates', 'latitude': 42.4507797, 'longitude': -75.0769704}","{'@type': 'AggregateRating', 'ratingValue': 4.9, 'reviewCount': '11'}"
Dunkin' (433 Chestnut St),https://www.ubereats.com/upstate-ny/food-delivery/dunkin-433-chestnut-st/q2sTqaAVT6CySKHpYzrjQw,oneonta-new-york,"['Breakfast and Brunch', 'Donuts']",,,$,42.45514230000001,-75.0957968,+16074319642,13820,433 Chestnut St,Oneonta,NY,"[{'@type': 'OpeningHoursSpecification', 'dayOfWeek': ['Monday', 'Tuesday', 'Wednesday', 'Thursday', 'Friday', 'Saturday', 'Sunday'], 'opens': '4:30', 'closes': '18:30'}]","{'@type': 'PostalAddress', 'addressLocality': 'Oneonta', 'addressRegion': 'NY', 'postalCode': '13820', 'addressCountry': 'US', 'streetAddress': '433 Chestnut St'}","{'@type': 'GeoCoordinates', 'latitude': 42.45514230000001, 'longitude': -75.0957968}",{}
Burger King (5044 State Highway 23),https://www.ubereats.com/upstate-ny/food-delivery/burger-king-5044-state-highway-23/Sn0AXyYTQvWfP5IcR-0d3A,oneonta-new-york,"['American', 'burger', 'Fast Food']",,,$,42.4484481,-75.0424419,+16074324795,13820,5044 State Highway 23,Oneonta,NY,"[{'@type': 'OpeningHoursSpecification', 'dayOfWeek': 'Sunday', 'opens': '10:30', 'closes': '22:30'}, {'@type': 'OpeningHoursSpecification', 'dayOfWeek': 'Sunday', 'opens': '7:30', 'closes': '9:59'}, {'@type': 'OpeningHoursSpecification', 'dayOfWeek': ['Monday', 'Tuesday', 'Wednesday', 'Thursday', 'Friday', 'Saturday'], 'opens': '10:30', 'closes': '22:30'}, {'@type': 'OpeningHoursSpecification', 'dayOfWeek': ['Monday', 'Tuesday', 'Wednesday', 'Thursday', 'Friday', 'Saturday'], 'opens': '6:30', 'closes': '9:59'}]","{'@type': 'PostalAddress', 'addressLocality': 'Oneonta', 'addressRegion': 'NY', 'postalCode': '13820', 'addressCountry': 'US', 'streetAddress': '5044 State Highway 23'}","{'@type': 'GeoCoordinates', 'latitude': 42.4484481, 'longitude': -75.0424419}",{}
McDonald's® (379 CHESTNUT ST),https://www.ubereats.com/upstate-ny/food-delivery/mcdonalds-379-chestnut-st/GwSLptjSQn26lHXMe-sg7w,oneonta-new-york,"['American', 'Burgers', 'Fast Food', 'Fast Food']",,,$,42.453746,-75.09084,+16074322191,13820,379 CHESTNUT ST,ONEONTA,NY,"[{'@type': 'OpeningHoursSpecification', 'dayOfWeek': 'Sunday', 'opens': '6:0', 'closes': '10:59'}, {'@type': 'OpeningHoursSpecification', 'dayOfWeek': 'Sunday', 'opens': '11:0', 'closes': '16:59'}, {'@type': 'OpeningHoursSpecification', 'dayOfWeek': 'Sunday', 'opens': '17:0', 'closes': '22:45'}, {'@type': 'OpeningHoursSpecification', 'dayOfWeek': ['Monday', 'Tuesday', 'Wednesday', 'Thursday', 'Friday', 'Saturday'], 'opens': '6:0', 'closes': '10:29'}, {'@type': 'OpeningHoursSpecification', 'dayOfWeek': ['Monday', 'Tuesday', 'Wednesday', 'Thursday', 'Friday', 'Saturday'], 'opens': '10:30', 'closes': '16:59'}, {'@type': 'OpeningHoursSpecification', 'dayOfWeek': ['Monday', 'Tuesday', 'Wednesday', 'Thursday', 'Friday', 'Saturday'], 'opens': '17:0', 'closes': '22:45'}]","{'@type': 'PostalAddress', 'addressLocality': 'ONEONTA', 'addressRegion': 'NY', 'postalCode': '13820', 'addressCountry': 'US', 'streetAddress': '379 CHESTNUT ST'}","{'@type': 'GeoCoordinates', 'latitude': 42.453746, 'longitude': -75.09084}",{}
Applebee's  (5006 State Highway 23),https://www.ubereats.com/upstate-ny/food-delivery/applebees-5006-state-highway-23/OaqbV8_0QImc8l3E6X5C9Q,oneonta-new-york,"['American', 'Bar Food', 'BBQ', 'burger', 'Chicken Strips', 'Comfort Food', 'Dinner', 'pasta', 'salad', 'Sandwich', 'Soup', 'Steak', 'Traditional American', 'wings']",3.5,11,$$,42.4478496,-75.04499059999999,+16074319200,13820,5006 State Highway 23,Oneonta,NY,"[{'@type': 'OpeningHoursSpecification', 'dayOfWeek': 'Sunday', 'opens': '11:0', 'closes': '20:30'}, {'@type': 'OpeningHoursSpecification', 'dayOfWeek': ['Monday', 'Tuesday', 'Wednesday', 'Thursday'], 'opens': '11:0', 'closes': '21:30'}, {'@type': 'OpeningHoursSpecification', 'dayOfWeek': ['Friday', 'Saturday'], 'opens': '11:0', 'closes': '22:30'}]","{'@type': 'PostalAddress', 'addressLocality': 'Oneonta', 'addressRegion': 'NY', 'postalCode': '13820', 'addressCountry': 'US', 'streetAddress': '5006 State Highway 23'}","{'@type': 'GeoCoordinates', 'latitude': 42.4478496, 'longitude': -75.04499059999999}","{'@type': 'AggregateRating', 'ratingValue': 3.5, 'reviewCount': '11'}"
Panera (5006 New York 23),https://www.ubereats.com/upstate-ny/food-delivery/panera-5006-new-york-23/ln2qIh6hTrauRhW2AtCzrA,oneonta-new-york,"['Breakfast and Brunch', 'salad', 'Sandwich', 'Family Meals']",,,$,42.4478496,-75.04499059999999,+16074325203,13820,5006 New York 23,Oneonta,NY,"[{'@type': 'OpeningHoursSpecification', 'dayOfWeek': ['Monday', 'Tuesday', 'Wednesday', 'Thursday', 'Friday', 'Saturday', 'Sunday'], 'opens': '9:0', 'closes': '19:30'}]","{'@type': 'PostalAddress', 'addressLocality': 'Oneonta', 'addressRegion': 'NY', 'postalCode': '13820', 'addressCountry': 'US', 'streetAddress': '5006 New York 23'}","{'@type': 'GeoCoordinates', 'latitude': 42.4478496, 'longitude': -75.04499059999999}",{}
Denny's (4979 State Hwy 23),https://www.ubereats.com/upstate-ny/food-delivery/dennys-4979-state-hwy-23/Lzi0DSUaQpeaDBRGLZJ_zQ,oneonta-new-york,"['American', 'Breakfast and Brunch', 'Coffee and Tea', 'Dinner', 'Desserts', 'Salads', 'Steak', 'Sandwich', 'Family Meals']",,,$$,42.448614,-75.0486571,+16074331345,13820,4979 State Hwy 23,Oneonta,NY,"[{'@type': 'OpeningHoursSpecification', 'dayOfWeek': ['Monday', 'Tuesday', 'Wednesday', 'Thursday', 'Friday', 'Saturday', 'Sunday'], 'opens': '7:0', 'closes': '21:45'}]","{'@type': 'PostalAddress', 'addressLocality': 'Oneonta', 'addressRegion': 'NY', 'postalCode': '13820', 'addressCountry': 'US', 'streetAddress': '4979 State Hwy 23'}","{'@type': 'GeoCoordinates', 'latitude': 42.448614, 'longitude': -75.0486571}",{}
KFC (370-374 Main Street),https://www.ubereats.com/upstate-ny/food-delivery/kfc-370-374-main-street/jMI_9ND6SfqDCG1ZD3Gd6w,oneonta-new-york,"['American', 'Fast Food', 'wings']",,,$,42.457241,-75.05607239999999,+16074325700,13820,370-374 Main Street,Oneonta,NY,"[{'@type': 'OpeningHoursSpecification', 'dayOfWeek': 'Monday', 'opens': '11:0', 'closes': '18:0'}]","{'@type': 'PostalAddress', 'addressLocality': 'Oneonta', 'addressRegion': 'NY', 'postalCode': '13820', 'addressCountry': 'US', 'streetAddress': '370-374 Main Street'}","{'@type': 'GeoCoordinates', 'latitude': 42.457241, 'longitude': -75.05607239999999}",{}
Dairy Queen - Treat (413 Chestnut St),https://www.ubereats.com/upstate-ny/food-delivery/dairy-queen-treat-413-chestnut-st/Yq_ucumZQaujvyd8IHT-3w,oneonta-new-york,"['Ice Cream and Frozen Yogurt', 'Chicken Strips', 'Burgers']",,,$,42.4549194,-75.0943073,+16074328142,13820,413 Chestnut St,Oneonta,NY,"[{'@type': 'OpeningHoursSpecification', 'dayOfWeek': ['Monday', 'Tuesday', 'Wednesday', 'Thursday', 'Friday', 'Saturday', 'Sunday'], 'opens': '11:0', 'closes': '22:0'}]","{'@type': 'PostalAddress', 'addressLocality': 'Oneonta', 'addressRegion': 'NY', 'postalCode': '13820', 'addressCountry': 'US', 'streetAddress': '413 Chestnut St'}","{'@type': 'GeoCoordinates', 'latitude': 42.4549194, 'longitude': -75.0943073}",{}
McDonald's® (RT 23 & GRAND),https://www.ubereats.com/upstate-ny/food-delivery/mcdonalds-rt-23-%26-grand/SO51D6K1Q_CV5YRpdGPAcQ,oneonta-new-york,"['American', 'Burgers', 'Fast Food', 'Fast Food']",4.2,19,$,42.44721879999999,-75.0500261,+16074327608,,,,,"[{'@type': 'OpeningHoursSpecification', 'dayOfWeek': 'Sunday', 'opens': '4:0', 'closes': '10:59'}, {'@type': 'OpeningHoursSpecification', 'dayOfWeek': 'Sunday', 'opens': '11:0', 'closes': '16:59'}, {'@type': 'OpeningHoursSpecification', 'dayOfWeek': 'Sunday', 'opens': '17:0', 'closes': '3:59'}, {'@type': 'OpeningHoursSpecification', 'dayOfWeek': ['Monday', 'Tuesday', 'Wednesday', 'Thursday', 'Friday', 'Saturday'], 'opens': '4:0', 'closes': '10:29'}, {'@type': 'OpeningHoursSpecification', 'dayOfWeek': ['Monday', 'Tuesday', 'Wednesday', 'Thursday', 'Friday', 'Saturday'], 'opens': '10:30', 'closes': '16:59'}, {'@type': 'OpeningHoursSpecification', 'dayOfWeek': ['Monday', 'Tuesday', 'Wednesday', 'Thursday', 'Friday', 'Saturday'], 'opens': '17:0', 'closes': '3:59'}]",,"{'@type': 'GeoCoordinates', 'latitude': 42.44721879999999, 'longitude': -75.0500261}","{'@type': 'AggregateRating', 'ratingValue': 4.2, 'reviewCount': '19'}"
