name,url,city,cuisine,avgRating,numReviews,priceRange,latitude,longitude,telephone,postalCode,streetAddress,addressLocality,addressRegion,openingHoursSpecification,addressString,geoString,ratingString
Long John Silver's (3660 Parkway),https://www.ubereats.com/knoxville/food-delivery/long-john-silvers-3660-parkway/mOKqmAcrRMebh8RB7GGUYA,pigeon-forge-tennessee,"['Seafood', 'Sandwich', 'Fish and Chips', 'Family Meals']",,,$,35.7820717,-83.5510426,+18654536204,37914,3660 Parkway,Pigeon Forge,TN,"[{'@type': 'OpeningHoursSpecification', 'dayOfWeek': ['Monday', 'Tuesday', 'Wednesday', 'Thursday', 'Friday', 'Saturday', 'Sunday'], 'opens': '11:0', 'closes': '22:0'}]","{'@type': 'PostalAddress', 'addressLocality': 'Pigeon Forge', 'addressRegion': 'TN', 'postalCode': '37914', 'addressCountry': 'US', 'streetAddress': '3660 Parkway'}","{'@type': 'GeoCoordinates', 'latitude': 35.7820717, 'longitude': -83.5510426}",{}
Pizza at the Cove,https://www.ubereats.com/knoxville/food-delivery/pizza-at-the-cove/Bb8EXSLjRLC_wjGTpbtXsA,pigeon-forge-tennessee,"['Bar / Pub Food', 'Pizza', 'Desserts']",,,$$,35.7891571,-83.5405572,+18653663064,37863,661 Dollywood Ln,Pigeon Forge,TN,"[{'@type': 'OpeningHoursSpecification', 'dayOfWeek': ['Sunday', 'Monday', 'Tuesday', 'Wednesday', 'Thursday'], 'opens': '11:0', 'closes': '21:0'}, {'@type': 'OpeningHoursSpecification', 'dayOfWeek': ['Friday', 'Saturday'], 'opens': '11:0', 'closes': '22:0'}]","{'@type': 'PostalAddress', 'addressLocality': 'Pigeon Forge', 'addressRegion': 'TN', 'postalCode': '37863', 'addressCountry': 'US', 'streetAddress': '661 Dollywood Ln'}","{'@type': 'GeoCoordinates', 'latitude': 35.7891571, 'longitude': -83.5405572}",{}
Long John Silver's (211 Forks Of The River Pkwy),https://www.ubereats.com/knoxville/food-delivery/long-john-silvers-211-forks-of-the-river-pkwy/jGou5vhARrikt0FW9PmaDw,pigeon-forge-tennessee,"['Salads', 'Chicken', 'American', 'Family Meals']",,,$,35.86672530000001,-83.56830149999999,+18654280717,37863,211 Forks Of The River Pkwy,Sevierville,TN,"[{'@type': 'OpeningHoursSpecification', 'dayOfWeek': ['Sunday', 'Monday', 'Tuesday', 'Wednesday', 'Thursday'], 'opens': '11:0', 'closes': '21:0'}, {'@type': 'OpeningHoursSpecification', 'dayOfWeek': ['Friday', 'Saturday'], 'opens': '11:0', 'closes': '22:0'}]","{'@type': 'PostalAddress', 'addressLocality': 'Sevierville', 'addressRegion': 'TN', 'postalCode': '37863', 'addressCountry': 'US', 'streetAddress': '211 Forks Of The River Pkwy'}","{'@type': 'GeoCoordinates', 'latitude': 35.86672530000001, 'longitude': -83.56830149999999}",{}
Stanga's Big Sausage,https://www.ubereats.com/knoxville/food-delivery/stangas-big-sausage/Pr839ALySaiy8hg6cw71Qw,pigeon-forge-tennessee,"['European', 'Modern European', 'German']",3.8,15,$,35.7124745,-83.51622449999999,+18655485959,37862,715 Parkway,Gatlinburg,TN,"[{'@type': 'OpeningHoursSpecification', 'dayOfWeek': ['Sunday', 'Monday', 'Tuesday', 'Wednesday', 'Thursday', 'Friday'], 'opens': '10:0', 'closes': '23:0'}, {'@type': 'OpeningHoursSpecification', 'dayOfWeek': 'Saturday', 'opens': '10:0', 'closes': '23:59'}]","{'@type': 'PostalAddress', 'addressLocality': 'Gatlinburg', 'addressRegion': 'TN', 'postalCode': '37862', 'addressCountry': 'US', 'streetAddress': '715 Parkway'}","{'@type': 'GeoCoordinates', 'latitude': 35.7124745, 'longitude': -83.51622449999999}","{'@type': 'AggregateRating', 'ratingValue': 3.8, 'reviewCount': '15'}"
Monstermash Burgers,https://www.ubereats.com/knoxville/food-delivery/monstermash-burgers/bJXuwLogRkOlmgRVNrmbaQ,pigeon-forge-tennessee,"['Burgers', 'American', 'Sandwiches']",,,$,35.8608987,-83.56788490000001,+14239233788,37862,611 Parkway,Sevierville,TN,[],"{'@type': 'PostalAddress', 'addressLocality': 'Sevierville', 'addressRegion': 'TN', 'postalCode': '37862', 'addressCountry': 'US', 'streetAddress': '611 Parkway'}","{'@type': 'GeoCoordinates', 'latitude': 35.8608987, 'longitude': -83.56788490000001}",{}
Big Daddy Pizzeria (Sevierville),https://www.ubereats.com/knoxville/food-delivery/big-daddy-pizzeria-sevierville/pEGdElb7Q4KPU4WD7yL5JA,pigeon-forge-tennessee,"['Pizza', 'American', 'Italian']",,,$,35.82889359999999,-83.57483789999999,+18659081123,37862,1820 Parkway,Sevierville,TN,"[{'@type': 'OpeningHoursSpecification', 'dayOfWeek': ['Monday', 'Tuesday', 'Wednesday', 'Thursday', 'Friday', 'Saturday', 'Sunday'], 'opens': '11:0', 'closes': '20:0'}]","{'@type': 'PostalAddress', 'addressLocality': 'Sevierville', 'addressRegion': 'TN', 'postalCode': '37862', 'addressCountry': 'US', 'streetAddress': '1820 Parkway'}","{'@type': 'GeoCoordinates', 'latitude': 35.82889359999999, 'longitude': -83.57483789999999}",{}
Alamo Steakhouse & Saloon (Gatlinburg),https://www.ubereats.com/knoxville/food-delivery/alamo-steakhouse-%26-saloon-gatlinburg/6OL7rIVaSputJl2kjScpVg,pigeon-forge-tennessee,"['Steak', 'American', 'Fast Food']",,,$,35.7211283,-83.4986478,+18654369998,37738,705 E Parkway,Gatlinburg,TN,"[{'@type': 'OpeningHoursSpecification', 'dayOfWeek': ['Monday', 'Tuesday', 'Wednesday', 'Thursday', 'Friday', 'Saturday', 'Sunday'], 'opens': '11:0', 'closes': '20:0'}]","{'@type': 'PostalAddress', 'addressLocality': 'Gatlinburg', 'addressRegion': 'TN', 'postalCode': '37738', 'addressCountry': 'US', 'streetAddress': '705 E Parkway'}","{'@type': 'GeoCoordinates', 'latitude': 35.7211283, 'longitude': -83.4986478}",{}
Alamo Steak House (Pigeon),https://www.ubereats.com/knoxville/food-delivery/alamo-steak-house-pigeon/Cwo5zPMJQziI7s1tMUn03g,pigeon-forge-tennessee,"['Steak', 'American', 'Fast Food']",,,$,35.7940451,-83.5642719,+18659089998,37863,3050 Parkway,Pigeon Forge,TN,"[{'@type': 'OpeningHoursSpecification', 'dayOfWeek': ['Monday', 'Tuesday', 'Wednesday', 'Thursday', 'Friday', 'Saturday', 'Sunday'], 'opens': '11:0', 'closes': '20:0'}]","{'@type': 'PostalAddress', 'addressLocality': 'Pigeon Forge', 'addressRegion': 'TN', 'postalCode': '37863', 'addressCountry': 'US', 'streetAddress': '3050 Parkway'}","{'@type': 'GeoCoordinates', 'latitude': 35.7940451, 'longitude': -83.5642719}",{}
Courtyard Marriott Bistro ,https://www.ubereats.com/knoxville/food-delivery/courtyard-marriott-bistro/nlEMXfGQSPCRVrELxRhQpA,pigeon-forge-tennessee,"['American', 'Breakfast and Brunch']",,,,35.8075577,-83.5804086,+18653663201,37863,120 Community Center Dr,Pigeon Forge,TN,"[{'@type': 'OpeningHoursSpecification', 'dayOfWeek': ['Monday', 'Tuesday', 'Wednesday', 'Thursday', 'Friday', 'Saturday', 'Sunday'], 'opens': '0:0', 'closes': '0:0'}, {'@type': 'OpeningHoursSpecification', 'dayOfWeek': ['Monday', 'Tuesday', 'Wednesday', 'Thursday', 'Friday', 'Saturday', 'Sunday'], 'opens': '8:0', 'closes': '22:0'}]","{'@type': 'PostalAddress', 'addressLocality': 'Pigeon Forge', 'addressRegion': 'TN', 'postalCode': '37863', 'addressCountry': 'US', 'streetAddress': '120 Community Center Dr'}","{'@type': 'GeoCoordinates', 'latitude': 35.8075577, 'longitude': -83.5804086}",{}
Bigfoot Philly Cheese steaks,https://www.ubereats.com/knoxville/food-delivery/bigfoot-philly-cheese-steaks/xXvO6a8aSnabYMUf41XO2A,pigeon-forge-tennessee,"['Burgers', 'American', 'Sandwiches']",,,$,35.712298,-83.5172864,+18656401382,37738,745 Parkway,Gatlinburg,TN,"[{'@type': 'OpeningHoursSpecification', 'dayOfWeek': ['Monday', 'Tuesday', 'Wednesday', 'Thursday', 'Friday', 'Saturday', 'Sunday'], 'opens': '11:0', 'closes': '21:0'}]","{'@type': 'PostalAddress', 'addressLocality': 'Gatlinburg', 'addressRegion': 'TN', 'postalCode': '37738', 'addressCountry': 'US', 'streetAddress': '745 Parkway'}","{'@type': 'GeoCoordinates', 'latitude': 35.712298, 'longitude': -83.5172864}",{}
Junction 35 Spirits,https://www.ubereats.com/knoxville/food-delivery/junction-35-spirits/qfUFstigS7aGd_p0Ah8sGg,pigeon-forge-tennessee,"['Burgers', 'American', 'Sandwiches']",,,$,35.8066367,-83.5704349,+18656967969,37863,2655 Teaster Lane,Pigeon Forge,TN,"[{'@type': 'OpeningHoursSpecification', 'dayOfWeek': ['Sunday', 'Monday', 'Tuesday', 'Wednesday', 'Thursday'], 'opens': '11:0', 'closes': '20:0'}, {'@type': 'OpeningHoursSpecification', 'dayOfWeek': ['Friday', 'Saturday'], 'opens': '11:0', 'closes': '21:0'}]","{'@type': 'PostalAddress', 'addressLocality': 'Pigeon Forge', 'addressRegion': 'TN', 'postalCode': '37863', 'addressCountry': 'US', 'streetAddress': '2655 Teaster Lane'}","{'@type': 'GeoCoordinates', 'latitude': 35.8066367, 'longitude': -83.5704349}",{}
Crystelle Creek Restaurant & Grill,https://www.ubereats.com/knoxville/food-delivery/crystelle-creek-restaurant-%26-grill/sKdwzT6GTOSAMS1eW7URUQ,pigeon-forge-tennessee,"['Steak', 'American', 'Fast Food']",,,$,35.72787569999999,-83.45658150000001,+18654301551,37738,1654 E Parkway,Gatlinburg,TN,"[{'@type': 'OpeningHoursSpecification', 'dayOfWeek': ['Monday', 'Tuesday', 'Wednesday', 'Thursday', 'Friday', 'Saturday', 'Sunday'], 'opens': '15:0', 'closes': '20:0'}]","{'@type': 'PostalAddress', 'addressLocality': 'Gatlinburg', 'addressRegion': 'TN', 'postalCode': '37738', 'addressCountry': 'US', 'streetAddress': '1654 E Parkway'}","{'@type': 'GeoCoordinates', 'latitude': 35.72787569999999, 'longitude': -83.45658150000001}",{}
Big Daddy's Pizzeria (Gatlinburg),https://www.ubereats.com/knoxville/food-delivery/big-daddys-pizzeria-gatlinburg/snAudgkKQfeUIRlSKOlNuQ,pigeon-forge-tennessee,"['Pizza', 'American', 'Italian']",,,$,35.7090671,-83.5223877,+18654365455,37738,714 River Road,Gatlinburg,TN,"[{'@type': 'OpeningHoursSpecification', 'dayOfWeek': ['Monday', 'Tuesday', 'Wednesday', 'Thursday', 'Friday', 'Saturday', 'Sunday'], 'opens': '11:0', 'closes': '21:0'}]","{'@type': 'PostalAddress', 'addressLocality': 'Gatlinburg', 'addressRegion': 'TN', 'postalCode': '37738', 'addressCountry': 'US', 'streetAddress': '714 River Road'}","{'@type': 'GeoCoordinates', 'latitude': 35.7090671, 'longitude': -83.5223877}",{}
Baskin Robbins (3270 Parkway),https://www.ubereats.com/knoxville/food-delivery/baskin-robbins-3270-parkway/WgDOTuTvTKKDNM2TTO8kgQ,pigeon-forge-tennessee,"['Ice Cream & Frozen Yogurt', 'Desserts', 'Pastry']",,,$$,35.7904384,-83.5586862,+18654281770,37863,3270 Parkway,Pigeon Forge,TN,"[{'@type': 'OpeningHoursSpecification', 'dayOfWeek': ['Monday', 'Tuesday', 'Wednesday', 'Thursday', 'Friday', 'Saturday', 'Sunday'], 'opens': '11:0', 'closes': '22:0'}]","{'@type': 'PostalAddress', 'addressLocality': 'Pigeon Forge', 'addressRegion': 'TN', 'postalCode': '37863', 'addressCountry': 'US', 'streetAddress': '3270 Parkway'}","{'@type': 'GeoCoordinates', 'latitude': 35.7904384, 'longitude': -83.5586862}",{}
Steak 'n Shake (1536 Parkway),https://www.ubereats.com/knoxville/food-delivery/steak-n-shake-1536-parkway/X52fmRu-TPug1xlMJ5y_mg,pigeon-forge-tennessee,['American'],4.1,11,$$,35.8368327,-83.5719835,+18653661556,37862,1536 Parkway,Sevierville,TN,"[{'@type': 'OpeningHoursSpecification', 'dayOfWeek': ['Sunday', 'Monday', 'Tuesday', 'Wednesday', 'Thursday'], 'opens': '10:0', 'closes': '23:0'}, {'@type': 'OpeningHoursSpecification', 'dayOfWeek': ['Friday', 'Saturday'], 'opens': '10:0', 'closes': '0:0'}]","{'@type': 'PostalAddress', 'addressLocality': 'Sevierville', 'addressRegion': 'TN', 'postalCode': '37862', 'addressCountry': 'US', 'streetAddress': '1536 Parkway'}","{'@type': 'GeoCoordinates', 'latitude': 35.8368327, 'longitude': -83.5719835}","{'@type': 'AggregateRating', 'ratingValue': 4.1, 'reviewCount': '11'}"
Baskin Robbins (1420 Parkway),https://www.ubereats.com/knoxville/food-delivery/baskin-robbins-1420-parkway/eMTaMFt-Sg2DGZw3pFdgtA,pigeon-forge-tennessee,"['Comfort Food', 'Desserts', 'Japanese sweets']",,,$$,35.83947970000001,-83.57151879999999,+18654293131,37862,1420 Parkway,Sevierville,TN,"[{'@type': 'OpeningHoursSpecification', 'dayOfWeek': ['Monday', 'Tuesday', 'Wednesday', 'Thursday', 'Friday', 'Saturday', 'Sunday'], 'opens': '11:0', 'closes': '21:0'}]","{'@type': 'PostalAddress', 'addressLocality': 'Sevierville', 'addressRegion': 'TN', 'postalCode': '37862', 'addressCountry': 'US', 'streetAddress': '1420 Parkway'}","{'@type': 'GeoCoordinates', 'latitude': 35.83947970000001, 'longitude': -83.57151879999999}",{}
Reagan's House of Pancakes,https://www.ubereats.com/knoxville/food-delivery/reagans-house-of-pancakes/XYKUF0UITuyKoydBtRD0yQ,pigeon-forge-tennessee,"['Breakfast and Brunch', 'Cafe', 'Vegetarian Friendly', 'American']",,,$$,35.79945532751639,-83.57052034856648,+18654280652,,,,,"[{'@type': 'OpeningHoursSpecification', 'dayOfWeek': ['Monday', 'Tuesday', 'Wednesday', 'Thursday', 'Friday', 'Saturday', 'Sunday'], 'opens': '7:0', 'closes': '12:30'}, {'@type': 'OpeningHoursSpecification', 'dayOfWeek': ['Monday', 'Tuesday', 'Wednesday', 'Thursday', 'Friday', 'Saturday', 'Sunday'], 'opens': '11:0', 'closes': '12:30'}]",,"{'@type': 'GeoCoordinates', 'latitude': 35.79945532751639, 'longitude': -83.57052034856648}",{}
Papa John's (3152 Parkway #14),https://www.ubereats.com/knoxville/food-delivery/papa-johns-3152-parkway-%2314/DCPOZxV0SmykTquAMUZ1UQ,pigeon-forge-tennessee,"['Desserts', 'PIzza', 'Wings']",4.1,85,$$,35.7930635,-83.56119749999999,+18654287600,37863,3152 Parkway #14,Pigeon Forge,TN,"[{'@type': 'OpeningHoursSpecification', 'dayOfWeek': 'Sunday', 'opens': '9:30', 'closes': '22:40'}, {'@type': 'OpeningHoursSpecification', 'dayOfWeek': ['Monday', 'Tuesday', 'Wednesday', 'Thursday'], 'opens': '9:30', 'closes': '23:40'}, {'@type': 'OpeningHoursSpecification', 'dayOfWeek': ['Friday', 'Saturday'], 'opens': '9:30', 'closes': '0:40'}]","{'@type': 'PostalAddress', 'addressLocality': 'Pigeon Forge', 'addressRegion': 'TN', 'postalCode': '37863', 'addressCountry': 'US', 'streetAddress': '3152 Parkway #14'}","{'@type': 'GeoCoordinates', 'latitude': 35.7930635, 'longitude': -83.56119749999999}","{'@type': 'AggregateRating', 'ratingValue': 4.1, 'reviewCount': '85'}"
Fuddruckers (168 Collier Dr.),https://www.ubereats.com/knoxville/food-delivery/fuddruckers-168-collier-dr/uWpJ7TmVS8ids0J4vJa_fw,pigeon-forge-tennessee,"['American', 'Chicken Strips', 'Sandwich']",,,$$$,35.8377279,-83.56525429999999,+18654532221,37862,168 Collier Dr.,Sevierville,TN,"[{'@type': 'OpeningHoursSpecification', 'dayOfWeek': ['Sunday', 'Monday', 'Tuesday', 'Wednesday', 'Thursday'], 'opens': '11:0', 'closes': '20:0'}, {'@type': 'OpeningHoursSpecification', 'dayOfWeek': ['Friday', 'Saturday'], 'opens': '11:0', 'closes': '21:0'}]","{'@type': 'PostalAddress', 'addressLocality': 'Sevierville', 'addressRegion': 'TN', 'postalCode': '37862', 'addressCountry': 'US', 'streetAddress': '168 Collier Dr.'}","{'@type': 'GeoCoordinates', 'latitude': 35.8377279, 'longitude': -83.56525429999999}",{}
McAlister's Deli (3784 Parkway),https://www.ubereats.com/knoxville/food-delivery/mcalisters-deli-3784-parkway/hR0WwTA1Qvq5qtI-dnZkFQ,pigeon-forge-tennessee,"['Sandwich', 'Salads', 'Family Meals']",4.6,72,$,35.7800833,-83.54928199999999,+18659089020,37863,3784 Parkway,Pigeon Forge,TN,"[{'@type': 'OpeningHoursSpecification', 'dayOfWeek': 'Sunday', 'opens': '10:30', 'closes': '19:40'}, {'@type': 'OpeningHoursSpecification', 'dayOfWeek': 'Monday', 'opens': '10:30', 'closes': '20:40'}, {'@type': 'OpeningHoursSpecification', 'dayOfWeek': 'Tuesday', 'opens': '10:30', 'closes': '20:10'}, {'@type': 'OpeningHoursSpecification', 'dayOfWeek': ['Wednesday', 'Thursday'], 'opens': '10:30', 'closes': '20:40'}, {'@type': 'OpeningHoursSpecification', 'dayOfWeek': ['Friday', 'Saturday'], 'opens': '10:30', 'closes': '21:40'}]","{'@type': 'PostalAddress', 'addressLocality': 'Pigeon Forge', 'addressRegion': 'TN', 'postalCode': '37863', 'addressCountry': 'US', 'streetAddress': '3784 Parkway'}","{'@type': 'GeoCoordinates', 'latitude': 35.7800833, 'longitude': -83.54928199999999}","{'@type': 'AggregateRating', 'ratingValue': 4.6, 'reviewCount': '72'}"
"Dickey's Barbecue Restaurants, Inc. (3784 Parkway, Suite 101)",https://www.ubereats.com/knoxville/food-delivery/dickeys-barbecue-restaurants-inc-3784-parkway-suite-101/i5f1n8_-TFi-70g-Z1dwKg,pigeon-forge-tennessee,"['BBQ', 'American', 'Wings', 'Sandwich', 'Family Meals']",,,$$,35.7800833,-83.54928199999999,+18659080096,37863,"3784 Parkway, Suite 101",Pigeon Forge,TN,"[{'@type': 'OpeningHoursSpecification', 'dayOfWeek': ['Monday', 'Tuesday', 'Wednesday', 'Thursday', 'Friday', 'Saturday', 'Sunday'], 'opens': '11:0', 'closes': '21:0'}, {'@type': 'OpeningHoursSpecification', 'dayOfWeek': ['Monday', 'Tuesday', 'Wednesday', 'Thursday', 'Friday', 'Saturday', 'Sunday'], 'opens': '10:30', 'closes': '20:30'}]","{'@type': 'PostalAddress', 'addressLocality': 'Pigeon Forge', 'addressRegion': 'TN', 'postalCode': '37863', 'addressCountry': 'US', 'streetAddress': '3784 Parkway, Suite 101'}","{'@type': 'GeoCoordinates', 'latitude': 35.7800833, 'longitude': -83.54928199999999}",{}
Margaritaville (Pigeon Forge),https://www.ubereats.com/knoxville/food-delivery/margaritaville-pigeon-forge/Ya7vKmagQ32d1nvxvZ57KQ,pigeon-forge-tennessee,"['Burgers', 'American', 'Sandwiches', 'Family Meals']",,,$$,35.8021347,-83.5699748,+18652108530,37863,130 The Island Dr Ste 6101,Pigeon Forge,TN,"[{'@type': 'OpeningHoursSpecification', 'dayOfWeek': ['Sunday', 'Monday', 'Tuesday', 'Wednesday', 'Thursday'], 'opens': '11:30', 'closes': '20:30'}, {'@type': 'OpeningHoursSpecification', 'dayOfWeek': ['Friday', 'Saturday'], 'opens': '11:30', 'closes': '20:30'}, {'@type': 'OpeningHoursSpecification', 'dayOfWeek': ['Friday', 'Saturday'], 'opens': '11:0', 'closes': '21:0'}]","{'@type': 'PostalAddress', 'addressLocality': 'Pigeon Forge', 'addressRegion': 'TN', 'postalCode': '37863', 'addressCountry': 'US', 'streetAddress': '130 The Island Dr Ste 6101'}","{'@type': 'GeoCoordinates', 'latitude': 35.8021347, 'longitude': -83.5699748}",{}
Morning Mist Cafe,https://www.ubereats.com/knoxville/food-delivery/morning-mist-cafe/uUzKNamKSlyhdnlVhgui8w,pigeon-forge-tennessee,"['American', 'Southern', 'Diner']",,,$,35.740563,-83.46064559999999,+18653251777,37738,601 Glades Rd Ste 21,Gatlinburg,TN,"[{'@type': 'OpeningHoursSpecification', 'dayOfWeek': ['Monday', 'Tuesday', 'Wednesday', 'Thursday', 'Friday', 'Saturday', 'Sunday'], 'opens': '11:0', 'closes': '15:0'}]","{'@type': 'PostalAddress', 'addressLocality': 'Gatlinburg', 'addressRegion': 'TN', 'postalCode': '37738', 'addressCountry': 'US', 'streetAddress': '601 Glades Rd Ste 21'}","{'@type': 'GeoCoordinates', 'latitude': 35.740563, 'longitude': -83.46064559999999}",{}
Krispy Kreme (4074 Parkway),https://www.ubereats.com/knoxville/food-delivery/krispy-kreme-4074-parkway/NIPNrJ1PT_ql9B2tk-ZUzg,pigeon-forge-tennessee,"['Breakfast and Brunch', 'Bakery', 'Desserts']",,,$,35.77488369999999,-83.5429758,+18654283222,37863,4074 Parkway,Pigeon Forge,TN,"[{'@type': 'OpeningHoursSpecification', 'dayOfWeek': ['Sunday', 'Monday', 'Tuesday', 'Wednesday', 'Thursday'], 'opens': '7:15', 'closes': '19:45'}, {'@type': 'OpeningHoursSpecification', 'dayOfWeek': ['Friday', 'Saturday'], 'opens': '7:15', 'closes': '20:45'}]","{'@type': 'PostalAddress', 'addressLocality': 'Pigeon Forge', 'addressRegion': 'TN', 'postalCode': '37863', 'addressCountry': 'US', 'streetAddress': '4074 Parkway'}","{'@type': 'GeoCoordinates', 'latitude': 35.77488369999999, 'longitude': -83.5429758}",{}
Bigfoot Philly Cheesesteaks,https://www.ubereats.com/knoxville/food-delivery/bigfoot-philly-cheesesteaks/npYdQzgOQM6ad5gocBbvwQ,pigeon-forge-tennessee,"['Burgers', 'American', 'Sandwiches', 'Deli']",,,$,35.712298,-83.5172864,+18656401382,,,,,"[{'@type': 'OpeningHoursSpecification', 'dayOfWeek': ['Sunday', 'Monday'], 'opens': '12:0', 'closes': '20:0'}, {'@type': 'OpeningHoursSpecification', 'dayOfWeek': 'Tuesday', 'opens': '12:0', 'closes': '21:0'}, {'@type': 'OpeningHoursSpecification', 'dayOfWeek': ['Wednesday', 'Thursday', 'Friday', 'Saturday'], 'opens': '12:0', 'closes': '20:0'}]",,"{'@type': 'GeoCoordinates', 'latitude': 35.712298, 'longitude': -83.5172864}",{}
Jersey Mike's Subs (2656 Parkway),https://www.ubereats.com/knoxville/food-delivery/jersey-mikes-subs-2656-parkway/aZW2rXbYQRWoyMfOWCdtWQ,pigeon-forge-tennessee,"['Sandwich', 'American']",4.8,33,$,35.8025271,-83.57643209999999,+18657743232,37863,2656 Parkway,Pigeon Forge,TN,"[{'@type': 'OpeningHoursSpecification', 'dayOfWeek': ['Monday', 'Tuesday', 'Wednesday', 'Thursday', 'Friday', 'Saturday', 'Sunday'], 'opens': '10:0', 'closes': '20:30'}]","{'@type': 'PostalAddress', 'addressLocality': 'Pigeon Forge', 'addressRegion': 'TN', 'postalCode': '37863', 'addressCountry': 'US', 'streetAddress': '2656 Parkway'}","{'@type': 'GeoCoordinates', 'latitude': 35.8025271, 'longitude': -83.57643209999999}","{'@type': 'AggregateRating', 'ratingValue': 4.8, 'reviewCount': '33'}"
Krystal (2041 Parkway),https://www.ubereats.com/knoxville/food-delivery/krystal-2041-parkway/EWQf2JvCQsy2GjUROx2fFA,pigeon-forge-tennessee,"['American', 'Burgers', 'Fast Food']",4.3,30,$,35.823088,-83.5767529,+18652869145,37863,2041 Parkway,Pigeon Forge,TN,"[{'@type': 'OpeningHoursSpecification', 'dayOfWeek': 'Sunday', 'opens': '7:30', 'closes': '11:0'}, {'@type': 'OpeningHoursSpecification', 'dayOfWeek': 'Sunday', 'opens': '7:30', 'closes': '22:0'}, {'@type': 'OpeningHoursSpecification', 'dayOfWeek': ['Monday', 'Tuesday', 'Wednesday', 'Thursday'], 'opens': '7:0', 'closes': '11:0'}, {'@type': 'OpeningHoursSpecification', 'dayOfWeek': ['Monday', 'Tuesday', 'Wednesday', 'Thursday'], 'opens': '7:0', 'closes': '22:0'}, {'@type': 'OpeningHoursSpecification', 'dayOfWeek': ['Friday', 'Saturday'], 'opens': '7:0', 'closes': '11:0'}, {'@type': 'OpeningHoursSpecification', 'dayOfWeek': ['Friday', 'Saturday'], 'opens': '7:0', 'closes': '23:0'}]","{'@type': 'PostalAddress', 'addressLocality': 'Pigeon Forge', 'addressRegion': 'TN', 'postalCode': '37863', 'addressCountry': 'US', 'streetAddress': '2041 Parkway'}","{'@type': 'GeoCoordinates', 'latitude': 35.823088, 'longitude': -83.5767529}","{'@type': 'AggregateRating', 'ratingValue': 4.3, 'reviewCount': '30'}"
Red Lobster (1600 Parkway),https://www.ubereats.com/knoxville/food-delivery/red-lobster-1600-parkway/Mhfx4hGqSN6JL3Zuv5QNIg,pigeon-forge-tennessee,"['Seafood', 'American', 'Family Meals']",4.6,28,$$,35.8342601,-83.57326119999999,+18657747077,37862,1600 Parkway,Sevierville,TN,"[{'@type': 'OpeningHoursSpecification', 'dayOfWeek': ['Sunday', 'Monday', 'Tuesday', 'Wednesday', 'Thursday'], 'opens': '14:0', 'closes': '20:0'}, {'@type': 'OpeningHoursSpecification', 'dayOfWeek': ['Friday', 'Saturday'], 'opens': '14:0', 'closes': '21:0'}]","{'@type': 'PostalAddress', 'addressLocality': 'Sevierville', 'addressRegion': 'TN', 'postalCode': '37862', 'addressCountry': 'US', 'streetAddress': '1600 Parkway'}","{'@type': 'GeoCoordinates', 'latitude': 35.8342601, 'longitude': -83.57326119999999}","{'@type': 'AggregateRating', 'ratingValue': 4.6, 'reviewCount': '28'}"
J.O.E. and POP's Sub Shoppe,https://www.ubereats.com/knoxville/food-delivery/joe-and-pops-sub-shoppe/SBw6FW3yQ_KouP8_akwnqw,pigeon-forge-tennessee,"['Sandwiches', 'American', 'Healthy']",,,$,35.7259376,-83.4780036,+18654121333,37738,1244 East Parkway,Gatlinburg,TN,"[{'@type': 'OpeningHoursSpecification', 'dayOfWeek': ['Monday', 'Tuesday', 'Wednesday', 'Thursday', 'Friday', 'Saturday', 'Sunday'], 'opens': '11:0', 'closes': '20:0'}]","{'@type': 'PostalAddress', 'addressLocality': 'Gatlinburg', 'addressRegion': 'TN', 'postalCode': '37738', 'addressCountry': 'US', 'streetAddress': '1244 East Parkway'}","{'@type': 'GeoCoordinates', 'latitude': 35.7259376, 'longitude': -83.4780036}",{}
Bennett's Pit Bar-B-Que,https://www.ubereats.com/knoxville/food-delivery/bennetts-pit-bar-b-que/2DNbstOpSA-BfoEl54bzPg,pigeon-forge-tennessee,"['Sandwiches', 'BBQ', 'American']",,,$,35.7090671,-83.5223877,+18654362400,37738,714 River Rd,Gatlinburg,TN,"[{'@type': 'OpeningHoursSpecification', 'dayOfWeek': ['Monday', 'Tuesday', 'Wednesday', 'Thursday', 'Friday', 'Saturday', 'Sunday'], 'opens': '11:0', 'closes': '20:0'}, {'@type': 'OpeningHoursSpecification', 'dayOfWeek': ['Monday', 'Tuesday', 'Wednesday', 'Thursday', 'Friday', 'Saturday', 'Sunday'], 'opens': '11:0', 'closes': '15:0'}]","{'@type': 'PostalAddress', 'addressLocality': 'Gatlinburg', 'addressRegion': 'TN', 'postalCode': '37738', 'addressCountry': 'US', 'streetAddress': '714 River Rd'}","{'@type': 'GeoCoordinates', 'latitude': 35.7090671, 'longitude': -83.5223877}",{}
KFC (933 Dolly Parton Parkway),https://www.ubereats.com/knoxville/food-delivery/kfc-933-dolly-parton-parkway/oyEm83RJTCWoypA6lrrsMA,pigeon-forge-tennessee,"['American', 'Fast Food', 'wings']",,,$,35.86347039999999,-83.5438708,+12814888541,37862,933 Dolly Parton Parkway,Sevierville,TN,"[{'@type': 'OpeningHoursSpecification', 'dayOfWeek': ['Monday', 'Tuesday', 'Wednesday', 'Thursday', 'Friday', 'Saturday', 'Sunday'], 'opens': '10:0', 'closes': '21:30'}]","{'@type': 'PostalAddress', 'addressLocality': 'Sevierville', 'addressRegion': 'TN', 'postalCode': '37862', 'addressCountry': 'US', 'streetAddress': '933 Dolly Parton Parkway'}","{'@type': 'GeoCoordinates', 'latitude': 35.86347039999999, 'longitude': -83.5438708}",{}
Outback Steakhouse (1705 Parkway),https://www.ubereats.com/knoxville/food-delivery/outback-steakhouse-1705-parkway/rT4ndfkkT-OLWaDmdyM7EQ,pigeon-forge-tennessee,"['Burgers', 'American', 'Sandwiches', 'Steak', 'Seafood', 'Salads', 'BBQ']",4.1,200,$,35.83108699999999,-83.5728364,+18654293085,37862,1705 Parkway,Sevierville,TN,"[{'@type': 'OpeningHoursSpecification', 'dayOfWeek': ['Sunday', 'Monday', 'Tuesday', 'Wednesday', 'Thursday'], 'opens': '11:0', 'closes': '20:30'}, {'@type': 'OpeningHoursSpecification', 'dayOfWeek': ['Friday', 'Saturday'], 'opens': '11:0', 'closes': '21:30'}]","{'@type': 'PostalAddress', 'addressLocality': 'Sevierville', 'addressRegion': 'TN', 'postalCode': '37862', 'addressCountry': 'US', 'streetAddress': '1705 Parkway'}","{'@type': 'GeoCoordinates', 'latitude': 35.83108699999999, 'longitude': -83.5728364}","{'@type': 'AggregateRating', 'ratingValue': 4.1, 'reviewCount': '200'}"
Five Guys TN-1093,https://www.ubereats.com/knoxville/food-delivery/five-guys-tn-1093/CEWGok-1Sc6ZHhOYPnnG4A,pigeon-forge-tennessee,"['American', 'Burgers', 'Sandwich']",,,$,35.8065392,-83.5785926,+18654531445,37863,2525 Parkway,Pigeon Forge,TN,"[{'@type': 'OpeningHoursSpecification', 'dayOfWeek': ['Monday', 'Tuesday', 'Wednesday', 'Thursday', 'Friday', 'Saturday', 'Sunday'], 'opens': '11:0', 'closes': '20:0'}]","{'@type': 'PostalAddress', 'addressLocality': 'Pigeon Forge', 'addressRegion': 'TN', 'postalCode': '37863', 'addressCountry': 'US', 'streetAddress': '2525 Parkway'}","{'@type': 'GeoCoordinates', 'latitude': 35.8065392, 'longitude': -83.5785926}",{}
Applewood Farmhouse Grill Restaurant,https://www.ubereats.com/knoxville/food-delivery/applewood-farmhouse-grill-restaurant/S21CwaJfQJ2Wxr7rFEti0w,pigeon-forge-tennessee,"['American', 'New American', 'Comfort Food', 'Family Meals']",4.5,49,$,35.8264536,-83.57982609999999,+18654364200,37862,220 Apple Valley Rd,Sevierville,TN,"[{'@type': 'OpeningHoursSpecification', 'dayOfWeek': ['Monday', 'Tuesday', 'Wednesday', 'Thursday', 'Friday', 'Saturday', 'Sunday'], 'opens': '11:0', 'closes': '15:0'}, {'@type': 'OpeningHoursSpecification', 'dayOfWeek': ['Monday', 'Tuesday', 'Wednesday', 'Thursday', 'Friday', 'Saturday', 'Sunday'], 'opens': '15:0', 'closes': '19:30'}]","{'@type': 'PostalAddress', 'addressLocality': 'Sevierville', 'addressRegion': 'TN', 'postalCode': '37862', 'addressCountry': 'US', 'streetAddress': '220 Apple Valley Rd'}","{'@type': 'GeoCoordinates', 'latitude': 35.8264536, 'longitude': -83.57982609999999}","{'@type': 'AggregateRating', 'ratingValue': 4.5, 'reviewCount': '49'}"
Cicis (3189 Parkway),https://www.ubereats.com/knoxville/food-delivery/cicis-3189-parkway/jLSyHA3eQ--WQ-AVHhn1aA,pigeon-forge-tennessee,"['Pizza', 'American', 'Italian']",,,$,35.7932916,-83.559687,+18653661616,37863,3189 Parkway,Pigeon Forge,TN,"[{'@type': 'OpeningHoursSpecification', 'dayOfWeek': ['Monday', 'Tuesday', 'Wednesday', 'Thursday', 'Friday', 'Saturday', 'Sunday'], 'opens': '11:0', 'closes': '20:30'}]","{'@type': 'PostalAddress', 'addressLocality': 'Pigeon Forge', 'addressRegion': 'TN', 'postalCode': '37863', 'addressCountry': 'US', 'streetAddress': '3189 Parkway'}","{'@type': 'GeoCoordinates', 'latitude': 35.7932916, 'longitude': -83.559687}",{}
Zaxby's (698 Winfield Dunn Parkway),https://www.ubereats.com/knoxville/food-delivery/zaxbys-698-winfield-dunn-parkway/R9Rb-5xHRbmMvzyqgfbQrw,pigeon-forge-tennessee,"['American', 'Chicken Strips', 'Sandwich', 'Family Meals']",3.9,21,$$,35.880598,-83.57319199999999,+18654292360,37876,698 Winfield Dunn Parkway,Sevierville,TN,"[{'@type': 'OpeningHoursSpecification', 'dayOfWeek': ['Monday', 'Tuesday', 'Wednesday', 'Thursday', 'Friday', 'Saturday', 'Sunday'], 'opens': '11:0', 'closes': '20:30'}]","{'@type': 'PostalAddress', 'addressLocality': 'Sevierville', 'addressRegion': 'TN', 'postalCode': '37876', 'addressCountry': 'US', 'streetAddress': '698 Winfield Dunn Parkway'}","{'@type': 'GeoCoordinates', 'latitude': 35.880598, 'longitude': -83.57319199999999}","{'@type': 'AggregateRating', 'ratingValue': 3.9, 'reviewCount': '21'}"
Maddog's Ice Cream and Donuts,https://www.ubereats.com/knoxville/food-delivery/maddogs-ice-cream-and-donuts/dxvb06z0SLSTHHKM8KQHng,pigeon-forge-tennessee,"['Ice Cream & Frozen Yogurt', 'Comfort Food', 'Desserts']",,,$,35.7218167,-83.4976272,+18654305757,37738,731 East Parkway,Gatlinburg,TN,"[{'@type': 'OpeningHoursSpecification', 'dayOfWeek': ['Sunday', 'Monday', 'Tuesday', 'Wednesday', 'Thursday'], 'opens': '8:0', 'closes': '21:0'}, {'@type': 'OpeningHoursSpecification', 'dayOfWeek': ['Friday', 'Saturday'], 'opens': '8:0', 'closes': '22:0'}]","{'@type': 'PostalAddress', 'addressLocality': 'Gatlinburg', 'addressRegion': 'TN', 'postalCode': '37738', 'addressCountry': 'US', 'streetAddress': '731 East Parkway'}","{'@type': 'GeoCoordinates', 'latitude': 35.7218167, 'longitude': -83.4976272}",{}
Smokies Cuban Cafe,https://www.ubereats.com/knoxville/food-delivery/smokies-cuban-cafe/a8kBPz3rQdufqlwlkpbhNg,pigeon-forge-tennessee,"['Cuban', 'Sandwich', 'Caribbean']",,,$,35.7853774,-83.5541978,+18653651700,37863,3526 Parkway Ste 5,Pigeon Forge,TN,"[{'@type': 'OpeningHoursSpecification', 'dayOfWeek': ['Monday', 'Tuesday', 'Wednesday', 'Thursday', 'Friday', 'Saturday'], 'opens': '11:0', 'closes': '18:0'}]","{'@type': 'PostalAddress', 'addressLocality': 'Pigeon Forge', 'addressRegion': 'TN', 'postalCode': '37863', 'addressCountry': 'US', 'streetAddress': '3526 Parkway Ste 5'}","{'@type': 'GeoCoordinates', 'latitude': 35.7853774, 'longitude': -83.5541978}",{}
Bojangles' Famous Chicken & Biscuits 1060 (4035 Parkway),https://www.ubereats.com/knoxville/food-delivery/bojangles-famous-chicken-%26-biscuits-1060-4035-parkway/kGp3gA5tSdqmU7-D2a4YlQ,pigeon-forge-tennessee,"['BBQ', 'American', 'Burgers']",,,$,35.7764144,-83.542622,+18652869534,37863,4035 Parkway,Pigeon Forge,TN,"[{'@type': 'OpeningHoursSpecification', 'dayOfWeek': ['Monday', 'Tuesday', 'Wednesday', 'Thursday', 'Friday', 'Saturday', 'Sunday'], 'opens': '6:30', 'closes': '21:0'}]","{'@type': 'PostalAddress', 'addressLocality': 'Pigeon Forge', 'addressRegion': 'TN', 'postalCode': '37863', 'addressCountry': 'US', 'streetAddress': '4035 Parkway'}","{'@type': 'GeoCoordinates', 'latitude': 35.7764144, 'longitude': -83.542622}",{}
Ruby Sunshine (Gatlinburg),https://www.ubereats.com/knoxville/food-delivery/ruby-sunshine-gatlinburg/jibMtxtbSvmV98ZvLSfFHA,pigeon-forge-tennessee,"['Breakfast and Brunch', 'American', 'Sandwiches']",,,$,35.71123359999999,-83.518036,+18654129710,37738,105 Reagan Drive,Gatlinburg,TN,"[{'@type': 'OpeningHoursSpecification', 'dayOfWeek': 'Monday', 'opens': '0:0', 'closes': '0:30'}]","{'@type': 'PostalAddress', 'addressLocality': 'Gatlinburg', 'addressRegion': 'TN', 'postalCode': '37738', 'addressCountry': 'US', 'streetAddress': '105 Reagan Drive'}","{'@type': 'GeoCoordinates', 'latitude': 35.71123359999999, 'longitude': -83.518036}",{}
Taco Bell (206 Wears Valley Road),https://www.ubereats.com/knoxville/food-delivery/taco-bell-206-wears-valley-road/DC8EBPIuT86G8Q865VAqRg,pigeon-forge-tennessee,"['Burritos', 'Fast Food', 'Mexican']",,,$,35.8037825,-83.5804502,+18654281740,37863,206 Wears Valley Road,Pigeon Forge,TN,"[{'@type': 'OpeningHoursSpecification', 'dayOfWeek': ['Sunday', 'Monday', 'Tuesday', 'Wednesday', 'Thursday'], 'opens': '9:0', 'closes': '0:30'}, {'@type': 'OpeningHoursSpecification', 'dayOfWeek': ['Sunday', 'Monday', 'Tuesday', 'Wednesday', 'Thursday'], 'opens': '9:0', 'closes': '10:30'}, {'@type': 'OpeningHoursSpecification', 'dayOfWeek': ['Sunday', 'Monday', 'Tuesday', 'Wednesday', 'Thursday'], 'opens': '14:0', 'closes': '17:0'}, {'@type': 'OpeningHoursSpecification', 'dayOfWeek': ['Friday', 'Saturday'], 'opens': '9:0', 'closes': '10:30'}, {'@type': 'OpeningHoursSpecification', 'dayOfWeek': ['Friday', 'Saturday'], 'opens': '14:0', 'closes': '17:0'}, {'@type': 'OpeningHoursSpecification', 'dayOfWeek': ['Friday', 'Saturday'], 'opens': '9:0', 'closes': '2:30'}]","{'@type': 'PostalAddress', 'addressLocality': 'Pigeon Forge', 'addressRegion': 'TN', 'postalCode': '37863', 'addressCountry': 'US', 'streetAddress': '206 Wears Valley Road'}","{'@type': 'GeoCoordinates', 'latitude': 35.8037825, 'longitude': -83.5804502}",{}
Subway (3536 Parkway Ste 8),https://www.ubereats.com/knoxville/food-delivery/subway-3536-parkway-ste-8/joDbf84xReCzkeS2i7jRTg,pigeon-forge-tennessee,"['Fast Food', 'Sandwich', 'American']",,,$,35.7851802,-83.5537543,+18654287700,37863,3536 Parkway Ste 8,Pigeon Forge,TN,"[{'@type': 'OpeningHoursSpecification', 'dayOfWeek': ['Monday', 'Tuesday', 'Wednesday', 'Thursday', 'Friday', 'Saturday', 'Sunday'], 'opens': '9:0', 'closes': '21:30'}]","{'@type': 'PostalAddress', 'addressLocality': 'Pigeon Forge', 'addressRegion': 'TN', 'postalCode': '37863', 'addressCountry': 'US', 'streetAddress': '3536 Parkway Ste 8'}","{'@type': 'GeoCoordinates', 'latitude': 35.7851802, 'longitude': -83.5537543}",{}
Bojangles' Famous Chicken & Biscuits 2020 (912 Dolly Parton Parkway),https://www.ubereats.com/knoxville/food-delivery/bojangles-famous-chicken-%26-biscuits-2020-912-dolly-parton-parkway/iVWrnomES5iYb464rprIlQ,pigeon-forge-tennessee,"['BBQ', 'American', 'Burgers', 'Family Meals']",,,$,35.86495230000001,-83.5450628,+18654294242,37862,912 Dolly Parton Parkway,Sevierville,TN,"[{'@type': 'OpeningHoursSpecification', 'dayOfWeek': 'Sunday', 'opens': '6:30', 'closes': '21:30'}, {'@type': 'OpeningHoursSpecification', 'dayOfWeek': ['Monday', 'Tuesday', 'Wednesday', 'Thursday'], 'opens': '5:30', 'closes': '21:30'}, {'@type': 'OpeningHoursSpecification', 'dayOfWeek': 'Friday', 'opens': '5:30', 'closes': '22:30'}, {'@type': 'OpeningHoursSpecification', 'dayOfWeek': 'Saturday', 'opens': '6:30', 'closes': '22:30'}]","{'@type': 'PostalAddress', 'addressLocality': 'Sevierville', 'addressRegion': 'TN', 'postalCode': '37862', 'addressCountry': 'US', 'streetAddress': '912 Dolly Parton Parkway'}","{'@type': 'GeoCoordinates', 'latitude': 35.86495230000001, 'longitude': -83.5450628}",{}
KFC (3984 Parkway),https://www.ubereats.com/knoxville/food-delivery/kfc-3984-parkway/nu5s4zQzSv-xMviwe7ivVQ,pigeon-forge-tennessee,"['American', 'Fast Food', 'wings']",4.7,10,$,35.7764238,-83.54553519999999,+12815837432,37863,3984 Parkway,Pigeon Forge,TN,"[{'@type': 'OpeningHoursSpecification', 'dayOfWeek': ['Monday', 'Tuesday', 'Wednesday', 'Thursday', 'Friday', 'Saturday', 'Sunday'], 'opens': '10:0', 'closes': '20:30'}]","{'@type': 'PostalAddress', 'addressLocality': 'Pigeon Forge', 'addressRegion': 'TN', 'postalCode': '37863', 'addressCountry': 'US', 'streetAddress': '3984 Parkway'}","{'@type': 'GeoCoordinates', 'latitude': 35.7764238, 'longitude': -83.54553519999999}","{'@type': 'AggregateRating', 'ratingValue': 4.7, 'reviewCount': '10'}"
HoneyBaked Ham (Pigeon Forge),https://www.ubereats.com/knoxville/food-delivery/honeybaked-ham-pigeon-forge/IMuLbQfTSBmeu7IZeAoajA,pigeon-forge-tennessee,"['Burgers', 'American', 'Sandwiches', 'Desserts', 'Family Meals']",,,$,35.8030331,-83.5682114,+18654294267,37863,2740 Teaster Ln Suite 121,Pigeon Forge,TN,"[{'@type': 'OpeningHoursSpecification', 'dayOfWeek': ['Monday', 'Tuesday', 'Wednesday', 'Thursday', 'Friday'], 'opens': '10:0', 'closes': '18:0'}, {'@type': 'OpeningHoursSpecification', 'dayOfWeek': 'Saturday', 'opens': '10:0', 'closes': '17:0'}]","{'@type': 'PostalAddress', 'addressLocality': 'Pigeon Forge', 'addressRegion': 'TN', 'postalCode': '37863', 'addressCountry': 'US', 'streetAddress': '2740 Teaster Ln Suite 121'}","{'@type': 'GeoCoordinates', 'latitude': 35.8030331, 'longitude': -83.5682114}",{}
Chicken Hut,https://www.ubereats.com/knoxville/food-delivery/chicken-hut/OrtxRs4qQsubuj36WyE1LQ,pigeon-forge-tennessee,['American'],,,$$,35.7122669,-83.5160691,+18652779054,37738,716 Parkway,Gatlinburg,TN,"[{'@type': 'OpeningHoursSpecification', 'dayOfWeek': ['Sunday', 'Monday', 'Tuesday', 'Wednesday', 'Thursday'], 'opens': '11:0', 'closes': '21:0'}, {'@type': 'OpeningHoursSpecification', 'dayOfWeek': ['Friday', 'Saturday'], 'opens': '11:0', 'closes': '21:0'}, {'@type': 'OpeningHoursSpecification', 'dayOfWeek': ['Friday', 'Saturday'], 'opens': '12:0', 'closes': '23:0'}]","{'@type': 'PostalAddress', 'addressLocality': 'Gatlinburg', 'addressRegion': 'TN', 'postalCode': '37738', 'addressCountry': 'US', 'streetAddress': '716 Parkway'}","{'@type': 'GeoCoordinates', 'latitude': 35.7122669, 'longitude': -83.5160691}",{}
Stanga's Big Slice,https://www.ubereats.com/knoxville/food-delivery/stangas-big-slice/OcdCVzf2Q7GJ95JRwRU4Aw,pigeon-forge-tennessee,"['Pizza', 'American', 'Italian']",3.7,12,$,35.7124745,-83.51622449999999,+18655485959,37738,715 Parkway Suite 10,Gatlinburg,TN,"[{'@type': 'OpeningHoursSpecification', 'dayOfWeek': ['Sunday', 'Monday', 'Tuesday', 'Wednesday', 'Thursday'], 'opens': '10:0', 'closes': '23:0'}, {'@type': 'OpeningHoursSpecification', 'dayOfWeek': ['Friday', 'Saturday'], 'opens': '10:0', 'closes': '23:59'}]","{'@type': 'PostalAddress', 'addressLocality': 'Gatlinburg', 'addressRegion': 'TN', 'postalCode': '37738', 'addressCountry': 'US', 'streetAddress': '715 Parkway Suite 10'}","{'@type': 'GeoCoordinates', 'latitude': 35.7124745, 'longitude': -83.51622449999999}","{'@type': 'AggregateRating', 'ratingValue': 3.7, 'reviewCount': '12'}"
Firehouse Subs (2726 Parkway),https://www.ubereats.com/knoxville/food-delivery/firehouse-subs-2726-parkway/elYlVweVQDq2TgetPifGig,pigeon-forge-tennessee,"['Sandwich', 'Deli']",,,$,35.8014776,-83.57355659999999,+18653651099,37863,2726 Parkway,Pigeon Forge,TN,"[{'@type': 'OpeningHoursSpecification', 'dayOfWeek': ['Monday', 'Tuesday', 'Wednesday', 'Thursday', 'Friday', 'Saturday', 'Sunday'], 'opens': '10:30', 'closes': '17:15'}]","{'@type': 'PostalAddress', 'addressLocality': 'Pigeon Forge', 'addressRegion': 'TN', 'postalCode': '37863', 'addressCountry': 'US', 'streetAddress': '2726 Parkway'}","{'@type': 'GeoCoordinates', 'latitude': 35.8014776, 'longitude': -83.57355659999999}",{}
Joe's Crab Shack (1605 Parkway),https://www.ubereats.com/knoxville/food-delivery/joes-crab-shack-1605-parkway/Tg4LuotJQzCIN45zUi0S8Q,pigeon-forge-tennessee,['Seafood'],4.5,10,$$,35.8341015,-83.5719027,+18657743023,37862,1605 Parkway,Sevierville,TN,"[{'@type': 'OpeningHoursSpecification', 'dayOfWeek': 'Sunday', 'opens': '12:0', 'closes': '20:0'}, {'@type': 'OpeningHoursSpecification', 'dayOfWeek': ['Tuesday', 'Wednesday', 'Thursday'], 'opens': '12:0', 'closes': '21:0'}, {'@type': 'OpeningHoursSpecification', 'dayOfWeek': ['Friday', 'Saturday'], 'opens': '12:0', 'closes': '22:0'}]","{'@type': 'PostalAddress', 'addressLocality': 'Sevierville', 'addressRegion': 'TN', 'postalCode': '37862', 'addressCountry': 'US', 'streetAddress': '1605 Parkway'}","{'@type': 'GeoCoordinates', 'latitude': 35.8341015, 'longitude': -83.5719027}","{'@type': 'AggregateRating', 'ratingValue': 4.5, 'reviewCount': '10'}"
Applebee's  (207 Collier Drive),https://www.ubereats.com/knoxville/food-delivery/applebees-207-collier-drive/OtmBDM76R52umQvzW1_G4w,pigeon-forge-tennessee,"['American', 'Bar Food', 'BBQ', 'burger', 'Chicken Strips', 'Comfort Food', 'Dinner', 'pasta', 'salad', 'Sandwich', 'Soup', 'Steak', 'Traditional American', 'wings', 'Family Meals']",4.1,37,$$,35.838851,-83.562418,+18659089424,37862,207 Collier Drive,Sevierville,TN,"[{'@type': 'OpeningHoursSpecification', 'dayOfWeek': 'Sunday', 'opens': '11:0', 'closes': '21:0'}, {'@type': 'OpeningHoursSpecification', 'dayOfWeek': ['Monday', 'Tuesday', 'Wednesday', 'Thursday'], 'opens': '11:0', 'closes': '22:0'}, {'@type': 'OpeningHoursSpecification', 'dayOfWeek': ['Friday', 'Saturday'], 'opens': '11:0', 'closes': '23:0'}]","{'@type': 'PostalAddress', 'addressLocality': 'Sevierville', 'addressRegion': 'TN', 'postalCode': '37862', 'addressCountry': 'US', 'streetAddress': '207 Collier Drive'}","{'@type': 'GeoCoordinates', 'latitude': 35.838851, 'longitude': -83.562418}","{'@type': 'AggregateRating', 'ratingValue': 4.1, 'reviewCount': '37'}"
Subway (335 Wears Valley Rd),https://www.ubereats.com/knoxville/food-delivery/subway-335-wears-valley-rd/eCvac377TvCsvYzItdDTIA,pigeon-forge-tennessee,"['Fast Food', 'Sandwich', 'American']",,,$,35.8009015,-83.58467619999999,+18654293077,37863,335 Wears Valley Rd,Pigeon Forge,TN,"[{'@type': 'OpeningHoursSpecification', 'dayOfWeek': ['Monday', 'Tuesday', 'Wednesday', 'Thursday', 'Friday', 'Saturday', 'Sunday'], 'opens': '9:0', 'closes': '22:30'}]","{'@type': 'PostalAddress', 'addressLocality': 'Pigeon Forge', 'addressRegion': 'TN', 'postalCode': '37863', 'addressCountry': 'US', 'streetAddress': '335 Wears Valley Rd'}","{'@type': 'GeoCoordinates', 'latitude': 35.8009015, 'longitude': -83.58467619999999}",{}
Chipotle Mexican Grill (1713 Parkway),https://www.ubereats.com/knoxville/food-delivery/chipotle-mexican-grill-1713-parkway/meb6_zgfTM-DyjPO45PdZw,pigeon-forge-tennessee,"['Healthy', 'Mexican']",4.6,61,$,35.830609,-83.5730237,+18654282249,37862,1713 Parkway,Sevierville,TN,"[{'@type': 'OpeningHoursSpecification', 'dayOfWeek': ['Monday', 'Tuesday', 'Wednesday', 'Thursday', 'Friday', 'Saturday', 'Sunday'], 'opens': '10:45', 'closes': '20:40'}]","{'@type': 'PostalAddress', 'addressLocality': 'Sevierville', 'addressRegion': 'TN', 'postalCode': '37862', 'addressCountry': 'US', 'streetAddress': '1713 Parkway'}","{'@type': 'GeoCoordinates', 'latitude': 35.830609, 'longitude': -83.5730237}","{'@type': 'AggregateRating', 'ratingValue': 4.6, 'reviewCount': '61'}"
Arby's (3652 Parkway),https://www.ubereats.com/knoxville/food-delivery/arbys-3652-parkway/nu9QrhAER6SbgGkEYeQrXw,pigeon-forge-tennessee,"['American', 'Sandwich', 'Fast Food', 'Kids Friendly']",3.8,20,$,35.7823407,-83.5514288,+18654536966,37863,3652 Parkway,Pigeon Forge,TN,"[{'@type': 'OpeningHoursSpecification', 'dayOfWeek': ['Sunday', 'Monday', 'Tuesday', 'Wednesday', 'Thursday'], 'opens': '10:0', 'closes': '22:30'}, {'@type': 'OpeningHoursSpecification', 'dayOfWeek': ['Friday', 'Saturday'], 'opens': '10:0', 'closes': '23:30'}]","{'@type': 'PostalAddress', 'addressLocality': 'Pigeon Forge', 'addressRegion': 'TN', 'postalCode': '37863', 'addressCountry': 'US', 'streetAddress': '3652 Parkway'}","{'@type': 'GeoCoordinates', 'latitude': 35.7823407, 'longitude': -83.5514288}","{'@type': 'AggregateRating', 'ratingValue': 3.8, 'reviewCount': '20'}"
IHOP (3636 Parkway),https://www.ubereats.com/knoxville/food-delivery/ihop-3636-parkway/3pFFcOvJTOu_OJkL-7_iIw,pigeon-forge-tennessee,"['American', 'Breakfast and Brunch', 'burger', 'Comfort Food', 'Dinner', 'Omelette', 'salad', 'Traditional American', 'Family Meals']",4.2,38,$,35.78303339999999,-83.5518486,+18654292335,37863,3636 Parkway,Pigeon Forge,TN,"[{'@type': 'OpeningHoursSpecification', 'dayOfWeek': ['Monday', 'Tuesday', 'Wednesday', 'Thursday', 'Friday', 'Saturday', 'Sunday'], 'opens': '6:0', 'closes': '21:50'}]","{'@type': 'PostalAddress', 'addressLocality': 'Pigeon Forge', 'addressRegion': 'TN', 'postalCode': '37863', 'addressCountry': 'US', 'streetAddress': '3636 Parkway'}","{'@type': 'GeoCoordinates', 'latitude': 35.78303339999999, 'longitude': -83.5518486}","{'@type': 'AggregateRating', 'ratingValue': 4.2, 'reviewCount': '38'}"
Starbucks (Parkway & Wears Valley Road),https://www.ubereats.com/knoxville/food-delivery/starbucks-parkway-%26-wears-valley-road/0LNZPP6QSYSB3cY2N3aErA,pigeon-forge-tennessee,"['Bakery', 'Breakfast and Brunch', 'Cafe', 'Coffee & Tea']",,,$,35.8090256,-83.57729359999999,+18654293124,37863,2491 HIGHWAY 441,Pigeon Forge,TN,"[{'@type': 'OpeningHoursSpecification', 'dayOfWeek': ['Monday', 'Tuesday', 'Wednesday', 'Thursday', 'Friday', 'Saturday', 'Sunday'], 'opens': '6:0', 'closes': '22:30'}]","{'@type': 'PostalAddress', 'addressLocality': 'Pigeon Forge', 'addressRegion': 'TN', 'postalCode': '37863', 'addressCountry': 'US', 'streetAddress': '2491 HIGHWAY 441'}","{'@type': 'GeoCoordinates', 'latitude': 35.8090256, 'longitude': -83.57729359999999}",{}
Burger King (2560 Parkway Blvd.),https://www.ubereats.com/knoxville/food-delivery/burger-king-2560-parkway-blvd/mXXVwi_8Rvumcdp4hiupYQ,pigeon-forge-tennessee,"['American', 'burger', 'Fast Food']",,,$,35.8048851,-83.5771773,+18654532615,37863,2560 Parkway Blvd.,Pigeon Forge,TN,"[{'@type': 'OpeningHoursSpecification', 'dayOfWeek': ['Monday', 'Tuesday', 'Wednesday', 'Thursday', 'Friday', 'Saturday', 'Sunday'], 'opens': '10:30', 'closes': '22:30'}, {'@type': 'OpeningHoursSpecification', 'dayOfWeek': ['Monday', 'Tuesday', 'Wednesday', 'Thursday', 'Friday', 'Saturday', 'Sunday'], 'opens': '6:30', 'closes': '9:59'}]","{'@type': 'PostalAddress', 'addressLocality': 'Pigeon Forge', 'addressRegion': 'TN', 'postalCode': '37863', 'addressCountry': 'US', 'streetAddress': '2560 Parkway Blvd.'}","{'@type': 'GeoCoordinates', 'latitude': 35.8048851, 'longitude': -83.5771773}",{}
Subway (2586 Parkway),https://www.ubereats.com/knoxville/food-delivery/subway-2586-parkway/alDUwng1TWa9Py25320W9w,pigeon-forge-tennessee,"['Fast Food', 'Sandwich', 'American']",,,$,35.8037489,-83.57666689999999,+18654292709,37863,2586 Parkway,Pigeon Forge,TN,"[{'@type': 'OpeningHoursSpecification', 'dayOfWeek': 'Sunday', 'opens': '9:0', 'closes': '22:30'}, {'@type': 'OpeningHoursSpecification', 'dayOfWeek': ['Monday', 'Tuesday', 'Wednesday', 'Thursday', 'Friday'], 'opens': '8:30', 'closes': '22:30'}, {'@type': 'OpeningHoursSpecification', 'dayOfWeek': 'Saturday', 'opens': '9:0', 'closes': '22:30'}]","{'@type': 'PostalAddress', 'addressLocality': 'Pigeon Forge', 'addressRegion': 'TN', 'postalCode': '37863', 'addressCountry': 'US', 'streetAddress': '2586 Parkway'}","{'@type': 'GeoCoordinates', 'latitude': 35.8037489, 'longitude': -83.57666689999999}",{}
Burger King (1231 Dolly Parton Pkwy),https://www.ubereats.com/knoxville/food-delivery/burger-king-1231-dolly-parton-pkwy/QfJT0_rPTwWEbzFf9McICA,pigeon-forge-tennessee,"['American', 'burger', 'Fast Food']",,,$,35.8632486,-83.5271346,+18654291514,37862,1231 Dolly Parton Pkwy,Sevierville,TN,"[{'@type': 'OpeningHoursSpecification', 'dayOfWeek': 'Sunday', 'opens': '10:30', 'closes': '22:30'}, {'@type': 'OpeningHoursSpecification', 'dayOfWeek': 'Sunday', 'opens': '7:30', 'closes': '9:59'}, {'@type': 'OpeningHoursSpecification', 'dayOfWeek': ['Monday', 'Tuesday', 'Wednesday', 'Thursday', 'Friday', 'Saturday'], 'opens': '10:30', 'closes': '22:30'}, {'@type': 'OpeningHoursSpecification', 'dayOfWeek': ['Monday', 'Tuesday', 'Wednesday', 'Thursday', 'Friday', 'Saturday'], 'opens': '6:30', 'closes': '9:59'}]","{'@type': 'PostalAddress', 'addressLocality': 'Sevierville', 'addressRegion': 'TN', 'postalCode': '37862', 'addressCountry': 'US', 'streetAddress': '1231 Dolly Parton Pkwy'}","{'@type': 'GeoCoordinates', 'latitude': 35.8632486, 'longitude': -83.5271346}",{}
Wendy's  (123 FORKS OF THE RIVER PKWY),https://www.ubereats.com/knoxville/food-delivery/wendys-123-forks-of-the-river-pkwy/IytEuY3BQSKv8Yrv0QuXyA,pigeon-forge-tennessee,"['American', 'Burgers', 'Fast Food']",,,$,35.8686918,-83.5682125,+18654531526,37862,123 FORKS OF THE RIVER PKWY,SEVIERVILLE,TN,"[{'@type': 'OpeningHoursSpecification', 'dayOfWeek': ['Monday', 'Tuesday', 'Wednesday', 'Thursday', 'Friday', 'Saturday', 'Sunday'], 'opens': '10:30', 'closes': '0:30'}, {'@type': 'OpeningHoursSpecification', 'dayOfWeek': ['Monday', 'Tuesday', 'Wednesday', 'Thursday', 'Friday', 'Saturday', 'Sunday'], 'opens': '6:30', 'closes': '10:0'}]","{'@type': 'PostalAddress', 'addressLocality': 'SEVIERVILLE', 'addressRegion': 'TN', 'postalCode': '37862', 'addressCountry': 'US', 'streetAddress': '123 FORKS OF THE RIVER PKWY'}","{'@type': 'GeoCoordinates', 'latitude': 35.8686918, 'longitude': -83.5682125}",{}
Cracker Barrel Old Country Store (3960 Parkway),https://www.ubereats.com/knoxville/food-delivery/cracker-barrel-old-country-store-3960-parkway/om1qGbLhRc-REmh_1Kuh0g,pigeon-forge-tennessee,"['Burgers', 'American', 'Sandwiches', 'Fast Food', 'Family Meals']",4.3,54,$,35.7767585,-83.54660989999999,+18654284613,37863,3960 Parkway,Pigeon Forge,TN,"[{'@type': 'OpeningHoursSpecification', 'dayOfWeek': ['Sunday', 'Monday', 'Tuesday', 'Wednesday', 'Thursday'], 'opens': '7:30', 'closes': '20:0'}, {'@type': 'OpeningHoursSpecification', 'dayOfWeek': ['Sunday', 'Monday', 'Tuesday', 'Wednesday', 'Thursday'], 'opens': '10:30', 'closes': '20:0'}, {'@type': 'OpeningHoursSpecification', 'dayOfWeek': ['Friday', 'Saturday'], 'opens': '7:30', 'closes': '21:0'}, {'@type': 'OpeningHoursSpecification', 'dayOfWeek': ['Friday', 'Saturday'], 'opens': '10:30', 'closes': '21:0'}]","{'@type': 'PostalAddress', 'addressLocality': 'Pigeon Forge', 'addressRegion': 'TN', 'postalCode': '37863', 'addressCountry': 'US', 'streetAddress': '3960 Parkway'}","{'@type': 'GeoCoordinates', 'latitude': 35.7767585, 'longitude': -83.54660989999999}","{'@type': 'AggregateRating', 'ratingValue': 4.3, 'reviewCount': '54'}"
El sonador mexican restaurants,https://www.ubereats.com/knoxville/food-delivery/el-sonador-mexican-restaurants/Ay0s_csJRyGdlxJKjmKM4A,pigeon-forge-tennessee,"['Mexican', 'Latin American', 'New Mexican']",4.0,46,$,35.71496,-83.5103106,+18652278618,37738,458 Parkway 9,Gatlinburg,TN,"[{'@type': 'OpeningHoursSpecification', 'dayOfWeek': ['Monday', 'Tuesday', 'Wednesday', 'Thursday', 'Friday', 'Saturday', 'Sunday'], 'opens': '11:0', 'closes': '19:0'}]","{'@type': 'PostalAddress', 'addressLocality': 'Gatlinburg', 'addressRegion': 'TN', 'postalCode': '37738', 'addressCountry': 'US', 'streetAddress': '458 Parkway 9'}","{'@type': 'GeoCoordinates', 'latitude': 35.71496, 'longitude': -83.5103106}","{'@type': 'AggregateRating', 'ratingValue': 4, 'reviewCount': '46'}"
Cracker Barrel Old Country Store (690 Winfield Dunn Pkwy),https://www.ubereats.com/knoxville/food-delivery/cracker-barrel-old-country-store-690-winfield-dunn-pkwy/B398OXk3QViokQfuN89njw,pigeon-forge-tennessee,"['Burgers', 'American', 'Sandwiches', 'Family Meals']",4.2,16,$,35.8798445,-83.57320589999999,+18659083202,37876,690 Winfield Dunn Pkwy,Sevierville,TN,"[{'@type': 'OpeningHoursSpecification', 'dayOfWeek': ['Sunday', 'Monday', 'Tuesday', 'Wednesday', 'Thursday'], 'opens': '7:30', 'closes': '20:0'}, {'@type': 'OpeningHoursSpecification', 'dayOfWeek': ['Sunday', 'Monday', 'Tuesday', 'Wednesday', 'Thursday'], 'opens': '10:30', 'closes': '20:0'}, {'@type': 'OpeningHoursSpecification', 'dayOfWeek': ['Friday', 'Saturday'], 'opens': '7:30', 'closes': '21:0'}, {'@type': 'OpeningHoursSpecification', 'dayOfWeek': ['Friday', 'Saturday'], 'opens': '10:30', 'closes': '21:0'}]","{'@type': 'PostalAddress', 'addressLocality': 'Sevierville', 'addressRegion': 'TN', 'postalCode': '37876', 'addressCountry': 'US', 'streetAddress': '690 Winfield Dunn Pkwy'}","{'@type': 'GeoCoordinates', 'latitude': 35.8798445, 'longitude': -83.57320589999999}","{'@type': 'AggregateRating', 'ratingValue': 4.2, 'reviewCount': '16'}"
Casual Pint,https://www.ubereats.com/knoxville/food-delivery/casual-pint/Pnli9fY2TKOq1-HcY9qZHg,pigeon-forge-tennessee,"['Comfort Food', 'American', 'Burgers']",4.3,22,$,35.7974953,-83.5656587,+18654282526,37863,2905 Parkway,Pigeon Forge,TN,"[{'@type': 'OpeningHoursSpecification', 'dayOfWeek': ['Monday', 'Tuesday', 'Wednesday', 'Thursday', 'Friday', 'Saturday', 'Sunday'], 'opens': '11:0', 'closes': '22:30'}]","{'@type': 'PostalAddress', 'addressLocality': 'Pigeon Forge', 'addressRegion': 'TN', 'postalCode': '37863', 'addressCountry': 'US', 'streetAddress': '2905 Parkway'}","{'@type': 'GeoCoordinates', 'latitude': 35.7974953, 'longitude': -83.5656587}","{'@type': 'AggregateRating', 'ratingValue': 4.3, 'reviewCount': '22'}"
Mama's Chicken Kitchen (Gatlinburg),https://www.ubereats.com/knoxville/food-delivery/mamas-chicken-kitchen-gatlinburg/Av_iIhDGSYGxyeYC2oK5zQ,pigeon-forge-tennessee,"['Comfort Food', 'American', 'Wings']",,,$,35.7259376,-83.4780036,+18654121797,37738,1244 East Parkway,Gatlinburg,TN,"[{'@type': 'OpeningHoursSpecification', 'dayOfWeek': ['Monday', 'Tuesday', 'Wednesday', 'Thursday', 'Friday', 'Saturday', 'Sunday'], 'opens': '11:0', 'closes': '20:0'}]","{'@type': 'PostalAddress', 'addressLocality': 'Gatlinburg', 'addressRegion': 'TN', 'postalCode': '37738', 'addressCountry': 'US', 'streetAddress': '1244 East Parkway'}","{'@type': 'GeoCoordinates', 'latitude': 35.7259376, 'longitude': -83.4780036}",{}
Denny's (3716 Parkway),https://www.ubereats.com/knoxville/food-delivery/dennys-3716-parkway/ZGq3xCorRtqCkeW11qeOxA,pigeon-forge-tennessee,"['American', 'Breakfast and Brunch', 'Coffee and Tea', 'Dinner', 'Desserts', 'Salads', 'Steak', 'Sandwich', 'Family Meals']",3.9,47,$$,35.7808768,-83.5499498,+18657745047,37863,3716 Parkway,Pigeon Forge,TN,"[{'@type': 'OpeningHoursSpecification', 'dayOfWeek': ['Monday', 'Tuesday', 'Wednesday', 'Thursday', 'Friday', 'Saturday', 'Sunday'], 'opens': '4:0', 'closes': '22:0'}]","{'@type': 'PostalAddress', 'addressLocality': 'Pigeon Forge', 'addressRegion': 'TN', 'postalCode': '37863', 'addressCountry': 'US', 'streetAddress': '3716 Parkway'}","{'@type': 'GeoCoordinates', 'latitude': 35.7808768, 'longitude': -83.5499498}","{'@type': 'AggregateRating', 'ratingValue': 3.9, 'reviewCount': '47'}"
Buffalo Wild Wings (1430 Hurley Dr),https://www.ubereats.com/knoxville/food-delivery/buffalo-wild-wings-1430-hurley-dr/d0uHJnLDTkqwE48nKcIqZg,pigeon-forge-tennessee,['wings'],3.6,43,$$,35.838712,-83.56750339999999,+18652862999,37862,1430 Hurley Dr,Sevierville,TN,"[{'@type': 'OpeningHoursSpecification', 'dayOfWeek': ['Monday', 'Tuesday', 'Wednesday', 'Thursday', 'Friday', 'Saturday', 'Sunday'], 'opens': '11:0', 'closes': '21:0'}]","{'@type': 'PostalAddress', 'addressLocality': 'Sevierville', 'addressRegion': 'TN', 'postalCode': '37862', 'addressCountry': 'US', 'streetAddress': '1430 Hurley Dr'}","{'@type': 'GeoCoordinates', 'latitude': 35.838712, 'longitude': -83.56750339999999}","{'@type': 'AggregateRating', 'ratingValue': 3.6, 'reviewCount': '43'}"
"Burger King (Burger King, 2550 Veterans Blvd.)",https://www.ubereats.com/knoxville/food-delivery/burger-king-burger-king-2550-veterans-blvd/L9k75PGYSwajQu29mqCP3w,pigeon-forge-tennessee,"['American', 'burger', 'Fast Food']",,,$,35.811746,-83.5377721,+18654464614,37863,Burger King 2550 Veterans Blvd.,Pigeon Forge,TN,"[{'@type': 'OpeningHoursSpecification', 'dayOfWeek': 'Sunday', 'opens': '10:30', 'closes': '21:30'}, {'@type': 'OpeningHoursSpecification', 'dayOfWeek': 'Sunday', 'opens': '7:30', 'closes': '9:59'}, {'@type': 'OpeningHoursSpecification', 'dayOfWeek': ['Monday', 'Tuesday', 'Wednesday', 'Thursday', 'Friday', 'Saturday'], 'opens': '10:30', 'closes': '21:30'}, {'@type': 'OpeningHoursSpecification', 'dayOfWeek': ['Monday', 'Tuesday', 'Wednesday', 'Thursday', 'Friday', 'Saturday'], 'opens': '6:30', 'closes': '9:59'}]","{'@type': 'PostalAddress', 'addressLocality': 'Pigeon Forge', 'addressRegion': 'TN', 'postalCode': '37863', 'addressCountry': 'US', 'streetAddress': 'Burger King 2550 Veterans Blvd.'}","{'@type': 'GeoCoordinates', 'latitude': 35.811746, 'longitude': -83.5377721}",{}
Subway (2540 Veterans Blvd),https://www.ubereats.com/knoxville/food-delivery/subway-2540-veterans-blvd/Qt7LMqUERZaAEUYVppI9kg,pigeon-forge-tennessee,"['Fast Food', 'Sandwich', 'American']",,,$,35.812608,-83.5381893,+18654440591,37863,2540 Veterans Blvd,Pigeon Forge,TN,"[{'@type': 'OpeningHoursSpecification', 'dayOfWeek': ['Monday', 'Tuesday', 'Wednesday', 'Thursday', 'Friday', 'Saturday', 'Sunday'], 'opens': '8:0', 'closes': '22:30'}]","{'@type': 'PostalAddress', 'addressLocality': 'Pigeon Forge', 'addressRegion': 'TN', 'postalCode': '37863', 'addressCountry': 'US', 'streetAddress': '2540 Veterans Blvd'}","{'@type': 'GeoCoordinates', 'latitude': 35.812608, 'longitude': -83.5381893}",{}
The local,https://www.ubereats.com/knoxville/food-delivery/the-local/i9xQL0xfQgC2tEZV4sD2dQ,pigeon-forge-tennessee,"['American', 'Vegetarian', 'Healthy', 'Deli']",,,$,35.8728541,-83.5764241,+12317584127,37862,504 W Main St,Knoxville,TN,"[{'@type': 'OpeningHoursSpecification', 'dayOfWeek': ['Monday', 'Tuesday', 'Wednesday', 'Thursday', 'Friday', 'Saturday', 'Sunday'], 'opens': '10:30', 'closes': '21:0'}]","{'@type': 'PostalAddress', 'addressLocality': 'Knoxville', 'addressRegion': 'TN', 'postalCode': '37862', 'addressCountry': 'US', 'streetAddress': '504 W Main St'}","{'@type': 'GeoCoordinates', 'latitude': 35.8728541, 'longitude': -83.5764241}",{}
Firehouse Subs (209 Middle Creek Rd.),https://www.ubereats.com/knoxville/food-delivery/firehouse-subs-209-middle-creek-rd/5PxzhlNdTYaKBdfu4HVBNA,pigeon-forge-tennessee,"['Sandwich', 'Deli']",4.8,44,$,35.8634707,-83.54703429999999,+18653651173,37862,209 Middle Creek Rd.,Sevierville,TN,"[{'@type': 'OpeningHoursSpecification', 'dayOfWeek': ['Sunday', 'Monday', 'Tuesday', 'Wednesday', 'Thursday'], 'opens': '10:30', 'closes': '19:30'}, {'@type': 'OpeningHoursSpecification', 'dayOfWeek': ['Friday', 'Saturday'], 'opens': '10:30', 'closes': '20:30'}]","{'@type': 'PostalAddress', 'addressLocality': 'Sevierville', 'addressRegion': 'TN', 'postalCode': '37862', 'addressCountry': 'US', 'streetAddress': '209 Middle Creek Rd.'}","{'@type': 'GeoCoordinates', 'latitude': 35.8634707, 'longitude': -83.54703429999999}","{'@type': 'AggregateRating', 'ratingValue': 4.8, 'reviewCount': '44'}"
"Marcos Pizza (2656 Parkway, Suite 1,)",https://www.ubereats.com/knoxville/food-delivery/marcos-pizza-2656-parkway-suite-1/x26y7ws9TmqZ8FpMw87C2g,pigeon-forge-tennessee,['Pizza'],4.5,62,$,35.8025271,-83.57643209999999,+18652776361,37863,"2656 Parkway, Suite 1",Pigeon Forge,TN,"[{'@type': 'OpeningHoursSpecification', 'dayOfWeek': ['Sunday', 'Monday', 'Tuesday', 'Wednesday', 'Thursday'], 'opens': '11:0', 'closes': '22:0'}, {'@type': 'OpeningHoursSpecification', 'dayOfWeek': ['Friday', 'Saturday'], 'opens': '11:0', 'closes': '23:0'}]","{'@type': 'PostalAddress', 'addressLocality': 'Pigeon Forge', 'addressRegion': 'TN', 'postalCode': '37863', 'addressCountry': 'US', 'streetAddress': '2656 Parkway, Suite 1'}","{'@type': 'GeoCoordinates', 'latitude': 35.8025271, 'longitude': -83.57643209999999}","{'@type': 'AggregateRating', 'ratingValue': 4.5, 'reviewCount': '62'}"
Taco Bell (3310 Parkway),https://www.ubereats.com/knoxville/food-delivery/taco-bell-3310-parkway/ii8ozkVQQeWXRsEoMI_Tjw,pigeon-forge-tennessee,"['Burritos', 'Fast Food', 'Mexican']",4.1,34,$,35.78929490000001,-83.5575853,+18659081193,37863,3310 Parkway,Pigeon Forge,TN,"[{'@type': 'OpeningHoursSpecification', 'dayOfWeek': ['Sunday', 'Monday', 'Tuesday', 'Wednesday', 'Thursday'], 'opens': '14:0', 'closes': '17:0'}, {'@type': 'OpeningHoursSpecification', 'dayOfWeek': ['Sunday', 'Monday', 'Tuesday', 'Wednesday', 'Thursday'], 'opens': '7:0', 'closes': '23:30'}, {'@type': 'OpeningHoursSpecification', 'dayOfWeek': ['Sunday', 'Monday', 'Tuesday', 'Wednesday', 'Thursday'], 'opens': '7:0', 'closes': '10:30'}, {'@type': 'OpeningHoursSpecification', 'dayOfWeek': ['Friday', 'Saturday'], 'opens': '14:0', 'closes': '17:0'}, {'@type': 'OpeningHoursSpecification', 'dayOfWeek': ['Friday', 'Saturday'], 'opens': '7:0', 'closes': '10:30'}, {'@type': 'OpeningHoursSpecification', 'dayOfWeek': ['Friday', 'Saturday'], 'opens': '7:0', 'closes': '2:30'}]","{'@type': 'PostalAddress', 'addressLocality': 'Pigeon Forge', 'addressRegion': 'TN', 'postalCode': '37863', 'addressCountry': 'US', 'streetAddress': '3310 Parkway'}","{'@type': 'GeoCoordinates', 'latitude': 35.78929490000001, 'longitude': -83.5575853}","{'@type': 'AggregateRating', 'ratingValue': 4.1, 'reviewCount': '34'}"
Popeyes (2616 Parkway),https://www.ubereats.com/knoxville/food-delivery/popeyes-2616-parkway/KHEXih17QP6iNr0T3yqpFQ,pigeon-forge-tennessee,"['American', 'Fast Food', 'Comfort Food', 'Family Meals']",,,$,35.803652,-83.5760193,+18653654699,37863,2616 Parkway,Pigeon Forge,TN,"[{'@type': 'OpeningHoursSpecification', 'dayOfWeek': ['Sunday', 'Monday', 'Tuesday', 'Wednesday', 'Thursday'], 'opens': '10:30', 'closes': '21:30'}, {'@type': 'OpeningHoursSpecification', 'dayOfWeek': ['Friday', 'Saturday'], 'opens': '10:30', 'closes': '22:30'}]","{'@type': 'PostalAddress', 'addressLocality': 'Pigeon Forge', 'addressRegion': 'TN', 'postalCode': '37863', 'addressCountry': 'US', 'streetAddress': '2616 Parkway'}","{'@type': 'GeoCoordinates', 'latitude': 35.803652, 'longitude': -83.5760193}",{}
Cracker Barrel Old Country Store (2285 Parkway),https://www.ubereats.com/knoxville/food-delivery/cracker-barrel-old-country-store-2285-parkway/UTSOYoUySQSGY3FZT9D2qQ,pigeon-forge-tennessee,"['Burgers', 'American', 'Sandwiches', 'Family Meals']",4.7,21,$,35.8148808,-83.5768722,+18659084459,37863,2285 Parkway,Pigeon Forge,TN,"[{'@type': 'OpeningHoursSpecification', 'dayOfWeek': ['Sunday', 'Monday', 'Tuesday', 'Wednesday', 'Thursday'], 'opens': '7:30', 'closes': '20:0'}, {'@type': 'OpeningHoursSpecification', 'dayOfWeek': ['Sunday', 'Monday', 'Tuesday', 'Wednesday', 'Thursday'], 'opens': '10:30', 'closes': '20:0'}, {'@type': 'OpeningHoursSpecification', 'dayOfWeek': ['Friday', 'Saturday'], 'opens': '7:30', 'closes': '21:0'}, {'@type': 'OpeningHoursSpecification', 'dayOfWeek': ['Friday', 'Saturday'], 'opens': '10:30', 'closes': '21:0'}]","{'@type': 'PostalAddress', 'addressLocality': 'Pigeon Forge', 'addressRegion': 'TN', 'postalCode': '37863', 'addressCountry': 'US', 'streetAddress': '2285 Parkway'}","{'@type': 'GeoCoordinates', 'latitude': 35.8148808, 'longitude': -83.5768722}","{'@type': 'AggregateRating', 'ratingValue': 4.7, 'reviewCount': '21'}"
Dulce Nitrogen - Ice Cream & Bubble Tea,https://www.ubereats.com/knoxville/food-delivery/dulce-nitrogen-ice-cream-%26-bubble-tea/P62WSx1MREO8nAm00gRKfg,pigeon-forge-tennessee,"['Asian', 'Desserts', 'Juice and Smoothies']",,,$,35.8025271,-83.57643209999999,+18653663399,37863,2656 Parkway,Pigeon Forge,TN,"[{'@type': 'OpeningHoursSpecification', 'dayOfWeek': ['Monday', 'Tuesday', 'Wednesday', 'Thursday', 'Friday', 'Saturday', 'Sunday'], 'opens': '14:0', 'closes': '21:0'}]","{'@type': 'PostalAddress', 'addressLocality': 'Pigeon Forge', 'addressRegion': 'TN', 'postalCode': '37863', 'addressCountry': 'US', 'streetAddress': '2656 Parkway'}","{'@type': 'GeoCoordinates', 'latitude': 35.8025271, 'longitude': -83.57643209999999}",{}
McDonald's (1831 PARKWAY),https://www.ubereats.com/knoxville/food-delivery/mcdonalds-1831-parkway/InJVnE4cT2uEC-hZCZCbOQ,pigeon-forge-tennessee,"['American', 'Burgers', 'Fast Food', 'Fast Food']",,,$,35.827823,-83.574519,+18659086222,37862,1831 PARKWAY,SEVIERVILLE,TN,"[{'@type': 'OpeningHoursSpecification', 'dayOfWeek': 'Sunday', 'opens': '5:30', 'closes': '10:59'}, {'@type': 'OpeningHoursSpecification', 'dayOfWeek': 'Sunday', 'opens': '11:0', 'closes': '16:59'}, {'@type': 'OpeningHoursSpecification', 'dayOfWeek': 'Sunday', 'opens': '17:0', 'closes': '22:45'}, {'@type': 'OpeningHoursSpecification', 'dayOfWeek': ['Monday', 'Tuesday', 'Wednesday', 'Thursday'], 'opens': '5:30', 'closes': '10:29'}, {'@type': 'OpeningHoursSpecification', 'dayOfWeek': ['Monday', 'Tuesday', 'Wednesday', 'Thursday'], 'opens': '10:30', 'closes': '16:59'}, {'@type': 'OpeningHoursSpecification', 'dayOfWeek': ['Monday', 'Tuesday', 'Wednesday', 'Thursday'], 'opens': '17:0', 'closes': '22:45'}, {'@type': 'OpeningHoursSpecification', 'dayOfWeek': 'Friday', 'opens': '5:30', 'closes': '10:29'}, {'@type': 'OpeningHoursSpecification', 'dayOfWeek': 'Friday', 'opens': '10:30', 'closes': '16:59'}, {'@type': 'OpeningHoursSpecification', 'dayOfWeek': 'Friday', 'opens': '17:0', 'closes': '23:45'}, {'@type': 'OpeningHoursSpecification', 'dayOfWeek': 'Saturday', 'opens': '5:30', 'closes': '10:59'}, {'@type': 'OpeningHoursSpecification', 'dayOfWeek': 'Saturday', 'opens': '11:0', 'closes': '16:59'}, {'@type': 'OpeningHoursSpecification', 'dayOfWeek': 'Saturday', 'opens': '17:0', 'closes': '23:45'}]","{'@type': 'PostalAddress', 'addressLocality': 'SEVIERVILLE', 'addressRegion': 'TN', 'postalCode': '37862', 'addressCountry': 'US', 'streetAddress': '1831 PARKWAY'}","{'@type': 'GeoCoordinates', 'latitude': 35.827823, 'longitude': -83.574519}",{}
IHOP (1802 Parkway),https://www.ubereats.com/knoxville/food-delivery/ihop-1802-parkway/RhP2H7jgT52AJY5A88_PyQ,pigeon-forge-tennessee,"['American', 'Breakfast and Brunch', 'burger', 'Comfort Food', 'Dinner', 'Omelette', 'salad', 'Traditional American', 'Family Meals']",4.0,20,$,35.8291874,-83.574712,+18654293925,37862,1802 Parkway,Sevierville,TN,"[{'@type': 'OpeningHoursSpecification', 'dayOfWeek': ['Monday', 'Tuesday', 'Wednesday', 'Thursday', 'Friday', 'Saturday', 'Sunday'], 'opens': '6:0', 'closes': '21:50'}]","{'@type': 'PostalAddress', 'addressLocality': 'Sevierville', 'addressRegion': 'TN', 'postalCode': '37862', 'addressCountry': 'US', 'streetAddress': '1802 Parkway'}","{'@type': 'GeoCoordinates', 'latitude': 35.8291874, 'longitude': -83.574712}","{'@type': 'AggregateRating', 'ratingValue': 4, 'reviewCount': '20'}"
Wendy's  (3644 PARKWAY),https://www.ubereats.com/knoxville/food-delivery/wendys-3644-parkway/J8kQYLklSHyZp_bQiBXg-w,pigeon-forge-tennessee,"['American', 'Burgers', 'Fast Food']",4.2,10,$,35.7826677,-83.5516064,+18654530149,37863,3644 PARKWAY,PIGEON FORGE,TN,"[{'@type': 'OpeningHoursSpecification', 'dayOfWeek': ['Monday', 'Tuesday', 'Wednesday', 'Thursday', 'Friday', 'Saturday', 'Sunday'], 'opens': '10:30', 'closes': '21:30'}, {'@type': 'OpeningHoursSpecification', 'dayOfWeek': ['Monday', 'Tuesday', 'Wednesday', 'Thursday', 'Friday', 'Saturday', 'Sunday'], 'opens': '6:30', 'closes': '10:0'}]","{'@type': 'PostalAddress', 'addressLocality': 'PIGEON FORGE', 'addressRegion': 'TN', 'postalCode': '37863', 'addressCountry': 'US', 'streetAddress': '3644 PARKWAY'}","{'@type': 'GeoCoordinates', 'latitude': 35.7826677, 'longitude': -83.5516064}","{'@type': 'AggregateRating', 'ratingValue': 4.2, 'reviewCount': '10'}"
McDonald's (3570 PARKWAY),https://www.ubereats.com/knoxville/food-delivery/mcdonalds-3570-parkway/fOrBHLr_Tm-Y3Ynkz2sOKA,pigeon-forge-tennessee,"['American', 'Burgers', 'Fast Food']",3.6,19,$,35.784375,-83.553344,+18654539351,37863,3570 PARKWAY,PIGEON FORGE,TN,"[{'@type': 'OpeningHoursSpecification', 'dayOfWeek': 'Sunday', 'opens': '5:30', 'closes': '10:59'}, {'@type': 'OpeningHoursSpecification', 'dayOfWeek': 'Sunday', 'opens': '11:0', 'closes': '16:59'}, {'@type': 'OpeningHoursSpecification', 'dayOfWeek': 'Sunday', 'opens': '17:0', 'closes': '22:45'}, {'@type': 'OpeningHoursSpecification', 'dayOfWeek': ['Monday', 'Tuesday', 'Wednesday', 'Thursday'], 'opens': '5:30', 'closes': '10:29'}, {'@type': 'OpeningHoursSpecification', 'dayOfWeek': ['Monday', 'Tuesday', 'Wednesday', 'Thursday'], 'opens': '10:30', 'closes': '16:59'}, {'@type': 'OpeningHoursSpecification', 'dayOfWeek': ['Monday', 'Tuesday', 'Wednesday', 'Thursday'], 'opens': '17:0', 'closes': '22:45'}, {'@type': 'OpeningHoursSpecification', 'dayOfWeek': 'Friday', 'opens': '5:30', 'closes': '10:29'}, {'@type': 'OpeningHoursSpecification', 'dayOfWeek': 'Friday', 'opens': '10:30', 'closes': '16:59'}, {'@type': 'OpeningHoursSpecification', 'dayOfWeek': 'Friday', 'opens': '17:0', 'closes': '23:45'}, {'@type': 'OpeningHoursSpecification', 'dayOfWeek': 'Saturday', 'opens': '5:30', 'closes': '10:59'}, {'@type': 'OpeningHoursSpecification', 'dayOfWeek': 'Saturday', 'opens': '11:0', 'closes': '16:59'}, {'@type': 'OpeningHoursSpecification', 'dayOfWeek': 'Saturday', 'opens': '17:0', 'closes': '23:45'}]","{'@type': 'PostalAddress', 'addressLocality': 'PIGEON FORGE', 'addressRegion': 'TN', 'postalCode': '37863', 'addressCountry': 'US', 'streetAddress': '3570 PARKWAY'}","{'@type': 'GeoCoordinates', 'latitude': 35.784375, 'longitude': -83.553344}","{'@type': 'AggregateRating', 'ratingValue': 3.6, 'reviewCount': '19'}"
Quaker Steak & Lube (1431 Parkway),https://www.ubereats.com/knoxville/food-delivery/quaker-steak-%26-lube-1431-parkway/DWhvZoKIQ6STU_c_fSsuEw,pigeon-forge-tennessee,"['Wings', 'Burgers', 'Sandwich', 'Salads']",4.2,30,$,35.8387869,-83.57004859999999,+18658684972,37862,1431 Parkway,Sevierville,TN,"[{'@type': 'OpeningHoursSpecification', 'dayOfWeek': 'Sunday', 'opens': '0:0', 'closes': '20:30'}, {'@type': 'OpeningHoursSpecification', 'dayOfWeek': ['Monday', 'Tuesday', 'Wednesday', 'Thursday', 'Friday'], 'opens': '0:0', 'closes': '20:30'}, {'@type': 'OpeningHoursSpecification', 'dayOfWeek': ['Monday', 'Tuesday', 'Wednesday', 'Thursday', 'Friday'], 'opens': '11:0', 'closes': '16:0'}, {'@type': 'OpeningHoursSpecification', 'dayOfWeek': 'Saturday', 'opens': '0:0', 'closes': '20:30'}]","{'@type': 'PostalAddress', 'addressLocality': 'Sevierville', 'addressRegion': 'TN', 'postalCode': '37862', 'addressCountry': 'US', 'streetAddress': '1431 Parkway'}","{'@type': 'GeoCoordinates', 'latitude': 35.8387869, 'longitude': -83.57004859999999}","{'@type': 'AggregateRating', 'ratingValue': 4.2, 'reviewCount': '30'}"
"TGI Friday's (2038 - PIGEON FORGE #2, TN)",https://www.ubereats.com/knoxville/food-delivery/tgi-fridays-2038-pigeon-forge-%232-tn/K8GdSO1lTcSJPNLp67_3vg,pigeon-forge-tennessee,"['Burgers', 'Bar Food', 'Comfort Food', 'Family Meals']",3.9,44,$$,35.7998601,-83.57140989999999,+18654531750,37863,2794 Parkway,Pigeon Forge,TN,"[{'@type': 'OpeningHoursSpecification', 'dayOfWeek': ['Sunday', 'Monday', 'Tuesday', 'Wednesday', 'Thursday'], 'opens': '12:0', 'closes': '21:0'}, {'@type': 'OpeningHoursSpecification', 'dayOfWeek': ['Friday', 'Saturday'], 'opens': '12:0', 'closes': '22:0'}]","{'@type': 'PostalAddress', 'addressLocality': 'Pigeon Forge', 'addressRegion': 'TN', 'postalCode': '37863', 'addressCountry': 'US', 'streetAddress': '2794 Parkway'}","{'@type': 'GeoCoordinates', 'latitude': 35.7998601, 'longitude': -83.57140989999999}","{'@type': 'AggregateRating', 'ratingValue': 3.9, 'reviewCount': '44'}"
Wendy's  (1836 PARKWAY),https://www.ubereats.com/knoxville/food-delivery/wendys-1836-parkway/VBdIzL_1SjO6dalbwB-okQ,pigeon-forge-tennessee,"['American', 'Burgers', 'Fast Food']",,,$,35.8285111,-83.5749744,+18659087084,37862,1836 PARKWAY,SEVIERVILLE,TN,"[{'@type': 'OpeningHoursSpecification', 'dayOfWeek': ['Monday', 'Tuesday', 'Wednesday', 'Thursday', 'Friday', 'Saturday', 'Sunday'], 'opens': '10:30', 'closes': '21:30'}, {'@type': 'OpeningHoursSpecification', 'dayOfWeek': ['Monday', 'Tuesday', 'Wednesday', 'Thursday', 'Friday', 'Saturday', 'Sunday'], 'opens': '6:30', 'closes': '10:0'}]","{'@type': 'PostalAddress', 'addressLocality': 'SEVIERVILLE', 'addressRegion': 'TN', 'postalCode': '37862', 'addressCountry': 'US', 'streetAddress': '1836 PARKWAY'}","{'@type': 'GeoCoordinates', 'latitude': 35.8285111, 'longitude': -83.5749744}",{}
McDonald's (540 WEARS VALLEY ROAD),https://www.ubereats.com/knoxville/food-delivery/mcdonalds-540-wears-valley-road/yv6KsDxiTWWffzmqV1aQMg,pigeon-forge-tennessee,"['American', 'Burgers', 'Fast Food', 'Fast Food']",4.1,18,$,35.798639,-83.588379,+18657748997,37863,540 WEARS VALLEY ROAD,PIGEON FORGE,TN,"[{'@type': 'OpeningHoursSpecification', 'dayOfWeek': 'Sunday', 'opens': '5:30', 'closes': '10:59'}, {'@type': 'OpeningHoursSpecification', 'dayOfWeek': 'Sunday', 'opens': '11:0', 'closes': '16:59'}, {'@type': 'OpeningHoursSpecification', 'dayOfWeek': 'Sunday', 'opens': '17:0', 'closes': '22:45'}, {'@type': 'OpeningHoursSpecification', 'dayOfWeek': ['Monday', 'Tuesday', 'Wednesday', 'Thursday'], 'opens': '5:30', 'closes': '10:29'}, {'@type': 'OpeningHoursSpecification', 'dayOfWeek': ['Monday', 'Tuesday', 'Wednesday', 'Thursday'], 'opens': '10:30', 'closes': '16:59'}, {'@type': 'OpeningHoursSpecification', 'dayOfWeek': ['Monday', 'Tuesday', 'Wednesday', 'Thursday'], 'opens': '17:0', 'closes': '22:45'}, {'@type': 'OpeningHoursSpecification', 'dayOfWeek': 'Friday', 'opens': '5:30', 'closes': '10:29'}, {'@type': 'OpeningHoursSpecification', 'dayOfWeek': 'Friday', 'opens': '10:30', 'closes': '16:59'}, {'@type': 'OpeningHoursSpecification', 'dayOfWeek': 'Friday', 'opens': '17:0', 'closes': '23:45'}, {'@type': 'OpeningHoursSpecification', 'dayOfWeek': 'Saturday', 'opens': '5:30', 'closes': '10:59'}, {'@type': 'OpeningHoursSpecification', 'dayOfWeek': 'Saturday', 'opens': '11:0', 'closes': '16:59'}, {'@type': 'OpeningHoursSpecification', 'dayOfWeek': 'Saturday', 'opens': '17:0', 'closes': '23:45'}]","{'@type': 'PostalAddress', 'addressLocality': 'PIGEON FORGE', 'addressRegion': 'TN', 'postalCode': '37863', 'addressCountry': 'US', 'streetAddress': '540 WEARS VALLEY ROAD'}","{'@type': 'GeoCoordinates', 'latitude': 35.798639, 'longitude': -83.588379}","{'@type': 'AggregateRating', 'ratingValue': 4.1, 'reviewCount': '18'}"
"TGI Friday's (1563 - SEVIERVILLE, TN)",https://www.ubereats.com/knoxville/food-delivery/tgi-fridays-1563-sevierville-tn/x2W6TGpHQNCMV7E_jqhrQQ,pigeon-forge-tennessee,"['Burgers', 'Bar Food', 'Family Meals']",,,$$,35.8378374,-83.5703442,+18654298443,37862,1503 Parkway,Sevierville,TN,"[{'@type': 'OpeningHoursSpecification', 'dayOfWeek': ['Monday', 'Tuesday', 'Wednesday', 'Thursday', 'Friday', 'Saturday', 'Sunday'], 'opens': '11:0', 'closes': '21:30'}]","{'@type': 'PostalAddress', 'addressLocality': 'Sevierville', 'addressRegion': 'TN', 'postalCode': '37862', 'addressCountry': 'US', 'streetAddress': '1503 Parkway'}","{'@type': 'GeoCoordinates', 'latitude': 35.8378374, 'longitude': -83.5703442}",{}
#1 Chinese Buffet ,https://www.ubereats.com/knoxville/food-delivery/%231-chinese-buffet/J9U_1zmpQb-iVySUXlXLkw,pigeon-forge-tennessee,"['Chinese: Other', 'Seafood', 'Vegetarian']",,,$,35.8781218,-83.5722211,+18654539902,37876,574 Winfield Dunn Pkwy,Sevierville,TN,"[{'@type': 'OpeningHoursSpecification', 'dayOfWeek': ['Monday', 'Tuesday', 'Wednesday', 'Thursday', 'Friday', 'Saturday', 'Sunday'], 'opens': '11:0', 'closes': '15:0'}, {'@type': 'OpeningHoursSpecification', 'dayOfWeek': ['Monday', 'Tuesday', 'Wednesday', 'Thursday', 'Friday', 'Saturday', 'Sunday'], 'opens': '11:0', 'closes': '22:0'}]","{'@type': 'PostalAddress', 'addressLocality': 'Sevierville', 'addressRegion': 'TN', 'postalCode': '37876', 'addressCountry': 'US', 'streetAddress': '574 Winfield Dunn Pkwy'}","{'@type': 'GeoCoordinates', 'latitude': 35.8781218, 'longitude': -83.5722211}",{}
