name,url,city,cuisine,avgRating,numReviews,priceRange,latitude,longitude,telephone,postalCode,streetAddress,addressLocality,addressRegion,openingHoursSpecification,addressString,geoString,ratingString
Black Bear Diner (2450 N. Fremont Street),https://www.ubereats.com/san-francisco/food-delivery/black-bear-diner-2450-n-fremont-street/gTNUGDVkSYqPleEpjdnZOA,seaside-california,"['American', 'Burgers', 'Comfort Food', 'Family Meals']",4.5,128,$$,36.59779169999999,-121.8517612,+18316459700,93940,2450 N. Fremont Street,Monterey,CA,"[{'@type': 'OpeningHoursSpecification', 'dayOfWeek': ['Monday', 'Tuesday', 'Wednesday', 'Thursday', 'Friday', 'Saturday', 'Sunday'], 'opens': '8:0', 'closes': '20:0'}]","{'@type': 'PostalAddress', 'addressLocality': 'Monterey', 'addressRegion': 'CA', 'postalCode': '93940', 'addressCountry': 'US', 'streetAddress': '2450 N. Fremont Street'}","{'@type': 'GeoCoordinates', 'latitude': 36.59779169999999, 'longitude': -121.8517612}","{'@type': 'AggregateRating', 'ratingValue': 4.5, 'reviewCount': '128'}"
Mountain Mike's Pizza,https://www.ubereats.com/san-francisco/food-delivery/mountain-mikes-pizza/c0Ha0COzS82XZ5ExDyvssQ,seaside-california,"['American', 'Salads', 'Pizza']",4.6,77,$,36.5947871,-121.8925381,+15106040783,93940,724 Abrego St,Monterey,CA,"[{'@type': 'OpeningHoursSpecification', 'dayOfWeek': ['Monday', 'Tuesday', 'Wednesday', 'Thursday', 'Friday', 'Saturday', 'Sunday'], 'opens': '11:0', 'closes': '21:0'}]","{'@type': 'PostalAddress', 'addressLocality': 'Monterey', 'addressRegion': 'CA', 'postalCode': '93940', 'addressCountry': 'US', 'streetAddress': '724 Abrego St'}","{'@type': 'GeoCoordinates', 'latitude': 36.5947871, 'longitude': -121.8925381}","{'@type': 'AggregateRating', 'ratingValue': 4.6, 'reviewCount': '77'}"
Taco Bell (1345 N. Main Street),https://www.ubereats.com/san-francisco/food-delivery/taco-bell-1345-n-main-street/wEFhX_OfSwKNRLkTus2Erg,seaside-california,"['Burritos', 'Fast Food', 'Mexican']",4.5,162,$,36.7039953,-121.6533474,+18314495908,93906,1345 N. Main Street,Salinas,CA,"[{'@type': 'OpeningHoursSpecification', 'dayOfWeek': ['Monday', 'Tuesday', 'Wednesday', 'Thursday', 'Friday', 'Saturday', 'Sunday'], 'opens': '14:0', 'closes': '17:0'}, {'@type': 'OpeningHoursSpecification', 'dayOfWeek': ['Monday', 'Tuesday', 'Wednesday', 'Thursday', 'Friday', 'Saturday', 'Sunday'], 'opens': '5:30', 'closes': '5:0'}, {'@type': 'OpeningHoursSpecification', 'dayOfWeek': ['Monday', 'Tuesday', 'Wednesday', 'Thursday', 'Friday', 'Saturday', 'Sunday'], 'opens': '6:0', 'closes': '10:30'}]","{'@type': 'PostalAddress', 'addressLocality': 'Salinas', 'addressRegion': 'CA', 'postalCode': '93906', 'addressCountry': 'US', 'streetAddress': '1345 N. Main Street'}","{'@type': 'GeoCoordinates', 'latitude': 36.7039953, 'longitude': -121.6533474}","{'@type': 'AggregateRating', 'ratingValue': 4.5, 'reviewCount': '162'}"
Lupita's Bakery,https://www.ubereats.com/san-francisco/food-delivery/lupitas-bakery/lAKe26H3TF6B_ly0gjIq4Q,seaside-california,"['Mexican', 'Bakery', 'Comfort Food', 'Spanish', 'Desserts']",4.4,36,$,36.6089753,-121.8442497,+18318994144,93955,1048 Broadway Ave,Seaside,CA,"[{'@type': 'OpeningHoursSpecification', 'dayOfWeek': ['Monday', 'Tuesday', 'Wednesday', 'Thursday', 'Friday', 'Saturday', 'Sunday'], 'opens': '6:0', 'closes': '22:0'}]","{'@type': 'PostalAddress', 'addressLocality': 'Seaside', 'addressRegion': 'CA', 'postalCode': '93955', 'addressCountry': 'US', 'streetAddress': '1048 Broadway Ave'}","{'@type': 'GeoCoordinates', 'latitude': 36.6089753, 'longitude': -121.8442497}","{'@type': 'AggregateRating', 'ratingValue': 4.4, 'reviewCount': '36'}"
MONTEREY COOKHOUSE,https://www.ubereats.com/san-francisco/food-delivery/monterey-cookhouse/sBewYt1vT-mWygInBtoxgQ,seaside-california,"['American', 'Bar Food', 'Pizza']",4.3,95,$,36.5968387,-121.8603616,+18316429900,93940,2149 N Fremont St,Monterey,CA,"[{'@type': 'OpeningHoursSpecification', 'dayOfWeek': 'Sunday', 'opens': '15:0', 'closes': '22:0'}, {'@type': 'OpeningHoursSpecification', 'dayOfWeek': 'Sunday', 'opens': '11:30', 'closes': '21:0'}, {'@type': 'OpeningHoursSpecification', 'dayOfWeek': 'Sunday', 'opens': '11:30', 'closes': '15:59'}, {'@type': 'OpeningHoursSpecification', 'dayOfWeek': 'Sunday', 'opens': '16:0', 'closes': '21:0'}, {'@type': 'OpeningHoursSpecification', 'dayOfWeek': ['Monday', 'Tuesday', 'Wednesday', 'Thursday'], 'opens': '16:0', 'closes': '21:0'}, {'@type': 'OpeningHoursSpecification', 'dayOfWeek': 'Friday', 'opens': '15:0', 'closes': '22:0'}, {'@type': 'OpeningHoursSpecification', 'dayOfWeek': 'Friday', 'opens': '11:30', 'closes': '21:0'}, {'@type': 'OpeningHoursSpecification', 'dayOfWeek': 'Friday', 'opens': '16:0', 'closes': '22:0'}, {'@type': 'OpeningHoursSpecification', 'dayOfWeek': 'Saturday', 'opens': '15:0', 'closes': '22:0'}, {'@type': 'OpeningHoursSpecification', 'dayOfWeek': 'Saturday', 'opens': '11:30', 'closes': '22:0'}, {'@type': 'OpeningHoursSpecification', 'dayOfWeek': 'Saturday', 'opens': '16:0', 'closes': '22:0'}]","{'@type': 'PostalAddress', 'addressLocality': 'Monterey', 'addressRegion': 'CA', 'postalCode': '93940', 'addressCountry': 'US', 'streetAddress': '2149 N Fremont St'}","{'@type': 'GeoCoordinates', 'latitude': 36.5968387, 'longitude': -121.8603616}","{'@type': 'AggregateRating', 'ratingValue': 4.3, 'reviewCount': '95'}"
Subway (190 Country Club Gate),https://www.ubereats.com/san-francisco/food-delivery/subway-190-country-club-gate/2mTpy5tpQAOhMegMZP4g9g,seaside-california,"['Fast Food', 'Sandwich', 'American']",4.7,11,$,36.6092017,-121.9227802,+18316552134,93950,190 Country Club Gate,Pacific Grove,CA,"[{'@type': 'OpeningHoursSpecification', 'dayOfWeek': ['Monday', 'Tuesday', 'Wednesday', 'Thursday', 'Friday', 'Saturday', 'Sunday'], 'opens': '8:0', 'closes': '21:30'}]","{'@type': 'PostalAddress', 'addressLocality': 'Pacific Grove', 'addressRegion': 'CA', 'postalCode': '93950', 'addressCountry': 'US', 'streetAddress': '190 Country Club Gate'}","{'@type': 'GeoCoordinates', 'latitude': 36.6092017, 'longitude': -121.9227802}","{'@type': 'AggregateRating', 'ratingValue': 4.7, 'reviewCount': '11'}"
Pacific Bowls & Rolls ,https://www.ubereats.com/san-francisco/food-delivery/pacific-bowls-%26-rolls/U1NyYQ_nQWWvMULV2ySE4A,seaside-california,"['Japanese: Sushi', 'Allergy Friendly']",4.8,60,,36.59825309999999,-121.8945263,+15838433,93940,475 Alvarado St,Monterey,CA,"[{'@type': 'OpeningHoursSpecification', 'dayOfWeek': ['Monday', 'Tuesday', 'Wednesday', 'Thursday', 'Friday', 'Saturday'], 'opens': '11:30', 'closes': '19:45'}]","{'@type': 'PostalAddress', 'addressLocality': 'Monterey', 'addressRegion': 'CA', 'postalCode': '93940', 'addressCountry': 'US', 'streetAddress': '475 Alvarado St'}","{'@type': 'GeoCoordinates', 'latitude': 36.59825309999999, 'longitude': -121.8945263}","{'@type': 'AggregateRating', 'ratingValue': 4.8, 'reviewCount': '60'}"
Pizza Pasta Mama Mia,https://www.ubereats.com/san-francisco/food-delivery/pizza-pasta-mama-mia/pIxWVt2ISZ-8llG2e7DABg,seaside-california,"['Chicken', 'Pizza', 'Pasta']",,,$,36.6218994,-121.9189435,+18316460447,93950,620 Lighthouse Ave,Pacific Grove,CA,"[{'@type': 'OpeningHoursSpecification', 'dayOfWeek': ['Sunday', 'Monday', 'Tuesday', 'Wednesday', 'Thursday'], 'opens': '11:0', 'closes': '21:0'}, {'@type': 'OpeningHoursSpecification', 'dayOfWeek': ['Friday', 'Saturday'], 'opens': '11:0', 'closes': '21:30'}]","{'@type': 'PostalAddress', 'addressLocality': 'Pacific Grove', 'addressRegion': 'CA', 'postalCode': '93950', 'addressCountry': 'US', 'streetAddress': '620 Lighthouse Ave'}","{'@type': 'GeoCoordinates', 'latitude': 36.6218994, 'longitude': -121.9189435}",{}
Five Guys CA-1870 915 Playa Ave,https://www.ubereats.com/san-francisco/food-delivery/five-guys-ca-1870-915-playa-ave/32-vC4UYQhOtiu3mOdMHjA,seaside-california,"['American', 'Burgers']",4.7,142,$,36.6205735,-121.8450341,+18319013823,93955,915 Playa Ave,Sand City,CA,"[{'@type': 'OpeningHoursSpecification', 'dayOfWeek': ['Monday', 'Tuesday', 'Wednesday', 'Thursday', 'Friday', 'Saturday', 'Sunday'], 'opens': '11:0', 'closes': '21:30'}]","{'@type': 'PostalAddress', 'addressLocality': 'Sand City', 'addressRegion': 'CA', 'postalCode': '93955', 'addressCountry': 'US', 'streetAddress': '915 Playa Ave'}","{'@type': 'GeoCoordinates', 'latitude': 36.6205735, 'longitude': -121.8450341}","{'@type': 'AggregateRating', 'ratingValue': 4.7, 'reviewCount': '142'}"
Ike's Love & Sandwiches - Monterey ,https://www.ubereats.com/san-francisco/food-delivery/ikes-love-%26-sandwiches-monterey/S1YfTu1KSXe11mfThHlxKQ,seaside-california,"['Sandwich', 'Traditional American']",4.8,128,$,36.59673,-121.894033,+18316430900,93940,570 Munras Ave,Monterey,California,"[{'@type': 'OpeningHoursSpecification', 'dayOfWeek': ['Monday', 'Tuesday', 'Wednesday', 'Thursday', 'Friday', 'Saturday', 'Sunday'], 'opens': '10:30', 'closes': '19:0'}]","{'@type': 'PostalAddress', 'addressLocality': 'Monterey', 'addressRegion': 'California', 'postalCode': '93940', 'addressCountry': 'US', 'streetAddress': '570 Munras Ave'}","{'@type': 'GeoCoordinates', 'latitude': 36.59673, 'longitude': -121.894033}","{'@type': 'AggregateRating', 'ratingValue': 4.8, 'reviewCount': '128'}"
Tree House Cafe,https://www.ubereats.com/san-francisco/food-delivery/tree-house-cafe/TUa-3htFSqiMUkaJPB-yCQ,seaside-california,"['Italian', 'Pasta', 'Seafood']",,,$,36.5537859,-121.9218371,+18316261111,93923,San Carlos Street (at 7th and 8th),Carmel,CA,"[{'@type': 'OpeningHoursSpecification', 'dayOfWeek': ['Monday', 'Tuesday', 'Wednesday', 'Thursday', 'Friday', 'Saturday', 'Sunday'], 'opens': '14:0', 'closes': '20:0'}, {'@type': 'OpeningHoursSpecification', 'dayOfWeek': ['Monday', 'Tuesday', 'Wednesday', 'Thursday', 'Friday', 'Saturday', 'Sunday'], 'opens': '11:0', 'closes': '16:0'}]","{'@type': 'PostalAddress', 'addressLocality': 'Carmel', 'addressRegion': 'CA', 'postalCode': '93923', 'addressCountry': 'US', 'streetAddress': 'San Carlos Street (at 7th and 8th)'}","{'@type': 'GeoCoordinates', 'latitude': 36.5537859, 'longitude': -121.9218371}",{}
Starbucks (Hwy 68 & Canyon Del Rey),https://www.ubereats.com/san-francisco/food-delivery/starbucks-hwy-68-%26-canyon-del-rey/FMHDlAQaTjyuPRCssr3QeQ,seaside-california,"['Bakery', 'Breakfast and Brunch', 'Cafe', 'Coffee & Tea']",4.8,13,$,36.581989,-121.8285647,+18313921109,,,,,"[{'@type': 'OpeningHoursSpecification', 'dayOfWeek': 'Sunday', 'opens': '5:0', 'closes': '18:30'}, {'@type': 'OpeningHoursSpecification', 'dayOfWeek': ['Monday', 'Tuesday', 'Wednesday', 'Thursday', 'Friday'], 'opens': '4:30', 'closes': '18:30'}, {'@type': 'OpeningHoursSpecification', 'dayOfWeek': 'Saturday', 'opens': '5:0', 'closes': '18:30'}]",,"{'@type': 'GeoCoordinates', 'latitude': 36.581989, 'longitude': -121.8285647}","{'@type': 'AggregateRating', 'ratingValue': 4.8, 'reviewCount': '13'}"
Subway (1534 Fremont Blvd),https://www.ubereats.com/san-francisco/food-delivery/subway-1534-fremont-blvd/YZAgNbnfTH-aJVNL_LOCjQ,seaside-california,"['Fast Food', 'Sandwich', 'American']",4.4,14,$,36.6080988,-121.8455698,+18318990103,93955,1534 Fremont Blvd,Seaside,CA,"[{'@type': 'OpeningHoursSpecification', 'dayOfWeek': 'Sunday', 'opens': '9:0', 'closes': '21:30'}, {'@type': 'OpeningHoursSpecification', 'dayOfWeek': ['Monday', 'Tuesday', 'Wednesday', 'Thursday', 'Friday', 'Saturday'], 'opens': '8:0', 'closes': '22:30'}]","{'@type': 'PostalAddress', 'addressLocality': 'Seaside', 'addressRegion': 'CA', 'postalCode': '93955', 'addressCountry': 'US', 'streetAddress': '1534 Fremont Blvd'}","{'@type': 'GeoCoordinates', 'latitude': 36.6080988, 'longitude': -121.8455698}","{'@type': 'AggregateRating', 'ratingValue': 4.4, 'reviewCount': '14'}"
Mountain Mike's Pizza (880 Broadway Ave),https://www.ubereats.com/san-francisco/food-delivery/mountain-mikes-pizza-880-broadway-ave/mjBEU9qqRwCwvHJY0wHA-g,seaside-california,"['American', 'Salads', 'Pizza']",,,$,36.6089689,-121.8463307,+18318997900,93955,880 Broadway Ave,Seaside,CA,"[{'@type': 'OpeningHoursSpecification', 'dayOfWeek': 'Sunday', 'opens': '10:45', 'closes': '20:30'}, {'@type': 'OpeningHoursSpecification', 'dayOfWeek': ['Monday', 'Tuesday', 'Wednesday', 'Thursday'], 'opens': '10:45', 'closes': '20:45'}, {'@type': 'OpeningHoursSpecification', 'dayOfWeek': ['Friday', 'Saturday'], 'opens': '10:45', 'closes': '21:0'}]","{'@type': 'PostalAddress', 'addressLocality': 'Seaside', 'addressRegion': 'CA', 'postalCode': '93955', 'addressCountry': 'US', 'streetAddress': '880 Broadway Ave'}","{'@type': 'GeoCoordinates', 'latitude': 36.6089689, 'longitude': -121.8463307}",{}
International Cuisine,https://www.ubereats.com/san-francisco/food-delivery/international-cuisine/xuyeZvvCTK-0TN9ggg4B7w,seaside-california,"['Mediterranean', 'Seafood', 'Pizza', 'Family Meals', 'Alcohol']",4.6,85,$$,36.621899,-121.918943,+18316460447,93950,620 Lighthouse Ave,Pacific Grove,California,"[{'@type': 'OpeningHoursSpecification', 'dayOfWeek': ['Sunday', 'Monday', 'Tuesday', 'Wednesday', 'Thursday'], 'opens': '11:0', 'closes': '21:0'}, {'@type': 'OpeningHoursSpecification', 'dayOfWeek': ['Friday', 'Saturday'], 'opens': '11:0', 'closes': '21:30'}]","{'@type': 'PostalAddress', 'addressLocality': 'Pacific Grove', 'addressRegion': 'California', 'postalCode': '93950', 'addressCountry': 'US', 'streetAddress': '620 Lighthouse Ave'}","{'@type': 'GeoCoordinates', 'latitude': 36.621899, 'longitude': -121.918943}","{'@type': 'AggregateRating', 'ratingValue': 4.6, 'reviewCount': '85'}"
Jamba Juice (398 Alvarado Street),https://www.ubereats.com/san-francisco/food-delivery/jamba-juice-398-alvarado-street/lsHVQw8ZQt2onnae7s-l_w,seaside-california,['Juice and Smoothies'],5.0,57,$$,36.6001206,-121.8944872,+18316559696,93940,398 Alvarado Street,Monterey,CA,"[{'@type': 'OpeningHoursSpecification', 'dayOfWeek': 'Sunday', 'opens': '8:0', 'closes': '18:0'}, {'@type': 'OpeningHoursSpecification', 'dayOfWeek': ['Monday', 'Tuesday', 'Wednesday', 'Thursday', 'Friday'], 'opens': '7:30', 'closes': '19:0'}, {'@type': 'OpeningHoursSpecification', 'dayOfWeek': 'Saturday', 'opens': '8:0', 'closes': '19:0'}]","{'@type': 'PostalAddress', 'addressLocality': 'Monterey', 'addressRegion': 'CA', 'postalCode': '93940', 'addressCountry': 'US', 'streetAddress': '398 Alvarado Street'}","{'@type': 'GeoCoordinates', 'latitude': 36.6001206, 'longitude': -121.8944872}","{'@type': 'AggregateRating', 'ratingValue': 5, 'reviewCount': '57'}"
Taco Bell (1830 Fremont Blvd),https://www.ubereats.com/san-francisco/food-delivery/taco-bell-1830-fremont-blvd/WOAEEsAlRVSK8U-5BkAlSQ,seaside-california,"['Burritos', 'Fast Food', 'Mexican']",4.2,102,$,36.61546680000001,-121.8420567,+18318993002,93955,1830 Fremont Blvd,Seaside,CA,"[{'@type': 'OpeningHoursSpecification', 'dayOfWeek': ['Monday', 'Tuesday', 'Wednesday', 'Thursday', 'Friday', 'Saturday', 'Sunday'], 'opens': '14:0', 'closes': '17:0'}, {'@type': 'OpeningHoursSpecification', 'dayOfWeek': ['Monday', 'Tuesday', 'Wednesday', 'Thursday', 'Friday', 'Saturday', 'Sunday'], 'opens': '9:0', 'closes': '23:30'}]","{'@type': 'PostalAddress', 'addressLocality': 'Seaside', 'addressRegion': 'CA', 'postalCode': '93955', 'addressCountry': 'US', 'streetAddress': '1830 Fremont Blvd'}","{'@type': 'GeoCoordinates', 'latitude': 36.61546680000001, 'longitude': -121.8420567}","{'@type': 'AggregateRating', 'ratingValue': 4.2, 'reviewCount': '102'}"
Jack in the Box (3485) 211 Reservation Rd,https://www.ubereats.com/san-francisco/food-delivery/jack-in-the-box-3485-211-reservation-rd/6sPhbXkfSB-SZ1KyWEsCQg,seaside-california,"['American', 'burger', 'Fast Food']",3.8,38,$,36.68776690000001,-121.7990114,+18318831721,93933,211 Reservation Rd,Marina,CA,"[{'@type': 'OpeningHoursSpecification', 'dayOfWeek': ['Monday', 'Tuesday', 'Wednesday', 'Thursday', 'Friday', 'Saturday', 'Sunday'], 'opens': '0:0', 'closes': '23:59'}]","{'@type': 'PostalAddress', 'addressLocality': 'Marina', 'addressRegion': 'CA', 'postalCode': '93933', 'addressCountry': 'US', 'streetAddress': '211 Reservation Rd'}","{'@type': 'GeoCoordinates', 'latitude': 36.68776690000001, 'longitude': -121.7990114}","{'@type': 'AggregateRating', 'ratingValue': 3.8, 'reviewCount': '38'}"
El Volcan - Del Monte,https://www.ubereats.com/san-francisco/food-delivery/el-volcan-del-monte/cq8mW72OQp2iv_3uf7l6Fg,seaside-california,"['Mexican', 'Burgers']",4.6,27,$,36.5996543,-121.8864755,+18314228088,,,,,"[{'@type': 'OpeningHoursSpecification', 'dayOfWeek': 'Sunday', 'opens': '9:15', 'closes': '18:45'}, {'@type': 'OpeningHoursSpecification', 'dayOfWeek': ['Wednesday', 'Thursday', 'Friday', 'Saturday'], 'opens': '9:15', 'closes': '18:45'}]",,"{'@type': 'GeoCoordinates', 'latitude': 36.5996543, 'longitude': -121.8864755}","{'@type': 'AggregateRating', 'ratingValue': 4.6, 'reviewCount': '27'}"
Starbucks (Alvarado & Del Monte),https://www.ubereats.com/san-francisco/food-delivery/starbucks-alvarado-%26-del-monte/2J5-B7PjTfyVr6H8KBXoRA,seaside-california,"['Cafe', 'Coffee & Tea', 'Breakfast and Brunch', 'Bakery']",4.5,10,$,36.6007348,-121.8942909,+18316461182,93940,316 Alvarado Street,Monterey,CA,"[{'@type': 'OpeningHoursSpecification', 'dayOfWeek': ['Monday', 'Tuesday', 'Wednesday', 'Thursday', 'Friday', 'Saturday', 'Sunday'], 'opens': '6:0', 'closes': '18:0'}]","{'@type': 'PostalAddress', 'addressLocality': 'Monterey', 'addressRegion': 'CA', 'postalCode': '93940', 'addressCountry': 'US', 'streetAddress': '316 Alvarado Street'}","{'@type': 'GeoCoordinates', 'latitude': 36.6007348, 'longitude': -121.8942909}","{'@type': 'AggregateRating', 'ratingValue': 4.5, 'reviewCount': '10'}"
Revival Ice Cream,https://www.ubereats.com/san-francisco/food-delivery/revival-ice-cream/0mxy2_tYR7awDsITsG4EtA,seaside-california,['Ice Cream & Frozen Yogurt'],,,$$,36.59854269999999,-121.8946054,+18317472113,93940,463 Alvarado St,Monterey,CA,"[{'@type': 'OpeningHoursSpecification', 'dayOfWeek': ['Sunday', 'Monday', 'Tuesday', 'Wednesday', 'Thursday'], 'opens': '12:0', 'closes': '21:0'}, {'@type': 'OpeningHoursSpecification', 'dayOfWeek': ['Friday', 'Saturday'], 'opens': '12:0', 'closes': '22:0'}]","{'@type': 'PostalAddress', 'addressLocality': 'Monterey', 'addressRegion': 'CA', 'postalCode': '93940', 'addressCountry': 'US', 'streetAddress': '463 Alvarado St'}","{'@type': 'GeoCoordinates', 'latitude': 36.59854269999999, 'longitude': -121.8946054}",{}
osteria al Mare,https://www.ubereats.com/san-francisco/food-delivery/osteria-al-mare/tM04z1lCTS-HLrRV2scnhQ,seaside-california,"['Italian', 'Mediterranean', 'American']",4.2,20,$$,36.6091005,-121.8945062,+18319202833,93940,32 Cannery Row,Monterey,CA,"[{'@type': 'OpeningHoursSpecification', 'dayOfWeek': 'Sunday', 'opens': '11:30', 'closes': '21:0'}, {'@type': 'OpeningHoursSpecification', 'dayOfWeek': ['Tuesday', 'Wednesday', 'Thursday', 'Friday'], 'opens': '11:30', 'closes': '20:30'}, {'@type': 'OpeningHoursSpecification', 'dayOfWeek': 'Saturday', 'opens': '11:30', 'closes': '21:0'}]","{'@type': 'PostalAddress', 'addressLocality': 'Monterey', 'addressRegion': 'CA', 'postalCode': '93940', 'addressCountry': 'US', 'streetAddress': '32 Cannery Row'}","{'@type': 'GeoCoordinates', 'latitude': 36.6091005, 'longitude': -121.8945062}","{'@type': 'AggregateRating', 'ratingValue': 4.2, 'reviewCount': '20'}"
Buffalo Wild Wings (1553 Fremont Blvd Ste D3),https://www.ubereats.com/san-francisco/food-delivery/buffalo-wild-wings-1553-fremont-blvd-ste-d3/Ph307wTjQLCl4HTQwwTP3w,seaside-california,"['wings', 'Burgers', 'Salads']",4.0,44,$$,36.6086683,-121.8460755,+18313944483,93955,1553 Fremont Blvd Ste D3,Seaside,CA,"[{'@type': 'OpeningHoursSpecification', 'dayOfWeek': ['Monday', 'Tuesday', 'Wednesday', 'Thursday', 'Friday', 'Saturday', 'Sunday'], 'opens': '11:0', 'closes': '21:0'}]","{'@type': 'PostalAddress', 'addressLocality': 'Seaside', 'addressRegion': 'CA', 'postalCode': '93955', 'addressCountry': 'US', 'streetAddress': '1553 Fremont Blvd Ste D3'}","{'@type': 'GeoCoordinates', 'latitude': 36.6086683, 'longitude': -121.8460755}","{'@type': 'AggregateRating', 'ratingValue': 4, 'reviewCount': '44'}"
Epsilon Fine Greek Restaurant,https://www.ubereats.com/san-francisco/food-delivery/epsilon-fine-greek-restaurant/Oi2eFe5hQcmJByyiACUy8g,seaside-california,"['Greek', 'Seafood']",4.5,11,$,36.5991118,-121.8937204,+18316558108,93940,422 Tyler St,Monterey,CA,"[{'@type': 'OpeningHoursSpecification', 'dayOfWeek': ['Tuesday', 'Wednesday', 'Thursday'], 'opens': '11:0', 'closes': '13:30'}, {'@type': 'OpeningHoursSpecification', 'dayOfWeek': ['Tuesday', 'Wednesday', 'Thursday'], 'opens': '16:0', 'closes': '18:30'}, {'@type': 'OpeningHoursSpecification', 'dayOfWeek': 'Friday', 'opens': '11:0', 'closes': '13:30'}, {'@type': 'OpeningHoursSpecification', 'dayOfWeek': 'Friday', 'opens': '16:0', 'closes': '19:30'}, {'@type': 'OpeningHoursSpecification', 'dayOfWeek': 'Saturday', 'opens': '16:0', 'closes': '19:30'}]","{'@type': 'PostalAddress', 'addressLocality': 'Monterey', 'addressRegion': 'CA', 'postalCode': '93940', 'addressCountry': 'US', 'streetAddress': '422 Tyler St'}","{'@type': 'GeoCoordinates', 'latitude': 36.5991118, 'longitude': -121.8937204}","{'@type': 'AggregateRating', 'ratingValue': 4.5, 'reviewCount': '11'}"
Mountain Mike's Pizza (1116 Forest Ave),https://www.ubereats.com/san-francisco/food-delivery/mountain-mikes-pizza-1116-forest-ave/j0EF5Jk9SU6a2ruEX2FSfA,seaside-california,"['American', 'Salads', 'Pizza']",4.5,15,$,36.6078487,-121.9232089,+18316426000,93950,1116 Forest Ave,Pacific Grove,CA,"[{'@type': 'OpeningHoursSpecification', 'dayOfWeek': ['Monday', 'Tuesday', 'Wednesday', 'Thursday', 'Friday', 'Saturday', 'Sunday'], 'opens': '11:0', 'closes': '21:0'}]","{'@type': 'PostalAddress', 'addressLocality': 'Pacific Grove', 'addressRegion': 'CA', 'postalCode': '93950', 'addressCountry': 'US', 'streetAddress': '1116 Forest Ave'}","{'@type': 'GeoCoordinates', 'latitude': 36.6078487, 'longitude': -121.9232089}","{'@type': 'AggregateRating', 'ratingValue': 4.5, 'reviewCount': '15'}"
California Pizza Kitchen (1100 Del Monte Center),https://www.ubereats.com/san-francisco/food-delivery/california-pizza-kitchen-1100-del-monte-center/k2VVNmfgSUuZ-GRn8E7W6A,seaside-california,"['American', 'Comfort Food', 'Dinner', 'pasta', 'pizza', 'salad', 'Soup']",4.6,119,$$,36.584952,-121.898774,+18313754975,93940,1100 Del Monte Center,Monterey,CA,"[{'@type': 'OpeningHoursSpecification', 'dayOfWeek': ['Sunday', 'Monday', 'Tuesday', 'Wednesday', 'Thursday'], 'opens': '11:0', 'closes': '20:30'}, {'@type': 'OpeningHoursSpecification', 'dayOfWeek': ['Sunday', 'Monday', 'Tuesday', 'Wednesday', 'Thursday'], 'opens': '11:0', 'closes': '15:30'}, {'@type': 'OpeningHoursSpecification', 'dayOfWeek': ['Friday', 'Saturday'], 'opens': '11:0', 'closes': '21:30'}, {'@type': 'OpeningHoursSpecification', 'dayOfWeek': ['Friday', 'Saturday'], 'opens': '11:0', 'closes': '15:30'}]","{'@type': 'PostalAddress', 'addressLocality': 'Monterey', 'addressRegion': 'CA', 'postalCode': '93940', 'addressCountry': 'US', 'streetAddress': '1100 Del Monte Center'}","{'@type': 'GeoCoordinates', 'latitude': 36.584952, 'longitude': -121.898774}","{'@type': 'AggregateRating', 'ratingValue': 4.6, 'reviewCount': '119'}"
Jack in the Box (454) 1533 Fremont Blvd,https://www.ubereats.com/san-francisco/food-delivery/jack-in-the-box-454-1533-fremont-blvd/c03GCvh4TyGQKq98QbHe4A,seaside-california,"['American', 'burger', 'Fast Food']",4.3,145,$,36.60815089999999,-121.846506,+18313942747,93955,1533 Fremont Blvd,Seaside,CA,"[{'@type': 'OpeningHoursSpecification', 'dayOfWeek': ['Monday', 'Tuesday', 'Wednesday', 'Thursday', 'Friday', 'Saturday', 'Sunday'], 'opens': '0:0', 'closes': '23:59'}]","{'@type': 'PostalAddress', 'addressLocality': 'Seaside', 'addressRegion': 'CA', 'postalCode': '93955', 'addressCountry': 'US', 'streetAddress': '1533 Fremont Blvd'}","{'@type': 'GeoCoordinates', 'latitude': 36.60815089999999, 'longitude': -121.846506}","{'@type': 'AggregateRating', 'ratingValue': 4.3, 'reviewCount': '145'}"
Coniglio Brothers Italian Deli,https://www.ubereats.com/san-francisco/food-delivery/coniglio-brothers-italian-deli/Br85d8bGSUujfsK2DT-c-Q,seaside-california,['Italian'],,,,36.6169243,-121.900884,+18319013175,93940,750 Cannery Row Suite 108,Monterey,CA,"[{'@type': 'OpeningHoursSpecification', 'dayOfWeek': 'Sunday', 'opens': '11:0', 'closes': '17:0'}, {'@type': 'OpeningHoursSpecification', 'dayOfWeek': ['Monday', 'Tuesday', 'Wednesday', 'Thursday', 'Friday', 'Saturday'], 'opens': '11:0', 'closes': '18:30'}]","{'@type': 'PostalAddress', 'addressLocality': 'Monterey', 'addressRegion': 'CA', 'postalCode': '93940', 'addressCountry': 'US', 'streetAddress': '750 Cannery Row Suite 108'}","{'@type': 'GeoCoordinates', 'latitude': 36.6169243, 'longitude': -121.900884}",{}
Chart House (444 Cannery Row),https://www.ubereats.com/san-francisco/food-delivery/chart-house-444-cannery-row/ulBXQogmQ2S8oGAj64EM0A,seaside-california,"['Seafood', 'American', 'Southern']",,,$,36.6128801,-121.8976268,+18313723362,93940,444 Cannery Row,Monterey,CA,"[{'@type': 'OpeningHoursSpecification', 'dayOfWeek': ['Monday', 'Tuesday', 'Wednesday', 'Thursday', 'Friday', 'Saturday', 'Sunday'], 'opens': '16:0', 'closes': '20:0'}, {'@type': 'OpeningHoursSpecification', 'dayOfWeek': ['Monday', 'Tuesday', 'Wednesday', 'Thursday', 'Friday', 'Saturday', 'Sunday'], 'opens': '11:30', 'closes': '16:0'}]","{'@type': 'PostalAddress', 'addressLocality': 'Monterey', 'addressRegion': 'CA', 'postalCode': '93940', 'addressCountry': 'US', 'streetAddress': '444 Cannery Row'}","{'@type': 'GeoCoordinates', 'latitude': 36.6128801, 'longitude': -121.8976268}",{}
Taco Bell (244 Reservation Rd),https://www.ubereats.com/san-francisco/food-delivery/taco-bell-244-reservation-rd/UCHSCMHkTjCJL3YDTAElAQ,seaside-california,"['Burritos', 'Fast Food', 'Mexican']",3.4,10,$,36.68584389999999,-121.7967777,+18312009050,93933,244 Reservation Rd,Marina,CA,"[{'@type': 'OpeningHoursSpecification', 'dayOfWeek': ['Monday', 'Tuesday', 'Wednesday', 'Thursday', 'Friday', 'Saturday', 'Sunday'], 'opens': '14:0', 'closes': '17:0'}, {'@type': 'OpeningHoursSpecification', 'dayOfWeek': ['Monday', 'Tuesday', 'Wednesday', 'Thursday', 'Friday', 'Saturday', 'Sunday'], 'opens': '9:0', 'closes': '0:30'}]","{'@type': 'PostalAddress', 'addressLocality': 'Marina', 'addressRegion': 'CA', 'postalCode': '93933', 'addressCountry': 'US', 'streetAddress': '244 Reservation Rd'}","{'@type': 'GeoCoordinates', 'latitude': 36.68584389999999, 'longitude': -121.7967777}","{'@type': 'AggregateRating', 'ratingValue': 3.4, 'reviewCount': '10'}"
Nak Won Korean Bbq House,https://www.ubereats.com/san-francisco/food-delivery/nak-won-korean-bbq-house/ulgCmkLYSHuhCez2NkpGoQ,seaside-california,"['Korean', 'Asian', 'BBQ']",,,$,36.6827568,-121.7906814,+18318832302,93933,330 Reservation Rd Ste A,Marina,CA,"[{'@type': 'OpeningHoursSpecification', 'dayOfWeek': 'Monday', 'opens': '11:0', 'closes': '20:0'}, {'@type': 'OpeningHoursSpecification', 'dayOfWeek': 'Monday', 'opens': '11:0', 'closes': '14:30'}, {'@type': 'OpeningHoursSpecification', 'dayOfWeek': 'Tuesday', 'opens': '13:0', 'closes': '20:0'}, {'@type': 'OpeningHoursSpecification', 'dayOfWeek': 'Tuesday', 'opens': '11:0', 'closes': '14:30'}, {'@type': 'OpeningHoursSpecification', 'dayOfWeek': ['Wednesday', 'Thursday', 'Friday'], 'opens': '11:0', 'closes': '20:0'}, {'@type': 'OpeningHoursSpecification', 'dayOfWeek': ['Wednesday', 'Thursday', 'Friday'], 'opens': '11:0', 'closes': '14:30'}]","{'@type': 'PostalAddress', 'addressLocality': 'Marina', 'addressRegion': 'CA', 'postalCode': '93933', 'addressCountry': 'US', 'streetAddress': '330 Reservation Rd Ste A'}","{'@type': 'GeoCoordinates', 'latitude': 36.6827568, 'longitude': -121.7906814}",{}
dynasty restaurant,https://www.ubereats.com/san-francisco/food-delivery/dynasty-restaurant/8XsWJGirQM-9oqgRuar8lw,seaside-california,"['Chinese: Other', 'Asian', 'Comfort Food', 'Family Meals']",4.4,99,$$,36.607849,-121.923209,+18313733262,93950,"1116 Forest Ave, A A",Pacific Grove,CA,"[{'@type': 'OpeningHoursSpecification', 'dayOfWeek': ['Sunday', 'Monday', 'Tuesday', 'Wednesday', 'Thursday'], 'opens': '10:30', 'closes': '21:0'}, {'@type': 'OpeningHoursSpecification', 'dayOfWeek': ['Sunday', 'Monday', 'Tuesday', 'Wednesday', 'Thursday'], 'opens': '11:0', 'closes': '15:0'}, {'@type': 'OpeningHoursSpecification', 'dayOfWeek': ['Friday', 'Saturday'], 'opens': '10:30', 'closes': '21:29'}, {'@type': 'OpeningHoursSpecification', 'dayOfWeek': ['Friday', 'Saturday'], 'opens': '11:0', 'closes': '15:0'}]","{'@type': 'PostalAddress', 'addressLocality': 'Pacific Grove', 'addressRegion': 'CA', 'postalCode': '93950', 'addressCountry': 'US', 'streetAddress': '1116 Forest Ave, A A'}","{'@type': 'GeoCoordinates', 'latitude': 36.607849, 'longitude': -121.923209}","{'@type': 'AggregateRating', 'ratingValue': 4.4, 'reviewCount': '99'}"
The Bagel Bakery,https://www.ubereats.com/san-francisco/food-delivery/the-bagel-bakery/Yx8-2-wyT-uQodQ2w7JJZg,seaside-california,"['Bakery', 'Sandwich', 'Juice and Smoothies']",4.4,64,,36.7008017,-121.6671422,+18315127037,93907,1257 N Davis Rd,Salinas,CA,"[{'@type': 'OpeningHoursSpecification', 'dayOfWeek': 'Sunday', 'opens': '8:0', 'closes': '16:0'}, {'@type': 'OpeningHoursSpecification', 'dayOfWeek': ['Monday', 'Tuesday', 'Wednesday', 'Thursday', 'Friday'], 'opens': '6:0', 'closes': '18:0'}, {'@type': 'OpeningHoursSpecification', 'dayOfWeek': 'Saturday', 'opens': '8:0', 'closes': '16:0'}]","{'@type': 'PostalAddress', 'addressLocality': 'Salinas', 'addressRegion': 'CA', 'postalCode': '93907', 'addressCountry': 'US', 'streetAddress': '1257 N Davis Rd'}","{'@type': 'GeoCoordinates', 'latitude': 36.7008017, 'longitude': -121.6671422}","{'@type': 'AggregateRating', 'ratingValue': 4.4, 'reviewCount': '64'}"
Pescadero,https://www.ubereats.com/san-francisco/food-delivery/pescadero/9cV_p8bjTn-S2o0YSBxDPA,seaside-california,"['Mexican', 'Latin American', 'New Mexican', 'Allergy Friendly']",,,$$$,36.55378590000001,-121.9218371,+18316247400,93923,San Carlos Street & 7th Avenue,Carmel-by-the-Sea,CA,"[{'@type': 'OpeningHoursSpecification', 'dayOfWeek': 'Sunday', 'opens': '12:0', 'closes': '20:0'}, {'@type': 'OpeningHoursSpecification', 'dayOfWeek': ['Tuesday', 'Wednesday', 'Thursday', 'Friday', 'Saturday'], 'opens': '12:0', 'closes': '20:0'}]","{'@type': 'PostalAddress', 'addressLocality': 'Carmel-by-the-Sea', 'addressRegion': 'CA', 'postalCode': '93923', 'addressCountry': 'US', 'streetAddress': 'San Carlos Street & 7th Avenue'}","{'@type': 'GeoCoordinates', 'latitude': 36.55378590000001, 'longitude': -121.9218371}",{}
Basil seasonal dining,https://www.ubereats.com/san-francisco/food-delivery/basil-seasonal-dining/ICyRCrgRSdCKExplSZe9WQ,seaside-california,"['Italian', 'Gluten Free Friendly', 'New American']",,,,36.5543894,-121.9218127,+18316268226,93923,San Carlos Street,Carmel-by-the-Sea,CA,"[{'@type': 'OpeningHoursSpecification', 'dayOfWeek': 'Sunday', 'opens': '11:30', 'closes': '14:0'}, {'@type': 'OpeningHoursSpecification', 'dayOfWeek': 'Sunday', 'opens': '16:0', 'closes': '20:0'}, {'@type': 'OpeningHoursSpecification', 'dayOfWeek': ['Tuesday', 'Wednesday', 'Thursday', 'Friday', 'Saturday'], 'opens': '11:30', 'closes': '14:0'}, {'@type': 'OpeningHoursSpecification', 'dayOfWeek': ['Tuesday', 'Wednesday', 'Thursday', 'Friday', 'Saturday'], 'opens': '16:0', 'closes': '20:0'}]","{'@type': 'PostalAddress', 'addressLocality': 'Carmel-by-the-Sea', 'addressRegion': 'CA', 'postalCode': '93923', 'addressCountry': 'US', 'streetAddress': 'San Carlos Street'}","{'@type': 'GeoCoordinates', 'latitude': 36.5543894, 'longitude': -121.9218127}",{}
Swamp Snacks,https://www.ubereats.com/san-francisco/food-delivery/swamp-snacks/dGESDR2DQfenSzj4in-kCQ,seaside-california,"['Desserts', 'American']",,,$,36.62447,-121.82711,+18312361136,93955,5200 Coe Avenue #1143,Seaside,CA,"[{'@type': 'OpeningHoursSpecification', 'dayOfWeek': ['Monday', 'Tuesday', 'Wednesday', 'Thursday', 'Friday'], 'opens': '12:30', 'closes': '23:59'}]","{'@type': 'PostalAddress', 'addressLocality': 'Seaside', 'addressRegion': 'CA', 'postalCode': '93955', 'addressCountry': 'US', 'streetAddress': '5200 Coe Avenue #1143'}","{'@type': 'GeoCoordinates', 'latitude': 36.62447, 'longitude': -121.82711}",{}
Subway (296 Lighthouse Ave),https://www.ubereats.com/san-francisco/food-delivery/subway-296-lighthouse-ave/0IskeUzFQICxMVF4cz2yLg,seaside-california,"['Fast Food', 'Sandwich', 'American']",4.4,13,$,36.6106659,-121.8989679,+18313331629,93940,296 Lighthouse Ave,Monterey,CA,"[{'@type': 'OpeningHoursSpecification', 'dayOfWeek': ['Monday', 'Tuesday', 'Wednesday', 'Thursday', 'Friday', 'Saturday', 'Sunday'], 'opens': '8:0', 'closes': '19:30'}]","{'@type': 'PostalAddress', 'addressLocality': 'Monterey', 'addressRegion': 'CA', 'postalCode': '93940', 'addressCountry': 'US', 'streetAddress': '296 Lighthouse Ave'}","{'@type': 'GeoCoordinates', 'latitude': 36.6106659, 'longitude': -121.8989679}","{'@type': 'AggregateRating', 'ratingValue': 4.4, 'reviewCount': '13'}"
MidiCi The Neapolitan Pizza Company (Monterey),https://www.ubereats.com/san-francisco/food-delivery/midici-the-neapolitan-pizza-company-monterey/HnE11FEBSWGCigWBfvkoJA,seaside-california,"['Pizza', 'American', 'Italian']",4.6,92,$$,36.5984364,-121.8946265,+18312647013,93940,467 Alvarado St,Monterey,CA,"[{'@type': 'OpeningHoursSpecification', 'dayOfWeek': ['Sunday', 'Monday', 'Tuesday', 'Wednesday'], 'opens': '11:30', 'closes': '21:0'}, {'@type': 'OpeningHoursSpecification', 'dayOfWeek': ['Thursday', 'Friday', 'Saturday'], 'opens': '11:30', 'closes': '22:0'}]","{'@type': 'PostalAddress', 'addressLocality': 'Monterey', 'addressRegion': 'CA', 'postalCode': '93940', 'addressCountry': 'US', 'streetAddress': '467 Alvarado St'}","{'@type': 'GeoCoordinates', 'latitude': 36.5984364, 'longitude': -121.8946265}","{'@type': 'AggregateRating', 'ratingValue': 4.6, 'reviewCount': '92'}"
The Ice Cream Shop ,https://www.ubereats.com/san-francisco/food-delivery/the-ice-cream-shop/p0kdcIjnRL-1frrY4K7AJQ,seaside-california,"['Desserts', 'Ice Cream and Frozen Yogurt']",,,$,36.61968299999999,-121.9173991,+18313757474,93950,229 Grand Ave,Pacific Grove,CA,[],"{'@type': 'PostalAddress', 'addressLocality': 'Pacific Grove', 'addressRegion': 'CA', 'postalCode': '93950', 'addressCountry': 'US', 'streetAddress': '229 Grand Ave'}","{'@type': 'GeoCoordinates', 'latitude': 36.61968299999999, 'longitude': -121.9173991}",{}
Subway (195 W Franklin St),https://www.ubereats.com/san-francisco/food-delivery/subway-195-w-franklin-st/cZgxZ4zvR8COsGZsd42Kng,seaside-california,"['Fast Food', 'Sandwich', 'American']",3.5,10,$,36.5999593,-121.894947,+18316552613,93940,195 W Franklin St,Monterey,CA,"[{'@type': 'OpeningHoursSpecification', 'dayOfWeek': ['Monday', 'Tuesday', 'Wednesday', 'Thursday', 'Friday', 'Saturday', 'Sunday'], 'opens': '8:0', 'closes': '21:30'}]","{'@type': 'PostalAddress', 'addressLocality': 'Monterey', 'addressRegion': 'CA', 'postalCode': '93940', 'addressCountry': 'US', 'streetAddress': '195 W Franklin St'}","{'@type': 'GeoCoordinates', 'latitude': 36.5999593, 'longitude': -121.894947}","{'@type': 'AggregateRating', 'ratingValue': 3.5, 'reviewCount': '10'}"
Lee's Garden,https://www.ubereats.com/san-francisco/food-delivery/lees-garden/tm4nlAdRR92ihWoXSk48Fg,seaside-california,"['Chinese', 'Asian', 'Asian Fusion']",,,$,36.68803460000001,-121.7979818,+18313846888,93933,215 Reservation Road,Marina,CA,"[{'@type': 'OpeningHoursSpecification', 'dayOfWeek': ['Sunday', 'Monday', 'Tuesday', 'Wednesday', 'Thursday'], 'opens': '11:30', 'closes': '14:45'}, {'@type': 'OpeningHoursSpecification', 'dayOfWeek': ['Sunday', 'Monday', 'Tuesday', 'Wednesday', 'Thursday'], 'opens': '11:30', 'closes': '15:0'}, {'@type': 'OpeningHoursSpecification', 'dayOfWeek': ['Sunday', 'Monday', 'Tuesday', 'Wednesday', 'Thursday'], 'opens': '16:0', 'closes': '21:0'}, {'@type': 'OpeningHoursSpecification', 'dayOfWeek': ['Friday', 'Saturday'], 'opens': '11:30', 'closes': '14:45'}, {'@type': 'OpeningHoursSpecification', 'dayOfWeek': ['Friday', 'Saturday'], 'opens': '11:30', 'closes': '15:0'}, {'@type': 'OpeningHoursSpecification', 'dayOfWeek': ['Friday', 'Saturday'], 'opens': '16:0', 'closes': '21:30'}]","{'@type': 'PostalAddress', 'addressLocality': 'Marina', 'addressRegion': 'CA', 'postalCode': '93933', 'addressCountry': 'US', 'streetAddress': '215 Reservation Road'}","{'@type': 'GeoCoordinates', 'latitude': 36.68803460000001, 'longitude': -121.7979818}",{}
 Las Marias Bar and Grill ,https://www.ubereats.com/san-francisco/food-delivery/las-marias-bar-and-grill/fzsENky8Q2yJK23DrObTkg,seaside-california,['Mexican'],4.7,53,$$,36.612548,-121.843496,+18317471877,93955,1732 Fremont Blvd,Seaside,CA,"[{'@type': 'OpeningHoursSpecification', 'dayOfWeek': 'Sunday', 'opens': '11:0', 'closes': '21:45'}, {'@type': 'OpeningHoursSpecification', 'dayOfWeek': 'Sunday', 'opens': '12:0', 'closes': '21:45'}, {'@type': 'OpeningHoursSpecification', 'dayOfWeek': ['Monday', 'Tuesday'], 'opens': '11:0', 'closes': '21:45'}, {'@type': 'OpeningHoursSpecification', 'dayOfWeek': 'Wednesday', 'opens': '11:0', 'closes': '21:45'}, {'@type': 'OpeningHoursSpecification', 'dayOfWeek': 'Wednesday', 'opens': '16:0', 'closes': '21:45'}, {'@type': 'OpeningHoursSpecification', 'dayOfWeek': ['Thursday', 'Friday', 'Saturday'], 'opens': '11:0', 'closes': '21:45'}]","{'@type': 'PostalAddress', 'addressLocality': 'Seaside', 'addressRegion': 'CA', 'postalCode': '93955', 'addressCountry': 'US', 'streetAddress': '1732 Fremont Blvd'}","{'@type': 'GeoCoordinates', 'latitude': 36.612548, 'longitude': -121.843496}","{'@type': 'AggregateRating', 'ratingValue': 4.7, 'reviewCount': '53'}"
Max Fit Meals (Monterey),https://www.ubereats.com/san-francisco/food-delivery/max-fit-meals-monterey/_t3BfJR2RiObOGIJWi3xAg,seaside-california,"['Healthy', 'Vegetarian', 'Salads']",,,$,36.5949306,-121.8903914,+18319013630,93940,520 Fremont St,Monterey,CA,"[{'@type': 'OpeningHoursSpecification', 'dayOfWeek': 'Sunday', 'opens': '10:0', 'closes': '16:30'}, {'@type': 'OpeningHoursSpecification', 'dayOfWeek': ['Monday', 'Tuesday', 'Wednesday', 'Thursday', 'Friday'], 'opens': '10:0', 'closes': '18:0'}, {'@type': 'OpeningHoursSpecification', 'dayOfWeek': 'Saturday', 'opens': '10:0', 'closes': '16:30'}]","{'@type': 'PostalAddress', 'addressLocality': 'Monterey', 'addressRegion': 'CA', 'postalCode': '93940', 'addressCountry': 'US', 'streetAddress': '520 Fremont St'}","{'@type': 'GeoCoordinates', 'latitude': 36.5949306, 'longitude': -121.8903914}",{}
"El Pollo Loco (336 E Market St,3592)",https://www.ubereats.com/san-francisco/food-delivery/el-pollo-loco-336-e-market-st3592/HSd6UlIoTYunR56f_Q5pNQ,seaside-california,"['Latin American', 'Mexican', 'New American', 'Family Meals']",4.2,24,$,36.678595,-121.644468,+18317512102,93901,336 E Market St,Salinas,CA,"[{'@type': 'OpeningHoursSpecification', 'dayOfWeek': ['Monday', 'Tuesday', 'Wednesday', 'Thursday', 'Friday', 'Saturday', 'Sunday'], 'opens': '10:0', 'closes': '22:30'}]","{'@type': 'PostalAddress', 'addressLocality': 'Salinas', 'addressRegion': 'CA', 'postalCode': '93901', 'addressCountry': 'US', 'streetAddress': '336 E Market St'}","{'@type': 'GeoCoordinates', 'latitude': 36.678595, 'longitude': -121.644468}","{'@type': 'AggregateRating', 'ratingValue': 4.2, 'reviewCount': '24'}"
Denny's (2137 North Fremont St.),https://www.ubereats.com/san-francisco/food-delivery/dennys-2137-north-fremont-st/fJi_xcWKQceJB29HKz3z5w,seaside-california,"['American', 'Breakfast and Brunch', 'Coffee and Tea', 'Dinner', 'Desserts', 'Salads', 'Steak', 'Sandwich', 'Family Meals']",4.7,62,$$,36.5966023,-121.8613757,+18313721655,93940,2137 North Fremont St.,Monterey,CA,"[{'@type': 'OpeningHoursSpecification', 'dayOfWeek': ['Monday', 'Tuesday', 'Wednesday', 'Thursday', 'Friday', 'Saturday', 'Sunday'], 'opens': '7:30', 'closes': '22:0'}]","{'@type': 'PostalAddress', 'addressLocality': 'Monterey', 'addressRegion': 'CA', 'postalCode': '93940', 'addressCountry': 'US', 'streetAddress': '2137 North Fremont St.'}","{'@type': 'GeoCoordinates', 'latitude': 36.5966023, 'longitude': -121.8613757}","{'@type': 'AggregateRating', 'ratingValue': 4.7, 'reviewCount': '62'}"
Seventh & Dolores Restaurant ,https://www.ubereats.com/san-francisco/food-delivery/seventh-%26-dolores-restaurant/EWVfjx89T3y1Brpfhcuttg,seaside-california,"['Steakhouse', 'American', 'Steak']",,,$$$$,36.5537826,-121.9226825,+18312937561,,,,,"[{'@type': 'OpeningHoursSpecification', 'dayOfWeek': ['Monday', 'Tuesday', 'Wednesday', 'Thursday'], 'opens': '11:30', 'closes': '7:45'}, {'@type': 'OpeningHoursSpecification', 'dayOfWeek': ['Friday', 'Saturday'], 'opens': '11:30', 'closes': '7:45'}, {'@type': 'OpeningHoursSpecification', 'dayOfWeek': ['Friday', 'Saturday'], 'opens': '11:0', 'closes': '20:0'}]",,"{'@type': 'GeoCoordinates', 'latitude': 36.5537826, 'longitude': -121.9226825}",{}
KFC (1175 Fremont Boulevard),https://www.ubereats.com/san-francisco/food-delivery/kfc-1175-fremont-boulevard/9NEdrpwsSDuakKHjST7DoQ,seaside-california,"['American', 'Fast Food', 'wings']",,,$,36.6022902,-121.8492148,+12814888544,93955,1175 Fremont Boulevard,Seaside,CA,"[{'@type': 'OpeningHoursSpecification', 'dayOfWeek': ['Monday', 'Tuesday', 'Wednesday', 'Thursday', 'Friday', 'Saturday', 'Sunday'], 'opens': '10:0', 'closes': '21:30'}]","{'@type': 'PostalAddress', 'addressLocality': 'Seaside', 'addressRegion': 'CA', 'postalCode': '93955', 'addressCountry': 'US', 'streetAddress': '1175 Fremont Boulevard'}","{'@type': 'GeoCoordinates', 'latitude': 36.6022902, 'longitude': -121.8492148}",{}
Teriyaki Madness (110 General Stilwell),https://www.ubereats.com/san-francisco/food-delivery/teriyaki-madness-110-general-stilwell/HaC7j6npQ7qgt3dvoX788Q,seaside-california,"['Comfort Food', 'Fast Food', 'Asian']",4.7,130,$,36.6653805,-121.8112864,+18313244932,93933,110 General StilwellBuilding B #102,Marina,California,"[{'@type': 'OpeningHoursSpecification', 'dayOfWeek': 'Sunday', 'opens': '11:0', 'closes': '19:30'}, {'@type': 'OpeningHoursSpecification', 'dayOfWeek': ['Monday', 'Tuesday', 'Wednesday', 'Thursday', 'Friday', 'Saturday'], 'opens': '11:0', 'closes': '20:30'}]","{'@type': 'PostalAddress', 'addressLocality': 'Marina', 'addressRegion': 'California', 'postalCode': '93933', 'addressCountry': 'US', 'streetAddress': '110 General StilwellBuilding B #102'}","{'@type': 'GeoCoordinates', 'latitude': 36.6653805, 'longitude': -121.8112864}","{'@type': 'AggregateRating', 'ratingValue': 4.7, 'reviewCount': '130'}"
Monterey Crepe Company,https://www.ubereats.com/san-francisco/food-delivery/monterey-crepe-company/RNWUmaPvRPSwBR0XtssuYw,seaside-california,"['Desserts', 'Vegetarian', 'Coffee and Tea']",4.8,20,$,36.60045739999999,-121.8941119,+18313734646,93940,321 Alvarado St,Monterey,CA,"[{'@type': 'OpeningHoursSpecification', 'dayOfWeek': ['Monday', 'Tuesday', 'Wednesday', 'Thursday', 'Friday', 'Saturday', 'Sunday'], 'opens': '8:0', 'closes': '18:0'}]","{'@type': 'PostalAddress', 'addressLocality': 'Monterey', 'addressRegion': 'CA', 'postalCode': '93940', 'addressCountry': 'US', 'streetAddress': '321 Alvarado St'}","{'@type': 'GeoCoordinates', 'latitude': 36.60045739999999, 'longitude': -121.8941119}","{'@type': 'AggregateRating', 'ratingValue': 4.8, 'reviewCount': '20'}"
Flaherty's Seafood Grill & Oyster Bar,https://www.ubereats.com/san-francisco/food-delivery/flahertys-seafood-grill-%26-oyster-bar/rSw-OwufTqqAwpfU-LlJQw,seaside-california,"['Seafood', 'American', 'Southern']",,,$,36.55565,-121.9223483,+18316251500,93921,"6th Ave , Between Dolores & San Carlos",Carmel-By-The-Sea,CA,"[{'@type': 'OpeningHoursSpecification', 'dayOfWeek': ['Monday', 'Tuesday', 'Wednesday', 'Thursday', 'Friday', 'Saturday', 'Sunday'], 'opens': '12:0', 'closes': '19:25'}]","{'@type': 'PostalAddress', 'addressLocality': 'Carmel-By-The-Sea', 'addressRegion': 'CA', 'postalCode': '93921', 'addressCountry': 'US', 'streetAddress': '6th Ave , Between Dolores & San Carlos'}","{'@type': 'GeoCoordinates', 'latitude': 36.55565, 'longitude': -121.9223483}",{}
MommaLan's Kitchen ,https://www.ubereats.com/san-francisco/food-delivery/mommalans-kitchen/lE-mfphcSjqXkzW0AVjzag,seaside-california,"['Soul Food', 'American', 'Comfort Food']",,,,36.6180131,-121.8425609,+18312387826,93955,1000 Playa Avenue,Seaside,CA,"[{'@type': 'OpeningHoursSpecification', 'dayOfWeek': 'Sunday', 'opens': '13:0', 'closes': '16:0'}, {'@type': 'OpeningHoursSpecification', 'dayOfWeek': ['Friday', 'Saturday'], 'opens': '12:0', 'closes': '19:0'}]","{'@type': 'PostalAddress', 'addressLocality': 'Seaside', 'addressRegion': 'CA', 'postalCode': '93955', 'addressCountry': 'US', 'streetAddress': '1000 Playa Avenue'}","{'@type': 'GeoCoordinates', 'latitude': 36.6180131, 'longitude': -121.8425609}",{}
Oh Sushi!,https://www.ubereats.com/san-francisco/food-delivery/oh-sushi!/1AJqVUe8TzCYnkuzpocz_w,seaside-california,"['Sushi', 'Asian', 'Japanese']",,,$,36.5951503,-121.8660009,+18312476202,93940,2030 N Fremont St,Monterey,CA,"[{'@type': 'OpeningHoursSpecification', 'dayOfWeek': 'Sunday', 'opens': '16:0', 'closes': '21:45'}, {'@type': 'OpeningHoursSpecification', 'dayOfWeek': ['Monday', 'Tuesday', 'Wednesday', 'Thursday', 'Friday', 'Saturday'], 'opens': '11:0', 'closes': '14:30'}, {'@type': 'OpeningHoursSpecification', 'dayOfWeek': ['Monday', 'Tuesday', 'Wednesday', 'Thursday', 'Friday', 'Saturday'], 'opens': '17:0', 'closes': '21:45'}]","{'@type': 'PostalAddress', 'addressLocality': 'Monterey', 'addressRegion': 'CA', 'postalCode': '93940', 'addressCountry': 'US', 'streetAddress': '2030 N Fremont St'}","{'@type': 'GeoCoordinates', 'latitude': 36.5951503, 'longitude': -121.8660009}",{}
Jack in the Box (3478) 435 Canyon Del Rey Blvd,https://www.ubereats.com/san-francisco/food-delivery/jack-in-the-box-3478-435-canyon-del-rey-blvd/rbLmo20HRLyUcO_AaNgyrA,seaside-california,"['American', 'burger', 'Fast Food']",4.7,38,$,36.5816573,-121.8290171,+18318998615,93940,435 Canyon Del Rey Blvd,Del Rey Oaks,CA,"[{'@type': 'OpeningHoursSpecification', 'dayOfWeek': ['Monday', 'Tuesday', 'Wednesday', 'Thursday', 'Friday', 'Saturday', 'Sunday'], 'opens': '5:30', 'closes': '0:0'}]","{'@type': 'PostalAddress', 'addressLocality': 'Del Rey Oaks', 'addressRegion': 'CA', 'postalCode': '93940', 'addressCountry': 'US', 'streetAddress': '435 Canyon Del Rey Blvd'}","{'@type': 'GeoCoordinates', 'latitude': 36.5816573, 'longitude': -121.8290171}","{'@type': 'AggregateRating', 'ratingValue': 4.7, 'reviewCount': '38'}"
TOGOs (1620 Fremont Blvd),https://www.ubereats.com/san-francisco/food-delivery/togos-1620-fremont-blvd/dFd_nkQJSxGJEz70_r6iPQ,seaside-california,"['Sandwich', 'American']",4.7,33,$,36.6098441,-121.8448107,+18312647438,93955,1620 Fremont Blvd,Seaside,CA,"[{'@type': 'OpeningHoursSpecification', 'dayOfWeek': 'Sunday', 'opens': '10:0', 'closes': '18:40'}, {'@type': 'OpeningHoursSpecification', 'dayOfWeek': ['Monday', 'Tuesday', 'Wednesday', 'Thursday', 'Friday', 'Saturday'], 'opens': '10:0', 'closes': '19:40'}]","{'@type': 'PostalAddress', 'addressLocality': 'Seaside', 'addressRegion': 'CA', 'postalCode': '93955', 'addressCountry': 'US', 'streetAddress': '1620 Fremont Blvd'}","{'@type': 'GeoCoordinates', 'latitude': 36.6098441, 'longitude': -121.8448107}","{'@type': 'AggregateRating', 'ratingValue': 4.7, 'reviewCount': '33'}"
Subway (2440 Fremont St),https://www.ubereats.com/san-francisco/food-delivery/subway-2440-fremont-st/oBvLPkxuRyyRQn01-QB8hA,seaside-california,"['Fast Food', 'Sandwich', 'American']",,,$,36.59718549999999,-121.851502,+18313756060,93940,2440 Fremont St,Monterey,CA,"[{'@type': 'OpeningHoursSpecification', 'dayOfWeek': ['Monday', 'Tuesday', 'Wednesday', 'Thursday', 'Friday', 'Saturday', 'Sunday'], 'opens': '9:0', 'closes': '19:30'}]","{'@type': 'PostalAddress', 'addressLocality': 'Monterey', 'addressRegion': 'CA', 'postalCode': '93940', 'addressCountry': 'US', 'streetAddress': '2440 Fremont St'}","{'@type': 'GeoCoordinates', 'latitude': 36.59718549999999, 'longitude': -121.851502}",{}
El Milagro Restaurant (Seaside),https://www.ubereats.com/san-francisco/food-delivery/el-milagro-restaurant-seaside/f-F2ajJlQnaRUSZA1lyqgw,seaside-california,['Mexican'],,,$,36.6088947,-121.8422501,+18313244125,93955,1104 Broadway Ave,Seaside,CA,"[{'@type': 'OpeningHoursSpecification', 'dayOfWeek': 'Sunday', 'opens': '9:0', 'closes': '21:0'}, {'@type': 'OpeningHoursSpecification', 'dayOfWeek': ['Monday', 'Tuesday', 'Wednesday', 'Thursday', 'Friday'], 'opens': '10:0', 'closes': '21:0'}, {'@type': 'OpeningHoursSpecification', 'dayOfWeek': 'Saturday', 'opens': '9:0', 'closes': '21:0'}]","{'@type': 'PostalAddress', 'addressLocality': 'Seaside', 'addressRegion': 'CA', 'postalCode': '93955', 'addressCountry': 'US', 'streetAddress': '1104 Broadway Ave'}","{'@type': 'GeoCoordinates', 'latitude': 36.6088947, 'longitude': -121.8422501}",{}
Jamba Juice (2160-C California Ave.),https://www.ubereats.com/san-francisco/food-delivery/jamba-juice-2160-c-california-ave/SrbGCmz4SkOAvTuDnEMPWA,seaside-california,['Juice and Smoothies'],5.0,20,$,36.622381,-121.8441171,+18315839696,93955,2160-C California Ave.,Sand City,CA,"[{'@type': 'OpeningHoursSpecification', 'dayOfWeek': 'Sunday', 'opens': '8:0', 'closes': '20:0'}, {'@type': 'OpeningHoursSpecification', 'dayOfWeek': ['Monday', 'Tuesday', 'Wednesday', 'Thursday', 'Friday'], 'opens': '7:0', 'closes': '21:0'}, {'@type': 'OpeningHoursSpecification', 'dayOfWeek': 'Saturday', 'opens': '8:0', 'closes': '20:0'}]","{'@type': 'PostalAddress', 'addressLocality': 'Sand City', 'addressRegion': 'CA', 'postalCode': '93955', 'addressCountry': 'US', 'streetAddress': '2160-C California Ave.'}","{'@type': 'GeoCoordinates', 'latitude': 36.622381, 'longitude': -121.8441171}","{'@type': 'AggregateRating', 'ratingValue': 5, 'reviewCount': '20'}"
"Blaze Pizza (110 General Stilwell Dr, Suite 106)",https://www.ubereats.com/san-francisco/food-delivery/blaze-pizza-110-general-stilwell-dr-suite-106/hlTChxuJREmzeC46dZ5KcQ,seaside-california,"['Pizza', 'Family Meals', 'American']",4.3,49,$,36.6653805,-121.8112864,+18313240246,93933,110 General Stilwell Dr,Monterey,CA,"[{'@type': 'OpeningHoursSpecification', 'dayOfWeek': ['Sunday', 'Monday', 'Tuesday', 'Wednesday', 'Thursday'], 'opens': '11:0', 'closes': '20:30'}, {'@type': 'OpeningHoursSpecification', 'dayOfWeek': ['Friday', 'Saturday'], 'opens': '11:0', 'closes': '21:30'}]","{'@type': 'PostalAddress', 'addressLocality': 'Monterey', 'addressRegion': 'CA', 'postalCode': '93933', 'addressCountry': 'US', 'streetAddress': '110 General Stilwell Dr'}","{'@type': 'GeoCoordinates', 'latitude': 36.6653805, 'longitude': -121.8112864}","{'@type': 'AggregateRating', 'ratingValue': 4.3, 'reviewCount': '49'}"
Burger King (1090 Fremont Boulevard),https://www.ubereats.com/san-francisco/food-delivery/burger-king-1090-fremont-boulevard/zj9VSBkeRF6AV8RGb9e_rg,seaside-california,"['American', 'burger', 'Fast Food']",4.5,70,$,36.59953660000001,-121.8497228,+18313943000,93955,1090 Fremont Boulevard,Seaside,CA,"[{'@type': 'OpeningHoursSpecification', 'dayOfWeek': 'Sunday', 'opens': '7:30', 'closes': '10:29'}, {'@type': 'OpeningHoursSpecification', 'dayOfWeek': 'Sunday', 'opens': '10:30', 'closes': '23:30'}, {'@type': 'OpeningHoursSpecification', 'dayOfWeek': ['Monday', 'Tuesday', 'Wednesday', 'Thursday', 'Friday', 'Saturday'], 'opens': '6:30', 'closes': '10:29'}, {'@type': 'OpeningHoursSpecification', 'dayOfWeek': ['Monday', 'Tuesday', 'Wednesday', 'Thursday', 'Friday', 'Saturday'], 'opens': '10:30', 'closes': '23:30'}]","{'@type': 'PostalAddress', 'addressLocality': 'Seaside', 'addressRegion': 'CA', 'postalCode': '93955', 'addressCountry': 'US', 'streetAddress': '1090 Fremont Boulevard'}","{'@type': 'GeoCoordinates', 'latitude': 36.59953660000001, 'longitude': -121.8497228}","{'@type': 'AggregateRating', 'ratingValue': 4.5, 'reviewCount': '70'}"
McDonald's (990 PLAYA AVENUE),https://www.ubereats.com/san-francisco/food-delivery/mcdonalds-990-playa-avenue/WrbNd9hGSYOzG7xtfwcBAg,seaside-california,"['American', 'Burgers', 'Fast Food']",4.5,139,$,36.619024,-121.844101,+18313920311,93955,990 PLAYA AVENUE,SAND CITY,CA,"[{'@type': 'OpeningHoursSpecification', 'dayOfWeek': 'Sunday', 'opens': '6:0', 'closes': '10:59'}, {'@type': 'OpeningHoursSpecification', 'dayOfWeek': 'Sunday', 'opens': '11:0', 'closes': '16:59'}, {'@type': 'OpeningHoursSpecification', 'dayOfWeek': 'Sunday', 'opens': '17:0', 'closes': '22:0'}, {'@type': 'OpeningHoursSpecification', 'dayOfWeek': ['Monday', 'Tuesday', 'Wednesday', 'Thursday', 'Friday'], 'opens': '6:0', 'closes': '10:29'}, {'@type': 'OpeningHoursSpecification', 'dayOfWeek': ['Monday', 'Tuesday', 'Wednesday', 'Thursday', 'Friday'], 'opens': '10:30', 'closes': '16:59'}, {'@type': 'OpeningHoursSpecification', 'dayOfWeek': ['Monday', 'Tuesday', 'Wednesday', 'Thursday', 'Friday'], 'opens': '17:0', 'closes': '22:0'}, {'@type': 'OpeningHoursSpecification', 'dayOfWeek': 'Saturday', 'opens': '6:0', 'closes': '10:59'}, {'@type': 'OpeningHoursSpecification', 'dayOfWeek': 'Saturday', 'opens': '11:0', 'closes': '16:59'}, {'@type': 'OpeningHoursSpecification', 'dayOfWeek': 'Saturday', 'opens': '17:0', 'closes': '22:0'}]","{'@type': 'PostalAddress', 'addressLocality': 'SAND CITY', 'addressRegion': 'CA', 'postalCode': '93955', 'addressCountry': 'US', 'streetAddress': '990 PLAYA AVENUE'}","{'@type': 'GeoCoordinates', 'latitude': 36.619024, 'longitude': -121.844101}","{'@type': 'AggregateRating', 'ratingValue': 4.5, 'reviewCount': '139'}"
Archie's American Diner,https://www.ubereats.com/san-francisco/food-delivery/archies-american-diner/zeH2Uv5aT929qWv-RVFi6w,seaside-california,"['American', 'Diner', 'Sandwich']",4.7,11,$,36.6188472,-121.9045518,+18312242470,93950,"125 Ocean View Blvd, 102",Pacific Grove,CA,"[{'@type': 'OpeningHoursSpecification', 'dayOfWeek': ['Monday', 'Tuesday', 'Wednesday', 'Thursday', 'Friday', 'Saturday', 'Sunday'], 'opens': '9:30', 'closes': '17:0'}, {'@type': 'OpeningHoursSpecification', 'dayOfWeek': ['Monday', 'Tuesday', 'Wednesday', 'Thursday', 'Friday', 'Saturday', 'Sunday'], 'opens': '9:0', 'closes': '12:0'}]","{'@type': 'PostalAddress', 'addressLocality': 'Pacific Grove', 'addressRegion': 'CA', 'postalCode': '93950', 'addressCountry': 'US', 'streetAddress': '125 Ocean View Blvd, 102'}","{'@type': 'GeoCoordinates', 'latitude': 36.6188472, 'longitude': -121.9045518}","{'@type': 'AggregateRating', 'ratingValue': 4.7, 'reviewCount': '11'}"
Starbucks (Canyon Del Rey & Del Monte),https://www.ubereats.com/san-francisco/food-delivery/starbucks-canyon-del-rey-%26-del-monte/mrPcx_umQJudivYP8CuyAQ,seaside-california,"['Cafe', 'Coffee & Tea', 'Breakfast and Brunch', 'Bakery']",4.8,192,$,36.6079711,-121.8555981,+18313931835,93955,1504 Canyon Del Rey,Seaside,CA,"[{'@type': 'OpeningHoursSpecification', 'dayOfWeek': 'Sunday', 'opens': '4:30', 'closes': '23:0'}, {'@type': 'OpeningHoursSpecification', 'dayOfWeek': ['Monday', 'Tuesday', 'Wednesday', 'Thursday'], 'opens': '4:30', 'closes': '22:30'}, {'@type': 'OpeningHoursSpecification', 'dayOfWeek': ['Friday', 'Saturday'], 'opens': '4:30', 'closes': '23:0'}]","{'@type': 'PostalAddress', 'addressLocality': 'Seaside', 'addressRegion': 'CA', 'postalCode': '93955', 'addressCountry': 'US', 'streetAddress': '1504 Canyon Del Rey'}","{'@type': 'GeoCoordinates', 'latitude': 36.6079711, 'longitude': -121.8555981}","{'@type': 'AggregateRating', 'ratingValue': 4.8, 'reviewCount': '192'}"
Panda Express (570 Munras Ave.),https://www.ubereats.com/san-francisco/food-delivery/panda-express-570-munras-ave/Wta7W7hcRFCExRioO7nBwg,seaside-california,"['Chinese', 'Family Meals']",4.4,129,$,36.5965585,-121.8943519,+18319203992,93940,570 Munras Ave.,Monterey,CA,"[{'@type': 'OpeningHoursSpecification', 'dayOfWeek': ['Monday', 'Tuesday', 'Wednesday', 'Thursday', 'Friday', 'Saturday', 'Sunday'], 'opens': '10:0', 'closes': '19:30'}]","{'@type': 'PostalAddress', 'addressLocality': 'Monterey', 'addressRegion': 'CA', 'postalCode': '93940', 'addressCountry': 'US', 'streetAddress': '570 Munras Ave.'}","{'@type': 'GeoCoordinates', 'latitude': 36.5965585, 'longitude': -121.8943519}","{'@type': 'AggregateRating', 'ratingValue': 4.4, 'reviewCount': '129'}"
Mountain Mike's Pizza,https://www.ubereats.com/san-francisco/food-delivery/mountain-mikes-pizza/H7LUNcbqSVK2UhuTMF-VmQ,seaside-california,"['American', 'Salads', 'Pizza']",4.6,16,$,36.5418299,-121.9061063,+18316241007,93923,26541,Carmel,CA,"[{'@type': 'OpeningHoursSpecification', 'dayOfWeek': 'Sunday', 'opens': '11:0', 'closes': '20:0'}, {'@type': 'OpeningHoursSpecification', 'dayOfWeek': ['Monday', 'Tuesday', 'Wednesday', 'Thursday', 'Friday', 'Saturday'], 'opens': '10:30', 'closes': '21:0'}]","{'@type': 'PostalAddress', 'addressLocality': 'Carmel', 'addressRegion': 'CA', 'postalCode': '93923', 'addressCountry': 'US', 'streetAddress': '26541'}","{'@type': 'GeoCoordinates', 'latitude': 36.5418299, 'longitude': -121.9061063}","{'@type': 'AggregateRating', 'ratingValue': 4.6, 'reviewCount': '16'}"
Chipotle Mexican Grill (2140 California Ave),https://www.ubereats.com/san-francisco/food-delivery/chipotle-mexican-grill-2140-california-ave/AMgS8b02Rom8l4ifd0v1fg,seaside-california,"['Healthy', 'Mexican']",4.5,109,$,36.6226164,-121.8436377,+18318991096,93955,2140 California Ave,Sand City,CA,"[{'@type': 'OpeningHoursSpecification', 'dayOfWeek': ['Monday', 'Tuesday', 'Wednesday', 'Thursday', 'Friday', 'Saturday', 'Sunday'], 'opens': '10:45', 'closes': '21:40'}]","{'@type': 'PostalAddress', 'addressLocality': 'Sand City', 'addressRegion': 'CA', 'postalCode': '93955', 'addressCountry': 'US', 'streetAddress': '2140 California Ave'}","{'@type': 'GeoCoordinates', 'latitude': 36.6226164, 'longitude': -121.8436377}","{'@type': 'AggregateRating', 'ratingValue': 4.5, 'reviewCount': '109'}"
Pizza My Heart - Monterey,https://www.ubereats.com/san-francisco/food-delivery/pizza-my-heart-monterey/EC7mvClBR0GAIksitCcixg,seaside-california,"['Pizza', 'American', 'Italian']",4.8,104,$,36.5834124,-121.8961606,+18316569400,93940,660 Del Monte Center,Monterey,CA,"[{'@type': 'OpeningHoursSpecification', 'dayOfWeek': ['Monday', 'Tuesday', 'Wednesday', 'Thursday', 'Friday', 'Saturday', 'Sunday'], 'opens': '11:0', 'closes': '22:0'}]","{'@type': 'PostalAddress', 'addressLocality': 'Monterey', 'addressRegion': 'CA', 'postalCode': '93940', 'addressCountry': 'US', 'streetAddress': '660 Del Monte Center'}","{'@type': 'GeoCoordinates', 'latitude': 36.5834124, 'longitude': -121.8961606}","{'@type': 'AggregateRating', 'ratingValue': 4.8, 'reviewCount': '104'}"
Panera (2080 California Avenue),https://www.ubereats.com/san-francisco/food-delivery/panera-2080-california-avenue/woG6wlu2ST2IF0kQVAmSdQ,seaside-california,"['Breakfast and Brunch', 'salad', 'Sandwich']",4.5,37,$,36.62113039999999,-121.8430953,+18318992224,93955,2080 California Avenue,Sand City,CA,"[{'@type': 'OpeningHoursSpecification', 'dayOfWeek': ['Monday', 'Tuesday', 'Wednesday', 'Thursday', 'Friday', 'Saturday', 'Sunday'], 'opens': '8:0', 'closes': '19:30'}]","{'@type': 'PostalAddress', 'addressLocality': 'Sand City', 'addressRegion': 'CA', 'postalCode': '93955', 'addressCountry': 'US', 'streetAddress': '2080 California Avenue'}","{'@type': 'GeoCoordinates', 'latitude': 36.62113039999999, 'longitude': -121.8430953}","{'@type': 'AggregateRating', 'ratingValue': 4.5, 'reviewCount': '37'}"
Cold Stone Creamery (20282),https://www.ubereats.com/san-francisco/food-delivery/cold-stone-creamery-20282/URuRZzFdThSEX7P1p6IfRw,seaside-california,"['Ice Cream & Frozen Yogurt', 'Desserts']",4.4,69,$,36.584972,-121.893998,+18316491346,93940,1470 Del Monte Center,Monterey,CA,"[{'@type': 'OpeningHoursSpecification', 'dayOfWeek': ['Sunday', 'Monday', 'Tuesday', 'Wednesday', 'Thursday'], 'opens': '11:0', 'closes': '21:0'}, {'@type': 'OpeningHoursSpecification', 'dayOfWeek': ['Friday', 'Saturday'], 'opens': '11:0', 'closes': '22:0'}]","{'@type': 'PostalAddress', 'addressLocality': 'Monterey', 'addressRegion': 'CA', 'postalCode': '93940', 'addressCountry': 'US', 'streetAddress': '1470 Del Monte Center'}","{'@type': 'GeoCoordinates', 'latitude': 36.584972, 'longitude': -121.893998}","{'@type': 'AggregateRating', 'ratingValue': 4.4, 'reviewCount': '69'}"
Montrio Bistro,https://www.ubereats.com/san-francisco/food-delivery/montrio-bistro/x-m_eGm4TgKyOZzX5nh7lg,seaside-california,"['American', 'Gourmet']",,,$$$,36.599774,-121.8953841,+18316488880,93940,414 Calle Principal,Monterey,CA,"[{'@type': 'OpeningHoursSpecification', 'dayOfWeek': ['Monday', 'Tuesday', 'Wednesday', 'Thursday', 'Friday', 'Saturday', 'Sunday'], 'opens': '17:0', 'closes': '20:45'}]","{'@type': 'PostalAddress', 'addressLocality': 'Monterey', 'addressRegion': 'CA', 'postalCode': '93940', 'addressCountry': 'US', 'streetAddress': '414 Calle Principal'}","{'@type': 'GeoCoordinates', 'latitude': 36.599774, 'longitude': -121.8953841}",{}
Poke House (Monterey),https://www.ubereats.com/san-francisco/food-delivery/poke-house-monterey/6auparM7RMOstKbCW1-wOA,seaside-california,"['Asian', 'Rolls', 'Seafood']",4.7,126,$,36.5831878,-121.8955464,+18317471603,93940,515 Del Monte Center,Monterey,CA,"[{'@type': 'OpeningHoursSpecification', 'dayOfWeek': ['Monday', 'Tuesday', 'Wednesday', 'Thursday', 'Friday', 'Saturday', 'Sunday'], 'opens': '11:0', 'closes': '20:30'}]","{'@type': 'PostalAddress', 'addressLocality': 'Monterey', 'addressRegion': 'CA', 'postalCode': '93940', 'addressCountry': 'US', 'streetAddress': '515 Del Monte Center'}","{'@type': 'GeoCoordinates', 'latitude': 36.5831878, 'longitude': -121.8955464}","{'@type': 'AggregateRating', 'ratingValue': 4.7, 'reviewCount': '126'}"
I'm Thai Cuisine (3170 Vista Del Camino),https://www.ubereats.com/san-francisco/food-delivery/im-thai-cuisine-3170-vista-del-camino/J0fSPLj8RNSO8X1KQMvdyQ,seaside-california,"['Thai', 'Noodles', 'Seafood']",4.3,14,$,36.6873708,-121.7965133,+18313342922,93933,3170 Vista Del Camino,Marina,CA,"[{'@type': 'OpeningHoursSpecification', 'dayOfWeek': ['Monday', 'Tuesday', 'Wednesday', 'Thursday', 'Friday', 'Saturday', 'Sunday'], 'opens': '0:0', 'closes': '20:30'}]","{'@type': 'PostalAddress', 'addressLocality': 'Marina', 'addressRegion': 'CA', 'postalCode': '93933', 'addressCountry': 'US', 'streetAddress': '3170 Vista Del Camino'}","{'@type': 'GeoCoordinates', 'latitude': 36.6873708, 'longitude': -121.7965133}","{'@type': 'AggregateRating', 'ratingValue': 4.3, 'reviewCount': '14'}"
Chipotle Mexican Grill (500 Del Monte Ctr Ste 30),https://www.ubereats.com/san-francisco/food-delivery/chipotle-mexican-grill-500-del-monte-ctr-ste-30/ASAaeCpGQ8q7PEFUKvhDew,seaside-california,"['Healthy', 'Mexican']",4.4,80,$,36.5835079,-121.8968199,+18316419353,93940,500 Del Monte Ctr Ste 30,Monterey,CA,"[{'@type': 'OpeningHoursSpecification', 'dayOfWeek': 'Sunday', 'opens': '10:45', 'closes': '20:40'}, {'@type': 'OpeningHoursSpecification', 'dayOfWeek': ['Monday', 'Tuesday', 'Wednesday', 'Thursday', 'Friday', 'Saturday'], 'opens': '10:45', 'closes': '21:40'}]","{'@type': 'PostalAddress', 'addressLocality': 'Monterey', 'addressRegion': 'CA', 'postalCode': '93940', 'addressCountry': 'US', 'streetAddress': '500 Del Monte Ctr Ste 30'}","{'@type': 'GeoCoordinates', 'latitude': 36.5835079, 'longitude': -121.8968199}","{'@type': 'AggregateRating', 'ratingValue': 4.4, 'reviewCount': '80'}"
Bubba Gump Shrimp Co (720 Cannery Row),https://www.ubereats.com/san-francisco/food-delivery/bubba-gump-shrimp-co-720-cannery-row/6LhdknkWQGqIdPXs6qXIug,seaside-california,"['Seafood', 'American', 'Southern']",3.9,31,$,36.6167825,-121.9001505,+18313731884,93940,720 Cannery Row,Monterey,CA,"[{'@type': 'OpeningHoursSpecification', 'dayOfWeek': 'Sunday', 'opens': '11:0', 'closes': '20:0'}, {'@type': 'OpeningHoursSpecification', 'dayOfWeek': ['Monday', 'Tuesday', 'Wednesday', 'Thursday'], 'opens': '12:0', 'closes': '20:0'}, {'@type': 'OpeningHoursSpecification', 'dayOfWeek': ['Friday', 'Saturday'], 'opens': '11:30', 'closes': '21:0'}]","{'@type': 'PostalAddress', 'addressLocality': 'Monterey', 'addressRegion': 'CA', 'postalCode': '93940', 'addressCountry': 'US', 'streetAddress': '720 Cannery Row'}","{'@type': 'GeoCoordinates', 'latitude': 36.6167825, 'longitude': -121.9001505}","{'@type': 'AggregateRating', 'ratingValue': 3.9, 'reviewCount': '31'}"
Aabha Indian Grill,https://www.ubereats.com/san-francisco/food-delivery/aabha-indian-grill/vZolsvT5Ruu6LfKvlcPDLQ,seaside-california,"['Indian', 'Vegetarian', 'Asian']",,,$,36.5995663,-121.8947042,+18316417924,93940,414 Alvarado St,Monterey,CA,"[{'@type': 'OpeningHoursSpecification', 'dayOfWeek': ['Monday', 'Tuesday', 'Wednesday', 'Thursday', 'Friday', 'Saturday', 'Sunday'], 'opens': '0:0', 'closes': '0:0'}]","{'@type': 'PostalAddress', 'addressLocality': 'Monterey', 'addressRegion': 'CA', 'postalCode': '93940', 'addressCountry': 'US', 'streetAddress': '414 Alvarado St'}","{'@type': 'GeoCoordinates', 'latitude': 36.5995663, 'longitude': -121.8947042}",{}
SiamMarina Thai Cuisine,https://www.ubereats.com/san-francisco/food-delivery/siammarina-thai-cuisine/cFxAclHAT8enPppjvd92YA,seaside-california,"['Thai', 'Asian', 'Noodles']",4.9,12,$,36.6802117,-121.8048294,+18318839399,93933,210 Reindollar Avenue,Marina,CA,"[{'@type': 'OpeningHoursSpecification', 'dayOfWeek': ['Monday', 'Tuesday', 'Wednesday', 'Thursday', 'Friday', 'Saturday'], 'opens': '11:30', 'closes': '14:0'}, {'@type': 'OpeningHoursSpecification', 'dayOfWeek': ['Monday', 'Tuesday', 'Wednesday', 'Thursday', 'Friday', 'Saturday'], 'opens': '17:0', 'closes': '20:0'}]","{'@type': 'PostalAddress', 'addressLocality': 'Marina', 'addressRegion': 'CA', 'postalCode': '93933', 'addressCountry': 'US', 'streetAddress': '210 Reindollar Avenue'}","{'@type': 'GeoCoordinates', 'latitude': 36.6802117, 'longitude': -121.8048294}","{'@type': 'AggregateRating', 'ratingValue': 4.9, 'reviewCount': '12'}"
Ambrosia India Bistro - Downtown,https://www.ubereats.com/san-francisco/food-delivery/ambrosia-india-bistro-downtown/71K3ZLcTS7Om0CBatOUldQ,seaside-california,"['Indian', 'Vegetarian', 'Asian']",4.3,61,$,36.59714659999999,-121.8921254,+18316410610,93940,565 Abrego Street,Monterey,CA,"[{'@type': 'OpeningHoursSpecification', 'dayOfWeek': 'Sunday', 'opens': '11:0', 'closes': '14:0'}, {'@type': 'OpeningHoursSpecification', 'dayOfWeek': 'Sunday', 'opens': '16:30', 'closes': '20:30'}, {'@type': 'OpeningHoursSpecification', 'dayOfWeek': 'Sunday', 'opens': '11:30', 'closes': '14:30'}, {'@type': 'OpeningHoursSpecification', 'dayOfWeek': 'Sunday', 'opens': '17:0', 'closes': '21:30'}, {'@type': 'OpeningHoursSpecification', 'dayOfWeek': ['Monday', 'Tuesday', 'Wednesday', 'Thursday'], 'opens': '11:0', 'closes': '14:0'}, {'@type': 'OpeningHoursSpecification', 'dayOfWeek': ['Monday', 'Tuesday', 'Wednesday', 'Thursday'], 'opens': '16:30', 'closes': '20:30'}, {'@type': 'OpeningHoursSpecification', 'dayOfWeek': ['Monday', 'Tuesday', 'Wednesday', 'Thursday'], 'opens': '11:30', 'closes': '14:30'}, {'@type': 'OpeningHoursSpecification', 'dayOfWeek': ['Monday', 'Tuesday', 'Wednesday', 'Thursday'], 'opens': '17:0', 'closes': '21:0'}, {'@type': 'OpeningHoursSpecification', 'dayOfWeek': 'Friday', 'opens': '11:0', 'closes': '14:0'}, {'@type': 'OpeningHoursSpecification', 'dayOfWeek': 'Friday', 'opens': '16:30', 'closes': '21:0'}, {'@type': 'OpeningHoursSpecification', 'dayOfWeek': 'Friday', 'opens': '11:30', 'closes': '14:30'}, {'@type': 'OpeningHoursSpecification', 'dayOfWeek': 'Friday', 'opens': '17:0', 'closes': '21:0'}, {'@type': 'OpeningHoursSpecification', 'dayOfWeek': 'Saturday', 'opens': '11:0', 'closes': '14:0'}, {'@type': 'OpeningHoursSpecification', 'dayOfWeek': 'Saturday', 'opens': '16:30', 'closes': '21:0'}, {'@type': 'OpeningHoursSpecification', 'dayOfWeek': 'Saturday', 'opens': '11:30', 'closes': '14:30'}, {'@type': 'OpeningHoursSpecification', 'dayOfWeek': 'Saturday', 'opens': '17:0', 'closes': '21:30'}]","{'@type': 'PostalAddress', 'addressLocality': 'Monterey', 'addressRegion': 'CA', 'postalCode': '93940', 'addressCountry': 'US', 'streetAddress': '565 Abrego Street'}","{'@type': 'GeoCoordinates', 'latitude': 36.59714659999999, 'longitude': -121.8921254}","{'@type': 'AggregateRating', 'ratingValue': 4.3, 'reviewCount': '61'}"
The Wild Plum Cafe and Bakery,https://www.ubereats.com/san-francisco/food-delivery/the-wild-plum-cafe-and-bakery/wvENwj65T8a2gI8MTTzZ5w,seaside-california,"['Sandwiches', 'American', 'Healthy']",,,$,36.5895452,-121.897007,+18312367247,93940,Munras Avenue B,Monterey,CA,"[{'@type': 'OpeningHoursSpecification', 'dayOfWeek': ['Sunday', 'Monday'], 'opens': '7:0', 'closes': '15:0'}, {'@type': 'OpeningHoursSpecification', 'dayOfWeek': ['Wednesday', 'Thursday', 'Friday', 'Saturday'], 'opens': '7:0', 'closes': '15:0'}]","{'@type': 'PostalAddress', 'addressLocality': 'Monterey', 'addressRegion': 'CA', 'postalCode': '93940', 'addressCountry': 'US', 'streetAddress': 'Munras Avenue B'}","{'@type': 'GeoCoordinates', 'latitude': 36.5895452, 'longitude': -121.897007}",{}
Taste of India,https://www.ubereats.com/san-francisco/food-delivery/taste-of-india/6dsU-7SUT3KarIRQ0ZbZ2g,seaside-california,"['Indian', 'Vegetarian', 'Asian']",4.6,29,$,36.6053607,-121.9216664,+18316417493,93950,1180 Forest Avenue #A,Pacific Grove,CA,"[{'@type': 'OpeningHoursSpecification', 'dayOfWeek': ['Sunday', 'Monday'], 'opens': '11:0', 'closes': '14:0'}, {'@type': 'OpeningHoursSpecification', 'dayOfWeek': ['Sunday', 'Monday'], 'opens': '17:0', 'closes': '21:0'}, {'@type': 'OpeningHoursSpecification', 'dayOfWeek': ['Wednesday', 'Thursday', 'Friday', 'Saturday'], 'opens': '11:0', 'closes': '14:0'}, {'@type': 'OpeningHoursSpecification', 'dayOfWeek': ['Wednesday', 'Thursday', 'Friday', 'Saturday'], 'opens': '17:0', 'closes': '21:0'}]","{'@type': 'PostalAddress', 'addressLocality': 'Pacific Grove', 'addressRegion': 'CA', 'postalCode': '93950', 'addressCountry': 'US', 'streetAddress': '1180 Forest Avenue #A'}","{'@type': 'GeoCoordinates', 'latitude': 36.6053607, 'longitude': -121.9216664}","{'@type': 'AggregateRating', 'ratingValue': 4.6, 'reviewCount': '29'}"
Carl's Jr. (902 Lighthouse Ave),https://www.ubereats.com/san-francisco/food-delivery/carls-jr-902-lighthouse-ave/6pR1VYxyQSGqqSF7a2CmLA,seaside-california,"['Fast Food', 'Burgers', 'Salads', 'Burritos', 'American']",4.3,33,$,36.6172557,-121.9044184,+18313754264,93940,902 Lighthouse Ave,Monterey,CA,"[{'@type': 'OpeningHoursSpecification', 'dayOfWeek': 'Sunday', 'opens': '7:0', 'closes': '23:0'}, {'@type': 'OpeningHoursSpecification', 'dayOfWeek': 'Sunday', 'opens': '7:0', 'closes': '10:30'}, {'@type': 'OpeningHoursSpecification', 'dayOfWeek': ['Monday', 'Tuesday', 'Wednesday', 'Thursday'], 'opens': '6:30', 'closes': '23:0'}, {'@type': 'OpeningHoursSpecification', 'dayOfWeek': ['Monday', 'Tuesday', 'Wednesday', 'Thursday'], 'opens': '7:0', 'closes': '10:30'}, {'@type': 'OpeningHoursSpecification', 'dayOfWeek': ['Friday', 'Saturday'], 'opens': '6:30', 'closes': '0:0'}, {'@type': 'OpeningHoursSpecification', 'dayOfWeek': ['Friday', 'Saturday'], 'opens': '7:0', 'closes': '10:30'}]","{'@type': 'PostalAddress', 'addressLocality': 'Monterey', 'addressRegion': 'CA', 'postalCode': '93940', 'addressCountry': 'US', 'streetAddress': '902 Lighthouse Ave'}","{'@type': 'GeoCoordinates', 'latitude': 36.6172557, 'longitude': -121.9044184}","{'@type': 'AggregateRating', 'ratingValue': 4.3, 'reviewCount': '33'}"
Smashburger (130 General Stilwell Drive),https://www.ubereats.com/san-francisco/food-delivery/smashburger-130-general-stilwell-drive/fV7FYMtXRRupqR7O0oMDFg,seaside-california,"['American', 'Burgers', 'Chicken', 'Kids Friendly', 'Comfort Food']",4.6,98,$$,36.6653977,-121.8099515,+18319201250,,,,,"[{'@type': 'OpeningHoursSpecification', 'dayOfWeek': ['Monday', 'Tuesday', 'Wednesday', 'Thursday', 'Friday', 'Saturday', 'Sunday'], 'opens': '11:0', 'closes': '21:0'}]",,"{'@type': 'GeoCoordinates', 'latitude': 36.6653977, 'longitude': -121.8099515}","{'@type': 'AggregateRating', 'ratingValue': 4.6, 'reviewCount': '98'}"
Denny's (110 Reservation Road),https://www.ubereats.com/san-francisco/food-delivery/dennys-110-reservation-road/-vajpBEIRVCb8aPC5o7sCQ,seaside-california,"['Chicken Strips', 'Salads', 'Sanwiches', 'Steak', 'Family Meals']",3.6,28,$$,36.6955426,-121.8032465,+18313842854,93933,110 Reservation Road,Marina,CA,"[{'@type': 'OpeningHoursSpecification', 'dayOfWeek': ['Monday', 'Tuesday', 'Wednesday', 'Thursday', 'Friday', 'Saturday', 'Sunday'], 'opens': '7:30', 'closes': '22:0'}]","{'@type': 'PostalAddress', 'addressLocality': 'Marina', 'addressRegion': 'CA', 'postalCode': '93933', 'addressCountry': 'US', 'streetAddress': '110 Reservation Road'}","{'@type': 'GeoCoordinates', 'latitude': 36.6955426, 'longitude': -121.8032465}","{'@type': 'AggregateRating', 'ratingValue': 3.6, 'reviewCount': '28'}"
Carl's Jr. (1142 Fremont Blvd),https://www.ubereats.com/san-francisco/food-delivery/carls-jr-1142-fremont-blvd/x9su3x1XQ42CYZkPy6BysA,seaside-california,"['Fast Food', 'Burgers', 'Salads', 'Burritos', 'American']",4.4,44,$,36.6010512,-121.8490334,+18318999328,93955,1142 Fremont Blvd,Seaside,CA,"[{'@type': 'OpeningHoursSpecification', 'dayOfWeek': ['Sunday', 'Monday', 'Tuesday', 'Wednesday', 'Thursday'], 'opens': '8:0', 'closes': '11:0'}, {'@type': 'OpeningHoursSpecification', 'dayOfWeek': ['Sunday', 'Monday', 'Tuesday', 'Wednesday', 'Thursday'], 'opens': '7:0', 'closes': '22:0'}, {'@type': 'OpeningHoursSpecification', 'dayOfWeek': ['Friday', 'Saturday'], 'opens': '8:0', 'closes': '11:0'}, {'@type': 'OpeningHoursSpecification', 'dayOfWeek': ['Friday', 'Saturday'], 'opens': '8:0', 'closes': '22:0'}]","{'@type': 'PostalAddress', 'addressLocality': 'Seaside', 'addressRegion': 'CA', 'postalCode': '93955', 'addressCountry': 'US', 'streetAddress': '1142 Fremont Blvd'}","{'@type': 'GeoCoordinates', 'latitude': 36.6010512, 'longitude': -121.8490334}","{'@type': 'AggregateRating', 'ratingValue': 4.4, 'reviewCount': '44'}"
Wakatobi Japanese Grill,https://www.ubereats.com/san-francisco/food-delivery/wakatobi-japanese-grill/XfaoXdBQSw2sr4dCvgIr4g,seaside-california,"['Japanese: Other', 'Salads', 'Noodles']",4.6,42,$$,36.6007911,-121.8485542,+18317174624,,,,,"[{'@type': 'OpeningHoursSpecification', 'dayOfWeek': ['Sunday', 'Monday', 'Tuesday', 'Wednesday'], 'opens': '11:0', 'closes': '22:0'}, {'@type': 'OpeningHoursSpecification', 'dayOfWeek': ['Sunday', 'Monday', 'Tuesday', 'Wednesday'], 'opens': '11:0', 'closes': '15:0'}, {'@type': 'OpeningHoursSpecification', 'dayOfWeek': ['Sunday', 'Monday', 'Tuesday', 'Wednesday'], 'opens': '11:0', 'closes': '21:0'}, {'@type': 'OpeningHoursSpecification', 'dayOfWeek': 'Thursday', 'opens': '11:0', 'closes': '22:0'}, {'@type': 'OpeningHoursSpecification', 'dayOfWeek': 'Thursday', 'opens': '11:0', 'closes': '15:0'}, {'@type': 'OpeningHoursSpecification', 'dayOfWeek': 'Thursday', 'opens': '11:0', 'closes': '23:59'}, {'@type': 'OpeningHoursSpecification', 'dayOfWeek': 'Friday', 'opens': '14:30', 'closes': '22:0'}, {'@type': 'OpeningHoursSpecification', 'dayOfWeek': 'Friday', 'opens': '11:0', 'closes': '15:0'}, {'@type': 'OpeningHoursSpecification', 'dayOfWeek': 'Friday', 'opens': '0:0', 'closes': '9:0'}, {'@type': 'OpeningHoursSpecification', 'dayOfWeek': 'Friday', 'opens': '11:0', 'closes': '13:15'}, {'@type': 'OpeningHoursSpecification', 'dayOfWeek': 'Friday', 'opens': '14:15', 'closes': '21:0'}, {'@type': 'OpeningHoursSpecification', 'dayOfWeek': 'Saturday', 'opens': '11:0', 'closes': '22:0'}, {'@type': 'OpeningHoursSpecification', 'dayOfWeek': 'Saturday', 'opens': '11:0', 'closes': '15:0'}, {'@type': 'OpeningHoursSpecification', 'dayOfWeek': 'Saturday', 'opens': '11:0', 'closes': '21:0'}]",,"{'@type': 'GeoCoordinates', 'latitude': 36.6007911, 'longitude': -121.8485542}","{'@type': 'AggregateRating', 'ratingValue': 4.6, 'reviewCount': '42'}"
Starbucks (Hwy 1 & Tioga - Sand City),https://www.ubereats.com/san-francisco/food-delivery/starbucks-hwy-1-%26-tioga-sand-city/VeBodqhGTdOCWAyvG6fGCg,seaside-california,"['Cafe', 'Coffee & Tea', 'Breakfast and Brunch', 'Bakery']",4.7,47,$,36.622381,-121.8441171,+18313941236,93955,2160 California Avenue,Sand City,CA,"[{'@type': 'OpeningHoursSpecification', 'dayOfWeek': ['Monday', 'Tuesday', 'Wednesday', 'Thursday', 'Friday', 'Saturday', 'Sunday'], 'opens': '6:30', 'closes': '20:0'}]","{'@type': 'PostalAddress', 'addressLocality': 'Sand City', 'addressRegion': 'CA', 'postalCode': '93955', 'addressCountry': 'US', 'streetAddress': '2160 California Avenue'}","{'@type': 'GeoCoordinates', 'latitude': 36.622381, 'longitude': -121.8441171}","{'@type': 'AggregateRating', 'ratingValue': 4.7, 'reviewCount': '47'}"
Turtle Bay Taqueria,https://www.ubereats.com/san-francisco/food-delivery/turtle-bay-taqueria/myg2Odc1RU64r2SjWTrmxQ,seaside-california,"['Seafood', 'American', 'Southern']",,,$,36.6048926,-121.8479548,+18318991010,93955,1301 Fremont Blvd,Seaside,CA,"[{'@type': 'OpeningHoursSpecification', 'dayOfWeek': ['Monday', 'Tuesday'], 'opens': '12:30', 'closes': '20:0'}, {'@type': 'OpeningHoursSpecification', 'dayOfWeek': ['Wednesday', 'Thursday'], 'opens': '11:30', 'closes': '20:0'}, {'@type': 'OpeningHoursSpecification', 'dayOfWeek': ['Friday', 'Saturday'], 'opens': '11:30', 'closes': '20:30'}]","{'@type': 'PostalAddress', 'addressLocality': 'Seaside', 'addressRegion': 'CA', 'postalCode': '93955', 'addressCountry': 'US', 'streetAddress': '1301 Fremont Blvd'}","{'@type': 'GeoCoordinates', 'latitude': 36.6048926, 'longitude': -121.8479548}",{}
Allegro Gourmet Pizzeria,https://www.ubereats.com/san-francisco/food-delivery/allegro-gourmet-pizzeria/qki1YVw7RpO_NqostI84AQ,seaside-california,"['Pizza', 'American', 'Italian']",,,$,36.5404928,-121.9077938,+18316265454,93923,3770 the Barnyard,Carmel,CA,"[{'@type': 'OpeningHoursSpecification', 'dayOfWeek': ['Monday', 'Tuesday', 'Wednesday', 'Thursday', 'Friday', 'Saturday', 'Sunday'], 'opens': '11:30', 'closes': '20:0'}]","{'@type': 'PostalAddress', 'addressLocality': 'Carmel', 'addressRegion': 'CA', 'postalCode': '93923', 'addressCountry': 'US', 'streetAddress': '3770 the Barnyard'}","{'@type': 'GeoCoordinates', 'latitude': 36.5404928, 'longitude': -121.9077938}",{}
Tarpy's Roadhouse,https://www.ubereats.com/san-francisco/food-delivery/tarpys-roadhouse/X2sAzRU6TZCPl-8TzmVVUA,seaside-california,"['Burgers', 'American', 'Sandwiches']",,,$,36.5823212,-121.8301059,+18316471444,93940,2999,Monterey,CA,"[{'@type': 'OpeningHoursSpecification', 'dayOfWeek': ['Monday', 'Tuesday', 'Wednesday', 'Thursday', 'Friday', 'Saturday', 'Sunday'], 'opens': '11:30', 'closes': '20:0'}]","{'@type': 'PostalAddress', 'addressLocality': 'Monterey', 'addressRegion': 'CA', 'postalCode': '93940', 'addressCountry': 'US', 'streetAddress': '2999'}","{'@type': 'GeoCoordinates', 'latitude': 36.5823212, 'longitude': -121.8301059}",{}
Panda Express (1968 Del Monte Blvd),https://www.ubereats.com/san-francisco/food-delivery/panda-express-1968-del-monte-blvd/VgnIJc7bRhCV24kbndWFKQ,seaside-california,"['Chinese', 'Family Meals']",4.4,125,$,36.6189577,-121.8419216,+18313941672,93955,1968 Del Monte Blvd,Seaside,CA,"[{'@type': 'OpeningHoursSpecification', 'dayOfWeek': ['Monday', 'Tuesday', 'Wednesday', 'Thursday', 'Friday', 'Saturday', 'Sunday'], 'opens': '10:0', 'closes': '21:30'}]","{'@type': 'PostalAddress', 'addressLocality': 'Seaside', 'addressRegion': 'CA', 'postalCode': '93955', 'addressCountry': 'US', 'streetAddress': '1968 Del Monte Blvd'}","{'@type': 'GeoCoordinates', 'latitude': 36.6189577, 'longitude': -121.8419216}","{'@type': 'AggregateRating', 'ratingValue': 4.4, 'reviewCount': '125'}"
Taco Bell (321 Alvarado St),https://www.ubereats.com/san-francisco/food-delivery/taco-bell-321-alvarado-st/g59eyuwoQy2EOaNZ4kJHKw,seaside-california,"['Burritos', 'Fast Food', 'Mexican']",4.3,80,$,36.60045739999999,-121.8941119,+18313738166,93940,321 Alvarado St,Monterey,CA,"[{'@type': 'OpeningHoursSpecification', 'dayOfWeek': ['Monday', 'Tuesday', 'Wednesday', 'Thursday', 'Friday', 'Saturday', 'Sunday'], 'opens': '14:0', 'closes': '17:0'}, {'@type': 'OpeningHoursSpecification', 'dayOfWeek': ['Monday', 'Tuesday', 'Wednesday', 'Thursday', 'Friday', 'Saturday', 'Sunday'], 'opens': '11:0', 'closes': '20:30'}]","{'@type': 'PostalAddress', 'addressLocality': 'Monterey', 'addressRegion': 'CA', 'postalCode': '93940', 'addressCountry': 'US', 'streetAddress': '321 Alvarado St'}","{'@type': 'GeoCoordinates', 'latitude': 36.60045739999999, 'longitude': -121.8941119}","{'@type': 'AggregateRating', 'ratingValue': 4.3, 'reviewCount': '80'}"
Wendy's  (1180 Fremont),https://www.ubereats.com/san-francisco/food-delivery/wendys-1180-fremont/3_EjJC31SJONZqdjFyXNgw,seaside-california,"['American', 'Burgers', 'Fast Food']",4.7,40,$,36.60240160000001,-121.8483217,+18318995191,93955,1180 Fremont,Seaside,CA,"[{'@type': 'OpeningHoursSpecification', 'dayOfWeek': ['Sunday', 'Monday', 'Tuesday', 'Wednesday', 'Thursday'], 'opens': '10:30', 'closes': '21:30'}, {'@type': 'OpeningHoursSpecification', 'dayOfWeek': ['Sunday', 'Monday', 'Tuesday', 'Wednesday', 'Thursday'], 'opens': '6:30', 'closes': '10:0'}, {'@type': 'OpeningHoursSpecification', 'dayOfWeek': ['Friday', 'Saturday'], 'opens': '10:30', 'closes': '23:30'}, {'@type': 'OpeningHoursSpecification', 'dayOfWeek': ['Friday', 'Saturday'], 'opens': '6:30', 'closes': '10:0'}]","{'@type': 'PostalAddress', 'addressLocality': 'Seaside', 'addressRegion': 'CA', 'postalCode': '93955', 'addressCountry': 'US', 'streetAddress': '1180 Fremont'}","{'@type': 'GeoCoordinates', 'latitude': 36.60240160000001, 'longitude': -121.8483217}","{'@type': 'AggregateRating', 'ratingValue': 4.7, 'reviewCount': '40'}"
Village Corner California Bistro,https://www.ubereats.com/san-francisco/food-delivery/village-corner-california-bistro/LNtalWxUS_SXnK0F7rSBCw,seaside-california,"['Mediterranean', 'Greek', 'Vegetarian']",4.6,10,$,36.5569,-121.92269,+18316243588,93921,PO Box 6177,Carmel,CA,"[{'@type': 'OpeningHoursSpecification', 'dayOfWeek': 'Sunday', 'opens': '9:0', 'closes': '19:45'}, {'@type': 'OpeningHoursSpecification', 'dayOfWeek': ['Monday', 'Tuesday', 'Wednesday'], 'opens': '9:0', 'closes': '15:0'}, {'@type': 'OpeningHoursSpecification', 'dayOfWeek': ['Thursday', 'Friday', 'Saturday'], 'opens': '9:0', 'closes': '19:45'}]","{'@type': 'PostalAddress', 'addressLocality': 'Carmel', 'addressRegion': 'CA', 'postalCode': '93921', 'addressCountry': 'US', 'streetAddress': 'PO Box 6177'}","{'@type': 'GeoCoordinates', 'latitude': 36.5569, 'longitude': -121.92269}","{'@type': 'AggregateRating', 'ratingValue': 4.6, 'reviewCount': '10'}"
Fishwife Seafood Cafe - Trinity Ave,https://www.ubereats.com/san-francisco/food-delivery/fishwife-seafood-cafe-trinity-ave/koHolb7sQxa4O39t_zbo6Q,seaside-california,"['Seafood', 'American', 'Southern']",,,$,36.604767,-121.8480227,+18313942027,93955,789 Trinity Ave,Seaside,CA,"[{'@type': 'OpeningHoursSpecification', 'dayOfWeek': 'Monday', 'opens': '12:30', 'closes': '20:0'}, {'@type': 'OpeningHoursSpecification', 'dayOfWeek': 'Monday', 'opens': '11:0', 'closes': '21:0'}, {'@type': 'OpeningHoursSpecification', 'dayOfWeek': 'Tuesday', 'opens': '12:30', 'closes': '20:0'}, {'@type': 'OpeningHoursSpecification', 'dayOfWeek': 'Tuesday', 'opens': '11:0', 'closes': '21:0'}, {'@type': 'OpeningHoursSpecification', 'dayOfWeek': 'Wednesday', 'opens': '11:30', 'closes': '20:0'}, {'@type': 'OpeningHoursSpecification', 'dayOfWeek': 'Wednesday', 'opens': '11:0', 'closes': '21:0'}, {'@type': 'OpeningHoursSpecification', 'dayOfWeek': 'Thursday', 'opens': '11:30', 'closes': '20:0'}, {'@type': 'OpeningHoursSpecification', 'dayOfWeek': 'Thursday', 'opens': '11:0', 'closes': '21:0'}, {'@type': 'OpeningHoursSpecification', 'dayOfWeek': ['Friday', 'Saturday'], 'opens': '11:30', 'closes': '20:0'}, {'@type': 'OpeningHoursSpecification', 'dayOfWeek': ['Friday', 'Saturday'], 'opens': '11:0', 'closes': '21:0'}]","{'@type': 'PostalAddress', 'addressLocality': 'Seaside', 'addressRegion': 'CA', 'postalCode': '93955', 'addressCountry': 'US', 'streetAddress': '789 Trinity Ave'}","{'@type': 'GeoCoordinates', 'latitude': 36.604767, 'longitude': -121.8480227}",{}
Aabha Indian Cuisine,https://www.ubereats.com/san-francisco/food-delivery/aabha-indian-cuisine/YvQJpAgSSmG0j7fnHYeQuw,seaside-california,"['Vegetarian', 'Vegan', 'Healthy']",,,$,36.5410822,-121.9071924,+18312505940,93923,3690 the Barnyard,Carmel By The Sea,CA,"[{'@type': 'OpeningHoursSpecification', 'dayOfWeek': 'Sunday', 'opens': '17:1', 'closes': '20:0'}, {'@type': 'OpeningHoursSpecification', 'dayOfWeek': 'Sunday', 'opens': '12:0', 'closes': '20:0'}, {'@type': 'OpeningHoursSpecification', 'dayOfWeek': ['Monday', 'Tuesday', 'Wednesday', 'Thursday'], 'opens': '17:1', 'closes': '20:0'}, {'@type': 'OpeningHoursSpecification', 'dayOfWeek': ['Friday', 'Saturday'], 'opens': '17:1', 'closes': '20:0'}, {'@type': 'OpeningHoursSpecification', 'dayOfWeek': ['Friday', 'Saturday'], 'opens': '12:0', 'closes': '20:0'}]","{'@type': 'PostalAddress', 'addressLocality': 'Carmel By The Sea', 'addressRegion': 'CA', 'postalCode': '93923', 'addressCountry': 'US', 'streetAddress': '3690 the Barnyard'}","{'@type': 'GeoCoordinates', 'latitude': 36.5410822, 'longitude': -121.9071924}",{}
KFC (3134 Del Monte Ave.),https://www.ubereats.com/san-francisco/food-delivery/kfc-3134-del-monte-ave/R0xm15dPSSSv5wmsshnGbA,seaside-california,"['American', 'Fast Food', 'wings']",,,$,36.6860286,-121.800585,+18313849536,93933,3134 Del Monte Ave.,Marina,CA,"[{'@type': 'OpeningHoursSpecification', 'dayOfWeek': ['Monday', 'Tuesday', 'Wednesday', 'Thursday', 'Friday', 'Saturday', 'Sunday'], 'opens': '11:0', 'closes': '20:30'}]","{'@type': 'PostalAddress', 'addressLocality': 'Marina', 'addressRegion': 'CA', 'postalCode': '93933', 'addressCountry': 'US', 'streetAddress': '3134 Del Monte Ave.'}","{'@type': 'GeoCoordinates', 'latitude': 36.6860286, 'longitude': -121.800585}",{}
Denny's (300 Fremont St),https://www.ubereats.com/san-francisco/food-delivery/dennys-300-fremont-st/DUQlyN35QdaYJkR23AbOXw,seaside-california,"['American', 'Breakfast and Brunch', 'Coffee and Tea', 'Dinner', 'Desserts', 'Salads', 'Steak', 'Sandwich', 'Family Meals']",4.5,86,$$,36.5949472,-121.8929479,(831) 372-0160,93940,300 Fremont St,Monterey,CA,"[{'@type': 'OpeningHoursSpecification', 'dayOfWeek': 'Sunday', 'opens': '0:0', 'closes': '23:59'}, {'@type': 'OpeningHoursSpecification', 'dayOfWeek': 'Monday', 'opens': '0:0', 'closes': '0:0'}, {'@type': 'OpeningHoursSpecification', 'dayOfWeek': ['Tuesday', 'Wednesday'], 'opens': '6:30', 'closes': '2:0'}, {'@type': 'OpeningHoursSpecification', 'dayOfWeek': 'Thursday', 'opens': '6:30', 'closes': '23:59'}, {'@type': 'OpeningHoursSpecification', 'dayOfWeek': ['Friday', 'Saturday'], 'opens': '0:0', 'closes': '23:59'}]","{'@type': 'PostalAddress', 'addressLocality': 'Monterey', 'addressRegion': 'CA', 'postalCode': '93940', 'addressCountry': 'US', 'streetAddress': '300 Fremont St'}","{'@type': 'GeoCoordinates', 'latitude': 36.5949472, 'longitude': -121.8929479}","{'@type': 'AggregateRating', 'ratingValue': 4.5, 'reviewCount': '86'}"
Jack in the Box (9014) 889 Abrego St.,https://www.ubereats.com/san-francisco/food-delivery/jack-in-the-box-9014-889-abrego-st/K5_JPjX-SNa_VYfSCs3SsA,seaside-california,"['American', 'burger', 'Fast Food']",4.5,159,$,36.5929234,-121.8929257,+18313751333,93940,889 Abrego St.,Monterey,CA,"[{'@type': 'OpeningHoursSpecification', 'dayOfWeek': ['Monday', 'Tuesday', 'Wednesday', 'Thursday', 'Friday', 'Saturday', 'Sunday'], 'opens': '0:0', 'closes': '23:59'}]","{'@type': 'PostalAddress', 'addressLocality': 'Monterey', 'addressRegion': 'CA', 'postalCode': '93940', 'addressCountry': 'US', 'streetAddress': '889 Abrego St.'}","{'@type': 'GeoCoordinates', 'latitude': 36.5929234, 'longitude': -121.8929257}","{'@type': 'AggregateRating', 'ratingValue': 4.5, 'reviewCount': '159'}"
El Torito (600 Cannery Row),https://www.ubereats.com/san-francisco/food-delivery/el-torito-600-cannery-row/mJMdgU19TbO4WLQOJlmSIQ,seaside-california,"['Mexican', 'Burritos', 'Tacos', 'Quesadillas', 'Family Meals']",4.2,82,$$,36.6150854,-121.898461,+18313730611,93940,600 Cannery Row,Monterey,CA,"[{'@type': 'OpeningHoursSpecification', 'dayOfWeek': 'Sunday', 'opens': '13:30', 'closes': '22:0'}, {'@type': 'OpeningHoursSpecification', 'dayOfWeek': ['Monday', 'Tuesday', 'Wednesday', 'Thursday', 'Friday'], 'opens': '11:0', 'closes': '22:0'}, {'@type': 'OpeningHoursSpecification', 'dayOfWeek': 'Saturday', 'opens': '9:0', 'closes': '22:0'}]","{'@type': 'PostalAddress', 'addressLocality': 'Monterey', 'addressRegion': 'CA', 'postalCode': '93940', 'addressCountry': 'US', 'streetAddress': '600 Cannery Row'}","{'@type': 'GeoCoordinates', 'latitude': 36.6150854, 'longitude': -121.898461}","{'@type': 'AggregateRating', 'ratingValue': 4.2, 'reviewCount': '82'}"
Louie Linguini's,https://www.ubereats.com/san-francisco/food-delivery/louie-linguinis/ocvOFN6wQ--XridJMflBbg,seaside-california,"['Seafood', 'American', 'Pasta', 'Pizza', 'Italian']",3.8,13,$,36.61582620000001,-121.8997948,+18316488500,93940,660 Cannery Row,Monterey,CA,"[{'@type': 'OpeningHoursSpecification', 'dayOfWeek': ['Monday', 'Tuesday', 'Wednesday', 'Thursday', 'Friday', 'Saturday', 'Sunday'], 'opens': '11:0', 'closes': '21:0'}]","{'@type': 'PostalAddress', 'addressLocality': 'Monterey', 'addressRegion': 'CA', 'postalCode': '93940', 'addressCountry': 'US', 'streetAddress': '660 Cannery Row'}","{'@type': 'GeoCoordinates', 'latitude': 36.61582620000001, 'longitude': -121.8997948}","{'@type': 'AggregateRating', 'ratingValue': 3.8, 'reviewCount': '13'}"
Bon Ton L'Roy's Lighthouse Smokehouse,https://www.ubereats.com/san-francisco/food-delivery/bon-ton-lroys-lighthouse-smokehouse/BKZH31b8TE2GoFI7Fs3sTg,seaside-california,"['BBQ', 'American']",4.4,67,$$,36.615826,-121.903357,+18313756958,93940,794 Lighthouse Ave,Monterey,California,"[{'@type': 'OpeningHoursSpecification', 'dayOfWeek': ['Sunday', 'Monday', 'Tuesday', 'Wednesday', 'Thursday'], 'opens': '11:0', 'closes': '21:0'}, {'@type': 'OpeningHoursSpecification', 'dayOfWeek': ['Friday', 'Saturday'], 'opens': '11:0', 'closes': '22:0'}]","{'@type': 'PostalAddress', 'addressLocality': 'Monterey', 'addressRegion': 'California', 'postalCode': '93940', 'addressCountry': 'US', 'streetAddress': '794 Lighthouse Ave'}","{'@type': 'GeoCoordinates', 'latitude': 36.615826, 'longitude': -121.903357}","{'@type': 'AggregateRating', 'ratingValue': 4.4, 'reviewCount': '67'}"
Julia's Vegetarian Restaurant,https://www.ubereats.com/san-francisco/food-delivery/julias-vegetarian-restaurant/2U7FRmioSPOUpczXRA86iQ,seaside-california,"['Vegetarian / Vegan', 'American', 'Comfort Food']",,,$$,36.6053607,-121.9216664,+18313243145,93950,1180 Forest Ave Suite F,Pacific Grove,CA,"[{'@type': 'OpeningHoursSpecification', 'dayOfWeek': ['Monday', 'Tuesday', 'Wednesday', 'Thursday', 'Friday', 'Saturday', 'Sunday'], 'opens': '11:0', 'closes': '20:0'}, {'@type': 'OpeningHoursSpecification', 'dayOfWeek': ['Monday', 'Tuesday', 'Wednesday', 'Thursday', 'Friday', 'Saturday', 'Sunday'], 'opens': '11:0', 'closes': '20:0'}]","{'@type': 'PostalAddress', 'addressLocality': 'Pacific Grove', 'addressRegion': 'CA', 'postalCode': '93950', 'addressCountry': 'US', 'streetAddress': '1180 Forest Ave Suite F'}","{'@type': 'GeoCoordinates', 'latitude': 36.6053607, 'longitude': -121.9216664}",{}
Chipotle Mexican Grill (560 Munras Ave Ste 20),https://www.ubereats.com/san-francisco/food-delivery/chipotle-mexican-grill-560-munras-ave-ste-20/tggRAd6lRQyUHK_CGBuzkg,seaside-california,"['Healthy', 'Mexican']",4.6,181,$,36.5969257,-121.8944596,+18317189369,93940,560 Munras Ave Ste 20,Monterey,CA,"[{'@type': 'OpeningHoursSpecification', 'dayOfWeek': ['Monday', 'Tuesday', 'Wednesday', 'Thursday', 'Friday', 'Saturday', 'Sunday'], 'opens': '10:45', 'closes': '21:40'}]","{'@type': 'PostalAddress', 'addressLocality': 'Monterey', 'addressRegion': 'CA', 'postalCode': '93940', 'addressCountry': 'US', 'streetAddress': '560 Munras Ave Ste 20'}","{'@type': 'GeoCoordinates', 'latitude': 36.5969257, 'longitude': -121.8944596}","{'@type': 'AggregateRating', 'ratingValue': 4.6, 'reviewCount': '181'}"
Chloes pizza,https://www.ubereats.com/san-francisco/food-delivery/chloes-pizza/WlRMIOBsSomXKc4eLVjTYw,seaside-california,"['Pizza', 'American', 'Italian']",,,$,36.6459523,-121.809135,+18312242518,93955,4235 Gigling Rd,Seaside,CA,"[{'@type': 'OpeningHoursSpecification', 'dayOfWeek': ['Monday', 'Tuesday', 'Wednesday', 'Thursday', 'Friday', 'Saturday', 'Sunday'], 'opens': '12:0', 'closes': '20:30'}]","{'@type': 'PostalAddress', 'addressLocality': 'Seaside', 'addressRegion': 'CA', 'postalCode': '93955', 'addressCountry': 'US', 'streetAddress': '4235 Gigling Rd'}","{'@type': 'GeoCoordinates', 'latitude': 36.6459523, 'longitude': -121.809135}",{}
Ambrosia India Bistro - Cannery Row,https://www.ubereats.com/san-francisco/food-delivery/ambrosia-india-bistro-cannery-row/Y_jrh2ndQ4GV4X3sNKuRJw,seaside-california,['Indian'],,,$$,36.616579,-121.900961,+18313244852,93940,751 Cannery Row,Monterey,California,"[{'@type': 'OpeningHoursSpecification', 'dayOfWeek': ['Monday', 'Tuesday', 'Wednesday', 'Thursday', 'Friday', 'Saturday', 'Sunday'], 'opens': '11:30', 'closes': '20:0'}]","{'@type': 'PostalAddress', 'addressLocality': 'Monterey', 'addressRegion': 'California', 'postalCode': '93940', 'addressCountry': 'US', 'streetAddress': '751 Cannery Row'}","{'@type': 'GeoCoordinates', 'latitude': 36.616579, 'longitude': -121.900961}",{}
McDonald's (267 RESERVATION RD),https://www.ubereats.com/san-francisco/food-delivery/mcdonalds-267-reservation-rd/7gAPUm7CTwqKOpj74x9zWA,seaside-california,"['American', 'burger', 'Fast Food']",4.2,53,$,36.6855502,-121.794533,+18313849004,93933,267 RESERVATION RD,MARINA,CA,"[{'@type': 'OpeningHoursSpecification', 'dayOfWeek': ['Sunday', 'Monday', 'Tuesday', 'Wednesday', 'Thursday'], 'opens': '5:0', 'closes': '10:29'}, {'@type': 'OpeningHoursSpecification', 'dayOfWeek': ['Sunday', 'Monday', 'Tuesday', 'Wednesday', 'Thursday'], 'opens': '10:30', 'closes': '16:59'}, {'@type': 'OpeningHoursSpecification', 'dayOfWeek': ['Sunday', 'Monday', 'Tuesday', 'Wednesday', 'Thursday'], 'opens': '17:0', 'closes': '23:0'}, {'@type': 'OpeningHoursSpecification', 'dayOfWeek': ['Friday', 'Saturday'], 'opens': '5:0', 'closes': '10:29'}, {'@type': 'OpeningHoursSpecification', 'dayOfWeek': ['Friday', 'Saturday'], 'opens': '10:30', 'closes': '16:59'}, {'@type': 'OpeningHoursSpecification', 'dayOfWeek': ['Friday', 'Saturday'], 'opens': '17:0', 'closes': '0:0'}]","{'@type': 'PostalAddress', 'addressLocality': 'MARINA', 'addressRegion': 'CA', 'postalCode': '93933', 'addressCountry': 'US', 'streetAddress': '267 RESERVATION RD'}","{'@type': 'GeoCoordinates', 'latitude': 36.6855502, 'longitude': -121.794533}","{'@type': 'AggregateRating', 'ratingValue': 4.2, 'reviewCount': '53'}"
Quickly boba,https://www.ubereats.com/san-francisco/food-delivery/quickly-boba/buiVLDIpSKmeqFlHOB0Mpg,seaside-california,"['Asian', 'Desserts', 'Juice and Smoothies']",,,$,36.6166264,-121.8996937,+16507987887,93940,700 Cannery Row S S,Monterey,CA,"[{'@type': 'OpeningHoursSpecification', 'dayOfWeek': ['Sunday', 'Monday', 'Tuesday', 'Wednesday', 'Thursday'], 'opens': '11:0', 'closes': '18:0'}, {'@type': 'OpeningHoursSpecification', 'dayOfWeek': 'Friday', 'opens': '10:0', 'closes': '19:0'}, {'@type': 'OpeningHoursSpecification', 'dayOfWeek': 'Saturday', 'opens': '10:0', 'closes': '21:0'}]","{'@type': 'PostalAddress', 'addressLocality': 'Monterey', 'addressRegion': 'CA', 'postalCode': '93940', 'addressCountry': 'US', 'streetAddress': '700 Cannery Row S S'}","{'@type': 'GeoCoordinates', 'latitude': 36.6166264, 'longitude': -121.8996937}",{}
,https://www.ubereats.com/san-francisco/food-delivery/kfc-1209-south-main-street/Hh60BlchQg6kXVs6q8uWWg,seaside-california,,,,,,,,,,,,,,,
The Habit Burger Grill (2120 California Ave),https://www.ubereats.com/san-francisco/food-delivery/the-habit-burger-grill-2120-california-ave/-e3MbcicS2WkGYPUO9hvgg,seaside-california,"['American', 'Burgers', 'Comfort Food', 'Family Meals']",4.6,93,$,36.622961,-121.8429962,+18312509330,,,,,"[{'@type': 'OpeningHoursSpecification', 'dayOfWeek': ['Monday', 'Tuesday', 'Wednesday', 'Thursday', 'Friday', 'Saturday', 'Sunday'], 'opens': '10:30', 'closes': '22:45'}]",,"{'@type': 'GeoCoordinates', 'latitude': 36.622961, 'longitude': -121.8429962}","{'@type': 'AggregateRating', 'ratingValue': 4.6, 'reviewCount': '93'}"
