name,url,city,cuisine,avgRating,numReviews,priceRange,latitude,longitude,telephone,postalCode,streetAddress,addressLocality,addressRegion,openingHoursSpecification,addressString,geoString,ratingString
Amy's Drive-Thru,https://www.ubereats.com/san-francisco/food-delivery/amys-drive-thru/PQ5r3-RARSeXtBRHvKCSkg,sebastopol-california,"['Vegetarian', 'Vegan', 'Healthy', 'OrganicProducts']",4.8,145,$,38.36307740000001,-122.7157362,+17077553629,94928,58 Golf Course Dr W,"Rohnert Park,",CA,"[{'@type': 'OpeningHoursSpecification', 'dayOfWeek': ['Monday', 'Tuesday', 'Wednesday', 'Thursday', 'Friday', 'Saturday', 'Sunday'], 'opens': '11:0', 'closes': '21:0'}]","{'@type': 'PostalAddress', 'addressLocality': 'Rohnert Park,', 'addressRegion': 'CA', 'postalCode': '94928', 'addressCountry': 'US', 'streetAddress': '58 Golf Course Dr W'}","{'@type': 'GeoCoordinates', 'latitude': 38.36307740000001, 'longitude': -122.7157362}","{'@type': 'AggregateRating', 'ratingValue': 4.8, 'reviewCount': '145'}"
El Coqui Puerto Rican Cuisine,https://www.ubereats.com/san-francisco/food-delivery/el-coqui-puerto-rican-cuisine/3CDPBcc9SKCk-C93PAt4LQ,sebastopol-california,"['Caribbean', 'Seafood', 'Latin American', 'Allergy Friendly']",4.8,51,$,38.4413253,-122.7143509,+17075428868,95401,400 Mendocino Ave,Santa Rosa,CA,"[{'@type': 'OpeningHoursSpecification', 'dayOfWeek': 'Sunday', 'opens': '11:0', 'closes': '21:0'}, {'@type': 'OpeningHoursSpecification', 'dayOfWeek': 'Sunday', 'opens': '11:0', 'closes': '16:0'}, {'@type': 'OpeningHoursSpecification', 'dayOfWeek': 'Sunday', 'opens': '16:0', 'closes': '20:30'}, {'@type': 'OpeningHoursSpecification', 'dayOfWeek': ['Monday', 'Tuesday', 'Wednesday', 'Thursday', 'Friday', 'Saturday'], 'opens': '11:0', 'closes': '21:0'}, {'@type': 'OpeningHoursSpecification', 'dayOfWeek': ['Monday', 'Tuesday', 'Wednesday', 'Thursday', 'Friday', 'Saturday'], 'opens': '11:0', 'closes': '16:0'}, {'@type': 'OpeningHoursSpecification', 'dayOfWeek': ['Monday', 'Tuesday', 'Wednesday', 'Thursday', 'Friday', 'Saturday'], 'opens': '16:0', 'closes': '21:30'}]","{'@type': 'PostalAddress', 'addressLocality': 'Santa Rosa', 'addressRegion': 'CA', 'postalCode': '95401', 'addressCountry': 'US', 'streetAddress': '400 Mendocino Ave'}","{'@type': 'GeoCoordinates', 'latitude': 38.4413253, 'longitude': -122.7143509}","{'@type': 'AggregateRating', 'ratingValue': 4.8, 'reviewCount': '51'}"
Cafe Des Croissants,https://www.ubereats.com/san-francisco/food-delivery/cafe-des-croissants/ROZoodSNSHOKCHdhs8y-Cg,sebastopol-california,"['American', 'Sandwich', 'Breakfast and Brunch']",,,$,38.3943345,-122.8192261,+17078292160,95472,796 Gravenstein Ave,Sebastopol,ca,"[{'@type': 'OpeningHoursSpecification', 'dayOfWeek': 'Sunday', 'opens': '7:0', 'closes': '14:0'}, {'@type': 'OpeningHoursSpecification', 'dayOfWeek': ['Monday', 'Tuesday', 'Wednesday', 'Thursday', 'Friday'], 'opens': '6:0', 'closes': '14:0'}, {'@type': 'OpeningHoursSpecification', 'dayOfWeek': 'Saturday', 'opens': '7:0', 'closes': '14:0'}]","{'@type': 'PostalAddress', 'addressLocality': 'Sebastopol', 'addressRegion': 'ca', 'postalCode': '95472', 'addressCountry': 'US', 'streetAddress': '796 Gravenstein Ave'}","{'@type': 'GeoCoordinates', 'latitude': 38.3943345, 'longitude': -122.8192261}",{}
Pieology Pizzeria (2280 Mendocino Ave),https://www.ubereats.com/san-francisco/food-delivery/pieology-pizzeria-2280-mendocino-ave/KwTf-vW-S1qVSL7__OxQJg,sebastopol-california,"['Pizza', 'Gluten Free', 'Salads', 'Desserts']",4.7,32,$,38.4623151,-122.7167627,+17075416380,95403,2280 Mendocino Ave Suite B-3b,Santa Rosa,CA,"[{'@type': 'OpeningHoursSpecification', 'dayOfWeek': ['Sunday', 'Monday', 'Tuesday', 'Wednesday', 'Thursday'], 'opens': '11:0', 'closes': '22:0'}, {'@type': 'OpeningHoursSpecification', 'dayOfWeek': ['Friday', 'Saturday'], 'opens': '11:0', 'closes': '23:0'}]","{'@type': 'PostalAddress', 'addressLocality': 'Santa Rosa', 'addressRegion': 'CA', 'postalCode': '95403', 'addressCountry': 'US', 'streetAddress': '2280 Mendocino Ave Suite B-3b'}","{'@type': 'GeoCoordinates', 'latitude': 38.4623151, 'longitude': -122.7167627}","{'@type': 'AggregateRating', 'ratingValue': 4.7, 'reviewCount': '32'}"
Krispy Kreme (5090 Redwood Dr.),https://www.ubereats.com/san-francisco/food-delivery/krispy-kreme-5090-redwood-dr/AW0XRcG8SK6hcvND78hv8w,sebastopol-california,"['Breakfast and Brunch', 'Bakery', 'Desserts']",4.8,39,$,38.362025,-122.713874,+17075219154,94928,5090 Redwood Dr.,Rohnert Park,CA,"[{'@type': 'OpeningHoursSpecification', 'dayOfWeek': ['Monday', 'Tuesday', 'Wednesday', 'Thursday', 'Friday', 'Saturday', 'Sunday'], 'opens': '7:15', 'closes': '18:30'}]","{'@type': 'PostalAddress', 'addressLocality': 'Rohnert Park', 'addressRegion': 'CA', 'postalCode': '94928', 'addressCountry': 'US', 'streetAddress': '5090 Redwood Dr.'}","{'@type': 'GeoCoordinates', 'latitude': 38.362025, 'longitude': -122.713874}","{'@type': 'AggregateRating', 'ratingValue': 4.8, 'reviewCount': '39'}"
Corks & Taps,https://www.ubereats.com/san-francisco/food-delivery/corks-%26-taps/z_WOe7H3Sgyfon-8iBto4g,sebastopol-california,"['Bar Food', 'American']",,,,38.5484385,-122.8162732,+17078375654,95492,1001 McClelland Dr,Windsor,CA,"[{'@type': 'OpeningHoursSpecification', 'dayOfWeek': 'Sunday', 'opens': '11:0', 'closes': '15:0'}, {'@type': 'OpeningHoursSpecification', 'dayOfWeek': 'Sunday', 'opens': '12:0', 'closes': '16:0'}, {'@type': 'OpeningHoursSpecification', 'dayOfWeek': ['Wednesday', 'Thursday', 'Friday'], 'opens': '12:0', 'closes': '20:0'}, {'@type': 'OpeningHoursSpecification', 'dayOfWeek': 'Saturday', 'opens': '12:0', 'closes': '20:0'}, {'@type': 'OpeningHoursSpecification', 'dayOfWeek': 'Saturday', 'opens': '12:0', 'closes': '16:0'}]","{'@type': 'PostalAddress', 'addressLocality': 'Windsor', 'addressRegion': 'CA', 'postalCode': '95492', 'addressCountry': 'US', 'streetAddress': '1001 McClelland Dr'}","{'@type': 'GeoCoordinates', 'latitude': 38.5484385, 'longitude': -122.8162732}",{}
Sam's Donuts,https://www.ubereats.com/san-francisco/food-delivery/sams-donuts/dl6uR7VZTlCQOUQ60_5HeQ,sebastopol-california,"['Desserts', 'Breakfast and Brunch', 'Bakery']",,,$,38.427904,-122.710765,+17075219303,95404,1031 Petaluma Hill Rd,Santa Rosa,California,"[{'@type': 'OpeningHoursSpecification', 'dayOfWeek': ['Monday', 'Tuesday', 'Wednesday', 'Thursday', 'Friday', 'Saturday', 'Sunday'], 'opens': '5:0', 'closes': '22:0'}]","{'@type': 'PostalAddress', 'addressLocality': 'Santa Rosa', 'addressRegion': 'California', 'postalCode': '95404', 'addressCountry': 'US', 'streetAddress': '1031 Petaluma Hill Rd'}","{'@type': 'GeoCoordinates', 'latitude': 38.427904, 'longitude': -122.710765}",{}
Round Table Pizza (775 Gravenstein Hwy S),https://www.ubereats.com/san-francisco/food-delivery/round-table-pizza-775-gravenstein-hwy-s/_OIhzG6TQpSG-LdtwBpN3w,sebastopol-california,"['Pizza', 'Pasta', 'Salads', 'Sandwich', 'Wings', 'Desserts']",,,$,38.3950055,-122.8188816,+17078244400,95472,775 Gravenstein Hwy S,Sebastopol,CA,"[{'@type': 'OpeningHoursSpecification', 'dayOfWeek': ['Sunday', 'Monday', 'Tuesday', 'Wednesday', 'Thursday'], 'opens': '11:0', 'closes': '20:30'}, {'@type': 'OpeningHoursSpecification', 'dayOfWeek': ['Friday', 'Saturday'], 'opens': '11:0', 'closes': '22:30'}]","{'@type': 'PostalAddress', 'addressLocality': 'Sebastopol', 'addressRegion': 'CA', 'postalCode': '95472', 'addressCountry': 'US', 'streetAddress': '775 Gravenstein Hwy S'}","{'@type': 'GeoCoordinates', 'latitude': 38.3950055, 'longitude': -122.8188816}",{}
"El Pollo Loco (5225 Redwood Dr,3714)",https://www.ubereats.com/san-francisco/food-delivery/el-pollo-loco-5225-redwood-dr3714/SUYlqSdRSg6TI-ZZv61B6Q,sebastopol-california,"['Latin American', 'Mexican', 'New American', 'Family Meals']",4.3,19,$,38.3598184,-122.7139096,+17075848677,94928,5225 Redwood Dr,Rohnert Park,CA,"[{'@type': 'OpeningHoursSpecification', 'dayOfWeek': ['Monday', 'Tuesday', 'Wednesday', 'Thursday', 'Friday', 'Saturday', 'Sunday'], 'opens': '10:0', 'closes': '21:30'}]","{'@type': 'PostalAddress', 'addressLocality': 'Rohnert Park', 'addressRegion': 'CA', 'postalCode': '94928', 'addressCountry': 'US', 'streetAddress': '5225 Redwood Dr'}","{'@type': 'GeoCoordinates', 'latitude': 38.3598184, 'longitude': -122.7139096}","{'@type': 'AggregateRating', 'ratingValue': 4.3, 'reviewCount': '19'}"
Chipotle Mexican Grill (2182 Santa Rosa Ave),https://www.ubereats.com/san-francisco/food-delivery/chipotle-mexican-grill-2182-santa-rosa-ave/Ir49O-KnR1mPb2GySnT8IQ,sebastopol-california,"['Healthy', 'Mexican']",4.6,58,$,38.4179112,-122.71238,+17072281023,95407,2182,Santa Rosa,CA,"[{'@type': 'OpeningHoursSpecification', 'dayOfWeek': ['Monday', 'Tuesday', 'Wednesday', 'Thursday', 'Friday', 'Saturday', 'Sunday'], 'opens': '10:45', 'closes': '21:40'}]","{'@type': 'PostalAddress', 'addressLocality': 'Santa Rosa', 'addressRegion': 'CA', 'postalCode': '95407', 'addressCountry': 'US', 'streetAddress': '2182'}","{'@type': 'GeoCoordinates', 'latitude': 38.4179112, 'longitude': -122.71238}","{'@type': 'AggregateRating', 'ratingValue': 4.6, 'reviewCount': '58'}"
Mi Pueblo - Cotati,https://www.ubereats.com/san-francisco/food-delivery/mi-pueblo-cotati/PquXLvQOTl6VGlJUQ2dKxw,sebastopol-california,"['Mexican', 'Breakfast and Brunch', 'Latin American']",4.6,97,$$,38.334905,-122.71227,+17077924380,94931,7384 Commerce Blvd,Cotati,California,"[{'@type': 'OpeningHoursSpecification', 'dayOfWeek': 'Sunday', 'opens': '10:0', 'closes': '21:0'}, {'@type': 'OpeningHoursSpecification', 'dayOfWeek': ['Monday', 'Tuesday', 'Wednesday', 'Thursday', 'Friday'], 'opens': '11:0', 'closes': '21:0'}, {'@type': 'OpeningHoursSpecification', 'dayOfWeek': 'Saturday', 'opens': '10:0', 'closes': '21:0'}]","{'@type': 'PostalAddress', 'addressLocality': 'Cotati', 'addressRegion': 'California', 'postalCode': '94931', 'addressCountry': 'US', 'streetAddress': '7384 Commerce Blvd'}","{'@type': 'GeoCoordinates', 'latitude': 38.334905, 'longitude': -122.71227}","{'@type': 'AggregateRating', 'ratingValue': 4.6, 'reviewCount': '97'}"
Riviera Restaurant,https://www.ubereats.com/san-francisco/food-delivery/riviera-restaurant/q-zle5G5TN2YzdoPQg78sA,sebastopol-california,"['Italian', 'Pasta', 'Comfort Food']",4.7,36,$,38.44263300000001,-122.7034748,+17075792682,95404,75 Montgomery Dr,Santa Rosa,CA,"[{'@type': 'OpeningHoursSpecification', 'dayOfWeek': 'Sunday', 'opens': '17:0', 'closes': '21:0'}, {'@type': 'OpeningHoursSpecification', 'dayOfWeek': ['Tuesday', 'Wednesday', 'Thursday', 'Friday'], 'opens': '11:30', 'closes': '14:30'}, {'@type': 'OpeningHoursSpecification', 'dayOfWeek': ['Tuesday', 'Wednesday', 'Thursday', 'Friday'], 'opens': '17:0', 'closes': '21:0'}, {'@type': 'OpeningHoursSpecification', 'dayOfWeek': 'Saturday', 'opens': '17:0', 'closes': '21:0'}]","{'@type': 'PostalAddress', 'addressLocality': 'Santa Rosa', 'addressRegion': 'CA', 'postalCode': '95404', 'addressCountry': 'US', 'streetAddress': '75 Montgomery Dr'}","{'@type': 'GeoCoordinates', 'latitude': 38.44263300000001, 'longitude': -122.7034748}","{'@type': 'AggregateRating', 'ratingValue': 4.7, 'reviewCount': '36'}"
Acme Burger,https://www.ubereats.com/san-francisco/food-delivery/acme-burger/_wo2UJQUSemgFmVCZP8wwg,sebastopol-california,"['Burgers', 'American', 'Sandwiches']",4.7,200,$,38.3281175,-122.6978281,+17076655620,,,,,"[{'@type': 'OpeningHoursSpecification', 'dayOfWeek': ['Monday', 'Tuesday', 'Wednesday', 'Thursday', 'Friday', 'Saturday', 'Sunday'], 'opens': '11:0', 'closes': '20:45'}]",,"{'@type': 'GeoCoordinates', 'latitude': 38.3281175, 'longitude': -122.6978281}","{'@type': 'AggregateRating', 'ratingValue': 4.7, 'reviewCount': '200'}"
KFC (2249 Santa Rosa Ave.),https://www.ubereats.com/san-francisco/food-delivery/kfc-2249-santa-rosa-ave/aMExpht6QIaRXfqPoSdTGA,sebastopol-california,"['American', 'Fast Food', 'wings']",4.1,22,$,38.4169337,-122.7140345,+17134752572,95407,2249,Santa Rosa,CA,"[{'@type': 'OpeningHoursSpecification', 'dayOfWeek': ['Monday', 'Tuesday', 'Wednesday', 'Thursday', 'Friday', 'Saturday', 'Sunday'], 'opens': '10:0', 'closes': '21:30'}]","{'@type': 'PostalAddress', 'addressLocality': 'Santa Rosa', 'addressRegion': 'CA', 'postalCode': '95407', 'addressCountry': 'US', 'streetAddress': '2249'}","{'@type': 'GeoCoordinates', 'latitude': 38.4169337, 'longitude': -122.7140345}","{'@type': 'AggregateRating', 'ratingValue': 4.1, 'reviewCount': '22'}"
Bella’s,https://www.ubereats.com/san-francisco/food-delivery/bellas/TY330vuERE26jDmzttalRw,sebastopol-california,"['Burgers', 'American', 'Sandwiches']",,,$,38.4271471,-122.737856,+17074801335,,,,,"[{'@type': 'OpeningHoursSpecification', 'dayOfWeek': ['Monday', 'Tuesday', 'Wednesday', 'Thursday', 'Friday', 'Saturday'], 'opens': '11:0', 'closes': '19:0'}]",,"{'@type': 'GeoCoordinates', 'latitude': 38.4271471, 'longitude': -122.737856}",{}
Taqueria Santa Rosa,https://www.ubereats.com/san-francisco/food-delivery/taqueria-santa-rosa/Duk98AoFTui1LE3r4p30ZA,sebastopol-california,['Mexican'],4.7,69,$,38.4596753,-122.7168992,+17075287956,,,,,"[{'@type': 'OpeningHoursSpecification', 'dayOfWeek': ['Monday', 'Tuesday', 'Wednesday', 'Thursday', 'Friday', 'Saturday'], 'opens': '10:0', 'closes': '21:0'}]",,"{'@type': 'GeoCoordinates', 'latitude': 38.4596753, 'longitude': -122.7168992}","{'@type': 'AggregateRating', 'ratingValue': 4.7, 'reviewCount': '69'}"
Tacos al carbon,https://www.ubereats.com/san-francisco/food-delivery/tacos-al-carbon/F7KwOmYzQ0G4cGQdpsX5zQ,sebastopol-california,"['Mexican', 'Latin American', 'New Mexican']",5.0,10,$,38.42981100000001,-122.726489,+14158279880,95407,"500 Sebastopol Rd, A",Santa Rosa,CA,"[{'@type': 'OpeningHoursSpecification', 'dayOfWeek': ['Monday', 'Tuesday', 'Wednesday', 'Thursday', 'Friday', 'Saturday', 'Sunday'], 'opens': '10:0', 'closes': '19:0'}]","{'@type': 'PostalAddress', 'addressLocality': 'Santa Rosa', 'addressRegion': 'CA', 'postalCode': '95407', 'addressCountry': 'US', 'streetAddress': '500 Sebastopol Rd, A'}","{'@type': 'GeoCoordinates', 'latitude': 38.42981100000001, 'longitude': -122.726489}","{'@type': 'AggregateRating', 'ratingValue': 5, 'reviewCount': '10'}"
Eight Cuisine & Wine,https://www.ubereats.com/san-francisco/food-delivery/eight-cuisine-%26-wine/1NKufYJoQF2YAAaoJHzsaA,sebastopol-california,"['Chinese', 'Salads', 'Seafood']",4.5,10,$,38.4051582,-122.8309469,+17078238189,95472,7501 Healdsburg Ave,Sebastopol,CA,"[{'@type': 'OpeningHoursSpecification', 'dayOfWeek': ['Sunday', 'Monday'], 'opens': '12:0', 'closes': '14:0'}, {'@type': 'OpeningHoursSpecification', 'dayOfWeek': ['Sunday', 'Monday'], 'opens': '15:30', 'closes': '19:0'}, {'@type': 'OpeningHoursSpecification', 'dayOfWeek': ['Wednesday', 'Thursday', 'Friday', 'Saturday'], 'opens': '12:0', 'closes': '14:0'}, {'@type': 'OpeningHoursSpecification', 'dayOfWeek': ['Wednesday', 'Thursday', 'Friday', 'Saturday'], 'opens': '15:30', 'closes': '19:0'}]","{'@type': 'PostalAddress', 'addressLocality': 'Sebastopol', 'addressRegion': 'CA', 'postalCode': '95472', 'addressCountry': 'US', 'streetAddress': '7501 Healdsburg Ave'}","{'@type': 'GeoCoordinates', 'latitude': 38.4051582, 'longitude': -122.8309469}","{'@type': 'AggregateRating', 'ratingValue': 4.5, 'reviewCount': '10'}"
Chevys (24 Fourth Street),https://www.ubereats.com/san-francisco/food-delivery/chevys-24-fourth-street/vhZ16yXXT0OJPHTiMCECdQ,sebastopol-california,"['Mexican', 'Burritos', 'Tacos', 'Quesadillas']",,,$$,38.4370665,-122.7207404,+17075711082,95401,24 Fourth Street,Santa Rosa,CA,"[{'@type': 'OpeningHoursSpecification', 'dayOfWeek': ['Monday', 'Tuesday', 'Wednesday', 'Thursday', 'Friday', 'Saturday', 'Sunday'], 'opens': '11:0', 'closes': '20:45'}]","{'@type': 'PostalAddress', 'addressLocality': 'Santa Rosa', 'addressRegion': 'CA', 'postalCode': '95401', 'addressCountry': 'US', 'streetAddress': '24 Fourth Street'}","{'@type': 'GeoCoordinates', 'latitude': 38.4370665, 'longitude': -122.7207404}",{}
Chipotle Mexican Grill (336A Coddingtown Ctr),https://www.ubereats.com/san-francisco/food-delivery/chipotle-mexican-grill-336a-coddingtown-ctr/XLWYdMvgS5Ol6Uu5_5iC2w,sebastopol-california,"['Healthy', 'Mexican']",4.2,142,$,38.4565794,-122.726996,+17075210012,95401,336A Coddingtown Ctr,Santa Rosa,CA,"[{'@type': 'OpeningHoursSpecification', 'dayOfWeek': ['Monday', 'Tuesday', 'Wednesday', 'Thursday', 'Friday', 'Saturday', 'Sunday'], 'opens': '10:45', 'closes': '21:40'}]","{'@type': 'PostalAddress', 'addressLocality': 'Santa Rosa', 'addressRegion': 'CA', 'postalCode': '95401', 'addressCountry': 'US', 'streetAddress': '336A Coddingtown Ctr'}","{'@type': 'GeoCoordinates', 'latitude': 38.4565794, 'longitude': -122.726996}","{'@type': 'AggregateRating', 'ratingValue': 4.2, 'reviewCount': '142'}"
Flagship Taproom,https://www.ubereats.com/san-francisco/food-delivery/flagship-taproom/yrcFvmg-St-YncdxRKnwmw,sebastopol-california,"['Salad / Sandwiches', 'Bar Food', 'American']",,,$$,38.3272161,-122.7078577,+17076027397,94931,"8099 La Plaza, B",Cotati,CA,"[{'@type': 'OpeningHoursSpecification', 'dayOfWeek': ['Monday', 'Tuesday', 'Wednesday', 'Thursday', 'Friday', 'Saturday', 'Sunday'], 'opens': '12:0', 'closes': '21:0'}]","{'@type': 'PostalAddress', 'addressLocality': 'Cotati', 'addressRegion': 'CA', 'postalCode': '94931', 'addressCountry': 'US', 'streetAddress': '8099 La Plaza, B'}","{'@type': 'GeoCoordinates', 'latitude': 38.3272161, 'longitude': -122.7078577}",{}
Papa Murphy's  (8005 Old Redwood Hwy.),https://www.ubereats.com/san-francisco/food-delivery/papa-murphys-8005-old-redwood-hwy/VR9FnJfKS1C-o4SEt_iVSQ,sebastopol-california,"['Pizza', 'American', 'Salads']",4.9,16,$$,38.3279994,-122.7079988,+17076648888,94931,8005 Old Redwood Hwy.,Cotati,CA,"[{'@type': 'OpeningHoursSpecification', 'dayOfWeek': ['Monday', 'Tuesday', 'Wednesday', 'Thursday', 'Friday', 'Saturday', 'Sunday'], 'opens': '11:0', 'closes': '20:0'}]","{'@type': 'PostalAddress', 'addressLocality': 'Cotati', 'addressRegion': 'CA', 'postalCode': '94931', 'addressCountry': 'US', 'streetAddress': '8005 Old Redwood Hwy.'}","{'@type': 'GeoCoordinates', 'latitude': 38.3279994, 'longitude': -122.7079988}","{'@type': 'AggregateRating', 'ratingValue': 4.9, 'reviewCount': '16'}"
Sift Dessert Bar,https://www.ubereats.com/san-francisco/food-delivery/sift-dessert-bar/Wjn-XWTJTYOjWxhAKAWIOg,sebastopol-california,"['Desserts', 'Bakery']",4.9,54,$,38.441497,-122.714493,+17077034228,95401,404 Mendocino Ave,Santa Rosa,California,"[{'@type': 'OpeningHoursSpecification', 'dayOfWeek': ['Monday', 'Tuesday', 'Wednesday', 'Thursday', 'Friday', 'Saturday', 'Sunday'], 'opens': '12:0', 'closes': '16:30'}]","{'@type': 'PostalAddress', 'addressLocality': 'Santa Rosa', 'addressRegion': 'California', 'postalCode': '95401', 'addressCountry': 'US', 'streetAddress': '404 Mendocino Ave'}","{'@type': 'GeoCoordinates', 'latitude': 38.441497, 'longitude': -122.714493}","{'@type': 'AggregateRating', 'ratingValue': 4.9, 'reviewCount': '54'}"
Panda Express (6560 Hembree Lane),https://www.ubereats.com/san-francisco/food-delivery/panda-express-6560-hembree-lane/T002Wy35TmGbyAUtpPqj4g,sebastopol-california,"['Chinese', 'Family Meals']",4.4,50,$,38.5274967,-122.7888329,+17078370139,95492,6560 Hembree Lane,Windsor,CA,"[{'@type': 'OpeningHoursSpecification', 'dayOfWeek': ['Monday', 'Tuesday', 'Wednesday', 'Thursday', 'Friday', 'Saturday', 'Sunday'], 'opens': '10:0', 'closes': '21:30'}]","{'@type': 'PostalAddress', 'addressLocality': 'Windsor', 'addressRegion': 'CA', 'postalCode': '95492', 'addressCountry': 'US', 'streetAddress': '6560 Hembree Lane'}","{'@type': 'GeoCoordinates', 'latitude': 38.5274967, 'longitude': -122.7888329}","{'@type': 'AggregateRating', 'ratingValue': 4.4, 'reviewCount': '50'}"
La Hoya Mexican Restaurant,https://www.ubereats.com/san-francisco/food-delivery/la-hoya-mexican-restaurant/nvkYINq3ROWmiDcz_zGbOQ,sebastopol-california,"['Mexican', 'Spanish', 'Latin American', 'Allergy Friendly']",4.6,33,$,38.35208859999999,-122.7122918,+17072069640,94928,"5979 Commerce Blvd, ste # 3",Rohnert Park,CA,"[{'@type': 'OpeningHoursSpecification', 'dayOfWeek': 'Sunday', 'opens': '11:0', 'closes': '19:30'}, {'@type': 'OpeningHoursSpecification', 'dayOfWeek': ['Tuesday', 'Wednesday', 'Thursday', 'Friday', 'Saturday'], 'opens': '11:0', 'closes': '19:30'}]","{'@type': 'PostalAddress', 'addressLocality': 'Rohnert Park', 'addressRegion': 'CA', 'postalCode': '94928', 'addressCountry': 'US', 'streetAddress': '5979 Commerce Blvd, ste # 3'}","{'@type': 'GeoCoordinates', 'latitude': 38.35208859999999, 'longitude': -122.7122918}","{'@type': 'AggregateRating', 'ratingValue': 4.6, 'reviewCount': '33'}"
Papa Murphy's  (2101 West College Avenue Suite E),https://www.ubereats.com/san-francisco/food-delivery/papa-murphys-2101-west-college-avenue-suite-e/ZO6HCAj2TA-brtEkpcDBYg,sebastopol-california,"['Pizza', 'Salads', 'Desserts']",,,$,38.4456705,-122.7520988,+17075750444,95401,2101 West College Avenue Suite E,Santa Rosa,CA,"[{'@type': 'OpeningHoursSpecification', 'dayOfWeek': ['Monday', 'Tuesday', 'Wednesday', 'Thursday', 'Friday', 'Saturday', 'Sunday'], 'opens': '11:0', 'closes': '20:0'}]","{'@type': 'PostalAddress', 'addressLocality': 'Santa Rosa', 'addressRegion': 'CA', 'postalCode': '95401', 'addressCountry': 'US', 'streetAddress': '2101 West College Avenue Suite E'}","{'@type': 'GeoCoordinates', 'latitude': 38.4456705, 'longitude': -122.7520988}",{}
Panda Express (2020 Santa Rosa Ave.),https://www.ubereats.com/san-francisco/food-delivery/panda-express-2020-santa-rosa-ave/Y6bgtyfrRESfEpBR6vfdWg,sebastopol-california,"['Chinese', 'Family Meals']",4.3,59,$,38.4184029,-122.7123943,+17075737160,95407,2020,Santa Rosa,CA,"[{'@type': 'OpeningHoursSpecification', 'dayOfWeek': ['Monday', 'Tuesday', 'Wednesday', 'Thursday', 'Friday', 'Saturday', 'Sunday'], 'opens': '10:0', 'closes': '21:0'}]","{'@type': 'PostalAddress', 'addressLocality': 'Santa Rosa', 'addressRegion': 'CA', 'postalCode': '95407', 'addressCountry': 'US', 'streetAddress': '2020'}","{'@type': 'GeoCoordinates', 'latitude': 38.4184029, 'longitude': -122.7123943}","{'@type': 'AggregateRating', 'ratingValue': 4.3, 'reviewCount': '59'}"
"Vitality Bowls (Santa Rosa, CA 95401)",https://www.ubereats.com/san-francisco/food-delivery/vitality-bowls-santa-rosa-ca-95401/3WdQFV0jT2qIYd53AHZU6A,sebastopol-california,"['Juice and Smoothies', 'Breakfast and Brunch', 'Vegetarian']",4.8,81,$,38.4583769,-122.7166945,+17075400655,95401,1880 Mendocino Ave,Santa Rosa,CA,"[{'@type': 'OpeningHoursSpecification', 'dayOfWeek': ['Monday', 'Tuesday', 'Wednesday', 'Thursday', 'Friday', 'Saturday', 'Sunday'], 'opens': '10:0', 'closes': '19:45'}]","{'@type': 'PostalAddress', 'addressLocality': 'Santa Rosa', 'addressRegion': 'CA', 'postalCode': '95401', 'addressCountry': 'US', 'streetAddress': '1880 Mendocino Ave'}","{'@type': 'GeoCoordinates', 'latitude': 38.4583769, 'longitude': -122.7166945}","{'@type': 'AggregateRating', 'ratingValue': 4.8, 'reviewCount': '81'}"
Chicken Nature,https://www.ubereats.com/san-francisco/food-delivery/chicken-nature/mMLLeF05RQGjRfpyozXhkw,sebastopol-california,"['Coffee and Tea', 'Vegetarian', 'Thai', 'Asian', 'Chicken', 'Vegetarian Friendly', 'Rice & Curry', 'Rice-bowls']",,,$,38.45205929999999,-122.7528681,+17075416242,95401,1791 Marlow Road,Santa Rosa,CA,"[{'@type': 'OpeningHoursSpecification', 'dayOfWeek': ['Monday', 'Tuesday', 'Wednesday', 'Thursday', 'Friday', 'Saturday', 'Sunday'], 'opens': '11:0', 'closes': '15:0'}, {'@type': 'OpeningHoursSpecification', 'dayOfWeek': ['Monday', 'Tuesday', 'Wednesday', 'Thursday', 'Friday', 'Saturday', 'Sunday'], 'opens': '17:0', 'closes': '21:0'}]","{'@type': 'PostalAddress', 'addressLocality': 'Santa Rosa', 'addressRegion': 'CA', 'postalCode': '95401', 'addressCountry': 'US', 'streetAddress': '1791 Marlow Road'}","{'@type': 'GeoCoordinates', 'latitude': 38.45205929999999, 'longitude': -122.7528681}",{}
Joey's Original Pizza,https://www.ubereats.com/san-francisco/food-delivery/joeys-original-pizza/kptrwxoLQM-rPenQJ31XfA,sebastopol-california,"['Pizza', 'Burgers', 'Pasta']",4.6,184,$$,38.446505,-122.718093,+17075955639,95401,727 Mendocino Ave,Santa Rosa,California,"[{'@type': 'OpeningHoursSpecification', 'dayOfWeek': ['Monday', 'Tuesday', 'Wednesday', 'Thursday', 'Friday', 'Saturday', 'Sunday'], 'opens': '11:0', 'closes': '23:30'}]","{'@type': 'PostalAddress', 'addressLocality': 'Santa Rosa', 'addressRegion': 'California', 'postalCode': '95401', 'addressCountry': 'US', 'streetAddress': '727 Mendocino Ave'}","{'@type': 'GeoCoordinates', 'latitude': 38.446505, 'longitude': -122.718093}","{'@type': 'AggregateRating', 'ratingValue': 4.6, 'reviewCount': '184'}"
sukhothai the bbq plus,https://www.ubereats.com/san-francisco/food-delivery/sukhothai-the-bbq-plus/tiwm2ctWQtShPWfYZJViNg,sebastopol-california,"['BBQ', 'Thai']",,,$,38.4049486,-122.8289091,+17078276350,95472,7233 Healdsburg Ave,Sebastopol,CA,"[{'@type': 'OpeningHoursSpecification', 'dayOfWeek': ['Sunday', 'Monday', 'Tuesday'], 'opens': '11:0', 'closes': '21:0'}, {'@type': 'OpeningHoursSpecification', 'dayOfWeek': ['Thursday', 'Friday', 'Saturday'], 'opens': '11:0', 'closes': '21:0'}]","{'@type': 'PostalAddress', 'addressLocality': 'Sebastopol', 'addressRegion': 'CA', 'postalCode': '95472', 'addressCountry': 'US', 'streetAddress': '7233 Healdsburg Ave'}","{'@type': 'GeoCoordinates', 'latitude': 38.4049486, 'longitude': -122.8289091}",{}
"El Pollo Loco (3795 Cleveland Ave,3765)",https://www.ubereats.com/san-francisco/food-delivery/el-pollo-loco-3795-cleveland-ave3765/7yop8owIR5qwaDojtW_9cg,sebastopol-california,"['Latin American', 'Mexican', 'New American', 'Family Meals']",3.8,35,$,38.47945199999999,-122.734361,+15107764418,95403,3795 Cleveland Ave,Santa Rosa,CA,"[{'@type': 'OpeningHoursSpecification', 'dayOfWeek': ['Monday', 'Tuesday', 'Wednesday', 'Thursday', 'Friday', 'Saturday', 'Sunday'], 'opens': '10:0', 'closes': '22:30'}]","{'@type': 'PostalAddress', 'addressLocality': 'Santa Rosa', 'addressRegion': 'CA', 'postalCode': '95403', 'addressCountry': 'US', 'streetAddress': '3795 Cleveland Ave'}","{'@type': 'GeoCoordinates', 'latitude': 38.47945199999999, 'longitude': -122.734361}","{'@type': 'AggregateRating', 'ratingValue': 3.8, 'reviewCount': '35'}"
Namaste Kitchen,https://www.ubereats.com/san-francisco/food-delivery/namaste-kitchen/yHh8XE-QQQu9wf7ZVHL_IQ,sebastopol-california,"['Indian', 'Vegetarian', 'Asian']",,,$,38.40502530000001,-122.8285913,+17073296965,95472,7225 Healdsburg Ave,Sebastopol,CA,"[{'@type': 'OpeningHoursSpecification', 'dayOfWeek': 'Sunday', 'opens': '11:30', 'closes': '14:0'}, {'@type': 'OpeningHoursSpecification', 'dayOfWeek': 'Sunday', 'opens': '17:0', 'closes': '20:30'}, {'@type': 'OpeningHoursSpecification', 'dayOfWeek': ['Tuesday', 'Wednesday'], 'opens': '11:30', 'closes': '14:0'}, {'@type': 'OpeningHoursSpecification', 'dayOfWeek': ['Tuesday', 'Wednesday'], 'opens': '17:0', 'closes': '20:30'}, {'@type': 'OpeningHoursSpecification', 'dayOfWeek': 'Thursday', 'opens': '11:0', 'closes': '14:0'}, {'@type': 'OpeningHoursSpecification', 'dayOfWeek': 'Thursday', 'opens': '17:0', 'closes': '20:30'}, {'@type': 'OpeningHoursSpecification', 'dayOfWeek': 'Friday', 'opens': '11:30', 'closes': '14:0'}, {'@type': 'OpeningHoursSpecification', 'dayOfWeek': 'Friday', 'opens': '17:0', 'closes': '20:30'}, {'@type': 'OpeningHoursSpecification', 'dayOfWeek': 'Saturday', 'opens': '0:0', 'closes': '14:0'}, {'@type': 'OpeningHoursSpecification', 'dayOfWeek': 'Saturday', 'opens': '17:0', 'closes': '20:30'}]","{'@type': 'PostalAddress', 'addressLocality': 'Sebastopol', 'addressRegion': 'CA', 'postalCode': '95472', 'addressCountry': 'US', 'streetAddress': '7225 Healdsburg Ave'}","{'@type': 'GeoCoordinates', 'latitude': 38.40502530000001, 'longitude': -122.8285913}",{}
El Potrero,https://www.ubereats.com/san-francisco/food-delivery/el-potrero/ZQhKlmI2R1K-NuYW006vpg,sebastopol-california,"['Mexican', 'Latin American', 'New Mexican']",,,$,38.4290368,-122.7420462,+17075755793,95407,711 Stony Point Road,Santa Rosa,CA,"[{'@type': 'OpeningHoursSpecification', 'dayOfWeek': ['Monday', 'Tuesday', 'Wednesday', 'Thursday', 'Friday', 'Saturday', 'Sunday'], 'opens': '9:0', 'closes': '21:0'}]","{'@type': 'PostalAddress', 'addressLocality': 'Santa Rosa', 'addressRegion': 'CA', 'postalCode': '95407', 'addressCountry': 'US', 'streetAddress': '711 Stony Point Road'}","{'@type': 'GeoCoordinates', 'latitude': 38.4290368, 'longitude': -122.7420462}",{}
IHOP (2745 Fourth St),https://www.ubereats.com/san-francisco/food-delivery/ihop-2745-fourth-st/uTqg1hSfSi2KcXootFaCLg,sebastopol-california,"['Breakfast and Brunch', 'American', 'Family Meals']",4.4,102,$$,38.4498797,-122.6894131,+17075794000,,,,,"[{'@type': 'OpeningHoursSpecification', 'dayOfWeek': ['Monday', 'Tuesday', 'Wednesday', 'Thursday', 'Friday', 'Saturday', 'Sunday'], 'opens': '7:0', 'closes': '14:50'}]",,"{'@type': 'GeoCoordinates', 'latitude': 38.4498797, 'longitude': -122.6894131}","{'@type': 'AggregateRating', 'ratingValue': 4.4, 'reviewCount': '102'}"
Chicago's Pizza With A Twist,https://www.ubereats.com/san-francisco/food-delivery/chicagos-pizza-with-a-twist/q0bVNOCnR3uiZ4t2ZzyFrg,sebastopol-california,"['Pizza', 'Wings', 'Pasta', 'Family Meals']",4.5,48,$,38.4072184,-122.741104,+17076061000,,,,,"[{'@type': 'OpeningHoursSpecification', 'dayOfWeek': ['Monday', 'Tuesday', 'Wednesday', 'Thursday', 'Friday', 'Saturday', 'Sunday'], 'opens': '10:30', 'closes': '21:55'}]",,"{'@type': 'GeoCoordinates', 'latitude': 38.4072184, 'longitude': -122.741104}","{'@type': 'AggregateRating', 'ratingValue': 4.5, 'reviewCount': '48'}"
Panda Express (740 Stony Point Road),https://www.ubereats.com/san-francisco/food-delivery/panda-express-740-stony-point-road/J90-DNddTJmqpsoVHdu8gw,sebastopol-california,"['Chinese', 'Family Meals']",4.4,139,$,38.4284659,-122.7411444,+17075276610,95407,740 Stony Point Road,Santa Rosa,CA,"[{'@type': 'OpeningHoursSpecification', 'dayOfWeek': ['Monday', 'Tuesday', 'Wednesday', 'Thursday', 'Friday', 'Saturday', 'Sunday'], 'opens': '10:0', 'closes': '22:0'}]","{'@type': 'PostalAddress', 'addressLocality': 'Santa Rosa', 'addressRegion': 'CA', 'postalCode': '95407', 'addressCountry': 'US', 'streetAddress': '740 Stony Point Road'}","{'@type': 'GeoCoordinates', 'latitude': 38.4284659, 'longitude': -122.7411444}","{'@type': 'AggregateRating', 'ratingValue': 4.4, 'reviewCount': '139'}"
Cozy Plum Bistro,https://www.ubereats.com/san-francisco/food-delivery/cozy-plum-bistro/iZ2C1K1OSaegnAm87aTpjA,sebastopol-california,"['Sandwich', 'Salads', 'Gluten Free']",,,$,38.4587909,-122.717877,+17075455555,95401,1899 Mendocino Ave B,Santa Rosa,CA,"[{'@type': 'OpeningHoursSpecification', 'dayOfWeek': ['Sunday', 'Monday', 'Tuesday'], 'opens': '11:0', 'closes': '20:0'}, {'@type': 'OpeningHoursSpecification', 'dayOfWeek': ['Thursday', 'Friday', 'Saturday'], 'opens': '11:0', 'closes': '20:0'}]","{'@type': 'PostalAddress', 'addressLocality': 'Santa Rosa', 'addressRegion': 'CA', 'postalCode': '95401', 'addressCountry': 'US', 'streetAddress': '1899 Mendocino Ave B'}","{'@type': 'GeoCoordinates', 'latitude': 38.4587909, 'longitude': -122.717877}",{}
Starting From Scratch Cafe,https://www.ubereats.com/san-francisco/food-delivery/starting-from-scratch-cafe/1Nxcmu5XRXarsoAB9dLQdg,sebastopol-california,"['Burgers', 'American', 'Breakfast and Brunch', 'Allergy Friendly']",4.6,34,$,38.51155809999999,-122.7829031,+17078433829,95403,400 Aviation Blvd,Santa Rosa,CA,"[{'@type': 'OpeningHoursSpecification', 'dayOfWeek': ['Monday', 'Tuesday', 'Wednesday', 'Thursday', 'Friday'], 'opens': '7:30', 'closes': '14:30'}]","{'@type': 'PostalAddress', 'addressLocality': 'Santa Rosa', 'addressRegion': 'CA', 'postalCode': '95403', 'addressCountry': 'US', 'streetAddress': '400 Aviation Blvd'}","{'@type': 'GeoCoordinates', 'latitude': 38.51155809999999, 'longitude': -122.7829031}","{'@type': 'AggregateRating', 'ratingValue': 4.6, 'reviewCount': '34'}"
Mr. Pickle's Sandwich Shop - Santa Rosa,https://www.ubereats.com/san-francisco/food-delivery/mr-pickles-sandwich-shop-santa-rosa/vfajBUH5TzSQo44jVQ1R2A,sebastopol-california,"['American', 'Sandwich', 'Salads', 'Deli']",4.8,71,$,38.4541453,-122.6722046,+17075377300,95405,4100 Montgomery Dr,Santa Rosa,CA,"[{'@type': 'OpeningHoursSpecification', 'dayOfWeek': ['Monday', 'Tuesday', 'Wednesday', 'Thursday', 'Friday', 'Saturday', 'Sunday'], 'opens': '11:0', 'closes': '14:30'}]","{'@type': 'PostalAddress', 'addressLocality': 'Santa Rosa', 'addressRegion': 'CA', 'postalCode': '95405', 'addressCountry': 'US', 'streetAddress': '4100 Montgomery Dr'}","{'@type': 'GeoCoordinates', 'latitude': 38.4541453, 'longitude': -122.6722046}","{'@type': 'AggregateRating', 'ratingValue': 4.8, 'reviewCount': '71'}"
Denny's (115 Baker Ave),https://www.ubereats.com/san-francisco/food-delivery/dennys-115-baker-ave/TjBZ1ihlTYGcYTjEYcCigQ,sebastopol-california,"['American', 'Breakfast and Brunch', 'Coffee and Tea', 'Dinner', 'Desserts', 'Salads', 'Steak', 'Sandwich']",3.7,29,$$,38.421599,-122.7146534,+17075422309,95407,115 Baker Ave,Santa Rosa,CA,"[{'@type': 'OpeningHoursSpecification', 'dayOfWeek': ['Monday', 'Tuesday', 'Wednesday', 'Thursday', 'Friday', 'Saturday', 'Sunday'], 'opens': '6:0', 'closes': '23:59'}]","{'@type': 'PostalAddress', 'addressLocality': 'Santa Rosa', 'addressRegion': 'CA', 'postalCode': '95407', 'addressCountry': 'US', 'streetAddress': '115 Baker Ave'}","{'@type': 'GeoCoordinates', 'latitude': 38.421599, 'longitude': -122.7146534}","{'@type': 'AggregateRating', 'ratingValue': 3.7, 'reviewCount': '29'}"
Arby's (4799 Redwood Dr),https://www.ubereats.com/san-francisco/food-delivery/arbys-4799-redwood-dr/K2CmnI7gTJya2L5RrjFbyA,sebastopol-california,"['Burgers', 'American', 'Sandwiches']",4.6,39,$,38.3662608,-122.7140236,+17075847702,94928,4799 Redwood Dr,Rohnert Park,CA,"[{'@type': 'OpeningHoursSpecification', 'dayOfWeek': ['Monday', 'Tuesday', 'Wednesday', 'Thursday', 'Friday', 'Saturday', 'Sunday'], 'opens': '9:30', 'closes': '22:0'}]","{'@type': 'PostalAddress', 'addressLocality': 'Rohnert Park', 'addressRegion': 'CA', 'postalCode': '94928', 'addressCountry': 'US', 'streetAddress': '4799 Redwood Dr'}","{'@type': 'GeoCoordinates', 'latitude': 38.3662608, 'longitude': -122.7140236}","{'@type': 'AggregateRating', 'ratingValue': 4.6, 'reviewCount': '39'}"
Togo's (1537 Farmers Ln),https://www.ubereats.com/san-francisco/food-delivery/togos-1537-farmers-ln/wn1tc4gHRTKCXoC3Mo2mjw,sebastopol-california,"['Sandwich', 'American', 'Chicken']",4.0,56,$,38.4347739,-122.6898765,+17075288143,95405,1537 Farmers Ln,Santa Rosa,CA,"[{'@type': 'OpeningHoursSpecification', 'dayOfWeek': ['Monday', 'Tuesday', 'Wednesday', 'Thursday', 'Friday', 'Saturday', 'Sunday'], 'opens': '10:30', 'closes': '19:40'}]","{'@type': 'PostalAddress', 'addressLocality': 'Santa Rosa', 'addressRegion': 'CA', 'postalCode': '95405', 'addressCountry': 'US', 'streetAddress': '1537 Farmers Ln'}","{'@type': 'GeoCoordinates', 'latitude': 38.4347739, 'longitude': -122.6898765}","{'@type': 'AggregateRating', 'ratingValue': 4, 'reviewCount': '56'}"
Port of Subs (2101 W. College Ave #F),https://www.ubereats.com/san-francisco/food-delivery/port-of-subs-2101-w-college-ave-%23f/_gHopgU5Tv2Icod-a6ryjA,sebastopol-california,"['American', 'Salads', 'Sandwhiches']",4.9,16,$,38.4456705,-122.7520988,+17075717678,95401,2101 W. College Ave #F,Santa Rosa,CA,"[{'@type': 'OpeningHoursSpecification', 'dayOfWeek': 'Sunday', 'opens': '10:0', 'closes': '17:0'}, {'@type': 'OpeningHoursSpecification', 'dayOfWeek': ['Monday', 'Tuesday', 'Wednesday', 'Thursday', 'Friday', 'Saturday'], 'opens': '10:0', 'closes': '18:0'}]","{'@type': 'PostalAddress', 'addressLocality': 'Santa Rosa', 'addressRegion': 'CA', 'postalCode': '95401', 'addressCountry': 'US', 'streetAddress': '2101 W. College Ave #F'}","{'@type': 'GeoCoordinates', 'latitude': 38.4456705, 'longitude': -122.7520988}","{'@type': 'AggregateRating', 'ratingValue': 4.9, 'reviewCount': '16'}"
Wing Man,https://www.ubereats.com/san-francisco/food-delivery/wing-man/8jJFiroQRfmqk0uxpKoIEQ,sebastopol-california,"['Wings', 'American', 'Chicken']",4.6,26,,38.3270995,-122.7053236,+17077949464,,,,,"[{'@type': 'OpeningHoursSpecification', 'dayOfWeek': 'Sunday', 'opens': '12:0', 'closes': '19:0'}, {'@type': 'OpeningHoursSpecification', 'dayOfWeek': ['Thursday', 'Friday', 'Saturday'], 'opens': '12:0', 'closes': '19:0'}]",,"{'@type': 'GeoCoordinates', 'latitude': 38.3270995, 'longitude': -122.7053236}","{'@type': 'AggregateRating', 'ratingValue': 4.6, 'reviewCount': '26'}"
Taqueria Mendoza,https://www.ubereats.com/san-francisco/food-delivery/taqueria-mendoza/gPrGz9fQR_aHdE7LaiSGXg,sebastopol-california,['Mexican'],,,$,38.4668606,-122.7490801,+17075452795,,,,,"[{'@type': 'OpeningHoursSpecification', 'dayOfWeek': ['Monday', 'Tuesday', 'Wednesday', 'Thursday', 'Friday', 'Saturday', 'Sunday'], 'opens': '10:0', 'closes': '17:0'}]",,"{'@type': 'GeoCoordinates', 'latitude': 38.4668606, 'longitude': -122.7490801}",{}
Paradise Sushi & Grill (4th Street),https://www.ubereats.com/san-francisco/food-delivery/paradise-sushi-%26-grill-4th-street/j0qktX8GQfGkrOhB8dE7wA,sebastopol-california,"['Sushi', 'Asian', 'Japanese', 'Allergy Friendly']",4.5,89,$,38.4378412,-122.7201008,+17075424582,95401,119 4th St,Santa Rosa,CA,"[{'@type': 'OpeningHoursSpecification', 'dayOfWeek': 'Sunday', 'opens': '16:30', 'closes': '21:0'}, {'@type': 'OpeningHoursSpecification', 'dayOfWeek': ['Monday', 'Tuesday', 'Wednesday', 'Thursday'], 'opens': '11:30', 'closes': '21:0'}, {'@type': 'OpeningHoursSpecification', 'dayOfWeek': ['Friday', 'Saturday'], 'opens': '11:30', 'closes': '21:30'}]","{'@type': 'PostalAddress', 'addressLocality': 'Santa Rosa', 'addressRegion': 'CA', 'postalCode': '95401', 'addressCountry': 'US', 'streetAddress': '119 4th St'}","{'@type': 'GeoCoordinates', 'latitude': 38.4378412, 'longitude': -122.7201008}","{'@type': 'AggregateRating', 'ratingValue': 4.5, 'reviewCount': '89'}"
KFC (401 Stony Point Road),https://www.ubereats.com/san-francisco/food-delivery/kfc-401-stony-point-road/-lNuGsi2TTGoXHVKHpe3Lw,sebastopol-california,"['American', 'Fast Food', 'wings']",4.3,25,$,38.4320265,-122.7425145,+17075280617,95401,401 Stony Point Road,Santa Rosa,CA,"[{'@type': 'OpeningHoursSpecification', 'dayOfWeek': ['Monday', 'Tuesday', 'Wednesday', 'Thursday', 'Friday', 'Saturday', 'Sunday'], 'opens': '10:0', 'closes': '21:30'}]","{'@type': 'PostalAddress', 'addressLocality': 'Santa Rosa', 'addressRegion': 'CA', 'postalCode': '95401', 'addressCountry': 'US', 'streetAddress': '401 Stony Point Road'}","{'@type': 'GeoCoordinates', 'latitude': 38.4320265, 'longitude': -122.7425145}","{'@type': 'AggregateRating', 'ratingValue': 4.3, 'reviewCount': '25'}"
Hooters (6099 Redwood),https://www.ubereats.com/san-francisco/food-delivery/hooters-6099-redwood/vPloWgwhT-S5WWPAVMaa7Q,sebastopol-california,"['American', 'Bar Food', 'burger']",,,$$,38.3499341,-122.7174757,+17075859464,94928,6099 Redwood Dr,Rohnert Park,CA,"[{'@type': 'OpeningHoursSpecification', 'dayOfWeek': ['Monday', 'Tuesday', 'Wednesday', 'Thursday', 'Friday', 'Saturday', 'Sunday'], 'opens': '11:0', 'closes': '22:0'}]","{'@type': 'PostalAddress', 'addressLocality': 'Rohnert Park', 'addressRegion': 'CA', 'postalCode': '94928', 'addressCountry': 'US', 'streetAddress': '6099 Redwood Dr'}","{'@type': 'GeoCoordinates', 'latitude': 38.3499341, 'longitude': -122.7174757}",{}
Taco Bell (771 Stony Point Rd),https://www.ubereats.com/san-francisco/food-delivery/taco-bell-771-stony-point-rd/3s7wNZahTF2Ee_dzszubPQ,sebastopol-california,"['Burritos', 'Fast Food', 'Mexican']",3.9,198,$,38.4274959,-122.7419139,+17075282907,95407,771 Stony Point Rd,Santa Rosa,CA,"[{'@type': 'OpeningHoursSpecification', 'dayOfWeek': ['Sunday', 'Monday', 'Tuesday', 'Wednesday', 'Thursday'], 'opens': '14:0', 'closes': '17:0'}, {'@type': 'OpeningHoursSpecification', 'dayOfWeek': ['Sunday', 'Monday', 'Tuesday', 'Wednesday', 'Thursday'], 'opens': '7:0', 'closes': '1:30'}, {'@type': 'OpeningHoursSpecification', 'dayOfWeek': ['Sunday', 'Monday', 'Tuesday', 'Wednesday', 'Thursday'], 'opens': '7:0', 'closes': '10:30'}, {'@type': 'OpeningHoursSpecification', 'dayOfWeek': ['Friday', 'Saturday'], 'opens': '14:0', 'closes': '17:0'}, {'@type': 'OpeningHoursSpecification', 'dayOfWeek': ['Friday', 'Saturday'], 'opens': '7:0', 'closes': '10:30'}, {'@type': 'OpeningHoursSpecification', 'dayOfWeek': ['Friday', 'Saturday'], 'opens': '7:0', 'closes': '2:30'}]","{'@type': 'PostalAddress', 'addressLocality': 'Santa Rosa', 'addressRegion': 'CA', 'postalCode': '95407', 'addressCountry': 'US', 'streetAddress': '771 Stony Point Rd'}","{'@type': 'GeoCoordinates', 'latitude': 38.4274959, 'longitude': -122.7419139}","{'@type': 'AggregateRating', 'ratingValue': 3.9, 'reviewCount': '198'}"
Yeti Restaurant - Santa Rosa,https://www.ubereats.com/san-francisco/food-delivery/yeti-restaurant-santa-rosa/AA0XRZ7pSzGFu1mtiCvalA,sebastopol-california,"['Indian', 'Indian Curry', 'Asian']",4.8,60,$,38.450405,-122.688451,+17075219608,95405,190 Farmers Ln,Santa Rosa,California,"[{'@type': 'OpeningHoursSpecification', 'dayOfWeek': 'Sunday', 'opens': '16:45', 'closes': '20:30'}, {'@type': 'OpeningHoursSpecification', 'dayOfWeek': ['Tuesday', 'Wednesday', 'Thursday', 'Friday', 'Saturday'], 'opens': '16:45', 'closes': '20:30'}]","{'@type': 'PostalAddress', 'addressLocality': 'Santa Rosa', 'addressRegion': 'California', 'postalCode': '95405', 'addressCountry': 'US', 'streetAddress': '190 Farmers Ln'}","{'@type': 'GeoCoordinates', 'latitude': 38.450405, 'longitude': -122.688451}","{'@type': 'AggregateRating', 'ratingValue': 4.8, 'reviewCount': '60'}"
Papa Murphy's  (140 Calistoga Road),https://www.ubereats.com/san-francisco/food-delivery/papa-murphys-140-calistoga-road/4K-6gv_NRwiyQlNt-PTpjA,sebastopol-california,"['Pizza', 'Salads', 'Italian']",,,$,38.4659949,-122.6531322,+17075388880,95409,140 Calistoga Road,Santa Rosa,CA,"[{'@type': 'OpeningHoursSpecification', 'dayOfWeek': ['Monday', 'Tuesday', 'Wednesday', 'Thursday', 'Friday', 'Saturday', 'Sunday'], 'opens': '11:0', 'closes': '20:0'}]","{'@type': 'PostalAddress', 'addressLocality': 'Santa Rosa', 'addressRegion': 'CA', 'postalCode': '95409', 'addressCountry': 'US', 'streetAddress': '140 Calistoga Road'}","{'@type': 'GeoCoordinates', 'latitude': 38.4659949, 'longitude': -122.6531322}",{}
Red Lobster (6440 Redwood Drive),https://www.ubereats.com/san-francisco/food-delivery/red-lobster-6440-redwood-drive/5HWbthnUT-Cr7UsKaeIdvg,sebastopol-california,"['Seafood', 'American', 'Family Meals']",4.3,57,$$,38.34739010000001,-122.7150051,+17075863640,94928,6440 Redwood Drive,Rohnert Park,CA,"[{'@type': 'OpeningHoursSpecification', 'dayOfWeek': ['Sunday', 'Monday', 'Tuesday', 'Wednesday', 'Thursday'], 'opens': '11:30', 'closes': '20:0'}, {'@type': 'OpeningHoursSpecification', 'dayOfWeek': ['Friday', 'Saturday'], 'opens': '11:30', 'closes': '21:0'}]","{'@type': 'PostalAddress', 'addressLocality': 'Rohnert Park', 'addressRegion': 'CA', 'postalCode': '94928', 'addressCountry': 'US', 'streetAddress': '6440 Redwood Drive'}","{'@type': 'GeoCoordinates', 'latitude': 38.34739010000001, 'longitude': -122.7150051}","{'@type': 'AggregateRating', 'ratingValue': 4.3, 'reviewCount': '57'}"
Canneti Roadhouse Italiana,https://www.ubereats.com/san-francisco/food-delivery/canneti-roadhouse-italiana/z7Aos_jwTXGqPx6kjcKBBA,sebastopol-california,"['Italian', 'Pasta', 'Comfort Food']",,,$$,38.47379739999999,-122.8932295,+17078872232,95436,6675 Front St,Forestville,CA,"[{'@type': 'OpeningHoursSpecification', 'dayOfWeek': 'Sunday', 'opens': '11:30', 'closes': '15:30'}, {'@type': 'OpeningHoursSpecification', 'dayOfWeek': 'Sunday', 'opens': '17:30', 'closes': '20:30'}, {'@type': 'OpeningHoursSpecification', 'dayOfWeek': ['Tuesday', 'Wednesday', 'Thursday'], 'opens': '17:30', 'closes': '21:0'}, {'@type': 'OpeningHoursSpecification', 'dayOfWeek': ['Friday', 'Saturday'], 'opens': '11:30', 'closes': '15:0'}, {'@type': 'OpeningHoursSpecification', 'dayOfWeek': ['Friday', 'Saturday'], 'opens': '17:30', 'closes': '21:30'}]","{'@type': 'PostalAddress', 'addressLocality': 'Forestville', 'addressRegion': 'CA', 'postalCode': '95436', 'addressCountry': 'US', 'streetAddress': '6675 Front St'}","{'@type': 'GeoCoordinates', 'latitude': 38.47379739999999, 'longitude': -122.8932295}",{}
Taqueria California,https://www.ubereats.com/san-francisco/food-delivery/taqueria-california/IMGHERRdTGy3FfyjFY7YNA,sebastopol-california,"['Mexican', 'Allergy Friendly']",4.6,200,$$,38.428064,-122.7403398,+17075953363,95407,750 Stony Point Rd Ste A155,Santa Rosa,CA,"[{'@type': 'OpeningHoursSpecification', 'dayOfWeek': 'Sunday', 'opens': '9:0', 'closes': '21:0'}, {'@type': 'OpeningHoursSpecification', 'dayOfWeek': ['Monday', 'Tuesday', 'Wednesday', 'Thursday', 'Friday'], 'opens': '8:0', 'closes': '21:0'}, {'@type': 'OpeningHoursSpecification', 'dayOfWeek': 'Saturday', 'opens': '9:0', 'closes': '21:0'}]","{'@type': 'PostalAddress', 'addressLocality': 'Santa Rosa', 'addressRegion': 'CA', 'postalCode': '95407', 'addressCountry': 'US', 'streetAddress': '750 Stony Point Rd Ste A155'}","{'@type': 'GeoCoordinates', 'latitude': 38.428064, 'longitude': -122.7403398}","{'@type': 'AggregateRating', 'ratingValue': 4.6, 'reviewCount': '200'}"
KFC (6700 Commerce Boulevard),https://www.ubereats.com/san-francisco/food-delivery/kfc-6700-commerce-boulevard/3XSzUe1eRSe_F0_71LggWQ,sebastopol-california,"['American', 'Fast Food', 'wings']",4.6,45,$,38.34355780000001,-122.7117624,+14198415630,94928,6700 Commerce Boulevard,Rohnert Park,CA,"[{'@type': 'OpeningHoursSpecification', 'dayOfWeek': ['Monday', 'Tuesday', 'Wednesday', 'Thursday', 'Friday', 'Saturday', 'Sunday'], 'opens': '10:0', 'closes': '21:30'}]","{'@type': 'PostalAddress', 'addressLocality': 'Rohnert Park', 'addressRegion': 'CA', 'postalCode': '94928', 'addressCountry': 'US', 'streetAddress': '6700 Commerce Boulevard'}","{'@type': 'GeoCoordinates', 'latitude': 38.34355780000001, 'longitude': -122.7117624}","{'@type': 'AggregateRating', 'ratingValue': 4.6, 'reviewCount': '45'}"
Boudin (Santa Rosa),https://www.ubereats.com/san-francisco/food-delivery/boudin-santa-rosa/QObHYTB9TpqLlmFM9U920A,sebastopol-california,"['Sandwich', 'Bakery', 'Salads']",4.6,148,$,38.446446,-122.687282,+17073034100,95405,2345 Midway Dr,Santa Rosa,California,"[{'@type': 'OpeningHoursSpecification', 'dayOfWeek': ['Monday', 'Tuesday', 'Wednesday', 'Thursday', 'Friday', 'Saturday', 'Sunday'], 'opens': '10:0', 'closes': '20:0'}]","{'@type': 'PostalAddress', 'addressLocality': 'Santa Rosa', 'addressRegion': 'California', 'postalCode': '95405', 'addressCountry': 'US', 'streetAddress': '2345 Midway Dr'}","{'@type': 'GeoCoordinates', 'latitude': 38.446446, 'longitude': -122.687282}","{'@type': 'AggregateRating', 'ratingValue': 4.6, 'reviewCount': '148'}"
Pizza Guys (Santa Rosa),https://www.ubereats.com/san-francisco/food-delivery/pizza-guys-santa-rosa/RIoNLYEpR-6krm1-3bXW7Q,sebastopol-california,['Pizza'],4.7,85,$$,38.468492,-122.743898,+17075918888,95403,1776 Piner Rd,Santa Rosa,CA,"[{'@type': 'OpeningHoursSpecification', 'dayOfWeek': ['Sunday', 'Monday', 'Tuesday', 'Wednesday', 'Thursday'], 'opens': '10:0', 'closes': '22:45'}, {'@type': 'OpeningHoursSpecification', 'dayOfWeek': ['Friday', 'Saturday'], 'opens': '10:0', 'closes': '22:45'}, {'@type': 'OpeningHoursSpecification', 'dayOfWeek': ['Friday', 'Saturday'], 'opens': '10:0', 'closes': '0:0'}]","{'@type': 'PostalAddress', 'addressLocality': 'Santa Rosa', 'addressRegion': 'CA', 'postalCode': '95403', 'addressCountry': 'US', 'streetAddress': '1776 Piner Rd'}","{'@type': 'GeoCoordinates', 'latitude': 38.468492, 'longitude': -122.743898}","{'@type': 'AggregateRating', 'ratingValue': 4.7, 'reviewCount': '85'}"
Burger King (2542 Guerneville Road),https://www.ubereats.com/san-francisco/food-delivery/burger-king-2542-guerneville-road/AzqfzvyGQ-mAcf9euN9jNg,sebastopol-california,"['American', 'burger', 'Fast Food']",4.6,55,$,38.4521284,-122.7705574,+17075684306,95401,2542 Guerneville Road,Santa Rosa,CA,"[{'@type': 'OpeningHoursSpecification', 'dayOfWeek': 'Sunday', 'opens': '8:30', 'closes': '10:29'}, {'@type': 'OpeningHoursSpecification', 'dayOfWeek': 'Sunday', 'opens': '10:30', 'closes': '21:30'}, {'@type': 'OpeningHoursSpecification', 'dayOfWeek': ['Monday', 'Tuesday', 'Wednesday'], 'opens': '8:30', 'closes': '10:29'}, {'@type': 'OpeningHoursSpecification', 'dayOfWeek': ['Monday', 'Tuesday', 'Wednesday'], 'opens': '10:30', 'closes': '18:30'}, {'@type': 'OpeningHoursSpecification', 'dayOfWeek': ['Thursday', 'Friday', 'Saturday'], 'opens': '8:30', 'closes': '10:29'}, {'@type': 'OpeningHoursSpecification', 'dayOfWeek': ['Thursday', 'Friday', 'Saturday'], 'opens': '10:30', 'closes': '21:30'}]","{'@type': 'PostalAddress', 'addressLocality': 'Santa Rosa', 'addressRegion': 'CA', 'postalCode': '95401', 'addressCountry': 'US', 'streetAddress': '2542 Guerneville Road'}","{'@type': 'GeoCoordinates', 'latitude': 38.4521284, 'longitude': -122.7705574}","{'@type': 'AggregateRating', 'ratingValue': 4.6, 'reviewCount': '55'}"
Taco Bell (2000 Santa Rosa Ave),https://www.ubereats.com/san-francisco/food-delivery/taco-bell-2000-santa-rosa-ave/IRhYSV2rQxKvVoV5h6P7Ng,sebastopol-california,"['Burritos', 'Fast Food', 'Mexican']",4.2,80,$,38.4181657,-122.7131614,+17075690903,95407,2000,Santa Rosa,CA,"[{'@type': 'OpeningHoursSpecification', 'dayOfWeek': ['Monday', 'Tuesday', 'Wednesday', 'Thursday', 'Friday', 'Saturday', 'Sunday'], 'opens': '14:0', 'closes': '17:0'}, {'@type': 'OpeningHoursSpecification', 'dayOfWeek': ['Monday', 'Tuesday', 'Wednesday', 'Thursday', 'Friday', 'Saturday', 'Sunday'], 'opens': '7:0', 'closes': '23:30'}, {'@type': 'OpeningHoursSpecification', 'dayOfWeek': ['Monday', 'Tuesday', 'Wednesday', 'Thursday', 'Friday', 'Saturday', 'Sunday'], 'opens': '7:0', 'closes': '10:30'}]","{'@type': 'PostalAddress', 'addressLocality': 'Santa Rosa', 'addressRegion': 'CA', 'postalCode': '95407', 'addressCountry': 'US', 'streetAddress': '2000'}","{'@type': 'GeoCoordinates', 'latitude': 38.4181657, 'longitude': -122.7131614}","{'@type': 'AggregateRating', 'ratingValue': 4.2, 'reviewCount': '80'}"
KHUM KOON Thai Cafe,https://www.ubereats.com/san-francisco/food-delivery/khum-koon-thai-cafe/cN6w7w3FScyTl9unEvk2JQ,sebastopol-california,"['Thai', 'Asian', 'Desserts']",4.8,60,$$,38.54717410000001,-122.812921,+17078922997,,,,,"[{'@type': 'OpeningHoursSpecification', 'dayOfWeek': ['Sunday', 'Monday'], 'opens': '16:30', 'closes': '20:30'}, {'@type': 'OpeningHoursSpecification', 'dayOfWeek': ['Sunday', 'Monday'], 'opens': '11:0', 'closes': '14:30'}, {'@type': 'OpeningHoursSpecification', 'dayOfWeek': ['Wednesday', 'Thursday', 'Friday', 'Saturday'], 'opens': '16:30', 'closes': '20:30'}, {'@type': 'OpeningHoursSpecification', 'dayOfWeek': ['Wednesday', 'Thursday', 'Friday', 'Saturday'], 'opens': '11:0', 'closes': '14:30'}]",,"{'@type': 'GeoCoordinates', 'latitude': 38.54717410000001, 'longitude': -122.812921}","{'@type': 'AggregateRating', 'ratingValue': 4.8, 'reviewCount': '60'}"
Cafe des Croissant ,https://www.ubereats.com/san-francisco/food-delivery/cafe-des-croissant/STT3DawVTdG2NKxpURVoxA,sebastopol-california,"['Salad / Sandwiches', 'Coffee and Tea', 'Comfort Food']",3.4,34,$,38.438552,-122.713037,+17075702078,,,,,"[{'@type': 'OpeningHoursSpecification', 'dayOfWeek': ['Monday', 'Tuesday', 'Wednesday', 'Thursday', 'Friday'], 'opens': '6:30', 'closes': '15:30'}, {'@type': 'OpeningHoursSpecification', 'dayOfWeek': 'Saturday', 'opens': '8:0', 'closes': '15:0'}]",,"{'@type': 'GeoCoordinates', 'latitude': 38.438552, 'longitude': -122.713037}","{'@type': 'AggregateRating', 'ratingValue': 3.4, 'reviewCount': '34'}"
Burger King (6125 Commerce Boulevard),https://www.ubereats.com/san-francisco/food-delivery/burger-king-6125-commerce-boulevard/8S-nthNWTT62Q906u2U7EA,sebastopol-california,"['American', 'burger', 'Fast Food']",4.8,46,$,38.3499501,-122.710174,+17075853140,94928,6125 Commerce Boulevard,Rohnert Park,CA,"[{'@type': 'OpeningHoursSpecification', 'dayOfWeek': 'Sunday', 'opens': '7:30', 'closes': '10:29'}, {'@type': 'OpeningHoursSpecification', 'dayOfWeek': 'Sunday', 'opens': '10:30', 'closes': '23:30'}, {'@type': 'OpeningHoursSpecification', 'dayOfWeek': ['Monday', 'Tuesday', 'Wednesday', 'Thursday', 'Friday', 'Saturday'], 'opens': '6:30', 'closes': '10:29'}, {'@type': 'OpeningHoursSpecification', 'dayOfWeek': ['Monday', 'Tuesday', 'Wednesday', 'Thursday', 'Friday', 'Saturday'], 'opens': '10:30', 'closes': '23:30'}]","{'@type': 'PostalAddress', 'addressLocality': 'Rohnert Park', 'addressRegion': 'CA', 'postalCode': '94928', 'addressCountry': 'US', 'streetAddress': '6125 Commerce Boulevard'}","{'@type': 'GeoCoordinates', 'latitude': 38.3499501, 'longitude': -122.710174}","{'@type': 'AggregateRating', 'ratingValue': 4.8, 'reviewCount': '46'}"
Panda Express (2240 Mendocino Ave. Suite106),https://www.ubereats.com/san-francisco/food-delivery/panda-express-2240-mendocino-ave-suite106/68SZJn14QCKxwUM-e7U8zw,sebastopol-california,"['Chinese', 'Family Meals']",4.5,200,$,38.4616451,-122.7169498,+17075760783,95403,2240 Mendocino Ave. Suite106,Santa Rosa,CA,"[{'@type': 'OpeningHoursSpecification', 'dayOfWeek': ['Monday', 'Tuesday', 'Wednesday', 'Thursday', 'Friday', 'Saturday', 'Sunday'], 'opens': '10:0', 'closes': '21:30'}]","{'@type': 'PostalAddress', 'addressLocality': 'Santa Rosa', 'addressRegion': 'CA', 'postalCode': '95403', 'addressCountry': 'US', 'streetAddress': '2240 Mendocino Ave. Suite106'}","{'@type': 'GeoCoordinates', 'latitude': 38.4616451, 'longitude': -122.7169498}","{'@type': 'AggregateRating', 'ratingValue': 4.5, 'reviewCount': '200'}"
McDonald's® (2521 GUERNEVILLE RD),https://www.ubereats.com/san-francisco/food-delivery/mcdonalds-2521-guerneville-rd/Vz1eHHEtT96Lq4YAum8iAw,sebastopol-california,"['American', 'Burgers', 'Fast Food']",4.4,94,$,38.4529017,-122.7705326,+17075284662,95401,2521 Guerneville Rd,Santa Rosa,CA,"[{'@type': 'OpeningHoursSpecification', 'dayOfWeek': 'Sunday', 'opens': '6:0', 'closes': '10:59'}, {'@type': 'OpeningHoursSpecification', 'dayOfWeek': 'Sunday', 'opens': '11:0', 'closes': '16:59'}, {'@type': 'OpeningHoursSpecification', 'dayOfWeek': 'Sunday', 'opens': '17:0', 'closes': '22:45'}, {'@type': 'OpeningHoursSpecification', 'dayOfWeek': ['Monday', 'Tuesday', 'Wednesday', 'Thursday', 'Friday'], 'opens': '6:0', 'closes': '10:29'}, {'@type': 'OpeningHoursSpecification', 'dayOfWeek': ['Monday', 'Tuesday', 'Wednesday', 'Thursday', 'Friday'], 'opens': '10:30', 'closes': '16:59'}, {'@type': 'OpeningHoursSpecification', 'dayOfWeek': ['Monday', 'Tuesday', 'Wednesday', 'Thursday', 'Friday'], 'opens': '17:0', 'closes': '22:45'}, {'@type': 'OpeningHoursSpecification', 'dayOfWeek': 'Saturday', 'opens': '6:0', 'closes': '10:59'}, {'@type': 'OpeningHoursSpecification', 'dayOfWeek': 'Saturday', 'opens': '11:0', 'closes': '16:59'}, {'@type': 'OpeningHoursSpecification', 'dayOfWeek': 'Saturday', 'opens': '17:0', 'closes': '22:45'}]","{'@type': 'PostalAddress', 'addressLocality': 'Santa Rosa', 'addressRegion': 'CA', 'postalCode': '95401', 'addressCountry': 'US', 'streetAddress': '2521 Guerneville Rd'}","{'@type': 'GeoCoordinates', 'latitude': 38.4529017, 'longitude': -122.7705326}","{'@type': 'AggregateRating', 'ratingValue': 4.4, 'reviewCount': '94'}"
MOD Pizza (Santa Rosa Southside),https://www.ubereats.com/san-francisco/food-delivery/mod-pizza-santa-rosa-southside/FoAoL8UBROqGTwLbPk4NZw,sebastopol-california,"['Pizza', 'Desserts', 'Salads', 'American', 'Healthy', 'Vegetarian Friendly', 'Kids Friendly']",4.6,105,$,38.41174669999999,-122.7138674,+17073047051,95407,2695,Santa Rosa,CA,"[{'@type': 'OpeningHoursSpecification', 'dayOfWeek': ['Monday', 'Tuesday', 'Wednesday', 'Thursday', 'Friday', 'Saturday', 'Sunday'], 'opens': '10:30', 'closes': '21:40'}]","{'@type': 'PostalAddress', 'addressLocality': 'Santa Rosa', 'addressRegion': 'CA', 'postalCode': '95407', 'addressCountry': 'US', 'streetAddress': '2695'}","{'@type': 'GeoCoordinates', 'latitude': 38.41174669999999, 'longitude': -122.7138674}","{'@type': 'AggregateRating', 'ratingValue': 4.6, 'reviewCount': '105'}"
Jack in the Box (3497) 2755 Santa Rosa Ave.,https://www.ubereats.com/san-francisco/food-delivery/jack-in-the-box-3497-2755-santa-rosa-ave/L7gHLKiOS5S2FjUEsYv35w,sebastopol-california,"['American', 'burger', 'Fast Food']",3.9,92,$,38.4102199,-122.71387,+17075350154,95407,2755,Santa Rosa,CA,"[{'@type': 'OpeningHoursSpecification', 'dayOfWeek': ['Sunday', 'Monday', 'Tuesday', 'Wednesday'], 'opens': '6:0', 'closes': '1:30'}, {'@type': 'OpeningHoursSpecification', 'dayOfWeek': ['Thursday', 'Friday', 'Saturday'], 'opens': '0:0', 'closes': '23:59'}]","{'@type': 'PostalAddress', 'addressLocality': 'Santa Rosa', 'addressRegion': 'CA', 'postalCode': '95407', 'addressCountry': 'US', 'streetAddress': '2755'}","{'@type': 'GeoCoordinates', 'latitude': 38.4102199, 'longitude': -122.71387}","{'@type': 'AggregateRating', 'ratingValue': 3.9, 'reviewCount': '92'}"
Denny's (1000 W. Steele Lane),https://www.ubereats.com/san-francisco/food-delivery/dennys-1000-w-steele-lane/ylnKXGnvR_KOl9pijjsxeg,sebastopol-california,"['American', 'Breakfast and Brunch', 'Coffee and Tea', 'Dinner', 'Desserts', 'Salads', 'Steak', 'Sandwich', 'Family Meals']",4.4,40,$$,38.45950879999999,-122.7270929,+17075446880,95403,1000 W. Steele Lane,Santa Rosa,CA,"[{'@type': 'OpeningHoursSpecification', 'dayOfWeek': ['Monday', 'Tuesday', 'Wednesday', 'Thursday', 'Friday', 'Saturday', 'Sunday'], 'opens': '6:0', 'closes': '23:59'}]","{'@type': 'PostalAddress', 'addressLocality': 'Santa Rosa', 'addressRegion': 'CA', 'postalCode': '95403', 'addressCountry': 'US', 'streetAddress': '1000 W. Steele Lane'}","{'@type': 'GeoCoordinates', 'latitude': 38.45950879999999, 'longitude': -122.7270929}","{'@type': 'AggregateRating', 'ratingValue': 4.4, 'reviewCount': '40'}"
Burger King (5020 Redwood Drive),https://www.ubereats.com/san-francisco/food-delivery/burger-king-5020-redwood-drive/WS8vlMIxT0uB7jXpFmMo4w,sebastopol-california,"['American', 'burger', 'Fast Food']",4.6,27,$,38.3644233,-122.7141812,+17075849333,94928,5020 Redwood Drive,Rohnert Park,CA,"[{'@type': 'OpeningHoursSpecification', 'dayOfWeek': 'Sunday', 'opens': '7:30', 'closes': '10:29'}, {'@type': 'OpeningHoursSpecification', 'dayOfWeek': 'Sunday', 'opens': '10:30', 'closes': '23:30'}, {'@type': 'OpeningHoursSpecification', 'dayOfWeek': ['Monday', 'Tuesday', 'Wednesday', 'Thursday', 'Friday', 'Saturday'], 'opens': '6:30', 'closes': '10:29'}, {'@type': 'OpeningHoursSpecification', 'dayOfWeek': ['Monday', 'Tuesday', 'Wednesday', 'Thursday', 'Friday', 'Saturday'], 'opens': '10:30', 'closes': '23:30'}]","{'@type': 'PostalAddress', 'addressLocality': 'Rohnert Park', 'addressRegion': 'CA', 'postalCode': '94928', 'addressCountry': 'US', 'streetAddress': '5020 Redwood Drive'}","{'@type': 'GeoCoordinates', 'latitude': 38.3644233, 'longitude': -122.7141812}","{'@type': 'AggregateRating', 'ratingValue': 4.6, 'reviewCount': '27'}"
Black Bear Diner (6255 Commerce Boulevard),https://www.ubereats.com/san-francisco/food-delivery/black-bear-diner-6255-commerce-boulevard/F3BnwYAfQDONV-CaNTXG0w,sebastopol-california,"['American', 'Burgers', 'Comfort Food', 'Family Meals']",4.3,103,$$,38.3495701,-122.710152,+17075848552,94926,6255 Commerce Boulevard,Rohnert Park,CA,"[{'@type': 'OpeningHoursSpecification', 'dayOfWeek': ['Sunday', 'Monday', 'Tuesday', 'Wednesday', 'Thursday'], 'opens': '7:30', 'closes': '20:0'}, {'@type': 'OpeningHoursSpecification', 'dayOfWeek': ['Friday', 'Saturday'], 'opens': '7:30', 'closes': '21:0'}]","{'@type': 'PostalAddress', 'addressLocality': 'Rohnert Park', 'addressRegion': 'CA', 'postalCode': '94926', 'addressCountry': 'US', 'streetAddress': '6255 Commerce Boulevard'}","{'@type': 'GeoCoordinates', 'latitude': 38.3495701, 'longitude': -122.710152}","{'@type': 'AggregateRating', 'ratingValue': 4.3, 'reviewCount': '103'}"
Hop Monk Tavern - Sebastapol,https://www.ubereats.com/san-francisco/food-delivery/hop-monk-tavern-sebastapol/5jPSG20xQ26T5hNhNkqQRw,sebastopol-california,"['American', 'Burgers', 'Sandwiches']",4.6,12,$,38.4011362,-122.8226923,+17078297300,95472,230 Petaluma Avenue,Sebastopol,CA,"[{'@type': 'OpeningHoursSpecification', 'dayOfWeek': ['Monday', 'Tuesday', 'Wednesday', 'Thursday', 'Friday', 'Saturday', 'Sunday'], 'opens': '11:30', 'closes': '20:0'}]","{'@type': 'PostalAddress', 'addressLocality': 'Sebastopol', 'addressRegion': 'CA', 'postalCode': '95472', 'addressCountry': 'US', 'streetAddress': '230 Petaluma Avenue'}","{'@type': 'GeoCoordinates', 'latitude': 38.4011362, 'longitude': -122.8226923}","{'@type': 'AggregateRating', 'ratingValue': 4.6, 'reviewCount': '12'}"
IHOP (1401 Fulton Rd),https://www.ubereats.com/san-francisco/food-delivery/ihop-1401-fulton-rd/oDgIFvCiSiObvumvmt_p8A,sebastopol-california,"['Breakfast and Brunch', 'American', 'Family Meals']",4.4,37,$$,38.45313339999999,-122.769731,+17075424467,,,,,"[{'@type': 'OpeningHoursSpecification', 'dayOfWeek': ['Monday', 'Tuesday', 'Wednesday', 'Thursday', 'Friday', 'Saturday', 'Sunday'], 'opens': '7:0', 'closes': '14:50'}]",,"{'@type': 'GeoCoordinates', 'latitude': 38.45313339999999, 'longitude': -122.769731}","{'@type': 'AggregateRating', 'ratingValue': 4.4, 'reviewCount': '37'}"
Azalo,https://www.ubereats.com/san-francisco/food-delivery/azalo/gwMXN_maTY-R3HX9AyEBVA,sebastopol-california,['American'],4.7,24,$$,38.352089,-122.712292,+17073037702,94928,5979 Commerce Blvd,Rohnert Park,California,"[{'@type': 'OpeningHoursSpecification', 'dayOfWeek': 'Sunday', 'opens': '11:1', 'closes': '19:30'}, {'@type': 'OpeningHoursSpecification', 'dayOfWeek': 'Monday', 'opens': '10:0', 'closes': '11:0'}, {'@type': 'OpeningHoursSpecification', 'dayOfWeek': ['Tuesday', 'Wednesday', 'Thursday', 'Friday', 'Saturday'], 'opens': '11:1', 'closes': '19:30'}]","{'@type': 'PostalAddress', 'addressLocality': 'Rohnert Park', 'addressRegion': 'California', 'postalCode': '94928', 'addressCountry': 'US', 'streetAddress': '5979 Commerce Blvd'}","{'@type': 'GeoCoordinates', 'latitude': 38.352089, 'longitude': -122.712292}","{'@type': 'AggregateRating', 'ratingValue': 4.7, 'reviewCount': '24'}"
Taco Bell (1700 E Cotati Ave),https://www.ubereats.com/san-francisco/food-delivery/taco-bell-1700-e-cotati-ave/Dya2_sWTS1-V4oZY-hrGaw,sebastopol-california,"['Burritos', 'Fast Food', 'Mexican', 'Allergy Friendly']",3.9,156,$,38.3356789,-122.6776975,+17076641700,94928,1700 E Cotati Ave,Rohnert Park,CA,"[{'@type': 'OpeningHoursSpecification', 'dayOfWeek': ['Sunday', 'Monday', 'Tuesday', 'Wednesday', 'Thursday'], 'opens': '14:0', 'closes': '17:0'}, {'@type': 'OpeningHoursSpecification', 'dayOfWeek': ['Sunday', 'Monday', 'Tuesday', 'Wednesday', 'Thursday'], 'opens': '7:0', 'closes': '1:30'}, {'@type': 'OpeningHoursSpecification', 'dayOfWeek': ['Sunday', 'Monday', 'Tuesday', 'Wednesday', 'Thursday'], 'opens': '7:0', 'closes': '10:30'}, {'@type': 'OpeningHoursSpecification', 'dayOfWeek': ['Friday', 'Saturday'], 'opens': '14:0', 'closes': '17:0'}, {'@type': 'OpeningHoursSpecification', 'dayOfWeek': ['Friday', 'Saturday'], 'opens': '7:0', 'closes': '10:30'}, {'@type': 'OpeningHoursSpecification', 'dayOfWeek': ['Friday', 'Saturday'], 'opens': '7:0', 'closes': '2:30'}]","{'@type': 'PostalAddress', 'addressLocality': 'Rohnert Park', 'addressRegion': 'CA', 'postalCode': '94928', 'addressCountry': 'US', 'streetAddress': '1700 E Cotati Ave'}","{'@type': 'GeoCoordinates', 'latitude': 38.3356789, 'longitude': -122.6776975}","{'@type': 'AggregateRating', 'ratingValue': 3.9, 'reviewCount': '156'}"
Bar B Que Smokehouse Bistro,https://www.ubereats.com/san-francisco/food-delivery/bar-b-que-smokehouse-bistro/fuPb8308QKWMaX8NxzVIMw,sebastopol-california,"['BBQ', 'American', 'Burgers']",,,$,38.4044484,-122.8222905,+17074849486,95472,6811 Laguna Park Way,Sebastopol,CA,"[{'@type': 'OpeningHoursSpecification', 'dayOfWeek': 'Sunday', 'opens': '11:30', 'closes': '19:30'}, {'@type': 'OpeningHoursSpecification', 'dayOfWeek': ['Tuesday', 'Wednesday', 'Thursday', 'Friday', 'Saturday'], 'opens': '11:30', 'closes': '19:30'}]","{'@type': 'PostalAddress', 'addressLocality': 'Sebastopol', 'addressRegion': 'CA', 'postalCode': '95472', 'addressCountry': 'US', 'streetAddress': '6811 Laguna Park Way'}","{'@type': 'GeoCoordinates', 'latitude': 38.4044484, 'longitude': -122.8222905}",{}
Taco Bell (860 Gravenstein Hwy North),https://www.ubereats.com/san-francisco/food-delivery/taco-bell-860-gravenstein-hwy-north/rcpUMY3KQyy5NYoaKrRefQ,sebastopol-california,"['Burritos', 'Fast Food', 'Mexican']",3.9,10,$,38.4090378,-122.8404672,+17078241500,95472,860 Gravenstein Hwy North,Sebastopol,CA,"[{'@type': 'OpeningHoursSpecification', 'dayOfWeek': ['Monday', 'Tuesday', 'Wednesday', 'Thursday', 'Friday', 'Saturday', 'Sunday'], 'opens': '14:0', 'closes': '17:0'}, {'@type': 'OpeningHoursSpecification', 'dayOfWeek': ['Monday', 'Tuesday', 'Wednesday', 'Thursday', 'Friday', 'Saturday', 'Sunday'], 'opens': '8:0', 'closes': '23:30'}, {'@type': 'OpeningHoursSpecification', 'dayOfWeek': ['Monday', 'Tuesday', 'Wednesday', 'Thursday', 'Friday', 'Saturday', 'Sunday'], 'opens': '8:0', 'closes': '10:30'}]","{'@type': 'PostalAddress', 'addressLocality': 'Sebastopol', 'addressRegion': 'CA', 'postalCode': '95472', 'addressCountry': 'US', 'streetAddress': '860 Gravenstein Hwy North'}","{'@type': 'GeoCoordinates', 'latitude': 38.4090378, 'longitude': -122.8404672}","{'@type': 'AggregateRating', 'ratingValue': 3.9, 'reviewCount': '10'}"
Kamura Sushi,https://www.ubereats.com/san-francisco/food-delivery/kamura-sushi/CxXUn7rORSWco0XMz2GN7Q,sebastopol-california,"['Sushi', 'Asian', 'Japanese']",4.5,27,$,38.42525329999999,-122.7598765,+17075262652,95407,3800 Sebastopol Rd,Santa Rosa,CA,"[{'@type': 'OpeningHoursSpecification', 'dayOfWeek': ['Monday', 'Tuesday', 'Wednesday', 'Thursday'], 'opens': '11:30', 'closes': '13:30'}, {'@type': 'OpeningHoursSpecification', 'dayOfWeek': ['Monday', 'Tuesday', 'Wednesday', 'Thursday'], 'opens': '17:0', 'closes': '20:30'}, {'@type': 'OpeningHoursSpecification', 'dayOfWeek': 'Friday', 'opens': '11:30', 'closes': '13:30'}, {'@type': 'OpeningHoursSpecification', 'dayOfWeek': 'Friday', 'opens': '17:0', 'closes': '21:30'}, {'@type': 'OpeningHoursSpecification', 'dayOfWeek': 'Saturday', 'opens': '14:0', 'closes': '21:30'}]","{'@type': 'PostalAddress', 'addressLocality': 'Santa Rosa', 'addressRegion': 'CA', 'postalCode': '95407', 'addressCountry': 'US', 'streetAddress': '3800 Sebastopol Rd'}","{'@type': 'GeoCoordinates', 'latitude': 38.42525329999999, 'longitude': -122.7598765}","{'@type': 'AggregateRating', 'ratingValue': 4.5, 'reviewCount': '27'}"
El potrero taqueria,https://www.ubereats.com/san-francisco/food-delivery/el-potrero-taqueria/oTsLigUITxW4ab5mN6kAiw,sebastopol-california,"['Mexican', 'Latin American', 'New Mexican']",,,$,38.4290368,-122.7420462,+17075755793,95407,711 Stony Point Rd 5,Santa Rosa,CA,"[{'@type': 'OpeningHoursSpecification', 'dayOfWeek': 'Sunday', 'opens': '9:0', 'closes': '21:0'}, {'@type': 'OpeningHoursSpecification', 'dayOfWeek': 'Sunday', 'opens': '9:0', 'closes': '21:0'}, {'@type': 'OpeningHoursSpecification', 'dayOfWeek': ['Monday', 'Tuesday', 'Wednesday', 'Thursday'], 'opens': '9:0', 'closes': '21:0'}, {'@type': 'OpeningHoursSpecification', 'dayOfWeek': 'Friday', 'opens': '9:0', 'closes': '22:0'}, {'@type': 'OpeningHoursSpecification', 'dayOfWeek': 'Saturday', 'opens': '9:0', 'closes': '22:0'}, {'@type': 'OpeningHoursSpecification', 'dayOfWeek': 'Saturday', 'opens': '9:0', 'closes': '22:0'}]","{'@type': 'PostalAddress', 'addressLocality': 'Santa Rosa', 'addressRegion': 'CA', 'postalCode': '95407', 'addressCountry': 'US', 'streetAddress': '711 Stony Point Rd 5'}","{'@type': 'GeoCoordinates', 'latitude': 38.4290368, 'longitude': -122.7420462}",{}
Jack in the Box (554) 425 Sebastopal Rd.,https://www.ubereats.com/san-francisco/food-delivery/jack-in-the-box-554-425-sebastopal-rd/tyEzlA21STW0lQzzx6Burw,sebastopol-california,"['American', 'burger', 'Fast Food']",4.1,97,$,38.4307591,-122.7258678,+17075710153,95407,425 Sebastopal Rd.,Santa Rosa,CA,"[{'@type': 'OpeningHoursSpecification', 'dayOfWeek': ['Monday', 'Tuesday', 'Wednesday', 'Thursday', 'Friday', 'Saturday', 'Sunday'], 'opens': '0:0', 'closes': '23:59'}]","{'@type': 'PostalAddress', 'addressLocality': 'Santa Rosa', 'addressRegion': 'CA', 'postalCode': '95407', 'addressCountry': 'US', 'streetAddress': '425 Sebastopal Rd.'}","{'@type': 'GeoCoordinates', 'latitude': 38.4307591, 'longitude': -122.7258678}","{'@type': 'AggregateRating', 'ratingValue': 4.1, 'reviewCount': '97'}"
page’s diner,https://www.ubereats.com/san-francisco/food-delivery/pages-diner/BfVelZ_QTjqXwFGvwKBlvQ,sebastopol-california,"['American', 'Breakfast and Brunch', 'Comfort Food']",4.4,81,$$,38.44611829999999,-122.7405263,+19167996461,,,,,"[{'@type': 'OpeningHoursSpecification', 'dayOfWeek': ['Monday', 'Tuesday', 'Wednesday', 'Thursday', 'Friday', 'Saturday', 'Sunday'], 'opens': '7:0', 'closes': '14:0'}, {'@type': 'OpeningHoursSpecification', 'dayOfWeek': ['Monday', 'Tuesday', 'Wednesday', 'Thursday', 'Friday', 'Saturday', 'Sunday'], 'opens': '7:0', 'closes': '14:0'}]",,"{'@type': 'GeoCoordinates', 'latitude': 38.44611829999999, 'longitude': -122.7405263}","{'@type': 'AggregateRating', 'ratingValue': 4.4, 'reviewCount': '81'}"
Jack in the Box (3086 Marlow Rd),https://www.ubereats.com/san-francisco/food-delivery/jack-in-the-box-3086-marlow-rd/7fXfmYipROuUk8CXqOaQ5Q,sebastopol-california,"['American', 'burger', 'Fast Food']",4.2,107,$,38.46686,-122.7508126,+17075455834,95403,3086 Marlow Rd,Santa Rosa,CA,"[{'@type': 'OpeningHoursSpecification', 'dayOfWeek': ['Monday', 'Tuesday', 'Wednesday', 'Thursday', 'Friday', 'Saturday', 'Sunday'], 'opens': '0:0', 'closes': '23:59'}]","{'@type': 'PostalAddress', 'addressLocality': 'Santa Rosa', 'addressRegion': 'CA', 'postalCode': '95403', 'addressCountry': 'US', 'streetAddress': '3086 Marlow Rd'}","{'@type': 'GeoCoordinates', 'latitude': 38.46686, 'longitude': -122.7508126}","{'@type': 'AggregateRating', 'ratingValue': 4.2, 'reviewCount': '107'}"
China Village,https://www.ubereats.com/san-francisco/food-delivery/china-village/LvyPZE0IRaeOa6__j6TatA,sebastopol-california,['Chinese'],4.6,119,$$,38.3319096,-122.7153585,+17077958810,,,,,"[{'@type': 'OpeningHoursSpecification', 'dayOfWeek': ['Monday', 'Tuesday', 'Wednesday', 'Thursday', 'Friday', 'Saturday', 'Sunday'], 'opens': '11:0', 'closes': '20:30'}]",,"{'@type': 'GeoCoordinates', 'latitude': 38.3319096, 'longitude': -122.7153585}","{'@type': 'AggregateRating', 'ratingValue': 4.6, 'reviewCount': '119'}"
Chipotle Mexican Grill (6325 Commerce Blvd),https://www.ubereats.com/san-francisco/food-delivery/chipotle-mexican-grill-6325-commerce-blvd/nk01egG0Rgae44wyDaGnPw,sebastopol-california,"['Healthy', 'Mexican']",4.8,126,$,38.3473108,-122.7101299,+17075360348,94928,6325 Commerce Blvd,Rohnert Park,CA,"[{'@type': 'OpeningHoursSpecification', 'dayOfWeek': ['Monday', 'Tuesday', 'Wednesday', 'Thursday', 'Friday', 'Saturday', 'Sunday'], 'opens': '10:45', 'closes': '21:40'}]","{'@type': 'PostalAddress', 'addressLocality': 'Rohnert Park', 'addressRegion': 'CA', 'postalCode': '94928', 'addressCountry': 'US', 'streetAddress': '6325 Commerce Blvd'}","{'@type': 'GeoCoordinates', 'latitude': 38.3473108, 'longitude': -122.7101299}","{'@type': 'AggregateRating', 'ratingValue': 4.8, 'reviewCount': '126'}"
Best of Burma - Santa Rosa,https://www.ubereats.com/san-francisco/food-delivery/best-of-burma-santa-rosa/ym2p1wzUTyG_o9RsjXQGog,sebastopol-california,"['Burmese', 'Noodles']",4.7,59,$$,38.44228409999999,-122.7161052,+17076239280,,,,,"[{'@type': 'OpeningHoursSpecification', 'dayOfWeek': 'Sunday', 'opens': '17:0', 'closes': '20:30'}, {'@type': 'OpeningHoursSpecification', 'dayOfWeek': 'Sunday', 'opens': '11:30', 'closes': '15:30'}, {'@type': 'OpeningHoursSpecification', 'dayOfWeek': ['Tuesday', 'Wednesday', 'Thursday', 'Friday'], 'opens': '17:0', 'closes': '20:30'}, {'@type': 'OpeningHoursSpecification', 'dayOfWeek': ['Tuesday', 'Wednesday', 'Thursday', 'Friday'], 'opens': '11:0', 'closes': '14:30'}, {'@type': 'OpeningHoursSpecification', 'dayOfWeek': 'Saturday', 'opens': '17:0', 'closes': '20:30'}, {'@type': 'OpeningHoursSpecification', 'dayOfWeek': 'Saturday', 'opens': '11:30', 'closes': '15:30'}]",,"{'@type': 'GeoCoordinates', 'latitude': 38.44228409999999, 'longitude': -122.7161052}","{'@type': 'AggregateRating', 'ratingValue': 4.7, 'reviewCount': '59'}"
China bowl Bistro,https://www.ubereats.com/san-francisco/food-delivery/china-bowl-bistro/66wP5l0sQQqWY6WxD5IQHg,sebastopol-california,"['Chinese', 'Asian']",,,$$,38.4667511,-122.7490469,+15103789817,,,,,"[{'@type': 'OpeningHoursSpecification', 'dayOfWeek': 'Sunday', 'opens': '11:0', 'closes': '21:30'}, {'@type': 'OpeningHoursSpecification', 'dayOfWeek': ['Monday', 'Tuesday', 'Wednesday', 'Thursday'], 'opens': '11:0', 'closes': '21:0'}, {'@type': 'OpeningHoursSpecification', 'dayOfWeek': ['Monday', 'Tuesday', 'Wednesday', 'Thursday'], 'opens': '11:0', 'closes': '15:0'}, {'@type': 'OpeningHoursSpecification', 'dayOfWeek': 'Friday', 'opens': '11:0', 'closes': '21:30'}, {'@type': 'OpeningHoursSpecification', 'dayOfWeek': 'Friday', 'opens': '11:0', 'closes': '15:0'}, {'@type': 'OpeningHoursSpecification', 'dayOfWeek': 'Saturday', 'opens': '11:0', 'closes': '21:30'}]",,"{'@type': 'GeoCoordinates', 'latitude': 38.4667511, 'longitude': -122.7490469}",{}
Taco Bell (1835 Mendocino Ave),https://www.ubereats.com/san-francisco/food-delivery/taco-bell-1835-mendocino-ave/tD-OFklBRayflJTxXoFnXg,sebastopol-california,"['Burritos', 'Fast Food', 'Mexican']",4.1,88,$,38.45800550000001,-122.7178441,+17075718241,95401,1835 Mendocino Ave,Santa Rosa,CA,"[{'@type': 'OpeningHoursSpecification', 'dayOfWeek': ['Monday', 'Tuesday', 'Wednesday', 'Thursday', 'Friday', 'Saturday', 'Sunday'], 'opens': '14:0', 'closes': '17:0'}, {'@type': 'OpeningHoursSpecification', 'dayOfWeek': ['Monday', 'Tuesday', 'Wednesday', 'Thursday', 'Friday', 'Saturday', 'Sunday'], 'opens': '7:0', 'closes': '23:30'}, {'@type': 'OpeningHoursSpecification', 'dayOfWeek': ['Monday', 'Tuesday', 'Wednesday', 'Thursday', 'Friday', 'Saturday', 'Sunday'], 'opens': '7:0', 'closes': '10:30'}]","{'@type': 'PostalAddress', 'addressLocality': 'Santa Rosa', 'addressRegion': 'CA', 'postalCode': '95401', 'addressCountry': 'US', 'streetAddress': '1835 Mendocino Ave'}","{'@type': 'GeoCoordinates', 'latitude': 38.45800550000001, 'longitude': -122.7178441}","{'@type': 'AggregateRating', 'ratingValue': 4.1, 'reviewCount': '88'}"
KFC (3205 Cleveland Avenue),https://www.ubereats.com/san-francisco/food-delivery/kfc-3205-cleveland-avenue/m9E3apXfQEWCOvDJAk89EA,sebastopol-california,"['American', 'Fast Food', 'wings']",4.0,37,$,38.47298730000001,-122.7312436,+15853428589,95403,3205 Cleveland Avenue,Santa Rosa,CA,"[{'@type': 'OpeningHoursSpecification', 'dayOfWeek': ['Monday', 'Tuesday', 'Wednesday', 'Thursday', 'Friday', 'Saturday', 'Sunday'], 'opens': '10:30', 'closes': '21:30'}]","{'@type': 'PostalAddress', 'addressLocality': 'Santa Rosa', 'addressRegion': 'CA', 'postalCode': '95403', 'addressCountry': 'US', 'streetAddress': '3205 Cleveland Avenue'}","{'@type': 'GeoCoordinates', 'latitude': 38.47298730000001, 'longitude': -122.7312436}","{'@type': 'AggregateRating', 'ratingValue': 4, 'reviewCount': '37'}"
Taco Bell (5000 Redwood Dr),https://www.ubereats.com/san-francisco/food-delivery/taco-bell-5000-redwood-dr/qbzJFrItSF-jOlZ2pUBp4w,sebastopol-california,"['Burritos', 'Fast Food', 'Mexican']",4.1,53,$,38.3647157,-122.7136103,+17075859981,94928,5000 Redwood Dr,Rohnert Park,CA,"[{'@type': 'OpeningHoursSpecification', 'dayOfWeek': ['Sunday', 'Monday', 'Tuesday', 'Wednesday', 'Thursday'], 'opens': '14:0', 'closes': '17:0'}, {'@type': 'OpeningHoursSpecification', 'dayOfWeek': ['Sunday', 'Monday', 'Tuesday', 'Wednesday', 'Thursday'], 'opens': '7:0', 'closes': '1:30'}, {'@type': 'OpeningHoursSpecification', 'dayOfWeek': ['Sunday', 'Monday', 'Tuesday', 'Wednesday', 'Thursday'], 'opens': '7:0', 'closes': '10:30'}, {'@type': 'OpeningHoursSpecification', 'dayOfWeek': ['Friday', 'Saturday'], 'opens': '14:0', 'closes': '17:0'}, {'@type': 'OpeningHoursSpecification', 'dayOfWeek': ['Friday', 'Saturday'], 'opens': '7:0', 'closes': '10:30'}, {'@type': 'OpeningHoursSpecification', 'dayOfWeek': ['Friday', 'Saturday'], 'opens': '7:0', 'closes': '2:30'}]","{'@type': 'PostalAddress', 'addressLocality': 'Rohnert Park', 'addressRegion': 'CA', 'postalCode': '94928', 'addressCountry': 'US', 'streetAddress': '5000 Redwood Dr'}","{'@type': 'GeoCoordinates', 'latitude': 38.3647157, 'longitude': -122.7136103}","{'@type': 'AggregateRating', 'ratingValue': 4.1, 'reviewCount': '53'}"
Taco Bell (1416 Farmers Ln),https://www.ubereats.com/san-francisco/food-delivery/taco-bell-1416-farmers-ln/7XojT5u8QBOVGYOdNa0wmA,sebastopol-california,"['Burritos', 'Fast Food', 'Mexican']",4.0,95,$,38.4345373,-122.6872411,+17075768122,95405,1416 Farmers Ln,Santa Rosa,CA,"[{'@type': 'OpeningHoursSpecification', 'dayOfWeek': ['Sunday', 'Monday', 'Tuesday', 'Wednesday', 'Thursday'], 'opens': '14:0', 'closes': '17:0'}, {'@type': 'OpeningHoursSpecification', 'dayOfWeek': ['Sunday', 'Monday', 'Tuesday', 'Wednesday', 'Thursday'], 'opens': '7:0', 'closes': '1:30'}, {'@type': 'OpeningHoursSpecification', 'dayOfWeek': ['Sunday', 'Monday', 'Tuesday', 'Wednesday', 'Thursday'], 'opens': '7:0', 'closes': '10:30'}, {'@type': 'OpeningHoursSpecification', 'dayOfWeek': ['Friday', 'Saturday'], 'opens': '14:0', 'closes': '17:0'}, {'@type': 'OpeningHoursSpecification', 'dayOfWeek': ['Friday', 'Saturday'], 'opens': '7:0', 'closes': '10:30'}, {'@type': 'OpeningHoursSpecification', 'dayOfWeek': ['Friday', 'Saturday'], 'opens': '7:0', 'closes': '2:30'}]","{'@type': 'PostalAddress', 'addressLocality': 'Santa Rosa', 'addressRegion': 'CA', 'postalCode': '95405', 'addressCountry': 'US', 'streetAddress': '1416 Farmers Ln'}","{'@type': 'GeoCoordinates', 'latitude': 38.4345373, 'longitude': -122.6872411}","{'@type': 'AggregateRating', 'ratingValue': 4, 'reviewCount': '95'}"
McDonald's® (2642 SANTA ROSA AVE),https://www.ubereats.com/san-francisco/food-delivery/mcdonalds-2642-santa-rosa-ave/tNUwMIIWR--COCMH7nE_xQ,sebastopol-california,"['American', 'Burgers', 'Fast Food']",4.3,130,$,38.413494,-122.71300900000001,+17075699222,,,,,"[{'@type': 'OpeningHoursSpecification', 'dayOfWeek': 'Sunday', 'opens': '4:0', 'closes': '10:59'}, {'@type': 'OpeningHoursSpecification', 'dayOfWeek': 'Sunday', 'opens': '11:0', 'closes': '16:59'}, {'@type': 'OpeningHoursSpecification', 'dayOfWeek': 'Sunday', 'opens': '17:0', 'closes': '22:45'}, {'@type': 'OpeningHoursSpecification', 'dayOfWeek': ['Monday', 'Tuesday', 'Wednesday', 'Thursday'], 'opens': '4:0', 'closes': '10:29'}, {'@type': 'OpeningHoursSpecification', 'dayOfWeek': ['Monday', 'Tuesday', 'Wednesday', 'Thursday'], 'opens': '10:30', 'closes': '16:59'}, {'@type': 'OpeningHoursSpecification', 'dayOfWeek': ['Monday', 'Tuesday', 'Wednesday', 'Thursday'], 'opens': '17:0', 'closes': '22:45'}, {'@type': 'OpeningHoursSpecification', 'dayOfWeek': 'Friday', 'opens': '4:0', 'closes': '10:29'}, {'@type': 'OpeningHoursSpecification', 'dayOfWeek': 'Friday', 'opens': '10:30', 'closes': '16:59'}, {'@type': 'OpeningHoursSpecification', 'dayOfWeek': 'Friday', 'opens': '17:0', 'closes': '23:45'}, {'@type': 'OpeningHoursSpecification', 'dayOfWeek': 'Saturday', 'opens': '4:0', 'closes': '10:59'}, {'@type': 'OpeningHoursSpecification', 'dayOfWeek': 'Saturday', 'opens': '11:0', 'closes': '16:59'}, {'@type': 'OpeningHoursSpecification', 'dayOfWeek': 'Saturday', 'opens': '17:0', 'closes': '23:45'}]",,"{'@type': 'GeoCoordinates', 'latitude': 38.413494, 'longitude': -122.71300900000001}","{'@type': 'AggregateRating', 'ratingValue': 4.3, 'reviewCount': '130'}"
Jack in the Box (497) 2550 Hoen Frontage Road,https://www.ubereats.com/san-francisco/food-delivery/jack-in-the-box-497-2550-hoen-frontage-road/F8ClUIsCRGCL2VjvKbGxWg,sebastopol-california,"['American', 'burger', 'Fast Food']",4.1,90,$,38.4352188,-122.6865309,+17075269050,95405,2550 Hoen Frontage Road,Santa Rosa,CA,"[{'@type': 'OpeningHoursSpecification', 'dayOfWeek': ['Monday', 'Tuesday', 'Wednesday', 'Thursday', 'Friday', 'Saturday', 'Sunday'], 'opens': '0:0', 'closes': '23:59'}]","{'@type': 'PostalAddress', 'addressLocality': 'Santa Rosa', 'addressRegion': 'CA', 'postalCode': '95405', 'addressCountry': 'US', 'streetAddress': '2550 Hoen Frontage Road'}","{'@type': 'GeoCoordinates', 'latitude': 38.4352188, 'longitude': -122.6865309}","{'@type': 'AggregateRating', 'ratingValue': 4.1, 'reviewCount': '90'}"
Jack in the Box (1004 Steele Ln),https://www.ubereats.com/san-francisco/food-delivery/jack-in-the-box-1004-steele-ln/yRBMsp1ZQwyKQOZ0qUjGTg,sebastopol-california,"['American', 'burger', 'Fast Food']",4.0,81,$,38.4595431,-122.727512,+17075269877,95403,1004 Steele Ln,Santa Rosa,CA,"[{'@type': 'OpeningHoursSpecification', 'dayOfWeek': ['Monday', 'Tuesday', 'Wednesday', 'Thursday', 'Friday', 'Saturday', 'Sunday'], 'opens': '0:0', 'closes': '23:59'}]","{'@type': 'PostalAddress', 'addressLocality': 'Santa Rosa', 'addressRegion': 'CA', 'postalCode': '95403', 'addressCountry': 'US', 'streetAddress': '1004 Steele Ln'}","{'@type': 'GeoCoordinates', 'latitude': 38.4595431, 'longitude': -122.727512}","{'@type': 'AggregateRating', 'ratingValue': 4, 'reviewCount': '81'}"
Panda Express (2107 Santa Rosa Plaza),https://www.ubereats.com/san-francisco/food-delivery/panda-express-2107-santa-rosa-plaza/ErR21FtgTbydm5Ovto9tYw,sebastopol-california,"['Chinese', 'Rice-bowls', 'Chicken']",,,$,38.43838929999999,-122.7157477,+17075457228,95401,2107,Santa Rosa,CA,"[{'@type': 'OpeningHoursSpecification', 'dayOfWeek': 'Saturday', 'opens': '11:0', 'closes': '18:30'}]","{'@type': 'PostalAddress', 'addressLocality': 'Santa Rosa', 'addressRegion': 'CA', 'postalCode': '95401', 'addressCountry': 'US', 'streetAddress': '2107'}","{'@type': 'GeoCoordinates', 'latitude': 38.43838929999999, 'longitude': -122.7157477}",{}
Starbucks (Rohnert Park & Commerce),https://www.ubereats.com/san-francisco/food-delivery/starbucks-rohnert-park-%26-commerce/3YfZYhVFSVCEuzf69CDZRw,sebastopol-california,"['Cafe', 'Coffee & Tea', 'Breakfast and Brunch', 'Bakery']",4.4,37,$,38.3493144,-122.7100858,+17075888999,94928,6277 Commerce Blvd,Rohnert Park,CA,"[{'@type': 'OpeningHoursSpecification', 'dayOfWeek': ['Monday', 'Tuesday', 'Wednesday', 'Thursday', 'Friday', 'Saturday', 'Sunday'], 'opens': '4:30', 'closes': '21:0'}]","{'@type': 'PostalAddress', 'addressLocality': 'Rohnert Park', 'addressRegion': 'CA', 'postalCode': '94928', 'addressCountry': 'US', 'streetAddress': '6277 Commerce Blvd'}","{'@type': 'GeoCoordinates', 'latitude': 38.3493144, 'longitude': -122.7100858}","{'@type': 'AggregateRating', 'ratingValue': 4.4, 'reviewCount': '37'}"
Starbucks (Hopper & Cleveland),https://www.ubereats.com/san-francisco/food-delivery/starbucks-hopper-%26-cleveland/_ard2r95QU6k6t3MmkfLLw,sebastopol-california,"['Cafe', 'Coffee & Tea', 'Breakfast and Brunch', 'Bakery']",4.6,197,$,38.4793559,-122.7351261,+17075283116,95403,860 Hopper Avenue,Santa Rosa,CA,"[{'@type': 'OpeningHoursSpecification', 'dayOfWeek': ['Monday', 'Tuesday', 'Wednesday', 'Thursday', 'Friday', 'Saturday', 'Sunday'], 'opens': '4:30', 'closes': '23:0'}]","{'@type': 'PostalAddress', 'addressLocality': 'Santa Rosa', 'addressRegion': 'CA', 'postalCode': '95403', 'addressCountry': 'US', 'streetAddress': '860 Hopper Avenue'}","{'@type': 'GeoCoordinates', 'latitude': 38.4793559, 'longitude': -122.7351261}","{'@type': 'AggregateRating', 'ratingValue': 4.6, 'reviewCount': '197'}"
Starbucks (Golf Course & Redwood),https://www.ubereats.com/san-francisco/food-delivery/starbucks-golf-course-%26-redwood/EE7qxLPnTR6eke8suGuVQw,sebastopol-california,"['Cafe', 'Coffee & Tea', 'Breakfast and Brunch', 'Bakery']",4.7,174,$,38.3637302,-122.7156617,+17073396619,94928,5065 Redwood Drive,Rohnert Park,CA,"[{'@type': 'OpeningHoursSpecification', 'dayOfWeek': 'Sunday', 'opens': '5:0', 'closes': '21:0'}, {'@type': 'OpeningHoursSpecification', 'dayOfWeek': ['Monday', 'Tuesday', 'Wednesday', 'Thursday', 'Friday'], 'opens': '4:30', 'closes': '21:0'}, {'@type': 'OpeningHoursSpecification', 'dayOfWeek': 'Saturday', 'opens': '5:0', 'closes': '21:0'}]","{'@type': 'PostalAddress', 'addressLocality': 'Rohnert Park', 'addressRegion': 'CA', 'postalCode': '94928', 'addressCountry': 'US', 'streetAddress': '5065 Redwood Drive'}","{'@type': 'GeoCoordinates', 'latitude': 38.3637302, 'longitude': -122.7156617}","{'@type': 'AggregateRating', 'ratingValue': 4.7, 'reviewCount': '174'}"
Starbucks (Stony Point & Yuba - Santa Rosa),https://www.ubereats.com/san-francisco/food-delivery/starbucks-stony-point-%26-yuba-santa-rosa/T25g6QtVSoGTehZ9wR2hzg,sebastopol-california,"['Cafe', 'Coffee & Tea', 'Breakfast and Brunch', 'Bakery']",4.7,200,$,38.4075042,-122.7411593,+17075457057,95407,2780 Stony Point Road,Santa Rosa,CA,"[{'@type': 'OpeningHoursSpecification', 'dayOfWeek': ['Monday', 'Tuesday', 'Wednesday', 'Thursday', 'Friday', 'Saturday', 'Sunday'], 'opens': '5:0', 'closes': '19:0'}]","{'@type': 'PostalAddress', 'addressLocality': 'Santa Rosa', 'addressRegion': 'CA', 'postalCode': '95407', 'addressCountry': 'US', 'streetAddress': '2780 Stony Point Road'}","{'@type': 'GeoCoordinates', 'latitude': 38.4075042, 'longitude': -122.7411593}","{'@type': 'AggregateRating', 'ratingValue': 4.7, 'reviewCount': '200'}"
BJ's Restaurant & Brewhouse (334A Coddingtown Center),https://www.ubereats.com/san-francisco/food-delivery/bjs-restaurant-%26-brewhouse-334a-coddingtown-center/tnWejt_NSFe-_keqL7uiKg,sebastopol-california,"['American', 'Burgers', 'Pizza', 'Family Meals']",3.8,111,$$,38.458428,-122.7298272,+17073031980,95401,334A Coddingtown Center,Santa Rosa,CA,"[{'@type': 'OpeningHoursSpecification', 'dayOfWeek': 'Sunday', 'opens': '10:0', 'closes': '20:30'}, {'@type': 'OpeningHoursSpecification', 'dayOfWeek': ['Monday', 'Tuesday', 'Wednesday', 'Thursday'], 'opens': '11:0', 'closes': '20:30'}, {'@type': 'OpeningHoursSpecification', 'dayOfWeek': 'Friday', 'opens': '11:0', 'closes': '21:30'}, {'@type': 'OpeningHoursSpecification', 'dayOfWeek': 'Saturday', 'opens': '10:0', 'closes': '21:30'}]","{'@type': 'PostalAddress', 'addressLocality': 'Santa Rosa', 'addressRegion': 'CA', 'postalCode': '95401', 'addressCountry': 'US', 'streetAddress': '334A Coddingtown Center'}","{'@type': 'GeoCoordinates', 'latitude': 38.458428, 'longitude': -122.7298272}","{'@type': 'AggregateRating', 'ratingValue': 3.8, 'reviewCount': '111'}"
The Habit Burger Grill (2005 Cleveland Ave),https://www.ubereats.com/san-francisco/food-delivery/the-habit-burger-grill-2005-cleveland-ave/2-IYEjL1ToioqGNPclqYNw,sebastopol-california,"['American', 'Burgers', 'Family Meals']",4.6,200,$,38.45667400000001,-122.7268062,+17075963644,,,,,"[{'@type': 'OpeningHoursSpecification', 'dayOfWeek': ['Sunday', 'Monday', 'Tuesday', 'Wednesday', 'Thursday'], 'opens': '10:30', 'closes': '21:45'}, {'@type': 'OpeningHoursSpecification', 'dayOfWeek': ['Friday', 'Saturday'], 'opens': '10:30', 'closes': '22:45'}]",,"{'@type': 'GeoCoordinates', 'latitude': 38.45667400000001, 'longitude': -122.7268062}","{'@type': 'AggregateRating', 'ratingValue': 4.6, 'reviewCount': '200'}"
Menchie's Frozen Yogurt (2188  Santa Rosa Avenue),https://www.ubereats.com/san-francisco/food-delivery/menchies-frozen-yogurt-2188-santa-rosa-avenue/VQkxnm0YSyObCx6-2yMDHw,sebastopol-california,"['Ice Cream and Frozen Yogurt', 'Desserts', 'Kids Friendly', 'Comfort Food', 'American']",4.7,50,$,38.418014,-122.7123999,+17075459866,,,,,"[{'@type': 'OpeningHoursSpecification', 'dayOfWeek': ['Monday', 'Tuesday', 'Wednesday', 'Thursday', 'Friday', 'Saturday', 'Sunday'], 'opens': '12:0', 'closes': '21:30'}]",,"{'@type': 'GeoCoordinates', 'latitude': 38.418014, 'longitude': -122.7123999}","{'@type': 'AggregateRating', 'ratingValue': 4.7, 'reviewCount': '50'}"
TIPS Roadside,https://www.ubereats.com/san-francisco/food-delivery/tips-roadside/cmjQz24xS8iDZFsM7fK62Q,sebastopol-california,"['American', 'Seafood', 'Salads']",,,$$,38.4434239,-122.7016733,+17075090078,95405,1165 Montgomery Dr,Santa Rosa,CA,"[{'@type': 'OpeningHoursSpecification', 'dayOfWeek': 'Sunday', 'opens': '4:0', 'closes': '4:30'}, {'@type': 'OpeningHoursSpecification', 'dayOfWeek': ['Monday', 'Tuesday', 'Wednesday', 'Thursday', 'Friday'], 'opens': '11:0', 'closes': '14:0'}, {'@type': 'OpeningHoursSpecification', 'dayOfWeek': ['Monday', 'Tuesday', 'Wednesday', 'Thursday', 'Friday'], 'opens': '16:30', 'closes': '19:0'}]","{'@type': 'PostalAddress', 'addressLocality': 'Santa Rosa', 'addressRegion': 'CA', 'postalCode': '95405', 'addressCountry': 'US', 'streetAddress': '1165 Montgomery Dr'}","{'@type': 'GeoCoordinates', 'latitude': 38.4434239, 'longitude': -122.7016733}",{}
Five Guys CA-1237 2280 Mendocino Ave,https://www.ubereats.com/san-francisco/food-delivery/five-guys-ca-1237-2280-mendocino-ave/C_KmevdGS0-KdxLSSb4Qjg,sebastopol-california,"['American', 'Burgers', 'Sandwich']",4.6,153,$,38.4623151,-122.7167627,+17075282507,95403,2280 Mendocino Avenue,Santa Rosa,CA,"[{'@type': 'OpeningHoursSpecification', 'dayOfWeek': ['Monday', 'Tuesday', 'Wednesday', 'Thursday', 'Friday', 'Saturday', 'Sunday'], 'opens': '11:0', 'closes': '21:30'}]","{'@type': 'PostalAddress', 'addressLocality': 'Santa Rosa', 'addressRegion': 'CA', 'postalCode': '95403', 'addressCountry': 'US', 'streetAddress': '2280 Mendocino Avenue'}","{'@type': 'GeoCoordinates', 'latitude': 38.4623151, 'longitude': -122.7167627}","{'@type': 'AggregateRating', 'ratingValue': 4.6, 'reviewCount': '153'}"
Bianchini's,https://www.ubereats.com/san-francisco/food-delivery/bianchinis/tpZg669uTa6KSBaLP7Fnxg,sebastopol-california,"['Sandwiches', 'American', 'Healthy']",4.8,21,$,38.4616451,-122.7169498,+17074819018,95403,2240 Mendocino Ave,Santa Rosa,CA,"[{'@type': 'OpeningHoursSpecification', 'dayOfWeek': ['Monday', 'Tuesday', 'Wednesday', 'Thursday', 'Friday', 'Saturday', 'Sunday'], 'opens': '11:0', 'closes': '14:30'}]","{'@type': 'PostalAddress', 'addressLocality': 'Santa Rosa', 'addressRegion': 'CA', 'postalCode': '95403', 'addressCountry': 'US', 'streetAddress': '2240 Mendocino Ave'}","{'@type': 'GeoCoordinates', 'latitude': 38.4616451, 'longitude': -122.7169498}","{'@type': 'AggregateRating', 'ratingValue': 4.8, 'reviewCount': '21'}"
