name,url,city,cuisine,avgRating,numReviews,priceRange,latitude,longitude,telephone,postalCode,streetAddress,addressLocality,addressRegion,openingHoursSpecification,addressString,geoString,ratingString
Dos Mexi Cuban,https://www.ubereats.com/nyc-suburbs/food-delivery/dos-mexi-cuban/RGwtZ-aRQ_O8yKsIsCHQzA,shoreham-new-york,"['Mexican', 'New American', 'Burgers']",4.2,14,$,40.9434171,-72.97751960000001,+16318496349,11764,691 NY-25A,Miller Place,NY,"[{'@type': 'OpeningHoursSpecification', 'dayOfWeek': ['Sunday', 'Monday', 'Tuesday', 'Wednesday', 'Thursday'], 'opens': '12:0', 'closes': '20:0'}, {'@type': 'OpeningHoursSpecification', 'dayOfWeek': ['Friday', 'Saturday'], 'opens': '12:0', 'closes': '22:0'}]","{'@type': 'PostalAddress', 'addressLocality': 'Miller Place', 'addressRegion': 'NY', 'postalCode': '11764', 'addressCountry': 'US', 'streetAddress': '691 NY-25A'}","{'@type': 'GeoCoordinates', 'latitude': 40.9434171, 'longitude': -72.97751960000001}","{'@type': 'AggregateRating', 'ratingValue': 4.2, 'reviewCount': '14'}"
Inferno The Restaurant,https://www.ubereats.com/nyc-suburbs/food-delivery/inferno-the-restaurant/oS7O8knEQnqVnHPsyfRHMg,shoreham-new-york,['American'],,,$$,40.9512969,-72.9857087,+16318213202,11789,245 Echo Ave,Sound Beach,New York,"[{'@type': 'OpeningHoursSpecification', 'dayOfWeek': 'Sunday', 'opens': '12:0', 'closes': '20:0'}, {'@type': 'OpeningHoursSpecification', 'dayOfWeek': ['Tuesday', 'Wednesday', 'Thursday'], 'opens': '11:30', 'closes': '20:0'}, {'@type': 'OpeningHoursSpecification', 'dayOfWeek': ['Friday', 'Saturday'], 'opens': '11:30', 'closes': '17:0'}]","{'@type': 'PostalAddress', 'addressLocality': 'Sound Beach', 'addressRegion': 'New York', 'postalCode': '11789', 'addressCountry': 'US', 'streetAddress': '245 Echo Ave'}","{'@type': 'GeoCoordinates', 'latitude': 40.9512969, 'longitude': -72.9857087}",{}
"Go Burger - Ridge, NY",https://www.ubereats.com/nyc-suburbs/food-delivery/go-burger-ridge-ny/Y-vm4MBcTHyEsTMJxzNlTw,shoreham-new-york,"['Burgers', 'Sandwich', 'Desserts', 'Salads']",4.6,278,$$,40.8928235,-72.8990376,+16312520008,11961,1699 Middle Country Rd,Ridge,NY,"[{'@type': 'OpeningHoursSpecification', 'dayOfWeek': 'Sunday', 'opens': '11:0', 'closes': '19:50'}, {'@type': 'OpeningHoursSpecification', 'dayOfWeek': ['Monday', 'Tuesday', 'Wednesday', 'Thursday', 'Friday', 'Saturday'], 'opens': '11:0', 'closes': '20:45'}]","{'@type': 'PostalAddress', 'addressLocality': 'Ridge', 'addressRegion': 'NY', 'postalCode': '11961', 'addressCountry': 'US', 'streetAddress': '1699 Middle Country Rd'}","{'@type': 'GeoCoordinates', 'latitude': 40.8928235, 'longitude': -72.8990376}","{'@type': 'AggregateRating', 'ratingValue': 4.6, 'reviewCount': '278'}"
Gerardo’s pizza & Pasta ,https://www.ubereats.com/nyc-suburbs/food-delivery/gerardos-pizza-%26-pasta/wqHQpTHeQ5mdz-bvdUoTuw,shoreham-new-york,"['Pizza', 'Italian', 'Pasta']",,,$,40.8000914,-72.8687173,+16319291898,11967,800 Montauk Hwy Suite 6,Shirley,NY,"[{'@type': 'OpeningHoursSpecification', 'dayOfWeek': 'Sunday', 'opens': '13:0', 'closes': '21:0'}, {'@type': 'OpeningHoursSpecification', 'dayOfWeek': ['Monday', 'Tuesday', 'Wednesday', 'Thursday'], 'opens': '11:0', 'closes': '21:0'}, {'@type': 'OpeningHoursSpecification', 'dayOfWeek': ['Friday', 'Saturday'], 'opens': '11:0', 'closes': '22:0'}]","{'@type': 'PostalAddress', 'addressLocality': 'Shirley', 'addressRegion': 'NY', 'postalCode': '11967', 'addressCountry': 'US', 'streetAddress': '800 Montauk Hwy Suite 6'}","{'@type': 'GeoCoordinates', 'latitude': 40.8000914, 'longitude': -72.8687173}",{}
Waffle Shack ,https://www.ubereats.com/nyc-suburbs/food-delivery/waffle-shack/KcEUNFcXTLSOiDaM7WACyA,shoreham-new-york,"['Comfort Food', 'American', 'Burgers']",4.3,15,$,40.9426403,-72.9841172,+16315096406,,,,,"[{'@type': 'OpeningHoursSpecification', 'dayOfWeek': 'Sunday', 'opens': '9:0', 'closes': '21:0'}, {'@type': 'OpeningHoursSpecification', 'dayOfWeek': ['Monday', 'Tuesday', 'Wednesday', 'Thursday', 'Friday', 'Saturday'], 'opens': '9:0', 'closes': '20:30'}]",,"{'@type': 'GeoCoordinates', 'latitude': 40.9426403, 'longitude': -72.9841172}","{'@type': 'AggregateRating', 'ratingValue': 4.3, 'reviewCount': '15'}"
Hurricane Grill and Wings (496 County Rd),https://www.ubereats.com/nyc-suburbs/food-delivery/hurricane-grill-and-wings-496-county-rd/YrY5JBqVRd2jxsDYRJUzcQ,shoreham-new-york,"['Wings', 'Sandwich', 'Burgers']",4.3,262,$,40.86880993562835,-72.79759001137415,+16312819464,,,,,"[{'@type': 'OpeningHoursSpecification', 'dayOfWeek': ['Monday', 'Tuesday', 'Wednesday', 'Thursday', 'Friday', 'Saturday', 'Sunday'], 'opens': '11:30', 'closes': '21:30'}, {'@type': 'OpeningHoursSpecification', 'dayOfWeek': ['Monday', 'Tuesday', 'Wednesday', 'Thursday', 'Friday', 'Saturday', 'Sunday'], 'opens': '11:30', 'closes': '21:0'}]",,"{'@type': 'GeoCoordinates', 'latitude': 40.86880993562835, 'longitude': -72.79759001137415}","{'@type': 'AggregateRating', 'ratingValue': 4.3, 'reviewCount': '262'}"
FRESH AND HOT BAGELS,https://www.ubereats.com/nyc-suburbs/food-delivery/fresh-and-hot-bagels/Lu7zSjW_Rd2mUFB8QnR8CA,shoreham-new-york,"['American', 'Breakfast and Brunch', 'Desserts']",4.8,38,$,40.9436577,-72.9427773,+16317446611,11778,346 NY-25A,Rocky Point,NY,"[{'@type': 'OpeningHoursSpecification', 'dayOfWeek': ['Monday', 'Tuesday', 'Wednesday', 'Thursday', 'Friday', 'Saturday', 'Sunday'], 'opens': '6:30', 'closes': '14:30'}]","{'@type': 'PostalAddress', 'addressLocality': 'Rocky Point', 'addressRegion': 'NY', 'postalCode': '11778', 'addressCountry': 'US', 'streetAddress': '346 NY-25A'}","{'@type': 'GeoCoordinates', 'latitude': 40.9436577, 'longitude': -72.9427773}","{'@type': 'AggregateRating', 'ratingValue': 4.8, 'reviewCount': '38'}"
Jackee's Jamaican Cafe,https://www.ubereats.com/nyc-suburbs/food-delivery/jackees-jamaican-cafe/JH5b70RQR6CIkuFMABaukw,shoreham-new-york,"['Caribbean', 'Seafood', 'Latin American']",3.9,117,$,40.87385980000001,-72.9780299,+19345002025,11727,16 Middle Country Rd 7,Coram,NY,"[{'@type': 'OpeningHoursSpecification', 'dayOfWeek': ['Monday', 'Tuesday', 'Wednesday', 'Thursday', 'Friday', 'Saturday', 'Sunday'], 'opens': '10:0', 'closes': '22:0'}]","{'@type': 'PostalAddress', 'addressLocality': 'Coram', 'addressRegion': 'NY', 'postalCode': '11727', 'addressCountry': 'US', 'streetAddress': '16 Middle Country Rd 7'}","{'@type': 'GeoCoordinates', 'latitude': 40.87385980000001, 'longitude': -72.9780299}","{'@type': 'AggregateRating', 'ratingValue': 3.9, 'reviewCount': '117'}"
MELTology,https://www.ubereats.com/nyc-suburbs/food-delivery/meltology/Bk8wo-_PSo2mD8B6EpTErw,shoreham-new-york,"['Sandwiches', 'American', 'Healthy']",,,$,40.9426403,-72.9841172,+16313127561,11764,465 New York 25A,Miller Place,NY,"[{'@type': 'OpeningHoursSpecification', 'dayOfWeek': ['Monday', 'Tuesday', 'Wednesday', 'Thursday', 'Friday', 'Saturday', 'Sunday'], 'opens': '10:0', 'closes': '21:0'}]","{'@type': 'PostalAddress', 'addressLocality': 'Miller Place', 'addressRegion': 'NY', 'postalCode': '11764', 'addressCountry': 'US', 'streetAddress': '465 New York 25A'}","{'@type': 'GeoCoordinates', 'latitude': 40.9426403, 'longitude': -72.9841172}",{}
Chipotle Mexican Grill (1064 Route 112),https://www.ubereats.com/nyc-suburbs/food-delivery/chipotle-mexican-grill-1064-route-112/pc3_FVPETr2ACgV49Mw0XQ,shoreham-new-york,"['Healthy', 'Mexican']",4.6,172,$,40.91929439999999,-73.0412836,+16313311589,11776,1064 Route 112,Port Jefferson Station,NY,"[{'@type': 'OpeningHoursSpecification', 'dayOfWeek': ['Monday', 'Tuesday', 'Wednesday', 'Thursday', 'Friday', 'Saturday', 'Sunday'], 'opens': '10:45', 'closes': '21:40'}]","{'@type': 'PostalAddress', 'addressLocality': 'Port Jefferson Station', 'addressRegion': 'NY', 'postalCode': '11776', 'addressCountry': 'US', 'streetAddress': '1064 Route 112'}","{'@type': 'GeoCoordinates', 'latitude': 40.91929439999999, 'longitude': -73.0412836}","{'@type': 'AggregateRating', 'ratingValue': 4.6, 'reviewCount': '172'}"
JC's Restaurant,https://www.ubereats.com/nyc-suburbs/food-delivery/jcs-restaurant/lVls8-7KTfChiJUhMbKx7Q,shoreham-new-york,"['Burgers', 'American', 'Sandwiches']",4.7,76,$,40.8375299,-72.8178829,+16319093525,11949,2 Country Club Dr,Manorville,NY,"[{'@type': 'OpeningHoursSpecification', 'dayOfWeek': 'Sunday', 'opens': '12:0', 'closes': '20:15'}, {'@type': 'OpeningHoursSpecification', 'dayOfWeek': ['Tuesday', 'Wednesday', 'Thursday', 'Friday', 'Saturday'], 'opens': '12:0', 'closes': '20:15'}]","{'@type': 'PostalAddress', 'addressLocality': 'Manorville', 'addressRegion': 'NY', 'postalCode': '11949', 'addressCountry': 'US', 'streetAddress': '2 Country Club Dr'}","{'@type': 'GeoCoordinates', 'latitude': 40.8375299, 'longitude': -72.8178829}","{'@type': 'AggregateRating', 'ratingValue': 4.7, 'reviewCount': '76'}"
Brenda's jamaican restaurant,https://www.ubereats.com/nyc-suburbs/food-delivery/brendas-jamaican-restaurant/mm6Mzb4AQ5WPYwGuFdoYAw,shoreham-new-york,"['African: Other', 'Pastry', 'Chicken', 'Healthy']",,,$,40.873624,-72.9803345,+16316804282,11727,50 Old Middle Country Rd K,Coram,New York,"[{'@type': 'OpeningHoursSpecification', 'dayOfWeek': 'Sunday', 'opens': '12:0', 'closes': '20:0'}, {'@type': 'OpeningHoursSpecification', 'dayOfWeek': 'Monday', 'opens': '12:0', 'closes': '20:0'}, {'@type': 'OpeningHoursSpecification', 'dayOfWeek': 'Monday', 'opens': '11:0', 'closes': '14:0'}, {'@type': 'OpeningHoursSpecification', 'dayOfWeek': 'Monday', 'opens': '8:0', 'closes': '21:30'}, {'@type': 'OpeningHoursSpecification', 'dayOfWeek': 'Tuesday', 'opens': '12:0', 'closes': '20:0'}, {'@type': 'OpeningHoursSpecification', 'dayOfWeek': 'Tuesday', 'opens': '11:0', 'closes': '14:0'}, {'@type': 'OpeningHoursSpecification', 'dayOfWeek': 'Tuesday', 'opens': '8:0', 'closes': '21:30'}, {'@type': 'OpeningHoursSpecification', 'dayOfWeek': 'Wednesday', 'opens': '12:0', 'closes': '20:0'}, {'@type': 'OpeningHoursSpecification', 'dayOfWeek': 'Wednesday', 'opens': '11:0', 'closes': '14:0'}, {'@type': 'OpeningHoursSpecification', 'dayOfWeek': 'Wednesday', 'opens': '8:0', 'closes': '21:30'}, {'@type': 'OpeningHoursSpecification', 'dayOfWeek': 'Thursday', 'opens': '12:0', 'closes': '20:0'}, {'@type': 'OpeningHoursSpecification', 'dayOfWeek': 'Thursday', 'opens': '11:0', 'closes': '14:0'}, {'@type': 'OpeningHoursSpecification', 'dayOfWeek': 'Thursday', 'opens': '8:0', 'closes': '21:30'}, {'@type': 'OpeningHoursSpecification', 'dayOfWeek': 'Friday', 'opens': '12:0', 'closes': '20:0'}, {'@type': 'OpeningHoursSpecification', 'dayOfWeek': 'Friday', 'opens': '11:0', 'closes': '14:0'}, {'@type': 'OpeningHoursSpecification', 'dayOfWeek': 'Friday', 'opens': '8:0', 'closes': '21:30'}, {'@type': 'OpeningHoursSpecification', 'dayOfWeek': 'Saturday', 'opens': '12:0', 'closes': '20:0'}, {'@type': 'OpeningHoursSpecification', 'dayOfWeek': 'Saturday', 'opens': '11:0', 'closes': '14:0'}, {'@type': 'OpeningHoursSpecification', 'dayOfWeek': 'Saturday', 'opens': '8:0', 'closes': '21:30'}]","{'@type': 'PostalAddress', 'addressLocality': 'Coram', 'addressRegion': 'New York', 'postalCode': '11727', 'addressCountry': 'US', 'streetAddress': '50 Old Middle Country Rd K'}","{'@type': 'GeoCoordinates', 'latitude': 40.873624, 'longitude': -72.9803345}",{}
Carvel (1289 Middle Country Road),https://www.ubereats.com/nyc-suburbs/food-delivery/carvel-1289-middle-country-road/5hnY1EURSy6iwIdgY9EVeA,shoreham-new-york,"['Ice Cream and Frozen Yogurt', 'Desserts', 'American', 'Comfort Food', 'Kids Friendly']",4.7,147,$,40.8871695,-72.92277899999999,+16319241909,11953,1289 Middle Country Road,Middle Island,NY,"[{'@type': 'OpeningHoursSpecification', 'dayOfWeek': ['Monday', 'Tuesday', 'Wednesday', 'Thursday', 'Friday', 'Saturday', 'Sunday'], 'opens': '11:0', 'closes': '21:30'}]","{'@type': 'PostalAddress', 'addressLocality': 'Middle Island', 'addressRegion': 'NY', 'postalCode': '11953', 'addressCountry': 'US', 'streetAddress': '1289 Middle Country Road'}","{'@type': 'GeoCoordinates', 'latitude': 40.8871695, 'longitude': -72.92277899999999}","{'@type': 'AggregateRating', 'ratingValue': 4.7, 'reviewCount': '147'}"
Campus Heros,https://www.ubereats.com/nyc-suburbs/food-delivery/campus-heros/pVgeUPgiTX2c6E0uiiggKQ,shoreham-new-york,"['American', 'Sandwich']",4.2,49,$,40.947279,-72.921558,+16312092070,11778,660 NY-25A,Rocky Point,New York,"[{'@type': 'OpeningHoursSpecification', 'dayOfWeek': ['Monday', 'Tuesday', 'Wednesday', 'Thursday', 'Friday', 'Saturday', 'Sunday'], 'opens': '6:0', 'closes': '12:0'}, {'@type': 'OpeningHoursSpecification', 'dayOfWeek': ['Monday', 'Tuesday', 'Wednesday', 'Thursday', 'Friday', 'Saturday', 'Sunday'], 'opens': '7:0', 'closes': '19:0'}, {'@type': 'OpeningHoursSpecification', 'dayOfWeek': ['Monday', 'Tuesday', 'Wednesday', 'Thursday', 'Friday', 'Saturday', 'Sunday'], 'opens': '7:0', 'closes': '19:0'}]","{'@type': 'PostalAddress', 'addressLocality': 'Rocky Point', 'addressRegion': 'New York', 'postalCode': '11778', 'addressCountry': 'US', 'streetAddress': '660 NY-25A'}","{'@type': 'GeoCoordinates', 'latitude': 40.947279, 'longitude': -72.921558}","{'@type': 'AggregateRating', 'ratingValue': 4.2, 'reviewCount': '49'}"
Sobol - Manorville,https://www.ubereats.com/nyc-suburbs/food-delivery/sobol-manorville/mOIng6QsQOWbIH6F2t6K_A,shoreham-new-york,"['Healthy', 'Vegetarian', 'Salads']",,,$,40.8690592,-72.7977557,+16319532270,11949,496 county Rd 111 Bldg E,Manorville,NY,"[{'@type': 'OpeningHoursSpecification', 'dayOfWeek': ['Monday', 'Tuesday', 'Wednesday', 'Thursday', 'Friday', 'Saturday', 'Sunday'], 'opens': '8:0', 'closes': '17:45'}]","{'@type': 'PostalAddress', 'addressLocality': 'Manorville', 'addressRegion': 'NY', 'postalCode': '11949', 'addressCountry': 'US', 'streetAddress': '496 county Rd 111 Bldg E'}","{'@type': 'GeoCoordinates', 'latitude': 40.8690592, 'longitude': -72.7977557}",{}
Crazy Crepe Cafe - Miller Place,https://www.ubereats.com/nyc-suburbs/food-delivery/crazy-crepe-cafe-miller-place/s2IG5WzGQcS9QJmWp4nxVQ,shoreham-new-york,['French'],4.6,38,$$,40.94264,-72.984117,+16315096406,11764,465 NY-25A,Miller Place,NY,"[{'@type': 'OpeningHoursSpecification', 'dayOfWeek': ['Monday', 'Tuesday', 'Wednesday', 'Thursday', 'Friday', 'Saturday', 'Sunday'], 'opens': '9:0', 'closes': '20:45'}]","{'@type': 'PostalAddress', 'addressLocality': 'Miller Place', 'addressRegion': 'NY', 'postalCode': '11764', 'addressCountry': 'US', 'streetAddress': '465 NY-25A'}","{'@type': 'GeoCoordinates', 'latitude': 40.94264, 'longitude': -72.984117}","{'@type': 'AggregateRating', 'ratingValue': 4.6, 'reviewCount': '38'}"
KFC (375 Route 25A),https://www.ubereats.com/nyc-suburbs/food-delivery/kfc-375-route-25a/KQJy-EexRbSEHbTxVxZ_2g,shoreham-new-york,"['American', 'Fast Food', 'Southern']",4.2,57,$$,40.945636,-72.941134,+17134752575,11778,375 Route 25A,Rocky Point,NY,"[{'@type': 'OpeningHoursSpecification', 'dayOfWeek': ['Monday', 'Tuesday', 'Wednesday', 'Thursday', 'Friday', 'Saturday', 'Sunday'], 'opens': '11:0', 'closes': '22:30'}]","{'@type': 'PostalAddress', 'addressLocality': 'Rocky Point', 'addressRegion': 'NY', 'postalCode': '11778', 'addressCountry': 'US', 'streetAddress': '375 Route 25A'}","{'@type': 'GeoCoordinates', 'latitude': 40.945636, 'longitude': -72.941134}","{'@type': 'AggregateRating', 'ratingValue': 4.2, 'reviewCount': '57'}"
The Country Rotisserie ( Shoreman),https://www.ubereats.com/nyc-suburbs/food-delivery/the-country-rotisserie-shoreman/3EY0gppUSr2_PNCvJRRQvw,shoreham-new-york,"['Burgers', 'American', 'Sandwiches']",,,$,40.9469447,-72.8940999,+16318212020,11786,99 NY-25A,Shoreham,NY,"[{'@type': 'OpeningHoursSpecification', 'dayOfWeek': 'Sunday', 'opens': '11:30', 'closes': '19:0'}, {'@type': 'OpeningHoursSpecification', 'dayOfWeek': ['Monday', 'Tuesday', 'Wednesday', 'Thursday', 'Friday', 'Saturday'], 'opens': '11:0', 'closes': '20:30'}]","{'@type': 'PostalAddress', 'addressLocality': 'Shoreham', 'addressRegion': 'NY', 'postalCode': '11786', 'addressCountry': 'US', 'streetAddress': '99 NY-25A'}","{'@type': 'GeoCoordinates', 'latitude': 40.9469447, 'longitude': -72.8940999}",{}
Alexandros Restaurant,https://www.ubereats.com/nyc-suburbs/food-delivery/alexandros-restaurant/897-A2X4TO-hUBKhXejGzQ,shoreham-new-york,"['Burgers', 'American', 'Sandwiches']",4.9,33,$,40.9403836,-72.9996882,+16319288600,11766,1060 Rt 25A,Mount Sinai,NY,"[{'@type': 'OpeningHoursSpecification', 'dayOfWeek': ['Monday', 'Tuesday', 'Wednesday', 'Thursday', 'Friday', 'Saturday', 'Sunday'], 'opens': '12:0', 'closes': '21:0'}]","{'@type': 'PostalAddress', 'addressLocality': 'Mount Sinai', 'addressRegion': 'NY', 'postalCode': '11766', 'addressCountry': 'US', 'streetAddress': '1060 Rt 25A'}","{'@type': 'GeoCoordinates', 'latitude': 40.9403836, 'longitude': -72.9996882}","{'@type': 'AggregateRating', 'ratingValue': 4.9, 'reviewCount': '33'}"
MELTology,https://www.ubereats.com/nyc-suburbs/food-delivery/meltology/sBETs4-FTkeNDgpk9ZI7vg,shoreham-new-york,"['Sandwiches', 'American', 'Healthy']",4.5,96,$,40.88228950000001,-72.9402893,+16315046285,11953,848 Middle Country Rd,Middle Island,NY,"[{'@type': 'OpeningHoursSpecification', 'dayOfWeek': ['Sunday', 'Monday', 'Tuesday', 'Wednesday', 'Thursday'], 'opens': '11:0', 'closes': '22:25'}, {'@type': 'OpeningHoursSpecification', 'dayOfWeek': ['Friday', 'Saturday'], 'opens': '11:0', 'closes': '22:55'}]","{'@type': 'PostalAddress', 'addressLocality': 'Middle Island', 'addressRegion': 'NY', 'postalCode': '11953', 'addressCountry': 'US', 'streetAddress': '848 Middle Country Rd'}","{'@type': 'GeoCoordinates', 'latitude': 40.88228950000001, 'longitude': -72.9402893}","{'@type': 'AggregateRating', 'ratingValue': 4.5, 'reviewCount': '96'}"
T's Chicken and Fish,https://www.ubereats.com/nyc-suburbs/food-delivery/ts-chicken-and-fish/brNwV2UISdKufTbxxBdlzg,shoreham-new-york,"['Southern', 'Chicken', 'Comfort Food']",,,$,40.88544,-72.933246,+16315306290,,,,,"[{'@type': 'OpeningHoursSpecification', 'dayOfWeek': 'Sunday', 'opens': '11:0', 'closes': '19:0'}, {'@type': 'OpeningHoursSpecification', 'dayOfWeek': ['Tuesday', 'Wednesday', 'Thursday', 'Friday', 'Saturday'], 'opens': '11:0', 'closes': '19:0'}]",,"{'@type': 'GeoCoordinates', 'latitude': 40.88544, 'longitude': -72.933246}",{}
Crazy Crepe Cafe,https://www.ubereats.com/nyc-suburbs/food-delivery/crazy-crepe-cafe/QAv5T03tRZS_X8fChqAjfg,shoreham-new-york,"['Desserts', 'Vegetarian', 'Coffee and Tea']",4.6,30,$,40.88228950000001,-72.9402893,+16313456535,11953,848 Middle Country Rd,Middle Island,NY,"[{'@type': 'OpeningHoursSpecification', 'dayOfWeek': ['Sunday', 'Monday', 'Tuesday', 'Wednesday', 'Thursday'], 'opens': '9:0', 'closes': '22:25'}, {'@type': 'OpeningHoursSpecification', 'dayOfWeek': ['Friday', 'Saturday'], 'opens': '9:0', 'closes': '22:55'}]","{'@type': 'PostalAddress', 'addressLocality': 'Middle Island', 'addressRegion': 'NY', 'postalCode': '11953', 'addressCountry': 'US', 'streetAddress': '848 Middle Country Rd'}","{'@type': 'GeoCoordinates', 'latitude': 40.88228950000001, 'longitude': -72.9402893}","{'@type': 'AggregateRating', 'ratingValue': 4.6, 'reviewCount': '30'}"
Crazy Bowls (Acai Bowls & More),https://www.ubereats.com/nyc-suburbs/food-delivery/crazy-bowls-acai-bowls-%26-more/wsuJ31fwQgCS79NuPHg_7A,shoreham-new-york,"['Healthy', 'Vegetarian', 'Salads']",3.4,12,$,40.9426403,-72.9841172,+16315096641,11764,465 New York 25A,Miller Place,NY,"[{'@type': 'OpeningHoursSpecification', 'dayOfWeek': ['Monday', 'Tuesday', 'Wednesday', 'Thursday', 'Friday', 'Saturday', 'Sunday'], 'opens': '9:0', 'closes': '20:45'}]","{'@type': 'PostalAddress', 'addressLocality': 'Miller Place', 'addressRegion': 'NY', 'postalCode': '11764', 'addressCountry': 'US', 'streetAddress': '465 New York 25A'}","{'@type': 'GeoCoordinates', 'latitude': 40.9426403, 'longitude': -72.9841172}","{'@type': 'AggregateRating', 'ratingValue': 3.4, 'reviewCount': '12'}"
Crazy Beans (Miller Place),https://www.ubereats.com/nyc-suburbs/food-delivery/crazy-beans-miller-place/OCbddKJyQoutj11Qgz8NdQ,shoreham-new-york,"['American', 'Burgers', 'Sandwiches', 'Breakfast and Brunch']",4.5,95,$,40.9410944,-72.9987158,+16314034954,11764,159 NY-25A,Miller Place,NY,"[{'@type': 'OpeningHoursSpecification', 'dayOfWeek': 'Sunday', 'opens': '8:0', 'closes': '15:30'}, {'@type': 'OpeningHoursSpecification', 'dayOfWeek': ['Monday', 'Tuesday', 'Wednesday', 'Thursday'], 'opens': '8:0', 'closes': '14:30'}, {'@type': 'OpeningHoursSpecification', 'dayOfWeek': ['Friday', 'Saturday'], 'opens': '8:0', 'closes': '15:30'}]","{'@type': 'PostalAddress', 'addressLocality': 'Miller Place', 'addressRegion': 'NY', 'postalCode': '11764', 'addressCountry': 'US', 'streetAddress': '159 NY-25A'}","{'@type': 'GeoCoordinates', 'latitude': 40.9410944, 'longitude': -72.9987158}","{'@type': 'AggregateRating', 'ratingValue': 4.5, 'reviewCount': '95'}"
Dunkin' (381 Route 25a),https://www.ubereats.com/nyc-suburbs/food-delivery/dunkin-381-route-25a/beCwbIvOQAWo-Lqi4bjPUQ,shoreham-new-york,"['Breakfast and Brunch', 'Donuts']",4.3,39,$,40.93492759999999,-73.02286339999999,+16314730060,11766,381 Route 25a,Mount Sinai,NY,"[{'@type': 'OpeningHoursSpecification', 'dayOfWeek': 'Sunday', 'opens': '6:30', 'closes': '19:30'}, {'@type': 'OpeningHoursSpecification', 'dayOfWeek': ['Monday', 'Tuesday', 'Wednesday', 'Thursday', 'Friday'], 'opens': '5:45', 'closes': '21:0'}, {'@type': 'OpeningHoursSpecification', 'dayOfWeek': 'Saturday', 'opens': '6:30', 'closes': '19:30'}]","{'@type': 'PostalAddress', 'addressLocality': 'Mount Sinai', 'addressRegion': 'NY', 'postalCode': '11766', 'addressCountry': 'US', 'streetAddress': '381 Route 25a'}","{'@type': 'GeoCoordinates', 'latitude': 40.93492759999999, 'longitude': -73.02286339999999}","{'@type': 'AggregateRating', 'ratingValue': 4.3, 'reviewCount': '39'}"
Dunkin' (597 Route 25a),https://www.ubereats.com/nyc-suburbs/food-delivery/dunkin-597-route-25a/GE1bYuxpQD27_Wd-DOYZIQ,shoreham-new-york,"['Breakfast and Brunch', 'Donuts']",4.5,26,$,40.94739449999999,-72.9255866,+16318496097,11778,597 Route 25a,Rocky Point,NY,"[{'@type': 'OpeningHoursSpecification', 'dayOfWeek': ['Monday', 'Tuesday', 'Wednesday', 'Thursday', 'Friday', 'Saturday', 'Sunday'], 'opens': '6:0', 'closes': '21:45'}]","{'@type': 'PostalAddress', 'addressLocality': 'Rocky Point', 'addressRegion': 'NY', 'postalCode': '11778', 'addressCountry': 'US', 'streetAddress': '597 Route 25a'}","{'@type': 'GeoCoordinates', 'latitude': 40.94739449999999, 'longitude': -72.9255866}","{'@type': 'AggregateRating', 'ratingValue': 4.5, 'reviewCount': '26'}"
McNulty Ice Cream Parlor,https://www.ubereats.com/nyc-suburbs/food-delivery/mcnulty-ice-cream-parlor/9byL8JNhTjKlRgwGBrK3nw,shoreham-new-york,"['Ice Cream & Frozen Yogurt', 'Comfort Food', 'Desserts']",4.8,104,$,40.9589347,-73.0011502,+16317644265,11764,153 N Country Rd,Miller Place,NY,"[{'@type': 'OpeningHoursSpecification', 'dayOfWeek': ['Monday', 'Tuesday', 'Wednesday', 'Thursday', 'Friday', 'Saturday', 'Sunday'], 'opens': '13:0', 'closes': '22:30'}]","{'@type': 'PostalAddress', 'addressLocality': 'Miller Place', 'addressRegion': 'NY', 'postalCode': '11764', 'addressCountry': 'US', 'streetAddress': '153 N Country Rd'}","{'@type': 'GeoCoordinates', 'latitude': 40.9589347, 'longitude': -73.0011502}","{'@type': 'AggregateRating', 'ratingValue': 4.8, 'reviewCount': '104'}"
Funcho's Fajita Grill - Riverhead,https://www.ubereats.com/nyc-suburbs/food-delivery/funchos-fajita-grill-riverhead/qLYsKyORR96yf9i8BJZf_A,shoreham-new-york,"['Mexican', 'Latin American', 'New Mexican']",4.3,72,$,40.9155124,-72.6879402,+16313697277,11901,1156 W Main St,Riverhead,NY,"[{'@type': 'OpeningHoursSpecification', 'dayOfWeek': ['Monday', 'Tuesday', 'Wednesday', 'Thursday', 'Friday', 'Saturday', 'Sunday'], 'opens': '11:0', 'closes': '19:30'}]","{'@type': 'PostalAddress', 'addressLocality': 'Riverhead', 'addressRegion': 'NY', 'postalCode': '11901', 'addressCountry': 'US', 'streetAddress': '1156 W Main St'}","{'@type': 'GeoCoordinates', 'latitude': 40.9155124, 'longitude': -72.6879402}","{'@type': 'AggregateRating', 'ratingValue': 4.3, 'reviewCount': '72'}"
House of Mediterranean Eats - Coram,https://www.ubereats.com/nyc-suburbs/food-delivery/house-of-mediterranean-eats-coram/Qpl0UkrzRmubkpix7_28hQ,shoreham-new-york,"['Mediterranean', 'Greek', 'Salads']",,,$,40.8876482,-72.9967796,+16318793632,11727,19 Timber Ridge Drive,Coram,NY,"[{'@type': 'OpeningHoursSpecification', 'dayOfWeek': 'Sunday', 'opens': '14:0', 'closes': '23:59'}, {'@type': 'OpeningHoursSpecification', 'dayOfWeek': 'Sunday', 'opens': '0:0', 'closes': '0:30'}, {'@type': 'OpeningHoursSpecification', 'dayOfWeek': ['Monday', 'Tuesday', 'Wednesday', 'Thursday', 'Friday'], 'opens': '11:0', 'closes': '23:59'}, {'@type': 'OpeningHoursSpecification', 'dayOfWeek': ['Monday', 'Tuesday', 'Wednesday', 'Thursday', 'Friday'], 'opens': '0:0', 'closes': '0:30'}, {'@type': 'OpeningHoursSpecification', 'dayOfWeek': 'Saturday', 'opens': '14:0', 'closes': '23:59'}, {'@type': 'OpeningHoursSpecification', 'dayOfWeek': 'Saturday', 'opens': '0:0', 'closes': '0:30'}]","{'@type': 'PostalAddress', 'addressLocality': 'Coram', 'addressRegion': 'NY', 'postalCode': '11727', 'addressCountry': 'US', 'streetAddress': '19 Timber Ridge Drive'}","{'@type': 'GeoCoordinates', 'latitude': 40.8876482, 'longitude': -72.9967796}",{}
Dunkin' (1780 Middle Country Rd),https://www.ubereats.com/nyc-suburbs/food-delivery/dunkin-1780-middle-country-rd/pOJYJCqwR7298FCZXu07KA,shoreham-new-york,"['Breakfast and Brunch', 'Donuts']",4.5,42,$,40.8913553,-72.9008604,+16314487046,11961,1780 Middle Country Rd,Ridge,NY,"[{'@type': 'OpeningHoursSpecification', 'dayOfWeek': 'Sunday', 'opens': '6:30', 'closes': '20:0'}, {'@type': 'OpeningHoursSpecification', 'dayOfWeek': ['Monday', 'Tuesday', 'Wednesday', 'Thursday', 'Friday'], 'opens': '5:30', 'closes': '20:0'}, {'@type': 'OpeningHoursSpecification', 'dayOfWeek': 'Saturday', 'opens': '6:30', 'closes': '20:0'}]","{'@type': 'PostalAddress', 'addressLocality': 'Ridge', 'addressRegion': 'NY', 'postalCode': '11961', 'addressCountry': 'US', 'streetAddress': '1780 Middle Country Rd'}","{'@type': 'GeoCoordinates', 'latitude': 40.8913553, 'longitude': -72.9008604}","{'@type': 'AggregateRating', 'ratingValue': 4.5, 'reviewCount': '42'}"
Medford Pastaria,https://www.ubereats.com/nyc-suburbs/food-delivery/medford-pastaria/zi8aUGOtT2Sz3-sEGrLq8A,shoreham-new-york,"['Pizza', 'American', 'Italian', 'Desserts']",,,$,40.8260122,-72.98178759999999,+16317585252,11763,3209 Horseblock Rd,Medford,NY,"[{'@type': 'OpeningHoursSpecification', 'dayOfWeek': ['Sunday', 'Monday', 'Tuesday', 'Wednesday', 'Thursday'], 'opens': '11:0', 'closes': '22:0'}, {'@type': 'OpeningHoursSpecification', 'dayOfWeek': ['Sunday', 'Monday', 'Tuesday', 'Wednesday', 'Thursday'], 'opens': '11:0', 'closes': '22:0'}, {'@type': 'OpeningHoursSpecification', 'dayOfWeek': ['Friday', 'Saturday'], 'opens': '11:0', 'closes': '23:0'}, {'@type': 'OpeningHoursSpecification', 'dayOfWeek': ['Friday', 'Saturday'], 'opens': '11:0', 'closes': '23:0'}]","{'@type': 'PostalAddress', 'addressLocality': 'Medford', 'addressRegion': 'NY', 'postalCode': '11763', 'addressCountry': 'US', 'streetAddress': '3209 Horseblock Rd'}","{'@type': 'GeoCoordinates', 'latitude': 40.8260122, 'longitude': -72.98178759999999}",{}
Ruvo Restaurant - Port Jefferson,https://www.ubereats.com/nyc-suburbs/food-delivery/ruvo-restaurant-port-jefferson/O-myjjJQTPmGaLlNV5xPNw,shoreham-new-york,"['Seafood', 'Desserts', 'Sandwich']",4.5,10,$$,40.944271,-73.068209,+16314763800,11777,105 Wynn Ln,Port Jefferson,New York,"[{'@type': 'OpeningHoursSpecification', 'dayOfWeek': ['Monday', 'Tuesday', 'Wednesday', 'Thursday', 'Friday', 'Saturday', 'Sunday'], 'opens': '12:0', 'closes': '15:30'}, {'@type': 'OpeningHoursSpecification', 'dayOfWeek': ['Monday', 'Tuesday', 'Wednesday', 'Thursday', 'Friday', 'Saturday', 'Sunday'], 'opens': '16:0', 'closes': '20:30'}, {'@type': 'OpeningHoursSpecification', 'dayOfWeek': ['Monday', 'Tuesday', 'Wednesday', 'Thursday', 'Friday', 'Saturday', 'Sunday'], 'opens': '12:0', 'closes': '20:30'}, {'@type': 'OpeningHoursSpecification', 'dayOfWeek': ['Monday', 'Tuesday', 'Wednesday', 'Thursday', 'Friday', 'Saturday', 'Sunday'], 'opens': '16:0', 'closes': '20:30'}]","{'@type': 'PostalAddress', 'addressLocality': 'Port Jefferson', 'addressRegion': 'New York', 'postalCode': '11777', 'addressCountry': 'US', 'streetAddress': '105 Wynn Ln'}","{'@type': 'GeoCoordinates', 'latitude': 40.944271, 'longitude': -73.068209}","{'@type': 'AggregateRating', 'ratingValue': 4.5, 'reviewCount': '10'}"
Cafe Maui,https://www.ubereats.com/nyc-suburbs/food-delivery/cafe-maui/7wCvl_n9RAS7GWBDocGf7g,shoreham-new-york,"['Sandwiches', 'American', 'Healthy']",,,$,40.9429425,-72.9890775,+16318284777,11766,347 Route 25A,Miller Place,New York,"[{'@type': 'OpeningHoursSpecification', 'dayOfWeek': ['Monday', 'Tuesday', 'Wednesday', 'Thursday'], 'opens': '7:0', 'closes': '20:0'}, {'@type': 'OpeningHoursSpecification', 'dayOfWeek': ['Friday', 'Saturday'], 'opens': '7:0', 'closes': '20:0'}, {'@type': 'OpeningHoursSpecification', 'dayOfWeek': ['Friday', 'Saturday'], 'opens': '7:0', 'closes': '21:0'}]","{'@type': 'PostalAddress', 'addressLocality': 'Miller Place', 'addressRegion': 'New York', 'postalCode': '11766', 'addressCountry': 'US', 'streetAddress': '347 Route 25A'}","{'@type': 'GeoCoordinates', 'latitude': 40.9429425, 'longitude': -72.9890775}",{}
Crazy Pies Bistro and Pizzeria,https://www.ubereats.com/nyc-suburbs/food-delivery/crazy-pies-bistro-and-pizzeria/zGItquFARuKWl6UEUhKp-Q,shoreham-new-york,"['American', 'Pizza', 'Burgers', 'Wings']",,,$,40.8922373,-73.0145612,+16313317437,11727,1879 NY-112,Coram,NY,"[{'@type': 'OpeningHoursSpecification', 'dayOfWeek': 'Sunday', 'opens': '11:0', 'closes': '21:0'}, {'@type': 'OpeningHoursSpecification', 'dayOfWeek': ['Monday', 'Tuesday', 'Wednesday', 'Thursday', 'Friday', 'Saturday'], 'opens': '11:0', 'closes': '22:0'}]","{'@type': 'PostalAddress', 'addressLocality': 'Coram', 'addressRegion': 'NY', 'postalCode': '11727', 'addressCountry': 'US', 'streetAddress': '1879 NY-112'}","{'@type': 'GeoCoordinates', 'latitude': 40.8922373, 'longitude': -73.0145612}",{}
217 Applebee's - Miller Place,https://www.ubereats.com/nyc-suburbs/food-delivery/217-applebees-miller-place/5kcdtE0OSpin2TT4cGX1zA,shoreham-new-york,"['American', 'Burgers', 'Salads', 'Family Meals']",4.6,111,$$,40.9422363,-72.9894156,+16314730008,11764,355 NY-25A,Miller Place,New York,"[{'@type': 'OpeningHoursSpecification', 'dayOfWeek': ['Sunday', 'Monday', 'Tuesday', 'Wednesday', 'Thursday'], 'opens': '11:0', 'closes': '23:29'}, {'@type': 'OpeningHoursSpecification', 'dayOfWeek': ['Friday', 'Saturday'], 'opens': '11:0', 'closes': '0:0'}]","{'@type': 'PostalAddress', 'addressLocality': 'Miller Place', 'addressRegion': 'New York', 'postalCode': '11764', 'addressCountry': 'US', 'streetAddress': '355 NY-25A'}","{'@type': 'GeoCoordinates', 'latitude': 40.9422363, 'longitude': -72.9894156}","{'@type': 'AggregateRating', 'ratingValue': 4.6, 'reviewCount': '111'}"
Buffalo Wild Wings (385 Route 25A),https://www.ubereats.com/nyc-suburbs/food-delivery/buffalo-wild-wings-385-route-25a/SLd974MbQa6C6Huv54OLsg,shoreham-new-york,['wings'],4.4,120,$$,40.943028,-72.9867544,+16314730282,11764,385 Route 25A,Miller Place,NY,"[{'@type': 'OpeningHoursSpecification', 'dayOfWeek': ['Monday', 'Tuesday', 'Wednesday', 'Thursday', 'Friday', 'Saturday', 'Sunday'], 'opens': '11:0', 'closes': '21:0'}]","{'@type': 'PostalAddress', 'addressLocality': 'Miller Place', 'addressRegion': 'NY', 'postalCode': '11764', 'addressCountry': 'US', 'streetAddress': '385 Route 25A'}","{'@type': 'GeoCoordinates', 'latitude': 40.943028, 'longitude': -72.9867544}","{'@type': 'AggregateRating', 'ratingValue': 4.4, 'reviewCount': '120'}"
Wendy's  (380 Route 25A),https://www.ubereats.com/nyc-suburbs/food-delivery/wendys-380-route-25a/pKtU3kuCTlW3AvvuADWa_g,shoreham-new-york,"['American', 'Burgers', 'Fast Food']",4.7,28,$,40.9413776,-72.986539,+16316420374,11764,380 Route 25A,Miller Place,NY,"[{'@type': 'OpeningHoursSpecification', 'dayOfWeek': ['Monday', 'Tuesday', 'Wednesday', 'Thursday', 'Friday', 'Saturday', 'Sunday'], 'opens': '10:0', 'closes': '1:30'}, {'@type': 'OpeningHoursSpecification', 'dayOfWeek': ['Monday', 'Tuesday', 'Wednesday', 'Thursday', 'Friday', 'Saturday', 'Sunday'], 'opens': '8:0', 'closes': '9:30'}]","{'@type': 'PostalAddress', 'addressLocality': 'Miller Place', 'addressRegion': 'NY', 'postalCode': '11764', 'addressCountry': 'US', 'streetAddress': '380 Route 25A'}","{'@type': 'GeoCoordinates', 'latitude': 40.9413776, 'longitude': -72.986539}","{'@type': 'AggregateRating', 'ratingValue': 4.7, 'reviewCount': '28'}"
Dunkin' (725 Route 25a),https://www.ubereats.com/nyc-suburbs/food-delivery/dunkin-725-route-25a/LPYcK5NCR7STLN34TC7fMw,shoreham-new-york,"['Breakfast and Brunch', 'Donuts']",4.1,31,$,40.9439541,-72.9750755,+16312284347,11764,725 Route 25a,Miller place,NY,"[{'@type': 'OpeningHoursSpecification', 'dayOfWeek': ['Monday', 'Tuesday', 'Wednesday', 'Thursday', 'Friday', 'Saturday', 'Sunday'], 'opens': '6:30', 'closes': '20:30'}]","{'@type': 'PostalAddress', 'addressLocality': 'Miller place', 'addressRegion': 'NY', 'postalCode': '11764', 'addressCountry': 'US', 'streetAddress': '725 Route 25a'}","{'@type': 'GeoCoordinates', 'latitude': 40.9439541, 'longitude': -72.9750755}","{'@type': 'AggregateRating', 'ratingValue': 4.1, 'reviewCount': '31'}"
Picante Tex Mex,https://www.ubereats.com/nyc-suburbs/food-delivery/picante-tex-mex/Kb95HXorQLq_54ZmQz458w,shoreham-new-york,"['Mexican', 'Tex Mex']",4.9,78,$,40.9272623,-73.04449400000001,+16319973333,11776,5316 Nesconset Hwy,Port Jefferson Station,NY,"[{'@type': 'OpeningHoursSpecification', 'dayOfWeek': 'Sunday', 'opens': '12:0', 'closes': '20:0'}, {'@type': 'OpeningHoursSpecification', 'dayOfWeek': ['Monday', 'Tuesday', 'Wednesday', 'Thursday', 'Friday'], 'opens': '11:0', 'closes': '20:0'}, {'@type': 'OpeningHoursSpecification', 'dayOfWeek': 'Saturday', 'opens': '11:30', 'closes': '20:0'}, {'@type': 'OpeningHoursSpecification', 'dayOfWeek': 'Saturday', 'opens': '12:0', 'closes': '20:0'}]","{'@type': 'PostalAddress', 'addressLocality': 'Port Jefferson Station', 'addressRegion': 'NY', 'postalCode': '11776', 'addressCountry': 'US', 'streetAddress': '5316 Nesconset Hwy'}","{'@type': 'GeoCoordinates', 'latitude': 40.9272623, 'longitude': -73.04449400000001}","{'@type': 'AggregateRating', 'ratingValue': 4.9, 'reviewCount': '78'}"
Dunkin' (1852 Route 112),https://www.ubereats.com/nyc-suburbs/food-delivery/dunkin-1852-route-112/4CHvFYg9RMCwqajW6_F7jA,shoreham-new-york,"['Breakfast and Brunch', 'Donuts']",4.5,41,$,40.8891389,-73.0143767,+16318468077,11727,1852 Route 112,Coram,NY,"[{'@type': 'OpeningHoursSpecification', 'dayOfWeek': 'Sunday', 'opens': '6:30', 'closes': '21:30'}, {'@type': 'OpeningHoursSpecification', 'dayOfWeek': ['Monday', 'Tuesday', 'Wednesday', 'Thursday', 'Friday'], 'opens': '5:30', 'closes': '21:45'}, {'@type': 'OpeningHoursSpecification', 'dayOfWeek': 'Saturday', 'opens': '6:30', 'closes': '21:30'}]","{'@type': 'PostalAddress', 'addressLocality': 'Coram', 'addressRegion': 'NY', 'postalCode': '11727', 'addressCountry': 'US', 'streetAddress': '1852 Route 112'}","{'@type': 'GeoCoordinates', 'latitude': 40.8891389, 'longitude': -73.0143767}","{'@type': 'AggregateRating', 'ratingValue': 4.5, 'reviewCount': '41'}"
Golden Jalapeños Cafe,https://www.ubereats.com/nyc-suburbs/food-delivery/golden-jalapenos-cafe/B0ou4txCSAy0tP2UHDu6CA,shoreham-new-york,"['Mexican', 'Latin American', 'New Mexican']",,,$,40.8840035,-72.94051859999999,+16317409500,11953,833 Middle Country Road,Middle Island,NY,"[{'@type': 'OpeningHoursSpecification', 'dayOfWeek': 'Sunday', 'opens': '11:0', 'closes': '20:0'}, {'@type': 'OpeningHoursSpecification', 'dayOfWeek': ['Monday', 'Tuesday', 'Wednesday', 'Thursday', 'Friday', 'Saturday'], 'opens': '10:0', 'closes': '21:0'}]","{'@type': 'PostalAddress', 'addressLocality': 'Middle Island', 'addressRegion': 'NY', 'postalCode': '11953', 'addressCountry': 'US', 'streetAddress': '833 Middle Country Road'}","{'@type': 'GeoCoordinates', 'latitude': 40.8840035, 'longitude': -72.94051859999999}",{}
Dunkin' (350 Middle Country Rd),https://www.ubereats.com/nyc-suburbs/food-delivery/dunkin-350-middle-country-rd/fw5LRzqTRiSAM5wMDf85yw,shoreham-new-york,"['Breakfast and Brunch', 'Donuts']",4.4,26,$,40.8701968,-72.9977909,+16318466491,11727,350 Middle Country Rd,Coram,NY,"[{'@type': 'OpeningHoursSpecification', 'dayOfWeek': 'Sunday', 'opens': '6:30', 'closes': '15:38'}, {'@type': 'OpeningHoursSpecification', 'dayOfWeek': ['Monday', 'Tuesday', 'Wednesday', 'Thursday', 'Friday'], 'opens': '5:30', 'closes': '21:11'}, {'@type': 'OpeningHoursSpecification', 'dayOfWeek': 'Saturday', 'opens': '6:30', 'closes': '15:38'}]","{'@type': 'PostalAddress', 'addressLocality': 'Coram', 'addressRegion': 'NY', 'postalCode': '11727', 'addressCountry': 'US', 'streetAddress': '350 Middle Country Rd'}","{'@type': 'GeoCoordinates', 'latitude': 40.8701968, 'longitude': -72.9977909}","{'@type': 'AggregateRating', 'ratingValue': 4.4, 'reviewCount': '26'}"
Orto,https://www.ubereats.com/nyc-suburbs/food-delivery/orto/T-iEtCRgTpSuBeYaQrBz4w,shoreham-new-york,"['Italian', 'Pasta', 'Comfort Food']",4.8,73,$,40.957659,-73.0044367,+16314730014,11764,90 N Country Rd,Miller Place,NY,"[{'@type': 'OpeningHoursSpecification', 'dayOfWeek': 'Sunday', 'opens': '16:0', 'closes': '20:0'}, {'@type': 'OpeningHoursSpecification', 'dayOfWeek': ['Tuesday', 'Wednesday', 'Thursday', 'Friday', 'Saturday'], 'opens': '17:0', 'closes': '21:0'}]","{'@type': 'PostalAddress', 'addressLocality': 'Miller Place', 'addressRegion': 'NY', 'postalCode': '11764', 'addressCountry': 'US', 'streetAddress': '90 N Country Rd'}","{'@type': 'GeoCoordinates', 'latitude': 40.957659, 'longitude': -73.0044367}","{'@type': 'AggregateRating', 'ratingValue': 4.8, 'reviewCount': '73'}"
Athens Diner,https://www.ubereats.com/nyc-suburbs/food-delivery/athens-diner/NFsuqrbGRx-5zgsGPrNQbw,shoreham-new-york,"['Burgers', 'American', 'Sandwiches']",,,$,40.8840827,-72.94038139999999,+16317759888,11953,837 Middle Country Rd,Middle Island,NY,"[{'@type': 'OpeningHoursSpecification', 'dayOfWeek': 'Sunday', 'opens': '9:0', 'closes': '15:0'}, {'@type': 'OpeningHoursSpecification', 'dayOfWeek': 'Sunday', 'opens': '9:0', 'closes': '11:0'}, {'@type': 'OpeningHoursSpecification', 'dayOfWeek': ['Monday', 'Tuesday', 'Wednesday', 'Thursday', 'Friday', 'Saturday'], 'opens': '9:0', 'closes': '19:30'}, {'@type': 'OpeningHoursSpecification', 'dayOfWeek': ['Monday', 'Tuesday', 'Wednesday', 'Thursday', 'Friday', 'Saturday'], 'opens': '9:0', 'closes': '11:0'}]","{'@type': 'PostalAddress', 'addressLocality': 'Middle Island', 'addressRegion': 'NY', 'postalCode': '11953', 'addressCountry': 'US', 'streetAddress': '837 Middle Country Rd'}","{'@type': 'GeoCoordinates', 'latitude': 40.8840827, 'longitude': -72.94038139999999}",{}
Dunkin' (6346 Route 25a),https://www.ubereats.com/nyc-suburbs/food-delivery/dunkin-6346-route-25a/tq1ozTmcSJaKG_SN98vmbg,shoreham-new-york,"['Breakfast and Brunch', 'Donuts']",,,$,40.94383180000001,-72.8471101,+16319294787,11792,6346 Route 25a,Wading River,NY,"[{'@type': 'OpeningHoursSpecification', 'dayOfWeek': ['Monday', 'Tuesday', 'Wednesday', 'Thursday', 'Friday', 'Saturday', 'Sunday'], 'opens': '6:30', 'closes': '20:30'}]","{'@type': 'PostalAddress', 'addressLocality': 'Wading River', 'addressRegion': 'NY', 'postalCode': '11792', 'addressCountry': 'US', 'streetAddress': '6346 Route 25a'}","{'@type': 'GeoCoordinates', 'latitude': 40.94383180000001, 'longitude': -72.8471101}",{}
"216 Applebee's-Shirley (855 Montauk Highway, Bldg A)",https://www.ubereats.com/nyc-suburbs/food-delivery/216-applebees-shirley-855-montauk-highway-bldg-a/wrhQuvctTsiyVjs2vYzzEA,shoreham-new-york,"['American', 'Burgers', 'Salads', 'Family Meals']",4.2,273,$$,40.802397,-72.86623,+16313997220,11967,855 Montauk Hwy,Shirley,New York,"[{'@type': 'OpeningHoursSpecification', 'dayOfWeek': ['Sunday', 'Monday', 'Tuesday', 'Wednesday', 'Thursday'], 'opens': '11:0', 'closes': '23:29'}, {'@type': 'OpeningHoursSpecification', 'dayOfWeek': ['Friday', 'Saturday'], 'opens': '11:0', 'closes': '0:30'}]","{'@type': 'PostalAddress', 'addressLocality': 'Shirley', 'addressRegion': 'New York', 'postalCode': '11967', 'addressCountry': 'US', 'streetAddress': '855 Montauk Hwy'}","{'@type': 'GeoCoordinates', 'latitude': 40.802397, 'longitude': -72.86623}","{'@type': 'AggregateRating', 'ratingValue': 4.2, 'reviewCount': '273'}"
Mediterranean Kitchen (Mastic),https://www.ubereats.com/nyc-suburbs/food-delivery/mediterranean-kitchen-mastic/dYJAuV_eS9uw1s4DXi5vsA,shoreham-new-york,"['Mediterranean', 'Greek', 'Vegetarian']",4.6,72,$,40.8037328,-72.85556340000001,+16313998833,11950,1171 Montauk Hwy.,Mastic,NY,"[{'@type': 'OpeningHoursSpecification', 'dayOfWeek': ['Monday', 'Tuesday', 'Wednesday', 'Thursday', 'Friday', 'Saturday', 'Sunday'], 'opens': '11:0', 'closes': '21:30'}]","{'@type': 'PostalAddress', 'addressLocality': 'Mastic', 'addressRegion': 'NY', 'postalCode': '11950', 'addressCountry': 'US', 'streetAddress': '1171 Montauk Hwy.'}","{'@type': 'GeoCoordinates', 'latitude': 40.8037328, 'longitude': -72.85556340000001}","{'@type': 'AggregateRating', 'ratingValue': 4.6, 'reviewCount': '72'}"
Brugmans Deli,https://www.ubereats.com/nyc-suburbs/food-delivery/brugmans-deli/7Z03prYsR9Orn-DbhtbL3A,shoreham-new-york,"['Deli', 'Sandwich', 'Salads', 'American']",4.3,35,$$,40.9458362,-72.9461737,+16317449196,11778,287 NY-25A,Rocky Point,NY,"[{'@type': 'OpeningHoursSpecification', 'dayOfWeek': ['Monday', 'Tuesday', 'Wednesday', 'Thursday', 'Friday', 'Saturday', 'Sunday'], 'opens': '6:30', 'closes': '15:30'}]","{'@type': 'PostalAddress', 'addressLocality': 'Rocky Point', 'addressRegion': 'NY', 'postalCode': '11778', 'addressCountry': 'US', 'streetAddress': '287 NY-25A'}","{'@type': 'GeoCoordinates', 'latitude': 40.9458362, 'longitude': -72.9461737}","{'@type': 'AggregateRating', 'ratingValue': 4.3, 'reviewCount': '35'}"
Savino’s Hideaway ,https://www.ubereats.com/nyc-suburbs/food-delivery/savinos-hideaway/ubwySdGSR0GnDY0jZM-Lhg,shoreham-new-york,"['Italian', 'Salads', 'Pasta']",4.4,26,$$,40.9530687,-73.01502239999999,+16319286510,11766,258 N Country Rd,Mount Sinai,NY,"[{'@type': 'OpeningHoursSpecification', 'dayOfWeek': 'Sunday', 'opens': '15:0', 'closes': '20:30'}, {'@type': 'OpeningHoursSpecification', 'dayOfWeek': ['Tuesday', 'Wednesday', 'Thursday', 'Friday', 'Saturday'], 'opens': '15:0', 'closes': '20:30'}]","{'@type': 'PostalAddress', 'addressLocality': 'Mount Sinai', 'addressRegion': 'NY', 'postalCode': '11766', 'addressCountry': 'US', 'streetAddress': '258 N Country Rd'}","{'@type': 'GeoCoordinates', 'latitude': 40.9530687, 'longitude': -73.01502239999999}","{'@type': 'AggregateRating', 'ratingValue': 4.4, 'reviewCount': '26'}"
"TGI Friday's (326 - Farmingville, NY)",https://www.ubereats.com/nyc-suburbs/food-delivery/tgi-fridays-326-farmingville-ny/xpIm9cqeQD6TVg-Qa2aeUw,shoreham-new-york,"['Burgers', 'Bar Food', 'American', 'Family Meals']",4.1,374,$$,40.828656,-73.021756,+16317363631,11738,2240 N Ocean Ave,Farmingville,NY,"[{'@type': 'OpeningHoursSpecification', 'dayOfWeek': ['Sunday', 'Monday', 'Tuesday', 'Wednesday', 'Thursday'], 'opens': '11:0', 'closes': '0:30'}, {'@type': 'OpeningHoursSpecification', 'dayOfWeek': ['Friday', 'Saturday'], 'opens': '11:0', 'closes': '1:30'}]","{'@type': 'PostalAddress', 'addressLocality': 'Farmingville', 'addressRegion': 'NY', 'postalCode': '11738', 'addressCountry': 'US', 'streetAddress': '2240 N Ocean Ave'}","{'@type': 'GeoCoordinates', 'latitude': 40.828656, 'longitude': -73.021756}","{'@type': 'AggregateRating', 'ratingValue': 4.1, 'reviewCount': '374'}"
4 U Convenience Deli,https://www.ubereats.com/nyc-suburbs/food-delivery/4-u-convenience-deli/sDblTRd2ScenoBEqVyeBaQ,shoreham-new-york,"['American', 'Sandwich', 'Salads']",,,$$,40.8246919,-72.9827102,+16318030155,,,,,"[{'@type': 'OpeningHoursSpecification', 'dayOfWeek': 'Sunday', 'opens': '7:30', 'closes': '18:30'}, {'@type': 'OpeningHoursSpecification', 'dayOfWeek': ['Monday', 'Tuesday', 'Wednesday', 'Thursday', 'Friday', 'Saturday'], 'opens': '6:30', 'closes': '19:0'}]",,"{'@type': 'GeoCoordinates', 'latitude': 40.8246919, 'longitude': -72.9827102}",{}
Taco Bell (551 William Floyd Parkway),https://www.ubereats.com/nyc-suburbs/food-delivery/taco-bell-551-william-floyd-parkway/psiMpNAeSVGiVmkGIov5SQ,shoreham-new-york,"['Burritos', 'Fast Food', 'Mexican']",4.0,500,$,40.8002164,-72.8661807,+16313953582,11967,551 William Floyd Parkway,Shirley,NY,"[{'@type': 'OpeningHoursSpecification', 'dayOfWeek': ['Sunday', 'Monday', 'Tuesday', 'Wednesday', 'Thursday'], 'opens': '14:0', 'closes': '17:0'}, {'@type': 'OpeningHoursSpecification', 'dayOfWeek': ['Sunday', 'Monday', 'Tuesday', 'Wednesday', 'Thursday'], 'opens': '10:0', 'closes': '3:0'}, {'@type': 'OpeningHoursSpecification', 'dayOfWeek': ['Sunday', 'Monday', 'Tuesday', 'Wednesday', 'Thursday'], 'opens': '8:0', 'closes': '10:30'}, {'@type': 'OpeningHoursSpecification', 'dayOfWeek': ['Friday', 'Saturday'], 'opens': '14:0', 'closes': '17:0'}, {'@type': 'OpeningHoursSpecification', 'dayOfWeek': ['Friday', 'Saturday'], 'opens': '8:0', 'closes': '10:30'}, {'@type': 'OpeningHoursSpecification', 'dayOfWeek': ['Friday', 'Saturday'], 'opens': '10:0', 'closes': '4:0'}]","{'@type': 'PostalAddress', 'addressLocality': 'Shirley', 'addressRegion': 'NY', 'postalCode': '11967', 'addressCountry': 'US', 'streetAddress': '551 William Floyd Parkway'}","{'@type': 'GeoCoordinates', 'latitude': 40.8002164, 'longitude': -72.8661807}","{'@type': 'AggregateRating', 'ratingValue': 4, 'reviewCount': '500'}"
Pizza Corner - Medford,https://www.ubereats.com/nyc-suburbs/food-delivery/pizza-corner-medford/aivWHotxQ4ik3mysuut6CA,shoreham-new-york,"['Pizza', 'Italian', 'Pasta']",4.2,65,$,40.8253371,-72.9933647,+16317581589,11763,2799 Rt 112,Medford,NY,"[{'@type': 'OpeningHoursSpecification', 'dayOfWeek': 'Sunday', 'opens': '11:30', 'closes': '21:0'}, {'@type': 'OpeningHoursSpecification', 'dayOfWeek': 'Sunday', 'opens': '11:0', 'closes': '21:30'}, {'@type': 'OpeningHoursSpecification', 'dayOfWeek': ['Monday', 'Tuesday', 'Wednesday', 'Thursday', 'Friday', 'Saturday'], 'opens': '11:0', 'closes': '21:45'}, {'@type': 'OpeningHoursSpecification', 'dayOfWeek': ['Monday', 'Tuesday', 'Wednesday', 'Thursday', 'Friday', 'Saturday'], 'opens': '11:0', 'closes': '21:30'}]","{'@type': 'PostalAddress', 'addressLocality': 'Medford', 'addressRegion': 'NY', 'postalCode': '11763', 'addressCountry': 'US', 'streetAddress': '2799 Rt 112'}","{'@type': 'GeoCoordinates', 'latitude': 40.8253371, 'longitude': -72.9933647}","{'@type': 'AggregateRating', 'ratingValue': 4.2, 'reviewCount': '65'}"
Got a Guy Eatery,https://www.ubereats.com/nyc-suburbs/food-delivery/got-a-guy-eatery/wxtBTM1DSZGdmngpu7Wwig,shoreham-new-york,"['Pizza', 'American', 'Italian']",4.5,11,$,40.9285329,-72.7814271,+16314682489,11933,4490 Middle Country Rd,Calverton,NY,"[{'@type': 'OpeningHoursSpecification', 'dayOfWeek': 'Sunday', 'opens': '12:0', 'closes': '18:0'}, {'@type': 'OpeningHoursSpecification', 'dayOfWeek': ['Tuesday', 'Wednesday', 'Thursday', 'Friday', 'Saturday'], 'opens': '12:0', 'closes': '20:0'}]","{'@type': 'PostalAddress', 'addressLocality': 'Calverton', 'addressRegion': 'NY', 'postalCode': '11933', 'addressCountry': 'US', 'streetAddress': '4490 Middle Country Rd'}","{'@type': 'GeoCoordinates', 'latitude': 40.9285329, 'longitude': -72.7814271}","{'@type': 'AggregateRating', 'ratingValue': 4.5, 'reviewCount': '11'}"
Friendly's (275 Route 25A),https://www.ubereats.com/nyc-suburbs/food-delivery/friendlys-275-route-25a/hmAlX5GSRrSg7yPzEdnsng,shoreham-new-york,"['American', 'Family Meals', 'Kids Friendly', 'Burgers', 'Ice Cream and Frozen Yogurt', 'Desserts']",4.6,229,$,40.9422207,-72.9915439,+16314732046,11764,275 NY-25A,Miller Place,New York,"[{'@type': 'OpeningHoursSpecification', 'dayOfWeek': ['Sunday', 'Monday', 'Tuesday', 'Wednesday', 'Thursday'], 'opens': '11:0', 'closes': '22:30'}, {'@type': 'OpeningHoursSpecification', 'dayOfWeek': ['Friday', 'Saturday'], 'opens': '11:0', 'closes': '23:29'}]","{'@type': 'PostalAddress', 'addressLocality': 'Miller Place', 'addressRegion': 'New York', 'postalCode': '11764', 'addressCountry': 'US', 'streetAddress': '275 NY-25A'}","{'@type': 'GeoCoordinates', 'latitude': 40.9422207, 'longitude': -72.9915439}","{'@type': 'AggregateRating', 'ratingValue': 4.6, 'reviewCount': '229'}"
BAGELS YOUR WAY (MEDFORD),https://www.ubereats.com/nyc-suburbs/food-delivery/bagels-your-way-medford/n6N52GjkSju_Egt5tPNm8A,shoreham-new-york,"['American', 'Cafe', 'Allergy Friendly']",4.6,500,$$,40.8255311,-72.99320469999999,+16317586467,11763,2799 NY-112,Medford,NY,"[{'@type': 'OpeningHoursSpecification', 'dayOfWeek': ['Monday', 'Tuesday', 'Wednesday', 'Thursday', 'Friday', 'Saturday', 'Sunday'], 'opens': '6:0', 'closes': '14:0'}]","{'@type': 'PostalAddress', 'addressLocality': 'Medford', 'addressRegion': 'NY', 'postalCode': '11763', 'addressCountry': 'US', 'streetAddress': '2799 NY-112'}","{'@type': 'GeoCoordinates', 'latitude': 40.8255311, 'longitude': -72.99320469999999}","{'@type': 'AggregateRating', 'ratingValue': 4.6, 'reviewCount': '500'}"
Taco Bell (Ridge),https://www.ubereats.com/nyc-suburbs/food-delivery/taco-bell-ridge/AKxvAf6LTh-EXFBf4uN6YA,shoreham-new-york,"['Burritos', 'Fast Food', 'Mexican']",4.1,268,$,40.8918319,-72.8997476,+16319246990,11961,1750 Middle Country Rd,Ridge,NY,"[{'@type': 'OpeningHoursSpecification', 'dayOfWeek': ['Sunday', 'Monday', 'Tuesday', 'Wednesday', 'Thursday'], 'opens': '8:0', 'closes': '0:30'}, {'@type': 'OpeningHoursSpecification', 'dayOfWeek': ['Sunday', 'Monday', 'Tuesday', 'Wednesday', 'Thursday'], 'opens': '8:0', 'closes': '10:30'}, {'@type': 'OpeningHoursSpecification', 'dayOfWeek': ['Sunday', 'Monday', 'Tuesday', 'Wednesday', 'Thursday'], 'opens': '14:0', 'closes': '17:0'}, {'@type': 'OpeningHoursSpecification', 'dayOfWeek': ['Friday', 'Saturday'], 'opens': '8:0', 'closes': '10:30'}, {'@type': 'OpeningHoursSpecification', 'dayOfWeek': ['Friday', 'Saturday'], 'opens': '14:0', 'closes': '17:0'}, {'@type': 'OpeningHoursSpecification', 'dayOfWeek': ['Friday', 'Saturday'], 'opens': '8:0', 'closes': '1:30'}]","{'@type': 'PostalAddress', 'addressLocality': 'Ridge', 'addressRegion': 'NY', 'postalCode': '11961', 'addressCountry': 'US', 'streetAddress': '1750 Middle Country Rd'}","{'@type': 'GeoCoordinates', 'latitude': 40.8918319, 'longitude': -72.8997476}","{'@type': 'AggregateRating', 'ratingValue': 4.1, 'reviewCount': '268'}"
McDonald's® (463 ST RT 25A NY),https://www.ubereats.com/nyc-suburbs/food-delivery/mcdonalds-463-st-rt-25a-ny/POavwT7AQd2NshMNed0mmg,shoreham-new-york,"['American', 'Burgers', 'Fast Food']",4.7,201,$,40.946359,-72.935074,+16317444740,11778,463 ST RT 25A,ROCKY POINT,NY,"[{'@type': 'OpeningHoursSpecification', 'dayOfWeek': 'Sunday', 'opens': '6:45', 'closes': '11:29'}, {'@type': 'OpeningHoursSpecification', 'dayOfWeek': 'Sunday', 'opens': '11:30', 'closes': '16:59'}, {'@type': 'OpeningHoursSpecification', 'dayOfWeek': 'Sunday', 'opens': '17:0', 'closes': '23:15'}, {'@type': 'OpeningHoursSpecification', 'dayOfWeek': ['Monday', 'Tuesday', 'Wednesday', 'Thursday'], 'opens': '6:45', 'closes': '10:29'}, {'@type': 'OpeningHoursSpecification', 'dayOfWeek': ['Monday', 'Tuesday', 'Wednesday', 'Thursday'], 'opens': '10:30', 'closes': '16:59'}, {'@type': 'OpeningHoursSpecification', 'dayOfWeek': ['Monday', 'Tuesday', 'Wednesday', 'Thursday'], 'opens': '17:0', 'closes': '23:15'}, {'@type': 'OpeningHoursSpecification', 'dayOfWeek': 'Friday', 'opens': '6:45', 'closes': '10:29'}, {'@type': 'OpeningHoursSpecification', 'dayOfWeek': 'Friday', 'opens': '10:30', 'closes': '16:59'}, {'@type': 'OpeningHoursSpecification', 'dayOfWeek': 'Friday', 'opens': '17:0', 'closes': '0:15'}, {'@type': 'OpeningHoursSpecification', 'dayOfWeek': 'Saturday', 'opens': '6:45', 'closes': '10:59'}, {'@type': 'OpeningHoursSpecification', 'dayOfWeek': 'Saturday', 'opens': '11:0', 'closes': '16:59'}, {'@type': 'OpeningHoursSpecification', 'dayOfWeek': 'Saturday', 'opens': '17:0', 'closes': '0:15'}]","{'@type': 'PostalAddress', 'addressLocality': 'ROCKY POINT', 'addressRegion': 'NY', 'postalCode': '11778', 'addressCountry': 'US', 'streetAddress': '463 ST RT 25A'}","{'@type': 'GeoCoordinates', 'latitude': 40.946359, 'longitude': -72.935074}","{'@type': 'AggregateRating', 'ratingValue': 4.7, 'reviewCount': '201'}"
Moe's Southwest Grill (66-98 Rocky Point Yaphin Road),https://www.ubereats.com/nyc-suburbs/food-delivery/moes-southwest-grill-66-98-rocky-point-yaphin-road/ZqwK6ueFSHWlI6SKQfEyFw,shoreham-new-york,"['Mexican', 'Fast Food', 'Family Meals']",4.5,109,$,40.9416121,-72.9406648,+16318499182,11778,66-98,Rocky Point,NY,"[{'@type': 'OpeningHoursSpecification', 'dayOfWeek': 'Sunday', 'opens': '11:0', 'closes': '21:0'}, {'@type': 'OpeningHoursSpecification', 'dayOfWeek': ['Monday', 'Tuesday', 'Wednesday', 'Thursday', 'Friday', 'Saturday'], 'opens': '11:0', 'closes': '21:45'}]","{'@type': 'PostalAddress', 'addressLocality': 'Rocky Point', 'addressRegion': 'NY', 'postalCode': '11778', 'addressCountry': 'US', 'streetAddress': '66-98'}","{'@type': 'GeoCoordinates', 'latitude': 40.9416121, 'longitude': -72.9406648}","{'@type': 'AggregateRating', 'ratingValue': 4.5, 'reviewCount': '109'}"
Town & Country Market - Miller Place,https://www.ubereats.com/nyc-suburbs/food-delivery/town-%26-country-market-miller-place/ZmraYYeMR8CygcOzZh_vJQ,shoreham-new-york,"['American', 'Sandwich', 'Deli']",4.5,108,$$,40.958338,-73.004384,+16314034383,11764,85 N Country Rd,Miller Place,New York,"[{'@type': 'OpeningHoursSpecification', 'dayOfWeek': 'Sunday', 'opens': '8:0', 'closes': '17:0'}, {'@type': 'OpeningHoursSpecification', 'dayOfWeek': 'Sunday', 'opens': '8:0', 'closes': '16:0'}, {'@type': 'OpeningHoursSpecification', 'dayOfWeek': ['Monday', 'Tuesday', 'Wednesday', 'Thursday', 'Friday', 'Saturday'], 'opens': '8:0', 'closes': '17:0'}]","{'@type': 'PostalAddress', 'addressLocality': 'Miller Place', 'addressRegion': 'New York', 'postalCode': '11764', 'addressCountry': 'US', 'streetAddress': '85 N Country Rd'}","{'@type': 'GeoCoordinates', 'latitude': 40.958338, 'longitude': -73.004384}","{'@type': 'AggregateRating', 'ratingValue': 4.5, 'reviewCount': '108'}"
Rocco's Amici Express Pizzeria,https://www.ubereats.com/nyc-suburbs/food-delivery/roccos-amici-express-pizzeria/V0S25M-4RhOHYGV1jeKpCQ,shoreham-new-york,"['Italian', 'Pizza', 'Salads', 'Sandwich']",4.5,149,$$,40.940128,-73.000447,+16319280100,11766,1028 Rt 25A,Mount Sinai,NY,"[{'@type': 'OpeningHoursSpecification', 'dayOfWeek': 'Sunday', 'opens': '12:0', 'closes': '21:0'}, {'@type': 'OpeningHoursSpecification', 'dayOfWeek': ['Monday', 'Tuesday', 'Wednesday', 'Thursday'], 'opens': '11:0', 'closes': '21:0'}, {'@type': 'OpeningHoursSpecification', 'dayOfWeek': ['Monday', 'Tuesday', 'Wednesday', 'Thursday'], 'opens': '11:0', 'closes': '15:0'}, {'@type': 'OpeningHoursSpecification', 'dayOfWeek': 'Friday', 'opens': '11:0', 'closes': '22:0'}, {'@type': 'OpeningHoursSpecification', 'dayOfWeek': 'Friday', 'opens': '11:0', 'closes': '15:0'}, {'@type': 'OpeningHoursSpecification', 'dayOfWeek': 'Saturday', 'opens': '11:0', 'closes': '22:0'}]","{'@type': 'PostalAddress', 'addressLocality': 'Mount Sinai', 'addressRegion': 'NY', 'postalCode': '11766', 'addressCountry': 'US', 'streetAddress': '1028 Rt 25A'}","{'@type': 'GeoCoordinates', 'latitude': 40.940128, 'longitude': -73.000447}","{'@type': 'AggregateRating', 'ratingValue': 4.5, 'reviewCount': '149'}"
McDonald's® (340 RT 25A),https://www.ubereats.com/nyc-suburbs/food-delivery/mcdonalds-340-rt-25a/L2QwvBrUSGeAGR4yeUKvKQ,shoreham-new-york,"['American', 'Burgers', 'Fast Food']",4.2,69,$,40.941129,-72.988822,+16313313180,11764,340 RT 25A,MILLER PLACE,NY,"[{'@type': 'OpeningHoursSpecification', 'dayOfWeek': 'Sunday', 'opens': '6:45', 'closes': '11:29'}, {'@type': 'OpeningHoursSpecification', 'dayOfWeek': 'Sunday', 'opens': '11:30', 'closes': '16:59'}, {'@type': 'OpeningHoursSpecification', 'dayOfWeek': 'Sunday', 'opens': '17:0', 'closes': '23:15'}, {'@type': 'OpeningHoursSpecification', 'dayOfWeek': ['Monday', 'Tuesday', 'Wednesday', 'Thursday', 'Friday'], 'opens': '6:45', 'closes': '10:29'}, {'@type': 'OpeningHoursSpecification', 'dayOfWeek': ['Monday', 'Tuesday', 'Wednesday', 'Thursday', 'Friday'], 'opens': '10:30', 'closes': '16:59'}, {'@type': 'OpeningHoursSpecification', 'dayOfWeek': ['Monday', 'Tuesday', 'Wednesday', 'Thursday', 'Friday'], 'opens': '17:0', 'closes': '23:15'}, {'@type': 'OpeningHoursSpecification', 'dayOfWeek': 'Saturday', 'opens': '6:45', 'closes': '10:59'}, {'@type': 'OpeningHoursSpecification', 'dayOfWeek': 'Saturday', 'opens': '11:0', 'closes': '16:59'}, {'@type': 'OpeningHoursSpecification', 'dayOfWeek': 'Saturday', 'opens': '17:0', 'closes': '23:15'}]","{'@type': 'PostalAddress', 'addressLocality': 'MILLER PLACE', 'addressRegion': 'NY', 'postalCode': '11764', 'addressCountry': 'US', 'streetAddress': '340 RT 25A'}","{'@type': 'GeoCoordinates', 'latitude': 40.941129, 'longitude': -72.988822}","{'@type': 'AggregateRating', 'ratingValue': 4.2, 'reviewCount': '69'}"
Taino's cafe & lounge,https://www.ubereats.com/nyc-suburbs/food-delivery/tainos-cafe-%26-lounge/AJxKz-lxTfqwNoYqKKH2Ag,shoreham-new-york,"['Seafood', 'Salads', 'Pasta']",4.7,87,$$$,40.874015,-72.978858,+16318461649,11727,24 Middle Country Rd,Coram,NY,"[{'@type': 'OpeningHoursSpecification', 'dayOfWeek': 'Sunday', 'opens': '12:0', 'closes': '22:0'}, {'@type': 'OpeningHoursSpecification', 'dayOfWeek': ['Monday', 'Tuesday', 'Wednesday', 'Thursday'], 'opens': '16:0', 'closes': '22:0'}, {'@type': 'OpeningHoursSpecification', 'dayOfWeek': 'Friday', 'opens': '16:0', 'closes': '0:0'}, {'@type': 'OpeningHoursSpecification', 'dayOfWeek': 'Saturday', 'opens': '12:0', 'closes': '0:0'}]","{'@type': 'PostalAddress', 'addressLocality': 'Coram', 'addressRegion': 'NY', 'postalCode': '11727', 'addressCountry': 'US', 'streetAddress': '24 Middle Country Rd'}","{'@type': 'GeoCoordinates', 'latitude': 40.874015, 'longitude': -72.978858}","{'@type': 'AggregateRating', 'ratingValue': 4.7, 'reviewCount': '87'}"
Buffalo Wild Wings (1761 Old Country Rd.),https://www.ubereats.com/nyc-suburbs/food-delivery/buffalo-wild-wings-1761-old-country-rd/2vRau6uOThi96LH9-wJx1A,shoreham-new-york,"['wings', 'Comfort Food', 'Chicken']",4.0,55,$$,40.9231043,-72.7012646,+16313699464,11901,1761 Old Country Rd.,Riverhead,NY,"[{'@type': 'OpeningHoursSpecification', 'dayOfWeek': ['Monday', 'Tuesday', 'Wednesday', 'Thursday', 'Friday', 'Saturday', 'Sunday'], 'opens': '11:0', 'closes': '21:0'}]","{'@type': 'PostalAddress', 'addressLocality': 'Riverhead', 'addressRegion': 'NY', 'postalCode': '11901', 'addressCountry': 'US', 'streetAddress': '1761 Old Country Rd.'}","{'@type': 'GeoCoordinates', 'latitude': 40.9231043, 'longitude': -72.7012646}","{'@type': 'AggregateRating', 'ratingValue': 4, 'reviewCount': '55'}"
Alfredo's Pizzeria & Restaurant,https://www.ubereats.com/nyc-suburbs/food-delivery/alfredos-pizzeria-%26-restaurant/PWy4cTZfQtSu0vp-67TrhQ,shoreham-new-york,"['Italian', 'Pasta', 'Comfort Food']",4.5,98,$,40.89380999999999,-72.8970764,+16319247713,11961,1679 Middle Country Rd,Ridge,NY,"[{'@type': 'OpeningHoursSpecification', 'dayOfWeek': ['Sunday', 'Monday'], 'opens': '10:0', 'closes': '22:0'}, {'@type': 'OpeningHoursSpecification', 'dayOfWeek': 'Tuesday', 'opens': '11:0', 'closes': '22:0'}, {'@type': 'OpeningHoursSpecification', 'dayOfWeek': ['Wednesday', 'Thursday', 'Friday', 'Saturday'], 'opens': '10:0', 'closes': '22:0'}]","{'@type': 'PostalAddress', 'addressLocality': 'Ridge', 'addressRegion': 'NY', 'postalCode': '11961', 'addressCountry': 'US', 'streetAddress': '1679 Middle Country Rd'}","{'@type': 'GeoCoordinates', 'latitude': 40.89380999999999, 'longitude': -72.8970764}","{'@type': 'AggregateRating', 'ratingValue': 4.5, 'reviewCount': '98'}"
Burrito Palace and Grill - Miller Place,https://www.ubereats.com/nyc-suburbs/food-delivery/burrito-palace-and-grill-miller-place/JiZhxzW7R_yq5o-OrX72dQ,shoreham-new-york,"['Mexican', 'Spanish', 'Halal']",4.7,83,$,40.9428,-72.9897,+16315090049,11764,333 NY-25A,Miller Place,NY,"[{'@type': 'OpeningHoursSpecification', 'dayOfWeek': ['Monday', 'Tuesday', 'Wednesday', 'Thursday', 'Friday', 'Saturday', 'Sunday'], 'opens': '11:0', 'closes': '20:50'}]","{'@type': 'PostalAddress', 'addressLocality': 'Miller Place', 'addressRegion': 'NY', 'postalCode': '11764', 'addressCountry': 'US', 'streetAddress': '333 NY-25A'}","{'@type': 'GeoCoordinates', 'latitude': 40.9428, 'longitude': -72.9897}","{'@type': 'AggregateRating', 'ratingValue': 4.7, 'reviewCount': '83'}"
Golden Jalapeños,https://www.ubereats.com/nyc-suburbs/food-delivery/golden-jalapenos/iTiVIuW-ReiE2eOkcA-QTA,shoreham-new-york,"['Mexican', 'Latin American', 'New Mexican']",3.7,10,$,40.8838009,-72.9405309,+16315046667,11953,833 Middle Country Rd,Middle Island,NY,"[{'@type': 'OpeningHoursSpecification', 'dayOfWeek': ['Monday', 'Tuesday', 'Wednesday', 'Thursday', 'Friday', 'Saturday', 'Sunday'], 'opens': '10:0', 'closes': '21:0'}]","{'@type': 'PostalAddress', 'addressLocality': 'Middle Island', 'addressRegion': 'NY', 'postalCode': '11953', 'addressCountry': 'US', 'streetAddress': '833 Middle Country Rd'}","{'@type': 'GeoCoordinates', 'latitude': 40.8838009, 'longitude': -72.9405309}","{'@type': 'AggregateRating', 'ratingValue': 3.7, 'reviewCount': '10'}"
"Go Burger - Mount Sinai, NY",https://www.ubereats.com/nyc-suburbs/food-delivery/go-burger-mount-sinai-ny/DKy_KnVHRtqW7BWmNTrSIQ,shoreham-new-york,"['Burgers', 'Sandwich', 'Desserts', 'Salads']",4.6,191,$$,40.933369,-73.03085,+16314323331,11766,271 NY-25A,Mount Sinai,New York,"[{'@type': 'OpeningHoursSpecification', 'dayOfWeek': 'Sunday', 'opens': '11:0', 'closes': '20:45'}, {'@type': 'OpeningHoursSpecification', 'dayOfWeek': ['Monday', 'Tuesday', 'Wednesday', 'Thursday', 'Friday', 'Saturday'], 'opens': '11:0', 'closes': '21:45'}]","{'@type': 'PostalAddress', 'addressLocality': 'Mount Sinai', 'addressRegion': 'New York', 'postalCode': '11766', 'addressCountry': 'US', 'streetAddress': '271 NY-25A'}","{'@type': 'GeoCoordinates', 'latitude': 40.933369, 'longitude': -73.03085}","{'@type': 'AggregateRating', 'ratingValue': 4.6, 'reviewCount': '191'}"
Friendly's (700-80 Rte 101),https://www.ubereats.com/nyc-suburbs/food-delivery/friendlys-700-80-rte-101/4IlxFoAlTbefzgCTQLVfZA,shoreham-new-york,"['Desserts', 'Ice Cream and Frozen Yogurt', 'Burgers', 'American', 'Family Meals', 'Kids Friendly']",4.3,370,$,40.80742236183834,-72.95488677297551,+16314487722,,,,,"[{'@type': 'OpeningHoursSpecification', 'dayOfWeek': ['Sunday', 'Monday', 'Tuesday', 'Wednesday', 'Thursday'], 'opens': '11:0', 'closes': '22:30'}, {'@type': 'OpeningHoursSpecification', 'dayOfWeek': ['Friday', 'Saturday'], 'opens': '11:0', 'closes': '23:29'}]",,"{'@type': 'GeoCoordinates', 'latitude': 40.80742236183834, 'longitude': -72.95488677297551}","{'@type': 'AggregateRating', 'ratingValue': 4.3, 'reviewCount': '370'}"
Popei's - Coram,https://www.ubereats.com/nyc-suburbs/food-delivery/popeis-coram/6xfTeOjJRZ-12wzHzmcIzw,shoreham-new-york,"['Seafood', 'Salads', 'Burgers', 'Steak', 'Convenience', 'Grocery']",4.5,203,$$,40.869101,-73.008288,+16316964029,11727,451 Middle Country Rd,Coram,New York,"[{'@type': 'OpeningHoursSpecification', 'dayOfWeek': 'Sunday', 'opens': '12:15', 'closes': '21:54'}, {'@type': 'OpeningHoursSpecification', 'dayOfWeek': 'Sunday', 'opens': '12:0', 'closes': '21:30'}, {'@type': 'OpeningHoursSpecification', 'dayOfWeek': ['Monday', 'Tuesday', 'Wednesday', 'Thursday'], 'opens': '11:15', 'closes': '21:55'}, {'@type': 'OpeningHoursSpecification', 'dayOfWeek': ['Monday', 'Tuesday', 'Wednesday', 'Thursday'], 'opens': '11:0', 'closes': '22:30'}, {'@type': 'OpeningHoursSpecification', 'dayOfWeek': ['Friday', 'Saturday'], 'opens': '11:15', 'closes': '23:55'}, {'@type': 'OpeningHoursSpecification', 'dayOfWeek': ['Friday', 'Saturday'], 'opens': '11:0', 'closes': '22:30'}]","{'@type': 'PostalAddress', 'addressLocality': 'Coram', 'addressRegion': 'New York', 'postalCode': '11727', 'addressCountry': 'US', 'streetAddress': '451 Middle Country Rd'}","{'@type': 'GeoCoordinates', 'latitude': 40.869101, 'longitude': -73.008288}","{'@type': 'AggregateRating', 'ratingValue': 4.5, 'reviewCount': '203'}"
Mt Sinai Bagel Cafe,https://www.ubereats.com/nyc-suburbs/food-delivery/mt-sinai-bagel-cafe/HyyYhpq_QOiQJBs9kRI2LA,shoreham-new-york,"['Cafe', 'American', 'Breakfast and Brunch']",,,$$,40.93047589999999,-73.03363379999999,+16314034249,,,,,"[{'@type': 'OpeningHoursSpecification', 'dayOfWeek': ['Monday', 'Tuesday', 'Wednesday', 'Thursday', 'Friday', 'Saturday', 'Sunday'], 'opens': '6:0', 'closes': '17:0'}, {'@type': 'OpeningHoursSpecification', 'dayOfWeek': ['Monday', 'Tuesday', 'Wednesday', 'Thursday', 'Friday', 'Saturday', 'Sunday'], 'opens': '6:0', 'closes': '17:0'}]",,"{'@type': 'GeoCoordinates', 'latitude': 40.93047589999999, 'longitude': -73.03363379999999}",{}
Rocky Point Ale House,https://www.ubereats.com/nyc-suburbs/food-delivery/rocky-point-ale-house/eIKf0xKIQv6ESKylmAKfxA,shoreham-new-york,"['American', 'Bar Food']",,,$$,40.948781,-72.924048,+16318495800,11778,42 Broadway,Rocky Point,NY,"[{'@type': 'OpeningHoursSpecification', 'dayOfWeek': ['Monday', 'Tuesday', 'Wednesday', 'Thursday', 'Friday', 'Saturday', 'Sunday'], 'opens': '11:30', 'closes': '23:0'}]","{'@type': 'PostalAddress', 'addressLocality': 'Rocky Point', 'addressRegion': 'NY', 'postalCode': '11778', 'addressCountry': 'US', 'streetAddress': '42 Broadway'}","{'@type': 'GeoCoordinates', 'latitude': 40.948781, 'longitude': -72.924048}",{}
Golden Jalapeños Cafe,https://www.ubereats.com/nyc-suburbs/food-delivery/golden-jalapenos-cafe/1KZ7Pmb5SeCP4rSWKOcEtQ,shoreham-new-york,"['Mexican', 'Latin American', 'New Mexican']",4.5,120,$,40.9285099,-72.78134419999999,+16317409500,11933,4486 Middle Country Rd,Calverton,NY,"[{'@type': 'OpeningHoursSpecification', 'dayOfWeek': 'Sunday', 'opens': '11:0', 'closes': '20:0'}, {'@type': 'OpeningHoursSpecification', 'dayOfWeek': ['Monday', 'Tuesday', 'Wednesday', 'Thursday', 'Friday', 'Saturday'], 'opens': '10:0', 'closes': '21:0'}]","{'@type': 'PostalAddress', 'addressLocality': 'Calverton', 'addressRegion': 'NY', 'postalCode': '11933', 'addressCountry': 'US', 'streetAddress': '4486 Middle Country Rd'}","{'@type': 'GeoCoordinates', 'latitude': 40.9285099, 'longitude': -72.78134419999999}","{'@type': 'AggregateRating', 'ratingValue': 4.5, 'reviewCount': '120'}"
Recipe seven cocktails and kitchen,https://www.ubereats.com/nyc-suburbs/food-delivery/recipe-seven-cocktails-and-kitchen/oy1S98YaTri_u2f3QkaPaA,shoreham-new-york,"['Burgers', 'American', 'Sandwiches', 'Salads']",4.8,112,$,40.9422207,-72.9915439,+16313315454,,,,,"[{'@type': 'OpeningHoursSpecification', 'dayOfWeek': ['Monday', 'Tuesday', 'Wednesday', 'Thursday', 'Friday', 'Saturday', 'Sunday'], 'opens': '0:0', 'closes': '23:0'}]",,"{'@type': 'GeoCoordinates', 'latitude': 40.9422207, 'longitude': -72.9915439}","{'@type': 'AggregateRating', 'ratingValue': 4.8, 'reviewCount': '112'}"
112 tequila Restaurant,https://www.ubereats.com/nyc-suburbs/food-delivery/112-tequila-restaurant/vIkJUOWfSQOg8g089YU1QA,shoreham-new-york,"['Kosher', 'Healthy', 'American']",,,$,40.8826559,-73.0116092,+16316985400,11727,1970 NY-112,Coram,NY,"[{'@type': 'OpeningHoursSpecification', 'dayOfWeek': 'Sunday', 'opens': '8:0', 'closes': '21:0'}, {'@type': 'OpeningHoursSpecification', 'dayOfWeek': 'Sunday', 'opens': '8:0', 'closes': '21:0'}, {'@type': 'OpeningHoursSpecification', 'dayOfWeek': ['Monday', 'Tuesday', 'Wednesday', 'Thursday', 'Friday', 'Saturday'], 'opens': '6:0', 'closes': '21:0'}, {'@type': 'OpeningHoursSpecification', 'dayOfWeek': ['Monday', 'Tuesday', 'Wednesday', 'Thursday', 'Friday', 'Saturday'], 'opens': '6:0', 'closes': '21:0'}]","{'@type': 'PostalAddress', 'addressLocality': 'Coram', 'addressRegion': 'NY', 'postalCode': '11727', 'addressCountry': 'US', 'streetAddress': '1970 NY-112'}","{'@type': 'GeoCoordinates', 'latitude': 40.8826559, 'longitude': -73.0116092}",{}
Carvel (51 Route 25-A),https://www.ubereats.com/nyc-suburbs/food-delivery/carvel-51-route-25-a/p9I5HLsNSjmZVUnwgiz2Jg,shoreham-new-york,"['Ice Cream and Frozen Yogurt', 'Desserts', 'Cupcakes']",4.7,43,$,40.9456977,-72.96065879999999,+16317441554,11778,51 Route 25-A,Rocky Point,NY,"[{'@type': 'OpeningHoursSpecification', 'dayOfWeek': ['Monday', 'Tuesday', 'Wednesday', 'Thursday', 'Friday', 'Saturday', 'Sunday'], 'opens': '11:0', 'closes': '21:0'}]","{'@type': 'PostalAddress', 'addressLocality': 'Rocky Point', 'addressRegion': 'NY', 'postalCode': '11778', 'addressCountry': 'US', 'streetAddress': '51 Route 25-A'}","{'@type': 'GeoCoordinates', 'latitude': 40.9456977, 'longitude': -72.96065879999999}","{'@type': 'AggregateRating', 'ratingValue': 4.7, 'reviewCount': '43'}"
Wasabi Japanese Steakhouse,https://www.ubereats.com/nyc-suburbs/food-delivery/wasabi-japanese-steakhouse/ksz-gxuHQNCSGNxahGuEiw,shoreham-new-york,"['Asian: Other', 'Hawaiian', 'Seafood']",4.6,193,$$,40.9439541,-72.9750755,+16318496988,,,,,"[{'@type': 'OpeningHoursSpecification', 'dayOfWeek': ['Monday', 'Tuesday', 'Wednesday', 'Thursday', 'Friday', 'Saturday', 'Sunday'], 'opens': '12:0', 'closes': '20:45'}, {'@type': 'OpeningHoursSpecification', 'dayOfWeek': ['Monday', 'Tuesday', 'Wednesday', 'Thursday', 'Friday', 'Saturday', 'Sunday'], 'opens': '12:15', 'closes': '20:15'}]",,"{'@type': 'GeoCoordinates', 'latitude': 40.9439541, 'longitude': -72.9750755}","{'@type': 'AggregateRating', 'ratingValue': 4.6, 'reviewCount': '193'}"
Pelligrino Pizza,https://www.ubereats.com/nyc-suburbs/food-delivery/pelligrino-pizza/lIqxKtoBSVSKnwCvgJLNGA,shoreham-new-york,"['Pizza', 'American', 'Italian']",4.5,26,$,40.9465238,-72.896464,+16317443344,,,,,"[{'@type': 'OpeningHoursSpecification', 'dayOfWeek': 'Sunday', 'opens': '12:0', 'closes': '19:30'}, {'@type': 'OpeningHoursSpecification', 'dayOfWeek': 'Sunday', 'opens': '12:0', 'closes': '19:30'}, {'@type': 'OpeningHoursSpecification', 'dayOfWeek': ['Monday', 'Tuesday', 'Wednesday', 'Thursday'], 'opens': '11:0', 'closes': '20:0'}, {'@type': 'OpeningHoursSpecification', 'dayOfWeek': ['Monday', 'Tuesday', 'Wednesday', 'Thursday'], 'opens': '11:0', 'closes': '19:30'}, {'@type': 'OpeningHoursSpecification', 'dayOfWeek': ['Friday', 'Saturday'], 'opens': '11:0', 'closes': '20:0'}, {'@type': 'OpeningHoursSpecification', 'dayOfWeek': ['Friday', 'Saturday'], 'opens': '11:0', 'closes': '20:0'}]",,"{'@type': 'GeoCoordinates', 'latitude': 40.9465238, 'longitude': -72.896464}","{'@type': 'AggregateRating', 'ratingValue': 4.5, 'reviewCount': '26'}"
Uncle Giuseppe's Marketplace (Port Jefferson),https://www.ubereats.com/nyc-suburbs/food-delivery/uncle-giuseppes-marketplace-port-jefferson/SNkHUwzuTnOan0LtG7vgfA,shoreham-new-york,['Pizza'],4.6,50,$,40.918733,-73.041053,+16313311706,11776,1108 NY-112,Port Jefferson Station,New York,"[{'@type': 'OpeningHoursSpecification', 'dayOfWeek': ['Monday', 'Tuesday', 'Wednesday', 'Thursday', 'Friday', 'Saturday', 'Sunday'], 'opens': '11:0', 'closes': '19:30'}]","{'@type': 'PostalAddress', 'addressLocality': 'Port Jefferson Station', 'addressRegion': 'New York', 'postalCode': '11776', 'addressCountry': 'US', 'streetAddress': '1108 NY-112'}","{'@type': 'GeoCoordinates', 'latitude': 40.918733, 'longitude': -73.041053}","{'@type': 'AggregateRating', 'ratingValue': 4.6, 'reviewCount': '50'}"
Subway (1187 Middle Country Rd),https://www.ubereats.com/nyc-suburbs/food-delivery/subway-1187-middle-country-rd/CX7YkFTWS2ycMxuNryS2fA,shoreham-new-york,"['Fast Food', 'Sandwich', 'American']",4.3,33,$,40.88772480000001,-72.92423769999999,+16319246789,11953,1187 Middle Country Rd,Middle Island,NY,"[{'@type': 'OpeningHoursSpecification', 'dayOfWeek': ['Monday', 'Tuesday', 'Wednesday', 'Thursday', 'Friday', 'Saturday', 'Sunday'], 'opens': '10:0', 'closes': '19:30'}]","{'@type': 'PostalAddress', 'addressLocality': 'Middle Island', 'addressRegion': 'NY', 'postalCode': '11953', 'addressCountry': 'US', 'streetAddress': '1187 Middle Country Rd'}","{'@type': 'GeoCoordinates', 'latitude': 40.88772480000001, 'longitude': -72.92423769999999}","{'@type': 'AggregateRating', 'ratingValue': 4.3, 'reviewCount': '33'}"
PJ Sushi Teriyaki,https://www.ubereats.com/nyc-suburbs/food-delivery/pj-sushi-teriyaki/R0hywut8RKW6IQ7VtVpauw,shoreham-new-york,"['Rolls', 'Sushi', 'Wings', 'Korean', 'Rice-bowls']",4.4,378,$,40.919467,-73.0546364,+16315096088,11776,4950 Nesconset Hwy,Port Jefferson Station,NY,"[{'@type': 'OpeningHoursSpecification', 'dayOfWeek': 'Sunday', 'opens': '12:0', 'closes': '20:30'}, {'@type': 'OpeningHoursSpecification', 'dayOfWeek': ['Monday', 'Tuesday', 'Wednesday', 'Thursday'], 'opens': '11:0', 'closes': '21:0'}, {'@type': 'OpeningHoursSpecification', 'dayOfWeek': 'Friday', 'opens': '11:0', 'closes': '21:30'}, {'@type': 'OpeningHoursSpecification', 'dayOfWeek': 'Saturday', 'opens': '11:0', 'closes': '21:45'}]","{'@type': 'PostalAddress', 'addressLocality': 'Port Jefferson Station', 'addressRegion': 'NY', 'postalCode': '11776', 'addressCountry': 'US', 'streetAddress': '4950 Nesconset Hwy'}","{'@type': 'GeoCoordinates', 'latitude': 40.919467, 'longitude': -73.0546364}","{'@type': 'AggregateRating', 'ratingValue': 4.4, 'reviewCount': '378'}"
Subway (346 Route 25A),https://www.ubereats.com/nyc-suburbs/food-delivery/subway-346-route-25a/OOF_lmXqQEa4saux5hGrbQ,shoreham-new-york,"['Fast Food', 'Sandwich', 'American']",4.5,23,$,40.9428591,-72.94297859999999,+16312099264,,,,,"[{'@type': 'OpeningHoursSpecification', 'dayOfWeek': ['Monday', 'Tuesday', 'Wednesday', 'Thursday', 'Friday', 'Saturday', 'Sunday'], 'opens': '10:0', 'closes': '19:30'}]",,"{'@type': 'GeoCoordinates', 'latitude': 40.9428591, 'longitude': -72.94297859999999}","{'@type': 'AggregateRating', 'ratingValue': 4.5, 'reviewCount': '23'}"
Starbucks (Miller Place),https://www.ubereats.com/nyc-suburbs/food-delivery/starbucks-miller-place/ntf6Mf4VQ_-_fcM_iNfC9g,shoreham-new-york,"['Bakery', 'Breakfast and Brunch', 'Cafe', 'Coffee & Tea']",4.6,233,$,40.943028,-72.9867544,+16313310405,11764,385 ROUTE 25A,Miller Place,NY,"[{'@type': 'OpeningHoursSpecification', 'dayOfWeek': 'Sunday', 'opens': '5:30', 'closes': '20:0'}, {'@type': 'OpeningHoursSpecification', 'dayOfWeek': ['Monday', 'Tuesday', 'Wednesday', 'Thursday', 'Friday', 'Saturday'], 'opens': '5:0', 'closes': '20:0'}]","{'@type': 'PostalAddress', 'addressLocality': 'Miller Place', 'addressRegion': 'NY', 'postalCode': '11764', 'addressCountry': 'US', 'streetAddress': '385 ROUTE 25A'}","{'@type': 'GeoCoordinates', 'latitude': 40.943028, 'longitude': -72.9867544}","{'@type': 'AggregateRating', 'ratingValue': 4.6, 'reviewCount': '233'}"
Oishii Asian fusion,https://www.ubereats.com/nyc-suburbs/food-delivery/oishii-asian-fusion/QCTqw_PWRGi9XuWgb5VfCQ,shoreham-new-york,"['American', 'Burgers', 'Sandwiches']",,,$,40.9460142,-72.93862829999999,+16318212121,11778,"B, 415 NY-25A",Rocky Point,NY,"[{'@type': 'OpeningHoursSpecification', 'dayOfWeek': ['Sunday', 'Monday', 'Tuesday', 'Wednesday', 'Thursday'], 'opens': '11:30', 'closes': '21:30'}, {'@type': 'OpeningHoursSpecification', 'dayOfWeek': ['Friday', 'Saturday'], 'opens': '11:30', 'closes': '22:30'}]","{'@type': 'PostalAddress', 'addressLocality': 'Rocky Point', 'addressRegion': 'NY', 'postalCode': '11778', 'addressCountry': 'US', 'streetAddress': 'B, 415 NY-25A'}","{'@type': 'GeoCoordinates', 'latitude': 40.9460142, 'longitude': -72.93862829999999}",{}
Middle island pizza,https://www.ubereats.com/nyc-suburbs/food-delivery/middle-island-pizza/nUPVH3aITbunzi_F7TqsDg,shoreham-new-york,"['Pizza', 'Pasta', 'Seafood']",4.8,24,$,40.8808727,-72.9521929,+16319240091,11953,586 Middle Country Rd,Middle Island,NY,"[{'@type': 'OpeningHoursSpecification', 'dayOfWeek': ['Monday', 'Tuesday', 'Wednesday', 'Thursday', 'Friday', 'Saturday', 'Sunday'], 'opens': '11:0', 'closes': '22:0'}]","{'@type': 'PostalAddress', 'addressLocality': 'Middle Island', 'addressRegion': 'NY', 'postalCode': '11953', 'addressCountry': 'US', 'streetAddress': '586 Middle Country Rd'}","{'@type': 'GeoCoordinates', 'latitude': 40.8808727, 'longitude': -72.9521929}","{'@type': 'AggregateRating', 'ratingValue': 4.8, 'reviewCount': '24'}"
McDonald's® (1175 MIDDLE COUNTRY ROAD),https://www.ubereats.com/nyc-suburbs/food-delivery/mcdonalds-1175-middle-country-road/nyjrncfwREmjVwmKEA6aBw,shoreham-new-york,"['American', 'Burgers', 'Fast Food']",4.6,141,$,40.886559999999996,-72.923967,+16314488019,,,,,"[{'@type': 'OpeningHoursSpecification', 'dayOfWeek': 'Sunday', 'opens': '6:45', 'closes': '11:29'}, {'@type': 'OpeningHoursSpecification', 'dayOfWeek': 'Sunday', 'opens': '11:30', 'closes': '16:59'}, {'@type': 'OpeningHoursSpecification', 'dayOfWeek': 'Sunday', 'opens': '17:0', 'closes': '23:15'}, {'@type': 'OpeningHoursSpecification', 'dayOfWeek': ['Monday', 'Tuesday', 'Wednesday', 'Thursday', 'Friday'], 'opens': '6:45', 'closes': '10:29'}, {'@type': 'OpeningHoursSpecification', 'dayOfWeek': ['Monday', 'Tuesday', 'Wednesday', 'Thursday', 'Friday'], 'opens': '10:30', 'closes': '16:59'}, {'@type': 'OpeningHoursSpecification', 'dayOfWeek': ['Monday', 'Tuesday', 'Wednesday', 'Thursday', 'Friday'], 'opens': '17:0', 'closes': '23:15'}, {'@type': 'OpeningHoursSpecification', 'dayOfWeek': 'Saturday', 'opens': '6:45', 'closes': '10:59'}, {'@type': 'OpeningHoursSpecification', 'dayOfWeek': 'Saturday', 'opens': '11:0', 'closes': '16:59'}, {'@type': 'OpeningHoursSpecification', 'dayOfWeek': 'Saturday', 'opens': '17:0', 'closes': '23:15'}]",,"{'@type': 'GeoCoordinates', 'latitude': 40.886559999999996, 'longitude': -72.923967}","{'@type': 'AggregateRating', 'ratingValue': 4.6, 'reviewCount': '141'}"
Coram diner,https://www.ubereats.com/nyc-suburbs/food-delivery/coram-diner/JCJpkzIkT9O13EnOTaZynQ,shoreham-new-york,"['Other', 'Seafood', 'Chicken']",4.4,182,,40.8688931,-73.0030871,+16314510489,11727,383 Middle Country Rd,Coram,NY,"[{'@type': 'OpeningHoursSpecification', 'dayOfWeek': 'Sunday', 'opens': '6:0', 'closes': '1:0'}, {'@type': 'OpeningHoursSpecification', 'dayOfWeek': 'Monday', 'opens': '6:0', 'closes': '1:0'}, {'@type': 'OpeningHoursSpecification', 'dayOfWeek': 'Monday', 'opens': '4:0', 'closes': '4:30'}, {'@type': 'OpeningHoursSpecification', 'dayOfWeek': ['Tuesday', 'Wednesday', 'Thursday'], 'opens': '6:0', 'closes': '1:0'}, {'@type': 'OpeningHoursSpecification', 'dayOfWeek': ['Friday', 'Saturday'], 'opens': '6:0', 'closes': '3:0'}]","{'@type': 'PostalAddress', 'addressLocality': 'Coram', 'addressRegion': 'NY', 'postalCode': '11727', 'addressCountry': 'US', 'streetAddress': '383 Middle Country Rd'}","{'@type': 'GeoCoordinates', 'latitude': 40.8688931, 'longitude': -73.0030871}","{'@type': 'AggregateRating', 'ratingValue': 4.4, 'reviewCount': '182'}"
Shahs Halal food,https://www.ubereats.com/nyc-suburbs/food-delivery/shahs-halal-food/6jbrAflORDKnWfAeMZPn9w,shoreham-new-york,"['Halal', 'Chicken', 'Middle Eastern']",4.5,106,$,40.9229185,-72.70158889999999,+16312843109,11901,1767 Old Country Rd,Riverhead,NY,"[{'@type': 'OpeningHoursSpecification', 'dayOfWeek': ['Sunday', 'Monday', 'Tuesday', 'Wednesday', 'Thursday'], 'opens': '10:0', 'closes': '23:59'}, {'@type': 'OpeningHoursSpecification', 'dayOfWeek': ['Friday', 'Saturday'], 'opens': '10:0', 'closes': '2:0'}]","{'@type': 'PostalAddress', 'addressLocality': 'Riverhead', 'addressRegion': 'NY', 'postalCode': '11901', 'addressCountry': 'US', 'streetAddress': '1767 Old Country Rd'}","{'@type': 'GeoCoordinates', 'latitude': 40.9229185, 'longitude': -72.70158889999999}","{'@type': 'AggregateRating', 'ratingValue': 4.5, 'reviewCount': '106'}"
Chong Sar Restaurant,https://www.ubereats.com/nyc-suburbs/food-delivery/chong-sar-restaurant/-L1y0aKnSg61dnnuoWDNBg,shoreham-new-york,"['Chinese', 'Asian', 'Asian Fusion', 'Rolls', 'Wings', 'BBQ', 'Chicken', 'Seafood', 'Noodles', 'Rice-bowls', 'Vegetarian Friendly', 'Fast Food', 'Comfort Food']",4.2,28,$,40.94518370000001,-72.9510981,+16318211717,,,,,"[{'@type': 'OpeningHoursSpecification', 'dayOfWeek': 'Sunday', 'opens': '12:0', 'closes': '21:30'}, {'@type': 'OpeningHoursSpecification', 'dayOfWeek': 'Monday', 'opens': '11:0', 'closes': '15:0'}, {'@type': 'OpeningHoursSpecification', 'dayOfWeek': ['Tuesday', 'Wednesday', 'Thursday'], 'opens': '11:0', 'closes': '15:0'}, {'@type': 'OpeningHoursSpecification', 'dayOfWeek': ['Tuesday', 'Wednesday', 'Thursday'], 'opens': '11:0', 'closes': '21:30'}, {'@type': 'OpeningHoursSpecification', 'dayOfWeek': ['Friday', 'Saturday'], 'opens': '11:0', 'closes': '15:0'}, {'@type': 'OpeningHoursSpecification', 'dayOfWeek': ['Friday', 'Saturday'], 'opens': '11:0', 'closes': '22:30'}]",,"{'@type': 'GeoCoordinates', 'latitude': 40.94518370000001, 'longitude': -72.9510981}","{'@type': 'AggregateRating', 'ratingValue': 4.2, 'reviewCount': '28'}"
Papa John's Pizza #2995,https://www.ubereats.com/nyc-suburbs/food-delivery/papa-johns-pizza-%232995/twcChnMaSIqNnAB0zzMPtg,shoreham-new-york,"['Pizza', 'Wings', 'Desserts']",4.6,92,$,40.932344,-73.03039210000001,+16319286666,11766,152 Nesconset Hwy,Mount Sinai,NY,"[{'@type': 'OpeningHoursSpecification', 'dayOfWeek': ['Sunday', 'Monday', 'Tuesday', 'Wednesday', 'Thursday'], 'opens': '12:0', 'closes': '0:25'}, {'@type': 'OpeningHoursSpecification', 'dayOfWeek': ['Friday', 'Saturday'], 'opens': '12:0', 'closes': '1:25'}]","{'@type': 'PostalAddress', 'addressLocality': 'Mount Sinai', 'addressRegion': 'NY', 'postalCode': '11766', 'addressCountry': 'US', 'streetAddress': '152 Nesconset Hwy'}","{'@type': 'GeoCoordinates', 'latitude': 40.932344, 'longitude': -73.03039210000001}","{'@type': 'AggregateRating', 'ratingValue': 4.6, 'reviewCount': '92'}"
,https://www.ubereats.com/nyc-suburbs/food-delivery/dairy-queen-grill-%26-chill-2846-rt-112/0IJWSvWJSLqPB_j_TmaWqw,shoreham-new-york,,,,,,,,,,,,,,,
