name,url,city,cuisine,avgRating,numReviews,priceRange,latitude,longitude,telephone,postalCode,streetAddress,addressLocality,addressRegion,openingHoursSpecification,addressString,geoString,ratingString
The Meat Pie Bakery,https://www.ubereats.com/salt-lake-city/food-delivery/the-meat-pie-bakery/WRZ-Z4cWQEyHqDUl3NOHMg,spanish-fork-utah,"['Bakery', 'Breakfast and Brunch', 'Desserts']",,,$,40.178092,-111.610131,+18013743089,84663,816 N Main St,Springville,UT,"[{'@type': 'OpeningHoursSpecification', 'dayOfWeek': ['Monday', 'Tuesday', 'Wednesday'], 'opens': '10:0', 'closes': '19:0'}, {'@type': 'OpeningHoursSpecification', 'dayOfWeek': ['Thursday', 'Friday', 'Saturday'], 'opens': '8:0', 'closes': '19:0'}]","{'@type': 'PostalAddress', 'addressLocality': 'Springville', 'addressRegion': 'UT', 'postalCode': '84663', 'addressCountry': 'US', 'streetAddress': '816 N Main St'}","{'@type': 'GeoCoordinates', 'latitude': 40.178092, 'longitude': -111.610131}",{}
"Papa John's (Springville Corner Retail, 442 South 1750 West)",https://www.ubereats.com/salt-lake-city/food-delivery/papa-johns-springville-corner-retail-442-south-1750-west/i21V5K3mSfa4HsgTdw3a3w,spanish-fork-utah,"['Desserts', 'PIzza', 'Wings']",,,$$,40.16102219999999,-111.6428296,+18014917272,,,,,"[{'@type': 'OpeningHoursSpecification', 'dayOfWeek': 'Sunday', 'opens': '11:0', 'closes': '20:25'}, {'@type': 'OpeningHoursSpecification', 'dayOfWeek': ['Monday', 'Tuesday', 'Wednesday', 'Thursday'], 'opens': '10:0', 'closes': '21:25'}, {'@type': 'OpeningHoursSpecification', 'dayOfWeek': ['Friday', 'Saturday'], 'opens': '10:0', 'closes': '22:25'}]",,"{'@type': 'GeoCoordinates', 'latitude': 40.16102219999999, 'longitude': -111.6428296}",{}
Pepe's Grill,https://www.ubereats.com/salt-lake-city/food-delivery/pepes-grill/df_eEIjrTcOSh-OrD_M7ng,spanish-fork-utah,"['Mexican', 'Latin American', 'New Mexican']",,,$,40.1194091,-111.6551682,+18018949044,84660,747 North Main Street,Spanish Fork,UT,"[{'@type': 'OpeningHoursSpecification', 'dayOfWeek': ['Monday', 'Tuesday', 'Wednesday', 'Thursday'], 'opens': '10:0', 'closes': '21:0'}, {'@type': 'OpeningHoursSpecification', 'dayOfWeek': 'Friday', 'opens': '10:0', 'closes': '21:30'}, {'@type': 'OpeningHoursSpecification', 'dayOfWeek': 'Saturday', 'opens': '10:0', 'closes': '21:0'}]","{'@type': 'PostalAddress', 'addressLocality': 'Spanish Fork', 'addressRegion': 'UT', 'postalCode': '84660', 'addressCountry': 'US', 'streetAddress': '747 North Main Street'}","{'@type': 'GeoCoordinates', 'latitude': 40.1194091, 'longitude': -111.6551682}",{}
Sub Zero Ice Cream & Yogurt (62 West Center Street),https://www.ubereats.com/salt-lake-city/food-delivery/sub-zero-ice-cream-%26-yogurt-62-west-center-street/aYxxwa_fQr6mDEP97S3_ew,spanish-fork-utah,"['Desserts', 'Ice Cream', 'Kids Friendly']",,,$,40.2340724,-111.6596912,+13853752617,84601,62 W Center St,Provo,UT,"[{'@type': 'OpeningHoursSpecification', 'dayOfWeek': ['Monday', 'Tuesday', 'Wednesday', 'Thursday'], 'opens': '12:0', 'closes': '21:30'}, {'@type': 'OpeningHoursSpecification', 'dayOfWeek': ['Friday', 'Saturday'], 'opens': '12:0', 'closes': '22:30'}]","{'@type': 'PostalAddress', 'addressLocality': 'Provo', 'addressRegion': 'UT', 'postalCode': '84601', 'addressCountry': 'US', 'streetAddress': '62 W Center St'}","{'@type': 'GeoCoordinates', 'latitude': 40.2340724, 'longitude': -111.6596912}",{}
Howells British Grub,https://www.ubereats.com/salt-lake-city/food-delivery/howells-british-grub/sgU0_YS0RtqLofg4wrp78w,spanish-fork-utah,"['European: Other', 'Chicken', 'Pastry', 'Allergy Friendly']",,,$$,40.2341016,-111.6583514,+13855528557,84601,18 N University Ave,Provo,Utah,"[{'@type': 'OpeningHoursSpecification', 'dayOfWeek': ['Monday', 'Tuesday', 'Wednesday', 'Thursday'], 'opens': '10:30', 'closes': '23:30'}, {'@type': 'OpeningHoursSpecification', 'dayOfWeek': ['Friday', 'Saturday'], 'opens': '10:30', 'closes': '1:0'}]","{'@type': 'PostalAddress', 'addressLocality': 'Provo', 'addressRegion': 'Utah', 'postalCode': '84601', 'addressCountry': 'US', 'streetAddress': '18 N University Ave'}","{'@type': 'GeoCoordinates', 'latitude': 40.2341016, 'longitude': -111.6583514}",{}
Teriyaki Grill (Spanish Fork),https://www.ubereats.com/salt-lake-city/food-delivery/teriyaki-grill-spanish-fork/Xwk-XN_ZRVW0fCQZHNDMJA,spanish-fork-utah,"['Asian Fusion', 'Salads', 'Sushi', 'Kids Friendly', 'Vegetarian Friendly', 'Healthy']",,,$,40.1232531,-111.6472597,+18013318638,84660,413 E 1000 N,Spanish Fork,UT,"[{'@type': 'OpeningHoursSpecification', 'dayOfWeek': ['Monday', 'Tuesday', 'Wednesday', 'Thursday', 'Friday', 'Saturday'], 'opens': '11:0', 'closes': '21:0'}]","{'@type': 'PostalAddress', 'addressLocality': 'Spanish Fork', 'addressRegion': 'UT', 'postalCode': '84660', 'addressCountry': 'US', 'streetAddress': '413 E 1000 N'}","{'@type': 'GeoCoordinates', 'latitude': 40.1232531, 'longitude': -111.6472597}",{}
Honest Eatery (Provo),https://www.ubereats.com/salt-lake-city/food-delivery/honest-eatery-provo/iNTPN03rSOeKzCaMNtvuPg,spanish-fork-utah,"['Healthy', 'Vegetarian', 'Salads', 'Allergy Friendly']",,,$,40.241923,-111.650263,+18015324918,84606,495 East 600 North,Provo,UT,"[{'@type': 'OpeningHoursSpecification', 'dayOfWeek': 'Sunday', 'opens': '9:0', 'closes': '0:0'}, {'@type': 'OpeningHoursSpecification', 'dayOfWeek': ['Monday', 'Tuesday', 'Wednesday', 'Thursday', 'Friday', 'Saturday'], 'opens': '11:0', 'closes': '18:45'}, {'@type': 'OpeningHoursSpecification', 'dayOfWeek': ['Monday', 'Tuesday', 'Wednesday', 'Thursday', 'Friday', 'Saturday'], 'opens': '9:0', 'closes': '0:0'}]","{'@type': 'PostalAddress', 'addressLocality': 'Provo', 'addressRegion': 'UT', 'postalCode': '84606', 'addressCountry': 'US', 'streetAddress': '495 East 600 North'}","{'@type': 'GeoCoordinates', 'latitude': 40.241923, 'longitude': -111.650263}",{}
Gandolfo's New York Delicatessen (1085 N. Chappel Dr),https://www.ubereats.com/salt-lake-city/food-delivery/gandolfos-new-york-delicatessen-1085-n-chappel-dr/isDXP5ygRZy3wY-O75AcDg,spanish-fork-utah,"['Pizza', 'American', 'Italian']",,,$,40.1238195,-111.6435282,+18017949990,84660,1085 N. Chappel Dr.,Spanish Fork,UT,"[{'@type': 'OpeningHoursSpecification', 'dayOfWeek': ['Monday', 'Tuesday', 'Wednesday', 'Thursday', 'Friday', 'Saturday'], 'opens': '6:0', 'closes': '19:0'}]","{'@type': 'PostalAddress', 'addressLocality': 'Spanish Fork', 'addressRegion': 'UT', 'postalCode': '84660', 'addressCountry': 'US', 'streetAddress': '1085 N. Chappel Dr.'}","{'@type': 'GeoCoordinates', 'latitude': 40.1238195, 'longitude': -111.6435282}",{}
Bumblebees KBBQ (Provo),https://www.ubereats.com/salt-lake-city/food-delivery/bumblebees-kbbq-provo/OCUNnigHRuWBK31pe90QyA,spanish-fork-utah,"['Korean', 'Burgers', 'BBQ']",4.8,42,$,40.25108731533435,-111.66623204450661,+18016072543,,,,,"[{'@type': 'OpeningHoursSpecification', 'dayOfWeek': ['Monday', 'Tuesday', 'Wednesday', 'Thursday', 'Friday', 'Saturday'], 'opens': '11:0', 'closes': '20:0'}]",,"{'@type': 'GeoCoordinates', 'latitude': 40.25108731533435, 'longitude': -111.66623204450661}","{'@type': 'AggregateRating', 'ratingValue': 4.8, 'reviewCount': '42'}"
JEMLYS,https://www.ubereats.com/salt-lake-city/food-delivery/jemlys/1OMmn9SwSVKVIS7VGIkaWg,spanish-fork-utah,"['Caribbean', 'Seafood', 'Latin American']",,,$,40.2121585,-111.666189,+13852013717,84601,1617 S 450 W,Provo,UT,"[{'@type': 'OpeningHoursSpecification', 'dayOfWeek': ['Monday', 'Tuesday', 'Wednesday', 'Thursday', 'Friday'], 'opens': '8:30', 'closes': '21:0'}, {'@type': 'OpeningHoursSpecification', 'dayOfWeek': 'Saturday', 'opens': '8:30', 'closes': '18:0'}]","{'@type': 'PostalAddress', 'addressLocality': 'Provo', 'addressRegion': 'UT', 'postalCode': '84601', 'addressCountry': 'US', 'streetAddress': '1617 S 450 W'}","{'@type': 'GeoCoordinates', 'latitude': 40.2121585, 'longitude': -111.666189}",{}
Carl's Jr. (770 N Main St),https://www.ubereats.com/salt-lake-city/food-delivery/carls-jr-770-n-main-st/5-WhNlsWSY-EjKPcQeaeDQ,spanish-fork-utah,"['Fast Food', 'Burgers', 'Salads', 'American']",,,$,40.11992349999999,-111.6543469,+18017949249,84660,770 N Main St,Spanish Fork,UT,"[{'@type': 'OpeningHoursSpecification', 'dayOfWeek': 'Sunday', 'opens': '7:0', 'closes': '10:0'}, {'@type': 'OpeningHoursSpecification', 'dayOfWeek': 'Sunday', 'opens': '10:0', 'closes': '21:0'}, {'@type': 'OpeningHoursSpecification', 'dayOfWeek': ['Monday', 'Tuesday', 'Wednesday', 'Thursday'], 'opens': '6:0', 'closes': '10:0'}, {'@type': 'OpeningHoursSpecification', 'dayOfWeek': ['Monday', 'Tuesday', 'Wednesday', 'Thursday'], 'opens': '10:0', 'closes': '23:0'}, {'@type': 'OpeningHoursSpecification', 'dayOfWeek': ['Friday', 'Saturday'], 'opens': '6:0', 'closes': '10:0'}, {'@type': 'OpeningHoursSpecification', 'dayOfWeek': ['Friday', 'Saturday'], 'opens': '10:0', 'closes': '0:0'}]","{'@type': 'PostalAddress', 'addressLocality': 'Spanish Fork', 'addressRegion': 'UT', 'postalCode': '84660', 'addressCountry': 'US', 'streetAddress': '770 N Main St'}","{'@type': 'GeoCoordinates', 'latitude': 40.11992349999999, 'longitude': -111.6543469}",{}
Silver Dish Thai Cuisine,https://www.ubereats.com/salt-lake-city/food-delivery/silver-dish-thai-cuisine/-L5MOiNTTRy_9Nn_Pd4BkA,spanish-fork-utah,"['Thai', 'Asian Fusion', 'Asian']",4.6,127,$,40.23407,-111.663546,+18013739540,84601,278 W Center St,Provo,Utah,"[{'@type': 'OpeningHoursSpecification', 'dayOfWeek': ['Monday', 'Tuesday', 'Wednesday', 'Thursday'], 'opens': '11:0', 'closes': '21:0'}, {'@type': 'OpeningHoursSpecification', 'dayOfWeek': ['Friday', 'Saturday'], 'opens': '11:0', 'closes': '21:30'}]","{'@type': 'PostalAddress', 'addressLocality': 'Provo', 'addressRegion': 'Utah', 'postalCode': '84601', 'addressCountry': 'US', 'streetAddress': '278 W Center St'}","{'@type': 'GeoCoordinates', 'latitude': 40.23407, 'longitude': -111.663546}","{'@type': 'AggregateRating', 'ratingValue': 4.6, 'reviewCount': '127'}"
Sizzler (S University Ave),https://www.ubereats.com/salt-lake-city/food-delivery/sizzler-s-university-ave/yJdx8vAITNKSNUqes-b7FQ,spanish-fork-utah,"['American', 'Steak', 'Salads', 'Family Meals']",,,$$,40.215174,-111.658305,+18013741516,84601,1385 S University Ave,Provo,Utah,"[{'@type': 'OpeningHoursSpecification', 'dayOfWeek': ['Sunday', 'Monday', 'Tuesday', 'Wednesday', 'Thursday'], 'opens': '11:0', 'closes': '19:30'}, {'@type': 'OpeningHoursSpecification', 'dayOfWeek': ['Friday', 'Saturday'], 'opens': '11:0', 'closes': '20:30'}]","{'@type': 'PostalAddress', 'addressLocality': 'Provo', 'addressRegion': 'Utah', 'postalCode': '84601', 'addressCountry': 'US', 'streetAddress': '1385 S University Ave'}","{'@type': 'GeoCoordinates', 'latitude': 40.215174, 'longitude': -111.658305}",{}
Jurassic Street Tacos,https://www.ubereats.com/salt-lake-city/food-delivery/jurassic-street-tacos/UElMcZrvS-OCflxM2KHivA,spanish-fork-utah,"['Mexican', 'Latin American', 'New Mexican']",,,$,40.241923,-111.650263,+18016743242,84606,495 E 600 N,Provo,UT,"[{'@type': 'OpeningHoursSpecification', 'dayOfWeek': ['Monday', 'Tuesday', 'Wednesday', 'Thursday', 'Friday', 'Saturday'], 'opens': '11:0', 'closes': '22:0'}]","{'@type': 'PostalAddress', 'addressLocality': 'Provo', 'addressRegion': 'UT', 'postalCode': '84606', 'addressCountry': 'US', 'streetAddress': '495 E 600 N'}","{'@type': 'GeoCoordinates', 'latitude': 40.241923, 'longitude': -111.650263}",{}
"Rancheritos Mexican Food - Orem, UT",https://www.ubereats.com/salt-lake-city/food-delivery/rancheritos-mexican-food-orem-ut/CZMDG9E5TAWpDRZvvrizig,spanish-fork-utah,"['Mexican', 'Latin American', 'New Mexican']",4.1,151,$,40.297373199999996,-111.69729339999999,+18012262640,84057,66 W Center St,Orem,UT,"[{'@type': 'OpeningHoursSpecification', 'dayOfWeek': ['Monday', 'Tuesday', 'Wednesday', 'Thursday', 'Friday', 'Saturday', 'Sunday'], 'opens': '1:0', 'closes': '0:0'}]","{'@type': 'PostalAddress', 'addressLocality': 'Orem', 'addressRegion': 'UT', 'postalCode': '84057', 'addressCountry': 'US', 'streetAddress': '66 W Center St'}","{'@type': 'GeoCoordinates', 'latitude': 40.297373199999996, 'longitude': -111.69729339999999}","{'@type': 'AggregateRating', 'ratingValue': 4.1, 'reviewCount': '151'}"
Sonic (Spanish Fork),https://www.ubereats.com/salt-lake-city/food-delivery/sonic-spanish-fork/kXauzCAMQQGm30uCrLFHhw,spanish-fork-utah,"['American', 'burger', 'Fast Food', 'Hot Dog', 'Sandwich']",,,$$,40.122368863700835,-111.65465865693257,+18017988680,84660,971 N Main St,Spanish Fork,UT,"[{'@type': 'OpeningHoursSpecification', 'dayOfWeek': 'Sunday', 'opens': '9:30', 'closes': '21:30'}, {'@type': 'OpeningHoursSpecification', 'dayOfWeek': ['Monday', 'Tuesday', 'Wednesday', 'Thursday', 'Friday'], 'opens': '7:30', 'closes': '23:30'}, {'@type': 'OpeningHoursSpecification', 'dayOfWeek': 'Saturday', 'opens': '8:30', 'closes': '23:30'}]","{'@type': 'PostalAddress', 'addressLocality': 'Spanish Fork', 'addressRegion': 'UT', 'postalCode': '84660', 'addressCountry': 'US', 'streetAddress': '971 N Main St'}","{'@type': 'GeoCoordinates', 'latitude': 40.122368863700835, 'longitude': -111.65465865693257}",{}
"Red Robin, 416 (1200 Towne Centre, Suite 1100)",https://www.ubereats.com/salt-lake-city/food-delivery/red-robin-416-1200-towne-centre-suite-1100/-FrH6CxqTMWM_7TiHgu1Qw,spanish-fork-utah,"['American', 'Traditional American', 'Burgers']",4.4,30,$$,40.217483,-111.66295,+18018528093,84601,1200 Towne Centre Blvd,Provo,Utah,"[{'@type': 'OpeningHoursSpecification', 'dayOfWeek': ['Monday', 'Tuesday', 'Wednesday', 'Thursday', 'Friday', 'Saturday', 'Sunday'], 'opens': '11:0', 'closes': '20:30'}]","{'@type': 'PostalAddress', 'addressLocality': 'Provo', 'addressRegion': 'Utah', 'postalCode': '84601', 'addressCountry': 'US', 'streetAddress': '1200 Towne Centre Blvd'}","{'@type': 'GeoCoordinates', 'latitude': 40.217483, 'longitude': -111.66295}","{'@type': 'AggregateRating', 'ratingValue': 4.4, 'reviewCount': '30'}"
Cafe Zupas (507 E. 1000 N.),https://www.ubereats.com/salt-lake-city/food-delivery/cafe-zupas-507-e-1000-n/xb6EKxafQliUJ1hOXQoZ4Q,spanish-fork-utah,"['American', 'Sandwich', 'Healthy']",4.5,22,$$,40.1242261,-111.6456476,+18012105162,84660,507 E. 1000 N.,Spanish Fork,UT,"[{'@type': 'OpeningHoursSpecification', 'dayOfWeek': ['Monday', 'Tuesday', 'Wednesday', 'Thursday'], 'opens': '10:30', 'closes': '20:30'}, {'@type': 'OpeningHoursSpecification', 'dayOfWeek': ['Friday', 'Saturday'], 'opens': '10:30', 'closes': '21:30'}]","{'@type': 'PostalAddress', 'addressLocality': 'Spanish Fork', 'addressRegion': 'UT', 'postalCode': '84660', 'addressCountry': 'US', 'streetAddress': '507 E. 1000 N.'}","{'@type': 'GeoCoordinates', 'latitude': 40.1242261, 'longitude': -111.6456476}","{'@type': 'AggregateRating', 'ratingValue': 4.5, 'reviewCount': '22'}"
Five Guys UT-1701 529 East 1000 North,https://www.ubereats.com/salt-lake-city/food-delivery/five-guys-ut-1701-529-east-1000-north/yRak1syoRvSKr0YycIjYxA,spanish-fork-utah,"['American', 'Burgers', 'Sandwich']",3.9,26,$,40.1238299,-111.6451352,+18017987878,84660,529 E 1000 N,Spanish Fork,UT,"[{'@type': 'OpeningHoursSpecification', 'dayOfWeek': ['Monday', 'Tuesday', 'Wednesday', 'Thursday', 'Friday', 'Saturday', 'Sunday'], 'opens': '11:0', 'closes': '21:30'}]","{'@type': 'PostalAddress', 'addressLocality': 'Spanish Fork', 'addressRegion': 'UT', 'postalCode': '84660', 'addressCountry': 'US', 'streetAddress': '529 E 1000 N'}","{'@type': 'GeoCoordinates', 'latitude': 40.1238299, 'longitude': -111.6451352}","{'@type': 'AggregateRating', 'ratingValue': 3.9, 'reviewCount': '26'}"
Ivie Juice Bar,https://www.ubereats.com/salt-lake-city/food-delivery/ivie-juice-bar/vWRp1dxhSY64lV93FCA3rA,spanish-fork-utah,"['Juice and Smoothies', 'Breakfast and Brunch', 'Vegetarian', 'Healthy', 'American']",,,$,40.2343649,-111.659115,+18013739935,84601,45 N University Ave,Provo,UT,"[{'@type': 'OpeningHoursSpecification', 'dayOfWeek': ['Monday', 'Tuesday', 'Wednesday', 'Thursday', 'Friday', 'Saturday'], 'opens': '8:0', 'closes': '20:0'}]","{'@type': 'PostalAddress', 'addressLocality': 'Provo', 'addressRegion': 'UT', 'postalCode': '84601', 'addressCountry': 'US', 'streetAddress': '45 N University Ave'}","{'@type': 'GeoCoordinates', 'latitude': 40.2343649, 'longitude': -111.659115}",{}
Gandolfo's New York Delicatessen (295 South Main St),https://www.ubereats.com/salt-lake-city/food-delivery/gandolfos-new-york-delicatessen-295-south-main-st/7FEdqnxLRFuqrNLkr8-B9w,spanish-fork-utah,"['Pizza', 'American', 'Italian']",,,$,40.16262859999999,-111.6102941,+18014896022,84663,295 South Main Street,Springville,UT,"[{'@type': 'OpeningHoursSpecification', 'dayOfWeek': ['Monday', 'Tuesday', 'Wednesday', 'Thursday', 'Friday', 'Saturday'], 'opens': '7:0', 'closes': '19:0'}]","{'@type': 'PostalAddress', 'addressLocality': 'Springville', 'addressRegion': 'UT', 'postalCode': '84663', 'addressCountry': 'US', 'streetAddress': '295 South Main Street'}","{'@type': 'GeoCoordinates', 'latitude': 40.16262859999999, 'longitude': -111.6102941}",{}
Fruta Crush,https://www.ubereats.com/salt-lake-city/food-delivery/fruta-crush/hRzG9g_yQgqVJV3lfig0Gg,spanish-fork-utah,"['Desserts', 'Vegetarian', 'Coffee and Tea']",,,$,40.2340008,-111.66205479999999,+18013743308,84601,198 W Center St.,Provo,UT,"[{'@type': 'OpeningHoursSpecification', 'dayOfWeek': 'Sunday', 'opens': '12:0', 'closes': '19:0'}, {'@type': 'OpeningHoursSpecification', 'dayOfWeek': ['Monday', 'Tuesday', 'Wednesday', 'Thursday'], 'opens': '10:0', 'closes': '21:0'}, {'@type': 'OpeningHoursSpecification', 'dayOfWeek': 'Friday', 'opens': '11:0', 'closes': '23:0'}, {'@type': 'OpeningHoursSpecification', 'dayOfWeek': 'Saturday', 'opens': '11:0', 'closes': '22:0'}]","{'@type': 'PostalAddress', 'addressLocality': 'Provo', 'addressRegion': 'UT', 'postalCode': '84601', 'addressCountry': 'US', 'streetAddress': '198 W Center St.'}","{'@type': 'GeoCoordinates', 'latitude': 40.2340008, 'longitude': -111.66205479999999}",{}
Papa Murphy's  (979 South University Avenue Suite 6),https://www.ubereats.com/salt-lake-city/food-delivery/papa-murphys-979-south-university-avenue-suite-6/UoSWQH3eQmKzb3S3u69WMw,spanish-fork-utah,"['Pizza', 'Italian', 'Salads']",,,$,40.2203952,-111.6582938,+18013746500,84601,979 South University Avenue Suite 6,Provo,UT,"[{'@type': 'OpeningHoursSpecification', 'dayOfWeek': ['Monday', 'Tuesday', 'Wednesday', 'Thursday'], 'opens': '11:0', 'closes': '20:0'}, {'@type': 'OpeningHoursSpecification', 'dayOfWeek': ['Friday', 'Saturday'], 'opens': '11:0', 'closes': '21:0'}]","{'@type': 'PostalAddress', 'addressLocality': 'Provo', 'addressRegion': 'UT', 'postalCode': '84601', 'addressCountry': 'US', 'streetAddress': '979 South University Avenue Suite 6'}","{'@type': 'GeoCoordinates', 'latitude': 40.2203952, 'longitude': -111.6582938}",{}
Carrabba's (683 E University Pkwy),https://www.ubereats.com/salt-lake-city/food-delivery/carrabbas-683-e-university-pkwy/0Z4v_HydSN2f-6RXHg4oHQ,spanish-fork-utah,"['Italian', 'Family Meals']",4.2,19,$$,40.27363460000001,-111.6794407,+18017651222,84097,683 E University Pkwy,Orem,UT,"[{'@type': 'OpeningHoursSpecification', 'dayOfWeek': 'Sunday', 'opens': '12:0', 'closes': '19:30'}, {'@type': 'OpeningHoursSpecification', 'dayOfWeek': ['Monday', 'Tuesday', 'Wednesday', 'Thursday', 'Friday', 'Saturday'], 'opens': '12:0', 'closes': '19:29'}]","{'@type': 'PostalAddress', 'addressLocality': 'Orem', 'addressRegion': 'UT', 'postalCode': '84097', 'addressCountry': 'US', 'streetAddress': '683 E University Pkwy'}","{'@type': 'GeoCoordinates', 'latitude': 40.27363460000001, 'longitude': -111.6794407}","{'@type': 'AggregateRating', 'ratingValue': 4.2, 'reviewCount': '19'}"
Good Move Cafe,https://www.ubereats.com/salt-lake-city/food-delivery/good-move-cafe/NTHMNtI4RhCOtcOHwV-3KQ,spanish-fork-utah,['Cafe'],,,$$,40.234099,-111.658387,+18018509113,84606,1 Center St.STE 100,Provo,UT,"[{'@type': 'OpeningHoursSpecification', 'dayOfWeek': ['Monday', 'Tuesday', 'Wednesday', 'Thursday', 'Friday', 'Saturday'], 'opens': '11:30', 'closes': '21:45'}]","{'@type': 'PostalAddress', 'addressLocality': 'Provo', 'addressRegion': 'UT', 'postalCode': '84606', 'addressCountry': 'US', 'streetAddress': '1 Center St.STE 100'}","{'@type': 'GeoCoordinates', 'latitude': 40.234099, 'longitude': -111.658387}",{}
Pizza Pie Cafe - Provo,https://www.ubereats.com/salt-lake-city/food-delivery/pizza-pie-cafe-provo/b5affn8BTuuqydBV0A_eFw,spanish-fork-utah,"['Italian', 'Pizza']",,,$,40.2628006,-111.668114,+18013735561,84604,2235 N University Pkwy,Provo,UT,"[{'@type': 'OpeningHoursSpecification', 'dayOfWeek': ['Monday', 'Tuesday', 'Wednesday', 'Thursday', 'Friday'], 'opens': '11:0', 'closes': '20:0'}, {'@type': 'OpeningHoursSpecification', 'dayOfWeek': 'Saturday', 'opens': '11:0', 'closes': '20:0'}, {'@type': 'OpeningHoursSpecification', 'dayOfWeek': 'Saturday', 'opens': '11:0', 'closes': '17:30'}]","{'@type': 'PostalAddress', 'addressLocality': 'Provo', 'addressRegion': 'UT', 'postalCode': '84604', 'addressCountry': 'US', 'streetAddress': '2235 N University Pkwy'}","{'@type': 'GeoCoordinates', 'latitude': 40.2628006, 'longitude': -111.668114}",{}
Papa Murphy's  (655 East 400 South Suite E),https://www.ubereats.com/salt-lake-city/food-delivery/papa-murphys-655-east-400-south-suite-e/sN6INA0kQAeBl279zkIL8Q,spanish-fork-utah,['Pizza'],,,$,40.1611641,-111.5987676,+18014910789,84663,655 East 400 South Suite E,Springville,UT,"[{'@type': 'OpeningHoursSpecification', 'dayOfWeek': 'Sunday', 'opens': '13:0', 'closes': '19:0'}, {'@type': 'OpeningHoursSpecification', 'dayOfWeek': ['Monday', 'Tuesday', 'Wednesday', 'Thursday'], 'opens': '11:0', 'closes': '20:0'}, {'@type': 'OpeningHoursSpecification', 'dayOfWeek': ['Friday', 'Saturday'], 'opens': '11:0', 'closes': '21:0'}]","{'@type': 'PostalAddress', 'addressLocality': 'Springville', 'addressRegion': 'UT', 'postalCode': '84663', 'addressCountry': 'US', 'streetAddress': '655 East 400 South Suite E'}","{'@type': 'GeoCoordinates', 'latitude': 40.1611641, 'longitude': -111.5987676}",{}
Teriyaki Madness - 788 North 800 E,https://www.ubereats.com/salt-lake-city/food-delivery/teriyaki-madness-788-north-800-e/SgmKLeQURn-8NAAKXItFtQ,spanish-fork-utah,"['Asian Fusion', 'Asian', 'Chinese', 'Japanese']",4.3,15,$,40.1196384,-111.6400115,+18015046868,84660,788 North 800 E,Spanish Fork,UT,"[{'@type': 'OpeningHoursSpecification', 'dayOfWeek': ['Monday', 'Tuesday', 'Wednesday', 'Thursday', 'Friday', 'Saturday'], 'opens': '11:0', 'closes': '21:0'}]","{'@type': 'PostalAddress', 'addressLocality': 'Spanish Fork', 'addressRegion': 'UT', 'postalCode': '84660', 'addressCountry': 'US', 'streetAddress': '788 North 800 E'}","{'@type': 'GeoCoordinates', 'latitude': 40.1196384, 'longitude': -111.6400115}","{'@type': 'AggregateRating', 'ratingValue': 4.3, 'reviewCount': '15'}"
Los 2 Potrillos,https://www.ubereats.com/salt-lake-city/food-delivery/los-2-potrillos/akducxoNSC6p_iBnFSd26g,spanish-fork-utah,"['Mexican', 'Latin American', 'New Mexican']",,,$,40.1077904,-111.6552895,+18017986100,84660,146 S Main St,Spanish Fork,UT,"[{'@type': 'OpeningHoursSpecification', 'dayOfWeek': ['Monday', 'Tuesday', 'Wednesday', 'Thursday', 'Friday', 'Saturday', 'Sunday'], 'opens': '10:0', 'closes': '16:0'}, {'@type': 'OpeningHoursSpecification', 'dayOfWeek': ['Monday', 'Tuesday', 'Wednesday', 'Thursday', 'Friday', 'Saturday', 'Sunday'], 'opens': '16:0', 'closes': '21:30'}, {'@type': 'OpeningHoursSpecification', 'dayOfWeek': ['Monday', 'Tuesday', 'Wednesday', 'Thursday', 'Friday', 'Saturday', 'Sunday'], 'opens': '10:0', 'closes': '16:0'}]","{'@type': 'PostalAddress', 'addressLocality': 'Spanish Fork', 'addressRegion': 'UT', 'postalCode': '84660', 'addressCountry': 'US', 'streetAddress': '146 S Main St'}","{'@type': 'GeoCoordinates', 'latitude': 40.1077904, 'longitude': -111.6552895}",{}
Cold Stone Creamery (2302 N University Pkwy),https://www.ubereats.com/salt-lake-city/food-delivery/cold-stone-creamery-2302-n-university-pkwy/m2o4rTW2S36rHx8oM0yh-w,spanish-fork-utah,"['Ice Cream and Frozen Yogurt', 'Desserts', 'Cupcakes']",4.7,88,$,40.2647431,-111.6689371,+18013734703,84604,2302 N University Pkwy,Provo,UT,"[{'@type': 'OpeningHoursSpecification', 'dayOfWeek': ['Monday', 'Tuesday', 'Wednesday', 'Thursday'], 'opens': '11:0', 'closes': '22:45'}, {'@type': 'OpeningHoursSpecification', 'dayOfWeek': ['Friday', 'Saturday'], 'opens': '11:0', 'closes': '23:45'}]","{'@type': 'PostalAddress', 'addressLocality': 'Provo', 'addressRegion': 'UT', 'postalCode': '84604', 'addressCountry': 'US', 'streetAddress': '2302 N University Pkwy'}","{'@type': 'GeoCoordinates', 'latitude': 40.2647431, 'longitude': -111.6689371}","{'@type': 'AggregateRating', 'ratingValue': 4.7, 'reviewCount': '88'}"
Ginger's Garden Cafe,https://www.ubereats.com/salt-lake-city/food-delivery/gingers-garden-cafe/CZx6B2qlTzmWiDjClOoMTg,spanish-fork-utah,"['Vegetarian', 'Vegan', 'Healthy', 'Juice and Smoothies', 'Allergy Friendly']",,,$,40.1642532,-111.6110626,+18014894500,84663,188 S Main St,Springville,UT,"[{'@type': 'OpeningHoursSpecification', 'dayOfWeek': ['Monday', 'Tuesday', 'Wednesday', 'Thursday', 'Friday', 'Saturday'], 'opens': '11:0', 'closes': '20:0'}]","{'@type': 'PostalAddress', 'addressLocality': 'Springville', 'addressRegion': 'UT', 'postalCode': '84663', 'addressCountry': 'US', 'streetAddress': '188 S Main St'}","{'@type': 'GeoCoordinates', 'latitude': 40.1642532, 'longitude': -111.6110626}",{}
Pita Pit (1240 North University Ave. B),https://www.ubereats.com/salt-lake-city/food-delivery/pita-pit-1240-north-university-ave-b/6iaurxvEQPqESu8oGYQRtg,spanish-fork-utah,"['Fast Food', 'Healthy', 'Wraps']",4.6,65,$$,40.25107089999999,-111.6582065,+18013567482,84604,1240 North University Ave. B,Provo,UT,"[{'@type': 'OpeningHoursSpecification', 'dayOfWeek': ['Monday', 'Tuesday', 'Wednesday', 'Thursday', 'Friday'], 'opens': '9:15', 'closes': '23:55'}, {'@type': 'OpeningHoursSpecification', 'dayOfWeek': 'Saturday', 'opens': '10:15', 'closes': '22:0'}]","{'@type': 'PostalAddress', 'addressLocality': 'Provo', 'addressRegion': 'UT', 'postalCode': '84604', 'addressCountry': 'US', 'streetAddress': '1240 North University Ave. B'}","{'@type': 'GeoCoordinates', 'latitude': 40.25107089999999, 'longitude': -111.6582065}","{'@type': 'AggregateRating', 'ratingValue': 4.6, 'reviewCount': '65'}"
Gandolfo's New York Deli (818 N 500 W),https://www.ubereats.com/salt-lake-city/food-delivery/gandolfos-new-york-deli-818-n-500-w/JTWeZ9d4TjK5butYNRml2w,spanish-fork-utah,"['American', 'Sandwich', 'Kids Friendly', 'Burgers']",,,$,40.2446882,-111.6665849,+18013776442,84604,818 N 500 W,Provo,UT,"[{'@type': 'OpeningHoursSpecification', 'dayOfWeek': ['Monday', 'Tuesday', 'Wednesday', 'Thursday', 'Friday', 'Saturday'], 'opens': '7:0', 'closes': '16:0'}]","{'@type': 'PostalAddress', 'addressLocality': 'Provo', 'addressRegion': 'UT', 'postalCode': '84604', 'addressCountry': 'US', 'streetAddress': '818 N 500 W'}","{'@type': 'GeoCoordinates', 'latitude': 40.2446882, 'longitude': -111.6665849}",{}
HuHot Mongolian Grill (693 North 920 East),https://www.ubereats.com/salt-lake-city/food-delivery/huhot-mongolian-grill-693-north-920-east/6YF72FH6Sf-0hHk3ycQPyA,spanish-fork-utah,"['Comfort Food', 'Seafood', 'Asian Fusion']",,,$,40.1180675,-111.6389635,+18017985528,84660,693 North 920 East,Spanish Fork,UT,"[{'@type': 'OpeningHoursSpecification', 'dayOfWeek': ['Monday', 'Tuesday', 'Wednesday', 'Thursday', 'Friday', 'Saturday', 'Sunday'], 'opens': '11:0', 'closes': '15:0'}, {'@type': 'OpeningHoursSpecification', 'dayOfWeek': ['Monday', 'Tuesday', 'Wednesday', 'Thursday', 'Friday', 'Saturday', 'Sunday'], 'opens': '16:30', 'closes': '19:45'}]","{'@type': 'PostalAddress', 'addressLocality': 'Spanish Fork', 'addressRegion': 'UT', 'postalCode': '84660', 'addressCountry': 'US', 'streetAddress': '693 North 920 East'}","{'@type': 'GeoCoordinates', 'latitude': 40.1180675, 'longitude': -111.6389635}",{}
Vegan Sun,https://www.ubereats.com/salt-lake-city/food-delivery/vegan-sun/epIOXrzgQfCF95y6DLeVBA,spanish-fork-utah,"['Vietnamese', 'Noodles', 'Healthy']",5.0,40,$,40.2332943,-111.6627887,+18013750807,84601,225 West Center Street,Provo,UT,"[{'@type': 'OpeningHoursSpecification', 'dayOfWeek': 'Sunday', 'opens': '12:0', 'closes': '19:30'}, {'@type': 'OpeningHoursSpecification', 'dayOfWeek': ['Tuesday', 'Wednesday', 'Thursday', 'Friday'], 'opens': '11:0', 'closes': '14:30'}, {'@type': 'OpeningHoursSpecification', 'dayOfWeek': ['Tuesday', 'Wednesday', 'Thursday', 'Friday'], 'opens': '17:0', 'closes': '19:30'}, {'@type': 'OpeningHoursSpecification', 'dayOfWeek': 'Saturday', 'opens': '11:0', 'closes': '19:30'}]","{'@type': 'PostalAddress', 'addressLocality': 'Provo', 'addressRegion': 'UT', 'postalCode': '84601', 'addressCountry': 'US', 'streetAddress': '225 West Center Street'}","{'@type': 'GeoCoordinates', 'latitude': 40.2332943, 'longitude': -111.6627887}","{'@type': 'AggregateRating', 'ratingValue': 5, 'reviewCount': '40'}"
Papa Murphy's  (790 North 800 East),https://www.ubereats.com/salt-lake-city/food-delivery/papa-murphys-790-north-800-east/f65Ibi60SfCmyD1F7xil1g,spanish-fork-utah,"['Pizza', 'Salads', 'Desserts']",,,$,40.1196184,-111.6399184,+18017986767,84660,790 North 800 East,Spanish Fork,UT,"[{'@type': 'OpeningHoursSpecification', 'dayOfWeek': 'Sunday', 'opens': '13:0', 'closes': '19:0'}, {'@type': 'OpeningHoursSpecification', 'dayOfWeek': ['Monday', 'Tuesday', 'Wednesday', 'Thursday'], 'opens': '11:0', 'closes': '20:0'}, {'@type': 'OpeningHoursSpecification', 'dayOfWeek': ['Friday', 'Saturday'], 'opens': '11:0', 'closes': '21:0'}]","{'@type': 'PostalAddress', 'addressLocality': 'Spanish Fork', 'addressRegion': 'UT', 'postalCode': '84660', 'addressCountry': 'US', 'streetAddress': '790 North 800 East'}","{'@type': 'GeoCoordinates', 'latitude': 40.1196184, 'longitude': -111.6399184}",{}
Cafe Zupas (408 W. 2230 N.),https://www.ubereats.com/salt-lake-city/food-delivery/cafe-zupas-408-w-2230-n/FMfjQN8eRVeqkdWtkFmAkw,spanish-fork-utah,"['American', 'Salads', 'Chicken']",4.7,77,$$,40.2638045,-111.6667741,+18013777687,84604,408 W. 2230 N.,Provo,UT,"[{'@type': 'OpeningHoursSpecification', 'dayOfWeek': ['Monday', 'Tuesday', 'Wednesday', 'Thursday'], 'opens': '10:30', 'closes': '20:30'}, {'@type': 'OpeningHoursSpecification', 'dayOfWeek': ['Friday', 'Saturday'], 'opens': '10:30', 'closes': '21:30'}]","{'@type': 'PostalAddress', 'addressLocality': 'Provo', 'addressRegion': 'UT', 'postalCode': '84604', 'addressCountry': 'US', 'streetAddress': '408 W. 2230 N.'}","{'@type': 'GeoCoordinates', 'latitude': 40.2638045, 'longitude': -111.6667741}","{'@type': 'AggregateRating', 'ratingValue': 4.7, 'reviewCount': '77'}"
"California Pizza Kitchen (575 E. University Pkwy., B-28)",https://www.ubereats.com/salt-lake-city/food-delivery/california-pizza-kitchen-575-e-university-pkwy-b-28/sIb2jU5DQwCrFEy1sJfdug,spanish-fork-utah,"['American', 'Comfort Food', 'Dinner', 'pasta', 'pizza', 'salad', 'Soup']",4.7,15,$$,40.2745097,-111.6813157,+18017651777,84097,575 E. University Pkwy. B-28,Orem,UT,"[{'@type': 'OpeningHoursSpecification', 'dayOfWeek': ['Monday', 'Tuesday', 'Wednesday', 'Thursday', 'Friday', 'Saturday', 'Sunday'], 'opens': '11:0', 'closes': '20:30'}, {'@type': 'OpeningHoursSpecification', 'dayOfWeek': ['Monday', 'Tuesday', 'Wednesday', 'Thursday', 'Friday', 'Saturday', 'Sunday'], 'opens': '11:0', 'closes': '15:30'}]","{'@type': 'PostalAddress', 'addressLocality': 'Orem', 'addressRegion': 'UT', 'postalCode': '84097', 'addressCountry': 'US', 'streetAddress': '575 E. University Pkwy. B-28'}","{'@type': 'GeoCoordinates', 'latitude': 40.2745097, 'longitude': -111.6813157}","{'@type': 'AggregateRating', 'ratingValue': 4.7, 'reviewCount': '15'}"
Village Inn (933 South University Avenue),https://www.ubereats.com/salt-lake-city/food-delivery/village-inn-933-south-university-avenue/ef3JU659SIWX5aCYpBNMow,spanish-fork-utah,"['Burgers', 'American', 'Sandwiches']",,,$,40.2215206,-111.658387,+18013733037,84601,933 South University Avenue,Provo,UT,"[{'@type': 'OpeningHoursSpecification', 'dayOfWeek': ['Monday', 'Tuesday', 'Wednesday', 'Thursday', 'Friday', 'Saturday', 'Sunday'], 'opens': '7:0', 'closes': '20:0'}]","{'@type': 'PostalAddress', 'addressLocality': 'Provo', 'addressRegion': 'UT', 'postalCode': '84601', 'addressCountry': 'US', 'streetAddress': '933 South University Avenue'}","{'@type': 'GeoCoordinates', 'latitude': 40.2215206, 'longitude': -111.658387}",{}
Rumbi Island Grill (Spanish Fork),https://www.ubereats.com/salt-lake-city/food-delivery/rumbi-island-grill-spanish-fork/rSFLVZtuRCeyL9tNtEvtLA,spanish-fork-utah,"['Asian', 'Asian Fusion', 'Hawaiian']",,,$,40.12584690000001,-111.6400947,+13852333503,84660,1228 N Canyon Creek Pky,Spanish Fork,Utah,"[{'@type': 'OpeningHoursSpecification', 'dayOfWeek': ['Monday', 'Tuesday', 'Wednesday', 'Thursday'], 'opens': '10:45', 'closes': '19:30'}, {'@type': 'OpeningHoursSpecification', 'dayOfWeek': ['Friday', 'Saturday'], 'opens': '10:45', 'closes': '20:30'}]","{'@type': 'PostalAddress', 'addressLocality': 'Spanish Fork', 'addressRegion': 'Utah', 'postalCode': '84660', 'addressCountry': 'US', 'streetAddress': '1228 N Canyon Creek Pky'}","{'@type': 'GeoCoordinates', 'latitude': 40.12584690000001, 'longitude': -111.6400947}",{}
Panda Express (1200 Towne Centre #2072),https://www.ubereats.com/salt-lake-city/food-delivery/panda-express-1200-towne-centre-%232072/3tEGJT2KSRySUpw_M11HZQ,spanish-fork-utah,"['Chinese', 'Family Meals']",4.4,11,$,40.2178982,-111.6631613,+18018523400,84601,1200 Towne Centre #2072,Provo,UT,"[{'@type': 'OpeningHoursSpecification', 'dayOfWeek': 'Sunday', 'opens': '12:0', 'closes': '17:30'}, {'@type': 'OpeningHoursSpecification', 'dayOfWeek': ['Monday', 'Tuesday', 'Wednesday', 'Thursday', 'Friday', 'Saturday'], 'opens': '11:0', 'closes': '19:30'}]","{'@type': 'PostalAddress', 'addressLocality': 'Provo', 'addressRegion': 'UT', 'postalCode': '84601', 'addressCountry': 'US', 'streetAddress': '1200 Towne Centre #2072'}","{'@type': 'GeoCoordinates', 'latitude': 40.2178982, 'longitude': -111.6631613}","{'@type': 'AggregateRating', 'ratingValue': 4.4, 'reviewCount': '11'}"
Burger King (1082 N Canyon Creek Parkway),https://www.ubereats.com/salt-lake-city/food-delivery/burger-king-1082-n-canyon-creek-parkway/Trhv5TkJTXyKWEfIYYyIkw,spanish-fork-utah,"['American', 'burger', 'Fast Food']",,,$,40.1233233,-111.6430392,+18017940515,84660,1082 N Canyon Creek Parkway,Spanish Fork,UT,"[{'@type': 'OpeningHoursSpecification', 'dayOfWeek': 'Sunday', 'opens': '7:30', 'closes': '10:29'}, {'@type': 'OpeningHoursSpecification', 'dayOfWeek': 'Sunday', 'opens': '10:30', 'closes': '21:30'}, {'@type': 'OpeningHoursSpecification', 'dayOfWeek': ['Monday', 'Tuesday', 'Wednesday', 'Thursday', 'Friday', 'Saturday'], 'opens': '6:30', 'closes': '10:29'}, {'@type': 'OpeningHoursSpecification', 'dayOfWeek': ['Monday', 'Tuesday', 'Wednesday', 'Thursday', 'Friday', 'Saturday'], 'opens': '10:30', 'closes': '23:30'}]","{'@type': 'PostalAddress', 'addressLocality': 'Spanish Fork', 'addressRegion': 'UT', 'postalCode': '84660', 'addressCountry': 'US', 'streetAddress': '1082 N Canyon Creek Parkway'}","{'@type': 'GeoCoordinates', 'latitude': 40.1233233, 'longitude': -111.6430392}",{}
Panda Express (748 E. Commerce Way),https://www.ubereats.com/salt-lake-city/food-delivery/panda-express-748-e-commerce-way/flHv90zoRuSk-PmmURy43A,spanish-fork-utah,"['Chinese', 'Family Meals']",4.3,38,$,40.1263152,-111.6437698,+18018949617,84660,748 E. Commerce Way,Spanish Fork,UT,"[{'@type': 'OpeningHoursSpecification', 'dayOfWeek': 'Sunday', 'opens': '11:0', 'closes': '20:30'}, {'@type': 'OpeningHoursSpecification', 'dayOfWeek': ['Monday', 'Tuesday', 'Wednesday', 'Thursday'], 'opens': '10:0', 'closes': '21:0'}, {'@type': 'OpeningHoursSpecification', 'dayOfWeek': ['Friday', 'Saturday'], 'opens': '10:0', 'closes': '21:30'}]","{'@type': 'PostalAddress', 'addressLocality': 'Spanish Fork', 'addressRegion': 'UT', 'postalCode': '84660', 'addressCountry': 'US', 'streetAddress': '748 E. Commerce Way'}","{'@type': 'GeoCoordinates', 'latitude': 40.1263152, 'longitude': -111.6437698}","{'@type': 'AggregateRating', 'ratingValue': 4.3, 'reviewCount': '38'}"
Denny's (1680 N. 200 W.),https://www.ubereats.com/salt-lake-city/food-delivery/dennys-1680-n-200-w/ZyKh8djfSbuViuCasO615A,spanish-fork-utah,"['American', 'Breakfast and Brunch', 'Coffee and Tea', 'Dinner', 'Desserts', 'Salads', 'Steak', 'Sandwich', 'Family Meals']",4.3,22,$$,40.256675,-111.6614761,+18013758362,84604,1680 N Freedom Blvd,Provo,UT,"[{'@type': 'OpeningHoursSpecification', 'dayOfWeek': ['Sunday', 'Monday', 'Tuesday', 'Wednesday', 'Thursday'], 'opens': '7:0', 'closes': '22:0'}, {'@type': 'OpeningHoursSpecification', 'dayOfWeek': ['Friday', 'Saturday'], 'opens': '7:0', 'closes': '23:59'}]","{'@type': 'PostalAddress', 'addressLocality': 'Provo', 'addressRegion': 'UT', 'postalCode': '84604', 'addressCountry': 'US', 'streetAddress': '1680 N Freedom Blvd'}","{'@type': 'GeoCoordinates', 'latitude': 40.256675, 'longitude': -111.6614761}","{'@type': 'AggregateRating', 'ratingValue': 4.3, 'reviewCount': '22'}"
Los 2 Potrillos,https://www.ubereats.com/salt-lake-city/food-delivery/los-2-potrillos/5XTmUfyWQWiDf6mfVPw5UA,spanish-fork-utah,"['Mexican', 'Latin American', 'New Mexican']",,,$,40.107794,-111.655071,+18017986100,84660,146 S Main St 1,Spanish Fork,UT,"[{'@type': 'OpeningHoursSpecification', 'dayOfWeek': ['Monday', 'Tuesday', 'Wednesday', 'Thursday', 'Friday', 'Saturday'], 'opens': '10:0', 'closes': '22:0'}]","{'@type': 'PostalAddress', 'addressLocality': 'Spanish Fork', 'addressRegion': 'UT', 'postalCode': '84660', 'addressCountry': 'US', 'streetAddress': '146 S Main St 1'}","{'@type': 'GeoCoordinates', 'latitude': 40.107794, 'longitude': -111.655071}",{}
Kneaders Bakery & Cafe (Spanish Fork),https://www.ubereats.com/salt-lake-city/food-delivery/kneaders-bakery-%26-cafe-spanish-fork/KMoFajvwTwGg-09JI0L6Zg,spanish-fork-utah,"['American', 'Breakfast and Brunch', 'Desserts']",,,$,40.12293520000001,-111.6454147,+18014235500,84660,531 E 1000 N,Spanish Fork,UT,"[{'@type': 'OpeningHoursSpecification', 'dayOfWeek': ['Monday', 'Tuesday', 'Wednesday', 'Thursday', 'Friday', 'Saturday'], 'opens': '7:0', 'closes': '20:40'}, {'@type': 'OpeningHoursSpecification', 'dayOfWeek': ['Monday', 'Tuesday', 'Wednesday', 'Thursday', 'Friday', 'Saturday'], 'opens': '7:0', 'closes': '10:40'}]","{'@type': 'PostalAddress', 'addressLocality': 'Spanish Fork', 'addressRegion': 'UT', 'postalCode': '84660', 'addressCountry': 'US', 'streetAddress': '531 E 1000 N'}","{'@type': 'GeoCoordinates', 'latitude': 40.12293520000001, 'longitude': -111.6454147}",{}
Sunglow Cafe,https://www.ubereats.com/salt-lake-city/food-delivery/sunglow-cafe/juJm9i3TRDK0JF7cpu9puw,spanish-fork-utah,"['American', 'Breakfast and Brunch', 'Salads']",,,,40.1233526,-111.6558717,+18017940533,84660,80 W 1000 N,Spanish Fork,UT,"[{'@type': 'OpeningHoursSpecification', 'dayOfWeek': 'Sunday', 'opens': '8:0', 'closes': '14:0'}, {'@type': 'OpeningHoursSpecification', 'dayOfWeek': 'Sunday', 'opens': '7:0', 'closes': '11:0'}, {'@type': 'OpeningHoursSpecification', 'dayOfWeek': ['Monday', 'Tuesday', 'Wednesday', 'Thursday', 'Friday', 'Saturday'], 'opens': '8:0', 'closes': '19:0'}, {'@type': 'OpeningHoursSpecification', 'dayOfWeek': ['Monday', 'Tuesday', 'Wednesday', 'Thursday', 'Friday', 'Saturday'], 'opens': '6:30', 'closes': '11:0'}]","{'@type': 'PostalAddress', 'addressLocality': 'Spanish Fork', 'addressRegion': 'UT', 'postalCode': '84660', 'addressCountry': 'US', 'streetAddress': '80 W 1000 N'}","{'@type': 'GeoCoordinates', 'latitude': 40.1233526, 'longitude': -111.6558717}",{}
Arby's (955 E Expressway Square),https://www.ubereats.com/salt-lake-city/food-delivery/arbys-955-e-expressway-square/0lPaFIt4QxyAEQE5vIbq_w,spanish-fork-utah,"['American', 'Sandwich', 'Fast Food', 'Kids Friendly']",5.0,11,$,40.12102670000001,-111.6401012,+18017988640,84660,955 E Expressway Square,Spanish Fork,UT,"[{'@type': 'OpeningHoursSpecification', 'dayOfWeek': ['Sunday', 'Monday', 'Tuesday', 'Wednesday'], 'opens': '10:0', 'closes': '23:30'}, {'@type': 'OpeningHoursSpecification', 'dayOfWeek': ['Thursday', 'Friday', 'Saturday'], 'opens': '10:0', 'closes': '0:30'}]","{'@type': 'PostalAddress', 'addressLocality': 'Spanish Fork', 'addressRegion': 'UT', 'postalCode': '84660', 'addressCountry': 'US', 'streetAddress': '955 E Expressway Square'}","{'@type': 'GeoCoordinates', 'latitude': 40.12102670000001, 'longitude': -111.6401012}","{'@type': 'AggregateRating', 'ratingValue': 5, 'reviewCount': '11'}"
MOD Pizza (Spanish Fork),https://www.ubereats.com/salt-lake-city/food-delivery/mod-pizza-spanish-fork/-9AKHsTrRN2Cap-jUDT0MA,spanish-fork-utah,"['Pizza', 'Desserts', 'Salads', 'American', 'Healthy', 'Vegetarian Friendly', 'Kids Friendly']",4.5,15,$,40.1239026,-111.6452517,+18015154019,84660,521 E 1000 N,Spanish Fork,UT,"[{'@type': 'OpeningHoursSpecification', 'dayOfWeek': ['Monday', 'Tuesday', 'Wednesday', 'Thursday', 'Friday', 'Saturday', 'Sunday'], 'opens': '10:30', 'closes': '21:40'}]","{'@type': 'PostalAddress', 'addressLocality': 'Spanish Fork', 'addressRegion': 'UT', 'postalCode': '84660', 'addressCountry': 'US', 'streetAddress': '521 E 1000 N'}","{'@type': 'GeoCoordinates', 'latitude': 40.1239026, 'longitude': -111.6452517}","{'@type': 'AggregateRating', 'ratingValue': 4.5, 'reviewCount': '15'}"
Ivie Juice Bar,https://www.ubereats.com/salt-lake-city/food-delivery/ivie-juice-bar/io4WGOboSbaYZSuIvkgv7A,spanish-fork-utah,"['Juice and Smoothies', 'Breakfast and Brunch', 'Vegetarian']",,,$,40.2736455,-111.6759809,+18012252255,84097,1273 S 800 E,Orem,UT,"[{'@type': 'OpeningHoursSpecification', 'dayOfWeek': ['Monday', 'Tuesday', 'Wednesday', 'Thursday'], 'opens': '8:30', 'closes': '17:0'}, {'@type': 'OpeningHoursSpecification', 'dayOfWeek': 'Saturday', 'opens': '8:30', 'closes': '17:0'}]","{'@type': 'PostalAddress', 'addressLocality': 'Orem', 'addressRegion': 'UT', 'postalCode': '84097', 'addressCountry': 'US', 'streetAddress': '1273 S 800 E'}","{'@type': 'GeoCoordinates', 'latitude': 40.2736455, 'longitude': -111.6759809}",{}
Chick-fil-A  (825 E Highway 6),https://www.ubereats.com/salt-lake-city/food-delivery/chick-fil-a-825-e-highway-6/Y8ZZ27SWSRSJINqZ_2XcDQ,spanish-fork-utah,"['American', 'Fried Chicken', 'Fast Food', 'Sandwich']",4.6,10,$,40.122624,-111.642096,+18017988129,84660,825 E Highway 6,Spanish Fork,UT,"[{'@type': 'OpeningHoursSpecification', 'dayOfWeek': ['Monday', 'Tuesday', 'Wednesday', 'Thursday', 'Friday', 'Saturday'], 'opens': '6:30', 'closes': '10:0'}, {'@type': 'OpeningHoursSpecification', 'dayOfWeek': ['Monday', 'Tuesday', 'Wednesday', 'Thursday', 'Friday', 'Saturday'], 'opens': '10:0', 'closes': '21:30'}]","{'@type': 'PostalAddress', 'addressLocality': 'Spanish Fork', 'addressRegion': 'UT', 'postalCode': '84660', 'addressCountry': 'US', 'streetAddress': '825 E Highway 6'}","{'@type': 'GeoCoordinates', 'latitude': 40.122624, 'longitude': -111.642096}","{'@type': 'AggregateRating', 'ratingValue': 4.6, 'reviewCount': '10'}"
El Taco-Nazo,https://www.ubereats.com/salt-lake-city/food-delivery/el-taco-nazo/AoQN2He8TRCDESGew1LnXA,spanish-fork-utah,"['Mexican', 'Latin American', 'New Mexican']",,,$,40.2338674,-111.6947886,+18018748366,84601,2048 W Center St,Provo,UT,"[{'@type': 'OpeningHoursSpecification', 'dayOfWeek': ['Monday', 'Tuesday', 'Wednesday', 'Thursday', 'Friday', 'Saturday'], 'opens': '10:0', 'closes': '22:0'}]","{'@type': 'PostalAddress', 'addressLocality': 'Provo', 'addressRegion': 'UT', 'postalCode': '84601', 'addressCountry': 'US', 'streetAddress': '2048 W Center St'}","{'@type': 'GeoCoordinates', 'latitude': 40.2338674, 'longitude': -111.6947886}",{}
Fiiz Drinks Mapleton,https://www.ubereats.com/salt-lake-city/food-delivery/fiiz-drinks-mapleton/ys5-I9Q3QJSfhMOrPaU0IQ,spanish-fork-utah,"['Desserts', 'Coffee and Tea', 'Kids Friendly', 'Ice Cream and Frozen Yogurt']",,,$,40.1372083,-111.5974615,+18015156277,84664,790 North 1600 West,Mapleton,Utah,"[{'@type': 'OpeningHoursSpecification', 'dayOfWeek': ['Monday', 'Tuesday', 'Wednesday', 'Thursday'], 'opens': '7:30', 'closes': '22:0'}, {'@type': 'OpeningHoursSpecification', 'dayOfWeek': 'Friday', 'opens': '7:30', 'closes': '23:0'}, {'@type': 'OpeningHoursSpecification', 'dayOfWeek': 'Saturday', 'opens': '9:0', 'closes': '23:0'}]","{'@type': 'PostalAddress', 'addressLocality': 'Mapleton', 'addressRegion': 'Utah', 'postalCode': '84664', 'addressCountry': 'US', 'streetAddress': '790 North 1600 West'}","{'@type': 'GeoCoordinates', 'latitude': 40.1372083, 'longitude': -111.5974615}",{}
Guru's Cafe,https://www.ubereats.com/salt-lake-city/food-delivery/gurus-cafe/NJndJ7A0Rruwdd3l0qaatQ,spanish-fork-utah,"['Breakfast and Brunch', 'American', 'Sandwiches']",4.7,34,$,40.2340561,-111.657828,+18013754878,84606,45 E Center St.,Provo,UT,"[{'@type': 'OpeningHoursSpecification', 'dayOfWeek': ['Monday', 'Tuesday'], 'opens': '11:0', 'closes': '20:45'}, {'@type': 'OpeningHoursSpecification', 'dayOfWeek': ['Wednesday', 'Thursday', 'Friday', 'Saturday'], 'opens': '8:0', 'closes': '21:45'}]","{'@type': 'PostalAddress', 'addressLocality': 'Provo', 'addressRegion': 'UT', 'postalCode': '84606', 'addressCountry': 'US', 'streetAddress': '45 E Center St.'}","{'@type': 'GeoCoordinates', 'latitude': 40.2340561, 'longitude': -111.657828}","{'@type': 'AggregateRating', 'ratingValue': 4.7, 'reviewCount': '34'}"
A&W (1034 S. University Avenue),https://www.ubereats.com/salt-lake-city/food-delivery/a%26w-1034-s-university-avenue/vk4-XXW8SECGn0LsJbNWhA,spanish-fork-utah,"['American', 'burger', 'Fast Food']",,,$,40.2199112,-111.659598,+18013731363,84601,1034 S. University Avenue,Provo,UT,"[{'@type': 'OpeningHoursSpecification', 'dayOfWeek': 'Sunday', 'opens': '11:0', 'closes': '17:0'}, {'@type': 'OpeningHoursSpecification', 'dayOfWeek': ['Monday', 'Tuesday', 'Wednesday', 'Thursday', 'Friday', 'Saturday'], 'opens': '11:0', 'closes': '18:30'}]","{'@type': 'PostalAddress', 'addressLocality': 'Provo', 'addressRegion': 'UT', 'postalCode': '84601', 'addressCountry': 'US', 'streetAddress': '1034 S. University Avenue'}","{'@type': 'GeoCoordinates', 'latitude': 40.2199112, 'longitude': -111.659598}",{}
The Habit Burger Grill (2245 University Parkway),https://www.ubereats.com/salt-lake-city/food-delivery/the-habit-burger-grill-2245-university-parkway/_f1H8i6CSR6_8qYAXqrYLA,spanish-fork-utah,"['American', 'Burgers', 'Healthy', 'Family Meals']",4.3,84,$,40.2632994,-111.6688207,+13852540940,,,,,"[{'@type': 'OpeningHoursSpecification', 'dayOfWeek': 'Sunday', 'opens': '10:30', 'closes': '20:45'}, {'@type': 'OpeningHoursSpecification', 'dayOfWeek': ['Monday', 'Tuesday', 'Wednesday', 'Thursday', 'Friday', 'Saturday'], 'opens': '10:30', 'closes': '21:45'}]",,"{'@type': 'GeoCoordinates', 'latitude': 40.2632994, 'longitude': -111.6688207}","{'@type': 'AggregateRating', 'ratingValue': 4.3, 'reviewCount': '84'}"
Taco Bell (915 North Main Street),https://www.ubereats.com/salt-lake-city/food-delivery/taco-bell-915-north-main-street/eqmZ83UsQ66AHNrfxiY6zA,spanish-fork-utah,"['Burritos', 'Fast Food', 'Mexican']",4.2,23,$,40.1215946,-111.6551963,+18017988849,84660,915 North Main Street,Spanish Fork,UT,"[{'@type': 'OpeningHoursSpecification', 'dayOfWeek': 'Sunday', 'opens': '14:0', 'closes': '17:0'}, {'@type': 'OpeningHoursSpecification', 'dayOfWeek': 'Sunday', 'opens': '10:0', 'closes': '21:30'}, {'@type': 'OpeningHoursSpecification', 'dayOfWeek': ['Monday', 'Tuesday', 'Wednesday', 'Thursday'], 'opens': '14:0', 'closes': '17:0'}, {'@type': 'OpeningHoursSpecification', 'dayOfWeek': ['Monday', 'Tuesday', 'Wednesday', 'Thursday'], 'opens': '9:0', 'closes': '22:30'}, {'@type': 'OpeningHoursSpecification', 'dayOfWeek': ['Monday', 'Tuesday', 'Wednesday', 'Thursday'], 'opens': '9:0', 'closes': '10:30'}, {'@type': 'OpeningHoursSpecification', 'dayOfWeek': ['Friday', 'Saturday'], 'opens': '14:0', 'closes': '17:0'}, {'@type': 'OpeningHoursSpecification', 'dayOfWeek': ['Friday', 'Saturday'], 'opens': '9:0', 'closes': '10:30'}, {'@type': 'OpeningHoursSpecification', 'dayOfWeek': ['Friday', 'Saturday'], 'opens': '9:0', 'closes': '23:30'}]","{'@type': 'PostalAddress', 'addressLocality': 'Spanish Fork', 'addressRegion': 'UT', 'postalCode': '84660', 'addressCountry': 'US', 'streetAddress': '915 North Main Street'}","{'@type': 'GeoCoordinates', 'latitude': 40.1215946, 'longitude': -111.6551963}","{'@type': 'AggregateRating', 'ratingValue': 4.2, 'reviewCount': '23'}"
Denny's (1460 N 1750 W),https://www.ubereats.com/salt-lake-city/food-delivery/dennys-1460-n-1750-w/ERbmzZ9eRLCDnxahhvjSQQ,spanish-fork-utah,"['American', 'Breakfast and Brunch', 'Coffee and Tea', 'Diner', 'Desserts', 'Salads', 'Steak', 'Sandwich', 'Family Meals']",4.2,10,$$,40.187493,-111.640951,+18014894134,84663,1460 N 1750 W,Springville,UT,"[{'@type': 'OpeningHoursSpecification', 'dayOfWeek': ['Sunday', 'Monday', 'Tuesday', 'Wednesday', 'Thursday'], 'opens': '7:0', 'closes': '22:0'}, {'@type': 'OpeningHoursSpecification', 'dayOfWeek': ['Friday', 'Saturday'], 'opens': '7:0', 'closes': '23:59'}]","{'@type': 'PostalAddress', 'addressLocality': 'Springville', 'addressRegion': 'UT', 'postalCode': '84663', 'addressCountry': 'US', 'streetAddress': '1460 N 1750 W'}","{'@type': 'GeoCoordinates', 'latitude': 40.187493, 'longitude': -111.640951}","{'@type': 'AggregateRating', 'ratingValue': 4.2, 'reviewCount': '10'}"
Aubergine and Company (Orem),https://www.ubereats.com/salt-lake-city/food-delivery/aubergine-and-company-orem/APABFTg8RIWubXgx7IYL2Q,spanish-fork-utah,"['Healthy', 'Vegetarian', 'Salads', 'Family Meals']",4.6,10,$,40.2721432,-111.6826616,+18012247484,84097,1365 S State St,Orem,UT,"[{'@type': 'OpeningHoursSpecification', 'dayOfWeek': ['Monday', 'Tuesday', 'Wednesday', 'Thursday'], 'opens': '11:0', 'closes': '20:30'}, {'@type': 'OpeningHoursSpecification', 'dayOfWeek': ['Monday', 'Tuesday', 'Wednesday', 'Thursday'], 'opens': '11:0', 'closes': '20:30'}, {'@type': 'OpeningHoursSpecification', 'dayOfWeek': ['Friday', 'Saturday'], 'opens': '11:0', 'closes': '21:0'}, {'@type': 'OpeningHoursSpecification', 'dayOfWeek': ['Friday', 'Saturday'], 'opens': '11:0', 'closes': '21:0'}]","{'@type': 'PostalAddress', 'addressLocality': 'Orem', 'addressRegion': 'UT', 'postalCode': '84097', 'addressCountry': 'US', 'streetAddress': '1365 S State St'}","{'@type': 'GeoCoordinates', 'latitude': 40.2721432, 'longitude': -111.6826616}","{'@type': 'AggregateRating', 'ratingValue': 4.6, 'reviewCount': '10'}"
Denny's (592 Kirby Lane),https://www.ubereats.com/salt-lake-city/food-delivery/dennys-592-kirby-lane/dpDtRF8ySbaOtKxL_nfEIQ,spanish-fork-utah,"['American', 'Breakfast and Brunch', 'Coffee and Tea', 'Diner', 'Desserts', 'Salads', 'Steak', 'Sandwich', 'Family Meals']",,,$$,40.124232,-111.64425,+18017987019,84660,592 Kirby Lane,Spanish Fork,UT,"[{'@type': 'OpeningHoursSpecification', 'dayOfWeek': ['Sunday', 'Monday', 'Tuesday', 'Wednesday', 'Thursday'], 'opens': '7:0', 'closes': '22:0'}, {'@type': 'OpeningHoursSpecification', 'dayOfWeek': ['Friday', 'Saturday'], 'opens': '7:0', 'closes': '23:59'}]","{'@type': 'PostalAddress', 'addressLocality': 'Spanish Fork', 'addressRegion': 'UT', 'postalCode': '84660', 'addressCountry': 'US', 'streetAddress': '592 Kirby Lane'}","{'@type': 'GeoCoordinates', 'latitude': 40.124232, 'longitude': -111.64425}",{}
KFC (1045 North Main Street),https://www.ubereats.com/salt-lake-city/food-delivery/kfc-1045-north-main-street/GukkIjHURqmQULasuZ9rzA,spanish-fork-utah,"['American', 'Fast Food', 'wings']",4.5,25,$,40.12352199999999,-111.6551031,+19567951858,84660,1045 North Main Street,Spanish Fork,UT,"[{'@type': 'OpeningHoursSpecification', 'dayOfWeek': ['Monday', 'Tuesday', 'Wednesday', 'Thursday', 'Friday', 'Saturday', 'Sunday'], 'opens': '10:30', 'closes': '21:30'}]","{'@type': 'PostalAddress', 'addressLocality': 'Spanish Fork', 'addressRegion': 'UT', 'postalCode': '84660', 'addressCountry': 'US', 'streetAddress': '1045 North Main Street'}","{'@type': 'GeoCoordinates', 'latitude': 40.12352199999999, 'longitude': -111.6551031}","{'@type': 'AggregateRating', 'ratingValue': 4.5, 'reviewCount': '25'}"
Chinatown Restaurant ,https://www.ubereats.com/salt-lake-city/food-delivery/chinatown-restaurant-%E4%B8%AD%E5%9C%8B%E5%9F%8E%E9%A4%90%E5%BB%B3/4SnuVpPRSAymfhl2jfghQA,spanish-fork-utah,"['Chinese', 'Asian']",4.5,26,$,40.229244,-111.646486,+18013737699,84606,330 S State St,Provo,UT,"[{'@type': 'OpeningHoursSpecification', 'dayOfWeek': 'Sunday', 'opens': '16:0', 'closes': '19:30'}, {'@type': 'OpeningHoursSpecification', 'dayOfWeek': ['Monday', 'Tuesday', 'Wednesday', 'Thursday'], 'opens': '11:0', 'closes': '19:30'}, {'@type': 'OpeningHoursSpecification', 'dayOfWeek': ['Monday', 'Tuesday', 'Wednesday', 'Thursday'], 'opens': '11:0', 'closes': '14:0'}, {'@type': 'OpeningHoursSpecification', 'dayOfWeek': 'Friday', 'opens': '11:0', 'closes': '20:30'}, {'@type': 'OpeningHoursSpecification', 'dayOfWeek': 'Friday', 'opens': '11:0', 'closes': '14:0'}, {'@type': 'OpeningHoursSpecification', 'dayOfWeek': 'Saturday', 'opens': '16:0', 'closes': '20:30'}]","{'@type': 'PostalAddress', 'addressLocality': 'Provo', 'addressRegion': 'UT', 'postalCode': '84606', 'addressCountry': 'US', 'streetAddress': '330 S State St'}","{'@type': 'GeoCoordinates', 'latitude': 40.229244, 'longitude': -111.646486}","{'@type': 'AggregateRating', 'ratingValue': 4.5, 'reviewCount': '26'}"
Taco Bell (287 North Main),https://www.ubereats.com/salt-lake-city/food-delivery/taco-bell-287-north-main/IN-Mt6T0STuGLj_-L6YvrQ,spanish-fork-utah,"['Burritos', 'Fast Food', 'Mexican']",,,$,40.1703696,-111.6108895,+18014919286,84663,287 North Main,Springville,UT,"[{'@type': 'OpeningHoursSpecification', 'dayOfWeek': 'Sunday', 'opens': '14:0', 'closes': '17:0'}, {'@type': 'OpeningHoursSpecification', 'dayOfWeek': 'Sunday', 'opens': '9:0', 'closes': '21:30'}, {'@type': 'OpeningHoursSpecification', 'dayOfWeek': ['Monday', 'Tuesday', 'Wednesday', 'Thursday'], 'opens': '14:0', 'closes': '17:0'}, {'@type': 'OpeningHoursSpecification', 'dayOfWeek': ['Monday', 'Tuesday', 'Wednesday', 'Thursday'], 'opens': '9:0', 'closes': '21:30'}, {'@type': 'OpeningHoursSpecification', 'dayOfWeek': ['Monday', 'Tuesday', 'Wednesday', 'Thursday'], 'opens': '9:0', 'closes': '10:30'}, {'@type': 'OpeningHoursSpecification', 'dayOfWeek': ['Friday', 'Saturday'], 'opens': '14:0', 'closes': '17:0'}, {'@type': 'OpeningHoursSpecification', 'dayOfWeek': ['Friday', 'Saturday'], 'opens': '9:0', 'closes': '10:30'}, {'@type': 'OpeningHoursSpecification', 'dayOfWeek': ['Friday', 'Saturday'], 'opens': '9:0', 'closes': '23:30'}]","{'@type': 'PostalAddress', 'addressLocality': 'Springville', 'addressRegion': 'UT', 'postalCode': '84663', 'addressCountry': 'US', 'streetAddress': '287 North Main'}","{'@type': 'GeoCoordinates', 'latitude': 40.1703696, 'longitude': -111.6108895}",{}
KFC (1034 South University Avenue),https://www.ubereats.com/salt-lake-city/food-delivery/kfc-1034-south-university-avenue/dN9sRHqeQTuAGPJV9RjE0g,spanish-fork-utah,"['American', 'Fast Food', 'wings']",,,$,40.2199112,-111.659598,+13138754373,84601,1034 South University Avenue,Provo,UT,"[{'@type': 'OpeningHoursSpecification', 'dayOfWeek': ['Monday', 'Tuesday', 'Wednesday', 'Thursday', 'Friday', 'Saturday', 'Sunday'], 'opens': '10:30', 'closes': '21:30'}]","{'@type': 'PostalAddress', 'addressLocality': 'Provo', 'addressRegion': 'UT', 'postalCode': '84601', 'addressCountry': 'US', 'streetAddress': '1034 South University Avenue'}","{'@type': 'GeoCoordinates', 'latitude': 40.2199112, 'longitude': -111.659598}",{}
Fiiz Drinks Spanish Fork,https://www.ubereats.com/salt-lake-city/food-delivery/fiiz-drinks-spanish-fork/kOSR7c4gRGmfTTEWAq-Cvg,spanish-fork-utah,"['Desserts', 'Coffee and Tea', 'Ice Cream and Frozen Yogurt', 'Kids Friendly']",,,$,40.1090483,-111.6314326,+18012101390,,,,,"[{'@type': 'OpeningHoursSpecification', 'dayOfWeek': ['Monday', 'Tuesday', 'Wednesday', 'Thursday'], 'opens': '7:30', 'closes': '22:0'}, {'@type': 'OpeningHoursSpecification', 'dayOfWeek': 'Friday', 'opens': '7:30', 'closes': '23:0'}, {'@type': 'OpeningHoursSpecification', 'dayOfWeek': 'Saturday', 'opens': '9:0', 'closes': '23:0'}]",,"{'@type': 'GeoCoordinates', 'latitude': 40.1090483, 'longitude': -111.6314326}",{}
Burger King (390 North Sr 198),https://www.ubereats.com/salt-lake-city/food-delivery/burger-king-390-north-sr-198/2dA6xB5zSoiD2hjeBdfIag,spanish-fork-utah,"['American', 'burger', 'Fast Food']",,,$,40.0604158,-111.6681083,+18014233111,84653,390 North Sr 198,Salem,UT,"[{'@type': 'OpeningHoursSpecification', 'dayOfWeek': 'Sunday', 'opens': '8:30', 'closes': '10:29'}, {'@type': 'OpeningHoursSpecification', 'dayOfWeek': 'Sunday', 'opens': '10:30', 'closes': '19:30'}, {'@type': 'OpeningHoursSpecification', 'dayOfWeek': ['Monday', 'Tuesday', 'Wednesday', 'Thursday', 'Friday', 'Saturday'], 'opens': '6:30', 'closes': '10:29'}, {'@type': 'OpeningHoursSpecification', 'dayOfWeek': ['Monday', 'Tuesday', 'Wednesday', 'Thursday', 'Friday', 'Saturday'], 'opens': '10:30', 'closes': '21:30'}]","{'@type': 'PostalAddress', 'addressLocality': 'Salem', 'addressRegion': 'UT', 'postalCode': '84653', 'addressCountry': 'US', 'streetAddress': '390 North Sr 198'}","{'@type': 'GeoCoordinates', 'latitude': 40.0604158, 'longitude': -111.6681083}",{}
Famous Daves Express,https://www.ubereats.com/salt-lake-city/food-delivery/famous-daves-express/GlNiaArtSn6vmJOZr-AOQg,spanish-fork-utah,"['American', 'BBQ', 'Sandwich', 'Family Meals']",4.7,17,$$,40.2513727,-111.6582283,+18016071249,84604,1280 North University Avenue,Provo,UT,"[{'@type': 'OpeningHoursSpecification', 'dayOfWeek': ['Monday', 'Tuesday', 'Wednesday', 'Thursday', 'Friday', 'Saturday'], 'opens': '11:0', 'closes': '19:30'}]","{'@type': 'PostalAddress', 'addressLocality': 'Provo', 'addressRegion': 'UT', 'postalCode': '84604', 'addressCountry': 'US', 'streetAddress': '1280 North University Avenue'}","{'@type': 'GeoCoordinates', 'latitude': 40.2513727, 'longitude': -111.6582283}","{'@type': 'AggregateRating', 'ratingValue': 4.7, 'reviewCount': '17'}"
Tandoor,https://www.ubereats.com/salt-lake-city/food-delivery/tandoor/Q7IpRCYTRw2oYxWhcVhf5g,spanish-fork-utah,"['Indian', 'Asian', 'Desserts']",4.3,14,$,40.2556176,-111.6603899,+18019609048,,,,,"[{'@type': 'OpeningHoursSpecification', 'dayOfWeek': ['Monday', 'Tuesday', 'Wednesday', 'Thursday', 'Friday', 'Saturday', 'Sunday'], 'opens': '16:0', 'closes': '22:0'}]",,"{'@type': 'GeoCoordinates', 'latitude': 40.2556176, 'longitude': -111.6603899}","{'@type': 'AggregateRating', 'ratingValue': 4.3, 'reviewCount': '14'}"
Tropical Smoothie Cafe - The Village at Springville,https://www.ubereats.com/salt-lake-city/food-delivery/tropical-smoothie-cafe-the-village-at-springville/BZ-VSA6bREicexX1WhQg2Q,spanish-fork-utah,"['Juice and Smoothies', 'Healthy', 'Sandwich']",,,$,40.16077,-111.6290887,+14356191767,84663,977 W 400 S Suite 206,Springville,UT,"[{'@type': 'OpeningHoursSpecification', 'dayOfWeek': 'Sunday', 'opens': '12:0', 'closes': '20:0'}, {'@type': 'OpeningHoursSpecification', 'dayOfWeek': ['Monday', 'Tuesday', 'Wednesday', 'Thursday', 'Friday', 'Saturday'], 'opens': '7:0', 'closes': '22:0'}]","{'@type': 'PostalAddress', 'addressLocality': 'Springville', 'addressRegion': 'UT', 'postalCode': '84663', 'addressCountry': 'US', 'streetAddress': '977 W 400 S Suite 206'}","{'@type': 'GeoCoordinates', 'latitude': 40.16077, 'longitude': -111.6290887}",{}
Jersey Mike's (1129 W 400 S),https://www.ubereats.com/salt-lake-city/food-delivery/jersey-mikes-1129-w-400-s/HAlKbdz_Tn29V97p4yT5NA,spanish-fork-utah,"['Sandwich', 'American']",,,$,40.1606217,-111.6305988,+18015156244,84663,1129 W 400 S,Springville,UT,"[{'@type': 'OpeningHoursSpecification', 'dayOfWeek': ['Monday', 'Tuesday', 'Wednesday', 'Thursday', 'Friday', 'Saturday'], 'opens': '7:0', 'closes': '20:30'}]","{'@type': 'PostalAddress', 'addressLocality': 'Springville', 'addressRegion': 'UT', 'postalCode': '84663', 'addressCountry': 'US', 'streetAddress': '1129 W 400 S'}","{'@type': 'GeoCoordinates', 'latitude': 40.1606217, 'longitude': -111.6305988}",{}
P.F. Chang's (575 E University Pkwy Suite A-20),https://www.ubereats.com/salt-lake-city/food-delivery/pf-changs-575-e-university-pkwy-suite-a-20/zDunbxCNS6-OzRBACsv6Zw,spanish-fork-utah,['Chinese'],4.5,37,$$,40.2750825,-111.6813901,+18014260900,84097,575 E University Pkwy Suite A-20,Orem,UT,"[{'@type': 'OpeningHoursSpecification', 'dayOfWeek': ['Monday', 'Tuesday', 'Wednesday', 'Thursday', 'Friday'], 'opens': '11:0', 'closes': '20:30'}, {'@type': 'OpeningHoursSpecification', 'dayOfWeek': ['Monday', 'Tuesday', 'Wednesday', 'Thursday', 'Friday'], 'opens': '11:0', 'closes': '15:30'}, {'@type': 'OpeningHoursSpecification', 'dayOfWeek': 'Saturday', 'opens': '11:0', 'closes': '20:30'}]","{'@type': 'PostalAddress', 'addressLocality': 'Orem', 'addressRegion': 'UT', 'postalCode': '84097', 'addressCountry': 'US', 'streetAddress': '575 E University Pkwy Suite A-20'}","{'@type': 'GeoCoordinates', 'latitude': 40.2750825, 'longitude': -111.6813901}","{'@type': 'AggregateRating', 'ratingValue': 4.5, 'reviewCount': '37'}"
IHOP 1745,https://www.ubereats.com/salt-lake-city/food-delivery/ihop-1745/Nd7XUBBWQxCw17TTRR0CaQ,spanish-fork-utah,"['Breakfast and Brunch', 'Family Meals']",5.0,11,$,40.160672,-111.644138,+18014913400,84663,1852 W 500 S,Springville,Utah,"[{'@type': 'OpeningHoursSpecification', 'dayOfWeek': 'Sunday', 'opens': '6:0', 'closes': '16:50'}, {'@type': 'OpeningHoursSpecification', 'dayOfWeek': ['Monday', 'Tuesday', 'Wednesday', 'Thursday', 'Friday', 'Saturday'], 'opens': '6:0', 'closes': '21:50'}]","{'@type': 'PostalAddress', 'addressLocality': 'Springville', 'addressRegion': 'Utah', 'postalCode': '84663', 'addressCountry': 'US', 'streetAddress': '1852 W 500 S'}","{'@type': 'GeoCoordinates', 'latitude': 40.160672, 'longitude': -111.644138}","{'@type': 'AggregateRating', 'ratingValue': 5, 'reviewCount': '11'}"
Sonic (Provo),https://www.ubereats.com/salt-lake-city/food-delivery/sonic-provo/pa3nclNPTEazhNVvL5dRoA,spanish-fork-utah,"['American', 'burger', 'Fast Food', 'Hot Dog', 'Sandwich']",3.8,90,$$,40.2518176,-111.6676329,+18013776100,84604,1296 N State St,Provo,UT,"[{'@type': 'OpeningHoursSpecification', 'dayOfWeek': 'Sunday', 'opens': '0:0', 'closes': '1:30'}, {'@type': 'OpeningHoursSpecification', 'dayOfWeek': 'Sunday', 'opens': '9:30', 'closes': '22:30'}, {'@type': 'OpeningHoursSpecification', 'dayOfWeek': 'Monday', 'opens': '7:30', 'closes': '23:59'}, {'@type': 'OpeningHoursSpecification', 'dayOfWeek': ['Tuesday', 'Wednesday', 'Thursday', 'Friday'], 'opens': '0:0', 'closes': '0:30'}, {'@type': 'OpeningHoursSpecification', 'dayOfWeek': ['Tuesday', 'Wednesday', 'Thursday', 'Friday'], 'opens': '7:30', 'closes': '23:59'}, {'@type': 'OpeningHoursSpecification', 'dayOfWeek': 'Saturday', 'opens': '0:0', 'closes': '1:30'}, {'@type': 'OpeningHoursSpecification', 'dayOfWeek': 'Saturday', 'opens': '8:30', 'closes': '23:59'}]","{'@type': 'PostalAddress', 'addressLocality': 'Provo', 'addressRegion': 'UT', 'postalCode': '84604', 'addressCountry': 'US', 'streetAddress': '1296 N State St'}","{'@type': 'GeoCoordinates', 'latitude': 40.2518176, 'longitude': -111.6676329}","{'@type': 'AggregateRating', 'ratingValue': 3.8, 'reviewCount': '90'}"
McDonald's (950 E EXPRESSWAY LN),https://www.ubereats.com/salt-lake-city/food-delivery/mcdonalds-950-e-expressway-ln/e38lxGAqQQqERQnkUwmK5A,spanish-fork-utah,"['American', 'Burgers', 'Fast Food']",4.5,24,$,40.120638,-111.639077,+18015046160,84660-1300,950 E EXPRESSWAY LN,SPANISH FORK,UT,"[{'@type': 'OpeningHoursSpecification', 'dayOfWeek': 'Sunday', 'opens': '4:0', 'closes': '10:59'}, {'@type': 'OpeningHoursSpecification', 'dayOfWeek': 'Sunday', 'opens': '11:0', 'closes': '16:59'}, {'@type': 'OpeningHoursSpecification', 'dayOfWeek': 'Sunday', 'opens': '17:0', 'closes': '3:59'}, {'@type': 'OpeningHoursSpecification', 'dayOfWeek': ['Monday', 'Tuesday', 'Wednesday', 'Thursday', 'Friday'], 'opens': '4:0', 'closes': '10:29'}, {'@type': 'OpeningHoursSpecification', 'dayOfWeek': ['Monday', 'Tuesday', 'Wednesday', 'Thursday', 'Friday'], 'opens': '10:30', 'closes': '16:59'}, {'@type': 'OpeningHoursSpecification', 'dayOfWeek': ['Monday', 'Tuesday', 'Wednesday', 'Thursday', 'Friday'], 'opens': '17:0', 'closes': '3:59'}, {'@type': 'OpeningHoursSpecification', 'dayOfWeek': 'Saturday', 'opens': '4:0', 'closes': '10:59'}, {'@type': 'OpeningHoursSpecification', 'dayOfWeek': 'Saturday', 'opens': '11:0', 'closes': '16:59'}, {'@type': 'OpeningHoursSpecification', 'dayOfWeek': 'Saturday', 'opens': '17:0', 'closes': '3:59'}]","{'@type': 'PostalAddress', 'addressLocality': 'SPANISH FORK', 'addressRegion': 'UT', 'postalCode': '84660-1300', 'addressCountry': 'US', 'streetAddress': '950 E EXPRESSWAY LN'}","{'@type': 'GeoCoordinates', 'latitude': 40.120638, 'longitude': -111.639077}","{'@type': 'AggregateRating', 'ratingValue': 4.5, 'reviewCount': '24'}"
"PJ Fresh (I15 & Exit 265, 1460 N 1750 W)",https://www.ubereats.com/salt-lake-city/food-delivery/pj-fresh-i15-%26-exit-265-1460-n-1750-w/V7d9Uy4US_m6sr2dXCn-2w,spanish-fork-utah,"['Burgers', 'American', 'Sandwiches']",,,$,40.1874931,-111.6409511,+18014893622,84663,I15 & Exit 265 1460 N 1750 W,Springville,UT,"[{'@type': 'OpeningHoursSpecification', 'dayOfWeek': ['Sunday', 'Monday', 'Tuesday', 'Wednesday', 'Thursday', 'Friday'], 'opens': '7:0', 'closes': '19:0'}]","{'@type': 'PostalAddress', 'addressLocality': 'Springville', 'addressRegion': 'UT', 'postalCode': '84663', 'addressCountry': 'US', 'streetAddress': 'I15 & Exit 265 1460 N 1750 W'}","{'@type': 'GeoCoordinates', 'latitude': 40.1874931, 'longitude': -111.6409511}",{}
Taco Bell (1680 W 400 S),https://www.ubereats.com/salt-lake-city/food-delivery/taco-bell-1680-w-400-s/CBWyMF--RlaYco2qZ4mUUg,spanish-fork-utah,"['Burritos', 'Fast Food', 'Mexican']",,,$,40.16178689999999,-111.6411671,+13853270067,84663,1680 W 400 S,Springville,UT,"[{'@type': 'OpeningHoursSpecification', 'dayOfWeek': 'Sunday', 'opens': '14:0', 'closes': '17:0'}, {'@type': 'OpeningHoursSpecification', 'dayOfWeek': 'Sunday', 'opens': '10:0', 'closes': '21:30'}, {'@type': 'OpeningHoursSpecification', 'dayOfWeek': ['Monday', 'Tuesday', 'Wednesday', 'Thursday'], 'opens': '14:0', 'closes': '17:0'}, {'@type': 'OpeningHoursSpecification', 'dayOfWeek': ['Monday', 'Tuesday', 'Wednesday', 'Thursday'], 'opens': '8:0', 'closes': '22:30'}, {'@type': 'OpeningHoursSpecification', 'dayOfWeek': ['Monday', 'Tuesday', 'Wednesday', 'Thursday'], 'opens': '8:0', 'closes': '10:30'}, {'@type': 'OpeningHoursSpecification', 'dayOfWeek': ['Friday', 'Saturday'], 'opens': '14:0', 'closes': '17:0'}, {'@type': 'OpeningHoursSpecification', 'dayOfWeek': ['Friday', 'Saturday'], 'opens': '8:0', 'closes': '10:30'}, {'@type': 'OpeningHoursSpecification', 'dayOfWeek': ['Friday', 'Saturday'], 'opens': '8:0', 'closes': '23:30'}]","{'@type': 'PostalAddress', 'addressLocality': 'Springville', 'addressRegion': 'UT', 'postalCode': '84663', 'addressCountry': 'US', 'streetAddress': '1680 W 400 S'}","{'@type': 'GeoCoordinates', 'latitude': 40.16178689999999, 'longitude': -111.6411671}",{}
Ohana Grill,https://www.ubereats.com/salt-lake-city/food-delivery/ohana-grill/R1rzyaQEQDOx84Vt7nngwA,spanish-fork-utah,"['Hawaiian', 'Chicken', 'Rice-bowls']",,,$,40.2151092,-111.6350328,+18014271901,84606,1409 S State St,Provo,UT,"[{'@type': 'OpeningHoursSpecification', 'dayOfWeek': ['Tuesday', 'Wednesday', 'Thursday', 'Friday'], 'opens': '11:0', 'closes': '20:0'}, {'@type': 'OpeningHoursSpecification', 'dayOfWeek': ['Tuesday', 'Wednesday', 'Thursday', 'Friday'], 'opens': '11:0', 'closes': '20:0'}, {'@type': 'OpeningHoursSpecification', 'dayOfWeek': 'Saturday', 'opens': '11:0', 'closes': '18:0'}, {'@type': 'OpeningHoursSpecification', 'dayOfWeek': 'Saturday', 'opens': '11:0', 'closes': '18:0'}]","{'@type': 'PostalAddress', 'addressLocality': 'Provo', 'addressRegion': 'UT', 'postalCode': '84606', 'addressCountry': 'US', 'streetAddress': '1409 S State St'}","{'@type': 'GeoCoordinates', 'latitude': 40.2151092, 'longitude': -111.6350328}",{}
Cracker Barrel Old Country Store (460 South 2000 West),https://www.ubereats.com/salt-lake-city/food-delivery/cracker-barrel-old-country-store-460-south-2000-west/-sH-4kLhSHWVpaLlqyb3rw,spanish-fork-utah,"['Burgers', 'American', 'Sandwiches', 'Family Meals']",4.3,22,$,40.1601749,-111.6502822,+18014890133,84663,460 South 2000 West,Springville,UT,"[{'@type': 'OpeningHoursSpecification', 'dayOfWeek': ['Sunday', 'Monday', 'Tuesday', 'Wednesday', 'Thursday'], 'opens': '7:30', 'closes': '20:0'}, {'@type': 'OpeningHoursSpecification', 'dayOfWeek': ['Sunday', 'Monday', 'Tuesday', 'Wednesday', 'Thursday'], 'opens': '10:30', 'closes': '20:0'}, {'@type': 'OpeningHoursSpecification', 'dayOfWeek': ['Sunday', 'Monday', 'Tuesday', 'Wednesday', 'Thursday'], 'opens': '7:30', 'closes': '20:0'}, {'@type': 'OpeningHoursSpecification', 'dayOfWeek': ['Friday', 'Saturday'], 'opens': '7:30', 'closes': '21:0'}, {'@type': 'OpeningHoursSpecification', 'dayOfWeek': ['Friday', 'Saturday'], 'opens': '10:30', 'closes': '21:0'}, {'@type': 'OpeningHoursSpecification', 'dayOfWeek': ['Friday', 'Saturday'], 'opens': '7:30', 'closes': '21:0'}]","{'@type': 'PostalAddress', 'addressLocality': 'Springville', 'addressRegion': 'UT', 'postalCode': '84663', 'addressCountry': 'US', 'streetAddress': '460 South 2000 West'}","{'@type': 'GeoCoordinates', 'latitude': 40.1601749, 'longitude': -111.6502822}","{'@type': 'AggregateRating', 'ratingValue': 4.3, 'reviewCount': '22'}"
Subway (1187 N Chappel Dr),https://www.ubereats.com/salt-lake-city/food-delivery/subway-1187-n-chappel-dr/xsj0_qkOS1S7eaGhkOJZNw,spanish-fork-utah,"['Fast Food', 'Sandwich', 'American']",,,$,40.12389710000001,-111.6393412,+18017986640,84660,1187 N Chappel Dr,Spanish Fork,UT,"[{'@type': 'OpeningHoursSpecification', 'dayOfWeek': 'Sunday', 'opens': '11:0', 'closes': '18:30'}, {'@type': 'OpeningHoursSpecification', 'dayOfWeek': ['Monday', 'Tuesday', 'Wednesday', 'Thursday', 'Friday', 'Saturday'], 'opens': '10:0', 'closes': '19:30'}]","{'@type': 'PostalAddress', 'addressLocality': 'Spanish Fork', 'addressRegion': 'UT', 'postalCode': '84660', 'addressCountry': 'US', 'streetAddress': '1187 N Chappel Dr'}","{'@type': 'GeoCoordinates', 'latitude': 40.12389710000001, 'longitude': -111.6393412}",{}
"Starbucks (Chappel Dr & Hwy 6, Spanish Fo)",https://www.ubereats.com/salt-lake-city/food-delivery/starbucks-chappel-dr-%26-hwy-6-spanish-fo/BRl9sP1cQ3G9_Ny4LQ4X7A,spanish-fork-utah,"['Bakery', 'Breakfast and Brunch', 'Cafe', 'Coffee & Tea']",4.9,10,$,40.12359,-111.6447509,+18017985344,84660,575 E 1000 N,Spanish Fork,UT,"[{'@type': 'OpeningHoursSpecification', 'dayOfWeek': 'Sunday', 'opens': '6:0', 'closes': '21:30'}, {'@type': 'OpeningHoursSpecification', 'dayOfWeek': ['Monday', 'Tuesday', 'Wednesday', 'Thursday'], 'opens': '5:0', 'closes': '21:30'}, {'@type': 'OpeningHoursSpecification', 'dayOfWeek': 'Friday', 'opens': '5:0', 'closes': '22:30'}, {'@type': 'OpeningHoursSpecification', 'dayOfWeek': 'Saturday', 'opens': '5:30', 'closes': '22:30'}]","{'@type': 'PostalAddress', 'addressLocality': 'Spanish Fork', 'addressRegion': 'UT', 'postalCode': '84660', 'addressCountry': 'US', 'streetAddress': '575 E 1000 N'}","{'@type': 'GeoCoordinates', 'latitude': 40.12359, 'longitude': -111.6447509}","{'@type': 'AggregateRating', 'ratingValue': 4.9, 'reviewCount': '10'}"
Subway (660 S 1750 W),https://www.ubereats.com/salt-lake-city/food-delivery/subway-660-s-1750-w/32YfPxI-QdGOljuQgywQew,spanish-fork-utah,"['Fast Food', 'Sandwich', 'American']",,,$,40.1582262,-111.6448325,+18018531310,84663,660 S 1750 W,Springville,UT,"[{'@type': 'OpeningHoursSpecification', 'dayOfWeek': 'Sunday', 'opens': '11:0', 'closes': '18:30'}, {'@type': 'OpeningHoursSpecification', 'dayOfWeek': ['Monday', 'Tuesday', 'Wednesday', 'Thursday', 'Friday', 'Saturday'], 'opens': '10:0', 'closes': '19:30'}]","{'@type': 'PostalAddress', 'addressLocality': 'Springville', 'addressRegion': 'UT', 'postalCode': '84663', 'addressCountry': 'US', 'streetAddress': '660 S 1750 W'}","{'@type': 'GeoCoordinates', 'latitude': 40.1582262, 'longitude': -111.6448325}",{}
"Rancheritos Mexican Food - Provo, UT",https://www.ubereats.com/salt-lake-city/food-delivery/rancheritos-mexican-food-provo-ut/IvxetgG_Tbiz-e9rs2sqGw,spanish-fork-utah,"['Mexican', 'New Mexican', 'Breakfast and Brunch']",4.3,106,$$,40.2210855,-111.6592686,+18016910786,84601,960 S University Ave,Provo,UT,"[{'@type': 'OpeningHoursSpecification', 'dayOfWeek': ['Monday', 'Tuesday', 'Wednesday', 'Thursday', 'Friday', 'Saturday', 'Sunday'], 'opens': '0:0', 'closes': '23:55'}]","{'@type': 'PostalAddress', 'addressLocality': 'Provo', 'addressRegion': 'UT', 'postalCode': '84601', 'addressCountry': 'US', 'streetAddress': '960 S University Ave'}","{'@type': 'GeoCoordinates', 'latitude': 40.2210855, 'longitude': -111.6592686}","{'@type': 'AggregateRating', 'ratingValue': 4.3, 'reviewCount': '106'}"
Clark's Island Donuts,https://www.ubereats.com/salt-lake-city/food-delivery/clarks-island-donuts/rjJX76BMQLmVPkB5BnSCyQ,spanish-fork-utah,"['Breakfast and Brunch', 'American', 'Sandwiches']",,,$,40.2169746,-111.6627188,+18012525746,84601,1200 Towne Centre Blvd,Provo,UT,"[{'@type': 'OpeningHoursSpecification', 'dayOfWeek': ['Monday', 'Tuesday', 'Wednesday', 'Thursday', 'Friday', 'Saturday'], 'opens': '12:0', 'closes': '20:0'}]","{'@type': 'PostalAddress', 'addressLocality': 'Provo', 'addressRegion': 'UT', 'postalCode': '84601', 'addressCountry': 'US', 'streetAddress': '1200 Towne Centre Blvd'}","{'@type': 'GeoCoordinates', 'latitude': 40.2169746, 'longitude': -111.6627188}",{}
Don Chuys taco shop,https://www.ubereats.com/salt-lake-city/food-delivery/don-chuys-taco-shop/Y8yo8Fa1SO2sGldsZU1-pg,spanish-fork-utah,"['Mexican', 'New Mexican', 'Kids Friendly']",4.2,24,$$,40.241055,-111.642806,+17029721930,84606,520 900 E,Provo,UT,"[{'@type': 'OpeningHoursSpecification', 'dayOfWeek': 'Sunday', 'opens': '12:0', 'closes': '20:30'}, {'@type': 'OpeningHoursSpecification', 'dayOfWeek': 'Sunday', 'opens': '10:0', 'closes': '22:0'}, {'@type': 'OpeningHoursSpecification', 'dayOfWeek': 'Sunday', 'opens': '10:0', 'closes': '22:0'}, {'@type': 'OpeningHoursSpecification', 'dayOfWeek': ['Monday', 'Tuesday', 'Wednesday', 'Thursday'], 'opens': '8:0', 'closes': '0:0'}, {'@type': 'OpeningHoursSpecification', 'dayOfWeek': ['Friday', 'Saturday'], 'opens': '8:0', 'closes': '2:0'}, {'@type': 'OpeningHoursSpecification', 'dayOfWeek': ['Friday', 'Saturday'], 'opens': '8:0', 'closes': '2:0'}]","{'@type': 'PostalAddress', 'addressLocality': 'Provo', 'addressRegion': 'UT', 'postalCode': '84606', 'addressCountry': 'US', 'streetAddress': '520 900 E'}","{'@type': 'GeoCoordinates', 'latitude': 40.241055, 'longitude': -111.642806}","{'@type': 'AggregateRating', 'ratingValue': 4.2, 'reviewCount': '24'}"
McDonald's (NWC I-15 & 400 SOUTH),https://www.ubereats.com/salt-lake-city/food-delivery/mcdonalds-nwc-i-15-%26-400-south/xMkD-B5YQky_UY_0fQpcrA,spanish-fork-utah,"['American', 'Burgers', 'Fast Food']",4.6,20,$,40.162055,-111.651955,+18014895668,84663,NWC I-15 & 400 SOUTH,SPRINGVILLE,UT,"[{'@type': 'OpeningHoursSpecification', 'dayOfWeek': 'Sunday', 'opens': '4:0', 'closes': '10:59'}, {'@type': 'OpeningHoursSpecification', 'dayOfWeek': 'Sunday', 'opens': '11:0', 'closes': '16:59'}, {'@type': 'OpeningHoursSpecification', 'dayOfWeek': 'Sunday', 'opens': '17:0', 'closes': '3:59'}, {'@type': 'OpeningHoursSpecification', 'dayOfWeek': ['Monday', 'Tuesday', 'Wednesday', 'Thursday', 'Friday'], 'opens': '4:0', 'closes': '10:29'}, {'@type': 'OpeningHoursSpecification', 'dayOfWeek': ['Monday', 'Tuesday', 'Wednesday', 'Thursday', 'Friday'], 'opens': '10:30', 'closes': '16:59'}, {'@type': 'OpeningHoursSpecification', 'dayOfWeek': ['Monday', 'Tuesday', 'Wednesday', 'Thursday', 'Friday'], 'opens': '17:0', 'closes': '3:59'}, {'@type': 'OpeningHoursSpecification', 'dayOfWeek': 'Saturday', 'opens': '4:0', 'closes': '10:59'}, {'@type': 'OpeningHoursSpecification', 'dayOfWeek': 'Saturday', 'opens': '11:0', 'closes': '16:59'}, {'@type': 'OpeningHoursSpecification', 'dayOfWeek': 'Saturday', 'opens': '17:0', 'closes': '3:59'}]","{'@type': 'PostalAddress', 'addressLocality': 'SPRINGVILLE', 'addressRegion': 'UT', 'postalCode': '84663', 'addressCountry': 'US', 'streetAddress': 'NWC I-15 & 400 SOUTH'}","{'@type': 'GeoCoordinates', 'latitude': 40.162055, 'longitude': -111.651955}","{'@type': 'AggregateRating', 'ratingValue': 4.6, 'reviewCount': '20'}"
Rockwell Ice Cream Co. ,https://www.ubereats.com/salt-lake-city/food-delivery/rockwell-ice-cream-co/cARkIunoQ8uQI3BV24GzcQ,spanish-fork-utah,['Ice Cream & Frozen Yogurt'],,,,40.2343696,-111.6590369,+18013185950,84601,43 N University Ave,Provo,UT,"[{'@type': 'OpeningHoursSpecification', 'dayOfWeek': ['Monday', 'Tuesday', 'Wednesday', 'Thursday'], 'opens': '11:0', 'closes': '22:0'}, {'@type': 'OpeningHoursSpecification', 'dayOfWeek': ['Friday', 'Saturday'], 'opens': '11:0', 'closes': '23:0'}]","{'@type': 'PostalAddress', 'addressLocality': 'Provo', 'addressRegion': 'UT', 'postalCode': '84601', 'addressCountry': 'US', 'streetAddress': '43 N University Ave'}","{'@type': 'GeoCoordinates', 'latitude': 40.2343696, 'longitude': -111.6590369}",{}
Del Taco (442 South 1750 West),https://www.ubereats.com/salt-lake-city/food-delivery/del-taco-442-south-1750-west/XV0CB9U0Tb6_ckmq-QyfrQ,spanish-fork-utah,"['Fast Food', 'Mexican', 'Tacos']",4.9,18,$,40.16102219999999,-111.6428296,+18014893031,84663,442 South 1750 West,Springville,UT,"[{'@type': 'OpeningHoursSpecification', 'dayOfWeek': ['Monday', 'Tuesday', 'Wednesday', 'Thursday', 'Friday', 'Saturday', 'Sunday'], 'opens': '0:0', 'closes': '23:59'}]","{'@type': 'PostalAddress', 'addressLocality': 'Springville', 'addressRegion': 'UT', 'postalCode': '84663', 'addressCountry': 'US', 'streetAddress': '442 South 1750 West'}","{'@type': 'GeoCoordinates', 'latitude': 40.16102219999999, 'longitude': -111.6428296}","{'@type': 'AggregateRating', 'ratingValue': 4.9, 'reviewCount': '18'}"
Beto's Truck,https://www.ubereats.com/salt-lake-city/food-delivery/betos-truck/8nZcC_RwTnGvEdIvsUt4Kg,spanish-fork-utah,"['Mexican', 'Latin American', 'New Mexican']",,,$,40.2333213,-111.6697522,+18017026930,84601,615 W Center St B,Provo,Utah,"[{'@type': 'OpeningHoursSpecification', 'dayOfWeek': ['Sunday', 'Monday', 'Tuesday', 'Wednesday', 'Thursday'], 'opens': '0:0', 'closes': '1:0'}, {'@type': 'OpeningHoursSpecification', 'dayOfWeek': ['Sunday', 'Monday', 'Tuesday', 'Wednesday', 'Thursday'], 'opens': '5:0', 'closes': '23:59'}, {'@type': 'OpeningHoursSpecification', 'dayOfWeek': ['Sunday', 'Monday', 'Tuesday', 'Wednesday', 'Thursday'], 'opens': '5:0', 'closes': '23:59'}, {'@type': 'OpeningHoursSpecification', 'dayOfWeek': ['Sunday', 'Monday', 'Tuesday', 'Wednesday', 'Thursday'], 'opens': '0:0', 'closes': '1:0'}, {'@type': 'OpeningHoursSpecification', 'dayOfWeek': ['Friday', 'Saturday'], 'opens': '0:0', 'closes': '2:0'}, {'@type': 'OpeningHoursSpecification', 'dayOfWeek': ['Friday', 'Saturday'], 'opens': '5:0', 'closes': '23:59'}, {'@type': 'OpeningHoursSpecification', 'dayOfWeek': ['Friday', 'Saturday'], 'opens': '5:0', 'closes': '23:59'}, {'@type': 'OpeningHoursSpecification', 'dayOfWeek': ['Friday', 'Saturday'], 'opens': '0:0', 'closes': '2:0'}]","{'@type': 'PostalAddress', 'addressLocality': 'Provo', 'addressRegion': 'Utah', 'postalCode': '84601', 'addressCountry': 'US', 'streetAddress': '615 W Center St B'}","{'@type': 'GeoCoordinates', 'latitude': 40.2333213, 'longitude': -111.6697522}",{}
