name,url,city,cuisine,avgRating,numReviews,priceRange,latitude,longitude,telephone,postalCode,streetAddress,addressLocality,addressRegion,openingHoursSpecification,addressString,geoString,ratingString
Arby's (Quakertown),https://www.ubereats.com/philadelphia/food-delivery/arbys-quakertown/eEbaHhtfSdG_t_ddqJD28w,telford-pennsylvania,"['American', 'Sandwich', 'Chicken', 'Fast Food', 'Kids Friendly']",,,$$,40.4484555,-75.3608544,+12155389044,18951,175 N WESTEND BLVD,QUAKERTOWN,PA,"[{'@type': 'OpeningHoursSpecification', 'dayOfWeek': 'Sunday', 'opens': '10:0', 'closes': '19:55'}, {'@type': 'OpeningHoursSpecification', 'dayOfWeek': 'Sunday', 'opens': '10:0', 'closes': '21:50'}, {'@type': 'OpeningHoursSpecification', 'dayOfWeek': ['Monday', 'Tuesday', 'Wednesday', 'Thursday', 'Friday', 'Saturday'], 'opens': '10:0', 'closes': '19:55'}]","{'@type': 'PostalAddress', 'addressLocality': 'QUAKERTOWN', 'addressRegion': 'PA', 'postalCode': '18951', 'addressCountry': 'US', 'streetAddress': '175 N WESTEND BLVD'}","{'@type': 'GeoCoordinates', 'latitude': 40.4484555, 'longitude': -75.3608544}",{}
Flying Deutschman,https://www.ubereats.com/philadelphia/food-delivery/flying-deutschman/hQz9o1cGSZSwPJuvvMbgSQ,telford-pennsylvania,"['European', 'Modern European', 'German']",,,$,40.34677980000001,-75.22533729999999,+16103337908,18944,2730 Hilltown Pike,Perkasie,PA,"[{'@type': 'OpeningHoursSpecification', 'dayOfWeek': ['Monday', 'Tuesday', 'Wednesday', 'Thursday', 'Friday', 'Saturday', 'Sunday'], 'opens': '0:0', 'closes': '23:59'}]","{'@type': 'PostalAddress', 'addressLocality': 'Perkasie', 'addressRegion': 'PA', 'postalCode': '18944', 'addressCountry': 'US', 'streetAddress': '2730 Hilltown Pike'}","{'@type': 'GeoCoordinates', 'latitude': 40.34677980000001, 'longitude': -75.22533729999999}",{}
Rita's of Lansdale,https://www.ubereats.com/philadelphia/food-delivery/ritas-of-lansdale/JYDfVzEsTDuFBlG1Q-ebLA,telford-pennsylvania,"['Desserts', 'Coffee and Tea', 'Comfort Food']",5.0,70,$,40.2424817,-75.28306409999999,+12153685010,19446,214 N Broad St,Lansdale,PA,"[{'@type': 'OpeningHoursSpecification', 'dayOfWeek': ['Monday', 'Tuesday', 'Wednesday', 'Thursday', 'Friday', 'Saturday', 'Sunday'], 'opens': '12:0', 'closes': '21:30'}]","{'@type': 'PostalAddress', 'addressLocality': 'Lansdale', 'addressRegion': 'PA', 'postalCode': '19446', 'addressCountry': 'US', 'streetAddress': '214 N Broad St'}","{'@type': 'GeoCoordinates', 'latitude': 40.2424817, 'longitude': -75.28306409999999}","{'@type': 'AggregateRating', 'ratingValue': 5, 'reviewCount': '70'}"
Panico's Neighborhood Grill,https://www.ubereats.com/philadelphia/food-delivery/panicos-neighborhood-grill/QWf-anDIT8-HzfwW-B_AHQ,telford-pennsylvania,"['Wings', 'Sandwich', 'American']",,,$,40.249989,-75.287109,+12673288618,19446,530 N Cannon Ave,Lansdale,PA,"[{'@type': 'OpeningHoursSpecification', 'dayOfWeek': ['Monday', 'Tuesday', 'Wednesday', 'Thursday', 'Friday', 'Saturday', 'Sunday'], 'opens': '12:0', 'closes': '0:30'}]","{'@type': 'PostalAddress', 'addressLocality': 'Lansdale', 'addressRegion': 'PA', 'postalCode': '19446', 'addressCountry': 'US', 'streetAddress': '530 N Cannon Ave'}","{'@type': 'GeoCoordinates', 'latitude': 40.249989, 'longitude': -75.287109}",{}
THE BURGER SHOP,https://www.ubereats.com/philadelphia/food-delivery/the-burger-shop/ZxzkaFvnTVOenlAH5qeVvg,telford-pennsylvania,"['American', 'Burgers', 'Kids Friendly']",4.8,22,,40.3114728,-75.3247512,+12673820903,18964,162 N Main St,Souderton,PA,"[{'@type': 'OpeningHoursSpecification', 'dayOfWeek': ['Monday', 'Tuesday', 'Wednesday', 'Thursday', 'Friday', 'Saturday', 'Sunday'], 'opens': '11:0', 'closes': '20:30'}]","{'@type': 'PostalAddress', 'addressLocality': 'Souderton', 'addressRegion': 'PA', 'postalCode': '18964', 'addressCountry': 'US', 'streetAddress': '162 N Main St'}","{'@type': 'GeoCoordinates', 'latitude': 40.3114728, 'longitude': -75.3247512}","{'@type': 'AggregateRating', 'ratingValue': 4.8, 'reviewCount': '22'}"
Z Marie’s Vegetarian Grille,https://www.ubereats.com/philadelphia/food-delivery/z-maries-vegetarian-grille/u_gb23zUT4CtarObWrcBcw,telford-pennsylvania,"['Vegetarian', 'Vegan', 'Salads']",,,$,40.2442769,-75.2875789,+12158597713,19446,409 W Main St,Lansdale,PA,"[{'@type': 'OpeningHoursSpecification', 'dayOfWeek': ['Monday', 'Tuesday', 'Wednesday', 'Thursday', 'Friday', 'Saturday'], 'opens': '11:0', 'closes': '22:0'}]","{'@type': 'PostalAddress', 'addressLocality': 'Lansdale', 'addressRegion': 'PA', 'postalCode': '19446', 'addressCountry': 'US', 'streetAddress': '409 W Main St'}","{'@type': 'GeoCoordinates', 'latitude': 40.2442769, 'longitude': -75.2875789}",{}
Subway (Hatfield) Inside Walmart,https://www.ubereats.com/philadelphia/food-delivery/subway-hatfield-inside-walmart/FHXqoaEBT_K7qmnNnjXfog,telford-pennsylvania,"['Deli', 'Sandwich']",4.3,13,$,40.290632,-75.264684,+16107197736,,,,,"[{'@type': 'OpeningHoursSpecification', 'dayOfWeek': ['Monday', 'Tuesday', 'Wednesday', 'Thursday', 'Friday', 'Saturday', 'Sunday'], 'opens': '10:0', 'closes': '19:30'}]",,"{'@type': 'GeoCoordinates', 'latitude': 40.290632, 'longitude': -75.264684}","{'@type': 'AggregateRating', 'ratingValue': 4.3, 'reviewCount': '13'}"
Wayback Burgers (Butler Ave),https://www.ubereats.com/philadelphia/food-delivery/wayback-burgers-butler-ave/sSi59lElQuSoq9XMMbVTBw,telford-pennsylvania,"['American', 'Burgers']",4.8,93,$,40.271317,-75.223541,+12674771786,18914,429 W Butler Ave,Chalfont,PA,"[{'@type': 'OpeningHoursSpecification', 'dayOfWeek': 'Sunday', 'opens': '11:30', 'closes': '19:30'}, {'@type': 'OpeningHoursSpecification', 'dayOfWeek': ['Monday', 'Tuesday', 'Wednesday', 'Thursday', 'Friday', 'Saturday'], 'opens': '11:0', 'closes': '20:30'}]","{'@type': 'PostalAddress', 'addressLocality': 'Chalfont', 'addressRegion': 'PA', 'postalCode': '18914', 'addressCountry': 'US', 'streetAddress': '429 W Butler Ave'}","{'@type': 'GeoCoordinates', 'latitude': 40.271317, 'longitude': -75.223541}","{'@type': 'AggregateRating', 'ratingValue': 4.8, 'reviewCount': '93'}"
Chipotle Mexican Grill (30 Airport Sq),https://www.ubereats.com/philadelphia/food-delivery/chipotle-mexican-grill-30-airport-sq/EyGkStWfRJ25_pGT31uOCw,telford-pennsylvania,"['Healthy', 'Mexican']",4.4,278,$,40.2406946,-75.2418671,+12153688740,19454,30 Airport Sq,North Wales,PA,"[{'@type': 'OpeningHoursSpecification', 'dayOfWeek': ['Monday', 'Tuesday', 'Wednesday', 'Thursday', 'Friday', 'Saturday', 'Sunday'], 'opens': '10:45', 'closes': '21:40'}]","{'@type': 'PostalAddress', 'addressLocality': 'North Wales', 'addressRegion': 'PA', 'postalCode': '19454', 'addressCountry': 'US', 'streetAddress': '30 Airport Sq'}","{'@type': 'GeoCoordinates', 'latitude': 40.2406946, 'longitude': -75.2418671}","{'@type': 'AggregateRating', 'ratingValue': 4.4, 'reviewCount': '278'}"
Taco Bell (1070 S West End Blvd),https://www.ubereats.com/philadelphia/food-delivery/taco-bell-1070-s-west-end-blvd/zrrTjZUITNqArrLGRAOHVA,telford-pennsylvania,"['Burritos', 'Fast Food', 'Mexican']",,,$,40.4181666,-75.3449756,+12155299086,18951,1070 S West End Blvd,Quakertown,PA,"[{'@type': 'OpeningHoursSpecification', 'dayOfWeek': ['Sunday', 'Monday', 'Tuesday', 'Wednesday', 'Thursday'], 'opens': '8:0', 'closes': '0:0'}, {'@type': 'OpeningHoursSpecification', 'dayOfWeek': ['Sunday', 'Monday', 'Tuesday', 'Wednesday', 'Thursday'], 'opens': '8:0', 'closes': '0:30'}, {'@type': 'OpeningHoursSpecification', 'dayOfWeek': ['Sunday', 'Monday', 'Tuesday', 'Wednesday', 'Thursday'], 'opens': '8:0', 'closes': '10:30'}, {'@type': 'OpeningHoursSpecification', 'dayOfWeek': ['Friday', 'Saturday'], 'opens': '8:0', 'closes': '1:0'}, {'@type': 'OpeningHoursSpecification', 'dayOfWeek': ['Friday', 'Saturday'], 'opens': '8:0', 'closes': '10:30'}, {'@type': 'OpeningHoursSpecification', 'dayOfWeek': ['Friday', 'Saturday'], 'opens': '8:0', 'closes': '1:30'}]","{'@type': 'PostalAddress', 'addressLocality': 'Quakertown', 'addressRegion': 'PA', 'postalCode': '18951', 'addressCountry': 'US', 'streetAddress': '1070 S West End Blvd'}","{'@type': 'GeoCoordinates', 'latitude': 40.4181666, 'longitude': -75.3449756}",{}
Rita's of Limekiln Pike (3322 Limekiln Pike),https://www.ubereats.com/philadelphia/food-delivery/ritas-of-limekiln-pike-3322-limekiln-pike/f7wXcrklT3Gvz49tDk9A_w,telford-pennsylvania,"['Desserts', 'Ice Cream and Frozen Yogurt']",4.8,25,$,40.246436,-75.1938562,+12159975777,18914,3322 Limekiln Pike,Chalfont,PA,"[{'@type': 'OpeningHoursSpecification', 'dayOfWeek': 'Sunday', 'opens': '12:0', 'closes': '20:0'}, {'@type': 'OpeningHoursSpecification', 'dayOfWeek': ['Monday', 'Tuesday', 'Wednesday', 'Thursday', 'Friday'], 'opens': '15:0', 'closes': '20:0'}, {'@type': 'OpeningHoursSpecification', 'dayOfWeek': 'Saturday', 'opens': '12:0', 'closes': '20:0'}]","{'@type': 'PostalAddress', 'addressLocality': 'Chalfont', 'addressRegion': 'PA', 'postalCode': '18914', 'addressCountry': 'US', 'streetAddress': '3322 Limekiln Pike'}","{'@type': 'GeoCoordinates', 'latitude': 40.246436, 'longitude': -75.1938562}","{'@type': 'AggregateRating', 'ratingValue': 4.8, 'reviewCount': '25'}"
Boston Market (1758 Allentown Road),https://www.ubereats.com/philadelphia/food-delivery/boston-market-1758-allentown-road/5-zXSRzZQY6rWrq4FnW6PQ,telford-pennsylvania,"['American', 'Fast Food', 'Comfort Food', 'Fried Chicken', 'Family Meals']",4.4,46,$,40.2584348,-75.32637849999999,+12153938237,19446,1758 Allentown Road,Lansdale,PA,"[{'@type': 'OpeningHoursSpecification', 'dayOfWeek': ['Monday', 'Tuesday', 'Wednesday', 'Thursday', 'Friday', 'Saturday', 'Sunday'], 'opens': '11:0', 'closes': '20:45'}]","{'@type': 'PostalAddress', 'addressLocality': 'Lansdale', 'addressRegion': 'PA', 'postalCode': '19446', 'addressCountry': 'US', 'streetAddress': '1758 Allentown Road'}","{'@type': 'GeoCoordinates', 'latitude': 40.2584348, 'longitude': -75.32637849999999}","{'@type': 'AggregateRating', 'ratingValue': 4.4, 'reviewCount': '46'}"
Chick-fil-A  (210 Forty Foot Rd),https://www.ubereats.com/philadelphia/food-delivery/chick-fil-a-210-forty-foot-rd/F5qu_DEKRGWcuhJmf1YHWA,telford-pennsylvania,"['American', 'Fried Chicken']",4.6,84,$,40.2625888,-75.32112959999999,+12156317060,19446,210 Forty Foot Rd,Lansdale,PA,"[{'@type': 'OpeningHoursSpecification', 'dayOfWeek': ['Monday', 'Tuesday', 'Wednesday', 'Thursday', 'Friday', 'Saturday'], 'opens': '8:0', 'closes': '10:0'}, {'@type': 'OpeningHoursSpecification', 'dayOfWeek': ['Monday', 'Tuesday', 'Wednesday', 'Thursday', 'Friday', 'Saturday'], 'opens': '10:0', 'closes': '20:30'}]","{'@type': 'PostalAddress', 'addressLocality': 'Lansdale', 'addressRegion': 'PA', 'postalCode': '19446', 'addressCountry': 'US', 'streetAddress': '210 Forty Foot Rd'}","{'@type': 'GeoCoordinates', 'latitude': 40.2625888, 'longitude': -75.32112959999999}","{'@type': 'AggregateRating', 'ratingValue': 4.6, 'reviewCount': '84'}"
Dunkin' (500 Forty Foot Rd),https://www.ubereats.com/philadelphia/food-delivery/dunkin-500-forty-foot-rd/Aa7e-uKdTKOTb9-DDFTZTw,telford-pennsylvania,"['Breakfast and Brunch', 'Donuts']",4.3,33,$,40.2685947,-75.3143874,+12672634734,19440,500 Forty Foot Rd,Hatfield,PA,"[{'@type': 'OpeningHoursSpecification', 'dayOfWeek': ['Monday', 'Tuesday', 'Wednesday', 'Thursday', 'Friday', 'Saturday', 'Sunday'], 'opens': '6:0', 'closes': '18:0'}]","{'@type': 'PostalAddress', 'addressLocality': 'Hatfield', 'addressRegion': 'PA', 'postalCode': '19440', 'addressCountry': 'US', 'streetAddress': '500 Forty Foot Rd'}","{'@type': 'GeoCoordinates', 'latitude': 40.2685947, 'longitude': -75.3143874}","{'@type': 'AggregateRating', 'ratingValue': 4.3, 'reviewCount': '33'}"
Manhattan Bagel - North Wales,https://www.ubereats.com/philadelphia/food-delivery/manhattan-bagel-north-wales/IlAxHuFqT2qowRka9Lf8FA,telford-pennsylvania,"['Breakfast and Brunch', 'Deli', 'Sandwich']",4.7,114,$$,40.208471,-75.225949,+12156190155,19454,1210 Bethlehem Pike,North Wales,Pennsylvania,"[{'@type': 'OpeningHoursSpecification', 'dayOfWeek': ['Monday', 'Tuesday', 'Wednesday', 'Thursday', 'Friday', 'Saturday', 'Sunday'], 'opens': '8:0', 'closes': '13:0'}]","{'@type': 'PostalAddress', 'addressLocality': 'North Wales', 'addressRegion': 'Pennsylvania', 'postalCode': '19454', 'addressCountry': 'US', 'streetAddress': '1210 Bethlehem Pike'}","{'@type': 'GeoCoordinates', 'latitude': 40.208471, 'longitude': -75.225949}","{'@type': 'AggregateRating', 'ratingValue': 4.7, 'reviewCount': '114'}"
PrimoHoagies (345 Main Street),https://www.ubereats.com/philadelphia/food-delivery/primohoagies-345-main-street/w3mfJPWqR--EI_thzNteFw,telford-pennsylvania,"['American', 'salad', 'Sandwich']",4.7,17,$$,40.272264,-75.3782899,+12152569300,19438,345 Main Street,Harleysville,PA,"[{'@type': 'OpeningHoursSpecification', 'dayOfWeek': ['Monday', 'Tuesday', 'Wednesday', 'Thursday', 'Friday', 'Saturday', 'Sunday'], 'opens': '10:0', 'closes': '19:0'}]","{'@type': 'PostalAddress', 'addressLocality': 'Harleysville', 'addressRegion': 'PA', 'postalCode': '19438', 'addressCountry': 'US', 'streetAddress': '345 Main Street'}","{'@type': 'GeoCoordinates', 'latitude': 40.272264, 'longitude': -75.3782899}","{'@type': 'AggregateRating', 'ratingValue': 4.7, 'reviewCount': '17'}"
PrimoHoagies (210 Pennbrook Parkway),https://www.ubereats.com/philadelphia/food-delivery/primohoagies-210-pennbrook-parkway/g-Znah3nR_S_u31cPBKYvw,telford-pennsylvania,"['American', 'salad', 'Sandwich']",4.3,44,$$,40.22763339999999,-75.2822594,+12153612490,19446,210 Pennbrook Parkway,Lansdale,PA,"[{'@type': 'OpeningHoursSpecification', 'dayOfWeek': 'Sunday', 'opens': '11:0', 'closes': '17:30'}, {'@type': 'OpeningHoursSpecification', 'dayOfWeek': 'Monday', 'opens': '10:0', 'closes': '17:30'}, {'@type': 'OpeningHoursSpecification', 'dayOfWeek': ['Tuesday', 'Wednesday', 'Thursday', 'Friday', 'Saturday'], 'opens': '10:0', 'closes': '18:0'}]","{'@type': 'PostalAddress', 'addressLocality': 'Lansdale', 'addressRegion': 'PA', 'postalCode': '19446', 'addressCountry': 'US', 'streetAddress': '210 Pennbrook Parkway'}","{'@type': 'GeoCoordinates', 'latitude': 40.22763339999999, 'longitude': -75.2822594}","{'@type': 'AggregateRating', 'ratingValue': 4.3, 'reviewCount': '44'}"
Stove & Tap,https://www.ubereats.com/philadelphia/food-delivery/stove-%26-tap/X_qqJrDTR5msPNdcRMjdpQ,telford-pennsylvania,"['Burgers', 'American', 'Sandwiches']",,,$,40.2435658,-75.2877527,+12153938277,19446,329 W Main St,Lansdale,PA,"[{'@type': 'OpeningHoursSpecification', 'dayOfWeek': ['Tuesday', 'Wednesday', 'Thursday'], 'opens': '15:0', 'closes': '18:30'}, {'@type': 'OpeningHoursSpecification', 'dayOfWeek': ['Friday', 'Saturday'], 'opens': '12:0', 'closes': '20:0'}]","{'@type': 'PostalAddress', 'addressLocality': 'Lansdale', 'addressRegion': 'PA', 'postalCode': '19446', 'addressCountry': 'US', 'streetAddress': '329 W Main St'}","{'@type': 'GeoCoordinates', 'latitude': 40.2435658, 'longitude': -75.2877527}",{}
El Cacique,https://www.ubereats.com/philadelphia/food-delivery/el-cacique/rrgsz7kUQzmVPREaSVZf9g,telford-pennsylvania,"['Mexican', 'Latin American', 'New Mexican']",,,$,40.3239866,-75.33039509999999,+12157237607,18969,175 Penn Ave,Telford,PA,"[{'@type': 'OpeningHoursSpecification', 'dayOfWeek': 'Sunday', 'opens': '9:0', 'closes': '18:0'}, {'@type': 'OpeningHoursSpecification', 'dayOfWeek': ['Monday', 'Tuesday', 'Wednesday', 'Thursday', 'Friday', 'Saturday'], 'opens': '11:0', 'closes': '18:0'}]","{'@type': 'PostalAddress', 'addressLocality': 'Telford', 'addressRegion': 'PA', 'postalCode': '18969', 'addressCountry': 'US', 'streetAddress': '175 Penn Ave'}","{'@type': 'GeoCoordinates', 'latitude': 40.3239866, 'longitude': -75.33039509999999}",{}
Mama Thai,https://www.ubereats.com/philadelphia/food-delivery/mama-thai/mB386RwoRnmo_eHBL26ONg,telford-pennsylvania,"['Thai', 'South East Asian']",4.8,144,$$,40.239473,-75.28001,+12153684500,19446,217 E Main St,Lansdale,Pennsylvania,"[{'@type': 'OpeningHoursSpecification', 'dayOfWeek': 'Sunday', 'opens': '11:30', 'closes': '21:0'}, {'@type': 'OpeningHoursSpecification', 'dayOfWeek': 'Sunday', 'opens': '16:0', 'closes': '21:0'}, {'@type': 'OpeningHoursSpecification', 'dayOfWeek': 'Monday', 'opens': '16:0', 'closes': '21:0'}, {'@type': 'OpeningHoursSpecification', 'dayOfWeek': ['Tuesday', 'Wednesday', 'Thursday', 'Friday', 'Saturday'], 'opens': '11:30', 'closes': '21:0'}]","{'@type': 'PostalAddress', 'addressLocality': 'Lansdale', 'addressRegion': 'Pennsylvania', 'postalCode': '19446', 'addressCountry': 'US', 'streetAddress': '217 E Main St'}","{'@type': 'GeoCoordinates', 'latitude': 40.239473, 'longitude': -75.28001}","{'@type': 'AggregateRating', 'ratingValue': 4.8, 'reviewCount': '144'}"
Red Lobster (640 Cowpath Road),https://www.ubereats.com/philadelphia/food-delivery/red-lobster-640-cowpath-road/3M1_sAxCQSKzfhPrqX-shg,telford-pennsylvania,"['Seafood', 'American', 'Family Meals']",4.1,79,$$,40.247650947592895,-75.24502337570301,+12158555702,,,,,"[{'@type': 'OpeningHoursSpecification', 'dayOfWeek': ['Sunday', 'Monday', 'Tuesday', 'Wednesday', 'Thursday'], 'opens': '11:30', 'closes': '20:0'}, {'@type': 'OpeningHoursSpecification', 'dayOfWeek': ['Friday', 'Saturday'], 'opens': '11:30', 'closes': '21:0'}]",,"{'@type': 'GeoCoordinates', 'latitude': 40.247650947592895, 'longitude': -75.24502337570301}","{'@type': 'AggregateRating', 'ratingValue': 4.1, 'reviewCount': '79'}"
Playa Bowls (Doylestown),https://www.ubereats.com/philadelphia/food-delivery/playa-bowls-doylestown/e9YDnycDT3qubChNaCHY9Q,telford-pennsylvania,"['Juice and Smoothies', 'Vegan', 'Vegan Friendly']",4.8,50,$,40.3104794,-75.1308827,+14844085209,18901,22 N Main Street,Doylestown,PA,"[{'@type': 'OpeningHoursSpecification', 'dayOfWeek': ['Monday', 'Tuesday', 'Wednesday', 'Thursday', 'Friday', 'Saturday', 'Sunday'], 'opens': '10:0', 'closes': '16:0'}]","{'@type': 'PostalAddress', 'addressLocality': 'Doylestown', 'addressRegion': 'PA', 'postalCode': '18901', 'addressCountry': 'US', 'streetAddress': '22 N Main Street'}","{'@type': 'GeoCoordinates', 'latitude': 40.3104794, 'longitude': -75.1308827}","{'@type': 'AggregateRating', 'ratingValue': 4.8, 'reviewCount': '50'}"
Izumi,https://www.ubereats.com/philadelphia/food-delivery/izumi/QyQ9DO4UTsOAs95mb6si8w,telford-pennsylvania,"['Japanese', 'Asian', 'Sushi']",4.8,20,$,40.2255751,-75.2543613,+12156878380,19454,1222 Welsh Rd B-9,North Wales,PA,"[{'@type': 'OpeningHoursSpecification', 'dayOfWeek': ['Monday', 'Tuesday', 'Wednesday', 'Thursday', 'Friday', 'Saturday', 'Sunday'], 'opens': '10:30', 'closes': '19:0'}]","{'@type': 'PostalAddress', 'addressLocality': 'North Wales', 'addressRegion': 'PA', 'postalCode': '19454', 'addressCountry': 'US', 'streetAddress': '1222 Welsh Rd B-9'}","{'@type': 'GeoCoordinates', 'latitude': 40.2255751, 'longitude': -75.2543613}","{'@type': 'AggregateRating', 'ratingValue': 4.8, 'reviewCount': '20'}"
Arnold’s way,https://www.ubereats.com/philadelphia/food-delivery/arnolds-way/SKHOTtSdS4q3NjzHEEJ1Ng,telford-pennsylvania,"['Sandwich', 'Juice and Smoothies']",,,$,40.2438061,-75.28703469999999,+12674747118,19446,319 W Main St,Lansdale,PA,"[{'@type': 'OpeningHoursSpecification', 'dayOfWeek': 'Sunday', 'opens': '11:0', 'closes': '17:0'}, {'@type': 'OpeningHoursSpecification', 'dayOfWeek': ['Tuesday', 'Wednesday', 'Thursday', 'Friday', 'Saturday'], 'opens': '10:0', 'closes': '17:0'}]","{'@type': 'PostalAddress', 'addressLocality': 'Lansdale', 'addressRegion': 'PA', 'postalCode': '19446', 'addressCountry': 'US', 'streetAddress': '319 W Main St'}","{'@type': 'GeoCoordinates', 'latitude': 40.2438061, 'longitude': -75.28703469999999}",{}
Applebee's  (145 Nw End Blvd),https://www.ubereats.com/philadelphia/food-delivery/applebees-145-nw-end-blvd/uU5qnC4ER8GA2TUGBk3LZA,telford-pennsylvania,"['American', 'Bar Food', 'BBQ', 'burger', 'Chicken Strips', 'Comfort Food', 'Dinner', 'pasta', 'salad', 'Sandwich', 'Soup', 'Steak', 'Traditional American', 'wings']",4.3,47,$$,40.4477602,-75.36030029999999,+12155297343,18951,145 Nw End Blvd,Quakertown,PA,"[{'@type': 'OpeningHoursSpecification', 'dayOfWeek': ['Sunday', 'Monday', 'Tuesday', 'Wednesday', 'Thursday'], 'opens': '11:30', 'closes': '22:30'}, {'@type': 'OpeningHoursSpecification', 'dayOfWeek': ['Friday', 'Saturday'], 'opens': '11:30', 'closes': '23:29'}]","{'@type': 'PostalAddress', 'addressLocality': 'Quakertown', 'addressRegion': 'PA', 'postalCode': '18951', 'addressCountry': 'US', 'streetAddress': '145 Nw End Blvd'}","{'@type': 'GeoCoordinates', 'latitude': 40.4477602, 'longitude': -75.36030029999999}","{'@type': 'AggregateRating', 'ratingValue': 4.3, 'reviewCount': '47'}"
Quinoa Mexican & Peruvian Restaurant,https://www.ubereats.com/philadelphia/food-delivery/quinoa-mexican-%26-peruvian-restaurant/2kQ5ucXTTk627V1Jm26iKA,telford-pennsylvania,"['Mexican', 'Latin American', 'New Mexican', 'Allergy Friendly']",,,$,40.3104438,-75.1288613,+12153482826,18901,54 E State St,Doylestown,PA,"[{'@type': 'OpeningHoursSpecification', 'dayOfWeek': 'Sunday', 'opens': '12:0', 'closes': '16:0'}, {'@type': 'OpeningHoursSpecification', 'dayOfWeek': 'Sunday', 'opens': '12:0', 'closes': '20:0'}, {'@type': 'OpeningHoursSpecification', 'dayOfWeek': ['Tuesday', 'Wednesday', 'Thursday'], 'opens': '11:0', 'closes': '16:0'}, {'@type': 'OpeningHoursSpecification', 'dayOfWeek': ['Tuesday', 'Wednesday', 'Thursday'], 'opens': '11:0', 'closes': '19:45'}, {'@type': 'OpeningHoursSpecification', 'dayOfWeek': ['Friday', 'Saturday'], 'opens': '11:0', 'closes': '16:0'}, {'@type': 'OpeningHoursSpecification', 'dayOfWeek': ['Friday', 'Saturday'], 'opens': '11:0', 'closes': '20:30'}]","{'@type': 'PostalAddress', 'addressLocality': 'Doylestown', 'addressRegion': 'PA', 'postalCode': '18901', 'addressCountry': 'US', 'streetAddress': '54 E State St'}","{'@type': 'GeoCoordinates', 'latitude': 40.3104438, 'longitude': -75.1288613}",{}
Hometown family restaurant of souderton,https://www.ubereats.com/philadelphia/food-delivery/hometown-family-restaurant-of-souderton/1uQPTsBMRAKBKkY4QqTJJA,telford-pennsylvania,"['Burgers', 'American', 'Sandwiches']",,,$,40.31714549999999,-75.3105254,+12157214770,,,,,"[{'@type': 'OpeningHoursSpecification', 'dayOfWeek': ['Monday', 'Tuesday', 'Wednesday', 'Thursday', 'Friday', 'Saturday', 'Sunday'], 'opens': '10:0', 'closes': '19:0'}]",,"{'@type': 'GeoCoordinates', 'latitude': 40.31714549999999, 'longitude': -75.3105254}",{}
Hibachi Grill and Buffet,https://www.ubereats.com/philadelphia/food-delivery/hibachi-grill-and-buffet/FKsMnSavSiS1jibA4Q6-7A,telford-pennsylvania,"['Chinese', 'Asian', 'Noodles']",4.4,64,,40.254991,-75.2470857,+16467337663,18936,675 Bethlehem Pike,Montgomeryville,PA,"[{'@type': 'OpeningHoursSpecification', 'dayOfWeek': 'Sunday', 'opens': '11:0', 'closes': '21:0'}, {'@type': 'OpeningHoursSpecification', 'dayOfWeek': ['Tuesday', 'Wednesday', 'Thursday'], 'opens': '11:0', 'closes': '21:0'}, {'@type': 'OpeningHoursSpecification', 'dayOfWeek': ['Friday', 'Saturday'], 'opens': '11:0', 'closes': '21:30'}]","{'@type': 'PostalAddress', 'addressLocality': 'Montgomeryville', 'addressRegion': 'PA', 'postalCode': '18936', 'addressCountry': 'US', 'streetAddress': '675 Bethlehem Pike'}","{'@type': 'GeoCoordinates', 'latitude': 40.254991, 'longitude': -75.2470857}","{'@type': 'AggregateRating', 'ratingValue': 4.4, 'reviewCount': '64'}"
The Greene Turtle - North Wales,https://www.ubereats.com/philadelphia/food-delivery/the-greene-turtle-north-wales/gyTDHyfpTGaU1FoPR_C0Gw,telford-pennsylvania,"['Seafood', 'Sandwich', 'American']",4.2,180,$$,40.2108987,-75.2257089,+12674704882,,,,,"[{'@type': 'OpeningHoursSpecification', 'dayOfWeek': ['Sunday', 'Monday', 'Tuesday', 'Wednesday', 'Thursday'], 'opens': '11:0', 'closes': '22:0'}, {'@type': 'OpeningHoursSpecification', 'dayOfWeek': ['Friday', 'Saturday'], 'opens': '11:0', 'closes': '0:0'}]",,"{'@type': 'GeoCoordinates', 'latitude': 40.2108987, 'longitude': -75.2257089}","{'@type': 'AggregateRating', 'ratingValue': 4.2, 'reviewCount': '180'}"
Gennaros II - Chicago Style Pizza,https://www.ubereats.com/philadelphia/food-delivery/gennaros-ii-chicago-style-pizza/LYJS7IQyRTK4YniwSa5D7A,telford-pennsylvania,"['Pizza', 'Sandwich', 'Burgers']",4.0,18,$$$$,40.2067274,-75.48862559999999,+14848546960,,,,,"[{'@type': 'OpeningHoursSpecification', 'dayOfWeek': 'Sunday', 'opens': '12:0', 'closes': '20:0'}, {'@type': 'OpeningHoursSpecification', 'dayOfWeek': 'Sunday', 'opens': '12:0', 'closes': '21:0'}, {'@type': 'OpeningHoursSpecification', 'dayOfWeek': ['Tuesday', 'Wednesday', 'Thursday'], 'opens': '11:0', 'closes': '20:0'}, {'@type': 'OpeningHoursSpecification', 'dayOfWeek': ['Tuesday', 'Wednesday', 'Thursday'], 'opens': '11:0', 'closes': '15:0'}, {'@type': 'OpeningHoursSpecification', 'dayOfWeek': ['Tuesday', 'Wednesday', 'Thursday'], 'opens': '11:0', 'closes': '21:0'}, {'@type': 'OpeningHoursSpecification', 'dayOfWeek': 'Friday', 'opens': '11:0', 'closes': '20:0'}, {'@type': 'OpeningHoursSpecification', 'dayOfWeek': 'Friday', 'opens': '11:0', 'closes': '15:0'}, {'@type': 'OpeningHoursSpecification', 'dayOfWeek': 'Friday', 'opens': '11:0', 'closes': '22:0'}, {'@type': 'OpeningHoursSpecification', 'dayOfWeek': 'Saturday', 'opens': '11:0', 'closes': '20:0'}, {'@type': 'OpeningHoursSpecification', 'dayOfWeek': 'Saturday', 'opens': '11:0', 'closes': '22:0'}]",,"{'@type': 'GeoCoordinates', 'latitude': 40.2067274, 'longitude': -75.48862559999999}","{'@type': 'AggregateRating', 'ratingValue': 4, 'reviewCount': '18'}"
Outback Steakhouse (411 Doylestown Road),https://www.ubereats.com/philadelphia/food-delivery/outback-steakhouse-411-doylestown-road/BkDXIUuATe2QUfkQbFftqw,telford-pennsylvania,"['Burgers', 'American', 'Sandwiches', 'Steak', 'Seafood', 'Salads', 'BBQ']",4.3,187,$,40.2484944,-75.241603,+12158551060,18936,411 Doylestown Road,Montgomeryville,PA,"[{'@type': 'OpeningHoursSpecification', 'dayOfWeek': 'Sunday', 'opens': '11:0', 'closes': '20:30'}, {'@type': 'OpeningHoursSpecification', 'dayOfWeek': ['Monday', 'Tuesday', 'Wednesday', 'Thursday'], 'opens': '16:0', 'closes': '21:0'}, {'@type': 'OpeningHoursSpecification', 'dayOfWeek': ['Friday', 'Saturday'], 'opens': '11:0', 'closes': '22:0'}]","{'@type': 'PostalAddress', 'addressLocality': 'Montgomeryville', 'addressRegion': 'PA', 'postalCode': '18936', 'addressCountry': 'US', 'streetAddress': '411 Doylestown Road'}","{'@type': 'GeoCoordinates', 'latitude': 40.2484944, 'longitude': -75.241603}","{'@type': 'AggregateRating', 'ratingValue': 4.3, 'reviewCount': '187'}"
Applebee's  (2333 Welsh Rd),https://www.ubereats.com/philadelphia/food-delivery/applebees-2333-welsh-rd/RweLUzd6SCCBH1XXbHUzTg,telford-pennsylvania,"['American', 'Bar Food', 'BBQ', 'burger', 'Chicken Strips', 'Comfort Food', 'Dinner', 'pasta', 'salad', 'Sandwich', 'Soup', 'Steak', 'Traditional American', 'wings']",4.4,173,$$,40.262843,-75.31604879999999,+12156319605,19446,2333 Welsh Rd,Lansdale,PA,"[{'@type': 'OpeningHoursSpecification', 'dayOfWeek': ['Sunday', 'Monday', 'Tuesday', 'Wednesday', 'Thursday'], 'opens': '11:30', 'closes': '22:30'}, {'@type': 'OpeningHoursSpecification', 'dayOfWeek': ['Friday', 'Saturday'], 'opens': '11:30', 'closes': '23:29'}]","{'@type': 'PostalAddress', 'addressLocality': 'Lansdale', 'addressRegion': 'PA', 'postalCode': '19446', 'addressCountry': 'US', 'streetAddress': '2333 Welsh Rd'}","{'@type': 'GeoCoordinates', 'latitude': 40.262843, 'longitude': -75.31604879999999}","{'@type': 'AggregateRating', 'ratingValue': 4.4, 'reviewCount': '173'}"
Gigunitos Italian Sandwiches,https://www.ubereats.com/philadelphia/food-delivery/gigunitos-italian-sandwiches/_f9aQBLFQ66ULrZQ0ltWuA,telford-pennsylvania,['Breakfast and Brunch'],,,$,40.321576,-75.308138,+12674440154,18969,782 PA-113,Telford,Pennsylvania,"[{'@type': 'OpeningHoursSpecification', 'dayOfWeek': ['Monday', 'Tuesday', 'Wednesday', 'Thursday', 'Friday', 'Saturday', 'Sunday'], 'opens': '9:0', 'closes': '19:0'}]","{'@type': 'PostalAddress', 'addressLocality': 'Telford', 'addressRegion': 'Pennsylvania', 'postalCode': '18969', 'addressCountry': 'US', 'streetAddress': '782 PA-113'}","{'@type': 'GeoCoordinates', 'latitude': 40.321576, 'longitude': -75.308138}",{}
Taco Bell (931 N Wales Rd),https://www.ubereats.com/philadelphia/food-delivery/taco-bell-931-n-wales-rd/SI3aSwNgSEOEWyjVMqE3jA,telford-pennsylvania,"['Burritos', 'Fast Food', 'Mexican']",4.3,150,$,40.24254919999999,-75.24200379999999,+12154127621,19454,931 N Wales Rd,North Wales,PA,"[{'@type': 'OpeningHoursSpecification', 'dayOfWeek': ['Monday', 'Tuesday', 'Wednesday', 'Thursday', 'Friday', 'Saturday', 'Sunday'], 'opens': '14:0', 'closes': '17:0'}, {'@type': 'OpeningHoursSpecification', 'dayOfWeek': ['Monday', 'Tuesday', 'Wednesday', 'Thursday', 'Friday', 'Saturday', 'Sunday'], 'opens': '9:0', 'closes': '22:30'}, {'@type': 'OpeningHoursSpecification', 'dayOfWeek': ['Monday', 'Tuesday', 'Wednesday', 'Thursday', 'Friday', 'Saturday', 'Sunday'], 'opens': '9:0', 'closes': '10:30'}]","{'@type': 'PostalAddress', 'addressLocality': 'North Wales', 'addressRegion': 'PA', 'postalCode': '19454', 'addressCountry': 'US', 'streetAddress': '931 N Wales Rd'}","{'@type': 'GeoCoordinates', 'latitude': 40.24254919999999, 'longitude': -75.24200379999999}","{'@type': 'AggregateRating', 'ratingValue': 4.3, 'reviewCount': '150'}"
"bbq Chicken - North Wales, PA",https://www.ubereats.com/philadelphia/food-delivery/bbq-chicken-north-wales-pa/Z7OFHedfTOieA1qkJnhowg,telford-pennsylvania,"['BBQ', 'Korean', 'Family Meals']",4.9,71,$$,40.225385,-75.254748,+12153683821,19454,1222 Welsh Rd,North Wales,PA,"[{'@type': 'OpeningHoursSpecification', 'dayOfWeek': 'Sunday', 'opens': '12:0', 'closes': '18:0'}, {'@type': 'OpeningHoursSpecification', 'dayOfWeek': ['Monday', 'Tuesday', 'Wednesday', 'Thursday', 'Friday', 'Saturday'], 'opens': '12:0', 'closes': '18:30'}]","{'@type': 'PostalAddress', 'addressLocality': 'North Wales', 'addressRegion': 'PA', 'postalCode': '19454', 'addressCountry': 'US', 'streetAddress': '1222 Welsh Rd'}","{'@type': 'GeoCoordinates', 'latitude': 40.225385, 'longitude': -75.254748}","{'@type': 'AggregateRating', 'ratingValue': 4.9, 'reviewCount': '71'}"
Dunkin' (120 S West End Blvd),https://www.ubereats.com/philadelphia/food-delivery/dunkin-120-s-west-end-blvd/kEKJRgJ_Qvega_0qhNBgQQ,telford-pennsylvania,"['Breakfast and Brunch', 'Donuts']",4.8,13,$,40.4398452,-75.3563848,+12155383778,18951,120 S West End Blvd,Quakertown,PA,"[{'@type': 'OpeningHoursSpecification', 'dayOfWeek': 'Sunday', 'opens': '6:30', 'closes': '19:30'}, {'@type': 'OpeningHoursSpecification', 'dayOfWeek': ['Monday', 'Tuesday', 'Wednesday', 'Thursday', 'Friday', 'Saturday'], 'opens': '5:30', 'closes': '19:30'}]","{'@type': 'PostalAddress', 'addressLocality': 'Quakertown', 'addressRegion': 'PA', 'postalCode': '18951', 'addressCountry': 'US', 'streetAddress': '120 S West End Blvd'}","{'@type': 'GeoCoordinates', 'latitude': 40.4398452, 'longitude': -75.3563848}","{'@type': 'AggregateRating', 'ratingValue': 4.8, 'reviewCount': '13'}"
Rita's of Chalfont,https://www.ubereats.com/philadelphia/food-delivery/ritas-of-chalfont/giJRT4W-RrqXNVe2h95riA,telford-pennsylvania,"['Ice Cream & Frozen Yogurt', 'Italian', 'American']",4.7,32,$,40.2887707,-75.2009774,+12158225094,,,,,"[{'@type': 'OpeningHoursSpecification', 'dayOfWeek': ['Monday', 'Tuesday', 'Wednesday', 'Thursday', 'Friday', 'Saturday', 'Sunday'], 'opens': '12:0', 'closes': '20:0'}]",,"{'@type': 'GeoCoordinates', 'latitude': 40.2887707, 'longitude': -75.2009774}","{'@type': 'AggregateRating', 'ratingValue': 4.7, 'reviewCount': '32'}"
Buffalo Wild Wings (1465 W Broad St),https://www.ubereats.com/philadelphia/food-delivery/buffalo-wild-wings-1465-w-broad-st/GD569mk0R5OigdH-CC0slQ,telford-pennsylvania,"['wings', 'American', 'Chicken']",4.5,19,$$,40.4452655,-75.3575512,+19525940152,18951,1465 W Broad St,Quakertown,PA,"[{'@type': 'OpeningHoursSpecification', 'dayOfWeek': ['Monday', 'Tuesday', 'Wednesday', 'Thursday', 'Friday', 'Saturday', 'Sunday'], 'opens': '11:0', 'closes': '21:0'}]","{'@type': 'PostalAddress', 'addressLocality': 'Quakertown', 'addressRegion': 'PA', 'postalCode': '18951', 'addressCountry': 'US', 'streetAddress': '1465 W Broad St'}","{'@type': 'GeoCoordinates', 'latitude': 40.4452655, 'longitude': -75.3575512}","{'@type': 'AggregateRating', 'ratingValue': 4.5, 'reviewCount': '19'}"
Applebee's  (1281 Knapp Road),https://www.ubereats.com/philadelphia/food-delivery/applebees-1281-knapp-road/w2LzmWFLRYWqwIaH2meVHQ,telford-pennsylvania,"['American', 'Bar Food', 'BBQ', 'burger', 'Chicken Strips', 'Comfort Food', 'Dinner', 'pasta', 'salad', 'Sandwich', 'Soup', 'Steak', 'Traditional American', 'wings']",4.4,112,$$,40.2291855,-75.2376395,+12156997400,19454,1281 Knapp Road,Montgomeryville,PA,"[{'@type': 'OpeningHoursSpecification', 'dayOfWeek': ['Sunday', 'Monday', 'Tuesday', 'Wednesday', 'Thursday'], 'opens': '11:30', 'closes': '22:30'}, {'@type': 'OpeningHoursSpecification', 'dayOfWeek': ['Friday', 'Saturday'], 'opens': '11:30', 'closes': '23:29'}]","{'@type': 'PostalAddress', 'addressLocality': 'Montgomeryville', 'addressRegion': 'PA', 'postalCode': '19454', 'addressCountry': 'US', 'streetAddress': '1281 Knapp Road'}","{'@type': 'GeoCoordinates', 'latitude': 40.2291855, 'longitude': -75.2376395}","{'@type': 'AggregateRating', 'ratingValue': 4.4, 'reviewCount': '112'}"
Michael's Family Restaurant,https://www.ubereats.com/philadelphia/food-delivery/michaels-family-restaurant/lbu_X7txSC2xG_ZazmtigQ,telford-pennsylvania,"['Burgers', 'American', 'Sandwiches']",4.2,12,$,40.2501979,-75.2450803,+12153689909,18936,709 Bethlehem Pike,Montgomeryville,PA,"[{'@type': 'OpeningHoursSpecification', 'dayOfWeek': ['Monday', 'Tuesday', 'Wednesday', 'Thursday', 'Friday', 'Saturday', 'Sunday'], 'opens': '6:45', 'closes': '15:30'}]","{'@type': 'PostalAddress', 'addressLocality': 'Montgomeryville', 'addressRegion': 'PA', 'postalCode': '18936', 'addressCountry': 'US', 'streetAddress': '709 Bethlehem Pike'}","{'@type': 'GeoCoordinates', 'latitude': 40.2501979, 'longitude': -75.2450803}","{'@type': 'AggregateRating', 'ratingValue': 4.2, 'reviewCount': '12'}"
Dunkin' (191 E Butler Ave),https://www.ubereats.com/philadelphia/food-delivery/dunkin-191-e-butler-ave/VoV2JoirS8O8qVrhVEUFQQ,telford-pennsylvania,"['Breakfast and Brunch', 'Donuts']",,,$,40.289699,-75.2007276,+12157163361,18914,191 E Butler Ave,Chalfont,PA,"[{'@type': 'OpeningHoursSpecification', 'dayOfWeek': ['Monday', 'Tuesday', 'Wednesday', 'Thursday', 'Friday', 'Saturday', 'Sunday'], 'opens': '6:0', 'closes': '16:0'}]","{'@type': 'PostalAddress', 'addressLocality': 'Chalfont', 'addressRegion': 'PA', 'postalCode': '18914', 'addressCountry': 'US', 'streetAddress': '191 E Butler Ave'}","{'@type': 'GeoCoordinates', 'latitude': 40.289699, 'longitude': -75.2007276}",{}
Popeyes - 1719 N Broad St,https://www.ubereats.com/philadelphia/food-delivery/popeyes-1719-n-broad-st/68_1r36uSdya42-g8IHO_Q,telford-pennsylvania,"['American', 'Fast Food', 'Southern', 'Wings']",4.4,57,$,40.256801,-75.267206,+12158553885,19446,1719 N Broad St,Lansdale,Pennsylvania,"[{'@type': 'OpeningHoursSpecification', 'dayOfWeek': ['Sunday', 'Monday', 'Tuesday', 'Wednesday'], 'opens': '11:0', 'closes': '22:0'}, {'@type': 'OpeningHoursSpecification', 'dayOfWeek': ['Thursday', 'Friday', 'Saturday'], 'opens': '11:0', 'closes': '22:30'}]","{'@type': 'PostalAddress', 'addressLocality': 'Lansdale', 'addressRegion': 'Pennsylvania', 'postalCode': '19446', 'addressCountry': 'US', 'streetAddress': '1719 N Broad St'}","{'@type': 'GeoCoordinates', 'latitude': 40.256801, 'longitude': -75.267206}","{'@type': 'AggregateRating', 'ratingValue': 4.4, 'reviewCount': '57'}"
Valencia’s Sabor Latino,https://www.ubereats.com/philadelphia/food-delivery/valencias-sabor-latino/nOk5oDbJTs-ZYwcWoFHPfg,telford-pennsylvania,"['Mexican', 'Burgers', 'Snacks']",,,,40.32598079999999,-75.3295456,+12672038091,18969,133 N Main St,Telford,PA,"[{'@type': 'OpeningHoursSpecification', 'dayOfWeek': 'Sunday', 'opens': '10:0', 'closes': '20:0'}, {'@type': 'OpeningHoursSpecification', 'dayOfWeek': ['Monday', 'Tuesday', 'Wednesday'], 'opens': '9:0', 'closes': '20:0'}, {'@type': 'OpeningHoursSpecification', 'dayOfWeek': 'Thursday', 'opens': '9:0', 'closes': '21:0'}, {'@type': 'OpeningHoursSpecification', 'dayOfWeek': ['Friday', 'Saturday'], 'opens': '9:0', 'closes': '20:0'}]","{'@type': 'PostalAddress', 'addressLocality': 'Telford', 'addressRegion': 'PA', 'postalCode': '18969', 'addressCountry': 'US', 'streetAddress': '133 N Main St'}","{'@type': 'GeoCoordinates', 'latitude': 40.32598079999999, 'longitude': -75.3295456}",{}
Dunkin' (787 Sumneytown Pk),https://www.ubereats.com/philadelphia/food-delivery/dunkin-787-sumneytown-pk/5cjJVqBQQ9CABYwCdC1ZZA,telford-pennsylvania,"['Breakfast and Brunch', 'Donuts']",4.3,12,$,40.22131220000001,-75.3013349,+12156611222,19446,787 Sumneytown Pk,Lansdale,PA,"[{'@type': 'OpeningHoursSpecification', 'dayOfWeek': 'Sunday', 'opens': '6:0', 'closes': '17:0'}, {'@type': 'OpeningHoursSpecification', 'dayOfWeek': ['Monday', 'Tuesday', 'Wednesday', 'Thursday', 'Friday', 'Saturday'], 'opens': '6:0', 'closes': '18:0'}]","{'@type': 'PostalAddress', 'addressLocality': 'Lansdale', 'addressRegion': 'PA', 'postalCode': '19446', 'addressCountry': 'US', 'streetAddress': '787 Sumneytown Pk'}","{'@type': 'GeoCoordinates', 'latitude': 40.22131220000001, 'longitude': -75.3013349}","{'@type': 'AggregateRating', 'ratingValue': 4.3, 'reviewCount': '12'}"
Jersey Mike's Subs (260 North West End Blvd),https://www.ubereats.com/philadelphia/food-delivery/jersey-mikes-subs-260-north-west-end-blvd/arK9qJ13QsOx82rlGLjaEg,telford-pennsylvania,"['Sandwich', 'American']",4.5,11,$,40.44701999999999,-75.361143,+12673474191,18951,260 North West End Blvd,Quakertown,PA,"[{'@type': 'OpeningHoursSpecification', 'dayOfWeek': ['Monday', 'Tuesday', 'Wednesday', 'Thursday', 'Friday', 'Saturday', 'Sunday'], 'opens': '10:0', 'closes': '20:30'}]","{'@type': 'PostalAddress', 'addressLocality': 'Quakertown', 'addressRegion': 'PA', 'postalCode': '18951', 'addressCountry': 'US', 'streetAddress': '260 North West End Blvd'}","{'@type': 'GeoCoordinates', 'latitude': 40.44701999999999, 'longitude': -75.361143}","{'@type': 'AggregateRating', 'ratingValue': 4.5, 'reviewCount': '11'}"
Margaritas Mexican Restaurant (Lansdale),https://www.ubereats.com/philadelphia/food-delivery/margaritas-mexican-restaurant-lansdale/1JJ0JQrrRf24p3fRuzyTLw,telford-pennsylvania,"['Mexican', 'Latin American', 'New Mexican', 'Family Meals']",4.5,87,$,40.24307689999999,-75.3377106,+12153622266,19446,1650 Sumneytown Pike,Lansdale,PA,"[{'@type': 'OpeningHoursSpecification', 'dayOfWeek': ['Sunday', 'Monday', 'Tuesday', 'Wednesday', 'Thursday'], 'opens': '11:0', 'closes': '20:45'}, {'@type': 'OpeningHoursSpecification', 'dayOfWeek': ['Friday', 'Saturday'], 'opens': '11:0', 'closes': '21:0'}]","{'@type': 'PostalAddress', 'addressLocality': 'Lansdale', 'addressRegion': 'PA', 'postalCode': '19446', 'addressCountry': 'US', 'streetAddress': '1650 Sumneytown Pike'}","{'@type': 'GeoCoordinates', 'latitude': 40.24307689999999, 'longitude': -75.3377106}","{'@type': 'AggregateRating', 'ratingValue': 4.5, 'reviewCount': '87'}"
308-Bonefish Grill (27 Airport Square),https://www.ubereats.com/philadelphia/food-delivery/308-bonefish-grill-27-airport-square/76ljJcjKTDCO6vPr001v1Q,telford-pennsylvania,"['American', 'Seafood', 'Family Meals']",4.4,54,$$,40.2371807,-75.2408416,+12153612932,19454,27 Airport Square,North Wales,PA,"[{'@type': 'OpeningHoursSpecification', 'dayOfWeek': 'Sunday', 'opens': '11:0', 'closes': '20:30'}, {'@type': 'OpeningHoursSpecification', 'dayOfWeek': ['Monday', 'Tuesday', 'Wednesday', 'Thursday'], 'opens': '16:0', 'closes': '21:30'}, {'@type': 'OpeningHoursSpecification', 'dayOfWeek': 'Friday', 'opens': '16:0', 'closes': '22:30'}, {'@type': 'OpeningHoursSpecification', 'dayOfWeek': 'Saturday', 'opens': '11:0', 'closes': '22:30'}]","{'@type': 'PostalAddress', 'addressLocality': 'North Wales', 'addressRegion': 'PA', 'postalCode': '19454', 'addressCountry': 'US', 'streetAddress': '27 Airport Square'}","{'@type': 'GeoCoordinates', 'latitude': 40.2371807, 'longitude': -75.2408416}","{'@type': 'AggregateRating', 'ratingValue': 4.4, 'reviewCount': '54'}"
Manhattan Bagel (401 South Broad Street),https://www.ubereats.com/philadelphia/food-delivery/manhattan-bagel-401-south-broad-street/7-3XIqXESUa-ZhuG-Ut4ng,telford-pennsylvania,"['Breakfast', 'Brunch', 'Salads']",4.4,31,$$,40.2363697,-75.2882357,+12156479990,,,,,"[{'@type': 'OpeningHoursSpecification', 'dayOfWeek': ['Monday', 'Tuesday', 'Wednesday', 'Thursday', 'Friday', 'Saturday', 'Sunday'], 'opens': '6:30', 'closes': '13:30'}]",,"{'@type': 'GeoCoordinates', 'latitude': 40.2363697, 'longitude': -75.2882357}","{'@type': 'AggregateRating', 'ratingValue': 4.4, 'reviewCount': '31'}"
J's Steaks & Subs (Telford),https://www.ubereats.com/philadelphia/food-delivery/js-steaks-%26-subs-telford/Qk94s-4_S3Sdl7uPnlSqDQ,telford-pennsylvania,"['American', 'Steak', 'Chicken']",,,$$,40.325980799999996,-75.3295456,+12157210343,18969,133 N Main St,Telford,PA,"[{'@type': 'OpeningHoursSpecification', 'dayOfWeek': ['Monday', 'Tuesday', 'Wednesday', 'Thursday', 'Friday', 'Saturday', 'Sunday'], 'opens': '10:0', 'closes': '21:0'}]","{'@type': 'PostalAddress', 'addressLocality': 'Telford', 'addressRegion': 'PA', 'postalCode': '18969', 'addressCountry': 'US', 'streetAddress': '133 N Main St'}","{'@type': 'GeoCoordinates', 'latitude': 40.325980799999996, 'longitude': -75.3295456}",{}
Wendy's  (1260 Bethlehem Pike),https://www.ubereats.com/philadelphia/food-delivery/wendys-1260-bethlehem-pike/wNy-ctwYQ_-GrSdykpZBIA,telford-pennsylvania,"['American', 'Burgers', 'Fast Food']",,,$,40.2879493,-75.2669915,+12157163517,19440,1260 Bethlehem Pike,Hatfield,PA,"[{'@type': 'OpeningHoursSpecification', 'dayOfWeek': ['Monday', 'Tuesday', 'Wednesday', 'Thursday', 'Friday', 'Saturday', 'Sunday'], 'opens': '10:30', 'closes': '22:30'}, {'@type': 'OpeningHoursSpecification', 'dayOfWeek': ['Monday', 'Tuesday', 'Wednesday', 'Thursday', 'Friday', 'Saturday', 'Sunday'], 'opens': '6:30', 'closes': '10:0'}]","{'@type': 'PostalAddress', 'addressLocality': 'Hatfield', 'addressRegion': 'PA', 'postalCode': '19440', 'addressCountry': 'US', 'streetAddress': '1260 Bethlehem Pike'}","{'@type': 'GeoCoordinates', 'latitude': 40.2879493, 'longitude': -75.2669915}",{}
Dunkin' (224 W Broad St),https://www.ubereats.com/philadelphia/food-delivery/dunkin-224-w-broad-st/OCO3qZNoRiqVxb1rD_ZQjA,telford-pennsylvania,"['Breakfast and Brunch', 'Donuts']",,,$,40.4408865,-75.3362302,+12676214816,18951,224 W Broad St,Quakertown,PA,"[{'@type': 'OpeningHoursSpecification', 'dayOfWeek': ['Monday', 'Tuesday', 'Wednesday', 'Thursday', 'Friday', 'Saturday', 'Sunday'], 'opens': '5:30', 'closes': '17:30'}]","{'@type': 'PostalAddress', 'addressLocality': 'Quakertown', 'addressRegion': 'PA', 'postalCode': '18951', 'addressCountry': 'US', 'streetAddress': '224 W Broad St'}","{'@type': 'GeoCoordinates', 'latitude': 40.4408865, 'longitude': -75.3362302}",{}
KFC (32 Airport Square),https://www.ubereats.com/philadelphia/food-delivery/kfc-32-airport-square/Uy5-r6EoSJqybsNrzucgWQ,telford-pennsylvania,"['American', 'Fast Food', 'wings']",4.1,97,$,40.2389063,-75.2416392,+12154127224,19454,32 Airport Square,North Wales,PA,"[{'@type': 'OpeningHoursSpecification', 'dayOfWeek': ['Monday', 'Tuesday', 'Wednesday', 'Thursday', 'Friday', 'Saturday', 'Sunday'], 'opens': '10:30', 'closes': '22:0'}]","{'@type': 'PostalAddress', 'addressLocality': 'North Wales', 'addressRegion': 'PA', 'postalCode': '19454', 'addressCountry': 'US', 'streetAddress': '32 Airport Square'}","{'@type': 'GeoCoordinates', 'latitude': 40.2389063, 'longitude': -75.2416392}","{'@type': 'AggregateRating', 'ratingValue': 4.1, 'reviewCount': '97'}"
Subway (523 Constitution Ave),https://www.ubereats.com/philadelphia/food-delivery/subway-523-constitution-ave/kuct4YA_SI6mPo62mH1aEQ,telford-pennsylvania,"['Fast Food', 'Sandwich', 'American']",4.3,17,$,40.36393520000001,-75.2968626,+12154539959,18944,523 Constitution Ave,Perkasie,PA,"[{'@type': 'OpeningHoursSpecification', 'dayOfWeek': ['Sunday', 'Monday', 'Tuesday', 'Wednesday'], 'opens': '10:0', 'closes': '19:30'}, {'@type': 'OpeningHoursSpecification', 'dayOfWeek': ['Thursday', 'Friday', 'Saturday'], 'opens': '10:0', 'closes': '20:30'}]","{'@type': 'PostalAddress', 'addressLocality': 'Perkasie', 'addressRegion': 'PA', 'postalCode': '18944', 'addressCountry': 'US', 'streetAddress': '523 Constitution Ave'}","{'@type': 'GeoCoordinates', 'latitude': 40.36393520000001, 'longitude': -75.2968626}","{'@type': 'AggregateRating', 'ratingValue': 4.3, 'reviewCount': '17'}"
Dunkin' (1050 Bethlehem Pike),https://www.ubereats.com/philadelphia/food-delivery/dunkin-1050-bethlehem-pike/fSNH2puDQKmfYvlKGN1OrQ,telford-pennsylvania,"['Breakfast and Brunch', 'Donuts']",4.4,13,$,40.28532149999999,-75.2630138,+12158227800,18915,1050 Bethlehem Pike,Colmar,PA,"[{'@type': 'OpeningHoursSpecification', 'dayOfWeek': ['Monday', 'Tuesday', 'Wednesday', 'Thursday', 'Friday', 'Saturday', 'Sunday'], 'opens': '6:15', 'closes': '17:30'}]","{'@type': 'PostalAddress', 'addressLocality': 'Colmar', 'addressRegion': 'PA', 'postalCode': '18915', 'addressCountry': 'US', 'streetAddress': '1050 Bethlehem Pike'}","{'@type': 'GeoCoordinates', 'latitude': 40.28532149999999, 'longitude': -75.2630138}","{'@type': 'AggregateRating', 'ratingValue': 4.4, 'reviewCount': '13'}"
Zara halal food ,https://www.ubereats.com/philadelphia/food-delivery/zara-halal-food/thkXWCY5TIuTOji7TjmZFw,telford-pennsylvania,"['Halal', 'Salads', 'Chicken']",4.7,38,$$,40.25410790000001,-75.3043435,+12678208771,19446,1419 Welsh Rd,Lansdale,PA,"[{'@type': 'OpeningHoursSpecification', 'dayOfWeek': 'Sunday', 'opens': '11:0', 'closes': '18:30'}, {'@type': 'OpeningHoursSpecification', 'dayOfWeek': ['Monday', 'Tuesday', 'Wednesday', 'Thursday', 'Friday', 'Saturday'], 'opens': '11:0', 'closes': '20:30'}]","{'@type': 'PostalAddress', 'addressLocality': 'Lansdale', 'addressRegion': 'PA', 'postalCode': '19446', 'addressCountry': 'US', 'streetAddress': '1419 Welsh Rd'}","{'@type': 'GeoCoordinates', 'latitude': 40.25410790000001, 'longitude': -75.3043435}","{'@type': 'AggregateRating', 'ratingValue': 4.7, 'reviewCount': '38'}"
Biryani Bowl (Lansdale),https://www.ubereats.com/philadelphia/food-delivery/biryani-bowl-lansdale/BdaGANL0RHmpbyG9mrFRFw,telford-pennsylvania,"['Indian', 'Vegetarian', 'Asian']",,,$,40.2504007,-75.2754088,+12154123690,19446,1100 N Broad St,Lansdale,PA,"[{'@type': 'OpeningHoursSpecification', 'dayOfWeek': 'Sunday', 'opens': '11:30', 'closes': '21:0'}, {'@type': 'OpeningHoursSpecification', 'dayOfWeek': ['Tuesday', 'Wednesday', 'Thursday', 'Friday', 'Saturday'], 'opens': '11:30', 'closes': '21:0'}]","{'@type': 'PostalAddress', 'addressLocality': 'Lansdale', 'addressRegion': 'PA', 'postalCode': '19446', 'addressCountry': 'US', 'streetAddress': '1100 N Broad St'}","{'@type': 'GeoCoordinates', 'latitude': 40.2504007, 'longitude': -75.2754088}",{}
Oki Sushi,https://www.ubereats.com/philadelphia/food-delivery/oki-sushi/vBF6veuQQbaZVCeNLTLeUA,telford-pennsylvania,"['Sushi', 'Japanese', 'Salads']",4.6,108,$,40.22938149999999,-75.3118818,+12158558299,19446,1551 S Valley Forge Rd,Lansdale,PA,"[{'@type': 'OpeningHoursSpecification', 'dayOfWeek': 'Sunday', 'opens': '10:45', 'closes': '21:0'}, {'@type': 'OpeningHoursSpecification', 'dayOfWeek': 'Monday', 'opens': '10:45', 'closes': '9:0'}, {'@type': 'OpeningHoursSpecification', 'dayOfWeek': ['Tuesday', 'Wednesday', 'Thursday', 'Friday', 'Saturday'], 'opens': '10:45', 'closes': '21:0'}]","{'@type': 'PostalAddress', 'addressLocality': 'Lansdale', 'addressRegion': 'PA', 'postalCode': '19446', 'addressCountry': 'US', 'streetAddress': '1551 S Valley Forge Rd'}","{'@type': 'GeoCoordinates', 'latitude': 40.22938149999999, 'longitude': -75.3118818}","{'@type': 'AggregateRating', 'ratingValue': 4.6, 'reviewCount': '108'}"
Cafe Cabana,https://www.ubereats.com/philadelphia/food-delivery/cafe-cabana/TSXwaq5ZTF-1w4EZgOfypQ,telford-pennsylvania,"['Ice Cream & Frozen Yogurt', 'Comfort Food', 'Desserts']",4.7,20,$,40.233372,-75.2719956,+12153618525,19446,628 E Main St,Lansdale,PA,"[{'@type': 'OpeningHoursSpecification', 'dayOfWeek': 'Sunday', 'opens': '11:0', 'closes': '19:0'}, {'@type': 'OpeningHoursSpecification', 'dayOfWeek': ['Tuesday', 'Wednesday', 'Thursday', 'Friday', 'Saturday'], 'opens': '11:0', 'closes': '20:0'}]","{'@type': 'PostalAddress', 'addressLocality': 'Lansdale', 'addressRegion': 'PA', 'postalCode': '19446', 'addressCountry': 'US', 'streetAddress': '628 E Main St'}","{'@type': 'GeoCoordinates', 'latitude': 40.233372, 'longitude': -75.2719956}","{'@type': 'AggregateRating', 'ratingValue': 4.7, 'reviewCount': '20'}"
McDonald's® (Souderton),https://www.ubereats.com/philadelphia/food-delivery/mcdonalds-souderton/Khs8VC_RS-GzdCBrbW_ZRA,telford-pennsylvania,"['American', 'Fast Food', 'Burgers']",4.7,54,$,40.3163187,-75.3087981,+12157230193,18964,727 Route 113,Souderton,PA,"[{'@type': 'OpeningHoursSpecification', 'dayOfWeek': 'Sunday', 'opens': '5:30', 'closes': '10:59'}, {'@type': 'OpeningHoursSpecification', 'dayOfWeek': 'Sunday', 'opens': '11:0', 'closes': '16:59'}, {'@type': 'OpeningHoursSpecification', 'dayOfWeek': 'Sunday', 'opens': '17:0', 'closes': '22:15'}, {'@type': 'OpeningHoursSpecification', 'dayOfWeek': ['Monday', 'Tuesday', 'Wednesday', 'Thursday', 'Friday'], 'opens': '5:30', 'closes': '10:29'}, {'@type': 'OpeningHoursSpecification', 'dayOfWeek': ['Monday', 'Tuesday', 'Wednesday', 'Thursday', 'Friday'], 'opens': '10:30', 'closes': '16:59'}, {'@type': 'OpeningHoursSpecification', 'dayOfWeek': ['Monday', 'Tuesday', 'Wednesday', 'Thursday', 'Friday'], 'opens': '17:0', 'closes': '22:15'}, {'@type': 'OpeningHoursSpecification', 'dayOfWeek': 'Saturday', 'opens': '5:30', 'closes': '10:59'}, {'@type': 'OpeningHoursSpecification', 'dayOfWeek': 'Saturday', 'opens': '11:0', 'closes': '16:59'}, {'@type': 'OpeningHoursSpecification', 'dayOfWeek': 'Saturday', 'opens': '17:0', 'closes': '22:15'}]","{'@type': 'PostalAddress', 'addressLocality': 'Souderton', 'addressRegion': 'PA', 'postalCode': '18964', 'addressCountry': 'US', 'streetAddress': '727 Route 113'}","{'@type': 'GeoCoordinates', 'latitude': 40.3163187, 'longitude': -75.3087981}","{'@type': 'AggregateRating', 'ratingValue': 4.7, 'reviewCount': '54'}"
SMOKEHOUSE TAVERN,https://www.ubereats.com/philadelphia/food-delivery/smokehouse-tavern/SSqMntyPQmq8aacH3gV6xw,telford-pennsylvania,"['BBQ', 'Burgers', 'Pizza', 'Sandwich', 'Bar Food']",,,,40.22784400937171,-75.28276964781536,+12153627663,,,,,"[{'@type': 'OpeningHoursSpecification', 'dayOfWeek': 'Sunday', 'opens': '16:0', 'closes': '21:0'}, {'@type': 'OpeningHoursSpecification', 'dayOfWeek': ['Tuesday', 'Wednesday'], 'opens': '16:0', 'closes': '21:0'}, {'@type': 'OpeningHoursSpecification', 'dayOfWeek': ['Thursday', 'Friday', 'Saturday'], 'opens': '11:0', 'closes': '21:0'}]",,"{'@type': 'GeoCoordinates', 'latitude': 40.22784400937171, 'longitude': -75.28276964781536}",{}
Taco Bell (1700 N. Broad St.),https://www.ubereats.com/philadelphia/food-delivery/taco-bell-1700-n-broad-st/6kt9oUhxQ7yJR2WYTVXmOw,telford-pennsylvania,"['Burritos', 'Fast Food', 'Mexican']",4.2,89,$,40.2570756,-75.2681178,+12158554210,19446,1700 N. Broad St.,Lansdale,PA,"[{'@type': 'OpeningHoursSpecification', 'dayOfWeek': ['Monday', 'Tuesday', 'Wednesday', 'Thursday', 'Friday', 'Saturday', 'Sunday'], 'opens': '14:0', 'closes': '17:0'}, {'@type': 'OpeningHoursSpecification', 'dayOfWeek': ['Monday', 'Tuesday', 'Wednesday', 'Thursday', 'Friday', 'Saturday', 'Sunday'], 'opens': '10:0', 'closes': '23:30'}]","{'@type': 'PostalAddress', 'addressLocality': 'Lansdale', 'addressRegion': 'PA', 'postalCode': '19446', 'addressCountry': 'US', 'streetAddress': '1700 N. Broad St.'}","{'@type': 'GeoCoordinates', 'latitude': 40.2570756, 'longitude': -75.2681178}","{'@type': 'AggregateRating', 'ratingValue': 4.2, 'reviewCount': '89'}"
Manhattan Bagel (5 E Butler Ave),https://www.ubereats.com/philadelphia/food-delivery/manhattan-bagel-5-e-butler-ave/y-_malKARYaPDybfmD2KYQ,telford-pennsylvania,"['Breakfast and Brunch', 'Sandwich']",4.6,44,$,40.2861068,-75.2077711,+12159978100,18914,5 E Butler Ave,Chalfont,PA,"[{'@type': 'OpeningHoursSpecification', 'dayOfWeek': ['Monday', 'Tuesday', 'Wednesday', 'Thursday', 'Friday', 'Saturday', 'Sunday'], 'opens': '6:30', 'closes': '14:30'}]","{'@type': 'PostalAddress', 'addressLocality': 'Chalfont', 'addressRegion': 'PA', 'postalCode': '18914', 'addressCountry': 'US', 'streetAddress': '5 E Butler Ave'}","{'@type': 'GeoCoordinates', 'latitude': 40.2861068, 'longitude': -75.2077711}","{'@type': 'AggregateRating', 'ratingValue': 4.6, 'reviewCount': '44'}"
Osaka Japanese Restaurant - Lansdale,https://www.ubereats.com/philadelphia/food-delivery/osaka-japanese-restaurant-lansdale/Pw-Wt6MNRvuRFtD7CYjRNg,telford-pennsylvania,"['Japanese', 'Sushi', 'Salads', 'Seafood', 'Vegetarian Friendly', 'Noodles']",,,$$,40.242514,-75.33691,+12672228308,19446,1598 Sumneytown Pike,Lansdale,PA,"[{'@type': 'OpeningHoursSpecification', 'dayOfWeek': 'Sunday', 'opens': '17:0', 'closes': '20:45'}, {'@type': 'OpeningHoursSpecification', 'dayOfWeek': ['Monday', 'Tuesday', 'Wednesday', 'Thursday'], 'opens': '17:0', 'closes': '21:30'}, {'@type': 'OpeningHoursSpecification', 'dayOfWeek': ['Monday', 'Tuesday', 'Wednesday', 'Thursday'], 'opens': '11:30', 'closes': '14:15'}, {'@type': 'OpeningHoursSpecification', 'dayOfWeek': ['Monday', 'Tuesday', 'Wednesday', 'Thursday'], 'opens': '11:30', 'closes': '14:15'}, {'@type': 'OpeningHoursSpecification', 'dayOfWeek': 'Friday', 'opens': '11:30', 'closes': '14:15'}, {'@type': 'OpeningHoursSpecification', 'dayOfWeek': 'Friday', 'opens': '11:30', 'closes': '14:15'}, {'@type': 'OpeningHoursSpecification', 'dayOfWeek': 'Saturday', 'opens': '17:0', 'closes': '21:30'}]","{'@type': 'PostalAddress', 'addressLocality': 'Lansdale', 'addressRegion': 'PA', 'postalCode': '19446', 'addressCountry': 'US', 'streetAddress': '1598 Sumneytown Pike'}","{'@type': 'GeoCoordinates', 'latitude': 40.242514, 'longitude': -75.33691}",{}
Casale DiMaggio Sicilian Restaurant,https://www.ubereats.com/philadelphia/food-delivery/casale-dimaggio-sicilian-restaurant/pWQhBfPgQEGTn7ru9GYbjQ,telford-pennsylvania,"['Italian', 'Pasta', 'Comfort Food']",,,$,40.3930698,-75.23612419999999,+12152491404,18944,1167 Dublin Pike,Perkasie,PA,"[{'@type': 'OpeningHoursSpecification', 'dayOfWeek': ['Sunday', 'Monday', 'Tuesday', 'Wednesday', 'Thursday'], 'opens': '16:0', 'closes': '21:0'}, {'@type': 'OpeningHoursSpecification', 'dayOfWeek': ['Sunday', 'Monday', 'Tuesday', 'Wednesday', 'Thursday'], 'opens': '16:0', 'closes': '21:0'}, {'@type': 'OpeningHoursSpecification', 'dayOfWeek': ['Friday', 'Saturday'], 'opens': '16:0', 'closes': '22:0'}, {'@type': 'OpeningHoursSpecification', 'dayOfWeek': ['Friday', 'Saturday'], 'opens': '16:0', 'closes': '22:0'}]","{'@type': 'PostalAddress', 'addressLocality': 'Perkasie', 'addressRegion': 'PA', 'postalCode': '18944', 'addressCountry': 'US', 'streetAddress': '1167 Dublin Pike'}","{'@type': 'GeoCoordinates', 'latitude': 40.3930698, 'longitude': -75.23612419999999}",{}
Wendy's  (1758 Allentown Road),https://www.ubereats.com/philadelphia/food-delivery/wendys-1758-allentown-road/TuUdkjFRQqOQOS-IK_l9SA,telford-pennsylvania,"['American', 'Burgers', 'Fast Food']",4.7,11,$,40.2584348,-75.32637849999999,+12153686687,19446,1758 Allentown Road,Lansdale,PA,"[{'@type': 'OpeningHoursSpecification', 'dayOfWeek': ['Monday', 'Tuesday', 'Wednesday', 'Thursday', 'Friday', 'Saturday', 'Sunday'], 'opens': '10:30', 'closes': '0:30'}, {'@type': 'OpeningHoursSpecification', 'dayOfWeek': ['Monday', 'Tuesday', 'Wednesday', 'Thursday', 'Friday', 'Saturday', 'Sunday'], 'opens': '6:30', 'closes': '10:0'}]","{'@type': 'PostalAddress', 'addressLocality': 'Lansdale', 'addressRegion': 'PA', 'postalCode': '19446', 'addressCountry': 'US', 'streetAddress': '1758 Allentown Road'}","{'@type': 'GeoCoordinates', 'latitude': 40.2584348, 'longitude': -75.32637849999999}","{'@type': 'AggregateRating', 'ratingValue': 4.7, 'reviewCount': '11'}"
Wing Squad - Montgomeryville,https://www.ubereats.com/philadelphia/food-delivery/wing-squad-montgomeryville/NoOPSNzxQzyOAWU8sVEEfw,telford-pennsylvania,"['Wings', 'American', 'Fast Food']",3.7,20,$,40.23704559999999,-75.2422089,+18887996601,19454,860 Bethlehem Pike,North Wales,PA,"[{'@type': 'OpeningHoursSpecification', 'dayOfWeek': ['Sunday', 'Monday', 'Tuesday', 'Wednesday'], 'opens': '11:30', 'closes': '21:30'}, {'@type': 'OpeningHoursSpecification', 'dayOfWeek': ['Thursday', 'Friday', 'Saturday'], 'opens': '11:30', 'closes': '22:0'}]","{'@type': 'PostalAddress', 'addressLocality': 'North Wales', 'addressRegion': 'PA', 'postalCode': '19454', 'addressCountry': 'US', 'streetAddress': '860 Bethlehem Pike'}","{'@type': 'GeoCoordinates', 'latitude': 40.23704559999999, 'longitude': -75.2422089}","{'@type': 'AggregateRating', 'ratingValue': 3.7, 'reviewCount': '20'}"
Dunkin' (1857 N Broad St),https://www.ubereats.com/philadelphia/food-delivery/dunkin-1857-n-broad-st/JYgiZvbaRWqx2l3YQZLC5Q,telford-pennsylvania,"['Breakfast and Brunch', 'Donuts']",4.2,10,$,40.2581478,-75.26508729999999,+12153686325,19446,1857 N Broad St,Lansdale,PA,"[{'@type': 'OpeningHoursSpecification', 'dayOfWeek': ['Monday', 'Tuesday', 'Wednesday', 'Thursday', 'Friday', 'Saturday', 'Sunday'], 'opens': '6:0', 'closes': '20:0'}]","{'@type': 'PostalAddress', 'addressLocality': 'Lansdale', 'addressRegion': 'PA', 'postalCode': '19446', 'addressCountry': 'US', 'streetAddress': '1857 N Broad St'}","{'@type': 'GeoCoordinates', 'latitude': 40.2581478, 'longitude': -75.26508729999999}","{'@type': 'AggregateRating', 'ratingValue': 4.2, 'reviewCount': '10'}"
Dunkin' (345 Main St),https://www.ubereats.com/philadelphia/food-delivery/dunkin-345-main-st/H1k1wEJcRGaGpGgtE2DHow,telford-pennsylvania,"['Breakfast and Brunch', 'Donuts']",,,$,40.272264,-75.3782899,+12152560200,19438,345 Main St,Harleysville,PA,"[{'@type': 'OpeningHoursSpecification', 'dayOfWeek': ['Monday', 'Tuesday', 'Wednesday', 'Thursday', 'Friday', 'Saturday', 'Sunday'], 'opens': '7:0', 'closes': '13:0'}]","{'@type': 'PostalAddress', 'addressLocality': 'Harleysville', 'addressRegion': 'PA', 'postalCode': '19438', 'addressCountry': 'US', 'streetAddress': '345 Main St'}","{'@type': 'GeoCoordinates', 'latitude': 40.272264, 'longitude': -75.3782899}",{}
Wendy's  (752 Route 113),https://www.ubereats.com/philadelphia/food-delivery/wendys-752-route-113/LJv_QQSUQESYaZGVCAVaEA,telford-pennsylvania,"['American', 'Burgers', 'Fast Food']",4.5,13,$,40.32027679999999,-75.3057874,+12157039851,18964,752 Route 113,Souderton,PA,"[{'@type': 'OpeningHoursSpecification', 'dayOfWeek': ['Monday', 'Tuesday', 'Wednesday', 'Thursday', 'Friday', 'Saturday', 'Sunday'], 'opens': '10:30', 'closes': '23:30'}, {'@type': 'OpeningHoursSpecification', 'dayOfWeek': ['Monday', 'Tuesday', 'Wednesday', 'Thursday', 'Friday', 'Saturday', 'Sunday'], 'opens': '6:30', 'closes': '10:0'}]","{'@type': 'PostalAddress', 'addressLocality': 'Souderton', 'addressRegion': 'PA', 'postalCode': '18964', 'addressCountry': 'US', 'streetAddress': '752 Route 113'}","{'@type': 'GeoCoordinates', 'latitude': 40.32027679999999, 'longitude': -75.3057874}","{'@type': 'AggregateRating', 'ratingValue': 4.5, 'reviewCount': '13'}"
Bertucci's (860 Bethlehem Pike),https://www.ubereats.com/philadelphia/food-delivery/bertuccis-860-bethlehem-pike/MwpQQuxfSfWbSyuDqY-JSw,telford-pennsylvania,"['Italian', 'pizza', 'Salads', 'Family Meals']",4.3,65,$$,40.23704559999999,-75.2422089,+12674985538,19454,860 Bethlehem Pike,North Wales,PA,"[{'@type': 'OpeningHoursSpecification', 'dayOfWeek': 'Sunday', 'opens': '11:30', 'closes': '21:30'}, {'@type': 'OpeningHoursSpecification', 'dayOfWeek': ['Monday', 'Tuesday', 'Wednesday'], 'opens': '11:30', 'closes': '21:30'}, {'@type': 'OpeningHoursSpecification', 'dayOfWeek': ['Monday', 'Tuesday', 'Wednesday'], 'opens': '11:30', 'closes': '15:0'}, {'@type': 'OpeningHoursSpecification', 'dayOfWeek': ['Thursday', 'Friday'], 'opens': '11:30', 'closes': '22:0'}, {'@type': 'OpeningHoursSpecification', 'dayOfWeek': ['Thursday', 'Friday'], 'opens': '11:30', 'closes': '15:0'}, {'@type': 'OpeningHoursSpecification', 'dayOfWeek': 'Saturday', 'opens': '11:30', 'closes': '22:0'}]","{'@type': 'PostalAddress', 'addressLocality': 'North Wales', 'addressRegion': 'PA', 'postalCode': '19454', 'addressCountry': 'US', 'streetAddress': '860 Bethlehem Pike'}","{'@type': 'GeoCoordinates', 'latitude': 40.23704559999999, 'longitude': -75.2422089}","{'@type': 'AggregateRating', 'ratingValue': 4.3, 'reviewCount': '65'}"
Dunkin' (653 E Broad St),https://www.ubereats.com/philadelphia/food-delivery/dunkin-653-e-broad-st/yqWft5yoSFanG_gR2PA3eA,telford-pennsylvania,"['Breakfast and Brunch', 'Donuts']",4.6,11,$,40.31451149999999,-75.3123146,+12157990199,18964,653 E Broad St,Souderton,PA,"[{'@type': 'OpeningHoursSpecification', 'dayOfWeek': ['Monday', 'Tuesday', 'Wednesday', 'Thursday', 'Friday', 'Saturday', 'Sunday'], 'opens': '5:30', 'closes': '19:0'}, {'@type': 'OpeningHoursSpecification', 'dayOfWeek': ['Monday', 'Tuesday', 'Wednesday', 'Thursday', 'Friday', 'Saturday', 'Sunday'], 'opens': '5:0', 'closes': '19:0'}]","{'@type': 'PostalAddress', 'addressLocality': 'Souderton', 'addressRegion': 'PA', 'postalCode': '18964', 'addressCountry': 'US', 'streetAddress': '653 E Broad St'}","{'@type': 'GeoCoordinates', 'latitude': 40.31451149999999, 'longitude': -75.3123146}","{'@type': 'AggregateRating', 'ratingValue': 4.6, 'reviewCount': '11'}"
McDonald's® (Upper Gwynedd),https://www.ubereats.com/philadelphia/food-delivery/mcdonalds-upper-gwynedd/E3pW8SIiQg2VGjBRmfuqsg,telford-pennsylvania,"['American', 'Fast Food', 'Burgers']",4.6,57,$,40.2298,-75.3133,+12153629223,19446,1551 S VALLEY FORGE RD,LANSDALE,PA,"[{'@type': 'OpeningHoursSpecification', 'dayOfWeek': ['Monday', 'Tuesday', 'Wednesday', 'Thursday', 'Friday', 'Saturday', 'Sunday'], 'opens': '6:0', 'closes': '10:59'}, {'@type': 'OpeningHoursSpecification', 'dayOfWeek': ['Monday', 'Tuesday', 'Wednesday', 'Thursday', 'Friday', 'Saturday', 'Sunday'], 'opens': '11:0', 'closes': '16:59'}, {'@type': 'OpeningHoursSpecification', 'dayOfWeek': ['Monday', 'Tuesday', 'Wednesday', 'Thursday', 'Friday', 'Saturday', 'Sunday'], 'opens': '17:0', 'closes': '22:30'}]","{'@type': 'PostalAddress', 'addressLocality': 'LANSDALE', 'addressRegion': 'PA', 'postalCode': '19446', 'addressCountry': 'US', 'streetAddress': '1551 S VALLEY FORGE RD'}","{'@type': 'GeoCoordinates', 'latitude': 40.2298, 'longitude': -75.3133}","{'@type': 'AggregateRating', 'ratingValue': 4.6, 'reviewCount': '57'}"
Perkins (4319 Swamp Road),https://www.ubereats.com/philadelphia/food-delivery/perkins-4319-swamp-road/nQoALszAQWyE-5xkz_SCZg,telford-pennsylvania,"['Breakfast and Brunch', 'American', 'Dinner', 'Bakery', 'Family Meals']",4.8,28,$$,40.3311493,-75.1330653,+12153482133,18902,4319 Swamp Road,Doylestown,PA,"[{'@type': 'OpeningHoursSpecification', 'dayOfWeek': ['Monday', 'Tuesday', 'Wednesday', 'Thursday', 'Friday', 'Saturday', 'Sunday'], 'opens': '7:0', 'closes': '19:30'}]","{'@type': 'PostalAddress', 'addressLocality': 'Doylestown', 'addressRegion': 'PA', 'postalCode': '18902', 'addressCountry': 'US', 'streetAddress': '4319 Swamp Road'}","{'@type': 'GeoCoordinates', 'latitude': 40.3311493, 'longitude': -75.1330653}","{'@type': 'AggregateRating', 'ratingValue': 4.8, 'reviewCount': '28'}"
Palermos Pizza,https://www.ubereats.com/philadelphia/food-delivery/palermos-pizza/RV0rUW1jRJOsi0pihxumsA,telford-pennsylvania,"['Italian', 'Pasta', 'Comfort Food']",4.8,29,$,40.2350804,-75.289147,+12154123904,19446,531 S Broad St,Lansdale,PA,"[{'@type': 'OpeningHoursSpecification', 'dayOfWeek': ['Monday', 'Tuesday', 'Wednesday', 'Thursday', 'Friday', 'Saturday', 'Sunday'], 'opens': '10:0', 'closes': '22:0'}]","{'@type': 'PostalAddress', 'addressLocality': 'Lansdale', 'addressRegion': 'PA', 'postalCode': '19446', 'addressCountry': 'US', 'streetAddress': '531 S Broad St'}","{'@type': 'GeoCoordinates', 'latitude': 40.2350804, 'longitude': -75.289147}","{'@type': 'AggregateRating', 'ratingValue': 4.8, 'reviewCount': '29'}"
Starbucks (776 Bethlehem Pike Montgomeryville),https://www.ubereats.com/philadelphia/food-delivery/starbucks-776-bethlehem-pike-montgomeryville/xPGzzv43RgK9VtmQBLLbcw,telford-pennsylvania,"['Bakery', 'Breakfast and Brunch', 'Cafe', 'Coffee & Tea']",3.9,19,$,40.2413542,-75.2434851,+12156311781,19454,776 Bethlehem Pike,Montgomeryville,PA,"[{'@type': 'OpeningHoursSpecification', 'dayOfWeek': 'Sunday', 'opens': '6:0', 'closes': '20:30'}, {'@type': 'OpeningHoursSpecification', 'dayOfWeek': ['Monday', 'Tuesday', 'Wednesday', 'Thursday'], 'opens': '5:30', 'closes': '21:0'}, {'@type': 'OpeningHoursSpecification', 'dayOfWeek': 'Friday', 'opens': '5:30', 'closes': '21:30'}, {'@type': 'OpeningHoursSpecification', 'dayOfWeek': 'Saturday', 'opens': '6:0', 'closes': '21:30'}]","{'@type': 'PostalAddress', 'addressLocality': 'Montgomeryville', 'addressRegion': 'PA', 'postalCode': '19454', 'addressCountry': 'US', 'streetAddress': '776 Bethlehem Pike'}","{'@type': 'GeoCoordinates', 'latitude': 40.2413542, 'longitude': -75.2434851}","{'@type': 'AggregateRating', 'ratingValue': 3.9, 'reviewCount': '19'}"
Izu Sushi,https://www.ubereats.com/philadelphia/food-delivery/izu-sushi/F5lPfVqeSP61bX6il4SuQg,telford-pennsylvania,"['American', 'Japanese', 'Japanese set items']",4.8,59,$,40.2435034,-75.2874543,+12153933800,19446,322 1/2 W Main Street,Lansdale,PA,"[{'@type': 'OpeningHoursSpecification', 'dayOfWeek': 'Sunday', 'opens': '11:30', 'closes': '21:30'}, {'@type': 'OpeningHoursSpecification', 'dayOfWeek': 'Monday', 'opens': '2:0', 'closes': '2:1'}, {'@type': 'OpeningHoursSpecification', 'dayOfWeek': ['Tuesday', 'Wednesday', 'Thursday', 'Friday', 'Saturday'], 'opens': '11:30', 'closes': '21:30'}, {'@type': 'OpeningHoursSpecification', 'dayOfWeek': ['Tuesday', 'Wednesday', 'Thursday', 'Friday', 'Saturday'], 'opens': '0:0', 'closes': '0:1'}]","{'@type': 'PostalAddress', 'addressLocality': 'Lansdale', 'addressRegion': 'PA', 'postalCode': '19446', 'addressCountry': 'US', 'streetAddress': '322 1/2 W Main Street'}","{'@type': 'GeoCoordinates', 'latitude': 40.2435034, 'longitude': -75.2874543}","{'@type': 'AggregateRating', 'ratingValue': 4.8, 'reviewCount': '59'}"
Los Gemelos Family Restaurant,https://www.ubereats.com/philadelphia/food-delivery/los-gemelos-family-restaurant/I1K2kQvhSb-cxKHpHc4ecA,telford-pennsylvania,"['Mexican', 'Latin American', 'New Mexican']",4.8,30,$,40.3196756,-75.32780319999999,+12157994366,18964,301 W Reliance Rd,Telford,PA,"[{'@type': 'OpeningHoursSpecification', 'dayOfWeek': 'Sunday', 'opens': '10:0', 'closes': '20:45'}, {'@type': 'OpeningHoursSpecification', 'dayOfWeek': ['Monday', 'Tuesday', 'Wednesday', 'Thursday', 'Friday'], 'opens': '10:0', 'closes': '22:0'}, {'@type': 'OpeningHoursSpecification', 'dayOfWeek': ['Monday', 'Tuesday', 'Wednesday', 'Thursday', 'Friday'], 'opens': '11:0', 'closes': '14:0'}, {'@type': 'OpeningHoursSpecification', 'dayOfWeek': 'Saturday', 'opens': '10:0', 'closes': '22:0'}]","{'@type': 'PostalAddress', 'addressLocality': 'Telford', 'addressRegion': 'PA', 'postalCode': '18964', 'addressCountry': 'US', 'streetAddress': '301 W Reliance Rd'}","{'@type': 'GeoCoordinates', 'latitude': 40.3196756, 'longitude': -75.32780319999999}","{'@type': 'AggregateRating', 'ratingValue': 4.8, 'reviewCount': '30'}"
China Panda,https://www.ubereats.com/philadelphia/food-delivery/china-panda/t9ytATpDRY22s42gitO2jw,telford-pennsylvania,"['Chinese', 'Asian', 'Asian Fusion']",4.7,66,$,40.3168022,-75.3109533,+12157238682,18964,704,Souderton,PA,"[{'@type': 'OpeningHoursSpecification', 'dayOfWeek': 'Sunday', 'opens': '12:0', 'closes': '21:30'}, {'@type': 'OpeningHoursSpecification', 'dayOfWeek': ['Monday', 'Tuesday', 'Wednesday', 'Thursday'], 'opens': '11:0', 'closes': '21:30'}, {'@type': 'OpeningHoursSpecification', 'dayOfWeek': ['Monday', 'Tuesday', 'Wednesday', 'Thursday'], 'opens': '11:0', 'closes': '15:0'}, {'@type': 'OpeningHoursSpecification', 'dayOfWeek': ['Friday', 'Saturday'], 'opens': '11:0', 'closes': '22:30'}, {'@type': 'OpeningHoursSpecification', 'dayOfWeek': ['Friday', 'Saturday'], 'opens': '11:0', 'closes': '15:0'}]","{'@type': 'PostalAddress', 'addressLocality': 'Souderton', 'addressRegion': 'PA', 'postalCode': '18964', 'addressCountry': 'US', 'streetAddress': '704'}","{'@type': 'GeoCoordinates', 'latitude': 40.3168022, 'longitude': -75.3109533}","{'@type': 'AggregateRating', 'ratingValue': 4.7, 'reviewCount': '66'}"
Starbucks (Lansdale),https://www.ubereats.com/philadelphia/food-delivery/starbucks-lansdale/LSt4_gdKTpOkNnj9ivLlEw,telford-pennsylvania,"['Bakery', 'Breakfast and Brunch', 'Cafe', 'Coffee & Tea']",4.8,116,$,40.2476554,-75.29433949999999,+12154123158,19446,884 West Main St Village at West Main,Lansdale,PA,"[{'@type': 'OpeningHoursSpecification', 'dayOfWeek': 'Sunday', 'opens': '6:0', 'closes': '21:30'}, {'@type': 'OpeningHoursSpecification', 'dayOfWeek': ['Monday', 'Tuesday', 'Wednesday', 'Thursday'], 'opens': '5:0', 'closes': '21:0'}, {'@type': 'OpeningHoursSpecification', 'dayOfWeek': 'Friday', 'opens': '5:0', 'closes': '21:30'}, {'@type': 'OpeningHoursSpecification', 'dayOfWeek': 'Saturday', 'opens': '5:30', 'closes': '21:30'}]","{'@type': 'PostalAddress', 'addressLocality': 'Lansdale', 'addressRegion': 'PA', 'postalCode': '19446', 'addressCountry': 'US', 'streetAddress': '884 West Main St Village at West Main'}","{'@type': 'GeoCoordinates', 'latitude': 40.2476554, 'longitude': -75.29433949999999}","{'@type': 'AggregateRating', 'ratingValue': 4.8, 'reviewCount': '116'}"
Wawa 0105 (370 N. Main St.),https://www.ubereats.com/philadelphia/food-delivery/wawa-0105-370-n-main-st/1L_A55RDS4uM5GlMoEf3lQ,telford-pennsylvania,"['Sandwich', 'American', 'Desserts', 'Grocery', 'Salads', 'Breakfast and Brunch', 'Deli', 'Convenience', 'Everyday Essentials']",4.4,59,$,40.3134334,-75.3285341,+12157211180,18964,370 N. Main St.,Souderton,PA,"[{'@type': 'OpeningHoursSpecification', 'dayOfWeek': ['Monday', 'Tuesday', 'Wednesday', 'Thursday', 'Friday', 'Saturday', 'Sunday'], 'opens': '5:1', 'closes': '5:0'}]","{'@type': 'PostalAddress', 'addressLocality': 'Souderton', 'addressRegion': 'PA', 'postalCode': '18964', 'addressCountry': 'US', 'streetAddress': '370 N. Main St.'}","{'@type': 'GeoCoordinates', 'latitude': 40.3134334, 'longitude': -75.3285341}","{'@type': 'AggregateRating', 'ratingValue': 4.4, 'reviewCount': '59'}"
McDonald's® (503 CONSTITUTION AVE),https://www.ubereats.com/philadelphia/food-delivery/mcdonalds-503-constitution-ave/BdNFAbbwRpevsxJq4BK9eQ,telford-pennsylvania,"['American', 'Burgers', 'Fast Food']",4.6,52,$,40.364261,-75.297781,+12154533681,18944,503 CONSTITUTION AVE,PERKASIE,PA,"[{'@type': 'OpeningHoursSpecification', 'dayOfWeek': 'Sunday', 'opens': '5:30', 'closes': '10:59'}, {'@type': 'OpeningHoursSpecification', 'dayOfWeek': 'Sunday', 'opens': '11:0', 'closes': '16:59'}, {'@type': 'OpeningHoursSpecification', 'dayOfWeek': 'Sunday', 'opens': '17:0', 'closes': '22:15'}, {'@type': 'OpeningHoursSpecification', 'dayOfWeek': ['Monday', 'Tuesday', 'Wednesday', 'Thursday', 'Friday'], 'opens': '5:30', 'closes': '10:29'}, {'@type': 'OpeningHoursSpecification', 'dayOfWeek': ['Monday', 'Tuesday', 'Wednesday', 'Thursday', 'Friday'], 'opens': '10:30', 'closes': '16:59'}, {'@type': 'OpeningHoursSpecification', 'dayOfWeek': ['Monday', 'Tuesday', 'Wednesday', 'Thursday', 'Friday'], 'opens': '17:0', 'closes': '22:15'}, {'@type': 'OpeningHoursSpecification', 'dayOfWeek': 'Saturday', 'opens': '5:30', 'closes': '10:59'}, {'@type': 'OpeningHoursSpecification', 'dayOfWeek': 'Saturday', 'opens': '11:0', 'closes': '16:59'}, {'@type': 'OpeningHoursSpecification', 'dayOfWeek': 'Saturday', 'opens': '17:0', 'closes': '22:15'}]","{'@type': 'PostalAddress', 'addressLocality': 'PERKASIE', 'addressRegion': 'PA', 'postalCode': '18944', 'addressCountry': 'US', 'streetAddress': '503 CONSTITUTION AVE'}","{'@type': 'GeoCoordinates', 'latitude': 40.364261, 'longitude': -75.297781}","{'@type': 'AggregateRating', 'ratingValue': 4.6, 'reviewCount': '52'}"
