name,url,city,cuisine,avgRating,numReviews,priceRange,latitude,longitude,telephone,postalCode,streetAddress,addressLocality,addressRegion,openingHoursSpecification,addressString,geoString,ratingString
Popeyes (3551 US HIghway 41 South),https://www.ubereats.com/terre-haute/food-delivery/popeyes-3551-us-highway-41-south/Z1kyMaIaRjeu7LwYITlV2Q,terre-haute,"['American', 'Fast Food', 'Comfort Food']",4.0,28,$,39.4232249,-87.41628399999999,+18122352850,47802,3551 HIghway 41 South,Terre Haute,IN,"[{'@type': 'OpeningHoursSpecification', 'dayOfWeek': ['Monday', 'Tuesday', 'Wednesday', 'Thursday', 'Friday', 'Saturday', 'Sunday'], 'opens': '10:30', 'closes': '21:0'}]","{'@type': 'PostalAddress', 'addressLocality': 'Terre Haute', 'addressRegion': 'IN', 'postalCode': '47802', 'addressCountry': 'US', 'streetAddress': '3551 HIghway 41 South'}","{'@type': 'GeoCoordinates', 'latitude': 39.4232249, 'longitude': -87.41628399999999}","{'@type': 'AggregateRating', 'ratingValue': 4, 'reviewCount': '28'}"
Terre Haute Brewing Company,https://www.ubereats.com/terre-haute/food-delivery/terre-haute-brewing-company/xZQ7ZlRxSUWkSoepnMKXiQ,terre-haute,"['Burgers', 'American', 'Sandwiches']",,,$$,39.4621952,-87.4047138,+18128143071,47807,401 S 9th St,Terre Haute,IN,[],"{'@type': 'PostalAddress', 'addressLocality': 'Terre Haute', 'addressRegion': 'IN', 'postalCode': '47807', 'addressCountry': 'US', 'streetAddress': '401 S 9th St'}","{'@type': 'GeoCoordinates', 'latitude': 39.4621952, 'longitude': -87.4047138}",{}
Noble Roman's Pizza (820 W National Ave),https://www.ubereats.com/terre-haute/food-delivery/noble-romans-pizza-820-w-national-ave/ky2_IT_0RhiyyxUj8-DJAg,terre-haute,"['Pizza', 'American', 'Italian']",,,$,39.4645436,-87.45281,+18125331222,47885,820 National Avenue,West Terre Haute,IN,"[{'@type': 'OpeningHoursSpecification', 'dayOfWeek': 'Sunday', 'opens': '6:0', 'closes': '20:0'}, {'@type': 'OpeningHoursSpecification', 'dayOfWeek': 'Sunday', 'opens': '7:0', 'closes': '20:0'}, {'@type': 'OpeningHoursSpecification', 'dayOfWeek': ['Monday', 'Tuesday', 'Wednesday', 'Thursday', 'Friday'], 'opens': '6:0', 'closes': '19:0'}, {'@type': 'OpeningHoursSpecification', 'dayOfWeek': ['Monday', 'Tuesday', 'Wednesday', 'Thursday', 'Friday'], 'opens': '4:30', 'closes': '20:0'}, {'@type': 'OpeningHoursSpecification', 'dayOfWeek': 'Saturday', 'opens': '6:0', 'closes': '19:0'}, {'@type': 'OpeningHoursSpecification', 'dayOfWeek': 'Saturday', 'opens': '6:0', 'closes': '20:0'}, {'@type': 'OpeningHoursSpecification', 'dayOfWeek': 'Saturday', 'opens': '7:0', 'closes': '20:0'}]","{'@type': 'PostalAddress', 'addressLocality': 'West Terre Haute', 'addressRegion': 'IN', 'postalCode': '47885', 'addressCountry': 'US', 'streetAddress': '820 National Avenue'}","{'@type': 'GeoCoordinates', 'latitude': 39.4645436, 'longitude': -87.45281}",{}
Taj Mahal,https://www.ubereats.com/terre-haute/food-delivery/taj-mahal/WQnxbgsSQluKTVogFESPpA,terre-haute,"['Indian', 'Indian Curry', 'Asian', 'Seafood', 'Chicken']",4.9,75,$,39.4530085,-87.4142249,+18122238371,47802,1349 S 3rd St,Terre Haute,IN,"[{'@type': 'OpeningHoursSpecification', 'dayOfWeek': ['Monday', 'Tuesday', 'Wednesday', 'Thursday', 'Friday', 'Saturday', 'Sunday'], 'opens': '11:0', 'closes': '14:45'}, {'@type': 'OpeningHoursSpecification', 'dayOfWeek': ['Monday', 'Tuesday', 'Wednesday', 'Thursday', 'Friday', 'Saturday', 'Sunday'], 'opens': '17:0', 'closes': '21:44'}]","{'@type': 'PostalAddress', 'addressLocality': 'Terre Haute', 'addressRegion': 'IN', 'postalCode': '47802', 'addressCountry': 'US', 'streetAddress': '1349 S 3rd St'}","{'@type': 'GeoCoordinates', 'latitude': 39.4530085, 'longitude': -87.4142249}","{'@type': 'AggregateRating', 'ratingValue': 4.9, 'reviewCount': '75'}"
Kabab Grill,https://www.ubereats.com/terre-haute/food-delivery/kabab-grill/6YvJ6COrQBalhOZvrE2B_g,terre-haute,"['Mediterranean', 'Greek', 'Vegetarian']",,,$,39.4397274,-87.4142055,+13176453001,47802,2501 S 3rd St,Terre Haute,IN,"[{'@type': 'OpeningHoursSpecification', 'dayOfWeek': 'Sunday', 'opens': '11:0', 'closes': '20:0'}, {'@type': 'OpeningHoursSpecification', 'dayOfWeek': ['Monday', 'Tuesday', 'Wednesday', 'Thursday', 'Friday', 'Saturday'], 'opens': '11:0', 'closes': '21:0'}]","{'@type': 'PostalAddress', 'addressLocality': 'Terre Haute', 'addressRegion': 'IN', 'postalCode': '47802', 'addressCountry': 'US', 'streetAddress': '2501 S 3rd St'}","{'@type': 'GeoCoordinates', 'latitude': 39.4397274, 'longitude': -87.4142055}",{}
Outback Steakhouse (3700 South US Highway 41),https://www.ubereats.com/terre-haute/food-delivery/outback-steakhouse-3700-south-us-highway-41/mazTUGamRuyJDMdc_n2JEw,terre-haute,"['Burgers', 'American', 'Sandwiches', 'Steak', 'Seafood', 'Salads', 'BBQ']",4.4,54,$,39.4215545,-87.4155779,+18122326283,47802,3700 South Highway 41,Terre Haute,IN,"[{'@type': 'OpeningHoursSpecification', 'dayOfWeek': 'Sunday', 'opens': '11:0', 'closes': '20:30'}, {'@type': 'OpeningHoursSpecification', 'dayOfWeek': ['Monday', 'Tuesday', 'Wednesday', 'Thursday'], 'opens': '11:0', 'closes': '21:30'}, {'@type': 'OpeningHoursSpecification', 'dayOfWeek': ['Friday', 'Saturday'], 'opens': '11:0', 'closes': '22:30'}]","{'@type': 'PostalAddress', 'addressLocality': 'Terre Haute', 'addressRegion': 'IN', 'postalCode': '47802', 'addressCountry': 'US', 'streetAddress': '3700 South Highway 41'}","{'@type': 'GeoCoordinates', 'latitude': 39.4215545, 'longitude': -87.4155779}","{'@type': 'AggregateRating', 'ratingValue': 4.4, 'reviewCount': '54'}"
"Crankys Burgers, Birds and Billards",https://www.ubereats.com/terre-haute/food-delivery/crankys-burgers-birds-and-billards/BNDehJ_4TaC5cKCKzfZFFA,terre-haute,"['Burgers', 'American']",,,$,39.4914915,-87.39746769999999,+18122361877,47804,2155 North 13th Street,Terre Haute,IN,"[{'@type': 'OpeningHoursSpecification', 'dayOfWeek': 'Sunday', 'opens': '14:0', 'closes': '21:0'}, {'@type': 'OpeningHoursSpecification', 'dayOfWeek': ['Monday', 'Tuesday', 'Wednesday', 'Thursday'], 'opens': '11:0', 'closes': '21:0'}, {'@type': 'OpeningHoursSpecification', 'dayOfWeek': ['Friday', 'Saturday'], 'opens': '11:0', 'closes': '22:0'}]","{'@type': 'PostalAddress', 'addressLocality': 'Terre Haute', 'addressRegion': 'IN', 'postalCode': '47804', 'addressCountry': 'US', 'streetAddress': '2155 North 13th Street'}","{'@type': 'GeoCoordinates', 'latitude': 39.4914915, 'longitude': -87.39746769999999}",{}
Rally's (129 South 3rd Street),https://www.ubereats.com/terre-haute/food-delivery/rallys-129-south-3rd-street/mU9z2UxPQxytC6_c7vv8uA,terre-haute,"['American', 'burger']",,,$,39.4646504,-87.4142636,+18122323886,47807,129 South 3rd Street,Terre Haute,IN,"[{'@type': 'OpeningHoursSpecification', 'dayOfWeek': ['Monday', 'Tuesday', 'Wednesday', 'Thursday', 'Friday', 'Saturday', 'Sunday'], 'opens': '10:0', 'closes': '0:30'}]","{'@type': 'PostalAddress', 'addressLocality': 'Terre Haute', 'addressRegion': 'IN', 'postalCode': '47807', 'addressCountry': 'US', 'streetAddress': '129 South 3rd Street'}","{'@type': 'GeoCoordinates', 'latitude': 39.4646504, 'longitude': -87.4142636}",{}
Arby's (2345 South State Rd 46),https://www.ubereats.com/terre-haute/food-delivery/arbys-2345-south-state-rd-46/RTfJSPHeTqiw9VP93L6pxw,terre-haute,"['American', 'Sandwich', 'Chicken', 'Fast Food', 'Kids Friendly']",,,$,39.4383071,-87.3335704,+18128143392,47803,2345 South State Rd 46,Terre Haute,IN,"[{'@type': 'OpeningHoursSpecification', 'dayOfWeek': ['Monday', 'Tuesday', 'Wednesday', 'Thursday', 'Friday', 'Saturday', 'Sunday'], 'opens': '10:0', 'closes': '21:0'}]","{'@type': 'PostalAddress', 'addressLocality': 'Terre Haute', 'addressRegion': 'IN', 'postalCode': '47803', 'addressCountry': 'US', 'streetAddress': '2345 South State Rd 46'}","{'@type': 'GeoCoordinates', 'latitude': 39.4383071, 'longitude': -87.3335704}",{}
Steak 'N Shake (2900 S. Third Street),https://www.ubereats.com/terre-haute/food-delivery/steak-n-shake-2900-s-third-street/Igkdb6HqQmOgJCpEDMqOYA,terre-haute,['American'],4.3,40,$$,39.4353167,-87.4131402,+18122350242,47802,2900 S. Third Street,Terre Haute,IN,"[{'@type': 'OpeningHoursSpecification', 'dayOfWeek': ['Monday', 'Tuesday', 'Wednesday', 'Thursday', 'Friday', 'Saturday', 'Sunday'], 'opens': '10:0', 'closes': '23:30'}]","{'@type': 'PostalAddress', 'addressLocality': 'Terre Haute', 'addressRegion': 'IN', 'postalCode': '47802', 'addressCountry': 'US', 'streetAddress': '2900 S. Third Street'}","{'@type': 'GeoCoordinates', 'latitude': 39.4353167, 'longitude': -87.4131402}","{'@type': 'AggregateRating', 'ratingValue': 4.3, 'reviewCount': '40'}"
Rally's (3175 East Wabash Avenue),https://www.ubereats.com/terre-haute/food-delivery/rallys-3175-east-wabash-avenue/T6EVHLJFQtGQopQoxnlQww,terre-haute,"['American', 'burger']",3.9,10,$,39.4718242,-87.37087629999999,+18122325168,47803,3175 East Wabash Avenue,Terre Haute,IN,"[{'@type': 'OpeningHoursSpecification', 'dayOfWeek': ['Monday', 'Tuesday', 'Wednesday', 'Thursday', 'Friday', 'Saturday', 'Sunday'], 'opens': '10:0', 'closes': '0:30'}]","{'@type': 'PostalAddress', 'addressLocality': 'Terre Haute', 'addressRegion': 'IN', 'postalCode': '47803', 'addressCountry': 'US', 'streetAddress': '3175 East Wabash Avenue'}","{'@type': 'GeoCoordinates', 'latitude': 39.4718242, 'longitude': -87.37087629999999}","{'@type': 'AggregateRating', 'ratingValue': 3.9, 'reviewCount': '10'}"
Noble Roman's Pizza (2455 Lafayette Ave),https://www.ubereats.com/terre-haute/food-delivery/noble-romans-pizza-2455-lafayette-ave/x_cefIaIRxyMSA9iiHllmw,terre-haute,"['Pizza', 'American', 'Italian']",,,$,39.5156842,-87.379367,+18124661665,47805,2455 Lafayette Avenue,Terre Haute,IN,"[{'@type': 'OpeningHoursSpecification', 'dayOfWeek': 'Sunday', 'opens': '7:0', 'closes': '20:0'}, {'@type': 'OpeningHoursSpecification', 'dayOfWeek': ['Monday', 'Tuesday', 'Wednesday', 'Thursday', 'Friday'], 'opens': '6:0', 'closes': '20:0'}, {'@type': 'OpeningHoursSpecification', 'dayOfWeek': ['Monday', 'Tuesday', 'Wednesday', 'Thursday', 'Friday'], 'opens': '4:30', 'closes': '20:0'}, {'@type': 'OpeningHoursSpecification', 'dayOfWeek': 'Saturday', 'opens': '6:0', 'closes': '20:0'}, {'@type': 'OpeningHoursSpecification', 'dayOfWeek': 'Saturday', 'opens': '7:0', 'closes': '20:0'}, {'@type': 'OpeningHoursSpecification', 'dayOfWeek': 'Saturday', 'opens': '7:0', 'closes': '20:0'}]","{'@type': 'PostalAddress', 'addressLocality': 'Terre Haute', 'addressRegion': 'IN', 'postalCode': '47805', 'addressCountry': 'US', 'streetAddress': '2455 Lafayette Avenue'}","{'@type': 'GeoCoordinates', 'latitude': 39.5156842, 'longitude': -87.379367}",{}
Fifi's Lunch Box,https://www.ubereats.com/terre-haute/food-delivery/fifis-lunch-box/Xr0oxTqzRkiNIY0DUJszCQ,terre-haute,"['Burgers', 'American', 'Sandwiches']",,,$,39.4718941,-87.3739781,+18124601670,47803,2918 Wabash Ave,Terre Haute,IN,"[{'@type': 'OpeningHoursSpecification', 'dayOfWeek': ['Tuesday', 'Wednesday', 'Thursday', 'Friday', 'Saturday'], 'opens': '11:0', 'closes': '21:0'}]","{'@type': 'PostalAddress', 'addressLocality': 'Terre Haute', 'addressRegion': 'IN', 'postalCode': '47803', 'addressCountry': 'US', 'streetAddress': '2918 Wabash Ave'}","{'@type': 'GeoCoordinates', 'latitude': 39.4718941, 'longitude': -87.3739781}",{}
Buffalo Wild Wings (3718 South U.S. Hwy 41 Town South Plaza),https://www.ubereats.com/terre-haute/food-delivery/buffalo-wild-wings-3718-south-us-hwy-41-town-south-plaza/UDrgVj_IRJWF12A1bdzBww,terre-haute,"['wings', 'American', 'Chicken']",4.5,66,$$,39.4211279,-87.41352309999999,+18122429464,47802,3718 South U.S. Hwy 41 Town South Plaza,Terre Haute,IN,"[{'@type': 'OpeningHoursSpecification', 'dayOfWeek': ['Monday', 'Tuesday', 'Wednesday', 'Thursday', 'Friday', 'Saturday', 'Sunday'], 'opens': '11:0', 'closes': '21:0'}]","{'@type': 'PostalAddress', 'addressLocality': 'Terre Haute', 'addressRegion': 'IN', 'postalCode': '47802', 'addressCountry': 'US', 'streetAddress': '3718 South U.S. Hwy 41 Town South Plaza'}","{'@type': 'GeoCoordinates', 'latitude': 39.4211279, 'longitude': -87.41352309999999}","{'@type': 'AggregateRating', 'ratingValue': 4.5, 'reviewCount': '66'}"
KFC (4400 US 41 South),https://www.ubereats.com/terre-haute/food-delivery/kfc-4400-us-41-south/Z4dnEtmfTTC0tV7mtRFYrA,terre-haute,"['American', 'Fast Food', 'wings']",,,$,39.4147323,-87.4149997,+13133668830,47802,4400 41 South,Terre Haute,IN,"[{'@type': 'OpeningHoursSpecification', 'dayOfWeek': ['Monday', 'Tuesday', 'Wednesday', 'Thursday', 'Friday', 'Saturday', 'Sunday'], 'opens': '10:0', 'closes': '21:30'}]","{'@type': 'PostalAddress', 'addressLocality': 'Terre Haute', 'addressRegion': 'IN', 'postalCode': '47802', 'addressCountry': 'US', 'streetAddress': '4400 41 South'}","{'@type': 'GeoCoordinates', 'latitude': 39.4147323, 'longitude': -87.4149997}",{}
Applebee's  (2506 S 3Rd Street),https://www.ubereats.com/terre-haute/food-delivery/applebees-2506-s-3rd-street/AFDwZhCsTi-NHRNfPQB_fA,terre-haute,"['American', 'Bar Food', 'BBQ', 'burger', 'Chicken Strips', 'Comfort Food', 'Dinner', 'pasta', 'salad', 'Sandwich', 'Soup', 'Steak', 'Traditional American', 'wings']",4.1,25,$$,39.4393816,-87.41319829999999,+18122322661,47802,2506 S 3Rd Street,Terre Haute,IN,"[{'@type': 'OpeningHoursSpecification', 'dayOfWeek': ['Sunday', 'Monday', 'Tuesday', 'Wednesday', 'Thursday'], 'opens': '11:0', 'closes': '21:30'}, {'@type': 'OpeningHoursSpecification', 'dayOfWeek': ['Friday', 'Saturday'], 'opens': '11:0', 'closes': '23:29'}]","{'@type': 'PostalAddress', 'addressLocality': 'Terre Haute', 'addressRegion': 'IN', 'postalCode': '47802', 'addressCountry': 'US', 'streetAddress': '2506 S 3Rd Street'}","{'@type': 'GeoCoordinates', 'latitude': 39.4393816, 'longitude': -87.41319829999999}","{'@type': 'AggregateRating', 'ratingValue': 4.1, 'reviewCount': '25'}"
Grand Traverse Pie Company,https://www.ubereats.com/terre-haute/food-delivery/grand-traverse-pie-company/KWKUm2XdTR-rGDMWae7iFA,terre-haute,['Sandwich'],,,$,39.46736,-87.4134308,+18122351582,47807,75 N 3rd St,Terre Haute,IN,"[{'@type': 'OpeningHoursSpecification', 'dayOfWeek': ['Monday', 'Tuesday', 'Wednesday', 'Thursday', 'Friday', 'Saturday', 'Sunday'], 'opens': '8:0', 'closes': '19:0'}]","{'@type': 'PostalAddress', 'addressLocality': 'Terre Haute', 'addressRegion': 'IN', 'postalCode': '47807', 'addressCountry': 'US', 'streetAddress': '75 N 3rd St'}","{'@type': 'GeoCoordinates', 'latitude': 39.46736, 'longitude': -87.4134308}",{}
Park Ave Diner,https://www.ubereats.com/terre-haute/food-delivery/park-ave-diner/iCS-MEacSwuQu_4GtbRemw,terre-haute,"['Burgers', 'American', 'Sandwiches']",4.6,13,$,39.52764820000001,-87.37611799999999,+18122019389,47805,2697 E Park Ave,Terre Haute,IN,"[{'@type': 'OpeningHoursSpecification', 'dayOfWeek': 'Monday', 'opens': '11:0', 'closes': '21:0'}, {'@type': 'OpeningHoursSpecification', 'dayOfWeek': 'Monday', 'opens': '11:0', 'closes': '21:0'}, {'@type': 'OpeningHoursSpecification', 'dayOfWeek': 'Tuesday', 'opens': '11:0', 'closes': '21:0'}, {'@type': 'OpeningHoursSpecification', 'dayOfWeek': 'Tuesday', 'opens': '11:0', 'closes': '21:0'}, {'@type': 'OpeningHoursSpecification', 'dayOfWeek': 'Wednesday', 'opens': '11:0', 'closes': '21:0'}, {'@type': 'OpeningHoursSpecification', 'dayOfWeek': 'Wednesday', 'opens': '11:0', 'closes': '21:0'}, {'@type': 'OpeningHoursSpecification', 'dayOfWeek': 'Thursday', 'opens': '11:0', 'closes': '21:0'}, {'@type': 'OpeningHoursSpecification', 'dayOfWeek': 'Thursday', 'opens': '11:0', 'closes': '21:0'}, {'@type': 'OpeningHoursSpecification', 'dayOfWeek': ['Friday', 'Saturday'], 'opens': '11:0', 'closes': '21:0'}]","{'@type': 'PostalAddress', 'addressLocality': 'Terre Haute', 'addressRegion': 'IN', 'postalCode': '47805', 'addressCountry': 'US', 'streetAddress': '2697 E Park Ave'}","{'@type': 'GeoCoordinates', 'latitude': 39.52764820000001, 'longitude': -87.37611799999999}","{'@type': 'AggregateRating', 'ratingValue': 4.6, 'reviewCount': '13'}"
Fannie May (Schererville),https://www.ubereats.com/terre-haute/food-delivery/fannie-may-schererville/MaTIRAfvQ8uOwM3VBhzVdw,terre-haute,"['Desserts', 'chocolatier']",,,$,39.45036750000001,-87.4142099,+12198659087,46375,1505 Hwy 41,Schererville,IN,"[{'@type': 'OpeningHoursSpecification', 'dayOfWeek': 'Sunday', 'opens': '12:0', 'closes': '17:0'}, {'@type': 'OpeningHoursSpecification', 'dayOfWeek': ['Monday', 'Tuesday', 'Wednesday', 'Thursday', 'Friday'], 'opens': '11:0', 'closes': '18:0'}, {'@type': 'OpeningHoursSpecification', 'dayOfWeek': 'Saturday', 'opens': '12:0', 'closes': '17:0'}]","{'@type': 'PostalAddress', 'addressLocality': 'Schererville', 'addressRegion': 'IN', 'postalCode': '46375', 'addressCountry': 'US', 'streetAddress': '1505 Hwy 41'}","{'@type': 'GeoCoordinates', 'latitude': 39.45036750000001, 'longitude': -87.4142099}",{}
Rally's (3492 S. US Highway 41),https://www.ubereats.com/terre-haute/food-delivery/rallys-3492-s-us-highway-41/9w6IPfEETHyWaRvr5te4gw,terre-haute,"['American', 'burger']",4.2,12,$,39.423794,-87.4152326,+18122351160,47802,3492 S. Highway 41,Terre Haute,IN,"[{'@type': 'OpeningHoursSpecification', 'dayOfWeek': ['Sunday', 'Monday', 'Tuesday', 'Wednesday'], 'opens': '10:0', 'closes': '23:29'}, {'@type': 'OpeningHoursSpecification', 'dayOfWeek': ['Thursday', 'Friday', 'Saturday'], 'opens': '10:0', 'closes': '0:30'}]","{'@type': 'PostalAddress', 'addressLocality': 'Terre Haute', 'addressRegion': 'IN', 'postalCode': '47802', 'addressCountry': 'US', 'streetAddress': '3492 S. Highway 41'}","{'@type': 'GeoCoordinates', 'latitude': 39.423794, 'longitude': -87.4152326}","{'@type': 'AggregateRating', 'ratingValue': 4.2, 'reviewCount': '12'}"
Moe's Southwest Grill (2828 S. 3rd Street),https://www.ubereats.com/terre-haute/food-delivery/moes-southwest-grill-2828-s-3rd-street/bXFxL4tRTuS9tLk7JIy52Q,terre-haute,"['Mexican', 'Fast Food']",4.6,31,$,39.4363826,-87.4128884,+18122346637,47802,2828 S. 3rd Street,Terre Haute,IN,"[{'@type': 'OpeningHoursSpecification', 'dayOfWeek': 'Sunday', 'opens': '11:0', 'closes': '21:30'}, {'@type': 'OpeningHoursSpecification', 'dayOfWeek': ['Monday', 'Tuesday', 'Wednesday', 'Thursday', 'Friday'], 'opens': '10:30', 'closes': '21:30'}, {'@type': 'OpeningHoursSpecification', 'dayOfWeek': 'Saturday', 'opens': '11:0', 'closes': '21:30'}]","{'@type': 'PostalAddress', 'addressLocality': 'Terre Haute', 'addressRegion': 'IN', 'postalCode': '47802', 'addressCountry': 'US', 'streetAddress': '2828 S. 3rd Street'}","{'@type': 'GeoCoordinates', 'latitude': 39.4363826, 'longitude': -87.4128884}","{'@type': 'AggregateRating', 'ratingValue': 4.6, 'reviewCount': '31'}"
Taco Bell (3132 Wabash Ave),https://www.ubereats.com/terre-haute/food-delivery/taco-bell-3132-wabash-ave/OcQbuYQiRu6TmcT2YWCjjQ,terre-haute,"['Burritos', 'Fast Food', 'Mexican']",4.1,36,$,39.4723231,-87.3714967,+18122344307,47803,3132 Wabash Ave,Terre Haute,IN,"[{'@type': 'OpeningHoursSpecification', 'dayOfWeek': ['Monday', 'Tuesday', 'Wednesday', 'Thursday', 'Friday', 'Saturday', 'Sunday'], 'opens': '14:0', 'closes': '17:0'}, {'@type': 'OpeningHoursSpecification', 'dayOfWeek': ['Monday', 'Tuesday', 'Wednesday', 'Thursday', 'Friday', 'Saturday', 'Sunday'], 'opens': '8:0', 'closes': '1:30'}, {'@type': 'OpeningHoursSpecification', 'dayOfWeek': ['Monday', 'Tuesday', 'Wednesday', 'Thursday', 'Friday', 'Saturday', 'Sunday'], 'opens': '8:0', 'closes': '10:30'}]","{'@type': 'PostalAddress', 'addressLocality': 'Terre Haute', 'addressRegion': 'IN', 'postalCode': '47803', 'addressCountry': 'US', 'streetAddress': '3132 Wabash Ave'}","{'@type': 'GeoCoordinates', 'latitude': 39.4723231, 'longitude': -87.3714967}","{'@type': 'AggregateRating', 'ratingValue': 4.1, 'reviewCount': '36'}"
Hunt Brother's Pizza (2951 S 25th St),https://www.ubereats.com/terre-haute/food-delivery/hunt-brothers-pizza-2951-s-25th-st/eBDANldmQOieeTsQKnPLhg,terre-haute,"['American', 'Wings', 'Pizza']",,,$,39.43397599999999,-87.3790159,+18129170042,47802,2951 S 25th St,Terre Haute,IN,"[{'@type': 'OpeningHoursSpecification', 'dayOfWeek': ['Monday', 'Tuesday', 'Wednesday', 'Thursday', 'Friday', 'Saturday', 'Sunday'], 'opens': '6:0', 'closes': '21:0'}]","{'@type': 'PostalAddress', 'addressLocality': 'Terre Haute', 'addressRegion': 'IN', 'postalCode': '47802', 'addressCountry': 'US', 'streetAddress': '2951 S 25th St'}","{'@type': 'GeoCoordinates', 'latitude': 39.43397599999999, 'longitude': -87.3790159}",{}
Denny's (3442 Us Highway 41),https://www.ubereats.com/terre-haute/food-delivery/dennys-3442-us-highway-41/TCHbtLw2TQa78dXDQm26pg,terre-haute,"['American', 'Breakfast and Brunch', 'Coffee and Tea', 'Dinner', 'Desserts', 'Salads', 'Steak', 'Sandwich']",4.3,16,$$,39.4256792,-87.4152902,+18122317922,47802,3442 Highway 41,Terre Haute,IN,"[{'@type': 'OpeningHoursSpecification', 'dayOfWeek': ['Monday', 'Tuesday', 'Wednesday', 'Thursday', 'Friday', 'Saturday', 'Sunday'], 'opens': '7:0', 'closes': '22:0'}]","{'@type': 'PostalAddress', 'addressLocality': 'Terre Haute', 'addressRegion': 'IN', 'postalCode': '47802', 'addressCountry': 'US', 'streetAddress': '3442 Highway 41'}","{'@type': 'GeoCoordinates', 'latitude': 39.4256792, 'longitude': -87.4152902}","{'@type': 'AggregateRating', 'ratingValue': 4.3, 'reviewCount': '16'}"
Arby's (2155 Lafayette Ave),https://www.ubereats.com/terre-haute/food-delivery/arbys-2155-lafayette-ave/8sHENeLrTWGNdikrDo-PIw,terre-haute,"['American', 'Sandwich', 'Chicken', 'Fast Food', 'Kids Friendly']",4.2,23,$,39.5101011,-87.38341799999999,+18124660702,47805,2155 Lafayette Ave,Terre Haute,IN,"[{'@type': 'OpeningHoursSpecification', 'dayOfWeek': ['Monday', 'Tuesday', 'Wednesday', 'Thursday', 'Friday', 'Saturday', 'Sunday'], 'opens': '10:0', 'closes': '22:0'}]","{'@type': 'PostalAddress', 'addressLocality': 'Terre Haute', 'addressRegion': 'IN', 'postalCode': '47805', 'addressCountry': 'US', 'streetAddress': '2155 Lafayette Ave'}","{'@type': 'GeoCoordinates', 'latitude': 39.5101011, 'longitude': -87.38341799999999}","{'@type': 'AggregateRating', 'ratingValue': 4.2, 'reviewCount': '23'}"
Taco Bell (2105 Lafayette Ave),https://www.ubereats.com/terre-haute/food-delivery/taco-bell-2105-lafayette-ave/0_Vi9ppFRVGFhlyOlM9Uqw,terre-haute,"['Burritos', 'Fast Food', 'Mexican']",4.2,32,$,39.5088813,-87.38485220000001,+18124666875,47805,2105 Lafayette Ave,Terre Haute,IN,"[{'@type': 'OpeningHoursSpecification', 'dayOfWeek': ['Sunday', 'Monday', 'Tuesday', 'Wednesday', 'Thursday'], 'opens': '14:0', 'closes': '17:0'}, {'@type': 'OpeningHoursSpecification', 'dayOfWeek': ['Sunday', 'Monday', 'Tuesday', 'Wednesday', 'Thursday'], 'opens': '9:0', 'closes': '2:30'}, {'@type': 'OpeningHoursSpecification', 'dayOfWeek': ['Sunday', 'Monday', 'Tuesday', 'Wednesday', 'Thursday'], 'opens': '7:0', 'closes': '10:30'}, {'@type': 'OpeningHoursSpecification', 'dayOfWeek': 'Friday', 'opens': '14:0', 'closes': '17:0'}, {'@type': 'OpeningHoursSpecification', 'dayOfWeek': 'Friday', 'opens': '7:0', 'closes': '10:30'}, {'@type': 'OpeningHoursSpecification', 'dayOfWeek': 'Friday', 'opens': '9:0', 'closes': '4:30'}, {'@type': 'OpeningHoursSpecification', 'dayOfWeek': 'Saturday', 'opens': '14:0', 'closes': '17:0'}, {'@type': 'OpeningHoursSpecification', 'dayOfWeek': 'Saturday', 'opens': '7:0', 'closes': '10:30'}, {'@type': 'OpeningHoursSpecification', 'dayOfWeek': 'Saturday', 'opens': '9:0', 'closes': '3:30'}]","{'@type': 'PostalAddress', 'addressLocality': 'Terre Haute', 'addressRegion': 'IN', 'postalCode': '47805', 'addressCountry': 'US', 'streetAddress': '2105 Lafayette Ave'}","{'@type': 'GeoCoordinates', 'latitude': 39.5088813, 'longitude': -87.38485220000001}","{'@type': 'AggregateRating', 'ratingValue': 4.2, 'reviewCount': '32'}"
East Star Buffet Inc.,https://www.ubereats.com/terre-haute/food-delivery/east-star-buffet-inc/hWN1VgmgTMWLzVeFa6vwRQ,terre-haute,"['Asian: Other', 'Chicken', 'Rolls']",4.8,15,,39.4317567,-87.4150367,+18122646016,47802,3059 S Hwy 41,Terre Haute,IN,"[{'@type': 'OpeningHoursSpecification', 'dayOfWeek': ['Monday', 'Tuesday', 'Wednesday', 'Thursday', 'Friday', 'Saturday', 'Sunday'], 'opens': '11:15', 'closes': '20:30'}]","{'@type': 'PostalAddress', 'addressLocality': 'Terre Haute', 'addressRegion': 'IN', 'postalCode': '47802', 'addressCountry': 'US', 'streetAddress': '3059 S Hwy 41'}","{'@type': 'GeoCoordinates', 'latitude': 39.4317567, 'longitude': -87.4150367}","{'@type': 'AggregateRating', 'ratingValue': 4.8, 'reviewCount': '15'}"
Marco's Pizza (1101 S 25TH ST),https://www.ubereats.com/terre-haute/food-delivery/marcos-pizza-1101-s-25th-st/qUOgzqmQRymBDsrdab0pFA,terre-haute,"['pizza', 'Sandwich', 'Salads']",4.6,18,$,39.4551633,-87.3794446,+18122338989,47803,1101 S 25Th St,Terre Haute,IN,"[{'@type': 'OpeningHoursSpecification', 'dayOfWeek': ['Sunday', 'Monday', 'Tuesday', 'Wednesday', 'Thursday'], 'opens': '11:0', 'closes': '23:0'}, {'@type': 'OpeningHoursSpecification', 'dayOfWeek': ['Friday', 'Saturday'], 'opens': '11:0', 'closes': '23:59'}]","{'@type': 'PostalAddress', 'addressLocality': 'Terre Haute', 'addressRegion': 'IN', 'postalCode': '47803', 'addressCountry': 'US', 'streetAddress': '1101 S 25Th St'}","{'@type': 'GeoCoordinates', 'latitude': 39.4551633, 'longitude': -87.3794446}","{'@type': 'AggregateRating', 'ratingValue': 4.6, 'reviewCount': '18'}"
Panera (5653 South US Highway 41),https://www.ubereats.com/terre-haute/food-delivery/panera-5653-south-us-highway-41/t4Z3CKEVR6G5CV_OhYbpEg,terre-haute,"['Breakfast and Brunch', 'salad', 'Sandwich']",,,$,39.39890930000001,-87.40145849999999,+18122992100,47802,5653 South Highway 41,Terre Haute,IN,"[{'@type': 'OpeningHoursSpecification', 'dayOfWeek': ['Monday', 'Tuesday', 'Wednesday', 'Thursday', 'Friday', 'Saturday', 'Sunday'], 'opens': '6:30', 'closes': '20:30'}]","{'@type': 'PostalAddress', 'addressLocality': 'Terre Haute', 'addressRegion': 'IN', 'postalCode': '47802', 'addressCountry': 'US', 'streetAddress': '5653 South Highway 41'}","{'@type': 'GeoCoordinates', 'latitude': 39.39890930000001, 'longitude': -87.40145849999999}",{}
Burger King (2116 Lafayette Street),https://www.ubereats.com/terre-haute/food-delivery/burger-king-2116-lafayette-street/B2UUXMHXRwCRwHuby31t3Q,terre-haute,"['American', 'burger', 'Fast Food']",,,$,39.5241879,-87.3733084,+18124667408,47805,2116 Lafayette Street,Terre Haute,IN,"[{'@type': 'OpeningHoursSpecification', 'dayOfWeek': 'Sunday', 'opens': '10:30', 'closes': '22:30'}, {'@type': 'OpeningHoursSpecification', 'dayOfWeek': 'Sunday', 'opens': '7:0', 'closes': '10:0'}, {'@type': 'OpeningHoursSpecification', 'dayOfWeek': ['Monday', 'Tuesday', 'Wednesday', 'Thursday', 'Friday', 'Saturday'], 'opens': '10:30', 'closes': '22:30'}, {'@type': 'OpeningHoursSpecification', 'dayOfWeek': ['Monday', 'Tuesday', 'Wednesday', 'Thursday', 'Friday', 'Saturday'], 'opens': '6:0', 'closes': '10:0'}]","{'@type': 'PostalAddress', 'addressLocality': 'Terre Haute', 'addressRegion': 'IN', 'postalCode': '47805', 'addressCountry': 'US', 'streetAddress': '2116 Lafayette Street'}","{'@type': 'GeoCoordinates', 'latitude': 39.5241879, 'longitude': -87.3733084}",{}
Krispy Krunchy Chicken (1257 Poplar Street),https://www.ubereats.com/terre-haute/food-delivery/krispy-krunchy-chicken-1257-poplar-street/nap_pvYESbWWECHoJF4fWQ,terre-haute,"['Comfort Food', 'Fried Chicken', 'Traditional American', 'Wings']",,,$,39.46273309999999,-87.3980102,+18129174373,47807,1257 Poplar Street,Terre Haute,IN,"[{'@type': 'OpeningHoursSpecification', 'dayOfWeek': ['Monday', 'Tuesday', 'Wednesday', 'Thursday', 'Friday', 'Saturday'], 'opens': '11:0', 'closes': '17:30'}]","{'@type': 'PostalAddress', 'addressLocality': 'Terre Haute', 'addressRegion': 'IN', 'postalCode': '47807', 'addressCountry': 'US', 'streetAddress': '1257 Poplar Street'}","{'@type': 'GeoCoordinates', 'latitude': 39.46273309999999, 'longitude': -87.3980102}",{}
Golden Corral (10 West Johnson Drive),https://www.ubereats.com/terre-haute/food-delivery/golden-corral-10-west-johnson-drive/JcbX7FwyR0OLOum7Kq4j-w,terre-haute,"['American', 'Comfort Food', 'Seafood', 'Traditional American']",,,$,39.4231854,-87.4177306,+18122342635,47803,10 West Johnson Drive,Terre Haute,IN,"[{'@type': 'OpeningHoursSpecification', 'dayOfWeek': ['Monday', 'Tuesday', 'Wednesday', 'Thursday', 'Friday', 'Saturday', 'Sunday'], 'opens': '11:0', 'closes': '19:0'}]","{'@type': 'PostalAddress', 'addressLocality': 'Terre Haute', 'addressRegion': 'IN', 'postalCode': '47803', 'addressCountry': 'US', 'streetAddress': '10 West Johnson Drive'}","{'@type': 'GeoCoordinates', 'latitude': 39.4231854, 'longitude': -87.4177306}",{}
Sonic (2110 Fort Harrison Rd),https://www.ubereats.com/terre-haute/food-delivery/sonic-2110-fort-harrison-rd/5Ew-qxxpRAChPgfnxLr6Vw,terre-haute,"['American', 'Burgers', 'Breakfast and Brunch', 'Fast Food']",4.2,29,$$,39.5070013,-87.3856662,+18124621043,47804,2110 Fort Harrison Rd,Terre Haute,IN,"[{'@type': 'OpeningHoursSpecification', 'dayOfWeek': ['Sunday', 'Monday', 'Tuesday', 'Wednesday', 'Thursday'], 'opens': '6:0', 'closes': '23:0'}, {'@type': 'OpeningHoursSpecification', 'dayOfWeek': ['Friday', 'Saturday'], 'opens': '6:0', 'closes': '23:59'}]","{'@type': 'PostalAddress', 'addressLocality': 'Terre Haute', 'addressRegion': 'IN', 'postalCode': '47804', 'addressCountry': 'US', 'streetAddress': '2110 Fort Harrison Rd'}","{'@type': 'GeoCoordinates', 'latitude': 39.5070013, 'longitude': -87.3856662}","{'@type': 'AggregateRating', 'ratingValue': 4.2, 'reviewCount': '29'}"
Burger King (1162 US Highway 40),https://www.ubereats.com/terre-haute/food-delivery/burger-king-1162-us-highway-40/6LyXtnxGSHWUEuY-XQYNDw,terre-haute,"['American', 'burger', 'Fast Food']",4.7,10,$,39.46374029999999,-87.4572627,+18125337312,47885,1162 Highway 40,Terre Haute,IN,"[{'@type': 'OpeningHoursSpecification', 'dayOfWeek': 'Sunday', 'opens': '8:0', 'closes': '21:30'}, {'@type': 'OpeningHoursSpecification', 'dayOfWeek': ['Monday', 'Tuesday', 'Wednesday', 'Thursday', 'Friday'], 'opens': '8:0', 'closes': '21:30'}, {'@type': 'OpeningHoursSpecification', 'dayOfWeek': ['Monday', 'Tuesday', 'Wednesday', 'Thursday', 'Friday'], 'opens': '6:0', 'closes': '10:0'}, {'@type': 'OpeningHoursSpecification', 'dayOfWeek': 'Saturday', 'opens': '8:0', 'closes': '21:30'}, {'@type': 'OpeningHoursSpecification', 'dayOfWeek': 'Saturday', 'opens': '8:0', 'closes': '10:0'}]","{'@type': 'PostalAddress', 'addressLocality': 'Terre Haute', 'addressRegion': 'IN', 'postalCode': '47885', 'addressCountry': 'US', 'streetAddress': '1162 Highway 40'}","{'@type': 'GeoCoordinates', 'latitude': 39.46374029999999, 'longitude': -87.4572627}","{'@type': 'AggregateRating', 'ratingValue': 4.7, 'reviewCount': '10'}"
Chick-fil-A  (3675 S US Highway 41),https://www.ubereats.com/terre-haute/food-delivery/chick-fil-a-3675-s-us-highway-41/-sp8b28KTjaDstvho0SfBg,terre-haute,"['American', 'Fried Chicken']",4.9,34,$,39.4220547,-87.4168977,+18122323675,47802,3675 S Highway 41,Terre Haute,IN,"[{'@type': 'OpeningHoursSpecification', 'dayOfWeek': ['Monday', 'Tuesday', 'Wednesday', 'Thursday', 'Friday', 'Saturday'], 'opens': '6:30', 'closes': '10:0'}, {'@type': 'OpeningHoursSpecification', 'dayOfWeek': ['Monday', 'Tuesday', 'Wednesday', 'Thursday', 'Friday', 'Saturday'], 'opens': '10:0', 'closes': '21:30'}]","{'@type': 'PostalAddress', 'addressLocality': 'Terre Haute', 'addressRegion': 'IN', 'postalCode': '47802', 'addressCountry': 'US', 'streetAddress': '3675 S Highway 41'}","{'@type': 'GeoCoordinates', 'latitude': 39.4220547, 'longitude': -87.4168977}","{'@type': 'AggregateRating', 'ratingValue': 4.9, 'reviewCount': '34'}"
Qdoba Mexican Grill (3510 Riverside Plaza),https://www.ubereats.com/terre-haute/food-delivery/qdoba-mexican-grill-3510-riverside-plaza/2NvvE_ylSnuN2Nw0ag6XWw,terre-haute,"['Burritos', 'Dinner', 'Mexican', 'Tacos']",4.6,61,$,39.4240478,-87.41467039999999,+18122343622,47802,3510 Riverside Plaza,Terre Haute,IN,"[{'@type': 'OpeningHoursSpecification', 'dayOfWeek': ['Sunday', 'Monday', 'Tuesday', 'Wednesday', 'Thursday'], 'opens': '10:30', 'closes': '20:30'}, {'@type': 'OpeningHoursSpecification', 'dayOfWeek': ['Friday', 'Saturday'], 'opens': '10:30', 'closes': '21:30'}]","{'@type': 'PostalAddress', 'addressLocality': 'Terre Haute', 'addressRegion': 'IN', 'postalCode': '47802', 'addressCountry': 'US', 'streetAddress': '3510 Riverside Plaza'}","{'@type': 'GeoCoordinates', 'latitude': 39.4240478, 'longitude': -87.41467039999999}","{'@type': 'AggregateRating', 'ratingValue': 4.6, 'reviewCount': '61'}"
Wings Etc. - 1800 Fort Harrison Rd,https://www.ubereats.com/terre-haute/food-delivery/wings-etc-1800-fort-harrison-rd/CWrwPOJ3TJCR05P3mtO35g,terre-haute,['American'],,,$$,39.5078643,-87.3908407,+18129174080,47804,1800 Fort Harrison Rd,Terre Haute,IN,"[{'@type': 'OpeningHoursSpecification', 'dayOfWeek': 'Sunday', 'opens': '11:0', 'closes': '21:0'}, {'@type': 'OpeningHoursSpecification', 'dayOfWeek': ['Monday', 'Tuesday', 'Wednesday', 'Thursday'], 'opens': '11:0', 'closes': '22:0'}, {'@type': 'OpeningHoursSpecification', 'dayOfWeek': ['Friday', 'Saturday'], 'opens': '11:0', 'closes': '23:0'}]","{'@type': 'PostalAddress', 'addressLocality': 'Terre Haute', 'addressRegion': 'IN', 'postalCode': '47804', 'addressCountry': 'US', 'streetAddress': '1800 Fort Harrison Rd'}","{'@type': 'GeoCoordinates', 'latitude': 39.5078643, 'longitude': -87.3908407}",{}
Menchie's Frozen Yogurt (3530 S U S Highway 41),https://www.ubereats.com/terre-haute/food-delivery/menchies-frozen-yogurt-3530-s-u-s-highway-41/C_Fh0w4jS6CDjtpHLPZhIQ,terre-haute,"['Ice Cream and Frozen Yogurt', 'Desserts']",,,$,39.4240711,-87.41485670000002,+18128144298,47802,3530 S U S Highway 41,Terre Haute,IN,"[{'@type': 'OpeningHoursSpecification', 'dayOfWeek': ['Monday', 'Tuesday', 'Wednesday', 'Thursday', 'Friday', 'Saturday', 'Sunday'], 'opens': '14:0', 'closes': '21:0'}]","{'@type': 'PostalAddress', 'addressLocality': 'Terre Haute', 'addressRegion': 'IN', 'postalCode': '47802', 'addressCountry': 'US', 'streetAddress': '3530 S U S Highway 41'}","{'@type': 'GeoCoordinates', 'latitude': 39.4240711, 'longitude': -87.41485670000002}",{}
Mamas pizza,https://www.ubereats.com/terre-haute/food-delivery/mamas-pizza/jgJHde3SQ3GUY66KsFcWZA,terre-haute,"['Pizza', 'Pasta', 'Salads', 'Italian']",,,,39.4672912,-87.3777937,+18128942088,47802,6325 State Rd 46,Terre Haute,IN,"[{'@type': 'OpeningHoursSpecification', 'dayOfWeek': 'Sunday', 'opens': '16:0', 'closes': '21:0'}, {'@type': 'OpeningHoursSpecification', 'dayOfWeek': ['Tuesday', 'Wednesday', 'Thursday', 'Friday', 'Saturday'], 'opens': '16:0', 'closes': '21:0'}]","{'@type': 'PostalAddress', 'addressLocality': 'Terre Haute', 'addressRegion': 'IN', 'postalCode': '47802', 'addressCountry': 'US', 'streetAddress': '6325 State Rd 46'}","{'@type': 'GeoCoordinates', 'latitude': 39.4672912, 'longitude': -87.3777937}",{}
Denny's (233 S 3Rd St),https://www.ubereats.com/terre-haute/food-delivery/dennys-233-s-3rd-st/Y_Qy7tpMREWLcon_sbWkcA,terre-haute,"['American', 'Breakfast and Brunch', 'Coffee and Tea', 'Dinner', 'Desserts', 'Salads', 'Steak', 'Sandwich']",4.5,14,$$,39.4637053,-87.4144767,+18122340699,47807,233 S 3Rd St,Terre Haute,IN,"[{'@type': 'OpeningHoursSpecification', 'dayOfWeek': ['Monday', 'Tuesday', 'Wednesday', 'Thursday', 'Friday', 'Saturday', 'Sunday'], 'opens': '7:0', 'closes': '22:0'}]","{'@type': 'PostalAddress', 'addressLocality': 'Terre Haute', 'addressRegion': 'IN', 'postalCode': '47807', 'addressCountry': 'US', 'streetAddress': '233 S 3Rd St'}","{'@type': 'GeoCoordinates', 'latitude': 39.4637053, 'longitude': -87.4144767}","{'@type': 'AggregateRating', 'ratingValue': 4.5, 'reviewCount': '14'}"
Five Guys IN-1727 5555 US Highway 41,https://www.ubereats.com/terre-haute/food-delivery/five-guys-in-1727-5555-us-highway-41/I_v-PF5YSsWeCzZWuxqP1Q,terre-haute,"['American', 'Burgers', 'Sandwich']",4.8,40,$,39.4009897,-87.40366759999999,+18122994897,47802,5399 S. Hwy. 41,Terra Haute,IN,"[{'@type': 'OpeningHoursSpecification', 'dayOfWeek': ['Monday', 'Tuesday', 'Wednesday', 'Thursday', 'Friday', 'Saturday', 'Sunday'], 'opens': '11:0', 'closes': '21:30'}]","{'@type': 'PostalAddress', 'addressLocality': 'Terra Haute', 'addressRegion': 'IN', 'postalCode': '47802', 'addressCountry': 'US', 'streetAddress': '5399 S. Hwy. 41'}","{'@type': 'GeoCoordinates', 'latitude': 39.4009897, 'longitude': -87.40366759999999}","{'@type': 'AggregateRating', 'ratingValue': 4.8, 'reviewCount': '40'}"
White Castle (4340 S. US Hwy. 41),https://www.ubereats.com/terre-haute/food-delivery/white-castle-4340-s-us-hwy-41/0cUB26C4TfSS_i6s81ZWOQ,terre-haute,"['American', 'burger', 'Fast Food']",4.2,13,$,39.41552600000001,-87.41495809999999,+18122355100,47802,4340 S. Hwy. 41,Terre Haute,IN,"[{'@type': 'OpeningHoursSpecification', 'dayOfWeek': ['Monday', 'Tuesday', 'Wednesday', 'Thursday', 'Friday', 'Saturday', 'Sunday'], 'opens': '0:0', 'closes': '23:59'}]","{'@type': 'PostalAddress', 'addressLocality': 'Terre Haute', 'addressRegion': 'IN', 'postalCode': '47802', 'addressCountry': 'US', 'streetAddress': '4340 S. Hwy. 41'}","{'@type': 'GeoCoordinates', 'latitude': 39.41552600000001, 'longitude': -87.41495809999999}","{'@type': 'AggregateRating', 'ratingValue': 4.2, 'reviewCount': '13'}"
Oy Vey  Bakery & Deli,https://www.ubereats.com/terre-haute/food-delivery/oy-vey-bakery-%26-deli/hG-hnVCBRkKpB13EzGx4JA,terre-haute,"['Kosher', 'Healthy', 'American', 'Bakery']",,,$,39.4874468,-87.4137039,+18122296855,47804,1803 N 3rd St,Terre Haute,IN,"[{'@type': 'OpeningHoursSpecification', 'dayOfWeek': 'Sunday', 'opens': '11:30', 'closes': '17:0'}, {'@type': 'OpeningHoursSpecification', 'dayOfWeek': 'Sunday', 'opens': '11:30', 'closes': '23:30'}, {'@type': 'OpeningHoursSpecification', 'dayOfWeek': ['Monday', 'Tuesday', 'Wednesday', 'Thursday'], 'opens': '6:30', 'closes': '17:0'}, {'@type': 'OpeningHoursSpecification', 'dayOfWeek': ['Monday', 'Tuesday', 'Wednesday', 'Thursday'], 'opens': '6:0', 'closes': '21:0'}, {'@type': 'OpeningHoursSpecification', 'dayOfWeek': 'Friday', 'opens': '6:30', 'closes': '17:0'}, {'@type': 'OpeningHoursSpecification', 'dayOfWeek': 'Friday', 'opens': '10:0', 'closes': '17:0'}, {'@type': 'OpeningHoursSpecification', 'dayOfWeek': 'Saturday', 'opens': '6:30', 'closes': '17:0'}]","{'@type': 'PostalAddress', 'addressLocality': 'Terre Haute', 'addressRegion': 'IN', 'postalCode': '47804', 'addressCountry': 'US', 'streetAddress': '1803 N 3rd St'}","{'@type': 'GeoCoordinates', 'latitude': 39.4874468, 'longitude': -87.4137039}",{}
Burger King (3087 Wabash Avenue),https://www.ubereats.com/terre-haute/food-delivery/burger-king-3087-wabash-avenue/T2qpW4IYSGGunya44KvsBg,terre-haute,"['American', 'burger', 'Fast Food']",,,$,39.47160449999999,-87.3718844,+18122389790,47803,3087 Wabash Avenue,Terre Haute,IN,"[{'@type': 'OpeningHoursSpecification', 'dayOfWeek': 'Sunday', 'opens': '10:30', 'closes': '22:15'}, {'@type': 'OpeningHoursSpecification', 'dayOfWeek': 'Sunday', 'opens': '7:0', 'closes': '10:0'}, {'@type': 'OpeningHoursSpecification', 'dayOfWeek': ['Monday', 'Tuesday', 'Wednesday', 'Thursday', 'Friday', 'Saturday'], 'opens': '10:30', 'closes': '22:15'}, {'@type': 'OpeningHoursSpecification', 'dayOfWeek': ['Monday', 'Tuesday', 'Wednesday', 'Thursday', 'Friday', 'Saturday'], 'opens': '6:0', 'closes': '10:0'}]","{'@type': 'PostalAddress', 'addressLocality': 'Terre Haute', 'addressRegion': 'IN', 'postalCode': '47803', 'addressCountry': 'US', 'streetAddress': '3087 Wabash Avenue'}","{'@type': 'GeoCoordinates', 'latitude': 39.47160449999999, 'longitude': -87.3718844}",{}
Luca Pizza Di Roma - Terre Haute,https://www.ubereats.com/terre-haute/food-delivery/luca-pizza-di-roma-terre-haute/S3ssSvwCScystexI3qMUPQ,terre-haute,"['Pizza', 'American', 'Italian']",,,$,39.427195,-87.4198222,+18122358576,47802,3401 U.S. 41,Terre Haute,IN,"[{'@type': 'OpeningHoursSpecification', 'dayOfWeek': ['Monday', 'Tuesday', 'Wednesday', 'Thursday', 'Friday', 'Saturday'], 'opens': '11:0', 'closes': '19:0'}]","{'@type': 'PostalAddress', 'addressLocality': 'Terre Haute', 'addressRegion': 'IN', 'postalCode': '47802', 'addressCountry': 'US', 'streetAddress': '3401 U.S. 41'}","{'@type': 'GeoCoordinates', 'latitude': 39.427195, 'longitude': -87.4198222}",{}
McDonald's® (2111 LAFAYETTE AVE),https://www.ubereats.com/terre-haute/food-delivery/mcdonalds-2111-lafayette-ave/-wPeUYmxTSum8GRXg0Ibpg,terre-haute,"['American', 'Burgers', 'Fast Food', 'Fast Food']",4.0,24,$,39.509295,-87.384368,+18124662844,47805,2111 LAFAYETTE AVE,TERRE HAUTE,IN,"[{'@type': 'OpeningHoursSpecification', 'dayOfWeek': 'Sunday', 'opens': '4:0', 'closes': '10:59'}, {'@type': 'OpeningHoursSpecification', 'dayOfWeek': 'Sunday', 'opens': '11:0', 'closes': '16:59'}, {'@type': 'OpeningHoursSpecification', 'dayOfWeek': 'Sunday', 'opens': '17:0', 'closes': '3:59'}, {'@type': 'OpeningHoursSpecification', 'dayOfWeek': ['Monday', 'Tuesday', 'Wednesday', 'Thursday', 'Friday'], 'opens': '4:0', 'closes': '10:29'}, {'@type': 'OpeningHoursSpecification', 'dayOfWeek': ['Monday', 'Tuesday', 'Wednesday', 'Thursday', 'Friday'], 'opens': '10:30', 'closes': '16:59'}, {'@type': 'OpeningHoursSpecification', 'dayOfWeek': ['Monday', 'Tuesday', 'Wednesday', 'Thursday', 'Friday'], 'opens': '17:0', 'closes': '3:59'}, {'@type': 'OpeningHoursSpecification', 'dayOfWeek': 'Saturday', 'opens': '4:0', 'closes': '10:59'}, {'@type': 'OpeningHoursSpecification', 'dayOfWeek': 'Saturday', 'opens': '11:0', 'closes': '16:59'}, {'@type': 'OpeningHoursSpecification', 'dayOfWeek': 'Saturday', 'opens': '17:0', 'closes': '3:59'}]","{'@type': 'PostalAddress', 'addressLocality': 'TERRE HAUTE', 'addressRegion': 'IN', 'postalCode': '47805', 'addressCountry': 'US', 'streetAddress': '2111 LAFAYETTE AVE'}","{'@type': 'GeoCoordinates', 'latitude': 39.509295, 'longitude': -87.384368}","{'@type': 'AggregateRating', 'ratingValue': 4, 'reviewCount': '24'}"
Fazoli's (2940 S. Third St),https://www.ubereats.com/terre-haute/food-delivery/fazolis-2940-s-third-st/09AynpUIRtGZjWz79Oyzxg,terre-haute,"['Italian', 'Pizza', 'Pasta']",4.8,37,$,39.4345502,-87.4131355,+18592681788,47802,2940 S 3rd St,Terre Haute,IN,"[{'@type': 'OpeningHoursSpecification', 'dayOfWeek': 'Sunday', 'opens': '10:30', 'closes': '23:0'}, {'@type': 'OpeningHoursSpecification', 'dayOfWeek': 'Sunday', 'opens': '10:30', 'closes': '23:0'}, {'@type': 'OpeningHoursSpecification', 'dayOfWeek': 'Sunday', 'opens': '10:30', 'closes': '23:0'}, {'@type': 'OpeningHoursSpecification', 'dayOfWeek': ['Monday', 'Tuesday', 'Wednesday', 'Thursday', 'Friday', 'Saturday'], 'opens': '10:30', 'closes': '23:0'}, {'@type': 'OpeningHoursSpecification', 'dayOfWeek': ['Monday', 'Tuesday', 'Wednesday', 'Thursday', 'Friday', 'Saturday'], 'opens': '10:30', 'closes': '23:0'}]","{'@type': 'PostalAddress', 'addressLocality': 'Terre Haute', 'addressRegion': 'IN', 'postalCode': '47802', 'addressCountry': 'US', 'streetAddress': '2940 S 3rd St'}","{'@type': 'GeoCoordinates', 'latitude': 39.4345502, 'longitude': -87.4131355}","{'@type': 'AggregateRating', 'ratingValue': 4.8, 'reviewCount': '37'}"
Subway (3206 Wabash Ave),https://www.ubereats.com/terre-haute/food-delivery/subway-3206-wabash-ave/UdoghUpzSsmsotvdk9WXOQ,terre-haute,"['Fast Food', 'Sandwich', 'American']",4.9,16,$,39.4726219,-87.37041099999999,+18124785155,47803,3206 Wabash Ave,Terre Haute,IN,"[{'@type': 'OpeningHoursSpecification', 'dayOfWeek': ['Monday', 'Tuesday', 'Wednesday', 'Thursday', 'Friday', 'Saturday', 'Sunday'], 'opens': '10:0', 'closes': '21:0'}]","{'@type': 'PostalAddress', 'addressLocality': 'Terre Haute', 'addressRegion': 'IN', 'postalCode': '47803', 'addressCountry': 'US', 'streetAddress': '3206 Wabash Ave'}","{'@type': 'GeoCoordinates', 'latitude': 39.4726219, 'longitude': -87.37041099999999}","{'@type': 'AggregateRating', 'ratingValue': 4.9, 'reviewCount': '16'}"
Cracker Barrel Old Country Store (429 E Margaret Dr),https://www.ubereats.com/terre-haute/food-delivery/cracker-barrel-old-country-store-429-e-margaret-dr/bVxgM845TcuVxv3erzLwVQ,terre-haute,"['Burgers', 'American', 'Sandwiches']",,,$,39.4338038,-87.3147278,+18122356593,47802,429 E Margaret Dr,Terre Haute,IN,"[{'@type': 'OpeningHoursSpecification', 'dayOfWeek': ['Sunday', 'Monday', 'Tuesday', 'Wednesday', 'Thursday'], 'opens': '7:30', 'closes': '20:0'}, {'@type': 'OpeningHoursSpecification', 'dayOfWeek': ['Sunday', 'Monday', 'Tuesday', 'Wednesday', 'Thursday'], 'opens': '10:30', 'closes': '20:0'}, {'@type': 'OpeningHoursSpecification', 'dayOfWeek': ['Friday', 'Saturday'], 'opens': '7:30', 'closes': '21:0'}, {'@type': 'OpeningHoursSpecification', 'dayOfWeek': ['Friday', 'Saturday'], 'opens': '10:30', 'closes': '21:0'}]","{'@type': 'PostalAddress', 'addressLocality': 'Terre Haute', 'addressRegion': 'IN', 'postalCode': '47802', 'addressCountry': 'US', 'streetAddress': '429 E Margaret Dr'}","{'@type': 'GeoCoordinates', 'latitude': 39.4338038, 'longitude': -87.3147278}",{}
Chava's Grill,https://www.ubereats.com/terre-haute/food-delivery/chavas-grill/yd6fojI8SDaErhJXKiKQQw,terre-haute,"['Mexican', 'Latin American', 'New Mexican']",,,$,39.46622,-87.40766099999999,+18122321625,47807,669 Wabash Ave,Terre Haute,IN,"[{'@type': 'OpeningHoursSpecification', 'dayOfWeek': 'Sunday', 'opens': '11:0', 'closes': '23:59'}, {'@type': 'OpeningHoursSpecification', 'dayOfWeek': 'Monday', 'opens': '11:0', 'closes': '2:0'}, {'@type': 'OpeningHoursSpecification', 'dayOfWeek': 'Tuesday', 'opens': '11:0', 'closes': '3:0'}, {'@type': 'OpeningHoursSpecification', 'dayOfWeek': 'Wednesday', 'opens': '11:0', 'closes': '2:0'}, {'@type': 'OpeningHoursSpecification', 'dayOfWeek': ['Thursday', 'Friday', 'Saturday'], 'opens': '11:0', 'closes': '4:0'}]","{'@type': 'PostalAddress', 'addressLocality': 'Terre Haute', 'addressRegion': 'IN', 'postalCode': '47807', 'addressCountry': 'US', 'streetAddress': '669 Wabash Ave'}","{'@type': 'GeoCoordinates', 'latitude': 39.46622, 'longitude': -87.40766099999999}",{}
Taco Bell (3636 S. Us Highwy 41),https://www.ubereats.com/terre-haute/food-delivery/taco-bell-3636-s-us-highwy-41/1rEKcfklRcyJ3gM86kF2Xw,terre-haute,"['Burritos', 'Fast Food', 'Mexican']",4.2,33,$,39.4227948,-87.41550930000001,+18122345455,47802,3636 S. Highwy 41,Terre Haute,IN,"[{'@type': 'OpeningHoursSpecification', 'dayOfWeek': ['Monday', 'Tuesday', 'Wednesday', 'Thursday', 'Friday', 'Saturday', 'Sunday'], 'opens': '14:0', 'closes': '17:0'}, {'@type': 'OpeningHoursSpecification', 'dayOfWeek': ['Monday', 'Tuesday', 'Wednesday', 'Thursday', 'Friday', 'Saturday', 'Sunday'], 'opens': '9:0', 'closes': '1:30'}, {'@type': 'OpeningHoursSpecification', 'dayOfWeek': ['Monday', 'Tuesday', 'Wednesday', 'Thursday', 'Friday', 'Saturday', 'Sunday'], 'opens': '9:0', 'closes': '10:30'}]","{'@type': 'PostalAddress', 'addressLocality': 'Terre Haute', 'addressRegion': 'IN', 'postalCode': '47802', 'addressCountry': 'US', 'streetAddress': '3636 S. Highwy 41'}","{'@type': 'GeoCoordinates', 'latitude': 39.4227948, 'longitude': -87.41550930000001}","{'@type': 'AggregateRating', 'ratingValue': 4.2, 'reviewCount': '33'}"
Panda Express (3340 South Hwy 41),https://www.ubereats.com/terre-haute/food-delivery/panda-express-3340-south-hwy-41/JOLfe1mZSdyodsCgkNWpvA,terre-haute,['Chinese'],4.1,74,$,39.4282709,-87.4145348,+18122318626,47802,3340 South Hwy 41,Terre Haute,IN,"[{'@type': 'OpeningHoursSpecification', 'dayOfWeek': 'Sunday', 'opens': '10:30', 'closes': '20:0'}, {'@type': 'OpeningHoursSpecification', 'dayOfWeek': ['Monday', 'Tuesday', 'Wednesday', 'Thursday'], 'opens': '10:30', 'closes': '20:30'}, {'@type': 'OpeningHoursSpecification', 'dayOfWeek': ['Friday', 'Saturday'], 'opens': '10:30', 'closes': '21:0'}]","{'@type': 'PostalAddress', 'addressLocality': 'Terre Haute', 'addressRegion': 'IN', 'postalCode': '47802', 'addressCountry': 'US', 'streetAddress': '3340 South Hwy 41'}","{'@type': 'GeoCoordinates', 'latitude': 39.4282709, 'longitude': -87.4145348}","{'@type': 'AggregateRating', 'ratingValue': 4.1, 'reviewCount': '74'}"
Subway (1205 N Fruitridge Ave),https://www.ubereats.com/terre-haute/food-delivery/subway-1205-n-fruitridge-ave/wx1llcMNSnqsvveWIcLN5A,terre-haute,"['Fast Food', 'Sandwich', 'American']",,,$,39.4922385,-87.3596365,+18122353221,47804,1205 N Fruitridge Ave,Terre Haute,IN,"[{'@type': 'OpeningHoursSpecification', 'dayOfWeek': 'Sunday', 'opens': '10:0', 'closes': '20:30'}, {'@type': 'OpeningHoursSpecification', 'dayOfWeek': ['Monday', 'Tuesday', 'Wednesday', 'Thursday', 'Friday'], 'opens': '7:30', 'closes': '21:0'}, {'@type': 'OpeningHoursSpecification', 'dayOfWeek': 'Saturday', 'opens': '10:0', 'closes': '20:30'}]","{'@type': 'PostalAddress', 'addressLocality': 'Terre Haute', 'addressRegion': 'IN', 'postalCode': '47804', 'addressCountry': 'US', 'streetAddress': '1205 N Fruitridge Ave'}","{'@type': 'GeoCoordinates', 'latitude': 39.4922385, 'longitude': -87.3596365}",{}
Sonic (2149 South State Road 46),https://www.ubereats.com/terre-haute/food-delivery/sonic-2149-south-state-road-46/fC79D_FZRtWCq27npZdCGQ,terre-haute,"['American', 'Burgers', 'Breakfast and Brunch', 'Fast Food']",4.3,54,$$,39.44015530000001,-87.3335025,+18128772200,47802,2149 South State Road 46,Terre Haute,IN,"[{'@type': 'OpeningHoursSpecification', 'dayOfWeek': ['Sunday', 'Monday', 'Tuesday', 'Wednesday', 'Thursday'], 'opens': '6:0', 'closes': '23:0'}, {'@type': 'OpeningHoursSpecification', 'dayOfWeek': ['Friday', 'Saturday'], 'opens': '6:0', 'closes': '23:59'}]","{'@type': 'PostalAddress', 'addressLocality': 'Terre Haute', 'addressRegion': 'IN', 'postalCode': '47802', 'addressCountry': 'US', 'streetAddress': '2149 South State Road 46'}","{'@type': 'GeoCoordinates', 'latitude': 39.44015530000001, 'longitude': -87.3335025}","{'@type': 'AggregateRating', 'ratingValue': 4.3, 'reviewCount': '54'}"
IHOP (2901 S Third Street),https://www.ubereats.com/terre-haute/food-delivery/ihop-2901-s-third-street/4bTlOgVXR8OeGJC56gSDZg,terre-haute,"['Breakfast and Brunch', 'Burgers', 'Diner', 'Sandwich']",4.0,77,$,39.4352779,-87.4141281,+18122323132,47802,2901 S Third Street,Terre Haute,IN,"[{'@type': 'OpeningHoursSpecification', 'dayOfWeek': ['Monday', 'Tuesday', 'Wednesday', 'Thursday', 'Friday', 'Saturday', 'Sunday'], 'opens': '0:0', 'closes': '23:49'}]","{'@type': 'PostalAddress', 'addressLocality': 'Terre Haute', 'addressRegion': 'IN', 'postalCode': '47802', 'addressCountry': 'US', 'streetAddress': '2901 S Third Street'}","{'@type': 'GeoCoordinates', 'latitude': 39.4352779, 'longitude': -87.4141281}","{'@type': 'AggregateRating', 'ratingValue': 4, 'reviewCount': '77'}"
KFC (2000 Lafayette Ave.),https://www.ubereats.com/terre-haute/food-delivery/kfc-2000-lafayette-ave/guSxTeYGTCqhODgsy2t2xQ,terre-haute,"['American', 'Fast Food', 'wings']",4.4,15,$,39.50699999999999,-87.3874105,+18162570063,47805,2000 Lafayette Ave.,Terre Haute,IN,"[{'@type': 'OpeningHoursSpecification', 'dayOfWeek': ['Monday', 'Tuesday', 'Wednesday', 'Thursday', 'Friday', 'Saturday', 'Sunday'], 'opens': '10:0', 'closes': '21:30'}]","{'@type': 'PostalAddress', 'addressLocality': 'Terre Haute', 'addressRegion': 'IN', 'postalCode': '47805', 'addressCountry': 'US', 'streetAddress': '2000 Lafayette Ave.'}","{'@type': 'GeoCoordinates', 'latitude': 39.50699999999999, 'longitude': -87.3874105}","{'@type': 'AggregateRating', 'ratingValue': 4.4, 'reviewCount': '15'}"
Red Lobster (3407 South U.S. Hwy 41),https://www.ubereats.com/terre-haute/food-delivery/red-lobster-3407-south-us-hwy-41/VU7Dotf0T9yCI8RyueSnVg,terre-haute,"['Seafood', 'American']",4.3,24,$$,39.4245411,-87.4168765,+18122347727,47802,3407 South U.S. Hwy 41,Terre Haute,IN,"[{'@type': 'OpeningHoursSpecification', 'dayOfWeek': ['Sunday', 'Monday', 'Tuesday', 'Wednesday', 'Thursday'], 'opens': '11:30', 'closes': '20:0'}, {'@type': 'OpeningHoursSpecification', 'dayOfWeek': ['Friday', 'Saturday'], 'opens': '11:30', 'closes': '21:0'}]","{'@type': 'PostalAddress', 'addressLocality': 'Terre Haute', 'addressRegion': 'IN', 'postalCode': '47802', 'addressCountry': 'US', 'streetAddress': '3407 South U.S. Hwy 41'}","{'@type': 'GeoCoordinates', 'latitude': 39.4245411, 'longitude': -87.4168765}","{'@type': 'AggregateRating', 'ratingValue': 4.3, 'reviewCount': '24'}"
Subway (1120 Wabash Ave),https://www.ubereats.com/terre-haute/food-delivery/subway-1120-wabash-ave/tj9_X3qgTR6wNHCabv0CbA,terre-haute,"['Fast Food', 'Sandwich', 'American']",,,$,39.4676915,-87.4001609,+18122325587,47807,1120 Wabash Ave,Terre Haute,IN,"[{'@type': 'OpeningHoursSpecification', 'dayOfWeek': 'Sunday', 'opens': '11:0', 'closes': '18:30'}, {'@type': 'OpeningHoursSpecification', 'dayOfWeek': ['Monday', 'Tuesday', 'Wednesday', 'Thursday', 'Friday'], 'opens': '10:0', 'closes': '20:30'}, {'@type': 'OpeningHoursSpecification', 'dayOfWeek': 'Saturday', 'opens': '11:0', 'closes': '18:30'}]","{'@type': 'PostalAddress', 'addressLocality': 'Terre Haute', 'addressRegion': 'IN', 'postalCode': '47807', 'addressCountry': 'US', 'streetAddress': '1120 Wabash Ave'}","{'@type': 'GeoCoordinates', 'latitude': 39.4676915, 'longitude': -87.4001609}",{}
McDonald's® (222 S 3RD ST),https://www.ubereats.com/terre-haute/food-delivery/mcdonalds-222-s-3rd-st/v4PFeVTuRu-V92k9KSHhTQ,terre-haute,"['American', 'Burgers', 'Fast Food', 'Fast Food']",4.2,95,$,39.463967,-87.413508,+18122342207,47807,222 S 3RD ST,TERRE HAUTE,IN,"[{'@type': 'OpeningHoursSpecification', 'dayOfWeek': ['Monday', 'Tuesday', 'Wednesday', 'Thursday', 'Friday', 'Saturday', 'Sunday'], 'opens': '4:0', 'closes': '10:0'}, {'@type': 'OpeningHoursSpecification', 'dayOfWeek': ['Monday', 'Tuesday', 'Wednesday', 'Thursday', 'Friday', 'Saturday', 'Sunday'], 'opens': '10:30', 'closes': '16:59'}, {'@type': 'OpeningHoursSpecification', 'dayOfWeek': ['Monday', 'Tuesday', 'Wednesday', 'Thursday', 'Friday', 'Saturday', 'Sunday'], 'opens': '17:0', 'closes': '3:59'}]","{'@type': 'PostalAddress', 'addressLocality': 'TERRE HAUTE', 'addressRegion': 'IN', 'postalCode': '47807', 'addressCountry': 'US', 'streetAddress': '222 S 3RD ST'}","{'@type': 'GeoCoordinates', 'latitude': 39.463967, 'longitude': -87.413508}","{'@type': 'AggregateRating', 'ratingValue': 4.2, 'reviewCount': '95'}"
"TGI Friday's (2699 - TERRE HAUTE, IN)",https://www.ubereats.com/terre-haute/food-delivery/tgi-fridays-2699-terre-haute-in/jPdc_SxcS7KfQElkqwLqgQ,terre-haute,"['Burgers', 'Bar Food']",4.1,37,$$,39.424589,-87.416906,+18122328444,47802,3401 S Highway 41,Terre Haute,IN,"[{'@type': 'OpeningHoursSpecification', 'dayOfWeek': ['Sunday', 'Monday', 'Tuesday', 'Wednesday'], 'opens': '11:0', 'closes': '2:0'}, {'@type': 'OpeningHoursSpecification', 'dayOfWeek': 'Thursday', 'opens': '11:0', 'closes': '23:0'}, {'@type': 'OpeningHoursSpecification', 'dayOfWeek': ['Friday', 'Saturday'], 'opens': '11:0', 'closes': '2:0'}]","{'@type': 'PostalAddress', 'addressLocality': 'Terre Haute', 'addressRegion': 'IN', 'postalCode': '47802', 'addressCountry': 'US', 'streetAddress': '3401 S Highway 41'}","{'@type': 'GeoCoordinates', 'latitude': 39.424589, 'longitude': -87.416906}","{'@type': 'AggregateRating', 'ratingValue': 4.1, 'reviewCount': '37'}"
Mogger's,https://www.ubereats.com/terre-haute/food-delivery/moggers/E8e2_kJMQaqNjM6PS27Diw,terre-haute,"['American', 'Pub', 'Vegetarian Friendly']",,,$$,39.4631876,-87.4039001,+18122349202,47807,908 Poplar St,Terre Haute,IN,"[{'@type': 'OpeningHoursSpecification', 'dayOfWeek': 'Sunday', 'opens': '11:0', 'closes': '21:0'}, {'@type': 'OpeningHoursSpecification', 'dayOfWeek': ['Monday', 'Tuesday', 'Wednesday', 'Thursday'], 'opens': '11:0', 'closes': '22:0'}, {'@type': 'OpeningHoursSpecification', 'dayOfWeek': ['Friday', 'Saturday'], 'opens': '11:0', 'closes': '23:0'}]","{'@type': 'PostalAddress', 'addressLocality': 'Terre Haute', 'addressRegion': 'IN', 'postalCode': '47807', 'addressCountry': 'US', 'streetAddress': '908 Poplar St'}","{'@type': 'GeoCoordinates', 'latitude': 39.4631876, 'longitude': -87.4039001}",{}
McDonald's® (3032 WABASH),https://www.ubereats.com/terre-haute/food-delivery/mcdonalds-3032-wabash/tiqwtSokRIiluwvkIID0vw,terre-haute,"['American', 'Burgers', 'Fast Food']",4.5,68,$,39.472191,-87.372815,+18122343032,47803,3032 WABASH,TERRE HAUTE,IN,"[{'@type': 'OpeningHoursSpecification', 'dayOfWeek': 'Sunday', 'opens': '4:0', 'closes': '10:59'}, {'@type': 'OpeningHoursSpecification', 'dayOfWeek': 'Sunday', 'opens': '11:0', 'closes': '16:59'}, {'@type': 'OpeningHoursSpecification', 'dayOfWeek': 'Sunday', 'opens': '17:0', 'closes': '3:59'}, {'@type': 'OpeningHoursSpecification', 'dayOfWeek': ['Monday', 'Tuesday', 'Wednesday', 'Thursday', 'Friday'], 'opens': '4:0', 'closes': '10:29'}, {'@type': 'OpeningHoursSpecification', 'dayOfWeek': ['Monday', 'Tuesday', 'Wednesday', 'Thursday', 'Friday'], 'opens': '10:30', 'closes': '16:59'}, {'@type': 'OpeningHoursSpecification', 'dayOfWeek': ['Monday', 'Tuesday', 'Wednesday', 'Thursday', 'Friday'], 'opens': '17:0', 'closes': '3:59'}, {'@type': 'OpeningHoursSpecification', 'dayOfWeek': 'Saturday', 'opens': '4:0', 'closes': '10:59'}, {'@type': 'OpeningHoursSpecification', 'dayOfWeek': 'Saturday', 'opens': '11:0', 'closes': '16:59'}, {'@type': 'OpeningHoursSpecification', 'dayOfWeek': 'Saturday', 'opens': '17:0', 'closes': '3:59'}]","{'@type': 'PostalAddress', 'addressLocality': 'TERRE HAUTE', 'addressRegion': 'IN', 'postalCode': '47803', 'addressCountry': 'US', 'streetAddress': '3032 WABASH'}","{'@type': 'GeoCoordinates', 'latitude': 39.472191, 'longitude': -87.372815}","{'@type': 'AggregateRating', 'ratingValue': 4.5, 'reviewCount': '68'}"
Taco Bell (2319 S. State Road 46),https://www.ubereats.com/terre-haute/food-delivery/taco-bell-2319-s-state-road-46/7PFGa6HYQRSb5xsGuwgUmQ,terre-haute,"['Burritos', 'Fast Food', 'Mexican']",,,$,39.4388714,-87.3334928,+18122346386,47803,2319 S. State Road 46,Terre Haute,IN,"[{'@type': 'OpeningHoursSpecification', 'dayOfWeek': ['Sunday', 'Monday', 'Tuesday', 'Wednesday', 'Thursday'], 'opens': '14:0', 'closes': '17:0'}, {'@type': 'OpeningHoursSpecification', 'dayOfWeek': ['Sunday', 'Monday', 'Tuesday', 'Wednesday', 'Thursday'], 'opens': '9:0', 'closes': '1:30'}, {'@type': 'OpeningHoursSpecification', 'dayOfWeek': ['Sunday', 'Monday', 'Tuesday', 'Wednesday', 'Thursday'], 'opens': '7:0', 'closes': '10:30'}, {'@type': 'OpeningHoursSpecification', 'dayOfWeek': ['Friday', 'Saturday'], 'opens': '14:0', 'closes': '17:0'}, {'@type': 'OpeningHoursSpecification', 'dayOfWeek': ['Friday', 'Saturday'], 'opens': '7:0', 'closes': '10:30'}, {'@type': 'OpeningHoursSpecification', 'dayOfWeek': ['Friday', 'Saturday'], 'opens': '9:0', 'closes': '2:30'}]","{'@type': 'PostalAddress', 'addressLocality': 'Terre Haute', 'addressRegion': 'IN', 'postalCode': '47803', 'addressCountry': 'US', 'streetAddress': '2319 S. State Road 46'}","{'@type': 'GeoCoordinates', 'latitude': 39.4388714, 'longitude': -87.3334928}",{}
Burger King (2575 State Road 46),https://www.ubereats.com/terre-haute/food-delivery/burger-king-2575-state-road-46/AW48UAjNR2GlA0YTiycebw,terre-haute,"['American', 'burger', 'Fast Food']",,,$,39.4354205,-87.33362149999999,+18128776619,47803,2575 State Road 46,Terre Haute,IN,"[{'@type': 'OpeningHoursSpecification', 'dayOfWeek': ['Monday', 'Tuesday', 'Wednesday', 'Thursday', 'Friday', 'Saturday', 'Sunday'], 'opens': '10:30', 'closes': '21:30'}, {'@type': 'OpeningHoursSpecification', 'dayOfWeek': ['Monday', 'Tuesday', 'Wednesday', 'Thursday', 'Friday', 'Saturday', 'Sunday'], 'opens': '7:0', 'closes': '10:0'}]","{'@type': 'PostalAddress', 'addressLocality': 'Terre Haute', 'addressRegion': 'IN', 'postalCode': '47803', 'addressCountry': 'US', 'streetAddress': '2575 State Road 46'}","{'@type': 'GeoCoordinates', 'latitude': 39.4354205, 'longitude': -87.33362149999999}",{}
Starbucks (25th & Wabash),https://www.ubereats.com/terre-haute/food-delivery/starbucks-25th-%26-wabash/0WOoyY4CS72Z8qyiJAgXjQ,terre-haute,"['Bakery', 'Breakfast and Brunch', 'Cafe', 'Coffee & Tea']",4.7,100,$,39.47133689999999,-87.3784967,+18122329564,47803,2500 Wabash Avenue,Terre Haute,IN,"[{'@type': 'OpeningHoursSpecification', 'dayOfWeek': 'Sunday', 'opens': '6:0', 'closes': '21:30'}, {'@type': 'OpeningHoursSpecification', 'dayOfWeek': ['Monday', 'Tuesday', 'Wednesday', 'Thursday'], 'opens': '5:30', 'closes': '22:0'}, {'@type': 'OpeningHoursSpecification', 'dayOfWeek': ['Friday', 'Saturday'], 'opens': '5:30', 'closes': '22:30'}]","{'@type': 'PostalAddress', 'addressLocality': 'Terre Haute', 'addressRegion': 'IN', 'postalCode': '47803', 'addressCountry': 'US', 'streetAddress': '2500 Wabash Avenue'}","{'@type': 'GeoCoordinates', 'latitude': 39.47133689999999, 'longitude': -87.3784967}","{'@type': 'AggregateRating', 'ratingValue': 4.7, 'reviewCount': '100'}"
Arby's (3670 S Us Hwy 41),https://www.ubereats.com/terre-haute/food-delivery/arbys-3670-s-us-hwy-41/FXZsGzLlTfiwTwyORGoxyQ,terre-haute,"['American', 'Sandwich', 'Chicken', 'Fast Food', 'Kids Friendly']",4.9,14,$,39.421868,-87.4155833,+18122322051,47802,3670 S Hwy 41,Terre Haute,IN,"[{'@type': 'OpeningHoursSpecification', 'dayOfWeek': ['Monday', 'Tuesday', 'Wednesday', 'Thursday', 'Friday', 'Saturday', 'Sunday'], 'opens': '10:0', 'closes': '22:0'}]","{'@type': 'PostalAddress', 'addressLocality': 'Terre Haute', 'addressRegion': 'IN', 'postalCode': '47802', 'addressCountry': 'US', 'streetAddress': '3670 S Hwy 41'}","{'@type': 'GeoCoordinates', 'latitude': 39.421868, 'longitude': -87.4155833}","{'@type': 'AggregateRating', 'ratingValue': 4.9, 'reviewCount': '14'}"
Applebee's  (1950 Fort Harrison Road),https://www.ubereats.com/terre-haute/food-delivery/applebees-1950-fort-harrison-road/JRhrIhUoRKygaDJpg2GA_A,terre-haute,"['American', 'Bar Food', 'BBQ', 'burger', 'Chicken Strips', 'Comfort Food', 'Dinner', 'pasta', 'salad', 'Sandwich', 'Soup', 'Steak', 'Traditional American', 'wings']",4.0,20,$$,39.5071196,-87.3882438,+18124666535,47804,1950 Fort Harrison Road,Terre Haute,IN,"[{'@type': 'OpeningHoursSpecification', 'dayOfWeek': ['Sunday', 'Monday', 'Tuesday', 'Wednesday', 'Thursday'], 'opens': '11:0', 'closes': '21:30'}, {'@type': 'OpeningHoursSpecification', 'dayOfWeek': ['Friday', 'Saturday'], 'opens': '11:0', 'closes': '23:29'}]","{'@type': 'PostalAddress', 'addressLocality': 'Terre Haute', 'addressRegion': 'IN', 'postalCode': '47804', 'addressCountry': 'US', 'streetAddress': '1950 Fort Harrison Road'}","{'@type': 'GeoCoordinates', 'latitude': 39.5071196, 'longitude': -87.3882438}","{'@type': 'AggregateRating', 'ratingValue': 4, 'reviewCount': '20'}"
McDonald's® (3606 S US HIGHWAY 41),https://www.ubereats.com/terre-haute/food-delivery/mcdonalds-3606-s-us-highway-41/g_VILajKSOek9aTKQXlXQw,terre-haute,"['American', 'Burgers', 'Fast Food']",4.4,49,$,39.422645,-87.415501,+18122321010,47802,3606 S HIGHWAY 41,TERRE HAUTE,IN,"[{'@type': 'OpeningHoursSpecification', 'dayOfWeek': 'Sunday', 'opens': '4:0', 'closes': '10:59'}, {'@type': 'OpeningHoursSpecification', 'dayOfWeek': 'Sunday', 'opens': '11:0', 'closes': '16:59'}, {'@type': 'OpeningHoursSpecification', 'dayOfWeek': 'Sunday', 'opens': '17:0', 'closes': '3:59'}, {'@type': 'OpeningHoursSpecification', 'dayOfWeek': ['Monday', 'Tuesday', 'Wednesday', 'Thursday', 'Friday'], 'opens': '4:0', 'closes': '10:29'}, {'@type': 'OpeningHoursSpecification', 'dayOfWeek': ['Monday', 'Tuesday', 'Wednesday', 'Thursday', 'Friday'], 'opens': '10:30', 'closes': '16:59'}, {'@type': 'OpeningHoursSpecification', 'dayOfWeek': ['Monday', 'Tuesday', 'Wednesday', 'Thursday', 'Friday'], 'opens': '17:0', 'closes': '3:59'}, {'@type': 'OpeningHoursSpecification', 'dayOfWeek': 'Saturday', 'opens': '4:0', 'closes': '10:59'}, {'@type': 'OpeningHoursSpecification', 'dayOfWeek': 'Saturday', 'opens': '11:0', 'closes': '16:59'}, {'@type': 'OpeningHoursSpecification', 'dayOfWeek': 'Saturday', 'opens': '17:0', 'closes': '3:59'}]","{'@type': 'PostalAddress', 'addressLocality': 'TERRE HAUTE', 'addressRegion': 'IN', 'postalCode': '47802', 'addressCountry': 'US', 'streetAddress': '3606 S HIGHWAY 41'}","{'@type': 'GeoCoordinates', 'latitude': 39.422645, 'longitude': -87.415501}","{'@type': 'AggregateRating', 'ratingValue': 4.4, 'reviewCount': '49'}"
Subway (1014 S 3Rd St),https://www.ubereats.com/terre-haute/food-delivery/subway-1014-s-3rd-st/6UeXZuldQVu3xsLTdpcRCg,terre-haute,"['Fast Food', 'Sandwich', 'American']",,,$,39.4560429,-87.4134308,+18122328483,47802,1014 S 3Rd St,Terre Haute,IN,"[{'@type': 'OpeningHoursSpecification', 'dayOfWeek': ['Monday', 'Tuesday', 'Wednesday', 'Thursday', 'Friday', 'Saturday', 'Sunday'], 'opens': '10:0', 'closes': '21:0'}]","{'@type': 'PostalAddress', 'addressLocality': 'Terre Haute', 'addressRegion': 'IN', 'postalCode': '47802', 'addressCountry': 'US', 'streetAddress': '1014 S 3Rd St'}","{'@type': 'GeoCoordinates', 'latitude': 39.4560429, 'longitude': -87.4134308}",{}
Starbucks (US 41 & 7th),https://www.ubereats.com/terre-haute/food-delivery/starbucks-us-41-%26-7th/7qlej29iQ9u_3WSnaqxbVA,terre-haute,"['Bakery', 'Breakfast and Brunch', 'Cafe', 'Coffee & Tea']",4.7,50,$,39.40737099999999,-87.408508,+18122992390,47802,4900 Highway 41 South South Pointe Crossing,Terre Haute,IN,"[{'@type': 'OpeningHoursSpecification', 'dayOfWeek': 'Sunday', 'opens': '6:0', 'closes': '21:30'}, {'@type': 'OpeningHoursSpecification', 'dayOfWeek': ['Monday', 'Tuesday', 'Wednesday', 'Thursday'], 'opens': '5:30', 'closes': '22:0'}, {'@type': 'OpeningHoursSpecification', 'dayOfWeek': ['Friday', 'Saturday'], 'opens': '5:30', 'closes': '22:30'}]","{'@type': 'PostalAddress', 'addressLocality': 'Terre Haute', 'addressRegion': 'IN', 'postalCode': '47802', 'addressCountry': 'US', 'streetAddress': '4900 Highway 41 South South Pointe Crossing'}","{'@type': 'GeoCoordinates', 'latitude': 39.40737099999999, 'longitude': -87.408508}","{'@type': 'AggregateRating', 'ratingValue': 4.7, 'reviewCount': '50'}"
Burger King (4790 S Us Highway 41),https://www.ubereats.com/terre-haute/food-delivery/burger-king-4790-s-us-highway-41/BLB83SJvQrywF9I9z_-1hg,terre-haute,"['American', 'burger', 'Fast Food']",,,$,39.4097322,-87.4100776,+18122990609,47802,4790 S Highway 41,Terre Haute,IN,"[{'@type': 'OpeningHoursSpecification', 'dayOfWeek': 'Sunday', 'opens': '7:0', 'closes': '23:0'}, {'@type': 'OpeningHoursSpecification', 'dayOfWeek': 'Sunday', 'opens': '7:0', 'closes': '10:30'}, {'@type': 'OpeningHoursSpecification', 'dayOfWeek': ['Monday', 'Tuesday', 'Wednesday', 'Thursday', 'Friday', 'Saturday'], 'opens': '6:0', 'closes': '23:0'}, {'@type': 'OpeningHoursSpecification', 'dayOfWeek': ['Monday', 'Tuesday', 'Wednesday', 'Thursday', 'Friday', 'Saturday'], 'opens': '6:0', 'closes': '10:30'}]","{'@type': 'PostalAddress', 'addressLocality': 'Terre Haute', 'addressRegion': 'IN', 'postalCode': '47802', 'addressCountry': 'US', 'streetAddress': '4790 S Highway 41'}","{'@type': 'GeoCoordinates', 'latitude': 39.4097322, 'longitude': -87.4100776}",{}
Bob Evans 58 (3023 South Second Street),https://www.ubereats.com/terre-haute/food-delivery/bob-evans-58-3023-south-second-street/eFYS5VDnRvaoM15IUcxgUg,terre-haute,"['American', 'Breakfast and Brunch', 'Cafe', 'Omelette', 'Traditional American']",4.5,21,$$,39.4334367,-87.4149803,+18122321059,47802,3023 South Second Street,Terre Haute,IN,"[{'@type': 'OpeningHoursSpecification', 'dayOfWeek': ['Monday', 'Tuesday', 'Wednesday', 'Thursday', 'Friday', 'Saturday', 'Sunday'], 'opens': '7:0', 'closes': '19:30'}]","{'@type': 'PostalAddress', 'addressLocality': 'Terre Haute', 'addressRegion': 'IN', 'postalCode': '47802', 'addressCountry': 'US', 'streetAddress': '3023 South Second Street'}","{'@type': 'GeoCoordinates', 'latitude': 39.4334367, 'longitude': -87.4149803}","{'@type': 'AggregateRating', 'ratingValue': 4.5, 'reviewCount': '21'}"
