name,url,city,cuisine,avgRating,numReviews,priceRange,latitude,longitude,telephone,postalCode,streetAddress,addressLocality,addressRegion,openingHoursSpecification,addressString,geoString,ratingString
Panda Express (2441 N. Naglee Rd. Space# 7f),https://www.ubereats.com/sacramento/food-delivery/panda-express-2441-n-naglee-rd-space%23-7f/9cwp8a_zTy2DIGuIz61ssw,tracy-california,"['Chinese', 'Family Meals']",4.1,60,$,37.755632,-121.466576,+12098396638,95304,2441 N. Naglee Rd. Space# 7f,Tracy,CA,"[{'@type': 'OpeningHoursSpecification', 'dayOfWeek': ['Monday', 'Tuesday', 'Wednesday', 'Thursday', 'Friday', 'Saturday', 'Sunday'], 'opens': '10:30', 'closes': '21:30'}]","{'@type': 'PostalAddress', 'addressLocality': 'Tracy', 'addressRegion': 'CA', 'postalCode': '95304', 'addressCountry': 'US', 'streetAddress': '2441 N. Naglee Rd. Space# 7f'}","{'@type': 'GeoCoordinates', 'latitude': 37.755632, 'longitude': -121.466576}","{'@type': 'AggregateRating', 'ratingValue': 4.1, 'reviewCount': '60'}"
Burgerim (Tracy),https://www.ubereats.com/sacramento/food-delivery/burgerim-tracy/jBhgwpd4Rv2c4-xWtLdWMg,tracy-california,"['Burgers', 'American', 'Sandwich', 'Family Meals']",,,$$,37.7558284,-121.4656544,+12093467465,95304,2469 Naglee Rd,Tracy,CA,"[{'@type': 'OpeningHoursSpecification', 'dayOfWeek': ['Monday', 'Tuesday', 'Wednesday', 'Thursday', 'Friday', 'Saturday', 'Sunday'], 'opens': '10:0', 'closes': '21:0'}]","{'@type': 'PostalAddress', 'addressLocality': 'Tracy', 'addressRegion': 'CA', 'postalCode': '95304', 'addressCountry': 'US', 'streetAddress': '2469 Naglee Rd'}","{'@type': 'GeoCoordinates', 'latitude': 37.7558284, 'longitude': -121.4656544}",{}
Wienerschnitzel (25432 S. Schulte Road),https://www.ubereats.com/sacramento/food-delivery/wienerschnitzel-25432-s-schulte-road/Y768KKD5QoasvhV6sMN5Ig,tracy-california,"['Hot Dog', 'Sandwich', 'American']",,,$,37.7230288,-121.5328741,+12098398322,95377,25432 S. Schulte Road,Tracy,CA,"[{'@type': 'OpeningHoursSpecification', 'dayOfWeek': ['Monday', 'Tuesday', 'Wednesday', 'Thursday', 'Friday', 'Saturday', 'Sunday'], 'opens': '9:0', 'closes': '23:30'}]","{'@type': 'PostalAddress', 'addressLocality': 'Tracy', 'addressRegion': 'CA', 'postalCode': '95377', 'addressCountry': 'US', 'streetAddress': '25432 S. Schulte Road'}","{'@type': 'GeoCoordinates', 'latitude': 37.7230288, 'longitude': -121.5328741}",{}
Papa Murphy's  (1892 W 11Th St),https://www.ubereats.com/sacramento/food-delivery/papa-murphys-1892-w-11th-st/8-mRRFjHSLK5WDx-2VUFFg,tracy-california,"['Pizza', 'Gourmet', 'American']",,,$,37.7374443,-121.4514095,+12098355000,95376,1894 W 11Th St,Tracy,CA,"[{'@type': 'OpeningHoursSpecification', 'dayOfWeek': ['Sunday', 'Monday', 'Tuesday', 'Wednesday', 'Thursday'], 'opens': '11:0', 'closes': '20:30'}, {'@type': 'OpeningHoursSpecification', 'dayOfWeek': ['Friday', 'Saturday'], 'opens': '11:0', 'closes': '21:0'}]","{'@type': 'PostalAddress', 'addressLocality': 'Tracy', 'addressRegion': 'CA', 'postalCode': '95376', 'addressCountry': 'US', 'streetAddress': '1894 W 11Th St'}","{'@type': 'GeoCoordinates', 'latitude': 37.7374443, 'longitude': -121.4514095}",{}
Round Table Pizza (2511 Naglee Road),https://www.ubereats.com/sacramento/food-delivery/round-table-pizza-2511-naglee-road/6IB4t1EeRi-TLPX8wuYB5Q,tracy-california,"['Pizza', 'Salads', 'Sandwich', 'Wings']",,,$,37.7562393,-121.4655694,+12098320058,95304,2511 Naglee Road,Tracy,CA,"[{'@type': 'OpeningHoursSpecification', 'dayOfWeek': ['Sunday', 'Monday', 'Tuesday', 'Wednesday', 'Thursday'], 'opens': '11:0', 'closes': '22:0'}, {'@type': 'OpeningHoursSpecification', 'dayOfWeek': ['Friday', 'Saturday'], 'opens': '11:0', 'closes': '23:0'}]","{'@type': 'PostalAddress', 'addressLocality': 'Tracy', 'addressRegion': 'CA', 'postalCode': '95304', 'addressCountry': 'US', 'streetAddress': '2511 Naglee Road'}","{'@type': 'GeoCoordinates', 'latitude': 37.7562393, 'longitude': -121.4655694}",{}
Krispy Krunchy Chicken (25460 S. Schulte Road),https://www.ubereats.com/sacramento/food-delivery/krispy-krunchy-chicken-25460-s-schulte-road/R3na5vsUSb2piu9oIxGLTg,tracy-california,"['Comfort Food', 'Fried Chicken', 'Traditional American', 'Family Meals']",,,$,37.72284519999999,-121.5322386,+12098338711,95377,25460 S. Schulte Road,Tracy,CA,"[{'@type': 'OpeningHoursSpecification', 'dayOfWeek': ['Monday', 'Tuesday', 'Wednesday', 'Thursday', 'Friday', 'Saturday', 'Sunday'], 'opens': '6:0', 'closes': '22:0'}]","{'@type': 'PostalAddress', 'addressLocality': 'Tracy', 'addressRegion': 'CA', 'postalCode': '95377', 'addressCountry': 'US', 'streetAddress': '25460 S. Schulte Road'}","{'@type': 'GeoCoordinates', 'latitude': 37.72284519999999, 'longitude': -121.5322386}",{}
Panera (2512 Naglee Road),https://www.ubereats.com/sacramento/food-delivery/panera-2512-naglee-road/aaQMw_V5S8WG5RhUk0A8Pg,tracy-california,"['Breakfast and Brunch', 'salad', 'Sandwich', 'Family Meals']",3.9,14,$,37.7555734,-121.4650338,+12098558014,95304,2512 Naglee Road,Tracy,CA,"[{'@type': 'OpeningHoursSpecification', 'dayOfWeek': 'Sunday', 'opens': '8:0', 'closes': '20:30'}, {'@type': 'OpeningHoursSpecification', 'dayOfWeek': ['Monday', 'Tuesday', 'Wednesday', 'Thursday', 'Friday'], 'opens': '7:0', 'closes': '20:30'}, {'@type': 'OpeningHoursSpecification', 'dayOfWeek': 'Saturday', 'opens': '8:0', 'closes': '20:30'}]","{'@type': 'PostalAddress', 'addressLocality': 'Tracy', 'addressRegion': 'CA', 'postalCode': '95304', 'addressCountry': 'US', 'streetAddress': '2512 Naglee Road'}","{'@type': 'GeoCoordinates', 'latitude': 37.7555734, 'longitude': -121.4650338}","{'@type': 'AggregateRating', 'ratingValue': 3.9, 'reviewCount': '14'}"
T4,https://www.ubereats.com/sacramento/food-delivery/t4/5GAMK1KeTgGwyhhmyanzlQ,tracy-california,"['Desserts', 'Juice and Smoothies']",,,$,37.73824739999999,-121.4283402,+12096379138,95376,110 W 10th St,Tracy,CA,"[{'@type': 'OpeningHoursSpecification', 'dayOfWeek': ['Monday', 'Tuesday', 'Wednesday', 'Thursday', 'Friday', 'Saturday', 'Sunday'], 'opens': '12:0', 'closes': '19:30'}]","{'@type': 'PostalAddress', 'addressLocality': 'Tracy', 'addressRegion': 'CA', 'postalCode': '95376', 'addressCountry': 'US', 'streetAddress': '110 W 10th St'}","{'@type': 'GeoCoordinates', 'latitude': 37.73824739999999, 'longitude': -121.4283402}",{}
Quiznos (209 E Louise Ave),https://www.ubereats.com/sacramento/food-delivery/quiznos-209-e-louise-ave/ZacqYuJuQIqJyHQjbdZuSQ,tracy-california,"['Sandwich', 'Salads', 'American', 'Deli']",,,$,37.8121453,-121.2923239,+12098581380,95330,209 E Louise Ave,Lathrop,CA,"[{'@type': 'OpeningHoursSpecification', 'dayOfWeek': ['Monday', 'Tuesday', 'Wednesday', 'Thursday', 'Friday', 'Saturday', 'Sunday'], 'opens': '10:0', 'closes': '20:0'}]","{'@type': 'PostalAddress', 'addressLocality': 'Lathrop', 'addressRegion': 'CA', 'postalCode': '95330', 'addressCountry': 'US', 'streetAddress': '209 E Louise Ave'}","{'@type': 'GeoCoordinates', 'latitude': 37.8121453, 'longitude': -121.2923239}",{}
Round Table Pizza (2630 South Tracy Boulevard),https://www.ubereats.com/sacramento/food-delivery/round-table-pizza-2630-south-tracy-boulevard/_iZ4CeClRVWrFH9gEGiOfA,tracy-california,"['Pizza', 'Salads', 'Sandwich', 'Wings']",,,$,37.7114414,-121.4329846,+12098338300,95376,2630 South,Tracy,CA,"[{'@type': 'OpeningHoursSpecification', 'dayOfWeek': 'Sunday', 'opens': '11:0', 'closes': '23:0'}, {'@type': 'OpeningHoursSpecification', 'dayOfWeek': ['Monday', 'Tuesday', 'Wednesday', 'Thursday', 'Friday'], 'opens': '11:0', 'closes': '22:0'}, {'@type': 'OpeningHoursSpecification', 'dayOfWeek': 'Saturday', 'opens': '11:0', 'closes': '23:0'}]","{'@type': 'PostalAddress', 'addressLocality': 'Tracy', 'addressRegion': 'CA', 'postalCode': '95376', 'addressCountry': 'US', 'streetAddress': '2630 South'}","{'@type': 'GeoCoordinates', 'latitude': 37.7114414, 'longitude': -121.4329846}",{}
Chicago’s Pizza With A Twist (Tracy),https://www.ubereats.com/sacramento/food-delivery/chicagos-pizza-with-a-twist-tracy/wJvBjxfgTX-E5H5YTdweFw,tracy-california,"['PIzza', 'Indian', 'Wings', 'Family Meals']",,,$$,37.7553058,-121.4367569,+12096661212,95376,2511 N,Tracy,CA,"[{'@type': 'OpeningHoursSpecification', 'dayOfWeek': ['Monday', 'Tuesday', 'Wednesday', 'Thursday', 'Friday', 'Saturday', 'Sunday'], 'opens': '11:30', 'closes': '21:0'}]","{'@type': 'PostalAddress', 'addressLocality': 'Tracy', 'addressRegion': 'CA', 'postalCode': '95376', 'addressCountry': 'US', 'streetAddress': '2511 N'}","{'@type': 'GeoCoordinates', 'latitude': 37.7553058, 'longitude': -121.4367569}",{}
I Live For Dessert,https://www.ubereats.com/sacramento/food-delivery/i-live-for-dessert/GFb3349xRbWFj9g4S2LvpA,tracy-california,"['Desserts', 'Vegetarian', 'Coffee and Tea', 'Allergy Friendly']",,,$,37.7366917,-121.4260425,+12092224737,95376,807 N Central Ave,Tracy,CA,"[{'@type': 'OpeningHoursSpecification', 'dayOfWeek': ['Tuesday', 'Wednesday', 'Thursday'], 'opens': '13:30', 'closes': '19:0'}, {'@type': 'OpeningHoursSpecification', 'dayOfWeek': ['Friday', 'Saturday'], 'opens': '13:30', 'closes': '20:30'}]","{'@type': 'PostalAddress', 'addressLocality': 'Tracy', 'addressRegion': 'CA', 'postalCode': '95376', 'addressCountry': 'US', 'streetAddress': '807 N Central Ave'}","{'@type': 'GeoCoordinates', 'latitude': 37.7366917, 'longitude': -121.4260425}",{}
"The Habit Burger Grill (2682 Naglee Road, Suite 100)",https://www.ubereats.com/sacramento/food-delivery/the-habit-burger-grill-2682-naglee-road-suite-100/ufHxvhpoQEmoqsCnmH9biw,tracy-california,"['American', 'Burgers', 'Healthy', 'Family Meals']",4.2,21,$,37.75583447399833,-121.46396435998278,+12093622540,,,,,"[{'@type': 'OpeningHoursSpecification', 'dayOfWeek': 'Sunday', 'opens': '10:30', 'closes': '21:45'}, {'@type': 'OpeningHoursSpecification', 'dayOfWeek': ['Monday', 'Tuesday', 'Wednesday', 'Thursday', 'Friday', 'Saturday'], 'opens': '10:30', 'closes': '22:45'}]",,"{'@type': 'GeoCoordinates', 'latitude': 37.75583447399833, 'longitude': -121.46396435998278}","{'@type': 'AggregateRating', 'ratingValue': 4.2, 'reviewCount': '21'}"
Blaze Pizza (2976 W. Grant Line Road),https://www.ubereats.com/sacramento/food-delivery/blaze-pizza-2976-w-grant-line-road/-3zjkW3QQfqelf_8XrTUEA,tracy-california,"['Pizza', 'Family Meals', 'American']",4.2,19,$,37.75371670000001,-121.4700254,+12098325901,95304,2976 W. Grant Line Road,Tracy,CA,"[{'@type': 'OpeningHoursSpecification', 'dayOfWeek': ['Sunday', 'Monday', 'Tuesday', 'Wednesday', 'Thursday'], 'opens': '10:30', 'closes': '21:30'}, {'@type': 'OpeningHoursSpecification', 'dayOfWeek': ['Friday', 'Saturday'], 'opens': '10:30', 'closes': '22:30'}]","{'@type': 'PostalAddress', 'addressLocality': 'Tracy', 'addressRegion': 'CA', 'postalCode': '95304', 'addressCountry': 'US', 'streetAddress': '2976 W. Grant Line Road'}","{'@type': 'GeoCoordinates', 'latitude': 37.75371670000001, 'longitude': -121.4700254}","{'@type': 'AggregateRating', 'ratingValue': 4.2, 'reviewCount': '19'}"
Taqueria La Mexicana,https://www.ubereats.com/sacramento/food-delivery/taqueria-la-mexicana/vuJ81EcER025qVfz9nS5EQ,tracy-california,['Mexican'],,,$,37.738828,-121.441208,+12098336343,95376,1284 W 11th St,Tracy,California,"[{'@type': 'OpeningHoursSpecification', 'dayOfWeek': 'Sunday', 'opens': '8:0', 'closes': '21:30'}, {'@type': 'OpeningHoursSpecification', 'dayOfWeek': ['Monday', 'Tuesday', 'Wednesday', 'Thursday', 'Friday'], 'opens': '9:0', 'closes': '20:30'}, {'@type': 'OpeningHoursSpecification', 'dayOfWeek': 'Saturday', 'opens': '8:0', 'closes': '21:30'}]","{'@type': 'PostalAddress', 'addressLocality': 'Tracy', 'addressRegion': 'California', 'postalCode': '95376', 'addressCountry': 'US', 'streetAddress': '1284 W 11th St'}","{'@type': 'GeoCoordinates', 'latitude': 37.738828, 'longitude': -121.441208}",{}
Jersey Mike's Subs (2982 W. Grant Line Rd.),https://www.ubereats.com/sacramento/food-delivery/jersey-mikes-subs-2982-w-grant-line-rd/ZvKUvTlKTr-ug8hPYPz84g,tracy-california,"['Sandwich', 'American']",4.8,12,$,37.7536244,-121.4705074,+12098352885,95304,2982 W. Grant Line Rd.,Tracy,CA,"[{'@type': 'OpeningHoursSpecification', 'dayOfWeek': ['Monday', 'Tuesday', 'Wednesday', 'Thursday', 'Friday', 'Saturday', 'Sunday'], 'opens': '10:0', 'closes': '19:30'}]","{'@type': 'PostalAddress', 'addressLocality': 'Tracy', 'addressRegion': 'CA', 'postalCode': '95304', 'addressCountry': 'US', 'streetAddress': '2982 W. Grant Line Rd.'}","{'@type': 'GeoCoordinates', 'latitude': 37.7536244, 'longitude': -121.4705074}","{'@type': 'AggregateRating', 'ratingValue': 4.8, 'reviewCount': '12'}"
Carl's Jr. (1963 North Tracy Blvd),https://www.ubereats.com/sacramento/food-delivery/carls-jr-1963-north-tracy-blvd/y0j8zdaCSe-XVPLp9UoXdw,tracy-california,"['Breakfast and Brunch', 'American', 'Burgers']",,,$$,37.7505154,-121.4354623,+12098362400,,,,,"[{'@type': 'OpeningHoursSpecification', 'dayOfWeek': ['Monday', 'Tuesday', 'Wednesday', 'Thursday', 'Friday', 'Saturday', 'Sunday'], 'opens': '6:0', 'closes': '23:0'}, {'@type': 'OpeningHoursSpecification', 'dayOfWeek': ['Monday', 'Tuesday', 'Wednesday', 'Thursday', 'Friday', 'Saturday', 'Sunday'], 'opens': '6:0', 'closes': '10:30'}, {'@type': 'OpeningHoursSpecification', 'dayOfWeek': ['Monday', 'Tuesday', 'Wednesday', 'Thursday', 'Friday', 'Saturday', 'Sunday'], 'opens': '6:0', 'closes': '23:59'}]",,"{'@type': 'GeoCoordinates', 'latitude': 37.7505154, 'longitude': -121.4354623}",{}
Sansar Indian Restaurant - Tracy,https://www.ubereats.com/sacramento/food-delivery/sansar-indian-restaurant-tracy/hXjigshwQr6tgxeJ1_yRsQ,tracy-california,"['Indian', 'Vegetarian', 'Asian']",,,$,37.7111103,-121.4337003,+12098342200,95376,2610 S,Tracy,CA,"[{'@type': 'OpeningHoursSpecification', 'dayOfWeek': 'Sunday', 'opens': '11:0', 'closes': '20:0'}, {'@type': 'OpeningHoursSpecification', 'dayOfWeek': ['Monday', 'Tuesday', 'Wednesday', 'Thursday', 'Friday', 'Saturday'], 'opens': '11:0', 'closes': '21:0'}]","{'@type': 'PostalAddress', 'addressLocality': 'Tracy', 'addressRegion': 'CA', 'postalCode': '95376', 'addressCountry': 'US', 'streetAddress': '2610 S'}","{'@type': 'GeoCoordinates', 'latitude': 37.7111103, 'longitude': -121.4337003}",{}
Popeyes (2271 W Grant Line Rd),https://www.ubereats.com/sacramento/food-delivery/popeyes-2271-w-grant-line-rd/TDhh9SijQi-BkGW6VScEPg,tracy-california,"['American', 'Fast Food', 'Southern', 'Wings', 'Family Meals']",4.5,11,$,37.7545623,-121.4580712,+12098301111,95377,2271 W Grant Line Rd,Tracy,CA,"[{'@type': 'OpeningHoursSpecification', 'dayOfWeek': ['Monday', 'Tuesday', 'Wednesday', 'Thursday', 'Friday', 'Saturday', 'Sunday'], 'opens': '11:0', 'closes': '21:0'}]","{'@type': 'PostalAddress', 'addressLocality': 'Tracy', 'addressRegion': 'CA', 'postalCode': '95377', 'addressCountry': 'US', 'streetAddress': '2271 W Grant Line Rd'}","{'@type': 'GeoCoordinates', 'latitude': 37.7545623, 'longitude': -121.4580712}","{'@type': 'AggregateRating', 'ratingValue': 4.5, 'reviewCount': '11'}"
Mr. Pickle's Sandwich Shop - Tracy,https://www.ubereats.com/sacramento/food-delivery/mr-pickles-sandwich-shop-tracy/JTIobJNlQ0OGcvsgvJOhIg,tracy-california,"['Sandwiches', 'American', 'Healthy']",,,$,37.7546989,-121.4573571,+12098340100,95377,2251 W Grant Line Rd Ste 129,Tracy,CA,"[{'@type': 'OpeningHoursSpecification', 'dayOfWeek': 'Sunday', 'opens': '9:0', 'closes': '18:0'}, {'@type': 'OpeningHoursSpecification', 'dayOfWeek': ['Monday', 'Tuesday', 'Wednesday', 'Thursday', 'Friday', 'Saturday'], 'opens': '9:0', 'closes': '20:0'}]","{'@type': 'PostalAddress', 'addressLocality': 'Tracy', 'addressRegion': 'CA', 'postalCode': '95377', 'addressCountry': 'US', 'streetAddress': '2251 W Grant Line Rd Ste 129'}","{'@type': 'GeoCoordinates', 'latitude': 37.7546989, 'longitude': -121.4573571}",{}
The Wingyard,https://www.ubereats.com/sacramento/food-delivery/the-wingyard/LaheNRJCSEiXMrqCPSLfxg,tracy-california,"['Wings', 'American', 'Family Meals']",4.5,20,$,37.740008,-121.421757,+12096661570,95376,245 E 11th St,Tracy,California,"[{'@type': 'OpeningHoursSpecification', 'dayOfWeek': ['Monday', 'Tuesday', 'Wednesday', 'Thursday', 'Friday', 'Saturday', 'Sunday'], 'opens': '12:0', 'closes': '22:0'}]","{'@type': 'PostalAddress', 'addressLocality': 'Tracy', 'addressRegion': 'California', 'postalCode': '95376', 'addressCountry': 'US', 'streetAddress': '245 E 11th St'}","{'@type': 'GeoCoordinates', 'latitude': 37.740008, 'longitude': -121.421757}","{'@type': 'AggregateRating', 'ratingValue': 4.5, 'reviewCount': '20'}"
Jack in the Box (4300) 1935 W 11Th St,https://www.ubereats.com/sacramento/food-delivery/jack-in-the-box-4300-1935-w-11th-st/DMwQx0aASA-G8V1i1TrJnw,tracy-california,"['American', 'burger', 'Fast Food']",4.9,18,$,37.7397684,-121.4518224,+12098362087,95376,1935 W 11Th St,Tracy,CA,"[{'@type': 'OpeningHoursSpecification', 'dayOfWeek': ['Monday', 'Tuesday', 'Wednesday', 'Thursday', 'Friday', 'Saturday', 'Sunday'], 'opens': '0:0', 'closes': '23:59'}]","{'@type': 'PostalAddress', 'addressLocality': 'Tracy', 'addressRegion': 'CA', 'postalCode': '95376', 'addressCountry': 'US', 'streetAddress': '1935 W 11Th St'}","{'@type': 'GeoCoordinates', 'latitude': 37.7397684, 'longitude': -121.4518224}","{'@type': 'AggregateRating', 'ratingValue': 4.9, 'reviewCount': '18'}"
De Afghanan,https://www.ubereats.com/sacramento/food-delivery/de-afghanan/ClOSYkoYQEKQJekyZogpUQ,tracy-california,"['Afghan', 'Middle Eastern']",,,$$,37.755852,-121.462402,+12092079751,95304,2712 Naglee Rd,Tracy,California,"[{'@type': 'OpeningHoursSpecification', 'dayOfWeek': 'Sunday', 'opens': '17:0', 'closes': '21:0'}, {'@type': 'OpeningHoursSpecification', 'dayOfWeek': 'Sunday', 'opens': '16:0', 'closes': '21:0'}, {'@type': 'OpeningHoursSpecification', 'dayOfWeek': 'Tuesday', 'opens': '17:0', 'closes': '21:0'}, {'@type': 'OpeningHoursSpecification', 'dayOfWeek': 'Tuesday', 'opens': '16:0', 'closes': '21:0'}, {'@type': 'OpeningHoursSpecification', 'dayOfWeek': ['Wednesday', 'Thursday', 'Friday'], 'opens': '17:0', 'closes': '21:0'}, {'@type': 'OpeningHoursSpecification', 'dayOfWeek': ['Wednesday', 'Thursday', 'Friday'], 'opens': '16:30', 'closes': '21:0'}, {'@type': 'OpeningHoursSpecification', 'dayOfWeek': ['Wednesday', 'Thursday', 'Friday'], 'opens': '16:0', 'closes': '21:0'}, {'@type': 'OpeningHoursSpecification', 'dayOfWeek': 'Saturday', 'opens': '17:0', 'closes': '21:0'}, {'@type': 'OpeningHoursSpecification', 'dayOfWeek': 'Saturday', 'opens': '16:0', 'closes': '21:0'}]","{'@type': 'PostalAddress', 'addressLocality': 'Tracy', 'addressRegion': 'California', 'postalCode': '95304', 'addressCountry': 'US', 'streetAddress': '2712 Naglee Rd'}","{'@type': 'GeoCoordinates', 'latitude': 37.755852, 'longitude': -121.462402}",{}
Johnny's Diner & Creamery,https://www.ubereats.com/sacramento/food-delivery/johnnys-diner-%26-creamery/3LM7UEDgSWK2chNCmmge0A,tracy-california,"['American', 'Fast Food', 'Diner', 'Desserts']",,,$$,37.75260979999999,-121.4359925,+12098330800,,,,,"[{'@type': 'OpeningHoursSpecification', 'dayOfWeek': 'Monday', 'opens': '11:0', 'closes': '20:0'}, {'@type': 'OpeningHoursSpecification', 'dayOfWeek': 'Tuesday', 'opens': '11:0', 'closes': '16:0'}, {'@type': 'OpeningHoursSpecification', 'dayOfWeek': ['Wednesday', 'Thursday', 'Friday', 'Saturday'], 'opens': '11:0', 'closes': '20:0'}]",,"{'@type': 'GeoCoordinates', 'latitude': 37.75260979999999, 'longitude': -121.4359925}",{}
Golden Corral (2850 W. Grantline Road),https://www.ubereats.com/sacramento/food-delivery/golden-corral-2850-w-grantline-road/tvY3t4EhT6-O0rDSBV2_Vg,tracy-california,"['American', 'Comfort Food', 'Seafood', 'Traditional American']",,,$,37.75358730000001,-121.4673099,+12098341420,95304,2850 W. Grantline Road,Tracy,CA,"[{'@type': 'OpeningHoursSpecification', 'dayOfWeek': ['Monday', 'Tuesday', 'Wednesday', 'Thursday', 'Friday', 'Saturday', 'Sunday'], 'opens': '11:0', 'closes': '18:30'}, {'@type': 'OpeningHoursSpecification', 'dayOfWeek': ['Monday', 'Tuesday', 'Wednesday', 'Thursday', 'Friday', 'Saturday', 'Sunday'], 'opens': '11:0', 'closes': '19:0'}]","{'@type': 'PostalAddress', 'addressLocality': 'Tracy', 'addressRegion': 'CA', 'postalCode': '95304', 'addressCountry': 'US', 'streetAddress': '2850 W. Grantline Road'}","{'@type': 'GeoCoordinates', 'latitude': 37.75358730000001, 'longitude': -121.4673099}",{}
"Jamba Juice (2501 Naglee Rd., Ste. A)",https://www.ubereats.com/sacramento/food-delivery/jamba-juice-2501-naglee-rd-ste-a/43iOzHfqSuSEGk5671Zj2A,tracy-california,"['Juice Bars', 'Juice and Smoothies', 'Healthy']",,,$,37.7561075,-121.4655878,+12098357308,95304,"2501 Naglee Rd., Ste. A",Tracy,CA,"[{'@type': 'OpeningHoursSpecification', 'dayOfWeek': 'Sunday', 'opens': '8:0', 'closes': '21:0'}, {'@type': 'OpeningHoursSpecification', 'dayOfWeek': ['Monday', 'Tuesday', 'Wednesday', 'Thursday', 'Friday'], 'opens': '7:0', 'closes': '21:0'}, {'@type': 'OpeningHoursSpecification', 'dayOfWeek': 'Saturday', 'opens': '8:0', 'closes': '21:0'}]","{'@type': 'PostalAddress', 'addressLocality': 'Tracy', 'addressRegion': 'CA', 'postalCode': '95304', 'addressCountry': 'US', 'streetAddress': '2501 Naglee Rd., Ste. A'}","{'@type': 'GeoCoordinates', 'latitude': 37.7561075, 'longitude': -121.4655878}",{}
Papa John's (318 W Grant Line Rd),https://www.ubereats.com/sacramento/food-delivery/papa-johns-318-w-grant-line-rd/BlYHpJH_Rum-6zzmXHEgUw,tracy-california,"['American', 'Pizza', 'Desserts']",,,$$,37.7538592,-121.430306,+12098300000,95376,318 W Grant Line Rd,Tracy,CA,"[{'@type': 'OpeningHoursSpecification', 'dayOfWeek': ['Sunday', 'Monday', 'Tuesday', 'Wednesday', 'Thursday'], 'opens': '10:0', 'closes': '0:10'}, {'@type': 'OpeningHoursSpecification', 'dayOfWeek': ['Friday', 'Saturday'], 'opens': '10:0', 'closes': '0:40'}]","{'@type': 'PostalAddress', 'addressLocality': 'Tracy', 'addressRegion': 'CA', 'postalCode': '95376', 'addressCountry': 'US', 'streetAddress': '318 W Grant Line Rd'}","{'@type': 'GeoCoordinates', 'latitude': 37.7538592, 'longitude': -121.430306}",{}
TOGOs (15600 S. Harland Rd.),https://www.ubereats.com/sacramento/food-delivery/togos-15600-s-harland-rd/u9o64VrpQEOp9umZTyEUjA,tracy-california,"['Sandwich', 'American']",,,$,37.8250816,-121.2889648,+12093208717,95330,15600 S. Harland Rd.,Lathrop,CA,"[{'@type': 'OpeningHoursSpecification', 'dayOfWeek': 'Sunday', 'opens': '11:0', 'closes': '17:10'}, {'@type': 'OpeningHoursSpecification', 'dayOfWeek': ['Monday', 'Tuesday', 'Wednesday', 'Thursday', 'Friday'], 'opens': '9:0', 'closes': '19:40'}, {'@type': 'OpeningHoursSpecification', 'dayOfWeek': 'Saturday', 'opens': '10:0', 'closes': '18:40'}]","{'@type': 'PostalAddress', 'addressLocality': 'Lathrop', 'addressRegion': 'CA', 'postalCode': '95330', 'addressCountry': 'US', 'streetAddress': '15600 S. Harland Rd.'}","{'@type': 'GeoCoordinates', 'latitude': 37.8250816, 'longitude': -121.2889648}",{}
Straw Hat Pizza - Tracy,https://www.ubereats.com/sacramento/food-delivery/straw-hat-pizza-tracy/zd13MyhnRnmds7GSFMxk5A,tracy-california,"['Pizza', 'American']",,,$,37.7598,-121.434065,+12098307777,95376,3228 N.,Tracy,CA,"[{'@type': 'OpeningHoursSpecification', 'dayOfWeek': ['Sunday', 'Monday', 'Tuesday', 'Wednesday', 'Thursday'], 'opens': '11:0', 'closes': '21:30'}, {'@type': 'OpeningHoursSpecification', 'dayOfWeek': ['Friday', 'Saturday'], 'opens': '11:0', 'closes': '22:30'}]","{'@type': 'PostalAddress', 'addressLocality': 'Tracy', 'addressRegion': 'CA', 'postalCode': '95376', 'addressCountry': 'US', 'streetAddress': '3228 N.'}","{'@type': 'GeoCoordinates', 'latitude': 37.7598, 'longitude': -121.434065}",{}
McDonald's® (1820 W 11TH ST),https://www.ubereats.com/sacramento/food-delivery/mcdonalds-1820-w-11th-st/LysuzFJqSJKe-IZCzTnKzw,tracy-california,"['American', 'Burgers', 'Fast Food']",4.5,27,$,37.738951,-121.450595,+12098352946,95376-3736,1820 W 11TH ST,TRACY,CA,"[{'@type': 'OpeningHoursSpecification', 'dayOfWeek': ['Sunday', 'Monday', 'Tuesday', 'Wednesday', 'Thursday'], 'opens': '5:0', 'closes': '10:29'}, {'@type': 'OpeningHoursSpecification', 'dayOfWeek': ['Sunday', 'Monday', 'Tuesday', 'Wednesday', 'Thursday'], 'opens': '10:30', 'closes': '16:59'}, {'@type': 'OpeningHoursSpecification', 'dayOfWeek': ['Sunday', 'Monday', 'Tuesday', 'Wednesday', 'Thursday'], 'opens': '17:0', 'closes': '23:45'}, {'@type': 'OpeningHoursSpecification', 'dayOfWeek': ['Friday', 'Saturday'], 'opens': '5:0', 'closes': '10:29'}, {'@type': 'OpeningHoursSpecification', 'dayOfWeek': ['Friday', 'Saturday'], 'opens': '10:30', 'closes': '16:59'}, {'@type': 'OpeningHoursSpecification', 'dayOfWeek': ['Friday', 'Saturday'], 'opens': '17:0', 'closes': '0:45'}]","{'@type': 'PostalAddress', 'addressLocality': 'TRACY', 'addressRegion': 'CA', 'postalCode': '95376-3736', 'addressCountry': 'US', 'streetAddress': '1820 W 11TH ST'}","{'@type': 'GeoCoordinates', 'latitude': 37.738951, 'longitude': -121.450595}","{'@type': 'AggregateRating', 'ratingValue': 4.5, 'reviewCount': '27'}"
Wendy's  (725 W. Clover St.),https://www.ubereats.com/sacramento/food-delivery/wendys-725-w-clover-st/gxRLdZJNRrqcCPIrF5r6YA,tracy-california,"['American', 'Burgers', 'Fast Food']",,,$,37.7617023,-121.4360426,+12098363346,95376,725 W. Clover St.,Tracy,CA,"[{'@type': 'OpeningHoursSpecification', 'dayOfWeek': ['Monday', 'Tuesday', 'Wednesday', 'Thursday', 'Friday', 'Saturday', 'Sunday'], 'opens': '10:30', 'closes': '22:30'}, {'@type': 'OpeningHoursSpecification', 'dayOfWeek': ['Monday', 'Tuesday', 'Wednesday', 'Thursday', 'Friday', 'Saturday', 'Sunday'], 'opens': '6:30', 'closes': '10:0'}]","{'@type': 'PostalAddress', 'addressLocality': 'Tracy', 'addressRegion': 'CA', 'postalCode': '95376', 'addressCountry': 'US', 'streetAddress': '725 W. Clover St.'}","{'@type': 'GeoCoordinates', 'latitude': 37.7617023, 'longitude': -121.4360426}",{}
Taqueria jalos,https://www.ubereats.com/sacramento/food-delivery/taqueria-jalos/1c46XmQ2RZiWPPdpwUMcyQ,tracy-california,"['Mexican', 'Latin American', 'New Mexican']",,,$,37.7231256,-121.5322277,+12098308066,95377,25456 S Schulte Rd,Tracy,CA,"[{'@type': 'OpeningHoursSpecification', 'dayOfWeek': ['Monday', 'Tuesday', 'Wednesday', 'Thursday', 'Friday', 'Saturday', 'Sunday'], 'opens': '8:0', 'closes': '20:0'}]","{'@type': 'PostalAddress', 'addressLocality': 'Tracy', 'addressRegion': 'CA', 'postalCode': '95377', 'addressCountry': 'US', 'streetAddress': '25456 S Schulte Rd'}","{'@type': 'GeoCoordinates', 'latitude': 37.7231256, 'longitude': -121.5322277}",{}
"The Original Mels (2986 W Grant Line Rd, Tracy)",https://www.ubereats.com/sacramento/food-delivery/the-original-mels-2986-w-grant-line-rd-tracy/KCI2Yp4tQx-F6XAYfQQwog,tracy-california,"['Diner', 'Breakfast and Brunch', 'Traditional American', 'American', 'Burgers']",,,$$,37.753567,-121.47069,+12098366071,95304,2986 W Grant Line Rd,Tracy,California,"[{'@type': 'OpeningHoursSpecification', 'dayOfWeek': ['Sunday', 'Monday', 'Tuesday', 'Wednesday', 'Thursday'], 'opens': '9:0', 'closes': '20:0'}, {'@type': 'OpeningHoursSpecification', 'dayOfWeek': ['Friday', 'Saturday'], 'opens': '9:0', 'closes': '20:0'}, {'@type': 'OpeningHoursSpecification', 'dayOfWeek': ['Friday', 'Saturday'], 'opens': '6:0', 'closes': '22:45'}]","{'@type': 'PostalAddress', 'addressLocality': 'Tracy', 'addressRegion': 'California', 'postalCode': '95304', 'addressCountry': 'US', 'streetAddress': '2986 W Grant Line Rd'}","{'@type': 'GeoCoordinates', 'latitude': 37.753567, 'longitude': -121.47069}",{}
Panda Express (15099 S. Old Harlan Rd),https://www.ubereats.com/sacramento/food-delivery/panda-express-15099-s-old-harlan-rd/Wd_TB--HQ5SYmVRK491VHg,tracy-california,"['Chinese', 'Family Meals']",4.0,50,$,37.8260488,-121.2884533,+12098002983,95330,15099 S. Old Harlan Rd,Lathrop,CA,"[{'@type': 'OpeningHoursSpecification', 'dayOfWeek': ['Monday', 'Tuesday', 'Wednesday', 'Thursday', 'Friday', 'Saturday', 'Sunday'], 'opens': '10:0', 'closes': '21:0'}]","{'@type': 'PostalAddress', 'addressLocality': 'Lathrop', 'addressRegion': 'CA', 'postalCode': '95330', 'addressCountry': 'US', 'streetAddress': '15099 S. Old Harlan Rd'}","{'@type': 'GeoCoordinates', 'latitude': 37.8260488, 'longitude': -121.2884533}","{'@type': 'AggregateRating', 'ratingValue': 4, 'reviewCount': '50'}"
Los Potros Restaurant,https://www.ubereats.com/sacramento/food-delivery/los-potros-restaurant/eebxIkkbSc-s7hrf7ePPAA,tracy-california,"['Mexican', 'Latin American', 'New Mexican']",4.5,20,$,37.7394089,-121.4170904,+18888488186,95376,508 E 11th St,Tracy,CA,"[{'@type': 'OpeningHoursSpecification', 'dayOfWeek': ['Monday', 'Tuesday', 'Wednesday', 'Thursday', 'Friday', 'Saturday', 'Sunday'], 'opens': '7:30', 'closes': '20:30'}]","{'@type': 'PostalAddress', 'addressLocality': 'Tracy', 'addressRegion': 'CA', 'postalCode': '95376', 'addressCountry': 'US', 'streetAddress': '508 E 11th St'}","{'@type': 'GeoCoordinates', 'latitude': 37.7394089, 'longitude': -121.4170904}","{'@type': 'AggregateRating', 'ratingValue': 4.5, 'reviewCount': '20'}"
Subway (1986 W 11th St),https://www.ubereats.com/sacramento/food-delivery/subway-1986-w-11th-st/F6RT29MRSjOcFKl6CGiRBw,tracy-california,"['Fast Food', 'Sandwich', 'American']",,,$,37.739773299999996,-121.4515537,+12098361669,,,,,"[{'@type': 'OpeningHoursSpecification', 'dayOfWeek': ['Monday', 'Tuesday', 'Wednesday', 'Thursday', 'Friday', 'Saturday', 'Sunday'], 'opens': '9:0', 'closes': '20:25'}]",,"{'@type': 'GeoCoordinates', 'latitude': 37.739773299999996, 'longitude': -121.4515537}",{}
Denny's (3718 No Tracy Blvd.),https://www.ubereats.com/sacramento/food-delivery/dennys-3718-no-tracy-blvd/jtiQurtRRjGuPkDn0_BBhg,tracy-california,"['American', 'Breakfast and Brunch', 'Coffee and Tea', 'Dinner', 'Desserts', 'Salads', 'Steak', 'Sandwich', 'Family Meals']",4.6,14,$$,37.7636344,-121.4347703,+12098361047,95304,3718 No,Tracy,CA,"[{'@type': 'OpeningHoursSpecification', 'dayOfWeek': ['Monday', 'Tuesday', 'Wednesday', 'Thursday', 'Friday', 'Saturday', 'Sunday'], 'opens': '0:0', 'closes': '23:59'}]","{'@type': 'PostalAddress', 'addressLocality': 'Tracy', 'addressRegion': 'CA', 'postalCode': '95304', 'addressCountry': 'US', 'streetAddress': '3718 No'}","{'@type': 'GeoCoordinates', 'latitude': 37.7636344, 'longitude': -121.4347703}","{'@type': 'AggregateRating', 'ratingValue': 4.6, 'reviewCount': '14'}"
Five Guys CA-1649 2970 W. Grant Line Rd,https://www.ubereats.com/sacramento/food-delivery/five-guys-ca-1649-2970-w-grant-line-rd/2XJIDzpjR56AeEGa2N_bZQ,tracy-california,"['American', 'Burgers']",4.8,17,$,37.7536333,-121.470125,+12098338036,95304,2970 W. Grant Line Road,Tracy,CA,"[{'@type': 'OpeningHoursSpecification', 'dayOfWeek': 'Sunday', 'opens': '11:0', 'closes': '21:30'}, {'@type': 'OpeningHoursSpecification', 'dayOfWeek': ['Monday', 'Tuesday', 'Wednesday', 'Thursday'], 'opens': '11:0', 'closes': '20:30'}, {'@type': 'OpeningHoursSpecification', 'dayOfWeek': ['Friday', 'Saturday'], 'opens': '11:0', 'closes': '21:30'}]","{'@type': 'PostalAddress', 'addressLocality': 'Tracy', 'addressRegion': 'CA', 'postalCode': '95304', 'addressCountry': 'US', 'streetAddress': '2970 W. Grant Line Road'}","{'@type': 'GeoCoordinates', 'latitude': 37.7536333, 'longitude': -121.470125}","{'@type': 'AggregateRating', 'ratingValue': 4.8, 'reviewCount': '17'}"
Falafel Flame,https://www.ubereats.com/sacramento/food-delivery/falafel-flame/nrU0BWM-RJa1DJ_4XHpxag,tracy-california,"['Mediterranean', 'Salads', 'Burgers']",,,,37.7599455,-121.4346158,+12096662856,,,,,"[{'@type': 'OpeningHoursSpecification', 'dayOfWeek': ['Monday', 'Tuesday', 'Wednesday', 'Thursday', 'Friday', 'Saturday', 'Sunday'], 'opens': '11:0', 'closes': '21:0'}]",,"{'@type': 'GeoCoordinates', 'latitude': 37.7599455, 'longitude': -121.4346158}",{}
Sizzler (1890 Daniels Street),https://www.ubereats.com/sacramento/food-delivery/sizzler-1890-daniels-street/uRkmy7WoQtm4YGylmuoP6A,tracy-california,"['American', 'Burgers', 'Seafood', 'Family Meals']",4.6,18,$$,37.7851337,-121.2509672,+12099238765,95337,1890 Daniels Street,Manteca,CA,"[{'@type': 'OpeningHoursSpecification', 'dayOfWeek': ['Monday', 'Tuesday', 'Wednesday', 'Thursday', 'Friday', 'Saturday', 'Sunday'], 'opens': '11:0', 'closes': '19:30'}]","{'@type': 'PostalAddress', 'addressLocality': 'Manteca', 'addressRegion': 'CA', 'postalCode': '95337', 'addressCountry': 'US', 'streetAddress': '1890 Daniels Street'}","{'@type': 'GeoCoordinates', 'latitude': 37.7851337, 'longitude': -121.2509672}","{'@type': 'AggregateRating', 'ratingValue': 4.6, 'reviewCount': '18'}"
Burger King (3220 Tracy Boulevard),https://www.ubereats.com/sacramento/food-delivery/burger-king-3220-tracy-boulevard/czMeSSxQRX2WZNPks9nOYw,tracy-california,"['American', 'burger', 'Fast Food']",3.7,10,$,37.7597888,-121.4345918,+12098360464,95376,3220,Tracy,CA,"[{'@type': 'OpeningHoursSpecification', 'dayOfWeek': ['Monday', 'Tuesday', 'Wednesday', 'Thursday', 'Friday', 'Saturday', 'Sunday'], 'opens': '6:30', 'closes': '10:29'}, {'@type': 'OpeningHoursSpecification', 'dayOfWeek': ['Monday', 'Tuesday', 'Wednesday', 'Thursday', 'Friday', 'Saturday', 'Sunday'], 'opens': '10:30', 'closes': '23:30'}]","{'@type': 'PostalAddress', 'addressLocality': 'Tracy', 'addressRegion': 'CA', 'postalCode': '95376', 'addressCountry': 'US', 'streetAddress': '3220'}","{'@type': 'GeoCoordinates', 'latitude': 37.7597888, 'longitude': -121.4345918}","{'@type': 'AggregateRating', 'ratingValue': 3.7, 'reviewCount': '10'}"
McDonald's® (236 E 11TH STREET),https://www.ubereats.com/sacramento/food-delivery/mcdonalds-236-e-11th-street/ecuHt45_SryxFClpVSJ3Wg,tracy-california,"['American', 'Burgers', 'Fast Food']",4.4,15,$,37.73938,-121.421544,+12092218826,95376,236 E 11TH STREET,TRACY,CA,"[{'@type': 'OpeningHoursSpecification', 'dayOfWeek': ['Monday', 'Tuesday', 'Wednesday', 'Thursday', 'Friday', 'Saturday', 'Sunday'], 'opens': '5:0', 'closes': '10:29'}, {'@type': 'OpeningHoursSpecification', 'dayOfWeek': ['Monday', 'Tuesday', 'Wednesday', 'Thursday', 'Friday', 'Saturday', 'Sunday'], 'opens': '10:30', 'closes': '16:59'}, {'@type': 'OpeningHoursSpecification', 'dayOfWeek': ['Monday', 'Tuesday', 'Wednesday', 'Thursday', 'Friday', 'Saturday', 'Sunday'], 'opens': '17:0', 'closes': '0:45'}]","{'@type': 'PostalAddress', 'addressLocality': 'TRACY', 'addressRegion': 'CA', 'postalCode': '95376', 'addressCountry': 'US', 'streetAddress': '236 E 11TH STREET'}","{'@type': 'GeoCoordinates', 'latitude': 37.73938, 'longitude': -121.421544}","{'@type': 'AggregateRating', 'ratingValue': 4.4, 'reviewCount': '15'}"
"Rubio's (2431 North Naglee Road, Suite 7A)",https://www.ubereats.com/sacramento/food-delivery/rubios-2431-north-naglee-road-suite-7a/suPMGsCARr6AhWrqWc4ffg,tracy-california,"['Mexican', 'New American', 'Comfort Food', 'Chicken', 'Family Meals']",4.2,24,$$,37.7553085,-121.4668066,+12098357765,95304,2431 North Naglee Road,Tracy,CA,"[{'@type': 'OpeningHoursSpecification', 'dayOfWeek': ['Sunday', 'Monday', 'Tuesday', 'Wednesday', 'Thursday'], 'opens': '10:30', 'closes': '21:0'}, {'@type': 'OpeningHoursSpecification', 'dayOfWeek': ['Friday', 'Saturday'], 'opens': '10:30', 'closes': '21:30'}]","{'@type': 'PostalAddress', 'addressLocality': 'Tracy', 'addressRegion': 'CA', 'postalCode': '95304', 'addressCountry': 'US', 'streetAddress': '2431 North Naglee Road'}","{'@type': 'GeoCoordinates', 'latitude': 37.7553085, 'longitude': -121.4668066}","{'@type': 'AggregateRating', 'ratingValue': 4.2, 'reviewCount': '24'}"
Taco Bell (2320 Tracy Blvd),https://www.ubereats.com/sacramento/food-delivery/taco-bell-2320-tracy-blvd/Prcn3Q26RAaEn2wJcJXn8A,tracy-california,"['Burritos', 'Fast Food', 'Mexican']",4.0,13,$,37.753512,-121.4348373,+12098338177,95376,2320,Tracy,CA,"[{'@type': 'OpeningHoursSpecification', 'dayOfWeek': ['Sunday', 'Monday', 'Tuesday', 'Wednesday', 'Thursday'], 'opens': '14:0', 'closes': '17:0'}, {'@type': 'OpeningHoursSpecification', 'dayOfWeek': ['Sunday', 'Monday', 'Tuesday', 'Wednesday', 'Thursday'], 'opens': '7:0', 'closes': '1:30'}, {'@type': 'OpeningHoursSpecification', 'dayOfWeek': ['Sunday', 'Monday', 'Tuesday', 'Wednesday', 'Thursday'], 'opens': '7:0', 'closes': '10:30'}, {'@type': 'OpeningHoursSpecification', 'dayOfWeek': ['Friday', 'Saturday'], 'opens': '14:0', 'closes': '17:0'}, {'@type': 'OpeningHoursSpecification', 'dayOfWeek': ['Friday', 'Saturday'], 'opens': '7:0', 'closes': '10:30'}, {'@type': 'OpeningHoursSpecification', 'dayOfWeek': ['Friday', 'Saturday'], 'opens': '7:0', 'closes': '2:30'}]","{'@type': 'PostalAddress', 'addressLocality': 'Tracy', 'addressRegion': 'CA', 'postalCode': '95376', 'addressCountry': 'US', 'streetAddress': '2320'}","{'@type': 'GeoCoordinates', 'latitude': 37.753512, 'longitude': -121.4348373}","{'@type': 'AggregateRating', 'ratingValue': 4, 'reviewCount': '13'}"
Subway (2600 South Tracy Blvd),https://www.ubereats.com/sacramento/food-delivery/subway-2600-south-tracy-blvd/uXrk1ROSRQuvdZN3BArmmg,tracy-california,"['Fast Food', 'Sandwich', 'American']",,,$,37.7112967,-121.4342346,+12098360100,95376,2600 South,Tracy,CA,"[{'@type': 'OpeningHoursSpecification', 'dayOfWeek': 'Sunday', 'opens': '9:0', 'closes': '21:30'}, {'@type': 'OpeningHoursSpecification', 'dayOfWeek': ['Monday', 'Tuesday', 'Wednesday', 'Thursday', 'Friday', 'Saturday'], 'opens': '8:0', 'closes': '21:30'}]","{'@type': 'PostalAddress', 'addressLocality': 'Tracy', 'addressRegion': 'CA', 'postalCode': '95376', 'addressCountry': 'US', 'streetAddress': '2600 South'}","{'@type': 'GeoCoordinates', 'latitude': 37.7112967, 'longitude': -121.4342346}",{}
Jack in the Box (557) 611 W Grant Line Rd.,https://www.ubereats.com/sacramento/food-delivery/jack-in-the-box-557-611-w-grant-line-rd/6EPkJeedRjGKWVIq2W0seQ,tracy-california,"['American', 'burger', 'Fast Food']",4.8,16,$,37.7544518,-121.4354623,+12098362673,95376,611 W Grant Line Rd.,Tracy,CA,"[{'@type': 'OpeningHoursSpecification', 'dayOfWeek': ['Monday', 'Tuesday', 'Wednesday', 'Thursday', 'Friday', 'Saturday', 'Sunday'], 'opens': '0:0', 'closes': '23:59'}]","{'@type': 'PostalAddress', 'addressLocality': 'Tracy', 'addressRegion': 'CA', 'postalCode': '95376', 'addressCountry': 'US', 'streetAddress': '611 W Grant Line Rd.'}","{'@type': 'GeoCoordinates', 'latitude': 37.7544518, 'longitude': -121.4354623}","{'@type': 'AggregateRating', 'ratingValue': 4.8, 'reviewCount': '16'}"
Los Potros,https://www.ubereats.com/sacramento/food-delivery/los-potros/D1vrPxlBQAO2UFGTlnNbyw,tracy-california,"['Mexican', 'Latin American', 'New Mexican']",,,$,37.7394089,-121.4170904,+12098309618,95376,508 E 11th St,Tracy,CA,"[{'@type': 'OpeningHoursSpecification', 'dayOfWeek': ['Monday', 'Tuesday', 'Wednesday', 'Thursday', 'Friday', 'Saturday', 'Sunday'], 'opens': '7:15', 'closes': '20:15'}]","{'@type': 'PostalAddress', 'addressLocality': 'Tracy', 'addressRegion': 'CA', 'postalCode': '95376', 'addressCountry': 'US', 'streetAddress': '508 E 11th St'}","{'@type': 'GeoCoordinates', 'latitude': 37.7394089, 'longitude': -121.4170904}",{}
"Deli Delicious - Lathrop, CA",https://www.ubereats.com/sacramento/food-delivery/deli-delicious-lathrop-ca/Cx2MHXjHQOqkgahzN9h66A,tracy-california,"['Deli', 'salad', 'Sandwich']",,,$,37.8250816,-121.2889648,+12092990001,95330,16607 S Harlan RD,Lathrop,CA,"[{'@type': 'OpeningHoursSpecification', 'dayOfWeek': 'Sunday', 'opens': '11:0', 'closes': '19:0'}, {'@type': 'OpeningHoursSpecification', 'dayOfWeek': ['Monday', 'Tuesday', 'Wednesday', 'Thursday', 'Friday', 'Saturday'], 'opens': '10:0', 'closes': '20:0'}]","{'@type': 'PostalAddress', 'addressLocality': 'Lathrop', 'addressRegion': 'CA', 'postalCode': '95330', 'addressCountry': 'US', 'streetAddress': '16607 S Harlan RD'}","{'@type': 'GeoCoordinates', 'latitude': 37.8250816, 'longitude': -121.2889648}",{}
Chipotle Mexican Grill (2512 Naglee Rd),https://www.ubereats.com/sacramento/food-delivery/chipotle-mexican-grill-2512-naglee-rd/1y9tTYo0Sk2v-xYATK8Hxw,tracy-california,"['Healthy', 'Mexican']",4.1,66,$,37.7555734,-121.4650338,+12098348845,95304,2512 Naglee Rd,Tracy,CA,"[{'@type': 'OpeningHoursSpecification', 'dayOfWeek': ['Monday', 'Tuesday', 'Wednesday', 'Thursday', 'Friday', 'Saturday', 'Sunday'], 'opens': '11:30', 'closes': '19:10'}]","{'@type': 'PostalAddress', 'addressLocality': 'Tracy', 'addressRegion': 'CA', 'postalCode': '95304', 'addressCountry': 'US', 'streetAddress': '2512 Naglee Rd'}","{'@type': 'GeoCoordinates', 'latitude': 37.7555734, 'longitude': -121.4650338}","{'@type': 'AggregateRating', 'ratingValue': 4.1, 'reviewCount': '66'}"
A&W (2290 W. Grant Line Road),https://www.ubereats.com/sacramento/food-delivery/a%26w-2290-w-grant-line-road/XjeP-JT1QfCCz4l2slFPKg,tracy-california,"['American', 'burger', 'Fast Food']",,,$,37.75362759999999,-121.4586961,+10000000000,95377,2290 W. Grant Line Road,Tracy,CA,"[{'@type': 'OpeningHoursSpecification', 'dayOfWeek': 'Sunday', 'opens': '11:0', 'closes': '17:0'}, {'@type': 'OpeningHoursSpecification', 'dayOfWeek': ['Monday', 'Tuesday', 'Wednesday', 'Thursday', 'Friday', 'Saturday'], 'opens': '11:0', 'closes': '18:30'}]","{'@type': 'PostalAddress', 'addressLocality': 'Tracy', 'addressRegion': 'CA', 'postalCode': '95377', 'addressCountry': 'US', 'streetAddress': '2290 W. Grant Line Road'}","{'@type': 'GeoCoordinates', 'latitude': 37.75362759999999, 'longitude': -121.4586961}",{}
Sonic Drive-In (3080 N Naglee Rd),https://www.ubereats.com/sacramento/food-delivery/sonic-drive-in-3080-n-naglee-rd/UHpvWEejRoCIaP6Qd0T_CQ,tracy-california,"['American', 'Burgers', 'Breakfast and Brunch', 'Fast Food']",4.2,11,$$,37.75775429999999,-121.4607715,+12098348108,95304,3080 Naglee Rd,Tracy,CA,"[{'@type': 'OpeningHoursSpecification', 'dayOfWeek': ['Monday', 'Tuesday', 'Wednesday', 'Thursday', 'Friday', 'Saturday', 'Sunday'], 'opens': '10:0', 'closes': '22:0'}]","{'@type': 'PostalAddress', 'addressLocality': 'Tracy', 'addressRegion': 'CA', 'postalCode': '95304', 'addressCountry': 'US', 'streetAddress': '3080 Naglee Rd'}","{'@type': 'GeoCoordinates', 'latitude': 37.75775429999999, 'longitude': -121.4607715}","{'@type': 'AggregateRating', 'ratingValue': 4.2, 'reviewCount': '11'}"
Burger King (2890 Grantline Road),https://www.ubereats.com/sacramento/food-delivery/burger-king-2890-grantline-road/KRTF-l6ITRi8gMXEM-yrNA,tracy-california,"['American', 'burger', 'Fast Food']",,,$,37.7536879,-121.4695637,+12098308044,95304,2890 Grantline Road,Tracy,CA,"[{'@type': 'OpeningHoursSpecification', 'dayOfWeek': ['Sunday', 'Monday', 'Tuesday', 'Wednesday', 'Thursday'], 'opens': '6:30', 'closes': '10:29'}, {'@type': 'OpeningHoursSpecification', 'dayOfWeek': ['Sunday', 'Monday', 'Tuesday', 'Wednesday', 'Thursday'], 'opens': '10:30', 'closes': '23:30'}, {'@type': 'OpeningHoursSpecification', 'dayOfWeek': 'Friday', 'opens': '0:30', 'closes': '10:29'}, {'@type': 'OpeningHoursSpecification', 'dayOfWeek': 'Friday', 'opens': '10:30', 'closes': '23:30'}, {'@type': 'OpeningHoursSpecification', 'dayOfWeek': 'Saturday', 'opens': '6:30', 'closes': '10:29'}, {'@type': 'OpeningHoursSpecification', 'dayOfWeek': 'Saturday', 'opens': '10:30', 'closes': '23:30'}]","{'@type': 'PostalAddress', 'addressLocality': 'Tracy', 'addressRegion': 'CA', 'postalCode': '95304', 'addressCountry': 'US', 'streetAddress': '2890 Grantline Road'}","{'@type': 'GeoCoordinates', 'latitude': 37.7536879, 'longitude': -121.4695637}",{}
IHOP (3120 Naglee Rd),https://www.ubereats.com/sacramento/food-delivery/ihop-3120-naglee-rd/QChv-yMITcun2wk44Lfvvg,tracy-california,"['American', 'Breakfast and Brunch', 'burger', 'Comfort Food', 'Dinner', 'Omelette', 'salad', 'Traditional American', 'Family Meals']",4.3,13,$,37.7587521,-121.4616418,+12098398701,95304,3120 Naglee Rd,Tracy,CA,"[{'@type': 'OpeningHoursSpecification', 'dayOfWeek': ['Monday', 'Tuesday', 'Wednesday', 'Thursday', 'Friday', 'Saturday', 'Sunday'], 'opens': '7:0', 'closes': '14:50'}]","{'@type': 'PostalAddress', 'addressLocality': 'Tracy', 'addressRegion': 'CA', 'postalCode': '95304', 'addressCountry': 'US', 'streetAddress': '3120 Naglee Rd'}","{'@type': 'GeoCoordinates', 'latitude': 37.7587521, 'longitude': -121.4616418}","{'@type': 'AggregateRating', 'ratingValue': 4.3, 'reviewCount': '13'}"
Buffalo Wild Wings (2796 Naglee Road),https://www.ubereats.com/sacramento/food-delivery/buffalo-wild-wings-2796-naglee-road/3WreMJV-TQSmy2uIbrtRSw,tracy-california,"['wings', 'Burgers', 'American']",4.2,19,$$,37.7570896,-121.4609277,+12098333819,95304,2796 Naglee Road,Tracy,CA,"[{'@type': 'OpeningHoursSpecification', 'dayOfWeek': ['Monday', 'Tuesday', 'Wednesday', 'Thursday', 'Friday', 'Saturday', 'Sunday'], 'opens': '11:0', 'closes': '21:0'}]","{'@type': 'PostalAddress', 'addressLocality': 'Tracy', 'addressRegion': 'CA', 'postalCode': '95304', 'addressCountry': 'US', 'streetAddress': '2796 Naglee Road'}","{'@type': 'GeoCoordinates', 'latitude': 37.7570896, 'longitude': -121.4609277}","{'@type': 'AggregateRating', 'ratingValue': 4.2, 'reviewCount': '19'}"
Pho Minh Long,https://www.ubereats.com/sacramento/food-delivery/pho-minh-long/L_rl5SR5ROamY7nHUGMPyg,tracy-california,"['Vietnamese', 'Noodles', 'Seafood']",4.0,11,$,37.7383339,-121.4512118,+12098330399,95376,1886 W 11th St,Tracy,CA,"[{'@type': 'OpeningHoursSpecification', 'dayOfWeek': ['Sunday', 'Monday', 'Tuesday', 'Wednesday', 'Thursday'], 'opens': '10:0', 'closes': '21:0'}, {'@type': 'OpeningHoursSpecification', 'dayOfWeek': ['Friday', 'Saturday'], 'opens': '10:0', 'closes': '22:0'}]","{'@type': 'PostalAddress', 'addressLocality': 'Tracy', 'addressRegion': 'CA', 'postalCode': '95376', 'addressCountry': 'US', 'streetAddress': '1886 W 11th St'}","{'@type': 'GeoCoordinates', 'latitude': 37.7383339, 'longitude': -121.4512118}","{'@type': 'AggregateRating', 'ratingValue': 4, 'reviewCount': '11'}"
Taco Bell (2880 W Grant Line RD),https://www.ubereats.com/sacramento/food-delivery/taco-bell-2880-w-grant-line-rd/_gkVf5_sSbavjd3pPzZ8gw,tracy-california,"['Burritos', 'Fast Food', 'Mexican']",,,$,37.7536239,-121.4688943,+12098359697,95304,2880 W Grant Line RD,Tracy,CA,"[{'@type': 'OpeningHoursSpecification', 'dayOfWeek': ['Monday', 'Tuesday', 'Wednesday', 'Thursday', 'Friday', 'Saturday', 'Sunday'], 'opens': '14:0', 'closes': '17:0'}, {'@type': 'OpeningHoursSpecification', 'dayOfWeek': ['Monday', 'Tuesday', 'Wednesday', 'Thursday', 'Friday', 'Saturday', 'Sunday'], 'opens': '7:0', 'closes': '0:30'}, {'@type': 'OpeningHoursSpecification', 'dayOfWeek': ['Monday', 'Tuesday', 'Wednesday', 'Thursday', 'Friday', 'Saturday', 'Sunday'], 'opens': '7:0', 'closes': '10:30'}]","{'@type': 'PostalAddress', 'addressLocality': 'Tracy', 'addressRegion': 'CA', 'postalCode': '95304', 'addressCountry': 'US', 'streetAddress': '2880 W Grant Line RD'}","{'@type': 'GeoCoordinates', 'latitude': 37.7536239, 'longitude': -121.4688943}",{}
KFC (2290 W. Grant Line Road),https://www.ubereats.com/sacramento/food-delivery/kfc-2290-w-grant-line-road/ffRNLizPRrSUeVILYXgUEg,tracy-california,"['American', 'Fast Food', 'wings']",3.7,22,$,37.75362759999999,-121.4586961,+15852441732,95377,2290 W. Grant Line Road,Tracy,CA,"[{'@type': 'OpeningHoursSpecification', 'dayOfWeek': ['Monday', 'Tuesday', 'Wednesday', 'Thursday', 'Friday', 'Saturday', 'Sunday'], 'opens': '10:30', 'closes': '21:30'}]","{'@type': 'PostalAddress', 'addressLocality': 'Tracy', 'addressRegion': 'CA', 'postalCode': '95377', 'addressCountry': 'US', 'streetAddress': '2290 W. Grant Line Road'}","{'@type': 'GeoCoordinates', 'latitude': 37.75362759999999, 'longitude': -121.4586961}","{'@type': 'AggregateRating', 'ratingValue': 3.7, 'reviewCount': '22'}"
Jack in the Box (4376) 3400 N. Macarthur Dr.,https://www.ubereats.com/sacramento/food-delivery/jack-in-the-box-4376-3400-n-macarthur-dr/I_TPL8ZER56g3JSQQXebcA,tracy-california,"['American', 'burger', 'Fast Food']",4.3,11,$,37.7619186,-121.4141067,+12098399732,95376,3400 N. Macarthur Dr.,Tracy,CA,"[{'@type': 'OpeningHoursSpecification', 'dayOfWeek': ['Monday', 'Tuesday', 'Wednesday', 'Thursday', 'Friday', 'Saturday', 'Sunday'], 'opens': '0:0', 'closes': '23:59'}]","{'@type': 'PostalAddress', 'addressLocality': 'Tracy', 'addressRegion': 'CA', 'postalCode': '95376', 'addressCountry': 'US', 'streetAddress': '3400 N. Macarthur Dr.'}","{'@type': 'GeoCoordinates', 'latitude': 37.7619186, 'longitude': -121.4141067}","{'@type': 'AggregateRating', 'ratingValue': 4.3, 'reviewCount': '11'}"
Pizza Guys,https://www.ubereats.com/sacramento/food-delivery/pizza-guys/VAI4tf4ER_GeLO9-cyZ5Ig,tracy-california,"['pasta', 'pizza', 'Sandwich']",,,$,37.7598668,-121.4356968,+12098391111,95376,3007 N,Tracy,CA,"[{'@type': 'OpeningHoursSpecification', 'dayOfWeek': ['Sunday', 'Monday', 'Tuesday', 'Wednesday', 'Thursday'], 'opens': '10:0', 'closes': '22:0'}, {'@type': 'OpeningHoursSpecification', 'dayOfWeek': ['Friday', 'Saturday'], 'opens': '10:0', 'closes': '22:30'}]","{'@type': 'PostalAddress', 'addressLocality': 'Tracy', 'addressRegion': 'CA', 'postalCode': '95376', 'addressCountry': 'US', 'streetAddress': '3007 N'}","{'@type': 'GeoCoordinates', 'latitude': 37.7598668, 'longitude': -121.4356968}",{}
Black Bear Diner (2351 Toste Road),https://www.ubereats.com/sacramento/food-delivery/black-bear-diner-2351-toste-road/CP2OcCoARhmJ48jlNdY2dQ,tracy-california,"['American', 'Burgers', 'Comfort Food', 'Kids Friendly', 'Healthy', 'Chicken', 'Steak', 'Breakfast and Brunch', 'Diner', 'Desserts', 'Salads', 'Coffee and Tea', 'Pasta', 'Sandwich', 'Family Meals']",4.4,19,$$,37.7535576,-121.4614633,+12098355600,95377,2351 Toste Road,Tracy,CA,"[{'@type': 'OpeningHoursSpecification', 'dayOfWeek': ['Monday', 'Tuesday', 'Wednesday', 'Thursday', 'Friday', 'Saturday', 'Sunday'], 'opens': '8:0', 'closes': '19:0'}]","{'@type': 'PostalAddress', 'addressLocality': 'Tracy', 'addressRegion': 'CA', 'postalCode': '95377', 'addressCountry': 'US', 'streetAddress': '2351 Toste Road'}","{'@type': 'GeoCoordinates', 'latitude': 37.7535576, 'longitude': -121.4614633}","{'@type': 'AggregateRating', 'ratingValue': 4.4, 'reviewCount': '19'}"
Dhaba Indian Cuisine,https://www.ubereats.com/sacramento/food-delivery/dhaba-indian-cuisine/U6iba6MITZGJos8meQz7Sw,tracy-california,"['Indian', 'Vegetarian', 'Asian']",,,$,37.7533719,-121.4580894,+12098359090,95377,2242 W Grant Line Rd,Tracy,CA,"[{'@type': 'OpeningHoursSpecification', 'dayOfWeek': ['Monday', 'Tuesday', 'Wednesday', 'Thursday', 'Friday', 'Saturday', 'Sunday'], 'opens': '11:0', 'closes': '15:0'}, {'@type': 'OpeningHoursSpecification', 'dayOfWeek': ['Monday', 'Tuesday', 'Wednesday', 'Thursday', 'Friday', 'Saturday', 'Sunday'], 'opens': '16:30', 'closes': '20:30'}]","{'@type': 'PostalAddress', 'addressLocality': 'Tracy', 'addressRegion': 'CA', 'postalCode': '95377', 'addressCountry': 'US', 'streetAddress': '2242 W Grant Line Rd'}","{'@type': 'GeoCoordinates', 'latitude': 37.7533719, 'longitude': -121.4580894}",{}
Squeeze Burger - Naglee Rd (Tracy),https://www.ubereats.com/sacramento/food-delivery/squeeze-burger-naglee-rd-tracy/PiidhtNqRB-qpB07XIc0mg,tracy-california,"['Burgers', 'American']",,,$,37.756527,-121.46246,+12098337992,95304,2742 Naglee Rd,Tracy,California,"[{'@type': 'OpeningHoursSpecification', 'dayOfWeek': ['Monday', 'Tuesday', 'Wednesday', 'Thursday'], 'opens': '11:0', 'closes': '19:15'}, {'@type': 'OpeningHoursSpecification', 'dayOfWeek': ['Friday', 'Saturday'], 'opens': '11:0', 'closes': '20:15'}]","{'@type': 'PostalAddress', 'addressLocality': 'Tracy', 'addressRegion': 'California', 'postalCode': '95304', 'addressCountry': 'US', 'streetAddress': '2742 Naglee Rd'}","{'@type': 'GeoCoordinates', 'latitude': 37.756527, 'longitude': -121.46246}",{}
TOGOs (1867 W. 11th St),https://www.ubereats.com/sacramento/food-delivery/togos-1867-w-11th-st/1vZiF5ciTQylIGAwA2DaqQ,tracy-california,"['Sandwich', 'American']",4.5,20,$,37.7398663,-121.4511752,+12098343200,95376,1867 W. 11th St,Tracy,CA,"[{'@type': 'OpeningHoursSpecification', 'dayOfWeek': ['Monday', 'Tuesday', 'Wednesday', 'Thursday', 'Friday', 'Saturday', 'Sunday'], 'opens': '10:0', 'closes': '20:40'}]","{'@type': 'PostalAddress', 'addressLocality': 'Tracy', 'addressRegion': 'CA', 'postalCode': '95376', 'addressCountry': 'US', 'streetAddress': '1867 W. 11th St'}","{'@type': 'GeoCoordinates', 'latitude': 37.7398663, 'longitude': -121.4511752}","{'@type': 'AggregateRating', 'ratingValue': 4.5, 'reviewCount': '20'}"
MOD Pizza (Tracy),https://www.ubereats.com/sacramento/food-delivery/mod-pizza-tracy/UEcW29B3TH6xRsYI14C_CQ,tracy-california,"['Pizza', 'Desserts', 'Salads', 'American', 'Healthy', 'Vegetarian Friendly', 'Kids Friendly']",4.0,21,$,37.75589729999999,-121.4638044,+12092780056,95304,2682 Naglee Rd,Tracy,CA,"[{'@type': 'OpeningHoursSpecification', 'dayOfWeek': ['Monday', 'Tuesday', 'Wednesday', 'Thursday', 'Friday', 'Saturday', 'Sunday'], 'opens': '10:30', 'closes': '21:40'}]","{'@type': 'PostalAddress', 'addressLocality': 'Tracy', 'addressRegion': 'CA', 'postalCode': '95304', 'addressCountry': 'US', 'streetAddress': '2682 Naglee Rd'}","{'@type': 'GeoCoordinates', 'latitude': 37.75589729999999, 'longitude': -121.4638044}","{'@type': 'AggregateRating', 'ratingValue': 4, 'reviewCount': '21'}"
Cold Stone Creamery (1859 W 11th St),https://www.ubereats.com/sacramento/food-delivery/cold-stone-creamery-1859-w-11th-st/OF6euIztRECuTATBqq1NHg,tracy-california,"['Ice Cream and Frozen Yogurt', 'Desserts', 'Cupcakes']",4.5,11,$,37.7397638,-121.4511733,+12098327461,95376,1859 W 11Th St Ste C-6,Tracy,CA,"[{'@type': 'OpeningHoursSpecification', 'dayOfWeek': ['Sunday', 'Monday', 'Tuesday', 'Wednesday', 'Thursday'], 'opens': '11:0', 'closes': '22:0'}, {'@type': 'OpeningHoursSpecification', 'dayOfWeek': ['Friday', 'Saturday'], 'opens': '11:0', 'closes': '23:0'}]","{'@type': 'PostalAddress', 'addressLocality': 'Tracy', 'addressRegion': 'CA', 'postalCode': '95376', 'addressCountry': 'US', 'streetAddress': '1859 W 11Th St Ste C-6'}","{'@type': 'GeoCoordinates', 'latitude': 37.7397638, 'longitude': -121.4511733}","{'@type': 'AggregateRating', 'ratingValue': 4.5, 'reviewCount': '11'}"
"El Pollo Loco (2442 Naglee Rd,6128)",https://www.ubereats.com/sacramento/food-delivery/el-pollo-loco-2442-naglee-rd6128/VQpPsqYiTReYYtGR4Aj1_Q,tracy-california,"['Latin American', 'Mexican', 'New American', 'Family Meals']",3.9,18,$,37.7552505,-121.4656809,+12098398592,95304,2442 Naglee Rd,Tracy,CA,"[{'@type': 'OpeningHoursSpecification', 'dayOfWeek': ['Monday', 'Tuesday', 'Wednesday', 'Thursday', 'Friday', 'Saturday', 'Sunday'], 'opens': '10:0', 'closes': '22:0'}]","{'@type': 'PostalAddress', 'addressLocality': 'Tracy', 'addressRegion': 'CA', 'postalCode': '95304', 'addressCountry': 'US', 'streetAddress': '2442 Naglee Rd'}","{'@type': 'GeoCoordinates', 'latitude': 37.7552505, 'longitude': -121.4656809}","{'@type': 'AggregateRating', 'ratingValue': 3.9, 'reviewCount': '18'}"
Nation's Giant Hamburgers (Tracy),https://www.ubereats.com/sacramento/food-delivery/nations-giant-hamburgers-tracy/gPROIESzSrKFDHeFOf4K3A,tracy-california,"['American', 'Fast Food', 'Burgers', 'Desserts']",4.2,38,$,37.762285,-121.43477,+12098358772,95376,3574 N,Tracy,California,"[{'@type': 'OpeningHoursSpecification', 'dayOfWeek': ['Monday', 'Tuesday', 'Wednesday', 'Thursday', 'Friday', 'Saturday', 'Sunday'], 'opens': '0:0', 'closes': '23:59'}]","{'@type': 'PostalAddress', 'addressLocality': 'Tracy', 'addressRegion': 'California', 'postalCode': '95376', 'addressCountry': 'US', 'streetAddress': '3574 N'}","{'@type': 'GeoCoordinates', 'latitude': 37.762285, 'longitude': -121.43477}","{'@type': 'AggregateRating', 'ratingValue': 4.2, 'reviewCount': '38'}"
McDonald's® (3430 TRACY BLVD),https://www.ubereats.com/sacramento/food-delivery/mcdonalds-3430-tracy-blvd/lSJcCF1HQZ-t4jgB21YEsg,tracy-california,"['American', 'Burgers', 'Fast Food']",3.7,10,$,37.761764,-121.434502,+12098353200,95376-1723,3430,TRACY,CA,"[{'@type': 'OpeningHoursSpecification', 'dayOfWeek': ['Monday', 'Tuesday', 'Wednesday', 'Thursday', 'Friday', 'Saturday', 'Sunday'], 'opens': '5:0', 'closes': '10:29'}, {'@type': 'OpeningHoursSpecification', 'dayOfWeek': ['Monday', 'Tuesday', 'Wednesday', 'Thursday', 'Friday', 'Saturday', 'Sunday'], 'opens': '10:30', 'closes': '16:59'}, {'@type': 'OpeningHoursSpecification', 'dayOfWeek': ['Monday', 'Tuesday', 'Wednesday', 'Thursday', 'Friday', 'Saturday', 'Sunday'], 'opens': '17:0', 'closes': '0:45'}]","{'@type': 'PostalAddress', 'addressLocality': 'TRACY', 'addressRegion': 'CA', 'postalCode': '95376-1723', 'addressCountry': 'US', 'streetAddress': '3430'}","{'@type': 'GeoCoordinates', 'latitude': 37.761764, 'longitude': -121.434502}","{'@type': 'AggregateRating', 'ratingValue': 3.7, 'reviewCount': '10'}"
Starbucks (Tracy & Clover - Tracy),https://www.ubereats.com/sacramento/food-delivery/starbucks-tracy-%26-clover-tracy/eOXgmDxLTAm6wYD8eNHi6A,tracy-california,"['Bakery', 'Breakfast and Brunch', 'Cafe', 'Coffee & Tea']",4.5,38,$,37.76227,-121.4333641,+12092216755,95376,569 Clover Road,Tracy,CA,"[{'@type': 'OpeningHoursSpecification', 'dayOfWeek': 'Sunday', 'opens': '4:30', 'closes': '22:0'}, {'@type': 'OpeningHoursSpecification', 'dayOfWeek': ['Monday', 'Tuesday', 'Wednesday', 'Thursday'], 'opens': '3:0', 'closes': '22:0'}, {'@type': 'OpeningHoursSpecification', 'dayOfWeek': 'Friday', 'opens': '3:0', 'closes': '23:0'}, {'@type': 'OpeningHoursSpecification', 'dayOfWeek': 'Saturday', 'opens': '4:0', 'closes': '23:0'}]","{'@type': 'PostalAddress', 'addressLocality': 'Tracy', 'addressRegion': 'CA', 'postalCode': '95376', 'addressCountry': 'US', 'streetAddress': '569 Clover Road'}","{'@type': 'GeoCoordinates', 'latitude': 37.76227, 'longitude': -121.4333641}","{'@type': 'AggregateRating', 'ratingValue': 4.5, 'reviewCount': '38'}"
Taco Bell (915 S. Tracy Blvd.),https://www.ubereats.com/sacramento/food-delivery/taco-bell-915-s-tracy-blvd/cUMAqkLiQ1i9d1FSACuuTA,tracy-california,"['Burritos', 'Fast Food', 'Mexican']",3.5,43,$,37.7235073,-121.435306,+12098330193,95376,915 S.,Tracy,CA,"[{'@type': 'OpeningHoursSpecification', 'dayOfWeek': 'Sunday', 'opens': '14:0', 'closes': '17:0'}, {'@type': 'OpeningHoursSpecification', 'dayOfWeek': 'Sunday', 'opens': '7:0', 'closes': '23:30'}, {'@type': 'OpeningHoursSpecification', 'dayOfWeek': 'Sunday', 'opens': '7:0', 'closes': '10:30'}, {'@type': 'OpeningHoursSpecification', 'dayOfWeek': ['Monday', 'Tuesday', 'Wednesday', 'Thursday', 'Friday', 'Saturday'], 'opens': '14:0', 'closes': '17:0'}, {'@type': 'OpeningHoursSpecification', 'dayOfWeek': ['Monday', 'Tuesday', 'Wednesday', 'Thursday', 'Friday', 'Saturday'], 'opens': '7:0', 'closes': '10:30'}, {'@type': 'OpeningHoursSpecification', 'dayOfWeek': ['Monday', 'Tuesday', 'Wednesday', 'Thursday', 'Friday', 'Saturday'], 'opens': '7:0', 'closes': '0:30'}]","{'@type': 'PostalAddress', 'addressLocality': 'Tracy', 'addressRegion': 'CA', 'postalCode': '95376', 'addressCountry': 'US', 'streetAddress': '915 S.'}","{'@type': 'GeoCoordinates', 'latitude': 37.7235073, 'longitude': -121.435306}","{'@type': 'AggregateRating', 'ratingValue': 3.5, 'reviewCount': '43'}"
McDonald's® (2820 SOUTH TRACY BLVD),https://www.ubereats.com/sacramento/food-delivery/mcdonalds-2820-south-tracy-blvd/q1PxiJ12SAC1O6Fm10vWdg,tracy-california,"['American', 'Burgers', 'Fast Food']",4.6,13,$,37.709586,-121.434077,+12092217971,95377,2820 SOUTH,TRACY,CA,"[{'@type': 'OpeningHoursSpecification', 'dayOfWeek': ['Monday', 'Tuesday', 'Wednesday', 'Thursday', 'Friday', 'Saturday', 'Sunday'], 'opens': '5:0', 'closes': '10:29'}, {'@type': 'OpeningHoursSpecification', 'dayOfWeek': ['Monday', 'Tuesday', 'Wednesday', 'Thursday', 'Friday', 'Saturday', 'Sunday'], 'opens': '10:30', 'closes': '16:59'}, {'@type': 'OpeningHoursSpecification', 'dayOfWeek': ['Monday', 'Tuesday', 'Wednesday', 'Thursday', 'Friday', 'Saturday', 'Sunday'], 'opens': '17:0', 'closes': '0:45'}]","{'@type': 'PostalAddress', 'addressLocality': 'TRACY', 'addressRegion': 'CA', 'postalCode': '95377', 'addressCountry': 'US', 'streetAddress': '2820 SOUTH'}","{'@type': 'GeoCoordinates', 'latitude': 37.709586, 'longitude': -121.434077}","{'@type': 'AggregateRating', 'ratingValue': 4.6, 'reviewCount': '13'}"
Starbucks (11th & Corral Hollow - Tracy),https://www.ubereats.com/sacramento/food-delivery/starbucks-11th-%26-corral-hollow-tracy/DFCoIMWgS76s_agJCYQ83Q,tracy-california,"['Bakery', 'Breakfast and Brunch', 'Cafe', 'Coffee & Tea']",4.5,73,$,37.7396413,-121.4511752,+12098301348,95376,1857 W. 11Th Street,Tracy,CA,"[{'@type': 'OpeningHoursSpecification', 'dayOfWeek': ['Monday', 'Tuesday', 'Wednesday', 'Thursday', 'Friday', 'Saturday', 'Sunday'], 'opens': '5:0', 'closes': '21:0'}]","{'@type': 'PostalAddress', 'addressLocality': 'Tracy', 'addressRegion': 'CA', 'postalCode': '95376', 'addressCountry': 'US', 'streetAddress': '1857 W. 11Th Street'}","{'@type': 'GeoCoordinates', 'latitude': 37.7396413, 'longitude': -121.4511752}","{'@type': 'AggregateRating', 'ratingValue': 4.5, 'reviewCount': '73'}"
El Patio (Tracy),https://www.ubereats.com/sacramento/food-delivery/el-patio-tracy/LAALO7pXRcWthil86h0NcA,tracy-california,"['Mexican', 'Latin American', 'New Mexican']",,,$,37.7620673,-121.4123131,+12092291092,95304,1005 E Pescadero Ave,Tracy,CA,"[{'@type': 'OpeningHoursSpecification', 'dayOfWeek': 'Sunday', 'opens': '11:0', 'closes': '21:0'}, {'@type': 'OpeningHoursSpecification', 'dayOfWeek': ['Tuesday', 'Wednesday', 'Thursday', 'Friday', 'Saturday'], 'opens': '11:0', 'closes': '21:0'}]","{'@type': 'PostalAddress', 'addressLocality': 'Tracy', 'addressRegion': 'CA', 'postalCode': '95304', 'addressCountry': 'US', 'streetAddress': '1005 E Pescadero Ave'}","{'@type': 'GeoCoordinates', 'latitude': 37.7620673, 'longitude': -121.4123131}",{}
Dunkin' (1970 W 11th St),https://www.ubereats.com/sacramento/food-delivery/dunkin-1970-w-11th-st/jj5lFbF2QvWhNmPmM9d5LA,tracy-california,"['Breakfast and Brunch', 'Donuts']",5.0,15,$,37.73828329999999,-121.4524696,+12098398367,95376,1970 W 11th St,Tracy,CA,"[{'@type': 'OpeningHoursSpecification', 'dayOfWeek': 'Sunday', 'opens': '7:0', 'closes': '18:30'}, {'@type': 'OpeningHoursSpecification', 'dayOfWeek': 'Friday', 'opens': '7:0', 'closes': '18:30'}]","{'@type': 'PostalAddress', 'addressLocality': 'Tracy', 'addressRegion': 'CA', 'postalCode': '95376', 'addressCountry': 'US', 'streetAddress': '1970 W 11th St'}","{'@type': 'GeoCoordinates', 'latitude': 37.73828329999999, 'longitude': -121.4524696}","{'@type': 'AggregateRating', 'ratingValue': 5, 'reviewCount': '15'}"
Starbucks (Tracy Blvd & Valpico - Tracy),https://www.ubereats.com/sacramento/food-delivery/starbucks-tracy-blvd-%26-valpico-tracy/0RGmmT_HSiCE-LY1u9L-1A,tracy-california,"['Bakery', 'Breakfast and Brunch', 'Cafe', 'Coffee & Tea']",4.6,56,$,37.7109464,-121.433861,+12098348149,95376,2610 S.,Tracy,CA,"[{'@type': 'OpeningHoursSpecification', 'dayOfWeek': ['Monday', 'Tuesday', 'Wednesday', 'Thursday', 'Friday', 'Saturday', 'Sunday'], 'opens': '5:0', 'closes': '21:30'}]","{'@type': 'PostalAddress', 'addressLocality': 'Tracy', 'addressRegion': 'CA', 'postalCode': '95376', 'addressCountry': 'US', 'streetAddress': '2610 S.'}","{'@type': 'GeoCoordinates', 'latitude': 37.7109464, 'longitude': -121.433861}","{'@type': 'AggregateRating', 'ratingValue': 4.6, 'reviewCount': '56'}"
Dhaba Indian Cuisine & Banquet Hall,https://www.ubereats.com/sacramento/food-delivery/dhaba-indian-cuisine-%26-banquet-hall/vSI1pFarRXmlj9y8w95zrQ,tracy-california,"['Indian', 'Vegetarian', 'Asian']",,,$,37.7537058,-121.4320918,+12095975222,,,,,"[{'@type': 'OpeningHoursSpecification', 'dayOfWeek': 'Wednesday', 'opens': '3:0', 'closes': '4:0'}]",,"{'@type': 'GeoCoordinates', 'latitude': 37.7537058, 'longitude': -121.4320918}",{}
Hot Dog On A Stick (3200 Naglee Rd),https://www.ubereats.com/sacramento/food-delivery/hot-dog-on-a-stick-3200-naglee-rd/7mfvQSnqQh6ZCJiHe6H8Ng,tracy-california,"['Fast Food', 'American', 'Hot Dog']",,,$,37.7600307,-121.45818,+12098390967,95304,3200 N. Naglee Road Sp #185,Tracy,CA,[],"{'@type': 'PostalAddress', 'addressLocality': 'Tracy', 'addressRegion': 'CA', 'postalCode': '95304', 'addressCountry': 'US', 'streetAddress': '3200 N. Naglee Road Sp #185'}","{'@type': 'GeoCoordinates', 'latitude': 37.7600307, 'longitude': -121.45818}",{}
