name,url,city,cuisine,avgRating,numReviews,priceRange,latitude,longitude,telephone,postalCode,streetAddress,addressLocality,addressRegion,openingHoursSpecification,addressString,geoString,ratingString
Carl's Jr. (3350 S Mooney Blvd),https://www.ubereats.com/fresno/food-delivery/carls-jr-3350-s-mooney-blvd/Aa2dxI_7Tcav57nKQZeXGA,tulare-california,"['Mexican', 'Breakfast and Brunch', 'Sandwich']",4.2,22,$,36.3005553,-119.3131007,+15597334465,93277,3350 S Mooney Blvd,Visalia,CA,"[{'@type': 'OpeningHoursSpecification', 'dayOfWeek': ['Sunday', 'Monday'], 'opens': '6:0', 'closes': '2:0'}, {'@type': 'OpeningHoursSpecification', 'dayOfWeek': ['Sunday', 'Monday'], 'opens': '0:0', 'closes': '23:59'}, {'@type': 'OpeningHoursSpecification', 'dayOfWeek': ['Sunday', 'Monday'], 'opens': '6:0', 'closes': '3:0'}, {'@type': 'OpeningHoursSpecification', 'dayOfWeek': ['Sunday', 'Monday'], 'opens': '6:0', 'closes': '5:0'}, {'@type': 'OpeningHoursSpecification', 'dayOfWeek': 'Tuesday', 'opens': '0:0', 'closes': '23:59'}, {'@type': 'OpeningHoursSpecification', 'dayOfWeek': 'Tuesday', 'opens': '6:0', 'closes': '3:0'}, {'@type': 'OpeningHoursSpecification', 'dayOfWeek': 'Tuesday', 'opens': '6:0', 'closes': '5:0'}, {'@type': 'OpeningHoursSpecification', 'dayOfWeek': ['Wednesday', 'Thursday'], 'opens': '6:0', 'closes': '2:0'}, {'@type': 'OpeningHoursSpecification', 'dayOfWeek': ['Wednesday', 'Thursday'], 'opens': '0:0', 'closes': '23:59'}, {'@type': 'OpeningHoursSpecification', 'dayOfWeek': ['Wednesday', 'Thursday'], 'opens': '6:0', 'closes': '3:0'}, {'@type': 'OpeningHoursSpecification', 'dayOfWeek': ['Wednesday', 'Thursday'], 'opens': '6:0', 'closes': '5:0'}, {'@type': 'OpeningHoursSpecification', 'dayOfWeek': ['Friday', 'Saturday'], 'opens': '0:0', 'closes': '11:0'}, {'@type': 'OpeningHoursSpecification', 'dayOfWeek': ['Friday', 'Saturday'], 'opens': '0:0', 'closes': '23:59'}, {'@type': 'OpeningHoursSpecification', 'dayOfWeek': ['Friday', 'Saturday'], 'opens': '0:0', 'closes': '23:59'}]","{'@type': 'PostalAddress', 'addressLocality': 'Visalia', 'addressRegion': 'CA', 'postalCode': '93277', 'addressCountry': 'US', 'streetAddress': '3350 S Mooney Blvd'}","{'@type': 'GeoCoordinates', 'latitude': 36.3005553, 'longitude': -119.3131007}","{'@type': 'AggregateRating', 'ratingValue': 4.2, 'reviewCount': '22'}"
Carl's Jr. (85 S Tower Sq),https://www.ubereats.com/fresno/food-delivery/carls-jr-85-s-tower-sq/VPL9va70TeardEPH5MEcbw,tulare-california,"['American', 'Breakfast and Brunch', 'Sandwich']",4.9,15,$,36.2081946,-119.347281,+15596885638,93274,85 S Tower Sq,Tulare,CA,"[{'@type': 'OpeningHoursSpecification', 'dayOfWeek': 'Sunday', 'opens': '0:0', 'closes': '23:59'}, {'@type': 'OpeningHoursSpecification', 'dayOfWeek': 'Sunday', 'opens': '0:0', 'closes': '1:0'}, {'@type': 'OpeningHoursSpecification', 'dayOfWeek': 'Sunday', 'opens': '11:0', 'closes': '23:59'}, {'@type': 'OpeningHoursSpecification', 'dayOfWeek': ['Monday', 'Tuesday', 'Wednesday', 'Thursday'], 'opens': '6:0', 'closes': '0:59'}, {'@type': 'OpeningHoursSpecification', 'dayOfWeek': ['Monday', 'Tuesday', 'Wednesday', 'Thursday'], 'opens': '0:0', 'closes': '1:0'}, {'@type': 'OpeningHoursSpecification', 'dayOfWeek': ['Monday', 'Tuesday', 'Wednesday', 'Thursday'], 'opens': '11:0', 'closes': '23:59'}, {'@type': 'OpeningHoursSpecification', 'dayOfWeek': ['Monday', 'Tuesday', 'Wednesday', 'Thursday'], 'opens': '0:0', 'closes': '1:0'}, {'@type': 'OpeningHoursSpecification', 'dayOfWeek': ['Monday', 'Tuesday', 'Wednesday', 'Thursday'], 'opens': '6:0', 'closes': '23:59'}, {'@type': 'OpeningHoursSpecification', 'dayOfWeek': 'Friday', 'opens': '6:0', 'closes': '0:59'}, {'@type': 'OpeningHoursSpecification', 'dayOfWeek': 'Friday', 'opens': '0:0', 'closes': '1:0'}, {'@type': 'OpeningHoursSpecification', 'dayOfWeek': 'Friday', 'opens': '11:0', 'closes': '23:59'}, {'@type': 'OpeningHoursSpecification', 'dayOfWeek': 'Friday', 'opens': '0:0', 'closes': '23:59'}, {'@type': 'OpeningHoursSpecification', 'dayOfWeek': 'Saturday', 'opens': '0:0', 'closes': '23:59'}, {'@type': 'OpeningHoursSpecification', 'dayOfWeek': 'Saturday', 'opens': '0:0', 'closes': '1:0'}, {'@type': 'OpeningHoursSpecification', 'dayOfWeek': 'Saturday', 'opens': '11:0', 'closes': '23:59'}, {'@type': 'OpeningHoursSpecification', 'dayOfWeek': 'Saturday', 'opens': '0:0', 'closes': '23:59'}]","{'@type': 'PostalAddress', 'addressLocality': 'Tulare', 'addressRegion': 'CA', 'postalCode': '93274', 'addressCountry': 'US', 'streetAddress': '85 S Tower Sq'}","{'@type': 'GeoCoordinates', 'latitude': 36.2081946, 'longitude': -119.347281}","{'@type': 'AggregateRating', 'ratingValue': 4.9, 'reviewCount': '15'}"
Wayback Burger (505 E Tulare Ave),https://www.ubereats.com/fresno/food-delivery/wayback-burger-505-e-tulare-ave/tIau97V_TWekOywg9-xKrw,tulare-california,"['Burgers', 'American', 'Sandwich', 'Salads']",4.4,14,$,36.2084439,-119.3416834,+15594675070,93274,505 E,Tulare,CA,"[{'@type': 'OpeningHoursSpecification', 'dayOfWeek': ['Monday', 'Tuesday', 'Wednesday', 'Thursday', 'Friday', 'Saturday', 'Sunday'], 'opens': '10:30', 'closes': '14:45'}]","{'@type': 'PostalAddress', 'addressLocality': 'Tulare', 'addressRegion': 'CA', 'postalCode': '93274', 'addressCountry': 'US', 'streetAddress': '505 E'}","{'@type': 'GeoCoordinates', 'latitude': 36.2084439, 'longitude': -119.3416834}","{'@type': 'AggregateRating', 'ratingValue': 4.4, 'reviewCount': '14'}"
Carl's Jr. (1527 Hillman St),https://www.ubereats.com/fresno/food-delivery/carls-jr-1527-hillman-st/zEzrejLOQ2GDAGvfb4Q4MA,tulare-california,"['Mexican', 'Breakfast and Brunch', 'Sandwich']",4.3,11,$,36.2274478,-119.3313223,+15596878127,93274,1527 Hillman St,Tulare,CA,"[{'@type': 'OpeningHoursSpecification', 'dayOfWeek': ['Sunday', 'Monday', 'Tuesday', 'Wednesday', 'Thursday'], 'opens': '6:0', 'closes': '11:0'}, {'@type': 'OpeningHoursSpecification', 'dayOfWeek': ['Sunday', 'Monday', 'Tuesday', 'Wednesday', 'Thursday'], 'opens': '0:0', 'closes': '1:30'}, {'@type': 'OpeningHoursSpecification', 'dayOfWeek': ['Sunday', 'Monday', 'Tuesday', 'Wednesday', 'Thursday'], 'opens': '11:0', 'closes': '23:59'}, {'@type': 'OpeningHoursSpecification', 'dayOfWeek': ['Sunday', 'Monday', 'Tuesday', 'Wednesday', 'Thursday'], 'opens': '0:0', 'closes': '1:30'}, {'@type': 'OpeningHoursSpecification', 'dayOfWeek': ['Sunday', 'Monday', 'Tuesday', 'Wednesday', 'Thursday'], 'opens': '6:0', 'closes': '23:59'}, {'@type': 'OpeningHoursSpecification', 'dayOfWeek': ['Friday', 'Saturday'], 'opens': '6:0', 'closes': '11:0'}, {'@type': 'OpeningHoursSpecification', 'dayOfWeek': ['Friday', 'Saturday'], 'opens': '6:0', 'closes': '23:59'}, {'@type': 'OpeningHoursSpecification', 'dayOfWeek': ['Friday', 'Saturday'], 'opens': '0:0', 'closes': '6:0'}, {'@type': 'OpeningHoursSpecification', 'dayOfWeek': ['Friday', 'Saturday'], 'opens': '0:0', 'closes': '1:30'}, {'@type': 'OpeningHoursSpecification', 'dayOfWeek': ['Friday', 'Saturday'], 'opens': '6:0', 'closes': '23:59'}]","{'@type': 'PostalAddress', 'addressLocality': 'Tulare', 'addressRegion': 'CA', 'postalCode': '93274', 'addressCountry': 'US', 'streetAddress': '1527 Hillman St'}","{'@type': 'GeoCoordinates', 'latitude': 36.2274478, 'longitude': -119.3313223}","{'@type': 'AggregateRating', 'ratingValue': 4.3, 'reviewCount': '11'}"
Cold Stone Creamery (4128 S Mooney Blvd),https://www.ubereats.com/fresno/food-delivery/cold-stone-creamery-4128-s-mooney-blvd/zz5feg_JQaaZ-uCyW22oQg,tulare-california,"['Ice Cream & Frozen Yogurt', 'Desserts']",4.3,71,$$,36.2927397,-119.3122612,+15597130710,93277,4128 S Mooney Blvd,Visalia,CA,"[{'@type': 'OpeningHoursSpecification', 'dayOfWeek': ['Sunday', 'Monday', 'Tuesday', 'Wednesday', 'Thursday'], 'opens': '11:0', 'closes': '21:40'}, {'@type': 'OpeningHoursSpecification', 'dayOfWeek': ['Friday', 'Saturday'], 'opens': '11:0', 'closes': '22:40'}]","{'@type': 'PostalAddress', 'addressLocality': 'Visalia', 'addressRegion': 'CA', 'postalCode': '93277', 'addressCountry': 'US', 'streetAddress': '4128 S Mooney Blvd'}","{'@type': 'GeoCoordinates', 'latitude': 36.2927397, 'longitude': -119.3122612}","{'@type': 'AggregateRating', 'ratingValue': 4.3, 'reviewCount': '71'}"
Five Guys CA-0621 4129 South Mooney Blvd,https://www.ubereats.com/fresno/food-delivery/five-guys-ca-0621-4129-south-mooney-blvd/DQG7soU2Syybg1K-Yi7Y7w,tulare-california,"['American', 'Burgers']",4.5,45,$,36.292804,-119.3145528,+15597359600,93277,4129 S. Mooney Blvd.,Visalia,CA,"[{'@type': 'OpeningHoursSpecification', 'dayOfWeek': ['Sunday', 'Monday', 'Tuesday', 'Wednesday', 'Thursday'], 'opens': '11:0', 'closes': '20:0'}, {'@type': 'OpeningHoursSpecification', 'dayOfWeek': ['Friday', 'Saturday'], 'opens': '11:0', 'closes': '22:0'}]","{'@type': 'PostalAddress', 'addressLocality': 'Visalia', 'addressRegion': 'CA', 'postalCode': '93277', 'addressCountry': 'US', 'streetAddress': '4129 S. Mooney Blvd.'}","{'@type': 'GeoCoordinates', 'latitude': 36.292804, 'longitude': -119.3145528}","{'@type': 'AggregateRating', 'ratingValue': 4.5, 'reviewCount': '45'}"
"TOGOs (1543 Retherford St., C70)",https://www.ubereats.com/fresno/food-delivery/togos-1543-retherford-st-c70/FxZ3voPJRauw-IDP--lrrA,tulare-california,"['Sandwich', 'American']",,,$,36.227307,-119.335136,+15596855400,93274,"1543 Retherford St., C70",Tulare,CA,"[{'@type': 'OpeningHoursSpecification', 'dayOfWeek': 'Sunday', 'opens': '10:0', 'closes': '20:10'}, {'@type': 'OpeningHoursSpecification', 'dayOfWeek': ['Monday', 'Tuesday', 'Wednesday', 'Thursday', 'Friday', 'Saturday'], 'opens': '10:0', 'closes': '20:40'}]","{'@type': 'PostalAddress', 'addressLocality': 'Tulare', 'addressRegion': 'CA', 'postalCode': '93274', 'addressCountry': 'US', 'streetAddress': '1543 Retherford St., C70'}","{'@type': 'GeoCoordinates', 'latitude': 36.227307, 'longitude': -119.335136}",{}
Mariscos El Picudo,https://www.ubereats.com/fresno/food-delivery/mariscos-el-picudo/hWsCPqLjQ9yRu-TXorj8DA,tulare-california,"['Mexican', 'Latin American', 'New Mexican']",,,$,36.21080990000001,-119.3271257,+15598855854,93274,1349 E,Tulare,CA,"[{'@type': 'OpeningHoursSpecification', 'dayOfWeek': 'Sunday', 'opens': '11:0', 'closes': '20:0'}, {'@type': 'OpeningHoursSpecification', 'dayOfWeek': 'Sunday', 'opens': '10:0', 'closes': '20:0'}, {'@type': 'OpeningHoursSpecification', 'dayOfWeek': 'Sunday', 'opens': '10:0', 'closes': '20:0'}, {'@type': 'OpeningHoursSpecification', 'dayOfWeek': ['Monday', 'Tuesday', 'Wednesday', 'Thursday'], 'opens': '11:0', 'closes': '20:0'}, {'@type': 'OpeningHoursSpecification', 'dayOfWeek': 'Friday', 'opens': '11:0', 'closes': '20:0'}, {'@type': 'OpeningHoursSpecification', 'dayOfWeek': 'Friday', 'opens': '11:0', 'closes': '22:0'}, {'@type': 'OpeningHoursSpecification', 'dayOfWeek': 'Saturday', 'opens': '11:0', 'closes': '20:0'}, {'@type': 'OpeningHoursSpecification', 'dayOfWeek': 'Saturday', 'opens': '10:0', 'closes': '22:0'}, {'@type': 'OpeningHoursSpecification', 'dayOfWeek': 'Saturday', 'opens': '10:0', 'closes': '22:0'}]","{'@type': 'PostalAddress', 'addressLocality': 'Tulare', 'addressRegion': 'CA', 'postalCode': '93274', 'addressCountry': 'US', 'streetAddress': '1349 E'}","{'@type': 'GeoCoordinates', 'latitude': 36.21080990000001, 'longitude': -119.3271257}",{}
Cinnabon baked at Flying J (979 East Paige Ave),https://www.ubereats.com/fresno/food-delivery/cinnabon-baked-at-flying-j-979-east-paige-ave/FVlRQyNkQuGZNdzRKvJ-Ig,tulare-california,"['Bakery', 'Desserts']",,,$,36.180234,-119.333424,+15596860772,93274,979 East Paige Ave,Tulare,CA,"[{'@type': 'OpeningHoursSpecification', 'dayOfWeek': ['Monday', 'Tuesday', 'Wednesday', 'Thursday', 'Friday', 'Saturday', 'Sunday'], 'opens': '5:0', 'closes': '18:0'}]","{'@type': 'PostalAddress', 'addressLocality': 'Tulare', 'addressRegion': 'CA', 'postalCode': '93274', 'addressCountry': 'US', 'streetAddress': '979 East Paige Ave'}","{'@type': 'GeoCoordinates', 'latitude': 36.180234, 'longitude': -119.333424}",{}
"El Pollo Loco (3704 S Mooney Blvd,6099)",https://www.ubereats.com/fresno/food-delivery/el-pollo-loco-3704-s-mooney-blvd6099/wv92td0ASq-1oKBdV1Xwow,tulare-california,"['Latin American', 'Mexican', 'New American', 'Family Meals']",4.1,36,$,36.2969904,-119.3131007,+15597344355,93277,3704 S Mooney Blvd,Visalia,CA,"[{'@type': 'OpeningHoursSpecification', 'dayOfWeek': ['Monday', 'Tuesday', 'Wednesday', 'Thursday', 'Friday', 'Saturday', 'Sunday'], 'opens': '10:0', 'closes': '22:0'}]","{'@type': 'PostalAddress', 'addressLocality': 'Visalia', 'addressRegion': 'CA', 'postalCode': '93277', 'addressCountry': 'US', 'streetAddress': '3704 S Mooney Blvd'}","{'@type': 'GeoCoordinates', 'latitude': 36.2969904, 'longitude': -119.3131007}","{'@type': 'AggregateRating', 'ratingValue': 4.1, 'reviewCount': '36'}"
Chipotle Mexican Grill (1108 E Prosperity Ave),https://www.ubereats.com/fresno/food-delivery/chipotle-mexican-grill-1108-e-prosperity-ave/wcC3FgWgRwGNCJ68s29j5A,tulare-california,"['Healthy', 'Mexican']",4.3,61,$,36.2263478,-119.3289588,+15593583169,93274,1108 E Prosperity Ave,Tulare,CA,"[{'@type': 'OpeningHoursSpecification', 'dayOfWeek': ['Monday', 'Tuesday', 'Wednesday', 'Thursday', 'Friday', 'Saturday', 'Sunday'], 'opens': '10:30', 'closes': '21:40'}]","{'@type': 'PostalAddress', 'addressLocality': 'Tulare', 'addressRegion': 'CA', 'postalCode': '93274', 'addressCountry': 'US', 'streetAddress': '1108 E Prosperity Ave'}","{'@type': 'GeoCoordinates', 'latitude': 36.2263478, 'longitude': -119.3289588}","{'@type': 'AggregateRating', 'ratingValue': 4.3, 'reviewCount': '61'}"
"Rubio's (4021 South Mooney Blvd, Suite G-1A)",https://www.ubereats.com/fresno/food-delivery/rubios-4021-south-mooney-blvd-suite-g-1a/bFQ-GZ_VSQOhezk26Suu0w,tulare-california,"['Mexican', 'Salads', 'Kids Friendly', 'Family Meals']",4.4,36,$$,36.2942833,-119.3149612,+15593721960,,,,,"[{'@type': 'OpeningHoursSpecification', 'dayOfWeek': ['Monday', 'Tuesday', 'Wednesday', 'Thursday', 'Friday', 'Saturday'], 'opens': '11:0', 'closes': '16:0'}]",,"{'@type': 'GeoCoordinates', 'latitude': 36.2942833, 'longitude': -119.3149612}","{'@type': 'AggregateRating', 'ratingValue': 4.4, 'reviewCount': '36'}"
Tahoe Joe's #831,https://www.ubereats.com/fresno/food-delivery/tahoe-joes-%23831/mirFbsVPTlGzpBnYFpkBNA,tulare-california,"['Traditional American', 'Steak', 'Bar Food']",4.5,15,$$,36.297757,-119.335479,+15594296638,93277,4015 W Caldwell Ave,Visalia,California,"[{'@type': 'OpeningHoursSpecification', 'dayOfWeek': 'Sunday', 'opens': '11:0', 'closes': '21:0'}, {'@type': 'OpeningHoursSpecification', 'dayOfWeek': 'Sunday', 'opens': '11:0', 'closes': '15:0'}, {'@type': 'OpeningHoursSpecification', 'dayOfWeek': 'Monday', 'opens': '11:0', 'closes': '15:0'}, {'@type': 'OpeningHoursSpecification', 'dayOfWeek': ['Tuesday', 'Wednesday', 'Thursday', 'Friday', 'Saturday'], 'opens': '11:0', 'closes': '20:0'}, {'@type': 'OpeningHoursSpecification', 'dayOfWeek': ['Tuesday', 'Wednesday', 'Thursday', 'Friday', 'Saturday'], 'opens': '11:0', 'closes': '15:0'}]","{'@type': 'PostalAddress', 'addressLocality': 'Visalia', 'addressRegion': 'California', 'postalCode': '93277', 'addressCountry': 'US', 'streetAddress': '4015 W Caldwell Ave'}","{'@type': 'GeoCoordinates', 'latitude': 36.297757, 'longitude': -119.335479}","{'@type': 'AggregateRating', 'ratingValue': 4.5, 'reviewCount': '15'}"
Auntie Anne's (1403 Retherford St),https://www.ubereats.com/fresno/food-delivery/auntie-annes-1403-retherford-st/6ecdMegrR3Srl2KTFOoU6w,tulare-california,"['Bakery', 'Comfort Food', 'Desserts']",,,$,36.2267181,-119.3339822,+15596849408,93274,1403 Retherford St,Tulare,CA,"[{'@type': 'OpeningHoursSpecification', 'dayOfWeek': 'Sunday', 'opens': '12:15', 'closes': '17:45'}, {'@type': 'OpeningHoursSpecification', 'dayOfWeek': ['Monday', 'Tuesday', 'Wednesday', 'Thursday', 'Friday', 'Saturday'], 'opens': '11:15', 'closes': '18:45'}]","{'@type': 'PostalAddress', 'addressLocality': 'Tulare', 'addressRegion': 'CA', 'postalCode': '93274', 'addressCountry': 'US', 'streetAddress': '1403 Retherford St'}","{'@type': 'GeoCoordinates', 'latitude': 36.2267181, 'longitude': -119.3339822}",{}
The Pickled Deli,https://www.ubereats.com/fresno/food-delivery/the-pickled-deli/I9gm3OkCRN2j1nCaTwrnOQ,tulare-california,"['Burgers', 'American', 'Sandwiches']",4.6,12,$,36.2927554,-119.3124194,+15596273354,93277,4130 South Mooney Blvd,Visalia,CA,"[{'@type': 'OpeningHoursSpecification', 'dayOfWeek': 'Sunday', 'opens': '11:0', 'closes': '19:45'}, {'@type': 'OpeningHoursSpecification', 'dayOfWeek': 'Sunday', 'opens': '11:0', 'closes': '19:45'}, {'@type': 'OpeningHoursSpecification', 'dayOfWeek': 'Monday', 'opens': '10:0', 'closes': '19:45'}, {'@type': 'OpeningHoursSpecification', 'dayOfWeek': 'Monday', 'opens': '10:0', 'closes': '19:45'}, {'@type': 'OpeningHoursSpecification', 'dayOfWeek': 'Tuesday', 'opens': '10:0', 'closes': '19:45'}, {'@type': 'OpeningHoursSpecification', 'dayOfWeek': 'Tuesday', 'opens': '10:0', 'closes': '19:45'}, {'@type': 'OpeningHoursSpecification', 'dayOfWeek': 'Wednesday', 'opens': '10:0', 'closes': '19:45'}, {'@type': 'OpeningHoursSpecification', 'dayOfWeek': 'Thursday', 'opens': '10:0', 'closes': '19:45'}, {'@type': 'OpeningHoursSpecification', 'dayOfWeek': 'Thursday', 'opens': '10:0', 'closes': '19:45'}, {'@type': 'OpeningHoursSpecification', 'dayOfWeek': 'Friday', 'opens': '10:0', 'closes': '19:45'}, {'@type': 'OpeningHoursSpecification', 'dayOfWeek': 'Friday', 'opens': '10:0', 'closes': '19:45'}, {'@type': 'OpeningHoursSpecification', 'dayOfWeek': 'Saturday', 'opens': '10:0', 'closes': '19:45'}, {'@type': 'OpeningHoursSpecification', 'dayOfWeek': 'Saturday', 'opens': '10:0', 'closes': '19:45'}, {'@type': 'OpeningHoursSpecification', 'dayOfWeek': 'Saturday', 'opens': '10:0', 'closes': '19:45'}]","{'@type': 'PostalAddress', 'addressLocality': 'Visalia', 'addressRegion': 'CA', 'postalCode': '93277', 'addressCountry': 'US', 'streetAddress': '4130 South Mooney Blvd'}","{'@type': 'GeoCoordinates', 'latitude': 36.2927554, 'longitude': -119.3124194}","{'@type': 'AggregateRating', 'ratingValue': 4.6, 'reviewCount': '12'}"
Chipotle Mexican Grill (4219 S Mooney Blvd Ste B),https://www.ubereats.com/fresno/food-delivery/chipotle-mexican-grill-4219-s-mooney-blvd-ste-b/qys6P5LES6ex_sIKsreoWg,tulare-california,"['Healthy', 'Mexican']",4.3,117,$,36.2923596,-119.3141897,+15596368475,93277,4219 S Mooney Blvd Ste B,Visalia,CA,"[{'@type': 'OpeningHoursSpecification', 'dayOfWeek': ['Monday', 'Tuesday', 'Wednesday', 'Thursday', 'Friday', 'Saturday', 'Sunday'], 'opens': '10:30', 'closes': '21:40'}]","{'@type': 'PostalAddress', 'addressLocality': 'Visalia', 'addressRegion': 'CA', 'postalCode': '93277', 'addressCountry': 'US', 'streetAddress': '4219 S Mooney Blvd Ste B'}","{'@type': 'GeoCoordinates', 'latitude': 36.2923596, 'longitude': -119.3141897}","{'@type': 'AggregateRating', 'ratingValue': 4.3, 'reviewCount': '117'}"
PJ Fresh (979 East Paige Ave),https://www.ubereats.com/fresno/food-delivery/pj-fresh-979-east-paige-ave/KtW9I8OcSsmeqtL8gnXo8g,tulare-california,"['Burgers', 'American', 'Sandwiches']",,,$,36.180234,-119.333424,+15596860206,93274,979 East Paige Ave,Tulare,CA,"[{'@type': 'OpeningHoursSpecification', 'dayOfWeek': ['Monday', 'Tuesday', 'Wednesday', 'Thursday', 'Friday', 'Saturday', 'Sunday'], 'opens': '8:0', 'closes': '22:0'}]","{'@type': 'PostalAddress', 'addressLocality': 'Tulare', 'addressRegion': 'CA', 'postalCode': '93274', 'addressCountry': 'US', 'streetAddress': '979 East Paige Ave'}","{'@type': 'GeoCoordinates', 'latitude': 36.180234, 'longitude': -119.333424}",{}
Old Firehouse Pizzeria,https://www.ubereats.com/fresno/food-delivery/old-firehouse-pizzeria/EUyGSIQhTY2qja9VNBeH6w,tulare-california,"['Italian', 'Pizza', 'Family Meals']",,,$,36.225278,-119.367283,+15596841095,93274,1279 N West St,Tulare,California,"[{'@type': 'OpeningHoursSpecification', 'dayOfWeek': ['Monday', 'Tuesday', 'Wednesday', 'Thursday', 'Friday', 'Saturday', 'Sunday'], 'opens': '7:0', 'closes': '21:0'}, {'@type': 'OpeningHoursSpecification', 'dayOfWeek': ['Monday', 'Tuesday', 'Wednesday', 'Thursday', 'Friday', 'Saturday', 'Sunday'], 'opens': '9:0', 'closes': '21:0'}]","{'@type': 'PostalAddress', 'addressLocality': 'Tulare', 'addressRegion': 'California', 'postalCode': '93274', 'addressCountry': 'US', 'streetAddress': '1279 N West St'}","{'@type': 'GeoCoordinates', 'latitude': 36.225278, 'longitude': -119.367283}",{}
Pitty's BBQ,https://www.ubereats.com/fresno/food-delivery/pittys-bbq/ttua3hbLTy2a9zvF1M1Kmw,tulare-california,"['BBQ', 'American', 'New American']",,,$,36.2103552,-119.3448204,+15593341441,93274,240 N L St,Tulare,California,"[{'@type': 'OpeningHoursSpecification', 'dayOfWeek': ['Tuesday', 'Wednesday', 'Thursday', 'Friday', 'Saturday'], 'opens': '11:0', 'closes': '15:0'}]","{'@type': 'PostalAddress', 'addressLocality': 'Tulare', 'addressRegion': 'California', 'postalCode': '93274', 'addressCountry': 'US', 'streetAddress': '240 N L St'}","{'@type': 'GeoCoordinates', 'latitude': 36.2103552, 'longitude': -119.3448204}",{}
Outback Steakhouse (4004 South Mooney Blvd.),https://www.ubereats.com/fresno/food-delivery/outback-steakhouse-4004-south-mooney-blvd/P3obCVnGToW12v0Bmkcv6w,tulare-california,['American'],4.5,33,$$,36.294224,-119.313087,+15593343842,93277,4004 South Mooney Blvd.,Visalia,CA,"[{'@type': 'OpeningHoursSpecification', 'dayOfWeek': ['Sunday', 'Monday', 'Tuesday', 'Wednesday', 'Thursday'], 'opens': '16:0', 'closes': '20:30'}, {'@type': 'OpeningHoursSpecification', 'dayOfWeek': ['Friday', 'Saturday'], 'opens': '16:0', 'closes': '21:30'}]","{'@type': 'PostalAddress', 'addressLocality': 'Visalia', 'addressRegion': 'CA', 'postalCode': '93277', 'addressCountry': 'US', 'streetAddress': '4004 South Mooney Blvd.'}","{'@type': 'GeoCoordinates', 'latitude': 36.294224, 'longitude': -119.313087}","{'@type': 'AggregateRating', 'ratingValue': 4.5, 'reviewCount': '33'}"
Panda Express (4134 S. Mooney Blvd.),https://www.ubereats.com/fresno/food-delivery/panda-express-4134-s-mooney-blvd/uVSb-lMlSqGA-JIxCxM3Fg,tulare-california,"['Chinese', 'Family Meals']",4.2,100,$,36.2928149,-119.312125,+15597391003,93277,4134 S. Mooney Blvd.,Visalia,CA,"[{'@type': 'OpeningHoursSpecification', 'dayOfWeek': ['Monday', 'Tuesday', 'Wednesday', 'Thursday', 'Friday', 'Saturday', 'Sunday'], 'opens': '9:30', 'closes': '21:30'}]","{'@type': 'PostalAddress', 'addressLocality': 'Visalia', 'addressRegion': 'CA', 'postalCode': '93277', 'addressCountry': 'US', 'streetAddress': '4134 S. Mooney Blvd.'}","{'@type': 'GeoCoordinates', 'latitude': 36.2928149, 'longitude': -119.312125}","{'@type': 'AggregateRating', 'ratingValue': 4.2, 'reviewCount': '100'}"
Applebee's (3400 S. Mooney Blvd.) #77094,https://www.ubereats.com/fresno/food-delivery/applebees-3400-s-mooney-blvd-%2377094/4iZSzFFsQZ-373Uf60RPWQ,tulare-california,"['American', 'Bar Food', 'BBQ', 'burger', 'Chicken Strips', 'Comfort Food', 'Dinner', 'pasta', 'salad', 'Sandwich', 'Soup', 'Steak', 'Traditional American', 'wings', 'Family Meals']",4.2,48,$$,36.3000128,-119.3131007,+15597342332,93277,3400 S. Mooney Blvd.,Visalia,CA,"[{'@type': 'OpeningHoursSpecification', 'dayOfWeek': ['Sunday', 'Monday', 'Tuesday', 'Wednesday', 'Thursday'], 'opens': '11:0', 'closes': '21:30'}, {'@type': 'OpeningHoursSpecification', 'dayOfWeek': ['Friday', 'Saturday'], 'opens': '11:0', 'closes': '22:30'}]","{'@type': 'PostalAddress', 'addressLocality': 'Visalia', 'addressRegion': 'CA', 'postalCode': '93277', 'addressCountry': 'US', 'streetAddress': '3400 S. Mooney Blvd.'}","{'@type': 'GeoCoordinates', 'latitude': 36.3000128, 'longitude': -119.3131007}","{'@type': 'AggregateRating', 'ratingValue': 4.2, 'reviewCount': '48'}"
The Frosted Muffin,https://www.ubereats.com/fresno/food-delivery/the-frosted-muffin/vXjA3LTYRoqeh5oCBO9ulQ,tulare-california,"['American', 'Breakfast and Brunch', 'Desserts']",5.0,16,$,36.3055573,-119.3148299,+15597344024,93277,2145 W Whitendale Ave,Visalia,CA,"[{'@type': 'OpeningHoursSpecification', 'dayOfWeek': ['Tuesday', 'Wednesday', 'Thursday', 'Friday'], 'opens': '10:15', 'closes': '16:0'}, {'@type': 'OpeningHoursSpecification', 'dayOfWeek': 'Saturday', 'opens': '10:30', 'closes': '14:0'}]","{'@type': 'PostalAddress', 'addressLocality': 'Visalia', 'addressRegion': 'CA', 'postalCode': '93277', 'addressCountry': 'US', 'streetAddress': '2145 W Whitendale Ave'}","{'@type': 'GeoCoordinates', 'latitude': 36.3055573, 'longitude': -119.3148299}","{'@type': 'AggregateRating', 'ratingValue': 5, 'reviewCount': '16'}"
KFC (5143 W. Walnut),https://www.ubereats.com/fresno/food-delivery/kfc-5143-w-walnut/CZJ_xTioRpGJL0BxhTtZAg,tulare-california,"['American', 'Fast Food', 'wings']",4.3,10,$,36.3124096,-119.3477822,+15853428593,93277,5143 W. Walnut,Visalia,CA,"[{'@type': 'OpeningHoursSpecification', 'dayOfWeek': ['Monday', 'Tuesday', 'Wednesday', 'Thursday', 'Friday', 'Saturday', 'Sunday'], 'opens': '11:0', 'closes': '20:0'}]","{'@type': 'PostalAddress', 'addressLocality': 'Visalia', 'addressRegion': 'CA', 'postalCode': '93277', 'addressCountry': 'US', 'streetAddress': '5143 W. Walnut'}","{'@type': 'GeoCoordinates', 'latitude': 36.3124096, 'longitude': -119.3477822}","{'@type': 'AggregateRating', 'ratingValue': 4.3, 'reviewCount': '10'}"
Panda Express (1196 E Prosperity),https://www.ubereats.com/fresno/food-delivery/panda-express-1196-e-prosperity/5hZ_bQG1RpupaN3glBTkLQ,tulare-california,"['Chinese', 'Family Meals']",4.2,148,$,36.2262676,-119.3281428,+15596872208,93274,1196 E Prosperity,Tulare,CA,"[{'@type': 'OpeningHoursSpecification', 'dayOfWeek': ['Monday', 'Tuesday', 'Wednesday', 'Thursday', 'Friday', 'Saturday', 'Sunday'], 'opens': '9:30', 'closes': '21:30'}]","{'@type': 'PostalAddress', 'addressLocality': 'Tulare', 'addressRegion': 'CA', 'postalCode': '93274', 'addressCountry': 'US', 'streetAddress': '1196 E Prosperity'}","{'@type': 'GeoCoordinates', 'latitude': 36.2262676, 'longitude': -119.3281428}","{'@type': 'AggregateRating', 'ratingValue': 4.2, 'reviewCount': '148'}"
Burger King (601 E. Bardsley Ave.),https://www.ubereats.com/fresno/food-delivery/burger-king-601-e-bardsley-ave/6QKUfqJZTuOkb3bSi_irUQ,tulare-california,"['American', 'burger', 'Fast Food']",,,$,36.1961571,-119.3394857,+15596851958,93274,601 E. Bardsley Ave.,Tulare,CA,"[{'@type': 'OpeningHoursSpecification', 'dayOfWeek': ['Sunday', 'Monday', 'Tuesday', 'Wednesday', 'Thursday'], 'opens': '6:30', 'closes': '10:29'}, {'@type': 'OpeningHoursSpecification', 'dayOfWeek': ['Sunday', 'Monday', 'Tuesday', 'Wednesday', 'Thursday'], 'opens': '10:30', 'closes': '22:30'}, {'@type': 'OpeningHoursSpecification', 'dayOfWeek': ['Friday', 'Saturday'], 'opens': '6:30', 'closes': '10:29'}, {'@type': 'OpeningHoursSpecification', 'dayOfWeek': ['Friday', 'Saturday'], 'opens': '10:30', 'closes': '23:30'}]","{'@type': 'PostalAddress', 'addressLocality': 'Tulare', 'addressRegion': 'CA', 'postalCode': '93274', 'addressCountry': 'US', 'streetAddress': '601 E. Bardsley Ave.'}","{'@type': 'GeoCoordinates', 'latitude': 36.1961571, 'longitude': -119.3394857}",{}
ALOHA EXPRESS,https://www.ubereats.com/fresno/food-delivery/aloha-express/WCtBewheREaMSg4XWZ1iMQ,tulare-california,"['Asian Fusion', 'Asian', 'Korean', 'Family Meals']",4.9,81,$,36.2929912,-119.314119,+15596241188,93277,4119 S Mooney Blvd,Visalia,CA,"[{'@type': 'OpeningHoursSpecification', 'dayOfWeek': ['Monday', 'Tuesday', 'Wednesday', 'Thursday', 'Friday', 'Saturday', 'Sunday'], 'opens': '11:0', 'closes': '21:0'}]","{'@type': 'PostalAddress', 'addressLocality': 'Visalia', 'addressRegion': 'CA', 'postalCode': '93277', 'addressCountry': 'US', 'streetAddress': '4119 S Mooney Blvd'}","{'@type': 'GeoCoordinates', 'latitude': 36.2929912, 'longitude': -119.314119}","{'@type': 'AggregateRating', 'ratingValue': 4.9, 'reviewCount': '81'}"
"Jamba Juice (2038 S. Mooney Blvd., M-1)",https://www.ubereats.com/fresno/food-delivery/jamba-juice-2038-s-mooney-blvd-m-1/X2A4ua4QQcGTiwfX1KAz_Q,tulare-california,"['Juice Bars', 'Juice and Smoothies', 'Healthy']",4.4,30,$,36.312157,-119.313505,+15597130704,93277,"2038 S. Mooney Blvd., M-1",Visalia,CA,"[{'@type': 'OpeningHoursSpecification', 'dayOfWeek': 'Sunday', 'opens': '8:0', 'closes': '22:0'}, {'@type': 'OpeningHoursSpecification', 'dayOfWeek': ['Monday', 'Tuesday', 'Wednesday', 'Thursday', 'Friday', 'Saturday'], 'opens': '7:0', 'closes': '22:0'}]","{'@type': 'PostalAddress', 'addressLocality': 'Visalia', 'addressRegion': 'CA', 'postalCode': '93277', 'addressCountry': 'US', 'streetAddress': '2038 S. Mooney Blvd., M-1'}","{'@type': 'GeoCoordinates', 'latitude': 36.312157, 'longitude': -119.313505}","{'@type': 'AggregateRating', 'ratingValue': 4.4, 'reviewCount': '30'}"
Best Burger Drive-In,https://www.ubereats.com/fresno/food-delivery/best-burger-drive-in/WN_kifi7TtGTsDt2t2PQnA,tulare-california,"['Fast Food', 'Burgers']",,,$,36.2721418,-119.312919,+15596851205,93277,6430 S Mooney Blvd,Visalia,California,"[{'@type': 'OpeningHoursSpecification', 'dayOfWeek': 'Sunday', 'opens': '10:0', 'closes': '20:0'}, {'@type': 'OpeningHoursSpecification', 'dayOfWeek': ['Monday', 'Tuesday', 'Wednesday', 'Thursday', 'Friday', 'Saturday'], 'opens': '9:0', 'closes': '21:0'}]","{'@type': 'PostalAddress', 'addressLocality': 'Visalia', 'addressRegion': 'California', 'postalCode': '93277', 'addressCountry': 'US', 'streetAddress': '6430 S Mooney Blvd'}","{'@type': 'GeoCoordinates', 'latitude': 36.2721418, 'longitude': -119.312919}",{}
"Arsenio's Mexican Food - Tulare, CA",https://www.ubereats.com/fresno/food-delivery/arsenios-mexican-food-tulare-ca/BqCaygbgQCiX-W2Bid5GUg,tulare-california,"['Mexican', 'Latin American', 'New Mexican', 'Comfort Food']",,,$,36.2358721,-119.3453728,+15596870436,93274,2959 N M St,Tulare,CA,"[{'@type': 'OpeningHoursSpecification', 'dayOfWeek': 'Sunday', 'opens': '6:0', 'closes': '21:0'}, {'@type': 'OpeningHoursSpecification', 'dayOfWeek': 'Sunday', 'opens': '6:30', 'closes': '20:30'}, {'@type': 'OpeningHoursSpecification', 'dayOfWeek': ['Monday', 'Tuesday', 'Wednesday', 'Thursday', 'Friday'], 'opens': '5:0', 'closes': '21:0'}, {'@type': 'OpeningHoursSpecification', 'dayOfWeek': ['Monday', 'Tuesday', 'Wednesday', 'Thursday', 'Friday'], 'opens': '6:0', 'closes': '20:30'}, {'@type': 'OpeningHoursSpecification', 'dayOfWeek': 'Saturday', 'opens': '5:0', 'closes': '21:0'}, {'@type': 'OpeningHoursSpecification', 'dayOfWeek': 'Saturday', 'opens': '6:0', 'closes': '21:0'}]","{'@type': 'PostalAddress', 'addressLocality': 'Tulare', 'addressRegion': 'CA', 'postalCode': '93274', 'addressCountry': 'US', 'streetAddress': '2959 N M St'}","{'@type': 'GeoCoordinates', 'latitude': 36.2358721, 'longitude': -119.3453728}",{}
Wendy's  (1110 East Tulare Avenue),https://www.ubereats.com/fresno/food-delivery/wendys-1110-east-tulare-avenue/FDN46z7wQRqO1ztxx6s0jw,tulare-california,"['American', 'Burgers', 'Fast Food']",,,$,36.21033369999999,-119.3304523,+15596884011,93274,1110 East,Tulare,CA,"[{'@type': 'OpeningHoursSpecification', 'dayOfWeek': ['Monday', 'Tuesday', 'Wednesday', 'Thursday', 'Friday', 'Saturday', 'Sunday'], 'opens': '10:30', 'closes': '22:30'}, {'@type': 'OpeningHoursSpecification', 'dayOfWeek': ['Monday', 'Tuesday', 'Wednesday', 'Thursday', 'Friday', 'Saturday', 'Sunday'], 'opens': '7:0', 'closes': '10:0'}]","{'@type': 'PostalAddress', 'addressLocality': 'Tulare', 'addressRegion': 'CA', 'postalCode': '93274', 'addressCountry': 'US', 'streetAddress': '1110 East'}","{'@type': 'GeoCoordinates', 'latitude': 36.21033369999999, 'longitude': -119.3304523}",{}
Compadres Bar ,https://www.ubereats.com/fresno/food-delivery/compadres-bar/DqFZadM7RHO-MbB3Pt9z5w,tulare-california,"['Mexican', 'New American']",,,$$,36.2295224,-119.331014,+15596868882,93274,1687 N Hillman St,Tulare,California,"[{'@type': 'OpeningHoursSpecification', 'dayOfWeek': ['Monday', 'Tuesday', 'Wednesday', 'Thursday', 'Friday', 'Saturday', 'Sunday'], 'opens': '10:0', 'closes': '21:0'}]","{'@type': 'PostalAddress', 'addressLocality': 'Tulare', 'addressRegion': 'California', 'postalCode': '93274', 'addressCountry': 'US', 'streetAddress': '1687 N Hillman St'}","{'@type': 'GeoCoordinates', 'latitude': 36.2295224, 'longitude': -119.331014}",{}
Long John Silver's (3222 S Mooney Blvd),https://www.ubereats.com/fresno/food-delivery/long-john-silvers-3222-s-mooney-blvd/G8u2NfIZRuu_Ta1BoSTuaA,tulare-california,"['Seafood', 'Desserts', 'Fish and Chips', 'Family Meals']",4.1,17,$$,36.3019815,-119.3132765,+15597331557,93277,3222 S Mooney Blvd,Visalia,CA,"[{'@type': 'OpeningHoursSpecification', 'dayOfWeek': 'Sunday', 'opens': '10:30', 'closes': '21:45'}, {'@type': 'OpeningHoursSpecification', 'dayOfWeek': ['Monday', 'Tuesday', 'Wednesday', 'Thursday'], 'opens': '10:30', 'closes': '21:0'}, {'@type': 'OpeningHoursSpecification', 'dayOfWeek': ['Friday', 'Saturday'], 'opens': '10:30', 'closes': '22:45'}]","{'@type': 'PostalAddress', 'addressLocality': 'Visalia', 'addressRegion': 'CA', 'postalCode': '93277', 'addressCountry': 'US', 'streetAddress': '3222 S Mooney Blvd'}","{'@type': 'GeoCoordinates', 'latitude': 36.3019815, 'longitude': -119.3132765}","{'@type': 'AggregateRating', 'ratingValue': 4.1, 'reviewCount': '17'}"
Denny's (200 S Akers St),https://www.ubereats.com/fresno/food-delivery/dennys-200-s-akers-st/8ZWT_SouRre7oqI7NdTheQ,tulare-california,"['American', 'Breakfast and Brunch', 'Coffee and Tea', 'Dinner', 'Desserts', 'Salads', 'Steak', 'Sandwich', 'Family Meals']",4.5,38,$$,36.3282739,-119.349308,+15596363160,93291,200 S Akers St,Visalia,CA,"[{'@type': 'OpeningHoursSpecification', 'dayOfWeek': ['Monday', 'Tuesday', 'Wednesday', 'Thursday', 'Friday', 'Saturday', 'Sunday'], 'opens': '0:0', 'closes': '23:59'}]","{'@type': 'PostalAddress', 'addressLocality': 'Visalia', 'addressRegion': 'CA', 'postalCode': '93291', 'addressCountry': 'US', 'streetAddress': '200 S Akers St'}","{'@type': 'GeoCoordinates', 'latitude': 36.3282739, 'longitude': -119.349308}","{'@type': 'AggregateRating', 'ratingValue': 4.5, 'reviewCount': '38'}"
Chubby's,https://www.ubereats.com/fresno/food-delivery/chubbys/ZT_PJafJTjiI2UZ2Mtgi9g,tulare-california,"['Burgers', 'American', 'Sandwiches', 'Breakfast and Brunch']",,,$,36.2954764,-119.3132226,+15596352828,93277,3900 S Mooney Blvd,Visalia,CA,"[{'@type': 'OpeningHoursSpecification', 'dayOfWeek': 'Sunday', 'opens': '7:0', 'closes': '3:0'}, {'@type': 'OpeningHoursSpecification', 'dayOfWeek': 'Sunday', 'opens': '7:0', 'closes': '21:0'}, {'@type': 'OpeningHoursSpecification', 'dayOfWeek': 'Sunday', 'opens': '7:0', 'closes': '21:0'}, {'@type': 'OpeningHoursSpecification', 'dayOfWeek': 'Sunday', 'opens': '7:0', 'closes': '11:0'}, {'@type': 'OpeningHoursSpecification', 'dayOfWeek': 'Sunday', 'opens': '11:0', 'closes': '15:0'}, {'@type': 'OpeningHoursSpecification', 'dayOfWeek': 'Sunday', 'opens': '7:0', 'closes': '21:0'}, {'@type': 'OpeningHoursSpecification', 'dayOfWeek': 'Sunday', 'opens': '16:0', 'closes': '21:0'}, {'@type': 'OpeningHoursSpecification', 'dayOfWeek': 'Monday', 'opens': '7:0', 'closes': '21:0'}, {'@type': 'OpeningHoursSpecification', 'dayOfWeek': 'Monday', 'opens': '7:0', 'closes': '11:0'}, {'@type': 'OpeningHoursSpecification', 'dayOfWeek': 'Monday', 'opens': '11:0', 'closes': '15:0'}, {'@type': 'OpeningHoursSpecification', 'dayOfWeek': 'Monday', 'opens': '7:0', 'closes': '21:0'}, {'@type': 'OpeningHoursSpecification', 'dayOfWeek': 'Monday', 'opens': '16:0', 'closes': '21:0'}, {'@type': 'OpeningHoursSpecification', 'dayOfWeek': ['Tuesday', 'Wednesday', 'Thursday', 'Friday'], 'opens': '7:0', 'closes': '3:0'}, {'@type': 'OpeningHoursSpecification', 'dayOfWeek': ['Tuesday', 'Wednesday', 'Thursday', 'Friday'], 'opens': '7:0', 'closes': '21:0'}, {'@type': 'OpeningHoursSpecification', 'dayOfWeek': ['Tuesday', 'Wednesday', 'Thursday', 'Friday'], 'opens': '7:0', 'closes': '11:0'}, {'@type': 'OpeningHoursSpecification', 'dayOfWeek': ['Tuesday', 'Wednesday', 'Thursday', 'Friday'], 'opens': '11:0', 'closes': '15:0'}, {'@type': 'OpeningHoursSpecification', 'dayOfWeek': ['Tuesday', 'Wednesday', 'Thursday', 'Friday'], 'opens': '7:0', 'closes': '21:0'}, {'@type': 'OpeningHoursSpecification', 'dayOfWeek': ['Tuesday', 'Wednesday', 'Thursday', 'Friday'], 'opens': '16:0', 'closes': '21:0'}, {'@type': 'OpeningHoursSpecification', 'dayOfWeek': 'Saturday', 'opens': '7:0', 'closes': '3:0'}, {'@type': 'OpeningHoursSpecification', 'dayOfWeek': 'Saturday', 'opens': '7:0', 'closes': '21:0'}, {'@type': 'OpeningHoursSpecification', 'dayOfWeek': 'Saturday', 'opens': '7:0', 'closes': '21:0'}, {'@type': 'OpeningHoursSpecification', 'dayOfWeek': 'Saturday', 'opens': '7:0', 'closes': '11:0'}, {'@type': 'OpeningHoursSpecification', 'dayOfWeek': 'Saturday', 'opens': '11:0', 'closes': '15:0'}, {'@type': 'OpeningHoursSpecification', 'dayOfWeek': 'Saturday', 'opens': '7:0', 'closes': '21:0'}, {'@type': 'OpeningHoursSpecification', 'dayOfWeek': 'Saturday', 'opens': '16:0', 'closes': '21:0'}]","{'@type': 'PostalAddress', 'addressLocality': 'Visalia', 'addressRegion': 'CA', 'postalCode': '93277', 'addressCountry': 'US', 'streetAddress': '3900 S Mooney Blvd'}","{'@type': 'GeoCoordinates', 'latitude': 36.2954764, 'longitude': -119.3132226}",{}
Denny's (2332 South Mooney),https://www.ubereats.com/fresno/food-delivery/dennys-2332-south-mooney/4g7k5HNbQ0SlFwyeNtpgHQ,tulare-california,"['American', 'Breakfast and Brunch', 'Coffee and Tea', 'Dinner', 'Desserts', 'Salads', 'Steak', 'Sandwich', 'Family Meals']",4.0,60,$$,36.3095368,-119.313446,+15597344836,93277,2332 South Mooney,Visalia,CA,"[{'@type': 'OpeningHoursSpecification', 'dayOfWeek': ['Monday', 'Tuesday', 'Wednesday', 'Thursday', 'Friday', 'Saturday', 'Sunday'], 'opens': '0:0', 'closes': '23:59'}]","{'@type': 'PostalAddress', 'addressLocality': 'Visalia', 'addressRegion': 'CA', 'postalCode': '93277', 'addressCountry': 'US', 'streetAddress': '2332 South Mooney'}","{'@type': 'GeoCoordinates', 'latitude': 36.3095368, 'longitude': -119.313446}","{'@type': 'AggregateRating', 'ratingValue': 4, 'reviewCount': '60'}"
Popeyes (1346 N Cherry Ct),https://www.ubereats.com/fresno/food-delivery/popeyes-1346-n-cherry-ct/PEJgJ4EFQQSN_KXEDWozlw,tulare-california,"['American', 'Fast Food', 'Southern', 'Wings', 'Family Meals']",,,$,36.2261063,-119.3366544,+15596881010,93274,1346 N Cherry Ct,tulare,CA,"[{'@type': 'OpeningHoursSpecification', 'dayOfWeek': ['Monday', 'Tuesday', 'Wednesday', 'Thursday', 'Friday', 'Saturday', 'Sunday'], 'opens': '11:0', 'closes': '21:30'}]","{'@type': 'PostalAddress', 'addressLocality': 'tulare', 'addressRegion': 'CA', 'postalCode': '93274', 'addressCountry': 'US', 'streetAddress': '1346 N Cherry Ct'}","{'@type': 'GeoCoordinates', 'latitude': 36.2261063, 'longitude': -119.3366544}",{}
The Habit Burger Grill (604 South Mooney Bl),https://www.ubereats.com/fresno/food-delivery/the-habit-burger-grill-604-south-mooney-bl/eFsgACy-Q6ykjCXibgdg_Q,tulare-california,"['American', 'Burgers', 'Comfort Food', 'Family Meals']",4.3,91,$,36.3250033,-119.3135727,+15596255700,,,,,"[{'@type': 'OpeningHoursSpecification', 'dayOfWeek': ['Monday', 'Tuesday', 'Wednesday', 'Thursday', 'Friday', 'Saturday', 'Sunday'], 'opens': '10:30', 'closes': '21:45'}]",,"{'@type': 'GeoCoordinates', 'latitude': 36.3250033, 'longitude': -119.3135727}","{'@type': 'AggregateRating', 'ratingValue': 4.3, 'reviewCount': '91'}"
The Habit Burger Grill (969 East Prosperity Avenue),https://www.ubereats.com/fresno/food-delivery/the-habit-burger-grill-969-east-prosperity-avenue/ASbWp8JuQj6V96Q_9nS1yQ,tulare-california,"['American', 'Burgers', 'Comfort Food', 'Family Meals']",3.9,29,$,36.2242968,-119.3332228,+15598371210,,,,,"[{'@type': 'OpeningHoursSpecification', 'dayOfWeek': ['Monday', 'Tuesday', 'Wednesday', 'Thursday', 'Friday', 'Saturday', 'Sunday'], 'opens': '10:30', 'closes': '20:45'}]",,"{'@type': 'GeoCoordinates', 'latitude': 36.2242968, 'longitude': -119.3332228}","{'@type': 'AggregateRating', 'ratingValue': 3.9, 'reviewCount': '29'}"
Mountain Mike's Pizza (5103 W Walnut Ave),https://www.ubereats.com/fresno/food-delivery/mountain-mikes-pizza-5103-w-walnut-ave/dqcBIIrNTdiK78aGNQENRg,tulare-california,"['American', 'Salads', 'Pizza']",4.7,17,$,36.3118597,-119.3481779,+15597335600,93277,5103 W Walnut Ave,Visalia,CA,"[{'@type': 'OpeningHoursSpecification', 'dayOfWeek': ['Monday', 'Tuesday', 'Wednesday', 'Thursday', 'Friday', 'Saturday', 'Sunday'], 'opens': '8:0', 'closes': '21:30'}]","{'@type': 'PostalAddress', 'addressLocality': 'Visalia', 'addressRegion': 'CA', 'postalCode': '93277', 'addressCountry': 'US', 'streetAddress': '5103 W Walnut Ave'}","{'@type': 'GeoCoordinates', 'latitude': 36.3118597, 'longitude': -119.3481779}","{'@type': 'AggregateRating', 'ratingValue': 4.7, 'reviewCount': '17'}"
Pieology Pizzeria (3733 S Mooney Blvd),https://www.ubereats.com/fresno/food-delivery/pieology-pizzeria-3733-s-mooney-blvd/UZg5JS_QQTysA2ieJNd8YQ,tulare-california,"['Pizza', 'Gluten Free', 'Salads', 'Desserts']",,,$,36.2961573,-119.3144967,+15596241342,93291,3733 S Mooney Blvd,Visalia,CA,"[{'@type': 'OpeningHoursSpecification', 'dayOfWeek': ['Monday', 'Tuesday', 'Wednesday', 'Thursday', 'Friday', 'Saturday', 'Sunday'], 'opens': '10:0', 'closes': '23:0'}]","{'@type': 'PostalAddress', 'addressLocality': 'Visalia', 'addressRegion': 'CA', 'postalCode': '93291', 'addressCountry': 'US', 'streetAddress': '3733 S Mooney Blvd'}","{'@type': 'GeoCoordinates', 'latitude': 36.2961573, 'longitude': -119.3144967}",{}
Taco Bell (3727 South Mooney Blvd),https://www.ubereats.com/fresno/food-delivery/taco-bell-3727-south-mooney-blvd/Ux2v7qIwT0u7aLUi_YO6FA,tulare-california,"['Burritos', 'Fast Food', 'Mexican']",,,$,36.2966714,-119.3141323,+15597330813,93277,3727 South Mooney Blvd,Visalia,CA,"[{'@type': 'OpeningHoursSpecification', 'dayOfWeek': ['Sunday', 'Monday', 'Tuesday', 'Wednesday', 'Thursday'], 'opens': '14:0', 'closes': '17:0'}, {'@type': 'OpeningHoursSpecification', 'dayOfWeek': ['Sunday', 'Monday', 'Tuesday', 'Wednesday', 'Thursday'], 'opens': '7:0', 'closes': '0:30'}, {'@type': 'OpeningHoursSpecification', 'dayOfWeek': ['Sunday', 'Monday', 'Tuesday', 'Wednesday', 'Thursday'], 'opens': '7:0', 'closes': '10:30'}, {'@type': 'OpeningHoursSpecification', 'dayOfWeek': ['Friday', 'Saturday'], 'opens': '14:0', 'closes': '17:0'}, {'@type': 'OpeningHoursSpecification', 'dayOfWeek': ['Friday', 'Saturday'], 'opens': '7:0', 'closes': '10:30'}, {'@type': 'OpeningHoursSpecification', 'dayOfWeek': ['Friday', 'Saturday'], 'opens': '7:0', 'closes': '1:30'}]","{'@type': 'PostalAddress', 'addressLocality': 'Visalia', 'addressRegion': 'CA', 'postalCode': '93277', 'addressCountry': 'US', 'streetAddress': '3727 South Mooney Blvd'}","{'@type': 'GeoCoordinates', 'latitude': 36.2966714, 'longitude': -119.3141323}",{}
Farmer Boys (1197 E Prosperity Ave),https://www.ubereats.com/fresno/food-delivery/farmer-boys-1197-e-prosperity-ave/cgziAKalSLSzemUX7vKhZw,tulare-california,"['American', 'Breakfast and Brunch', 'burger', 'salad', 'Sandwich']",4.7,21,$$,36.225247,-119.328051,+15596879900,93274,1197 E Prosperity Ave,Tulare,CA,"[{'@type': 'OpeningHoursSpecification', 'dayOfWeek': 'Sunday', 'opens': '8:0', 'closes': '21:0'}, {'@type': 'OpeningHoursSpecification', 'dayOfWeek': 'Sunday', 'opens': '7:0', 'closes': '22:0'}, {'@type': 'OpeningHoursSpecification', 'dayOfWeek': ['Monday', 'Tuesday', 'Wednesday', 'Thursday', 'Friday', 'Saturday'], 'opens': '8:0', 'closes': '21:0'}]","{'@type': 'PostalAddress', 'addressLocality': 'Tulare', 'addressRegion': 'CA', 'postalCode': '93274', 'addressCountry': 'US', 'streetAddress': '1197 E Prosperity Ave'}","{'@type': 'GeoCoordinates', 'latitude': 36.225247, 'longitude': -119.328051}","{'@type': 'AggregateRating', 'ratingValue': 4.7, 'reviewCount': '21'}"
Jack in the Box (131 N Ferne St),https://www.ubereats.com/fresno/food-delivery/jack-in-the-box-131-n-ferne-st/InWjPGwuTZWxoE7_otKPmg,tulare-california,"['American', 'burger', 'Fast Food']",,,$,36.3378214,-119.388372,+15593720201,93291,131 N Ferne St,Visalia,CA,"[{'@type': 'OpeningHoursSpecification', 'dayOfWeek': ['Monday', 'Tuesday', 'Wednesday', 'Thursday', 'Friday', 'Saturday', 'Sunday'], 'opens': '0:0', 'closes': '23:59'}]","{'@type': 'PostalAddress', 'addressLocality': 'Visalia', 'addressRegion': 'CA', 'postalCode': '93291', 'addressCountry': 'US', 'streetAddress': '131 N Ferne St'}","{'@type': 'GeoCoordinates', 'latitude': 36.3378214, 'longitude': -119.388372}",{}
Deli Delicious (487 N J St),https://www.ubereats.com/fresno/food-delivery/deli-delicious-487-n-j-st/meaTLcb6SlmtKbCEjk4BrQ,tulare-california,"['Sandwiches', 'American', 'Healthy', 'Family Meals', 'Snacks', 'Deli']",,,$,36.2124178,-119.3489891,+15594675028,93274,487 N J St,Tulare,CA,"[{'@type': 'OpeningHoursSpecification', 'dayOfWeek': ['Monday', 'Tuesday', 'Wednesday', 'Thursday', 'Friday', 'Saturday', 'Sunday'], 'opens': '10:0', 'closes': '18:30'}]","{'@type': 'PostalAddress', 'addressLocality': 'Tulare', 'addressRegion': 'CA', 'postalCode': '93274', 'addressCountry': 'US', 'streetAddress': '487 N J St'}","{'@type': 'GeoCoordinates', 'latitude': 36.2124178, 'longitude': -119.3489891}",{}
McDonald's® (768 E PROSPERITY AVE),https://www.ubereats.com/fresno/food-delivery/mcdonalds-768-e-prosperity-ave/m7zRUSiiTiqdyCRKIFJhwA,tulare-california,"['American', 'Burgers', 'Fast Food']",4.3,37,$,36.22631,-119.337303,+15596841308,93274,768 E PROSPERITY AVE,TULARE,CA,"[{'@type': 'OpeningHoursSpecification', 'dayOfWeek': ['Monday', 'Tuesday', 'Wednesday', 'Thursday', 'Friday', 'Saturday', 'Sunday'], 'opens': '5:0', 'closes': '10:29'}, {'@type': 'OpeningHoursSpecification', 'dayOfWeek': ['Monday', 'Tuesday', 'Wednesday', 'Thursday', 'Friday', 'Saturday', 'Sunday'], 'opens': '10:30', 'closes': '16:59'}, {'@type': 'OpeningHoursSpecification', 'dayOfWeek': ['Monday', 'Tuesday', 'Wednesday', 'Thursday', 'Friday', 'Saturday', 'Sunday'], 'opens': '17:0', 'closes': '22:15'}]","{'@type': 'PostalAddress', 'addressLocality': 'TULARE', 'addressRegion': 'CA', 'postalCode': '93274', 'addressCountry': 'US', 'streetAddress': '768 E PROSPERITY AVE'}","{'@type': 'GeoCoordinates', 'latitude': 36.22631, 'longitude': -119.337303}","{'@type': 'AggregateRating', 'ratingValue': 4.3, 'reviewCount': '37'}"
Wimpys Hamburgers,https://www.ubereats.com/fresno/food-delivery/wimpys-hamburgers/NtZL0Bb9QfW0-hMC0t-IcQ,tulare-california,"['Burgers', 'American', 'Sandwiches']",,,$,36.2107701,-119.3260558,+18182973201,,,,,"[{'@type': 'OpeningHoursSpecification', 'dayOfWeek': ['Monday', 'Tuesday', 'Wednesday', 'Thursday', 'Friday', 'Saturday', 'Sunday'], 'opens': '10:30', 'closes': '21:0'}]",,"{'@type': 'GeoCoordinates', 'latitude': 36.2107701, 'longitude': -119.3260558}",{}
IHOP (1004 Prosperity Ave),https://www.ubereats.com/fresno/food-delivery/ihop-1004-prosperity-ave/attHrLktRDe4u_c756CFdQ,tulare-california,"['Breakfast and Brunch', 'Traditional American', 'Burgers', 'Sandwich', 'Desserts', 'Family Meals']",4.0,13,$$,36.2250863,-119.3335886,+15596847440,93274,1004 Prosperity Ave.,Tulare,CA,"[{'@type': 'OpeningHoursSpecification', 'dayOfWeek': ['Monday', 'Tuesday', 'Wednesday', 'Thursday', 'Friday', 'Saturday', 'Sunday'], 'opens': '7:0', 'closes': '13:50'}]","{'@type': 'PostalAddress', 'addressLocality': 'Tulare', 'addressRegion': 'CA', 'postalCode': '93274', 'addressCountry': 'US', 'streetAddress': '1004 Prosperity Ave.'}","{'@type': 'GeoCoordinates', 'latitude': 36.2250863, 'longitude': -119.3335886}","{'@type': 'AggregateRating', 'ratingValue': 4, 'reviewCount': '13'}"
KFC (845 E. Prosperity),https://www.ubereats.com/fresno/food-delivery/kfc-845-e-prosperity/iTg4SaUNR3a_zrg7iY9nkQ,tulare-california,"['American', 'Fast Food', 'wings']",,,$,36.2255425,-119.3361077,+15852273818,93274,845 E. Prosperity,Tulare,CA,"[{'@type': 'OpeningHoursSpecification', 'dayOfWeek': ['Sunday', 'Monday', 'Tuesday', 'Wednesday', 'Thursday'], 'opens': '10:0', 'closes': '21:0'}, {'@type': 'OpeningHoursSpecification', 'dayOfWeek': ['Friday', 'Saturday'], 'opens': '10:0', 'closes': '21:30'}]","{'@type': 'PostalAddress', 'addressLocality': 'Tulare', 'addressRegion': 'CA', 'postalCode': '93274', 'addressCountry': 'US', 'streetAddress': '845 E. Prosperity'}","{'@type': 'GeoCoordinates', 'latitude': 36.2255425, 'longitude': -119.3361077}",{}
Arby's (4225 W NOBLE AVE),https://www.ubereats.com/fresno/food-delivery/arbys-4225-w-noble-ave/1pq-gT2sRfiyoPOYN5y-mw,tulare-california,"['American', 'Sandwich', 'Fast Food']",4.3,12,$$,36.3267305,-119.3382154,+15596276702,93277,4225 W NOBLE AVE,Visalia,CA,"[{'@type': 'OpeningHoursSpecification', 'dayOfWeek': 'Sunday', 'opens': '11:0', 'closes': '17:0'}, {'@type': 'OpeningHoursSpecification', 'dayOfWeek': ['Monday', 'Tuesday', 'Wednesday', 'Thursday', 'Friday'], 'opens': '10:0', 'closes': '22:0'}, {'@type': 'OpeningHoursSpecification', 'dayOfWeek': 'Saturday', 'opens': '11:0', 'closes': '17:0'}]","{'@type': 'PostalAddress', 'addressLocality': 'Visalia', 'addressRegion': 'CA', 'postalCode': '93277', 'addressCountry': 'US', 'streetAddress': '4225 W NOBLE AVE'}","{'@type': 'GeoCoordinates', 'latitude': 36.3267305, 'longitude': -119.3382154}","{'@type': 'AggregateRating', 'ratingValue': 4.3, 'reviewCount': '12'}"
Blaze Pizza (1403 Hillman St.),https://www.ubereats.com/fresno/food-delivery/blaze-pizza-1403-hillman-st/1iuY7_w1SsGUg5izftYvrA,tulare-california,"['Pizza', 'Family Meals', 'American']",4.6,23,$,36.22609449999999,-119.3313351,+15596862807,93274,1403 Hillman St.,Tulare,CA,"[{'@type': 'OpeningHoursSpecification', 'dayOfWeek': ['Sunday', 'Monday', 'Tuesday', 'Wednesday', 'Thursday'], 'opens': '11:0', 'closes': '19:30'}, {'@type': 'OpeningHoursSpecification', 'dayOfWeek': ['Friday', 'Saturday'], 'opens': '11:0', 'closes': '20:30'}]","{'@type': 'PostalAddress', 'addressLocality': 'Tulare', 'addressRegion': 'CA', 'postalCode': '93274', 'addressCountry': 'United States', 'streetAddress': '1403 Hillman St.'}","{'@type': 'GeoCoordinates', 'latitude': 36.22609449999999, 'longitude': -119.3313351}","{'@type': 'AggregateRating', 'ratingValue': 4.6, 'reviewCount': '23'}"
Jack in the Box (107 W Caldwell Ave),https://www.ubereats.com/fresno/food-delivery/jack-in-the-box-107-w-caldwell-ave/mOnBShFNSFqfYmff4FfpYA,tulare-california,"['American', 'burger', 'Fast Food']",3.8,24,$,36.2976797,-119.2919302,+15597490191,93277,107 W Caldwell Ave,Visalia,CA,"[{'@type': 'OpeningHoursSpecification', 'dayOfWeek': ['Monday', 'Tuesday', 'Wednesday', 'Thursday', 'Friday', 'Saturday', 'Sunday'], 'opens': '0:0', 'closes': '23:59'}]","{'@type': 'PostalAddress', 'addressLocality': 'Visalia', 'addressRegion': 'CA', 'postalCode': '93277', 'addressCountry': 'US', 'streetAddress': '107 W Caldwell Ave'}","{'@type': 'GeoCoordinates', 'latitude': 36.2976797, 'longitude': -119.2919302}","{'@type': 'AggregateRating', 'ratingValue': 3.8, 'reviewCount': '24'}"
Jamba Juice (1681 Hillman Street),https://www.ubereats.com/fresno/food-delivery/jamba-juice-1681-hillman-street/HiZvVL04QL2skps0lwAtAA,tulare-california,"['Juice Bars', 'Juice and Smoothies', 'Healthy']",4.9,11,$,36.2292061,-119.3314323,+15596861857,93274,1681 Hillman Street,Tulare,CA,"[{'@type': 'OpeningHoursSpecification', 'dayOfWeek': ['Monday', 'Tuesday', 'Wednesday', 'Thursday', 'Friday', 'Saturday', 'Sunday'], 'opens': '8:0', 'closes': '21:0'}]","{'@type': 'PostalAddress', 'addressLocality': 'Tulare', 'addressRegion': 'CA', 'postalCode': '93274', 'addressCountry': 'US', 'streetAddress': '1681 Hillman Street'}","{'@type': 'GeoCoordinates', 'latitude': 36.2292061, 'longitude': -119.3314323}","{'@type': 'AggregateRating', 'ratingValue': 4.9, 'reviewCount': '11'}"
Port of Subs (1229 S. Mooney Blvd Suite B),https://www.ubereats.com/fresno/food-delivery/port-of-subs-1229-s-mooney-blvd-suite-b/emkoNyhESmGLZ6Wev1pTQA,tulare-california,"['American', 'Salads', 'Sandwhiches']",4.6,12,$,36.3192275,-119.3145528,+15597327827,93277,1229 S. Mooney Blvd,Visalia,CA,"[{'@type': 'OpeningHoursSpecification', 'dayOfWeek': 'Sunday', 'opens': '10:0', 'closes': '16:0'}, {'@type': 'OpeningHoursSpecification', 'dayOfWeek': ['Monday', 'Tuesday', 'Wednesday', 'Thursday', 'Friday'], 'opens': '9:0', 'closes': '21:0'}, {'@type': 'OpeningHoursSpecification', 'dayOfWeek': 'Saturday', 'opens': '9:0', 'closes': '20:0'}]","{'@type': 'PostalAddress', 'addressLocality': 'Visalia', 'addressRegion': 'CA', 'postalCode': '93277', 'addressCountry': 'US', 'streetAddress': '1229 S. Mooney Blvd'}","{'@type': 'GeoCoordinates', 'latitude': 36.3192275, 'longitude': -119.3145528}","{'@type': 'AggregateRating', 'ratingValue': 4.6, 'reviewCount': '12'}"
Flying Taco,https://www.ubereats.com/fresno/food-delivery/flying-taco/0UdJ_T5_QneHJQg7PP93xA,tulare-california,"['Mexican', 'Comfort Food', 'Tex Mex']",,,$,36.2103552,-119.3448204,+15593667201,93274,240 N L St,Tulare,CA,"[{'@type': 'OpeningHoursSpecification', 'dayOfWeek': ['Monday', 'Tuesday', 'Wednesday', 'Thursday'], 'opens': '10:0', 'closes': '20:0'}, {'@type': 'OpeningHoursSpecification', 'dayOfWeek': ['Friday', 'Saturday'], 'opens': '10:0', 'closes': '20:0'}, {'@type': 'OpeningHoursSpecification', 'dayOfWeek': ['Friday', 'Saturday'], 'opens': '15:0', 'closes': '20:0'}]","{'@type': 'PostalAddress', 'addressLocality': 'Tulare', 'addressRegion': 'CA', 'postalCode': '93274', 'addressCountry': 'US', 'streetAddress': '240 N L St'}","{'@type': 'GeoCoordinates', 'latitude': 36.2103552, 'longitude': -119.3448204}",{}
Coco Loco,https://www.ubereats.com/fresno/food-delivery/coco-loco/Z_tJ9o6TS6yWveZOnXy3Ig,tulare-california,"['Healthy', 'Vegetarian', 'Juice and Smoothies']",4.2,14,$$,36.2138941,-119.3462216,+15593684106,93274,286 E Cross Ave,Tulare,CA,"[{'@type': 'OpeningHoursSpecification', 'dayOfWeek': 'Sunday', 'opens': '11:0', 'closes': '17:0'}, {'@type': 'OpeningHoursSpecification', 'dayOfWeek': 'Tuesday', 'opens': '11:0', 'closes': '17:0'}, {'@type': 'OpeningHoursSpecification', 'dayOfWeek': ['Wednesday', 'Thursday', 'Friday', 'Saturday'], 'opens': '11:0', 'closes': '19:0'}]","{'@type': 'PostalAddress', 'addressLocality': 'Tulare', 'addressRegion': 'CA', 'postalCode': '93274', 'addressCountry': 'US', 'streetAddress': '286 E Cross Ave'}","{'@type': 'GeoCoordinates', 'latitude': 36.2138941, 'longitude': -119.3462216}","{'@type': 'AggregateRating', 'ratingValue': 4.2, 'reviewCount': '14'}"
Deli Delicious (1587 Hillman Street),https://www.ubereats.com/fresno/food-delivery/deli-delicious-1587-hillman-street/O7g7pAHuT3KxNLuprrWwhw,tulare-california,"['Deli', 'salad', 'Sandwich']",4.2,21,$,36.2278601,-119.3314154,+15597469600,93274,1587 Hillman Street,Tulare,CA,"[{'@type': 'OpeningHoursSpecification', 'dayOfWeek': ['Monday', 'Tuesday', 'Wednesday', 'Thursday', 'Friday', 'Saturday', 'Sunday'], 'opens': '11:0', 'closes': '20:0'}]","{'@type': 'PostalAddress', 'addressLocality': 'Tulare', 'addressRegion': 'CA', 'postalCode': '93274', 'addressCountry': 'US', 'streetAddress': '1587 Hillman Street'}","{'@type': 'GeoCoordinates', 'latitude': 36.2278601, 'longitude': -119.3314154}","{'@type': 'AggregateRating', 'ratingValue': 4.2, 'reviewCount': '21'}"
Denny's (795 E Prosperity Ave),https://www.ubereats.com/fresno/food-delivery/dennys-795-e-prosperity-ave/0pyeYZ9fTTeXliVL8NZkzA,tulare-california,"['American', 'Breakfast and Brunch', 'Coffee and Tea', 'Dinner', 'Desserts', 'Salads', 'Steak', 'Sandwich', 'Family Meals']",3.9,39,$$,36.2255883,-119.3371324,(559) 686-1920,93274,795 E Prosperity Ave,Tulare,CA,"[{'@type': 'OpeningHoursSpecification', 'dayOfWeek': ['Monday', 'Tuesday', 'Wednesday', 'Thursday', 'Friday', 'Saturday', 'Sunday'], 'opens': '0:0', 'closes': '23:59'}]","{'@type': 'PostalAddress', 'addressLocality': 'Tulare', 'addressRegion': 'CA', 'postalCode': '93274', 'addressCountry': 'US', 'streetAddress': '795 E Prosperity Ave'}","{'@type': 'GeoCoordinates', 'latitude': 36.2255883, 'longitude': -119.3371324}","{'@type': 'AggregateRating', 'ratingValue': 3.9, 'reviewCount': '39'}"
Taco Bell (2421 N Dinuba Blvd),https://www.ubereats.com/fresno/food-delivery/taco-bell-2421-n-dinuba-blvd/in3TEyoZRr2OYlpJjvpyQA,tulare-california,"['Burritos', 'Fast Food', 'Mexican']",3.7,23,$,36.3514524,-119.2974217,+15596274600,93291,2421 N Dinuba Blvd,Visalia,CA,"[{'@type': 'OpeningHoursSpecification', 'dayOfWeek': ['Monday', 'Tuesday', 'Wednesday', 'Thursday', 'Friday', 'Saturday', 'Sunday'], 'opens': '14:0', 'closes': '17:0'}, {'@type': 'OpeningHoursSpecification', 'dayOfWeek': ['Monday', 'Tuesday', 'Wednesday', 'Thursday', 'Friday', 'Saturday', 'Sunday'], 'opens': '7:0', 'closes': '0:30'}, {'@type': 'OpeningHoursSpecification', 'dayOfWeek': ['Monday', 'Tuesday', 'Wednesday', 'Thursday', 'Friday', 'Saturday', 'Sunday'], 'opens': '7:0', 'closes': '10:30'}]","{'@type': 'PostalAddress', 'addressLocality': 'Visalia', 'addressRegion': 'CA', 'postalCode': '93291', 'addressCountry': 'US', 'streetAddress': '2421 N Dinuba Blvd'}","{'@type': 'GeoCoordinates', 'latitude': 36.3514524, 'longitude': -119.2974217}","{'@type': 'AggregateRating', 'ratingValue': 3.7, 'reviewCount': '23'}"
Visalia Waffles,https://www.ubereats.com/fresno/food-delivery/visalia-waffles/lfTXNrc7TU6XgGt8e0TYmQ,tulare-california,"['Burgers', 'American', 'Sandwiches']",4.2,10,$,36.3253742,-119.2780155,+15597410574,93292,1345 E Noble Ave,Visalia,CA,"[{'@type': 'OpeningHoursSpecification', 'dayOfWeek': ['Monday', 'Tuesday', 'Wednesday', 'Thursday', 'Friday', 'Saturday', 'Sunday'], 'opens': '8:0', 'closes': '12:29'}]","{'@type': 'PostalAddress', 'addressLocality': 'Visalia', 'addressRegion': 'CA', 'postalCode': '93292', 'addressCountry': 'US', 'streetAddress': '1345 E Noble Ave'}","{'@type': 'GeoCoordinates', 'latitude': 36.3253742, 'longitude': -119.2780155}","{'@type': 'AggregateRating', 'ratingValue': 4.2, 'reviewCount': '10'}"
Triangle Drive In (Tulare),https://www.ubereats.com/fresno/food-delivery/triangle-drive-in-tulare/or_4-12_RE2to-EItLVCDA,tulare-california,"['Burgers', 'American', 'Sandwiches']",3.7,19,$,36.2114321,-119.3277117,+15595710779,93274,1330 East,Tulare,CA,"[{'@type': 'OpeningHoursSpecification', 'dayOfWeek': ['Monday', 'Tuesday', 'Wednesday', 'Thursday', 'Friday', 'Saturday', 'Sunday'], 'opens': '10:5', 'closes': '21:45'}]","{'@type': 'PostalAddress', 'addressLocality': 'Tulare', 'addressRegion': 'CA', 'postalCode': '93274', 'addressCountry': 'US', 'streetAddress': '1330 East'}","{'@type': 'GeoCoordinates', 'latitude': 36.2114321, 'longitude': -119.3277117}","{'@type': 'AggregateRating', 'ratingValue': 3.7, 'reviewCount': '19'}"
Taco Bell (510 E Tulare Ave),https://www.ubereats.com/fresno/food-delivery/taco-bell-510-e-tulare-ave/_5d0CealRDuU6k11tuiibA,tulare-california,"['Burritos', 'Fast Food', 'Mexican']",4.3,70,$,36.2090794,-119.3417678,+15596888033,93274,510 E,Tulare,CA,"[{'@type': 'OpeningHoursSpecification', 'dayOfWeek': ['Sunday', 'Monday', 'Tuesday', 'Wednesday', 'Thursday'], 'opens': '14:0', 'closes': '17:0'}, {'@type': 'OpeningHoursSpecification', 'dayOfWeek': ['Sunday', 'Monday', 'Tuesday', 'Wednesday', 'Thursday'], 'opens': '7:0', 'closes': '0:30'}, {'@type': 'OpeningHoursSpecification', 'dayOfWeek': ['Sunday', 'Monday', 'Tuesday', 'Wednesday', 'Thursday'], 'opens': '7:0', 'closes': '10:30'}, {'@type': 'OpeningHoursSpecification', 'dayOfWeek': ['Friday', 'Saturday'], 'opens': '14:0', 'closes': '17:0'}, {'@type': 'OpeningHoursSpecification', 'dayOfWeek': ['Friday', 'Saturday'], 'opens': '7:0', 'closes': '10:30'}, {'@type': 'OpeningHoursSpecification', 'dayOfWeek': ['Friday', 'Saturday'], 'opens': '7:0', 'closes': '1:30'}]","{'@type': 'PostalAddress', 'addressLocality': 'Tulare', 'addressRegion': 'CA', 'postalCode': '93274', 'addressCountry': 'US', 'streetAddress': '510 E'}","{'@type': 'GeoCoordinates', 'latitude': 36.2090794, 'longitude': -119.3417678}","{'@type': 'AggregateRating', 'ratingValue': 4.3, 'reviewCount': '70'}"
Taco Bell (1377 E Noble Ave.),https://www.ubereats.com/fresno/food-delivery/taco-bell-1377-e-noble-ave/xyho777gQySfhx7jFDLfQA,tulare-california,"['Burritos', 'Fast Food', 'Mexican']",4.2,42,$,36.325495,-119.2773545,+15597397558,93292,1377 E Noble Ave.,Visalia,CA,"[{'@type': 'OpeningHoursSpecification', 'dayOfWeek': ['Sunday', 'Monday', 'Tuesday', 'Wednesday', 'Thursday'], 'opens': '14:0', 'closes': '17:0'}, {'@type': 'OpeningHoursSpecification', 'dayOfWeek': ['Sunday', 'Monday', 'Tuesday', 'Wednesday', 'Thursday'], 'opens': '7:0', 'closes': '0:30'}, {'@type': 'OpeningHoursSpecification', 'dayOfWeek': ['Sunday', 'Monday', 'Tuesday', 'Wednesday', 'Thursday'], 'opens': '7:0', 'closes': '10:30'}, {'@type': 'OpeningHoursSpecification', 'dayOfWeek': ['Friday', 'Saturday'], 'opens': '14:0', 'closes': '17:0'}, {'@type': 'OpeningHoursSpecification', 'dayOfWeek': ['Friday', 'Saturday'], 'opens': '7:0', 'closes': '10:30'}, {'@type': 'OpeningHoursSpecification', 'dayOfWeek': ['Friday', 'Saturday'], 'opens': '7:0', 'closes': '1:30'}]","{'@type': 'PostalAddress', 'addressLocality': 'Visalia', 'addressRegion': 'CA', 'postalCode': '93292', 'addressCountry': 'US', 'streetAddress': '1377 E Noble Ave.'}","{'@type': 'GeoCoordinates', 'latitude': 36.325495, 'longitude': -119.2773545}","{'@type': 'AggregateRating', 'ratingValue': 4.2, 'reviewCount': '42'}"
Deli Delicious,https://www.ubereats.com/fresno/food-delivery/deli-delicious/cCBu8TL5T5K-4IZyHT29QQ,tulare-california,"['Deli', 'salad', 'Sandwich']",4.2,27,$,36.3294178,-119.2910366,+15597472883,93291,200 Acequia Ave,Visalia,Ca,"[{'@type': 'OpeningHoursSpecification', 'dayOfWeek': 'Sunday', 'opens': '10:0', 'closes': '18:0'}, {'@type': 'OpeningHoursSpecification', 'dayOfWeek': ['Monday', 'Tuesday', 'Wednesday', 'Thursday', 'Friday', 'Saturday'], 'opens': '10:0', 'closes': '21:0'}]","{'@type': 'PostalAddress', 'addressLocality': 'Visalia', 'addressRegion': 'Ca', 'postalCode': '93291', 'addressCountry': 'US', 'streetAddress': '200 Acequia Ave'}","{'@type': 'GeoCoordinates', 'latitude': 36.3294178, 'longitude': -119.2910366}","{'@type': 'AggregateRating', 'ratingValue': 4.2, 'reviewCount': '27'}"
Del Taco (1415 Hillman St),https://www.ubereats.com/fresno/food-delivery/del-taco-1415-hillman-st/1B5KtpykT-2rdPSTvKXdpQ,tulare-california,"['Fast Food', 'Mexican', 'Tacos']",4.4,11,$,36.2268019,-119.3313499,+15596879058,93274,1415 Hillman St,Tulare,CA,"[{'@type': 'OpeningHoursSpecification', 'dayOfWeek': ['Monday', 'Tuesday', 'Wednesday', 'Thursday', 'Friday', 'Saturday', 'Sunday'], 'opens': '0:0', 'closes': '23:59'}]","{'@type': 'PostalAddress', 'addressLocality': 'Tulare', 'addressRegion': 'CA', 'postalCode': '93274', 'addressCountry': 'US', 'streetAddress': '1415 Hillman St'}","{'@type': 'GeoCoordinates', 'latitude': 36.2268019, 'longitude': -119.3313499}","{'@type': 'AggregateRating', 'ratingValue': 4.4, 'reviewCount': '11'}"
Buffalo Wild Wings (4125 S Mooney Blvd),https://www.ubereats.com/fresno/food-delivery/buffalo-wild-wings-4125-s-mooney-blvd/Y2tpZ4DsSpCEbZ9FVu3eUw,tulare-california,"['wings', 'American', 'Chicken']",3.9,38,$$,36.2927979,-119.3143909,+15596350785,93277,4125 S Mooney Blvd,Visalia,CA,"[{'@type': 'OpeningHoursSpecification', 'dayOfWeek': ['Monday', 'Tuesday', 'Wednesday', 'Thursday', 'Friday', 'Saturday', 'Sunday'], 'opens': '11:0', 'closes': '21:0'}]","{'@type': 'PostalAddress', 'addressLocality': 'Visalia', 'addressRegion': 'CA', 'postalCode': '93277', 'addressCountry': 'US', 'streetAddress': '4125 S Mooney Blvd'}","{'@type': 'GeoCoordinates', 'latitude': 36.2927979, 'longitude': -119.3143909}","{'@type': 'AggregateRating', 'ratingValue': 3.9, 'reviewCount': '38'}"
Maroo,https://www.ubereats.com/fresno/food-delivery/maroo/_PHqu1uLROeVMxfkSvKsSA,tulare-california,"['Korean', 'Japanese', 'Juice and Smoothies']",4.3,23,$$,36.2915553,-119.3144321,+15597338777,93277,4235 S Mooney Blvd,Visalia,California,"[{'@type': 'OpeningHoursSpecification', 'dayOfWeek': 'Sunday', 'opens': '12:0', 'closes': '16:30'}]","{'@type': 'PostalAddress', 'addressLocality': 'Visalia', 'addressRegion': 'California', 'postalCode': '93277', 'addressCountry': 'US', 'streetAddress': '4235 S Mooney Blvd'}","{'@type': 'GeoCoordinates', 'latitude': 36.2915553, 'longitude': -119.3144321}","{'@type': 'AggregateRating', 'ratingValue': 4.3, 'reviewCount': '23'}"
Applebee's (5325 Avenida De Los Robles) #77086,https://www.ubereats.com/fresno/food-delivery/applebees-5325-avenida-de-los-robles-%2377086/nC-xNDIESOaYAsHXgUTdow,tulare-california,"['American', 'Bar Food', 'BBQ', 'burger', 'Chicken Strips', 'Comfort Food', 'Dinner', 'pasta', 'salad', 'Sandwich', 'Soup', 'Steak', 'Traditional American', 'wings', 'Family Meals']",4.3,40,$$,36.3281431,-119.3501023,+15596361605,93291,5325 Avenida De Los Robles,Visalia,CA,"[{'@type': 'OpeningHoursSpecification', 'dayOfWeek': ['Sunday', 'Monday', 'Tuesday', 'Wednesday', 'Thursday'], 'opens': '11:0', 'closes': '21:30'}, {'@type': 'OpeningHoursSpecification', 'dayOfWeek': ['Friday', 'Saturday'], 'opens': '11:0', 'closes': '22:30'}]","{'@type': 'PostalAddress', 'addressLocality': 'Visalia', 'addressRegion': 'CA', 'postalCode': '93291', 'addressCountry': 'US', 'streetAddress': '5325 Avenida De Los Robles'}","{'@type': 'GeoCoordinates', 'latitude': 36.3281431, 'longitude': -119.3501023}","{'@type': 'AggregateRating', 'ratingValue': 4.3, 'reviewCount': '40'}"
Subway (1362 E Bardsley Ave),https://www.ubereats.com/fresno/food-delivery/subway-1362-e-bardsley-ave/t_-0VdZpSBeDNE_EWmsbQQ,tulare-california,"['Sandwich', 'American']",,,$,36.1976002,-119.3271446,+15596886706,93274,1362 E Bardsley Ave,Tulare,CA,"[{'@type': 'OpeningHoursSpecification', 'dayOfWeek': ['Monday', 'Tuesday', 'Wednesday', 'Thursday', 'Friday', 'Saturday', 'Sunday'], 'opens': '9:0', 'closes': '20:30'}]","{'@type': 'PostalAddress', 'addressLocality': 'Tulare', 'addressRegion': 'CA', 'postalCode': '93274', 'addressCountry': 'US', 'streetAddress': '1362 E Bardsley Ave'}","{'@type': 'GeoCoordinates', 'latitude': 36.1976002, 'longitude': -119.3271446}",{}
McDonald's® (1310 BARDSLEY AVE),https://www.ubereats.com/fresno/food-delivery/mcdonalds-1310-bardsley-ave/r3TkhmvtS8yD72B06IB_1A,tulare-california,"['American', 'Burgers', 'Fast Food']",4.1,32,$,36.197042,-119.327322,+15596879258,93274,1310 BARDSLEY AVE,TULARE,CA,"[{'@type': 'OpeningHoursSpecification', 'dayOfWeek': ['Monday', 'Tuesday', 'Wednesday', 'Thursday', 'Friday', 'Saturday', 'Sunday'], 'opens': '5:0', 'closes': '10:29'}, {'@type': 'OpeningHoursSpecification', 'dayOfWeek': ['Monday', 'Tuesday', 'Wednesday', 'Thursday', 'Friday', 'Saturday', 'Sunday'], 'opens': '10:30', 'closes': '16:59'}, {'@type': 'OpeningHoursSpecification', 'dayOfWeek': ['Monday', 'Tuesday', 'Wednesday', 'Thursday', 'Friday', 'Saturday', 'Sunday'], 'opens': '17:0', 'closes': '22:15'}]","{'@type': 'PostalAddress', 'addressLocality': 'TULARE', 'addressRegion': 'CA', 'postalCode': '93274', 'addressCountry': 'US', 'streetAddress': '1310 BARDSLEY AVE'}","{'@type': 'GeoCoordinates', 'latitude': 36.197042, 'longitude': -119.327322}","{'@type': 'AggregateRating', 'ratingValue': 4.1, 'reviewCount': '32'}"
"Red Robin, 245 (2015 S Mooney Blvd #505)",https://www.ubereats.com/fresno/food-delivery/red-robin-245-2015-s-mooney-blvd-%23505/JOrH3F6GTvui53rXyh2SWw,tulare-california,"['American', 'burger']",4.3,67,$,36.3118424,-119.3147124,+15597404060,93277,2015 S Mooney Blvd #505,Visalia,CA,"[{'@type': 'OpeningHoursSpecification', 'dayOfWeek': ['Monday', 'Tuesday', 'Wednesday', 'Thursday', 'Friday', 'Saturday', 'Sunday'], 'opens': '11:0', 'closes': '18:30'}]","{'@type': 'PostalAddress', 'addressLocality': 'Visalia', 'addressRegion': 'CA', 'postalCode': '93277', 'addressCountry': 'US', 'streetAddress': '2015 S Mooney Blvd #505'}","{'@type': 'GeoCoordinates', 'latitude': 36.3118424, 'longitude': -119.3147124}","{'@type': 'AggregateRating', 'ratingValue': 4.3, 'reviewCount': '67'}"
Jack in the Box (444 E Tulare Ave),https://www.ubereats.com/fresno/food-delivery/jack-in-the-box-444-e-tulare-ave/SEH8eRI0SgGInt8HMA06zQ,tulare-california,"['American', 'burger', 'Fast Food']",4.2,36,$,36.2088426,-119.3425572,+15596886464,93274,444 E,Tulare,CA,"[{'@type': 'OpeningHoursSpecification', 'dayOfWeek': ['Monday', 'Tuesday', 'Wednesday', 'Thursday', 'Friday', 'Saturday', 'Sunday'], 'opens': '0:0', 'closes': '23:59'}]","{'@type': 'PostalAddress', 'addressLocality': 'Tulare', 'addressRegion': 'CA', 'postalCode': '93274', 'addressCountry': 'US', 'streetAddress': '444 E'}","{'@type': 'GeoCoordinates', 'latitude': 36.2088426, 'longitude': -119.3425572}","{'@type': 'AggregateRating', 'ratingValue': 4.2, 'reviewCount': '36'}"
Jack in the Box (958 S Mooney Blvd),https://www.ubereats.com/fresno/food-delivery/jack-in-the-box-958-s-mooney-blvd/-lgEfq8OQIO54rkm4e7zjw,tulare-california,"['American', 'burger', 'Fast Food']",,,$,36.1974058,-119.3129418,+15596886464,93274,958 S Mooney Blvd,Tulare,CA,"[{'@type': 'OpeningHoursSpecification', 'dayOfWeek': ['Monday', 'Tuesday', 'Wednesday', 'Thursday', 'Friday', 'Saturday', 'Sunday'], 'opens': '0:0', 'closes': '23:59'}]","{'@type': 'PostalAddress', 'addressLocality': 'Tulare', 'addressRegion': 'CA', 'postalCode': '93274', 'addressCountry': 'US', 'streetAddress': '958 S Mooney Blvd'}","{'@type': 'GeoCoordinates', 'latitude': 36.1974058, 'longitude': -119.3129418}",{}
Mountain Mike's Pizza (721 E Prosperity Ave),https://www.ubereats.com/fresno/food-delivery/mountain-mikes-pizza-721-e-prosperity-ave/vJYADWmqQVqmzNFWn0GiYw,tulare-california,"['American', 'Salads', 'Pizza']",,,$,36.2255735,-119.3380813,+15596888800,93274,721 E Prosperity Ave,Tulare,CA,"[{'@type': 'OpeningHoursSpecification', 'dayOfWeek': ['Monday', 'Tuesday', 'Wednesday', 'Thursday', 'Friday', 'Saturday', 'Sunday'], 'opens': '8:0', 'closes': '21:0'}]","{'@type': 'PostalAddress', 'addressLocality': 'Tulare', 'addressRegion': 'CA', 'postalCode': '93274', 'addressCountry': 'US', 'streetAddress': '721 E Prosperity Ave'}","{'@type': 'GeoCoordinates', 'latitude': 36.2255735, 'longitude': -119.3380813}",{}
Burger King (1255 North Blackstone Street),https://www.ubereats.com/fresno/food-delivery/burger-king-1255-north-blackstone-street/GzAGMwuuTC-WpCSFPIYsIw,tulare-california,"['American', 'burger', 'Fast Food']",4.8,11,$,36.225009,-119.3354971,+15596882321,93274,1255 North Blackstone Street,Tulare,CA,"[{'@type': 'OpeningHoursSpecification', 'dayOfWeek': ['Monday', 'Tuesday', 'Wednesday', 'Thursday', 'Friday', 'Saturday', 'Sunday'], 'opens': '7:30', 'closes': '10:29'}, {'@type': 'OpeningHoursSpecification', 'dayOfWeek': ['Monday', 'Tuesday', 'Wednesday', 'Thursday', 'Friday', 'Saturday', 'Sunday'], 'opens': '10:30', 'closes': '23:0'}]","{'@type': 'PostalAddress', 'addressLocality': 'Tulare', 'addressRegion': 'CA', 'postalCode': '93274', 'addressCountry': 'US', 'streetAddress': '1255 North Blackstone Street'}","{'@type': 'GeoCoordinates', 'latitude': 36.225009, 'longitude': -119.3354971}","{'@type': 'AggregateRating', 'ratingValue': 4.8, 'reviewCount': '11'}"
McDonald's® (2710 S BLACKSTONE ST),https://www.ubereats.com/fresno/food-delivery/mcdonalds-2710-s-blackstone-st/Kl1p5fqMQPGNbeWp50jB-A,tulare-california,"['American', 'Burgers', 'Fast Food']",,,$,36.180934,-119.329976,+15596881182,93274,2710 S BLACKSTONE ST,TULARE,CA,"[{'@type': 'OpeningHoursSpecification', 'dayOfWeek': ['Monday', 'Tuesday', 'Wednesday', 'Thursday', 'Friday', 'Saturday', 'Sunday'], 'opens': '0:0', 'closes': '10:29'}, {'@type': 'OpeningHoursSpecification', 'dayOfWeek': ['Monday', 'Tuesday', 'Wednesday', 'Thursday', 'Friday', 'Saturday', 'Sunday'], 'opens': '10:30', 'closes': '16:59'}, {'@type': 'OpeningHoursSpecification', 'dayOfWeek': ['Monday', 'Tuesday', 'Wednesday', 'Thursday', 'Friday', 'Saturday', 'Sunday'], 'opens': '17:0', 'closes': '23:15'}]","{'@type': 'PostalAddress', 'addressLocality': 'TULARE', 'addressRegion': 'CA', 'postalCode': '93274', 'addressCountry': 'US', 'streetAddress': '2710 S BLACKSTONE ST'}","{'@type': 'GeoCoordinates', 'latitude': 36.180934, 'longitude': -119.329976}",{}
McDonald's® (108 E CROSS AVE),https://www.ubereats.com/fresno/food-delivery/mcdonalds-108-e-cross-ave/GMafW_NgQceJDGRGI3kn0g,tulare-california,"['American', 'Burgers', 'Fast Food']",4.4,27,$,36.213287,-119.348582,+15596886169,93274-2850,108 E CROSS AVE,TULARE,CA,"[{'@type': 'OpeningHoursSpecification', 'dayOfWeek': ['Monday', 'Tuesday', 'Wednesday', 'Thursday', 'Friday', 'Saturday', 'Sunday'], 'opens': '5:0', 'closes': '10:29'}, {'@type': 'OpeningHoursSpecification', 'dayOfWeek': ['Monday', 'Tuesday', 'Wednesday', 'Thursday', 'Friday', 'Saturday', 'Sunday'], 'opens': '10:30', 'closes': '16:59'}, {'@type': 'OpeningHoursSpecification', 'dayOfWeek': ['Monday', 'Tuesday', 'Wednesday', 'Thursday', 'Friday', 'Saturday', 'Sunday'], 'opens': '17:0', 'closes': '22:15'}]","{'@type': 'PostalAddress', 'addressLocality': 'TULARE', 'addressRegion': 'CA', 'postalCode': '93274-2850', 'addressCountry': 'US', 'streetAddress': '108 E CROSS AVE'}","{'@type': 'GeoCoordinates', 'latitude': 36.213287, 'longitude': -119.348582}","{'@type': 'AggregateRating', 'ratingValue': 4.4, 'reviewCount': '27'}"
Grand Star Buffet,https://www.ubereats.com/fresno/food-delivery/grand-star-buffet/bs2X7tP7Tz6hm_GVku4u4Q,tulare-california,"['Chinese', 'Asian', 'Asian Fusion', 'Noodles']",,,$,36.2245311,-119.3390778,+15596859800,,,,,"[{'@type': 'OpeningHoursSpecification', 'dayOfWeek': ['Monday', 'Tuesday', 'Wednesday', 'Thursday', 'Friday', 'Saturday', 'Sunday'], 'opens': '11:0', 'closes': '21:0'}, {'@type': 'OpeningHoursSpecification', 'dayOfWeek': ['Monday', 'Tuesday', 'Wednesday', 'Thursday', 'Friday', 'Saturday', 'Sunday'], 'opens': '11:0', 'closes': '15:0'}]",,"{'@type': 'GeoCoordinates', 'latitude': 36.2245311, 'longitude': -119.3390778}",{}
Taco Bell (1520 North Hillman Street),https://www.ubereats.com/fresno/food-delivery/taco-bell-1520-north-hillman-street/0kMkFEZbRAiG7p0EkgXhpw,tulare-california,"['Burritos', 'Fast Food', 'Mexican']",4.4,29,$,36.2272324,-119.3304508,+15596849481,93274,1520 North Hillman Street,Tulare,CA,"[{'@type': 'OpeningHoursSpecification', 'dayOfWeek': ['Sunday', 'Monday', 'Tuesday', 'Wednesday', 'Thursday'], 'opens': '14:0', 'closes': '17:0'}, {'@type': 'OpeningHoursSpecification', 'dayOfWeek': ['Sunday', 'Monday', 'Tuesday', 'Wednesday', 'Thursday'], 'opens': '7:0', 'closes': '0:30'}, {'@type': 'OpeningHoursSpecification', 'dayOfWeek': ['Sunday', 'Monday', 'Tuesday', 'Wednesday', 'Thursday'], 'opens': '7:0', 'closes': '10:30'}, {'@type': 'OpeningHoursSpecification', 'dayOfWeek': ['Friday', 'Saturday'], 'opens': '14:0', 'closes': '17:0'}, {'@type': 'OpeningHoursSpecification', 'dayOfWeek': ['Friday', 'Saturday'], 'opens': '7:0', 'closes': '10:30'}, {'@type': 'OpeningHoursSpecification', 'dayOfWeek': ['Friday', 'Saturday'], 'opens': '7:0', 'closes': '1:30'}]","{'@type': 'PostalAddress', 'addressLocality': 'Tulare', 'addressRegion': 'CA', 'postalCode': '93274', 'addressCountry': 'US', 'streetAddress': '1520 North Hillman Street'}","{'@type': 'GeoCoordinates', 'latitude': 36.2272324, 'longitude': -119.3304508}","{'@type': 'AggregateRating', 'ratingValue': 4.4, 'reviewCount': '29'}"
Starbucks (Cross & J Street),https://www.ubereats.com/fresno/food-delivery/starbucks-cross-%26-j-street/xfbgIHCpT7mv4fYbuaOUgA,tulare-california,"['Bakery', 'Breakfast and Brunch', 'Cafe', 'Coffee & Tea']",4.6,90,$,36.2125984,-119.3491266,+15596841310,93274,491 North J Street,Tulare,CA,"[{'@type': 'OpeningHoursSpecification', 'dayOfWeek': ['Monday', 'Tuesday', 'Wednesday', 'Thursday', 'Friday', 'Saturday', 'Sunday'], 'opens': '5:0', 'closes': '22:0'}]","{'@type': 'PostalAddress', 'addressLocality': 'Tulare', 'addressRegion': 'CA', 'postalCode': '93274', 'addressCountry': 'US', 'streetAddress': '491 North J Street'}","{'@type': 'GeoCoordinates', 'latitude': 36.2125984, 'longitude': -119.3491266}","{'@type': 'AggregateRating', 'ratingValue': 4.6, 'reviewCount': '90'}"
Taco Bell (1018 S Mooney Blvd),https://www.ubereats.com/fresno/food-delivery/taco-bell-1018-s-mooney-blvd/3LeK8oC1S_eJJJfrxb90Tg,tulare-california,"['Burritos', 'Fast Food', 'Mexican']",3.7,133,$,36.3215386,-119.3134661,+15597326711,93277,1018 S Mooney Blvd,Visalia,CA,"[{'@type': 'OpeningHoursSpecification', 'dayOfWeek': ['Sunday', 'Monday', 'Tuesday', 'Wednesday', 'Thursday'], 'opens': '14:0', 'closes': '17:0'}, {'@type': 'OpeningHoursSpecification', 'dayOfWeek': ['Sunday', 'Monday', 'Tuesday', 'Wednesday', 'Thursday'], 'opens': '7:0', 'closes': '0:30'}, {'@type': 'OpeningHoursSpecification', 'dayOfWeek': ['Sunday', 'Monday', 'Tuesday', 'Wednesday', 'Thursday'], 'opens': '7:0', 'closes': '10:30'}, {'@type': 'OpeningHoursSpecification', 'dayOfWeek': ['Friday', 'Saturday'], 'opens': '14:0', 'closes': '17:0'}, {'@type': 'OpeningHoursSpecification', 'dayOfWeek': ['Friday', 'Saturday'], 'opens': '7:0', 'closes': '10:30'}, {'@type': 'OpeningHoursSpecification', 'dayOfWeek': ['Friday', 'Saturday'], 'opens': '7:0', 'closes': '1:30'}]","{'@type': 'PostalAddress', 'addressLocality': 'Visalia', 'addressRegion': 'CA', 'postalCode': '93277', 'addressCountry': 'US', 'streetAddress': '1018 S Mooney Blvd'}","{'@type': 'GeoCoordinates', 'latitude': 36.3215386, 'longitude': -119.3134661}","{'@type': 'AggregateRating', 'ratingValue': 3.7, 'reviewCount': '133'}"
