name,url,city,cuisine,avgRating,numReviews,priceRange,latitude,longitude,telephone,postalCode,streetAddress,addressLocality,addressRegion,openingHoursSpecification,addressString,geoString,ratingString
The Roost Republic,https://www.ubereats.com/san-diego/food-delivery/the-roost-republic/D8XoKga3T66xybRrTVEt8A,valley-center-california,"['Chicken', 'Sandwich', 'Fast Food']",4.4,216,$,33.1051064,-117.0728575,+17607467504,92025,238 W Felicita Ave,Escondido,California,"[{'@type': 'OpeningHoursSpecification', 'dayOfWeek': ['Monday', 'Tuesday', 'Wednesday', 'Thursday', 'Friday', 'Saturday', 'Sunday'], 'opens': '0:0', 'closes': '23:59'}]","{'@type': 'PostalAddress', 'addressLocality': 'Escondido', 'addressRegion': 'California', 'postalCode': '92025', 'addressCountry': 'US', 'streetAddress': '238 W Felicita Ave'}","{'@type': 'GeoCoordinates', 'latitude': 33.1051064, 'longitude': -117.0728575}","{'@type': 'AggregateRating', 'ratingValue': 4.4, 'reviewCount': '216'}"
Tasty Pizza escondido,https://www.ubereats.com/san-diego/food-delivery/tasty-pizza-escondido/L78vylt7QoO5XFTqjqa5yQ,valley-center-california,"['Burgers', 'American', 'Sandwiches']",4.8,23,$,33.134612,-117.059626,+17607472744,92027,426 n rose st.,Escondido,CA,"[{'@type': 'OpeningHoursSpecification', 'dayOfWeek': ['Monday', 'Tuesday', 'Wednesday', 'Thursday', 'Friday', 'Saturday', 'Sunday'], 'opens': '11:0', 'closes': '20:0'}]","{'@type': 'PostalAddress', 'addressLocality': 'Escondido', 'addressRegion': 'CA', 'postalCode': '92027', 'addressCountry': 'US', 'streetAddress': '426 n rose st.'}","{'@type': 'GeoCoordinates', 'latitude': 33.134612, 'longitude': -117.059626}","{'@type': 'AggregateRating', 'ratingValue': 4.8, 'reviewCount': '23'}"
Jersey Mike's (730 Nordahl Road),https://www.ubereats.com/san-diego/food-delivery/jersey-mikes-730-nordahl-road/OskGVGlbSfGfaREBE-uWbw,valley-center-california,"['Sandwich', 'American']",4.6,87,$,33.1342,-117.119254,+17602910263,92069,730 Nordahl Road,San Marcos,CA,"[{'@type': 'OpeningHoursSpecification', 'dayOfWeek': ['Monday', 'Tuesday', 'Wednesday', 'Thursday', 'Friday', 'Saturday', 'Sunday'], 'opens': '10:0', 'closes': '20:30'}]","{'@type': 'PostalAddress', 'addressLocality': 'San Marcos', 'addressRegion': 'CA', 'postalCode': '92069', 'addressCountry': 'US', 'streetAddress': '730 Nordahl Road'}","{'@type': 'GeoCoordinates', 'latitude': 33.1342, 'longitude': -117.119254}","{'@type': 'AggregateRating', 'ratingValue': 4.6, 'reviewCount': '87'}"
Vincents,https://www.ubereats.com/san-diego/food-delivery/vincents/JSIiZE3rQu2L9A1h-eehAQ,valley-center-california,"['European', 'Modern European', 'Seafood']",,,$,33.121226,-117.081587,+18587751162,92025,113 W Grand Ave,Escondido,CA,"[{'@type': 'OpeningHoursSpecification', 'dayOfWeek': ['Tuesday', 'Wednesday', 'Thursday', 'Friday', 'Saturday'], 'opens': '16:0', 'closes': '21:0'}]","{'@type': 'PostalAddress', 'addressLocality': 'Escondido', 'addressRegion': 'CA', 'postalCode': '92025', 'addressCountry': 'US', 'streetAddress': '113 W Grand Ave'}","{'@type': 'GeoCoordinates', 'latitude': 33.121226, 'longitude': -117.081587}",{}
Manna Heaven BBQ - San Marcos,https://www.ubereats.com/san-diego/food-delivery/manna-heaven-bbq-san-marcos/xuh-u50wRHe3zhFJGGM1Mg,valley-center-california,"['Korean', 'Asian', 'BBQ']",4.6,38,$,33.1344431,-117.1191656,+18587174477,92069,740 Nordahl Rd,San Marcos,CA,"[{'@type': 'OpeningHoursSpecification', 'dayOfWeek': ['Sunday', 'Monday', 'Tuesday', 'Wednesday', 'Thursday'], 'opens': '11:30', 'closes': '20:45'}, {'@type': 'OpeningHoursSpecification', 'dayOfWeek': ['Friday', 'Saturday'], 'opens': '11:30', 'closes': '21:45'}]","{'@type': 'PostalAddress', 'addressLocality': 'San Marcos', 'addressRegion': 'CA', 'postalCode': '92069', 'addressCountry': 'US', 'streetAddress': '740 Nordahl Rd'}","{'@type': 'GeoCoordinates', 'latitude': 33.1344431, 'longitude': -117.1191656}","{'@type': 'AggregateRating', 'ratingValue': 4.6, 'reviewCount': '38'}"
big bowl now,https://www.ubereats.com/san-diego/food-delivery/big-bowl-now/8qMgOj7FSF68Qf5DH8VJEw,valley-center-california,"['Japanese: Ramen', 'Chicken', 'Healthy']",4.7,22,$,33.1342,-117.119254,+18582209105,92069,"730 Nordahl Rd, 108 108",San Marcos,CA,"[{'@type': 'OpeningHoursSpecification', 'dayOfWeek': ['Sunday', 'Monday', 'Tuesday', 'Wednesday', 'Thursday'], 'opens': '11:0', 'closes': '20:0'}, {'@type': 'OpeningHoursSpecification', 'dayOfWeek': ['Friday', 'Saturday'], 'opens': '11:0', 'closes': '20:0'}, {'@type': 'OpeningHoursSpecification', 'dayOfWeek': ['Friday', 'Saturday'], 'opens': '11:0', 'closes': '21:0'}]","{'@type': 'PostalAddress', 'addressLocality': 'San Marcos', 'addressRegion': 'CA', 'postalCode': '92069', 'addressCountry': 'US', 'streetAddress': '730 Nordahl Rd, 108 108'}","{'@type': 'GeoCoordinates', 'latitude': 33.1342, 'longitude': -117.119254}","{'@type': 'AggregateRating', 'ratingValue': 4.7, 'reviewCount': '22'}"
The Ice Cream Shop,https://www.ubereats.com/san-diego/food-delivery/the-ice-cream-shop/Be_usicKTba9i4pjS-oigA,valley-center-california,"['Desserts', 'Ice Cream and Frozen Yogurt']",4.9,36,$,33.1323297,-117.06881,+17607452673,92025,"1141 E Washington Ave, Ste A",Escondido,CA,"[{'@type': 'OpeningHoursSpecification', 'dayOfWeek': 'Sunday', 'opens': '6:0', 'closes': '23:0'}, {'@type': 'OpeningHoursSpecification', 'dayOfWeek': ['Monday', 'Tuesday', 'Wednesday', 'Thursday'], 'opens': '7:0', 'closes': '22:0'}, {'@type': 'OpeningHoursSpecification', 'dayOfWeek': ['Friday', 'Saturday'], 'opens': '7:0', 'closes': '23:59'}]","{'@type': 'PostalAddress', 'addressLocality': 'Escondido', 'addressRegion': 'CA', 'postalCode': '92025', 'addressCountry': 'US', 'streetAddress': '1141 E Washington Ave, Ste A'}","{'@type': 'GeoCoordinates', 'latitude': 33.1323297, 'longitude': -117.06881}","{'@type': 'AggregateRating', 'ratingValue': 4.9, 'reviewCount': '36'}"
Panda Express (600 West Mission Ave.),https://www.ubereats.com/san-diego/food-delivery/panda-express-600-west-mission-ave/t-VAqfopT_6u9SlwF10ilw,valley-center-california,"['Chinese', 'Family Meals']",4.7,223,$,33.128005,-117.093911,+17607815117,92025,600 West Mission Ave.,Escondido,CA,"[{'@type': 'OpeningHoursSpecification', 'dayOfWeek': 'Sunday', 'opens': '10:0', 'closes': '21:0'}, {'@type': 'OpeningHoursSpecification', 'dayOfWeek': ['Monday', 'Tuesday', 'Wednesday', 'Thursday', 'Friday', 'Saturday'], 'opens': '9:30', 'closes': '21:0'}]","{'@type': 'PostalAddress', 'addressLocality': 'Escondido', 'addressRegion': 'CA', 'postalCode': '92025', 'addressCountry': 'US', 'streetAddress': '600 West Mission Ave.'}","{'@type': 'GeoCoordinates', 'latitude': 33.128005, 'longitude': -117.093911}","{'@type': 'AggregateRating', 'ratingValue': 4.7, 'reviewCount': '223'}"
Conchita’s Bakery Restaurant ,https://www.ubereats.com/san-diego/food-delivery/conchitas-bakery-restaurant/00ZJ8YagSeinjrpriM0Ubg,valley-center-california,['Mexican'],,,$,33.126551,-117.094669,+17606754345,92025,649 W Mission Ave,Escondido,CA,"[{'@type': 'OpeningHoursSpecification', 'dayOfWeek': ['Monday', 'Tuesday', 'Wednesday', 'Thursday'], 'opens': '6:30', 'closes': '20:0'}, {'@type': 'OpeningHoursSpecification', 'dayOfWeek': 'Friday', 'opens': '6:30', 'closes': '22:0'}, {'@type': 'OpeningHoursSpecification', 'dayOfWeek': 'Saturday', 'opens': '9:0', 'closes': '16:0'}]","{'@type': 'PostalAddress', 'addressLocality': 'Escondido', 'addressRegion': 'CA', 'postalCode': '92025', 'addressCountry': 'US', 'streetAddress': '649 W Mission Ave'}","{'@type': 'GeoCoordinates', 'latitude': 33.126551, 'longitude': -117.094669}",{}
Los Charros Mexican and Seafood,https://www.ubereats.com/san-diego/food-delivery/los-charros-mexican-and-seafood/i2Kh8P_SQ_-Zw14QCqXvpw,valley-center-california,"['Mexican', 'New Mexican', 'Latin American']",4.7,40,,33.128625,-117.0704882,+17607462416,92025,915 E Valley Pkwy,Escondido,CA,"[{'@type': 'OpeningHoursSpecification', 'dayOfWeek': ['Monday', 'Tuesday', 'Wednesday', 'Thursday', 'Friday', 'Saturday', 'Sunday'], 'opens': '8:0', 'closes': '20:0'}]","{'@type': 'PostalAddress', 'addressLocality': 'Escondido', 'addressRegion': 'CA', 'postalCode': '92025', 'addressCountry': 'US', 'streetAddress': '915 E Valley Pkwy'}","{'@type': 'GeoCoordinates', 'latitude': 33.128625, 'longitude': -117.0704882}","{'@type': 'AggregateRating', 'ratingValue': 4.7, 'reviewCount': '40'}"
Fruit Fresh superfood delights,https://www.ubereats.com/san-diego/food-delivery/fruit-fresh-superfood-delights/Y0wouwM0S7yQCr6VAOEJ4w,valley-center-california,"['Healthy', 'Salads', 'Vegetarian']",4.8,54,$,33.1417673,-117.0940489,+16199060268,,,,,"[{'@type': 'OpeningHoursSpecification', 'dayOfWeek': 'Sunday', 'opens': '9:0', 'closes': '16:0'}, {'@type': 'OpeningHoursSpecification', 'dayOfWeek': ['Monday', 'Tuesday', 'Wednesday', 'Thursday', 'Friday'], 'opens': '8:30', 'closes': '18:30'}, {'@type': 'OpeningHoursSpecification', 'dayOfWeek': 'Saturday', 'opens': '9:0', 'closes': '17:0'}]",,"{'@type': 'GeoCoordinates', 'latitude': 33.1417673, 'longitude': -117.0940489}","{'@type': 'AggregateRating', 'ratingValue': 4.8, 'reviewCount': '54'}"
Rock n Jenny's Italian Subs,https://www.ubereats.com/san-diego/food-delivery/rock-n-jennys-italian-subs/lyh06bkYSJSWqmSUoB40Xg,valley-center-california,"['Sandwiches', 'American', 'Healthy']",4.8,109,$,33.1177594,-117.0972659,+17604802835,92025,1044 W Valley Pkwy,Escondido,CA,"[{'@type': 'OpeningHoursSpecification', 'dayOfWeek': ['Monday', 'Tuesday', 'Wednesday', 'Thursday', 'Friday', 'Saturday', 'Sunday'], 'opens': '10:0', 'closes': '19:45'}]","{'@type': 'PostalAddress', 'addressLocality': 'Escondido', 'addressRegion': 'CA', 'postalCode': '92025', 'addressCountry': 'US', 'streetAddress': '1044 W Valley Pkwy'}","{'@type': 'GeoCoordinates', 'latitude': 33.1177594, 'longitude': -117.0972659}","{'@type': 'AggregateRating', 'ratingValue': 4.8, 'reviewCount': '109'}"
Express Pizza and Wings,https://www.ubereats.com/san-diego/food-delivery/express-pizza-and-wings/AF4LIRzrTxeTyPgVzu8dNw,valley-center-california,"['Wings', 'Pizza']",4.7,55,$,33.134995,-117.059061,+17607557511,92027,1632 E Valley Pkwy,Escondido,CA,"[{'@type': 'OpeningHoursSpecification', 'dayOfWeek': ['Monday', 'Tuesday', 'Wednesday', 'Thursday', 'Friday', 'Saturday', 'Sunday'], 'opens': '10:0', 'closes': '22:0'}]","{'@type': 'PostalAddress', 'addressLocality': 'Escondido', 'addressRegion': 'CA', 'postalCode': '92027', 'addressCountry': 'US', 'streetAddress': '1632 E Valley Pkwy'}","{'@type': 'GeoCoordinates', 'latitude': 33.134995, 'longitude': -117.059061}","{'@type': 'AggregateRating', 'ratingValue': 4.7, 'reviewCount': '55'}"
Kinaly Thai Express,https://www.ubereats.com/san-diego/food-delivery/kinaly-thai-express/SrLp5FKgQwecJLGs7f3KJA,valley-center-california,"['Asian Fusion', 'Asian', 'Thai']",4.7,105,$,33.1417673,-117.0940489,+17602944411,92026,"306 W El Norte Pkwy, Suite H",Escondido,CA,"[{'@type': 'OpeningHoursSpecification', 'dayOfWeek': ['Monday', 'Tuesday', 'Wednesday', 'Thursday', 'Friday', 'Saturday', 'Sunday'], 'opens': '11:0', 'closes': '20:30'}]","{'@type': 'PostalAddress', 'addressLocality': 'Escondido', 'addressRegion': 'CA', 'postalCode': '92026', 'addressCountry': 'US', 'streetAddress': '306 W El Norte Pkwy, Suite H'}","{'@type': 'GeoCoordinates', 'latitude': 33.1417673, 'longitude': -117.0940489}","{'@type': 'AggregateRating', 'ratingValue': 4.7, 'reviewCount': '105'}"
Pita King,https://www.ubereats.com/san-diego/food-delivery/pita-king/RLc0JIljQQaaXXPV7m01Sg,valley-center-california,['Mediterranean'],4.6,93,$$,33.146826,-117.108012,+17604805662,92026,1061 W El Norte Pkwy,Escondido,CA,"[{'@type': 'OpeningHoursSpecification', 'dayOfWeek': ['Monday', 'Tuesday', 'Wednesday', 'Thursday', 'Friday', 'Saturday', 'Sunday'], 'opens': '11:0', 'closes': '20:45'}]","{'@type': 'PostalAddress', 'addressLocality': 'Escondido', 'addressRegion': 'CA', 'postalCode': '92026', 'addressCountry': 'US', 'streetAddress': '1061 W El Norte Pkwy'}","{'@type': 'GeoCoordinates', 'latitude': 33.146826, 'longitude': -117.108012}","{'@type': 'AggregateRating', 'ratingValue': 4.6, 'reviewCount': '93'}"
Debbie's Restaurant and Pie Shoppe,https://www.ubereats.com/san-diego/food-delivery/debbies-restaurant-and-pie-shoppe/IEP13U9eTaq-USYtV_PYDg,valley-center-california,"['Burgers', 'American', 'Sandwiches']",4.6,11,$,33.1344431,-117.1191656,+17607415680,92069,740 Nordahl Rd Ste 114,San Marcos,CA,"[{'@type': 'OpeningHoursSpecification', 'dayOfWeek': ['Sunday', 'Monday'], 'opens': '7:0', 'closes': '14:45'}, {'@type': 'OpeningHoursSpecification', 'dayOfWeek': ['Wednesday', 'Thursday'], 'opens': '7:0', 'closes': '14:45'}, {'@type': 'OpeningHoursSpecification', 'dayOfWeek': 'Friday', 'opens': '7:0', 'closes': '19:45'}, {'@type': 'OpeningHoursSpecification', 'dayOfWeek': 'Saturday', 'opens': '7:0', 'closes': '14:45'}]","{'@type': 'PostalAddress', 'addressLocality': 'San Marcos', 'addressRegion': 'CA', 'postalCode': '92069', 'addressCountry': 'US', 'streetAddress': '740 Nordahl Rd Ste 114'}","{'@type': 'GeoCoordinates', 'latitude': 33.1344431, 'longitude': -117.1191656}","{'@type': 'AggregateRating', 'ratingValue': 4.6, 'reviewCount': '11'}"
Pita's Mediterranean Grill (Center Dr),https://www.ubereats.com/san-diego/food-delivery/pitas-mediterranean-grill-center-dr/EjT9TaIXTgCxyv4jvGySkg,valley-center-california,"['Mediterranean', 'Greek', 'Vegetarian']",4.4,75,$,33.1353132,-117.1206384,+17607472600,92069,"763 Center Drive, Suite 103",San Marcos,CA,"[{'@type': 'OpeningHoursSpecification', 'dayOfWeek': ['Monday', 'Tuesday', 'Wednesday', 'Thursday', 'Friday', 'Saturday', 'Sunday'], 'opens': '11:0', 'closes': '20:20'}]","{'@type': 'PostalAddress', 'addressLocality': 'San Marcos', 'addressRegion': 'CA', 'postalCode': '92069', 'addressCountry': 'US', 'streetAddress': '763 Center Drive, Suite 103'}","{'@type': 'GeoCoordinates', 'latitude': 33.1353132, 'longitude': -117.1206384}","{'@type': 'AggregateRating', 'ratingValue': 4.4, 'reviewCount': '75'}"
Papa John's (1809 S Centre City Pkwy),https://www.ubereats.com/san-diego/food-delivery/papa-johns-1809-s-centre-city-pkwy/uDz31TRbS16YjcBsjxEnKg,valley-center-california,"['Pizza', 'Wings', 'Desserts']",4.8,18,$$,33.102486999999996,-117.0756595,+17607455555,92025,1809 S Centre City Pkwy,Escondido,CA,"[{'@type': 'OpeningHoursSpecification', 'dayOfWeek': ['Monday', 'Tuesday', 'Wednesday', 'Thursday', 'Friday', 'Saturday', 'Sunday'], 'opens': '10:30', 'closes': '22:10'}]","{'@type': 'PostalAddress', 'addressLocality': 'Escondido', 'addressRegion': 'CA', 'postalCode': '92025', 'addressCountry': 'US', 'streetAddress': '1809 S Centre City Pkwy'}","{'@type': 'GeoCoordinates', 'latitude': 33.102486999999996, 'longitude': -117.0756595}","{'@type': 'AggregateRating', 'ratingValue': 4.8, 'reviewCount': '18'}"
Wienerschnitzel (960 E. Valley Parkway),https://www.ubereats.com/san-diego/food-delivery/wienerschnitzel-960-e-valley-parkway/gvLtD2-xT4GUYKopfqr-Uw,valley-center-california,"['Hot Dog', 'Sandwich', 'American', 'Fast Food']",4.5,89,$,33.1292657,-117.0702487,+17607468900,92025,960 E. Valley Parkway,Escondido,CA,"[{'@type': 'OpeningHoursSpecification', 'dayOfWeek': ['Monday', 'Tuesday', 'Wednesday', 'Thursday', 'Friday', 'Saturday', 'Sunday'], 'opens': '10:0', 'closes': '21:30'}]","{'@type': 'PostalAddress', 'addressLocality': 'Escondido', 'addressRegion': 'CA', 'postalCode': '92025', 'addressCountry': 'US', 'streetAddress': '960 E. Valley Parkway'}","{'@type': 'GeoCoordinates', 'latitude': 33.1292657, 'longitude': -117.0702487}","{'@type': 'AggregateRating', 'ratingValue': 4.5, 'reviewCount': '89'}"
"El Pollo Loco (1408 E Valley Pkwy,3703)",https://www.ubereats.com/san-diego/food-delivery/el-pollo-loco-1408-e-valley-pkwy3703/GqJ0CmJlQwWbd6oY9AmbEg,valley-center-california,"['Latin American', 'Mexican', 'New American', 'Family Meals']",4.3,33,$,33.1325295,-117.0632954,+17604806374,92027,1408 E Valley Pkwy,Escondido,CA,"[{'@type': 'OpeningHoursSpecification', 'dayOfWeek': ['Monday', 'Tuesday', 'Wednesday', 'Thursday', 'Friday', 'Saturday', 'Sunday'], 'opens': '10:0', 'closes': '21:30'}]","{'@type': 'PostalAddress', 'addressLocality': 'Escondido', 'addressRegion': 'CA', 'postalCode': '92027', 'addressCountry': 'US', 'streetAddress': '1408 E Valley Pkwy'}","{'@type': 'GeoCoordinates', 'latitude': 33.1325295, 'longitude': -117.0632954}","{'@type': 'AggregateRating', 'ratingValue': 4.3, 'reviewCount': '33'}"
L&L Hawaiian Barbecue,https://www.ubereats.com/san-diego/food-delivery/l%26l-hawaiian-barbecue/8qm0oG3dRomTW8K1DYz0dg,valley-center-california,"['BBQ', 'Burgers', 'Sandwich', 'Hawaiian', 'Healthy', 'Chicken', 'Salads']",4.5,161,$,33.1357755,-117.1233501,+17609753689,92069,732 Center Drive,San Marcos,CA,"[{'@type': 'OpeningHoursSpecification', 'dayOfWeek': ['Sunday', 'Monday', 'Tuesday', 'Wednesday', 'Thursday'], 'opens': '10:15', 'closes': '17:30'}, {'@type': 'OpeningHoursSpecification', 'dayOfWeek': ['Friday', 'Saturday'], 'opens': '10:15', 'closes': '18:30'}]","{'@type': 'PostalAddress', 'addressLocality': 'San Marcos', 'addressRegion': 'CA', 'postalCode': '92069', 'addressCountry': 'US', 'streetAddress': '732 Center Drive'}","{'@type': 'GeoCoordinates', 'latitude': 33.1357755, 'longitude': -117.1233501}","{'@type': 'AggregateRating', 'ratingValue': 4.5, 'reviewCount': '161'}"
Kennedys Meat Company,https://www.ubereats.com/san-diego/food-delivery/kennedys-meat-company/dZeLvq7URuCPrknTPvVd6A,valley-center-california,"['Mexican', 'American', 'Kids Friendly']",,,$$,33.1358999,-117.0565373,+17607464622,,,,,"[{'@type': 'OpeningHoursSpecification', 'dayOfWeek': 'Sunday', 'opens': '8:0', 'closes': '18:0'}, {'@type': 'OpeningHoursSpecification', 'dayOfWeek': ['Monday', 'Tuesday', 'Wednesday', 'Thursday', 'Friday', 'Saturday'], 'opens': '8:0', 'closes': '19:0'}]",,"{'@type': 'GeoCoordinates', 'latitude': 33.1358999, 'longitude': -117.0565373}",{}
Mariscos Mazatlan,https://www.ubereats.com/san-diego/food-delivery/mariscos-mazatlan/Wu9cl917TxmQkTc1Jkp53A,valley-center-california,"['Mexican', 'New Mexican', 'Seafood']",,,$$,33.1317654,-117.0694327,+14422867552,92025,1111 E Washington Ave,Escondido,CA,"[{'@type': 'OpeningHoursSpecification', 'dayOfWeek': 'Sunday', 'opens': '8:0', 'closes': '22:0'}, {'@type': 'OpeningHoursSpecification', 'dayOfWeek': ['Monday', 'Tuesday', 'Wednesday', 'Thursday'], 'opens': '12:0', 'closes': '21:0'}]","{'@type': 'PostalAddress', 'addressLocality': 'Escondido', 'addressRegion': 'CA', 'postalCode': '92025', 'addressCountry': 'US', 'streetAddress': '1111 E Washington Ave'}","{'@type': 'GeoCoordinates', 'latitude': 33.1317654, 'longitude': -117.0694327}",{}
Soprano's Pizza and Restaurant,https://www.ubereats.com/san-diego/food-delivery/sopranos-pizza-and-restaurant/_xuja1anQx6F9w5UGhb0qA,valley-center-california,"['Sandwich', 'Pizza']",,,$,33.136972,-117.051016,+17604328684,92027,360 N Midway Dr,Escondido,CA,"[{'@type': 'OpeningHoursSpecification', 'dayOfWeek': ['Monday', 'Tuesday', 'Wednesday', 'Thursday', 'Friday', 'Saturday', 'Sunday'], 'opens': '10:0', 'closes': '21:0'}, {'@type': 'OpeningHoursSpecification', 'dayOfWeek': ['Monday', 'Tuesday', 'Wednesday', 'Thursday', 'Friday', 'Saturday', 'Sunday'], 'opens': '10:30', 'closes': '20:30'}]","{'@type': 'PostalAddress', 'addressLocality': 'Escondido', 'addressRegion': 'CA', 'postalCode': '92027', 'addressCountry': 'US', 'streetAddress': '360 N Midway Dr'}","{'@type': 'GeoCoordinates', 'latitude': 33.136972, 'longitude': -117.051016}",{}
Submarina,https://www.ubereats.com/san-diego/food-delivery/submarina/9E-0-NI4QqiQ9zs2LMNKkQ,valley-center-california,"['Sandwiches', 'American', 'Healthy']",4.7,111,$,33.132004,-117.058812,+17604891106,92027,1511 E Valley Pkwy,Escondido,CA,"[{'@type': 'OpeningHoursSpecification', 'dayOfWeek': 'Sunday', 'opens': '10:0', 'closes': '16:30'}, {'@type': 'OpeningHoursSpecification', 'dayOfWeek': 'Sunday', 'opens': '10:0', 'closes': '16:30'}, {'@type': 'OpeningHoursSpecification', 'dayOfWeek': 'Sunday', 'opens': '10:0', 'closes': '16:30'}, {'@type': 'OpeningHoursSpecification', 'dayOfWeek': 'Sunday', 'opens': '10:0', 'closes': '16:30'}, {'@type': 'OpeningHoursSpecification', 'dayOfWeek': 'Sunday', 'opens': '10:0', 'closes': '16:30'}, {'@type': 'OpeningHoursSpecification', 'dayOfWeek': 'Sunday', 'opens': '10:0', 'closes': '16:30'}, {'@type': 'OpeningHoursSpecification', 'dayOfWeek': ['Monday', 'Tuesday', 'Wednesday', 'Thursday', 'Friday', 'Saturday'], 'opens': '9:0', 'closes': '19:0'}, {'@type': 'OpeningHoursSpecification', 'dayOfWeek': ['Monday', 'Tuesday', 'Wednesday', 'Thursday', 'Friday', 'Saturday'], 'opens': '9:0', 'closes': '19:0'}, {'@type': 'OpeningHoursSpecification', 'dayOfWeek': ['Monday', 'Tuesday', 'Wednesday', 'Thursday', 'Friday', 'Saturday'], 'opens': '9:0', 'closes': '19:0'}, {'@type': 'OpeningHoursSpecification', 'dayOfWeek': ['Monday', 'Tuesday', 'Wednesday', 'Thursday', 'Friday', 'Saturday'], 'opens': '9:0', 'closes': '19:0'}, {'@type': 'OpeningHoursSpecification', 'dayOfWeek': ['Monday', 'Tuesday', 'Wednesday', 'Thursday', 'Friday', 'Saturday'], 'opens': '9:0', 'closes': '19:0'}, {'@type': 'OpeningHoursSpecification', 'dayOfWeek': ['Monday', 'Tuesday', 'Wednesday', 'Thursday', 'Friday', 'Saturday'], 'opens': '9:0', 'closes': '19:0'}]","{'@type': 'PostalAddress', 'addressLocality': 'Escondido', 'addressRegion': 'CA', 'postalCode': '92027', 'addressCountry': 'US', 'streetAddress': '1511 E Valley Pkwy'}","{'@type': 'GeoCoordinates', 'latitude': 33.132004, 'longitude': -117.058812}","{'@type': 'AggregateRating', 'ratingValue': 4.7, 'reviewCount': '111'}"
Fatburger (314 W. Valley Pkwy),https://www.ubereats.com/san-diego/food-delivery/fatburger-314-w-valley-pkwy/EzDcxejwSQKrP1C5H3XIZQ,valley-center-california,"['Burgers', 'American']",4.6,107,$,33.121498,-117.08536,+17604899999,,314 W Valley Pkwy,Escondido,California,"[{'@type': 'OpeningHoursSpecification', 'dayOfWeek': 'Sunday', 'opens': '10:30', 'closes': '21:0'}, {'@type': 'OpeningHoursSpecification', 'dayOfWeek': ['Monday', 'Tuesday', 'Wednesday', 'Thursday'], 'opens': '10:30', 'closes': '20:0'}, {'@type': 'OpeningHoursSpecification', 'dayOfWeek': 'Friday', 'opens': '10:30', 'closes': '21:0'}]","{'@type': 'PostalAddress', 'addressLocality': 'Escondido', 'addressRegion': 'California', 'postalCode': '', 'addressCountry': 'US', 'streetAddress': '314 W Valley Pkwy'}","{'@type': 'GeoCoordinates', 'latitude': 33.121498, 'longitude': -117.08536}","{'@type': 'AggregateRating', 'ratingValue': 4.6, 'reviewCount': '107'}"
Hooters (Center Dr & Nordahl Rd),https://www.ubereats.com/san-diego/food-delivery/hooters-center-dr-%26-nordahl-rd/LvDdtqRwQU6HPkmj3VIY4Q,valley-center-california,"['American', 'Wings']",4.2,92,$$,33.13413,-117.120722,+18584516000,92069,775 Center Dr,San Marcos,CA,"[{'@type': 'OpeningHoursSpecification', 'dayOfWeek': ['Monday', 'Tuesday', 'Wednesday', 'Thursday', 'Friday', 'Saturday', 'Sunday'], 'opens': '11:0', 'closes': '21:30'}]","{'@type': 'PostalAddress', 'addressLocality': 'San Marcos', 'addressRegion': 'CA', 'postalCode': '92069', 'addressCountry': 'US', 'streetAddress': '775 Center Dr'}","{'@type': 'GeoCoordinates', 'latitude': 33.13413, 'longitude': -117.120722}","{'@type': 'AggregateRating', 'ratingValue': 4.2, 'reviewCount': '92'}"
Cuscatlan Comida Salvadorena,https://www.ubereats.com/san-diego/food-delivery/cuscatlan-comida-salvadorena/uK6ljpTKSXSzFLoOTXktQA,valley-center-california,"['Latin American', 'Latin Fusion', 'Spanish']",4.7,50,$,33.1224381,-117.0794772,+17602911225,92025,221 E Grand Ave,Escondido,CA,"[{'@type': 'OpeningHoursSpecification', 'dayOfWeek': ['Sunday', 'Monday', 'Tuesday', 'Wednesday', 'Thursday', 'Friday'], 'opens': '10:0', 'closes': '20:0'}, {'@type': 'OpeningHoursSpecification', 'dayOfWeek': ['Sunday', 'Monday', 'Tuesday', 'Wednesday', 'Thursday', 'Friday'], 'opens': '11:0', 'closes': '16:0'}, {'@type': 'OpeningHoursSpecification', 'dayOfWeek': 'Saturday', 'opens': '10:0', 'closes': '22:0'}, {'@type': 'OpeningHoursSpecification', 'dayOfWeek': 'Saturday', 'opens': '11:0', 'closes': '16:0'}]","{'@type': 'PostalAddress', 'addressLocality': 'Escondido', 'addressRegion': 'CA', 'postalCode': '92025', 'addressCountry': 'US', 'streetAddress': '221 E Grand Ave'}","{'@type': 'GeoCoordinates', 'latitude': 33.1224381, 'longitude': -117.0794772}","{'@type': 'AggregateRating', 'ratingValue': 4.7, 'reviewCount': '50'}"
Denny's (510 W. Mission Ave),https://www.ubereats.com/san-diego/food-delivery/dennys-510-w-mission-ave/Emjz75LOQBO_MwaouYXPww,valley-center-california,"['American', 'Breakfast and Brunch', 'Coffee and Tea', 'Diner', 'Desserts', 'Salads', 'Steak', 'Sandwich', 'Family Meals']",4.2,107,$$,33.128544,-117.092607,+17607430920,92025,510 W. Mission Ave,Escondido,CA,"[{'@type': 'OpeningHoursSpecification', 'dayOfWeek': ['Monday', 'Tuesday', 'Wednesday', 'Thursday', 'Friday', 'Saturday', 'Sunday'], 'opens': '6:0', 'closes': '22:0'}]","{'@type': 'PostalAddress', 'addressLocality': 'Escondido', 'addressRegion': 'CA', 'postalCode': '92025', 'addressCountry': 'US', 'streetAddress': '510 W. Mission Ave'}","{'@type': 'GeoCoordinates', 'latitude': 33.128544, 'longitude': -117.092607}","{'@type': 'AggregateRating', 'ratingValue': 4.2, 'reviewCount': '107'}"
"El Pollo Loco (350 W El Norte Pkwy,3814)",https://www.ubereats.com/san-diego/food-delivery/el-pollo-loco-350-w-el-norte-pkwy3814/FdH1kLIARdKiuRgB-hob1Q,valley-center-california,"['Latin American', 'Mexican', 'New American', 'Family Meals']",4.2,16,$,33.143435,-117.0956117,+17604662461,92026,350 W El Norte Pkwy,Escondido,CA,"[{'@type': 'OpeningHoursSpecification', 'dayOfWeek': ['Monday', 'Tuesday', 'Wednesday', 'Thursday', 'Friday', 'Saturday', 'Sunday'], 'opens': '10:0', 'closes': '21:30'}]","{'@type': 'PostalAddress', 'addressLocality': 'Escondido', 'addressRegion': 'CA', 'postalCode': '92026', 'addressCountry': 'US', 'streetAddress': '350 W El Norte Pkwy'}","{'@type': 'GeoCoordinates', 'latitude': 33.143435, 'longitude': -117.0956117}","{'@type': 'AggregateRating', 'ratingValue': 4.2, 'reviewCount': '16'}"
Jersey Mike's Subs,https://www.ubereats.com/san-diego/food-delivery/jersey-mikes-subs/T4iWjXvNTSWbcMMlZU57oA,valley-center-california,"['Sandwich', 'American', 'Comfort Food']",4.8,150,$,33.1321977,-117.0609738,+17608714900,92027,1497 E Valley Parkway,Escondido,CA,"[{'@type': 'OpeningHoursSpecification', 'dayOfWeek': ['Monday', 'Tuesday', 'Wednesday', 'Thursday', 'Friday', 'Saturday', 'Sunday'], 'opens': '10:0', 'closes': '21:0'}]","{'@type': 'PostalAddress', 'addressLocality': 'Escondido', 'addressRegion': 'CA', 'postalCode': '92027', 'addressCountry': 'US', 'streetAddress': '1497 E Valley Parkway'}","{'@type': 'GeoCoordinates', 'latitude': 33.1321977, 'longitude': -117.0609738}","{'@type': 'AggregateRating', 'ratingValue': 4.8, 'reviewCount': '150'}"
AhiPoki Bowl (Escondido),https://www.ubereats.com/san-diego/food-delivery/ahipoki-bowl-escondido/a1SCUqBmT-mZFyMEEIxsHQ,valley-center-california,"['Hawaiian', 'American', 'Rice-bowls', 'Family Meals']",4.8,44,$,33.1121119,-117.0995661,+17603171171,92029,"1270 Auto Park Way, Ste S007",Escondido,CA,"[{'@type': 'OpeningHoursSpecification', 'dayOfWeek': ['Monday', 'Tuesday', 'Wednesday', 'Thursday', 'Friday', 'Saturday', 'Sunday'], 'opens': '11:0', 'closes': '19:29'}]","{'@type': 'PostalAddress', 'addressLocality': 'Escondido', 'addressRegion': 'CA', 'postalCode': '92029', 'addressCountry': 'US', 'streetAddress': '1270 Auto Park Way, Ste S007'}","{'@type': 'GeoCoordinates', 'latitude': 33.1121119, 'longitude': -117.0995661}","{'@type': 'AggregateRating', 'ratingValue': 4.8, 'reviewCount': '44'}"
Chipotle Mexican Grill (1201 E Valley Pkwy Ste A),https://www.ubereats.com/san-diego/food-delivery/chipotle-mexican-grill-1201-e-valley-pkwy-ste-a/xZNhG8j7SUC6chbTqY7Hbw,valley-center-california,"['Healthy', 'Mexican']",4.5,182,$,33.13027449999999,-117.0665729,+17608843002,92027,1201 E Valley Pkwy Ste A,Escondido,CA,"[{'@type': 'OpeningHoursSpecification', 'dayOfWeek': ['Monday', 'Tuesday', 'Wednesday', 'Thursday', 'Friday', 'Saturday', 'Sunday'], 'opens': '10:30', 'closes': '21:40'}]","{'@type': 'PostalAddress', 'addressLocality': 'Escondido', 'addressRegion': 'CA', 'postalCode': '92027', 'addressCountry': 'US', 'streetAddress': '1201 E Valley Pkwy Ste A'}","{'@type': 'GeoCoordinates', 'latitude': 33.13027449999999, 'longitude': -117.0665729}","{'@type': 'AggregateRating', 'ratingValue': 4.5, 'reviewCount': '182'}"
Chef V,https://www.ubereats.com/san-diego/food-delivery/chef-v/IFSU3K7oQu-U4HTJMLwO0g,valley-center-california,"['Juice and Smoothies', 'Healthy']",,,$$,33.136808,-117.12957,+17602338790,92069,1300 E Mission Rd,San Marcos,CA,"[{'@type': 'OpeningHoursSpecification', 'dayOfWeek': 'Sunday', 'opens': '9:0', 'closes': '14:30'}, {'@type': 'OpeningHoursSpecification', 'dayOfWeek': ['Monday', 'Tuesday'], 'opens': '7:0', 'closes': '17:30'}, {'@type': 'OpeningHoursSpecification', 'dayOfWeek': ['Wednesday', 'Thursday'], 'opens': '9:0', 'closes': '14:30'}, {'@type': 'OpeningHoursSpecification', 'dayOfWeek': 'Saturday', 'opens': '9:0', 'closes': '14:30'}]","{'@type': 'PostalAddress', 'addressLocality': 'San Marcos', 'addressRegion': 'CA', 'postalCode': '92069', 'addressCountry': 'US', 'streetAddress': '1300 E Mission Rd'}","{'@type': 'GeoCoordinates', 'latitude': 33.136808, 'longitude': -117.12957}",{}
Lourdes Mexican Restaurant,https://www.ubereats.com/san-diego/food-delivery/lourdes-mexican-restaurant/Ah8V1kgUS62vfdn7tUwWUg,valley-center-california,"['Mexican', 'Latin American', 'New Mexican']",4.8,60,$,33.1447609,-117.1011505,+17607461389,92026,615 West El Norte Parkway,Escondido,CA,"[{'@type': 'OpeningHoursSpecification', 'dayOfWeek': ['Monday', 'Tuesday', 'Wednesday', 'Thursday', 'Friday', 'Saturday'], 'opens': '9:0', 'closes': '20:0'}]","{'@type': 'PostalAddress', 'addressLocality': 'Escondido', 'addressRegion': 'CA', 'postalCode': '92026', 'addressCountry': 'US', 'streetAddress': '615 West El Norte Parkway'}","{'@type': 'GeoCoordinates', 'latitude': 33.1447609, 'longitude': -117.1011505}","{'@type': 'AggregateRating', 'ratingValue': 4.8, 'reviewCount': '60'}"
Plan 9 Alehouse,https://www.ubereats.com/san-diego/food-delivery/plan-9-alehouse/2xC9oEo9RAa1W0xdAxaF3g,valley-center-california,"['Burgers', 'American', 'Wings']",,,$$,33.121933,-117.080178,+17604898817,92025,155 E Grand Ave,Escondido,CA,"[{'@type': 'OpeningHoursSpecification', 'dayOfWeek': 'Monday', 'opens': '11:30', 'closes': '19:30'}]","{'@type': 'PostalAddress', 'addressLocality': 'Escondido', 'addressRegion': 'CA', 'postalCode': '92025', 'addressCountry': 'US', 'streetAddress': '155 E Grand Ave'}","{'@type': 'GeoCoordinates', 'latitude': 33.121933, 'longitude': -117.080178}",{}
The Market At Hidden Meadows,https://www.ubereats.com/san-diego/food-delivery/the-market-at-hidden-meadows/OMQhteonT3muW7_jEUJC9w,valley-center-california,"['Deli', 'Pizza', 'Sandwich']",4.8,27,$$,33.2161277,-117.1092401,+17602971232,92026,10326 Meadow Glen Way E,Escondido,CA,"[{'@type': 'OpeningHoursSpecification', 'dayOfWeek': ['Monday', 'Tuesday', 'Wednesday', 'Thursday', 'Friday', 'Saturday', 'Sunday'], 'opens': '7:0', 'closes': '19:45'}]","{'@type': 'PostalAddress', 'addressLocality': 'Escondido', 'addressRegion': 'CA', 'postalCode': '92026', 'addressCountry': 'US', 'streetAddress': '10326 Meadow Glen Way E'}","{'@type': 'GeoCoordinates', 'latitude': 33.2161277, 'longitude': -117.1092401}","{'@type': 'AggregateRating', 'ratingValue': 4.8, 'reviewCount': '27'}"
Sayulitas Mexican Food (Escondido Blvd),https://www.ubereats.com/san-diego/food-delivery/sayulitas-mexican-food-escondido-blvd/glZXWhDKQ9STfgtZH4TY-Q,valley-center-california,"['Mexican', 'Latin American', 'Seafood']",4.6,195,$,33.1178831,-117.0827295,+17608397938,92025,331 S,Escondido,CA,"[{'@type': 'OpeningHoursSpecification', 'dayOfWeek': ['Monday', 'Tuesday', 'Wednesday', 'Thursday', 'Friday', 'Saturday', 'Sunday'], 'opens': '8:0', 'closes': '21:30'}]","{'@type': 'PostalAddress', 'addressLocality': 'Escondido', 'addressRegion': 'CA', 'postalCode': '92025', 'addressCountry': 'US', 'streetAddress': '331 S'}","{'@type': 'GeoCoordinates', 'latitude': 33.1178831, 'longitude': -117.0827295}","{'@type': 'AggregateRating', 'ratingValue': 4.6, 'reviewCount': '195'}"
"Yoshinoya (700 N Centre City Parkway, #101)",https://www.ubereats.com/san-diego/food-delivery/yoshinoya-700-n-centre-city-parkway-%23101/U9QbKoucQACuZFkdHTm_Cw,valley-center-california,"['Japanese', 'Sushi', 'Seafood']",4.0,36,$,33.1265035,-117.0904823,+17605949544,92025,700 Centre City Parkway #101,Escondido,CA,"[{'@type': 'OpeningHoursSpecification', 'dayOfWeek': 'Sunday', 'opens': '10:0', 'closes': '17:45'}, {'@type': 'OpeningHoursSpecification', 'dayOfWeek': ['Monday', 'Tuesday', 'Wednesday', 'Thursday'], 'opens': '10:0', 'closes': '20:45'}, {'@type': 'OpeningHoursSpecification', 'dayOfWeek': ['Friday', 'Saturday'], 'opens': '10:0', 'closes': '17:45'}]","{'@type': 'PostalAddress', 'addressLocality': 'Escondido', 'addressRegion': 'CA', 'postalCode': '92025', 'addressCountry': 'US', 'streetAddress': '700 Centre City Parkway #101'}","{'@type': 'GeoCoordinates', 'latitude': 33.1265035, 'longitude': -117.0904823}","{'@type': 'AggregateRating', 'ratingValue': 4, 'reviewCount': '36'}"
Cute Cakes Bakery and Cafe,https://www.ubereats.com/san-diego/food-delivery/cute-cakes-bakery-and-cafe/PsC2kFB7SXmf5BDo1Iy2Ow,valley-center-california,"['Desserts', 'Sandwich', 'Salads']",4.9,14,$$,33.119663,-117.08487,+17607455278,92025,345 W Grand Ave,Escondido,CA,"[{'@type': 'OpeningHoursSpecification', 'dayOfWeek': 'Tuesday', 'opens': '8:0', 'closes': '16:0'}, {'@type': 'OpeningHoursSpecification', 'dayOfWeek': 'Tuesday', 'opens': '8:0', 'closes': '16:0'}, {'@type': 'OpeningHoursSpecification', 'dayOfWeek': 'Tuesday', 'opens': '8:0', 'closes': '16:0'}, {'@type': 'OpeningHoursSpecification', 'dayOfWeek': ['Wednesday', 'Thursday', 'Friday', 'Saturday'], 'opens': '8:0', 'closes': '16:0'}, {'@type': 'OpeningHoursSpecification', 'dayOfWeek': ['Wednesday', 'Thursday', 'Friday', 'Saturday'], 'opens': '8:0', 'closes': '16:0'}, {'@type': 'OpeningHoursSpecification', 'dayOfWeek': ['Wednesday', 'Thursday', 'Friday', 'Saturday'], 'opens': '8:0', 'closes': '16:0'}, {'@type': 'OpeningHoursSpecification', 'dayOfWeek': ['Wednesday', 'Thursday', 'Friday', 'Saturday'], 'opens': '8:0', 'closes': '16:0'}, {'@type': 'OpeningHoursSpecification', 'dayOfWeek': ['Wednesday', 'Thursday', 'Friday', 'Saturday'], 'opens': '8:0', 'closes': '16:0'}]","{'@type': 'PostalAddress', 'addressLocality': 'Escondido', 'addressRegion': 'CA', 'postalCode': '92025', 'addressCountry': 'US', 'streetAddress': '345 W Grand Ave'}","{'@type': 'GeoCoordinates', 'latitude': 33.119663, 'longitude': -117.08487}","{'@type': 'AggregateRating', 'ratingValue': 4.9, 'reviewCount': '14'}"
KFC (639 N. Broadway),https://www.ubereats.com/san-diego/food-delivery/kfc-639-n-broadway/KKqkdrO_QZmaU4lNOeXaFg,valley-center-california,"['American', 'Fast Food', 'wings']",4.4,79,$,33.12793540000001,-117.0846716,+17604809122,92025,639 N. Broadway,Escondido,CA,"[{'@type': 'OpeningHoursSpecification', 'dayOfWeek': ['Monday', 'Tuesday', 'Wednesday', 'Thursday', 'Friday', 'Saturday', 'Sunday'], 'opens': '10:0', 'closes': '21:30'}]","{'@type': 'PostalAddress', 'addressLocality': 'Escondido', 'addressRegion': 'CA', 'postalCode': '92025', 'addressCountry': 'US', 'streetAddress': '639 N. Broadway'}","{'@type': 'GeoCoordinates', 'latitude': 33.12793540000001, 'longitude': -117.0846716}","{'@type': 'AggregateRating', 'ratingValue': 4.4, 'reviewCount': '79'}"
Arby's (320 W Mission Ave),https://www.ubereats.com/san-diego/food-delivery/arbys-320-w-mission-ave/6oIByzujTNKLz9uAtMAGkg,valley-center-california,"['American', 'Sandwich', 'Desserts', 'Fast Food', 'Kids Friendly']",4.5,66,$,33.1291767,-117.0905784,+17607471290,92025,320 W Mission Ave,Escondido,CA,"[{'@type': 'OpeningHoursSpecification', 'dayOfWeek': ['Monday', 'Tuesday', 'Wednesday', 'Thursday', 'Friday', 'Saturday', 'Sunday'], 'opens': '10:0', 'closes': '22:0'}]","{'@type': 'PostalAddress', 'addressLocality': 'Escondido', 'addressRegion': 'CA', 'postalCode': '92025', 'addressCountry': 'US', 'streetAddress': '320 W Mission Ave'}","{'@type': 'GeoCoordinates', 'latitude': 33.1291767, 'longitude': -117.0905784}","{'@type': 'AggregateRating', 'ratingValue': 4.5, 'reviewCount': '66'}"
The Habit Burger Grill (720 N Centre City Parkway),https://www.ubereats.com/san-diego/food-delivery/the-habit-burger-grill-720-n-centre-city-parkway/r04SeFHSQO6hR3ilHSOYww,valley-center-california,"['American', 'Burgers', 'New American', 'Family Meals']",4.5,130,$,33.1281788,-117.0909897,+17607905425,,,,,"[{'@type': 'OpeningHoursSpecification', 'dayOfWeek': ['Monday', 'Tuesday', 'Wednesday', 'Thursday', 'Friday', 'Saturday', 'Sunday'], 'opens': '10:30', 'closes': '21:45'}]",,"{'@type': 'GeoCoordinates', 'latitude': 33.1281788, 'longitude': -117.0909897}","{'@type': 'AggregateRating', 'ratingValue': 4.5, 'reviewCount': '130'}"
Umai Sushi & Yakitori,https://www.ubereats.com/san-diego/food-delivery/umai-sushi-%26-yakitori/962AfYRRQaKRnJOqQ9xbTQ,valley-center-california,"['Japanese', 'Asian', 'Sushi']",4.6,108,$,33.1341998,-117.1192536,+17602330888,92069,730 Nordahl Road,San Marcos,CA,"[{'@type': 'OpeningHoursSpecification', 'dayOfWeek': ['Sunday', 'Monday', 'Tuesday', 'Wednesday', 'Thursday'], 'opens': '11:0', 'closes': '20:0'}, {'@type': 'OpeningHoursSpecification', 'dayOfWeek': ['Friday', 'Saturday'], 'opens': '11:0', 'closes': '8:45'}]","{'@type': 'PostalAddress', 'addressLocality': 'San Marcos', 'addressRegion': 'CA', 'postalCode': '92069', 'addressCountry': 'US', 'streetAddress': '730 Nordahl Road'}","{'@type': 'GeoCoordinates', 'latitude': 33.1341998, 'longitude': -117.1192536}","{'@type': 'AggregateRating', 'ratingValue': 4.6, 'reviewCount': '108'}"
Lourdes Mexican Food,https://www.ubereats.com/san-diego/food-delivery/lourdes-mexican-food/tYJRTz9EQJasJX15AfHzFg,valley-center-california,"['Mexican', 'Latin American', 'New Mexican']",4.8,98,$,33.1151542,-117.0803506,+17607985135,92025,650 South,Escondido,CA,"[{'@type': 'OpeningHoursSpecification', 'dayOfWeek': ['Monday', 'Tuesday', 'Wednesday', 'Thursday', 'Friday', 'Saturday', 'Sunday'], 'opens': '9:0', 'closes': '20:45'}]","{'@type': 'PostalAddress', 'addressLocality': 'Escondido', 'addressRegion': 'CA', 'postalCode': '92025', 'addressCountry': 'US', 'streetAddress': '650 South'}","{'@type': 'GeoCoordinates', 'latitude': 33.1151542, 'longitude': -117.0803506}","{'@type': 'AggregateRating', 'ratingValue': 4.8, 'reviewCount': '98'}"
Pho Time,https://www.ubereats.com/san-diego/food-delivery/pho-time/4YreNO_MRYuShAqz5vromQ,valley-center-california,['Vietnamese'],4.8,96,$,33.137246,-117.130477,+17607964842,92069,1252 E Mission Rd,San Marcos,CA,"[{'@type': 'OpeningHoursSpecification', 'dayOfWeek': 'Sunday', 'opens': '10:30', 'closes': '20:30'}, {'@type': 'OpeningHoursSpecification', 'dayOfWeek': ['Tuesday', 'Wednesday', 'Thursday', 'Friday', 'Saturday'], 'opens': '10:30', 'closes': '20:30'}]","{'@type': 'PostalAddress', 'addressLocality': 'San Marcos', 'addressRegion': 'CA', 'postalCode': '92069', 'addressCountry': 'US', 'streetAddress': '1252 E Mission Rd'}","{'@type': 'GeoCoordinates', 'latitude': 33.137246, 'longitude': -117.130477}","{'@type': 'AggregateRating', 'ratingValue': 4.8, 'reviewCount': '96'}"
Muay Thai Kitchen,https://www.ubereats.com/san-diego/food-delivery/muay-thai-kitchen/XTwygTQlRqeFscyBGG9cXw,valley-center-california,['Thai'],4.7,120,$$,33.134349,-117.119267,+16198133742,92069,740 Nordahl Rd,San Marcos,CA,"[{'@type': 'OpeningHoursSpecification', 'dayOfWeek': 'Sunday', 'opens': '11:15', 'closes': '8:30'}, {'@type': 'OpeningHoursSpecification', 'dayOfWeek': 'Sunday', 'opens': '11:15', 'closes': '21:15'}, {'@type': 'OpeningHoursSpecification', 'dayOfWeek': 'Sunday', 'opens': '11:0', 'closes': '15:0'}, {'@type': 'OpeningHoursSpecification', 'dayOfWeek': 'Monday', 'opens': '11:0', 'closes': '15:0'}, {'@type': 'OpeningHoursSpecification', 'dayOfWeek': ['Tuesday', 'Wednesday', 'Thursday'], 'opens': '11:15', 'closes': '8:30'}, {'@type': 'OpeningHoursSpecification', 'dayOfWeek': ['Tuesday', 'Wednesday', 'Thursday'], 'opens': '11:0', 'closes': '15:0'}, {'@type': 'OpeningHoursSpecification', 'dayOfWeek': ['Friday', 'Saturday'], 'opens': '11:15', 'closes': '8:30'}, {'@type': 'OpeningHoursSpecification', 'dayOfWeek': ['Friday', 'Saturday'], 'opens': '11:15', 'closes': '21:15'}, {'@type': 'OpeningHoursSpecification', 'dayOfWeek': ['Friday', 'Saturday'], 'opens': '11:0', 'closes': '15:0'}]","{'@type': 'PostalAddress', 'addressLocality': 'San Marcos', 'addressRegion': 'CA', 'postalCode': '92069', 'addressCountry': 'US', 'streetAddress': '740 Nordahl Rd'}","{'@type': 'GeoCoordinates', 'latitude': 33.134349, 'longitude': -117.119267}","{'@type': 'AggregateRating', 'ratingValue': 4.7, 'reviewCount': '120'}"
Kennedys Meat Company,https://www.ubereats.com/san-diego/food-delivery/kennedys-meat-company/ZTnOCpACTlWfK5-t4WtSWQ,valley-center-california,"['Mexican', 'Latin American', 'New Mexican', 'Breakfast and Brunch', 'Salads']",4.8,42,$,33.1358999,-117.0565373,+17607464622,92027,1766 E Valley Pkwy,Escondido,CA,"[{'@type': 'OpeningHoursSpecification', 'dayOfWeek': 'Sunday', 'opens': '8:0', 'closes': '18:30'}, {'@type': 'OpeningHoursSpecification', 'dayOfWeek': ['Monday', 'Tuesday', 'Wednesday', 'Thursday', 'Friday', 'Saturday'], 'opens': '8:0', 'closes': '19:30'}]","{'@type': 'PostalAddress', 'addressLocality': 'Escondido', 'addressRegion': 'CA', 'postalCode': '92027', 'addressCountry': 'US', 'streetAddress': '1766 E Valley Pkwy'}","{'@type': 'GeoCoordinates', 'latitude': 33.1358999, 'longitude': -117.0565373}","{'@type': 'AggregateRating', 'ratingValue': 4.8, 'reviewCount': '42'}"
Starbucks (Valley Parkway & Harding),https://www.ubereats.com/san-diego/food-delivery/starbucks-valley-parkway-%26-harding/ZwHGKEK_Qj-OdPzXWjbNUg,valley-center-california,"['Bakery', 'Breakfast and Brunch', 'Cafe', 'Coffee & Tea']",4.7,311,$,33.1324709,-117.0618932,+17607476559,92027,1485 E Valley Pkwy. Ste A,Escondido,CA,"[{'@type': 'OpeningHoursSpecification', 'dayOfWeek': 'Sunday', 'opens': '5:30', 'closes': '21:30'}, {'@type': 'OpeningHoursSpecification', 'dayOfWeek': ['Monday', 'Tuesday', 'Wednesday', 'Thursday'], 'opens': '4:30', 'closes': '21:30'}, {'@type': 'OpeningHoursSpecification', 'dayOfWeek': ['Friday', 'Saturday'], 'opens': '4:30', 'closes': '22:0'}]","{'@type': 'PostalAddress', 'addressLocality': 'Escondido', 'addressRegion': 'CA', 'postalCode': '92027', 'addressCountry': 'US', 'streetAddress': '1485 E Valley Pkwy. Ste A'}","{'@type': 'GeoCoordinates', 'latitude': 33.1324709, 'longitude': -117.0618932}","{'@type': 'AggregateRating', 'ratingValue': 4.7, 'reviewCount': '311'}"
Pho Saigon Express,https://www.ubereats.com/san-diego/food-delivery/pho-saigon-express/Oa0ceVQHT_-5eZQFHjDhPw,valley-center-california,"['Vietnamese', 'Noodles', 'Healthy', 'Chinese', 'Thai']",4.9,305,$,33.1268879,-117.0850624,+17607464669,92025,605 North Broadway,Escondido,CA,"[{'@type': 'OpeningHoursSpecification', 'dayOfWeek': ['Monday', 'Tuesday', 'Wednesday', 'Thursday', 'Friday', 'Saturday', 'Sunday'], 'opens': '9:0', 'closes': '21:30'}]","{'@type': 'PostalAddress', 'addressLocality': 'Escondido', 'addressRegion': 'CA', 'postalCode': '92025', 'addressCountry': 'US', 'streetAddress': '605 North Broadway'}","{'@type': 'GeoCoordinates', 'latitude': 33.1268879, 'longitude': -117.0850624}","{'@type': 'AggregateRating', 'ratingValue': 4.9, 'reviewCount': '305'}"
Serrano's Mexican Food,https://www.ubereats.com/san-diego/food-delivery/serranos-mexican-food/VYxzWWQASl6cg47eabTlnA,valley-center-california,['Mexican'],4.6,147,$,33.127318,-117.095258,+17602911229,92025,642 W Mission Ave,Escondido,CA,"[{'@type': 'OpeningHoursSpecification', 'dayOfWeek': ['Sunday', 'Monday', 'Tuesday', 'Wednesday', 'Thursday'], 'opens': '6:0', 'closes': '21:30'}, {'@type': 'OpeningHoursSpecification', 'dayOfWeek': ['Friday', 'Saturday'], 'opens': '6:0', 'closes': '22:30'}]","{'@type': 'PostalAddress', 'addressLocality': 'Escondido', 'addressRegion': 'CA', 'postalCode': '92025', 'addressCountry': 'US', 'streetAddress': '642 W Mission Ave'}","{'@type': 'GeoCoordinates', 'latitude': 33.127318, 'longitude': -117.095258}","{'@type': 'AggregateRating', 'ratingValue': 4.6, 'reviewCount': '147'}"
Ali Baba Mediterranean Cuisine,https://www.ubereats.com/san-diego/food-delivery/ali-baba-mediterranean-cuisine/QShF8s9ITTCXCGcmCwkiQA,valley-center-california,"['Mediterranean', 'Greek', 'Vegetarian', 'Family Meals']",4.6,78,$,33.1295942,-117.08697,+17602338717,92025,201 W Mission Ave,Escondido,CA,"[{'@type': 'OpeningHoursSpecification', 'dayOfWeek': 'Sunday', 'opens': '11:0', 'closes': '19:30'}, {'@type': 'OpeningHoursSpecification', 'dayOfWeek': ['Monday', 'Tuesday', 'Wednesday', 'Thursday', 'Friday'], 'opens': '11:0', 'closes': '15:0'}, {'@type': 'OpeningHoursSpecification', 'dayOfWeek': ['Monday', 'Tuesday', 'Wednesday', 'Thursday', 'Friday'], 'opens': '11:0', 'closes': '19:30'}, {'@type': 'OpeningHoursSpecification', 'dayOfWeek': 'Saturday', 'opens': '11:0', 'closes': '19:30'}]","{'@type': 'PostalAddress', 'addressLocality': 'Escondido', 'addressRegion': 'CA', 'postalCode': '92025', 'addressCountry': 'US', 'streetAddress': '201 W Mission Ave'}","{'@type': 'GeoCoordinates', 'latitude': 33.1295942, 'longitude': -117.08697}","{'@type': 'AggregateRating', 'ratingValue': 4.6, 'reviewCount': '78'}"
IHOP (1340 E. Valley Parkway),https://www.ubereats.com/san-diego/food-delivery/ihop-1340-e-valley-parkway/5k4Eg_a2R0-Lpdf0VbXyUQ,valley-center-california,"['American', 'Breakfast and Brunch', 'burger', 'Comfort Food', 'Dinner', 'Omelette', 'salad', 'Traditional American', 'Family Meals']",4.5,69,$,33.1320381,-117.0643528,+17604898730,92027,1340 E. Valley Parkway,Escondido,CA,"[{'@type': 'OpeningHoursSpecification', 'dayOfWeek': ['Monday', 'Tuesday', 'Wednesday', 'Thursday', 'Friday', 'Saturday', 'Sunday'], 'opens': '7:0', 'closes': '13:50'}]","{'@type': 'PostalAddress', 'addressLocality': 'Escondido', 'addressRegion': 'CA', 'postalCode': '92027', 'addressCountry': 'US', 'streetAddress': '1340 E. Valley Parkway'}","{'@type': 'GeoCoordinates', 'latitude': 33.1320381, 'longitude': -117.0643528}","{'@type': 'AggregateRating', 'ratingValue': 4.5, 'reviewCount': '69'}"
Los Panchos Mexican Grill & Seafood,https://www.ubereats.com/san-diego/food-delivery/los-panchos-mexican-grill-%26-seafood/6sZEef7IQ_GR3b9IVi05fw,valley-center-california,"['Mexican', 'Latin American', 'New Mexican']",4.8,25,$,33.11223899999999,-117.0788106,+16194541796,92025,915 S,Escondido,CA,"[{'@type': 'OpeningHoursSpecification', 'dayOfWeek': ['Monday', 'Tuesday', 'Wednesday', 'Thursday', 'Friday', 'Saturday', 'Sunday'], 'opens': '8:0', 'closes': '22:0'}]","{'@type': 'PostalAddress', 'addressLocality': 'Escondido', 'addressRegion': 'CA', 'postalCode': '92025', 'addressCountry': 'US', 'streetAddress': '915 S'}","{'@type': 'GeoCoordinates', 'latitude': 33.11223899999999, 'longitude': -117.0788106}","{'@type': 'AggregateRating', 'ratingValue': 4.8, 'reviewCount': '25'}"
Rubio's (751 Ctr Dr),https://www.ubereats.com/san-diego/food-delivery/rubios-751-ctr-dr/i10UGyf3RUuPflXagdr9AA,valley-center-california,"['Mexican', 'Family Meals']",4.1,79,$$,33.135689,-117.121466,+17607456918,92069,"751 Center Drive, Suite 106",San Marcos,CA,"[{'@type': 'OpeningHoursSpecification', 'dayOfWeek': ['Monday', 'Tuesday', 'Wednesday', 'Thursday', 'Friday', 'Saturday', 'Sunday'], 'opens': '10:0', 'closes': '21:0'}]","{'@type': 'PostalAddress', 'addressLocality': 'San Marcos', 'addressRegion': 'CA', 'postalCode': '92069', 'addressCountry': 'US', 'streetAddress': '751 Center Drive, Suite 106'}","{'@type': 'GeoCoordinates', 'latitude': 33.135689, 'longitude': -117.121466}","{'@type': 'AggregateRating', 'ratingValue': 4.1, 'reviewCount': '79'}"
Farmer Boys – W. Mission Ave.,https://www.ubereats.com/san-diego/food-delivery/farmer-boys-%E2%80%93-w-mission-ave/eXdU23U3R36wMLzG3--Bnw,valley-center-california,"['Breakfast and Brunch', 'Burgers', 'Salads', 'Sandwich']",4.8,171,$$,33.126217,-117.097657,+17607435000,92025,925 W Mission Ave,Escondido,California,"[{'@type': 'OpeningHoursSpecification', 'dayOfWeek': 'Sunday', 'opens': '6:0', 'closes': '22:0'}, {'@type': 'OpeningHoursSpecification', 'dayOfWeek': 'Sunday', 'opens': '7:0', 'closes': '20:0'}, {'@type': 'OpeningHoursSpecification', 'dayOfWeek': ['Monday', 'Tuesday', 'Wednesday', 'Thursday', 'Friday', 'Saturday'], 'opens': '6:0', 'closes': '22:0'}]","{'@type': 'PostalAddress', 'addressLocality': 'Escondido', 'addressRegion': 'California', 'postalCode': '92025', 'addressCountry': 'US', 'streetAddress': '925 W Mission Ave'}","{'@type': 'GeoCoordinates', 'latitude': 33.126217, 'longitude': -117.097657}","{'@type': 'AggregateRating', 'ratingValue': 4.8, 'reviewCount': '171'}"
Burger King (1707 East Valley Parkway),https://www.ubereats.com/san-diego/food-delivery/burger-king-1707-east-valley-parkway/lwPzAWDaQ5Ghqcs6793RwA,valley-center-california,"['American', 'burger', 'Fast Food']",4.5,64,$,33.1344793,-117.0574798,+17607417492,92027,1707 East Valley Parkway,Escondido,CA,"[{'@type': 'OpeningHoursSpecification', 'dayOfWeek': 'Sunday', 'opens': '7:0', 'closes': '10:29'}, {'@type': 'OpeningHoursSpecification', 'dayOfWeek': 'Sunday', 'opens': '10:30', 'closes': '22:30'}, {'@type': 'OpeningHoursSpecification', 'dayOfWeek': ['Monday', 'Tuesday', 'Wednesday', 'Thursday', 'Friday', 'Saturday'], 'opens': '6:30', 'closes': '10:29'}, {'@type': 'OpeningHoursSpecification', 'dayOfWeek': ['Monday', 'Tuesday', 'Wednesday', 'Thursday', 'Friday', 'Saturday'], 'opens': '10:30', 'closes': '22:30'}]","{'@type': 'PostalAddress', 'addressLocality': 'Escondido', 'addressRegion': 'CA', 'postalCode': '92027', 'addressCountry': 'US', 'streetAddress': '1707 East Valley Parkway'}","{'@type': 'GeoCoordinates', 'latitude': 33.1344793, 'longitude': -117.0574798}","{'@type': 'AggregateRating', 'ratingValue': 4.5, 'reviewCount': '64'}"
Sushi Yama - Escondido,https://www.ubereats.com/san-diego/food-delivery/sushi-yama-escondido/X0jC0or2RC2tGpmTVJZO5w,valley-center-california,"['Sushi', 'Japanese']",4.6,219,$$,33.124995,-117.08711,+17607471424,92025,500 N,Escondido,CA,"[{'@type': 'OpeningHoursSpecification', 'dayOfWeek': ['Monday', 'Tuesday', 'Wednesday', 'Thursday', 'Friday', 'Saturday', 'Sunday'], 'opens': '11:30', 'closes': '20:45'}]","{'@type': 'PostalAddress', 'addressLocality': 'Escondido', 'addressRegion': 'CA', 'postalCode': '92025', 'addressCountry': 'US', 'streetAddress': '500 N'}","{'@type': 'GeoCoordinates', 'latitude': 33.124995, 'longitude': -117.08711}","{'@type': 'AggregateRating', 'ratingValue': 4.6, 'reviewCount': '219'}"
Panchos Mexican Grill (Escondido),https://www.ubereats.com/san-diego/food-delivery/panchos-mexican-grill-escondido/j1IZcp9TSz6FKRpNFn-Cqw,valley-center-california,['Mexican'],4.4,49,$,33.1004408,-117.07505409999999,+17603179221,92025,1875 S Centre City Pkwy,Escondido,CA,"[{'@type': 'OpeningHoursSpecification', 'dayOfWeek': ['Sunday', 'Monday', 'Tuesday', 'Wednesday', 'Thursday'], 'opens': '8:0', 'closes': '20:0'}, {'@type': 'OpeningHoursSpecification', 'dayOfWeek': ['Friday', 'Saturday'], 'opens': '8:0', 'closes': '21:0'}]","{'@type': 'PostalAddress', 'addressLocality': 'Escondido', 'addressRegion': 'CA', 'postalCode': '92025', 'addressCountry': 'US', 'streetAddress': '1875 S Centre City Pkwy'}","{'@type': 'GeoCoordinates', 'latitude': 33.1004408, 'longitude': -117.07505409999999}","{'@type': 'AggregateRating', 'ratingValue': 4.4, 'reviewCount': '49'}"
Mikko Sushi,https://www.ubereats.com/san-diego/food-delivery/mikko-sushi/fLgf9jtlSoeI-6lvpikrZw,valley-center-california,"['Sushi', 'Asian', 'Japanese', 'Japanese Skewer food', 'Sushi', 'Rice & Curry', 'Rice-bowls', 'Vegetarian Friendly', 'Seafood', 'Japanese BBQ']",4.4,71,$,33.1226133,-117.07942329999999,+17602940169,92025,231 E Grand Ave,Escondido,CA,"[{'@type': 'OpeningHoursSpecification', 'dayOfWeek': ['Sunday', 'Monday', 'Tuesday', 'Wednesday', 'Thursday'], 'opens': '11:0', 'closes': '21:0'}, {'@type': 'OpeningHoursSpecification', 'dayOfWeek': ['Friday', 'Saturday'], 'opens': '11:0', 'closes': '21:30'}]","{'@type': 'PostalAddress', 'addressLocality': 'Escondido', 'addressRegion': 'CA', 'postalCode': '92025', 'addressCountry': 'US', 'streetAddress': '231 E Grand Ave'}","{'@type': 'GeoCoordinates', 'latitude': 33.1226133, 'longitude': -117.07942329999999}","{'@type': 'AggregateRating', 'ratingValue': 4.4, 'reviewCount': '71'}"
Papa John's (245 W El Norte Pkwy),https://www.ubereats.com/san-diego/food-delivery/papa-johns-245-w-el-norte-pkwy/pDz-M_VnSh6uUPi7zDeq2g,valley-center-california,"['Pizza', 'Wings', 'Desserts']",4.5,47,$$,33.1391335,-117.0928767,+17607417272,92026,245 W El Norte PkwySte F,Escondido,CA,"[{'@type': 'OpeningHoursSpecification', 'dayOfWeek': 'Sunday', 'opens': '10:0', 'closes': '21:40'}, {'@type': 'OpeningHoursSpecification', 'dayOfWeek': ['Monday', 'Tuesday', 'Wednesday'], 'opens': '11:0', 'closes': '21:40'}, {'@type': 'OpeningHoursSpecification', 'dayOfWeek': ['Thursday', 'Friday', 'Saturday'], 'opens': '10:0', 'closes': '21:40'}]","{'@type': 'PostalAddress', 'addressLocality': 'Escondido', 'addressRegion': 'CA', 'postalCode': '92026', 'addressCountry': 'US', 'streetAddress': '245 W El Norte PkwySte F'}","{'@type': 'GeoCoordinates', 'latitude': 33.1391335, 'longitude': -117.0928767}","{'@type': 'AggregateRating', 'ratingValue': 4.5, 'reviewCount': '47'}"
Burros & Fries - Escondido,https://www.ubereats.com/san-diego/food-delivery/burros-%26-fries-escondido/7GCVBEwqShy44t9FwEeSpw,valley-center-california,['Mexican'],4.5,263,$,33.10435,-117.073369,+17607399906,92025,1705 S,Escondido,CA,"[{'@type': 'OpeningHoursSpecification', 'dayOfWeek': ['Monday', 'Tuesday', 'Wednesday', 'Thursday', 'Friday', 'Saturday', 'Sunday'], 'opens': '7:0', 'closes': '22:30'}, {'@type': 'OpeningHoursSpecification', 'dayOfWeek': ['Monday', 'Tuesday', 'Wednesday', 'Thursday', 'Friday', 'Saturday', 'Sunday'], 'opens': '8:0', 'closes': '11:0'}]","{'@type': 'PostalAddress', 'addressLocality': 'Escondido', 'addressRegion': 'CA', 'postalCode': '92025', 'addressCountry': 'US', 'streetAddress': '1705 S'}","{'@type': 'GeoCoordinates', 'latitude': 33.10435, 'longitude': -117.073369}","{'@type': 'AggregateRating', 'ratingValue': 4.5, 'reviewCount': '263'}"
Sayulitas Mexican Food (San Marcos),https://www.ubereats.com/san-diego/food-delivery/sayulitas-mexican-food-san-marcos/hK_10GN3SSCQYD5Wxk3lYA,valley-center-california,"['Mexican', 'Latin American', 'New Mexican']",4.6,77,$,33.1323813,-117.1201329,+17604808361,92069,630 Nordahl Rd  Suite Q,San Marcos,CA,"[{'@type': 'OpeningHoursSpecification', 'dayOfWeek': ['Monday', 'Tuesday', 'Wednesday', 'Thursday', 'Friday', 'Saturday', 'Sunday'], 'opens': '8:0', 'closes': '20:30'}]","{'@type': 'PostalAddress', 'addressLocality': 'San Marcos', 'addressRegion': 'CA', 'postalCode': '92069', 'addressCountry': 'US', 'streetAddress': '630 Nordahl Rd  Suite Q'}","{'@type': 'GeoCoordinates', 'latitude': 33.1323813, 'longitude': -117.1201329}","{'@type': 'AggregateRating', 'ratingValue': 4.6, 'reviewCount': '77'}"
Paulitas Restaurant,https://www.ubereats.com/san-diego/food-delivery/paulitas-restaurant/dQfaViW6SA-PK27zGhptpA,valley-center-california,"['Mexican', 'Latin American', 'New Mexican']",,,$,33.1277339,-117.0839246,+17608401184,92025,636 N Broadway,Escondido,CA,"[{'@type': 'OpeningHoursSpecification', 'dayOfWeek': ['Monday', 'Tuesday', 'Wednesday', 'Thursday', 'Friday', 'Saturday', 'Sunday'], 'opens': '10:30', 'closes': '19:0'}]","{'@type': 'PostalAddress', 'addressLocality': 'Escondido', 'addressRegion': 'CA', 'postalCode': '92025', 'addressCountry': 'US', 'streetAddress': '636 N Broadway'}","{'@type': 'GeoCoordinates', 'latitude': 33.1277339, 'longitude': -117.0839246}",{}
The Ice Cream Shop ,https://www.ubereats.com/san-diego/food-delivery/the-ice-cream-shop/uXJxBROKR8WfpEWW2JOJlQ,valley-center-california,"['Desserts', 'Ice Cream and Frozen Yogurt']",,,$,33.2161277,-117.1092401,+17602971716,92026,10326 Meadow Glen Way,Escondido,CA,[],"{'@type': 'PostalAddress', 'addressLocality': 'Escondido', 'addressRegion': 'CA', 'postalCode': '92026', 'addressCountry': 'US', 'streetAddress': '10326 Meadow Glen Way'}","{'@type': 'GeoCoordinates', 'latitude': 33.2161277, 'longitude': -117.1092401}",{}
Kinaly Thai,https://www.ubereats.com/san-diego/food-delivery/kinaly-thai/RWbK5_7dQCGNO_jITq27Tw,valley-center-california,['Thai'],4.7,489,$,33.137239,-117.131523,+17604809113,92069,1220 E Mission Rd,San Marcos,California,"[{'@type': 'OpeningHoursSpecification', 'dayOfWeek': ['Monday', 'Tuesday', 'Wednesday', 'Thursday', 'Friday', 'Saturday', 'Sunday'], 'opens': '11:0', 'closes': '20:30'}]","{'@type': 'PostalAddress', 'addressLocality': 'San Marcos', 'addressRegion': 'California', 'postalCode': '92069', 'addressCountry': 'US', 'streetAddress': '1220 E Mission Rd'}","{'@type': 'GeoCoordinates', 'latitude': 33.137239, 'longitude': -117.131523}","{'@type': 'AggregateRating', 'ratingValue': 4.7, 'reviewCount': '489'}"
Firehouse Subs - Escondido,https://www.ubereats.com/san-diego/food-delivery/firehouse-subs-escondido/xjWcPtahTyOUdnW2StIZtw,valley-center-california,"['Deli', 'Sandwich']",4.7,56,$,33.118432,-117.09536,+17607477827,92025,880 W Valley Pkwy,Escondido,CA,"[{'@type': 'OpeningHoursSpecification', 'dayOfWeek': ['Monday', 'Tuesday', 'Wednesday', 'Thursday', 'Friday', 'Saturday', 'Sunday'], 'opens': '10:30', 'closes': '18:30'}]","{'@type': 'PostalAddress', 'addressLocality': 'Escondido', 'addressRegion': 'CA', 'postalCode': '92025', 'addressCountry': 'US', 'streetAddress': '880 W Valley Pkwy'}","{'@type': 'GeoCoordinates', 'latitude': 33.118432, 'longitude': -117.09536}","{'@type': 'AggregateRating', 'ratingValue': 4.7, 'reviewCount': '56'}"
Kettle Coffee & Tea,https://www.ubereats.com/san-diego/food-delivery/kettle-coffee-%26-tea/txEFJZyMRw2SXP9ByXSveQ,valley-center-california,"['Coffee and Tea', 'American', 'Breakfast and Brunch', 'Healthy', 'Vietnamese']",4.6,11,$,33.1216936,-117.0808333,+17607388662,92025,119 E Grand Ave,Escondido,CA,"[{'@type': 'OpeningHoursSpecification', 'dayOfWeek': 'Sunday', 'opens': '8:0', 'closes': '14:0'}, {'@type': 'OpeningHoursSpecification', 'dayOfWeek': 'Sunday', 'opens': '8:0', 'closes': '13:30'}, {'@type': 'OpeningHoursSpecification', 'dayOfWeek': 'Sunday', 'opens': '8:0', 'closes': '13:30'}, {'@type': 'OpeningHoursSpecification', 'dayOfWeek': ['Monday', 'Tuesday', 'Wednesday', 'Thursday', 'Friday'], 'opens': '7:30', 'closes': '14:0'}, {'@type': 'OpeningHoursSpecification', 'dayOfWeek': ['Monday', 'Tuesday', 'Wednesday', 'Thursday', 'Friday'], 'opens': '7:0', 'closes': '13:30'}, {'@type': 'OpeningHoursSpecification', 'dayOfWeek': ['Monday', 'Tuesday', 'Wednesday', 'Thursday', 'Friday'], 'opens': '7:0', 'closes': '13:30'}, {'@type': 'OpeningHoursSpecification', 'dayOfWeek': 'Saturday', 'opens': '8:0', 'closes': '14:0'}, {'@type': 'OpeningHoursSpecification', 'dayOfWeek': 'Saturday', 'opens': '8:0', 'closes': '13:30'}, {'@type': 'OpeningHoursSpecification', 'dayOfWeek': 'Saturday', 'opens': '8:0', 'closes': '13:30'}]","{'@type': 'PostalAddress', 'addressLocality': 'Escondido', 'addressRegion': 'CA', 'postalCode': '92025', 'addressCountry': 'US', 'streetAddress': '119 E Grand Ave'}","{'@type': 'GeoCoordinates', 'latitude': 33.1216936, 'longitude': -117.0808333}","{'@type': 'AggregateRating', 'ratingValue': 4.6, 'reviewCount': '11'}"
CHIN'S Szechwan-Escondido,https://www.ubereats.com/san-diego/food-delivery/chins-szechwan-escondido/2kb3OoiDTm-AXLooBNnXfQ,valley-center-california,['Chinese'],4.7,103,$$,33.1238323,-117.086993,+17604804115,92025,445 N.,Escondido,CA,"[{'@type': 'OpeningHoursSpecification', 'dayOfWeek': ['Sunday', 'Monday', 'Tuesday', 'Wednesday', 'Thursday'], 'opens': '11:0', 'closes': '15:0'}, {'@type': 'OpeningHoursSpecification', 'dayOfWeek': ['Sunday', 'Monday', 'Tuesday', 'Wednesday', 'Thursday'], 'opens': '11:0', 'closes': '20:15'}, {'@type': 'OpeningHoursSpecification', 'dayOfWeek': ['Friday', 'Saturday'], 'opens': '11:0', 'closes': '15:0'}, {'@type': 'OpeningHoursSpecification', 'dayOfWeek': ['Friday', 'Saturday'], 'opens': '11:0', 'closes': '20:45'}]","{'@type': 'PostalAddress', 'addressLocality': 'Escondido', 'addressRegion': 'CA', 'postalCode': '92025', 'addressCountry': 'US', 'streetAddress': '445 N.'}","{'@type': 'GeoCoordinates', 'latitude': 33.1238323, 'longitude': -117.086993}","{'@type': 'AggregateRating', 'ratingValue': 4.7, 'reviewCount': '103'}"
Popeyes (1541 East Valley Parkway),https://www.ubereats.com/san-diego/food-delivery/popeyes-1541-east-valley-parkway/fp1ozc7wRiyauqqwEAG0WA,valley-center-california,"['American', 'Fast Food', 'Southern', 'Wings']",4.5,309,$,33.133162,-117.0603251,+17608399166,92027,1541 E Valley Pkwy,Escondido,CA,"[{'@type': 'OpeningHoursSpecification', 'dayOfWeek': ['Monday', 'Tuesday', 'Wednesday', 'Thursday', 'Friday', 'Saturday', 'Sunday'], 'opens': '10:0', 'closes': '21:30'}]","{'@type': 'PostalAddress', 'addressLocality': 'Escondido', 'addressRegion': 'CA', 'postalCode': '92027', 'addressCountry': 'US', 'streetAddress': '1541 E Valley Pkwy'}","{'@type': 'GeoCoordinates', 'latitude': 33.133162, 'longitude': -117.0603251}","{'@type': 'AggregateRating', 'ratingValue': 4.5, 'reviewCount': '309'}"
California's Mexican Restaurant,https://www.ubereats.com/san-diego/food-delivery/californias-mexican-restaurant/i5cc4aOXQY-jrDCHVirYnA,valley-center-california,"['Mexican', 'Latin American', 'New Mexican']",,,$,33.1270542,-117.0740068,+17604433802,92025,675 E Valley Pkwy,Escondido,CA,"[{'@type': 'OpeningHoursSpecification', 'dayOfWeek': ['Sunday', 'Monday', 'Tuesday', 'Wednesday', 'Thursday'], 'opens': '8:0', 'closes': '20:30'}, {'@type': 'OpeningHoursSpecification', 'dayOfWeek': ['Friday', 'Saturday'], 'opens': '8:0', 'closes': '21:30'}]","{'@type': 'PostalAddress', 'addressLocality': 'Escondido', 'addressRegion': 'CA', 'postalCode': '92025', 'addressCountry': 'US', 'streetAddress': '675 E Valley Pkwy'}","{'@type': 'GeoCoordinates', 'latitude': 33.1270542, 'longitude': -117.0740068}",{}
Wendy's  (960 W. EL NORTE),https://www.ubereats.com/san-diego/food-delivery/wendys-960-w-el-norte/XwQq1-I9QGy8h_6Ggru9LA,valley-center-california,"['American', 'Burgers', 'Fast Food']",4.6,33,$,33.1474424,-117.1060227,+17604898075,92026,960 W. EL NORTE,ESCONDIDO,CA,"[{'@type': 'OpeningHoursSpecification', 'dayOfWeek': ['Monday', 'Tuesday', 'Wednesday', 'Thursday', 'Friday', 'Saturday', 'Sunday'], 'opens': '10:30', 'closes': '21:30'}, {'@type': 'OpeningHoursSpecification', 'dayOfWeek': ['Monday', 'Tuesday', 'Wednesday', 'Thursday', 'Friday', 'Saturday', 'Sunday'], 'opens': '6:30', 'closes': '10:0'}]","{'@type': 'PostalAddress', 'addressLocality': 'ESCONDIDO', 'addressRegion': 'CA', 'postalCode': '92026', 'addressCountry': 'US', 'streetAddress': '960 W. EL NORTE'}","{'@type': 'GeoCoordinates', 'latitude': 33.1474424, 'longitude': -117.1060227}","{'@type': 'AggregateRating', 'ratingValue': 4.6, 'reviewCount': '33'}"
Panda Express (415 West Felicita Ave.),https://www.ubereats.com/san-diego/food-delivery/panda-express-415-west-felicita-ave/v8kamrdUR3uudr-MWLDN_g,valley-center-california,"['Chinese', 'Family Meals']",4.4,107,$,33.103586,-117.074502,+17607398192,92025,415 West Felicita Ave.,Escondido,CA,"[{'@type': 'OpeningHoursSpecification', 'dayOfWeek': ['Sunday', 'Monday', 'Tuesday', 'Wednesday', 'Thursday'], 'opens': '10:0', 'closes': '21:0'}, {'@type': 'OpeningHoursSpecification', 'dayOfWeek': 'Friday', 'opens': '10:0', 'closes': '21:30'}, {'@type': 'OpeningHoursSpecification', 'dayOfWeek': 'Saturday', 'opens': '10:0', 'closes': '21:0'}]","{'@type': 'PostalAddress', 'addressLocality': 'Escondido', 'addressRegion': 'CA', 'postalCode': '92025', 'addressCountry': 'US', 'streetAddress': '415 West Felicita Ave.'}","{'@type': 'GeoCoordinates', 'latitude': 33.103586, 'longitude': -117.074502}","{'@type': 'AggregateRating', 'ratingValue': 4.4, 'reviewCount': '107'}"
IHOP (354 W El Norte Pkwy),https://www.ubereats.com/san-diego/food-delivery/ihop-354-w-el-norte-pkwy/BuvV2nA9R2qwGF147W1nGw,valley-center-california,"['American', 'Breakfast and Brunch', 'burger', 'Comfort Food', 'Dinner', 'Omelette', 'salad', 'Traditional American', 'Family Meals']",4.6,37,$,33.14366760000001,-117.0960944,+17604809791,92026,354 W El Norte Pkwy,Escondido,CA,"[{'@type': 'OpeningHoursSpecification', 'dayOfWeek': ['Monday', 'Tuesday', 'Wednesday', 'Thursday', 'Friday', 'Saturday', 'Sunday'], 'opens': '7:0', 'closes': '13:50'}]","{'@type': 'PostalAddress', 'addressLocality': 'Escondido', 'addressRegion': 'CA', 'postalCode': '92026', 'addressCountry': 'US', 'streetAddress': '354 W El Norte Pkwy'}","{'@type': 'GeoCoordinates', 'latitude': 33.14366760000001, 'longitude': -117.0960944}","{'@type': 'AggregateRating', 'ratingValue': 4.6, 'reviewCount': '37'}"
Rubio's (1485 E Valley Pkwy),https://www.ubereats.com/san-diego/food-delivery/rubios-1485-e-valley-pkwy/_wm7d9n1SDOD-zzc6R15RA,valley-center-california,"['Mexican', 'Family Meals']",3.9,73,$$,33.132767,-117.062088,+17604326302,92027,"1485 E. Valley Parkway, Suite A-6",Escondido,CA,"[{'@type': 'OpeningHoursSpecification', 'dayOfWeek': 'Sunday', 'opens': '11:0', 'closes': '21:30'}, {'@type': 'OpeningHoursSpecification', 'dayOfWeek': ['Monday', 'Tuesday', 'Wednesday', 'Thursday'], 'opens': '10:30', 'closes': '21:0'}, {'@type': 'OpeningHoursSpecification', 'dayOfWeek': ['Friday', 'Saturday'], 'opens': '10:30', 'closes': '22:0'}]","{'@type': 'PostalAddress', 'addressLocality': 'Escondido', 'addressRegion': 'CA', 'postalCode': '92027', 'addressCountry': 'US', 'streetAddress': '1485 E. Valley Parkway, Suite A-6'}","{'@type': 'GeoCoordinates', 'latitude': 33.132767, 'longitude': -117.062088}","{'@type': 'AggregateRating', 'ratingValue': 3.9, 'reviewCount': '73'}"
Cabanna Seafood and Grill,https://www.ubereats.com/san-diego/food-delivery/cabanna-seafood-and-grill/LONBWSR4TK6E54uLLwhfuw,valley-center-california,"['Mexican', 'Latin American', 'New Mexican']",,,$,33.132875,-117.0625139,+17609753945,92027,1450 E Valley Pkwy,Escondido,CA,"[{'@type': 'OpeningHoursSpecification', 'dayOfWeek': ['Monday', 'Tuesday', 'Wednesday', 'Thursday', 'Friday', 'Saturday', 'Sunday'], 'opens': '8:0', 'closes': '22:0'}]","{'@type': 'PostalAddress', 'addressLocality': 'Escondido', 'addressRegion': 'CA', 'postalCode': '92027', 'addressCountry': 'US', 'streetAddress': '1450 E Valley Pkwy'}","{'@type': 'GeoCoordinates', 'latitude': 33.132875, 'longitude': -117.0625139}",{}
KFC (771 Center Drive),https://www.ubereats.com/san-diego/food-delivery/kfc-771-center-drive/49Ogq-WtQfaecR8jo5LRwA,valley-center-california,"['American', 'Fast Food', 'wings']",4.0,41,$,33.1343232,-117.1213049,+12812656677,92069,771 Center Drive,San Marcos,CA,"[{'@type': 'OpeningHoursSpecification', 'dayOfWeek': ['Monday', 'Tuesday', 'Wednesday', 'Thursday', 'Friday', 'Saturday', 'Sunday'], 'opens': '10:0', 'closes': '22:0'}]","{'@type': 'PostalAddress', 'addressLocality': 'San Marcos', 'addressRegion': 'CA', 'postalCode': '92069', 'addressCountry': 'US', 'streetAddress': '771 Center Drive'}","{'@type': 'GeoCoordinates', 'latitude': 33.1343232, 'longitude': -117.1213049}","{'@type': 'AggregateRating', 'ratingValue': 4, 'reviewCount': '41'}"
Jack in the Box (550 W Mission Ave),https://www.ubereats.com/san-diego/food-delivery/jack-in-the-box-550-w-mission-ave/ikx-Hoy2R_2DNI9Y6-tCqg,valley-center-california,"['American', 'burger', 'Fast Food']",4.1,130,$,33.1282869,-117.0933364,+17607457785,92025,550 W Mission Ave,Escondido,CA,"[{'@type': 'OpeningHoursSpecification', 'dayOfWeek': ['Monday', 'Tuesday', 'Wednesday', 'Thursday', 'Friday', 'Saturday', 'Sunday'], 'opens': '0:0', 'closes': '23:59'}]","{'@type': 'PostalAddress', 'addressLocality': 'Escondido', 'addressRegion': 'CA', 'postalCode': '92025', 'addressCountry': 'US', 'streetAddress': '550 W Mission Ave'}","{'@type': 'GeoCoordinates', 'latitude': 33.1282869, 'longitude': -117.0933364}","{'@type': 'AggregateRating', 'ratingValue': 4.1, 'reviewCount': '130'}"
Sushi Nori,https://www.ubereats.com/san-diego/food-delivery/sushi-nori/fHkwraT9Q8uUIujMfhtPWg,valley-center-california,"['Sushi', 'Asian', 'Japanese']",4.7,193,$,33.10101960000001,-117.0754548,+17607465009,92025,1835 S Centre City Pkwy,Escondido,CA,"[{'@type': 'OpeningHoursSpecification', 'dayOfWeek': ['Sunday', 'Monday', 'Tuesday', 'Wednesday', 'Thursday'], 'opens': '11:0', 'closes': '20:30'}, {'@type': 'OpeningHoursSpecification', 'dayOfWeek': ['Friday', 'Saturday'], 'opens': '11:0', 'closes': '21:0'}]","{'@type': 'PostalAddress', 'addressLocality': 'Escondido', 'addressRegion': 'CA', 'postalCode': '92025', 'addressCountry': 'US', 'streetAddress': '1835 S Centre City Pkwy'}","{'@type': 'GeoCoordinates', 'latitude': 33.10101960000001, 'longitude': -117.0754548}","{'@type': 'AggregateRating', 'ratingValue': 4.7, 'reviewCount': '193'}"
J & M's Family Restaurant,https://www.ubereats.com/san-diego/food-delivery/j-%26-ms-family-restaurant/SVmcv2egSPWAzqgoED58gw,valley-center-california,"['Burgers', 'American', 'Sandwiches', 'Family Meals']",4.8,33,$,33.1307423,-117.0657481,+17607453710,92027,1215 E Valley Pkwy,Escondido,CA,"[{'@type': 'OpeningHoursSpecification', 'dayOfWeek': ['Monday', 'Tuesday', 'Wednesday', 'Thursday', 'Friday', 'Saturday', 'Sunday'], 'opens': '8:0', 'closes': '20:0'}]","{'@type': 'PostalAddress', 'addressLocality': 'Escondido', 'addressRegion': 'CA', 'postalCode': '92027', 'addressCountry': 'US', 'streetAddress': '1215 E Valley Pkwy'}","{'@type': 'GeoCoordinates', 'latitude': 33.1307423, 'longitude': -117.0657481}","{'@type': 'AggregateRating', 'ratingValue': 4.8, 'reviewCount': '33'}"
KFC (2429 East Valley Parkway),https://www.ubereats.com/san-diego/food-delivery/kfc-2429-east-valley-parkway/YZptZjIDSjqKoEMLIujrsA,valley-center-california,"['American', 'Fast Food', 'wings']",4.5,35,$,33.14154419999999,-117.041963,+17136946141,92027,2429 East Valley Parkway,Escondido,CA,"[{'@type': 'OpeningHoursSpecification', 'dayOfWeek': ['Monday', 'Tuesday', 'Wednesday', 'Thursday', 'Friday', 'Saturday', 'Sunday'], 'opens': '10:0', 'closes': '22:0'}]","{'@type': 'PostalAddress', 'addressLocality': 'Escondido', 'addressRegion': 'CA', 'postalCode': '92027', 'addressCountry': 'US', 'streetAddress': '2429 East Valley Parkway'}","{'@type': 'GeoCoordinates', 'latitude': 33.14154419999999, 'longitude': -117.041963}","{'@type': 'AggregateRating', 'ratingValue': 4.5, 'reviewCount': '35'}"
Burger King (244 West Mission Avenue),https://www.ubereats.com/san-diego/food-delivery/burger-king-244-west-mission-avenue/8aexU-57SAeKx42D5qFXQw,valley-center-california,"['American', 'burger', 'Fast Food']",4.7,41,$,33.1295809,-117.0891994,+17607438444,92025,244 West Mission Avenue,Escondido,CA,"[{'@type': 'OpeningHoursSpecification', 'dayOfWeek': 'Sunday', 'opens': '7:0', 'closes': '10:29'}, {'@type': 'OpeningHoursSpecification', 'dayOfWeek': 'Sunday', 'opens': '10:30', 'closes': '22:30'}, {'@type': 'OpeningHoursSpecification', 'dayOfWeek': ['Monday', 'Tuesday', 'Wednesday', 'Thursday', 'Friday', 'Saturday'], 'opens': '6:30', 'closes': '10:29'}, {'@type': 'OpeningHoursSpecification', 'dayOfWeek': ['Monday', 'Tuesday', 'Wednesday', 'Thursday', 'Friday', 'Saturday'], 'opens': '10:30', 'closes': '22:30'}]","{'@type': 'PostalAddress', 'addressLocality': 'Escondido', 'addressRegion': 'CA', 'postalCode': '92025', 'addressCountry': 'US', 'streetAddress': '244 West Mission Avenue'}","{'@type': 'GeoCoordinates', 'latitude': 33.1295809, 'longitude': -117.0891994}","{'@type': 'AggregateRating', 'ratingValue': 4.7, 'reviewCount': '41'}"
McDonald's® (340 W Mission Ave),https://www.ubereats.com/san-diego/food-delivery/mcdonalds-340-w-mission-ave/i7DQKyCIS7edysfsFSVF5g,valley-center-california,"['American', 'Fast Food', 'Burgers']",4.5,161,$,33.128931,-117.090913,+17607410368,92025,340 W MISSION AVE,ESCONDIDO,CA,"[{'@type': 'OpeningHoursSpecification', 'dayOfWeek': 'Sunday', 'opens': '6:0', 'closes': '10:59'}, {'@type': 'OpeningHoursSpecification', 'dayOfWeek': 'Sunday', 'opens': '11:0', 'closes': '16:59'}, {'@type': 'OpeningHoursSpecification', 'dayOfWeek': 'Sunday', 'opens': '17:0', 'closes': '22:30'}, {'@type': 'OpeningHoursSpecification', 'dayOfWeek': ['Monday', 'Tuesday', 'Wednesday', 'Thursday', 'Friday'], 'opens': '6:0', 'closes': '10:29'}, {'@type': 'OpeningHoursSpecification', 'dayOfWeek': ['Monday', 'Tuesday', 'Wednesday', 'Thursday', 'Friday'], 'opens': '10:30', 'closes': '16:59'}, {'@type': 'OpeningHoursSpecification', 'dayOfWeek': ['Monday', 'Tuesday', 'Wednesday', 'Thursday', 'Friday'], 'opens': '17:0', 'closes': '22:30'}, {'@type': 'OpeningHoursSpecification', 'dayOfWeek': 'Saturday', 'opens': '6:0', 'closes': '10:59'}, {'@type': 'OpeningHoursSpecification', 'dayOfWeek': 'Saturday', 'opens': '11:0', 'closes': '16:59'}, {'@type': 'OpeningHoursSpecification', 'dayOfWeek': 'Saturday', 'opens': '17:0', 'closes': '22:30'}]","{'@type': 'PostalAddress', 'addressLocality': 'ESCONDIDO', 'addressRegion': 'CA', 'postalCode': '92025', 'addressCountry': 'US', 'streetAddress': '340 W MISSION AVE'}","{'@type': 'GeoCoordinates', 'latitude': 33.128931, 'longitude': -117.090913}","{'@type': 'AggregateRating', 'ratingValue': 4.5, 'reviewCount': '161'}"
Panda Express (1485 E. Valley Parkway),https://www.ubereats.com/san-diego/food-delivery/panda-express-1485-e-valley-parkway/nCHOx7-YQ2ml3mfjESdc2A,valley-center-california,"['Chinese', 'Family Meals']",4.3,172,$,33.132447,-117.061846,+17602335017,92027,1485 E. Valley Parkway,Escondido,CA,"[{'@type': 'OpeningHoursSpecification', 'dayOfWeek': ['Sunday', 'Monday', 'Tuesday', 'Wednesday', 'Thursday'], 'opens': '10:0', 'closes': '21:30'}, {'@type': 'OpeningHoursSpecification', 'dayOfWeek': ['Friday', 'Saturday'], 'opens': '10:0', 'closes': '22:0'}]","{'@type': 'PostalAddress', 'addressLocality': 'Escondido', 'addressRegion': 'CA', 'postalCode': '92027', 'addressCountry': 'US', 'streetAddress': '1485 E. Valley Parkway'}","{'@type': 'GeoCoordinates', 'latitude': 33.132447, 'longitude': -117.061846}","{'@type': 'AggregateRating', 'ratingValue': 4.3, 'reviewCount': '172'}"
Paradiso Mediterranean Cuisine,https://www.ubereats.com/san-diego/food-delivery/paradiso-mediterranean-cuisine/3FUkCcRGTduVseeLNaIBhQ,valley-center-california,"['Mediterranean', 'Greek', 'Vegetarian']",4.7,58,$,33.1211456,-117.0857347,+17604807279,92025,340 W Valley Pkwy,Escondido,CA,"[{'@type': 'OpeningHoursSpecification', 'dayOfWeek': ['Monday', 'Tuesday', 'Wednesday', 'Thursday', 'Friday', 'Saturday', 'Sunday'], 'opens': '9:0', 'closes': '21:0'}]","{'@type': 'PostalAddress', 'addressLocality': 'Escondido', 'addressRegion': 'CA', 'postalCode': '92025', 'addressCountry': 'US', 'streetAddress': '340 W Valley Pkwy'}","{'@type': 'GeoCoordinates', 'latitude': 33.1211456, 'longitude': -117.0857347}","{'@type': 'AggregateRating', 'ratingValue': 4.7, 'reviewCount': '58'}"
Dairy Queen Grill & Chill (310 W El Norte Pkwy),https://www.ubereats.com/san-diego/food-delivery/dairy-queen-grill-%26-chill-310-w-el-norte-pkwy/fASjdg3IRdK5Hu2trr7XTQ,valley-center-california,"['American', 'Fast Food', 'Ice Cream & Frozen Yogurt']",3.8,84,$,33.1413109,-117.0943477,+17607400737,92026,310 W El Norte Pkwy,Escondido,CA,"[{'@type': 'OpeningHoursSpecification', 'dayOfWeek': ['Monday', 'Tuesday', 'Wednesday', 'Thursday', 'Friday', 'Saturday', 'Sunday'], 'opens': '11:0', 'closes': '21:0'}]","{'@type': 'PostalAddress', 'addressLocality': 'Escondido', 'addressRegion': 'CA', 'postalCode': '92026', 'addressCountry': 'US', 'streetAddress': '310 W El Norte Pkwy'}","{'@type': 'GeoCoordinates', 'latitude': 33.1413109, 'longitude': -117.0943477}","{'@type': 'AggregateRating', 'ratingValue': 3.8, 'reviewCount': '84'}"
McDonald's® (1146 E Valley Pky),https://www.ubereats.com/san-diego/food-delivery/mcdonalds-1146-e-valley-pky/PMShsuhrTBKKErMsOWWgTw,valley-center-california,"['American', 'Fast Food', 'Burgers']",4.5,223,$,33.130532,-117.06770800000001,+17607462727,,,,,"[{'@type': 'OpeningHoursSpecification', 'dayOfWeek': 'Sunday', 'opens': '6:0', 'closes': '10:59'}, {'@type': 'OpeningHoursSpecification', 'dayOfWeek': 'Sunday', 'opens': '11:0', 'closes': '16:59'}, {'@type': 'OpeningHoursSpecification', 'dayOfWeek': 'Sunday', 'opens': '17:0', 'closes': '22:30'}, {'@type': 'OpeningHoursSpecification', 'dayOfWeek': ['Monday', 'Tuesday', 'Wednesday', 'Thursday', 'Friday'], 'opens': '6:0', 'closes': '10:29'}, {'@type': 'OpeningHoursSpecification', 'dayOfWeek': ['Monday', 'Tuesday', 'Wednesday', 'Thursday', 'Friday'], 'opens': '10:30', 'closes': '16:59'}, {'@type': 'OpeningHoursSpecification', 'dayOfWeek': ['Monday', 'Tuesday', 'Wednesday', 'Thursday', 'Friday'], 'opens': '17:0', 'closes': '22:30'}, {'@type': 'OpeningHoursSpecification', 'dayOfWeek': 'Saturday', 'opens': '6:0', 'closes': '10:59'}, {'@type': 'OpeningHoursSpecification', 'dayOfWeek': 'Saturday', 'opens': '11:0', 'closes': '16:59'}, {'@type': 'OpeningHoursSpecification', 'dayOfWeek': 'Saturday', 'opens': '17:0', 'closes': '22:30'}]",,"{'@type': 'GeoCoordinates', 'latitude': 33.130532, 'longitude': -117.06770800000001}","{'@type': 'AggregateRating', 'ratingValue': 4.5, 'reviewCount': '223'}"
Starbucks (Centre City & El Norte Pkwy),https://www.ubereats.com/san-diego/food-delivery/starbucks-centre-city-%26-el-norte-pkwy/9xKiDm5JSK-aQCRes5K1ZA,valley-center-california,"['Bakery', 'Breakfast and Brunch', 'Cafe', 'Coffee & Tea']",4.5,113,$,33.14046390000001,-117.0937961,+17604846929,92026,302 West El Norte Pkwy,Escondido,CA,"[{'@type': 'OpeningHoursSpecification', 'dayOfWeek': 'Sunday', 'opens': '5:0', 'closes': '21:0'}, {'@type': 'OpeningHoursSpecification', 'dayOfWeek': ['Monday', 'Tuesday', 'Wednesday', 'Thursday', 'Friday', 'Saturday'], 'opens': '4:30', 'closes': '21:0'}]","{'@type': 'PostalAddress', 'addressLocality': 'Escondido', 'addressRegion': 'CA', 'postalCode': '92026', 'addressCountry': 'US', 'streetAddress': '302 West El Norte Pkwy'}","{'@type': 'GeoCoordinates', 'latitude': 33.14046390000001, 'longitude': -117.0937961}","{'@type': 'AggregateRating', 'ratingValue': 4.5, 'reviewCount': '113'}"
TJ Tacos,https://www.ubereats.com/san-diego/food-delivery/tj-tacos/D7usoPQDRniahOTck301RA,valley-center-california,['Mexican'],4.6,500,$,33.128311,-117.072481,+17602947511,92025,802 E Valley Pkwy,Escondido,CA,"[{'@type': 'OpeningHoursSpecification', 'dayOfWeek': ['Monday', 'Tuesday', 'Wednesday', 'Thursday', 'Friday', 'Saturday', 'Sunday'], 'opens': '10:0', 'closes': '22:0'}]","{'@type': 'PostalAddress', 'addressLocality': 'Escondido', 'addressRegion': 'CA', 'postalCode': '92025', 'addressCountry': 'US', 'streetAddress': '802 E Valley Pkwy'}","{'@type': 'GeoCoordinates', 'latitude': 33.128311, 'longitude': -117.072481}","{'@type': 'AggregateRating', 'ratingValue': 4.6, 'reviewCount': '500'}"
,https://www.ubereats.com/san-diego/food-delivery/farmer-boys-%E2%80%93-e-valley-pkwy/-EBgKt9xRamGbJLxGMYIlQ,valley-center-california,,,,,,,,,,,,,,,
