name,url,city,cuisine,avgRating,numReviews,priceRange,latitude,longitude,telephone,postalCode,streetAddress,addressLocality,addressRegion,openingHoursSpecification,addressString,geoString,ratingString
Mikado,https://www.ubereats.com/salt-lake-city/food-delivery/mikado/Govea5BOQbSHs4RUB01O1Q,west-bountiful-utah,"['Sushi', 'Japanese']",,,$$,40.891752,-111.892615,+18019167083,84010,255 N 500 W,Bountiful,Utah,"[{'@type': 'OpeningHoursSpecification', 'dayOfWeek': ['Monday', 'Tuesday', 'Wednesday', 'Thursday'], 'opens': '11:30', 'closes': '14:30'}, {'@type': 'OpeningHoursSpecification', 'dayOfWeek': ['Monday', 'Tuesday', 'Wednesday', 'Thursday'], 'opens': '17:0', 'closes': '20:30'}, {'@type': 'OpeningHoursSpecification', 'dayOfWeek': 'Friday', 'opens': '11:30', 'closes': '21:30'}, {'@type': 'OpeningHoursSpecification', 'dayOfWeek': 'Saturday', 'opens': '12:0', 'closes': '21:30'}]","{'@type': 'PostalAddress', 'addressLocality': 'Bountiful', 'addressRegion': 'Utah', 'postalCode': '84010', 'addressCountry': 'US', 'streetAddress': '255 N 500 W'}","{'@type': 'GeoCoordinates', 'latitude': 40.891752, 'longitude': -111.892615}",{}
Papa Murphy's  (1298 North US-89),https://www.ubereats.com/salt-lake-city/food-delivery/papa-murphys-1298-north-us-89/CMSlKD6FQZ-0597YG7TyKA,west-bountiful-utah,"['Pizza', 'American', 'Fast Food']",,,$$,40.8347892,-111.9139763,+18014517373,,,,,"[{'@type': 'OpeningHoursSpecification', 'dayOfWeek': 'Sunday', 'opens': '12:0', 'closes': '20:0'}, {'@type': 'OpeningHoursSpecification', 'dayOfWeek': ['Monday', 'Tuesday', 'Wednesday', 'Thursday', 'Friday', 'Saturday'], 'opens': '11:0', 'closes': '21:0'}]",,"{'@type': 'GeoCoordinates', 'latitude': 40.8347892, 'longitude': -111.9139763}",{}
Tonyburgers (100 W & Parrish Ln),https://www.ubereats.com/salt-lake-city/food-delivery/tonyburgers-100-w-%26-parrish-ln/872jsIRRT1uPpawJ_IbSDA,west-bountiful-utah,"['Burgers', 'American']",4.8,24,$,40.922304070149245,-111.88122381445812,+18012980473,,,,,"[{'@type': 'OpeningHoursSpecification', 'dayOfWeek': ['Monday', 'Tuesday', 'Wednesday', 'Thursday'], 'opens': '11:0', 'closes': '20:30'}, {'@type': 'OpeningHoursSpecification', 'dayOfWeek': ['Friday', 'Saturday'], 'opens': '11:0', 'closes': '21:30'}]",,"{'@type': 'GeoCoordinates', 'latitude': 40.922304070149245, 'longitude': -111.88122381445812}","{'@type': 'AggregateRating', 'ratingValue': 4.8, 'reviewCount': '24'}"
P.F. Chang's (905 W. West Promontory),https://www.ubereats.com/salt-lake-city/food-delivery/pf-changs-905-w-west-promontory/yYtm1ErTSmiGGUJZ4OGY1g,west-bountiful-utah,['Chinese'],,,$$,40.9827956,-111.9073022,+13853007300,84025,905 W. West Promontory,Farmington,UT,"[{'@type': 'OpeningHoursSpecification', 'dayOfWeek': 'Sunday', 'opens': '11:0', 'closes': '20:30'}, {'@type': 'OpeningHoursSpecification', 'dayOfWeek': ['Monday', 'Tuesday', 'Wednesday', 'Thursday', 'Friday'], 'opens': '11:0', 'closes': '20:30'}, {'@type': 'OpeningHoursSpecification', 'dayOfWeek': ['Monday', 'Tuesday', 'Wednesday', 'Thursday', 'Friday'], 'opens': '11:0', 'closes': '15:30'}, {'@type': 'OpeningHoursSpecification', 'dayOfWeek': 'Saturday', 'opens': '11:0', 'closes': '20:30'}]","{'@type': 'PostalAddress', 'addressLocality': 'Farmington', 'addressRegion': 'UT', 'postalCode': '84025', 'addressCountry': 'US', 'streetAddress': '905 W. West Promontory'}","{'@type': 'GeoCoordinates', 'latitude': 40.9827956, 'longitude': -111.9073022}",{}
Papa Murphy's  (1645 West 700 North Suite L),https://www.ubereats.com/salt-lake-city/food-delivery/papa-murphys-1645-west-700-north-suite-l/xNBX7eiuT8u04tsleoHUpQ,west-bountiful-utah,"['Pizza', 'Salads', 'Italian']",,,$,40.7842875,-111.93795,+18013597272,84116,1645 West 700 North Suite L,Salt Lake City,UT,"[{'@type': 'OpeningHoursSpecification', 'dayOfWeek': 'Sunday', 'opens': '12:30', 'closes': '19:0'}, {'@type': 'OpeningHoursSpecification', 'dayOfWeek': 'Sunday', 'opens': '13:0', 'closes': '19:0'}, {'@type': 'OpeningHoursSpecification', 'dayOfWeek': ['Monday', 'Tuesday', 'Wednesday', 'Thursday'], 'opens': '12:30', 'closes': '19:0'}, {'@type': 'OpeningHoursSpecification', 'dayOfWeek': ['Friday', 'Saturday'], 'opens': '12:30', 'closes': '19:0'}, {'@type': 'OpeningHoursSpecification', 'dayOfWeek': ['Friday', 'Saturday'], 'opens': '11:0', 'closes': '21:0'}]","{'@type': 'PostalAddress', 'addressLocality': 'Salt Lake City', 'addressRegion': 'UT', 'postalCode': '84116', 'addressCountry': 'US', 'streetAddress': '1645 West 700 North Suite L'}","{'@type': 'GeoCoordinates', 'latitude': 40.7842875, 'longitude': -111.93795}",{}
Foodie and Sweetie DMarket,https://www.ubereats.com/salt-lake-city/food-delivery/foodie-and-sweetie-dmarket/QfbxYXrdToCR44MddEDhQA,west-bountiful-utah,"['Chinese', 'Asian', 'Chicken']",,,$,40.7715589,-111.8793324,+13852161681,84103,89 D St E,Salt Lake City,UT,"[{'@type': 'OpeningHoursSpecification', 'dayOfWeek': ['Sunday', 'Monday'], 'opens': '11:0', 'closes': '21:0'}, {'@type': 'OpeningHoursSpecification', 'dayOfWeek': ['Wednesday', 'Thursday', 'Friday', 'Saturday'], 'opens': '11:0', 'closes': '21:0'}]","{'@type': 'PostalAddress', 'addressLocality': 'Salt Lake City', 'addressRegion': 'UT', 'postalCode': '84103', 'addressCountry': 'US', 'streetAddress': '89 D St E'}","{'@type': 'GeoCoordinates', 'latitude': 40.7715589, 'longitude': -111.8793324}",{}
MAIZE TACOS,https://www.ubereats.com/salt-lake-city/food-delivery/maize-tacos/7v7m0Jf4QwGnrYWus7Bdfw,west-bountiful-utah,"['Mexican', 'Vegetarian Friendly', 'Chicken']",4.0,35,$$,40.76630430000001,-111.8896725,+18013630245,84111,"135 Regent St, G",Salt Lake City,UT,"[{'@type': 'OpeningHoursSpecification', 'dayOfWeek': ['Tuesday', 'Wednesday', 'Thursday', 'Friday', 'Saturday'], 'opens': '12:0', 'closes': '19:0'}]","{'@type': 'PostalAddress', 'addressLocality': 'Salt Lake City', 'addressRegion': 'UT', 'postalCode': '84111', 'addressCountry': 'US', 'streetAddress': '135 Regent St, G'}","{'@type': 'GeoCoordinates', 'latitude': 40.76630430000001, 'longitude': -111.8896725}","{'@type': 'AggregateRating', 'ratingValue': 4, 'reviewCount': '35'}"
MOD Pizza (Woods Cross),https://www.ubereats.com/salt-lake-city/food-delivery/mod-pizza-woods-cross/FHmoCHadReqi4rUIRqZs_g,west-bountiful-utah,"['Pizza', 'Desserts', 'Salads', 'American', 'Healthy', 'Vegetarian Friendly', 'Kids Friendly']",4.5,53,$,40.86220549999999,-111.8990937,+18016838258,84087,2577 S Wildcat Way,Woods Cross,UT,"[{'@type': 'OpeningHoursSpecification', 'dayOfWeek': ['Monday', 'Tuesday', 'Wednesday', 'Thursday', 'Friday', 'Saturday', 'Sunday'], 'opens': '10:30', 'closes': '21:40'}]","{'@type': 'PostalAddress', 'addressLocality': 'Woods Cross', 'addressRegion': 'UT', 'postalCode': '84087', 'addressCountry': 'US', 'streetAddress': '2577 S Wildcat Way'}","{'@type': 'GeoCoordinates', 'latitude': 40.86220549999999, 'longitude': -111.8990937}","{'@type': 'AggregateRating', 'ratingValue': 4.5, 'reviewCount': '53'}"
Honest Eatery (Regent Street),https://www.ubereats.com/salt-lake-city/food-delivery/honest-eatery-regent-street/UggtL9XNTN2aJ6GOz3jKuA,west-bountiful-utah,"['Healthy', 'Vegetarian', 'Salads', 'Allergy Friendly']",4.7,47,$,40.7661448,-111.88977539999999,+18015324919,84111,115 Regent St,Salt Lake City,UT,"[{'@type': 'OpeningHoursSpecification', 'dayOfWeek': ['Monday', 'Tuesday', 'Wednesday', 'Thursday', 'Friday', 'Saturday'], 'opens': '9:0', 'closes': '15:0'}]","{'@type': 'PostalAddress', 'addressLocality': 'Salt Lake City', 'addressRegion': 'UT', 'postalCode': '84111', 'addressCountry': 'US', 'streetAddress': '115 Regent St'}","{'@type': 'GeoCoordinates', 'latitude': 40.7661448, 'longitude': -111.88977539999999}","{'@type': 'AggregateRating', 'ratingValue': 4.7, 'reviewCount': '47'}"
Hungry Hawaiian,https://www.ubereats.com/salt-lake-city/food-delivery/hungry-hawaiian/LuNSN714QJ2Q9FL7Hr5nKQ,west-bountiful-utah,"['BBQ', 'American', 'Burgers']",4.5,21,$,40.8751581,-111.9025639,+18017975192,84087,1492 S 800 W,Woods Cross,UT,"[{'@type': 'OpeningHoursSpecification', 'dayOfWeek': ['Tuesday', 'Wednesday', 'Thursday'], 'opens': '11:0', 'closes': '14:0'}, {'@type': 'OpeningHoursSpecification', 'dayOfWeek': ['Tuesday', 'Wednesday', 'Thursday'], 'opens': '16:0', 'closes': '20:0'}, {'@type': 'OpeningHoursSpecification', 'dayOfWeek': 'Friday', 'opens': '11:0', 'closes': '14:0'}, {'@type': 'OpeningHoursSpecification', 'dayOfWeek': 'Friday', 'opens': '16:0', 'closes': '21:0'}, {'@type': 'OpeningHoursSpecification', 'dayOfWeek': 'Saturday', 'opens': '11:0', 'closes': '14:0'}, {'@type': 'OpeningHoursSpecification', 'dayOfWeek': 'Saturday', 'opens': '16:0', 'closes': '20:0'}]","{'@type': 'PostalAddress', 'addressLocality': 'Woods Cross', 'addressRegion': 'UT', 'postalCode': '84087', 'addressCountry': 'US', 'streetAddress': '1492 S 800 W'}","{'@type': 'GeoCoordinates', 'latitude': 40.8751581, 'longitude': -111.9025639}","{'@type': 'AggregateRating', 'ratingValue': 4.5, 'reviewCount': '21'}"
FreshFin Poke,https://www.ubereats.com/salt-lake-city/food-delivery/freshfin-poke/_ya6Q-HwRRSZjU62EJ-Gsw,west-bountiful-utah,"['Seafood', 'Healthy', 'Gluten Free']",4.2,11,,40.76571279999999,-111.8896868,+18019029677,84111,157 Regent St,Salt Lake City,UT,"[{'@type': 'OpeningHoursSpecification', 'dayOfWeek': ['Monday', 'Tuesday', 'Wednesday', 'Thursday', 'Friday'], 'opens': '11:30', 'closes': '19:30'}]","{'@type': 'PostalAddress', 'addressLocality': 'Salt Lake City', 'addressRegion': 'UT', 'postalCode': '84111', 'addressCountry': 'US', 'streetAddress': '157 Regent St'}","{'@type': 'GeoCoordinates', 'latitude': 40.76571279999999, 'longitude': -111.8896868}","{'@type': 'AggregateRating', 'ratingValue': 4.2, 'reviewCount': '11'}"
Johnny Rockets (Station Park),https://www.ubereats.com/salt-lake-city/food-delivery/johnny-rockets-station-park/3XAj3l6gRUKat724MW1eVQ,west-bountiful-utah,"['American', 'Fast Food', 'Salads', 'Allergy Friendly']",,,$,40.98275870000001,-111.9065563,+18014514621,84025,875 W. East Promontory,Farmington,UT,"[{'@type': 'OpeningHoursSpecification', 'dayOfWeek': ['Monday', 'Tuesday', 'Wednesday', 'Thursday', 'Friday', 'Saturday', 'Sunday'], 'opens': '11:0', 'closes': '18:30'}]","{'@type': 'PostalAddress', 'addressLocality': 'Farmington', 'addressRegion': 'UT', 'postalCode': '84025', 'addressCountry': 'US', 'streetAddress': '875 W. East Promontory'}","{'@type': 'GeoCoordinates', 'latitude': 40.98275870000001, 'longitude': -111.9065563}",{}
Taco Bell (509 West 500 South),https://www.ubereats.com/salt-lake-city/food-delivery/taco-bell-509-west-500-south/9IUXbVcKSWuQdmVzZJfwPQ,west-bountiful-utah,"['Burritos', 'Fast Food', 'Mexican']",3.9,25,$,40.88387100000001,-111.8925138,+18012956976,84010,509 West 500 South,Bountiful,UT,"[{'@type': 'OpeningHoursSpecification', 'dayOfWeek': ['Monday', 'Tuesday', 'Wednesday', 'Thursday', 'Friday', 'Saturday', 'Sunday'], 'opens': '14:0', 'closes': '17:0'}, {'@type': 'OpeningHoursSpecification', 'dayOfWeek': ['Monday', 'Tuesday', 'Wednesday', 'Thursday', 'Friday', 'Saturday', 'Sunday'], 'opens': '10:0', 'closes': '21:30'}]","{'@type': 'PostalAddress', 'addressLocality': 'Bountiful', 'addressRegion': 'UT', 'postalCode': '84010', 'addressCountry': 'US', 'streetAddress': '509 West 500 South'}","{'@type': 'GeoCoordinates', 'latitude': 40.88387100000001, 'longitude': -111.8925138}","{'@type': 'AggregateRating', 'ratingValue': 3.9, 'reviewCount': '25'}"
"RA Sushi Bar (165 SW Temple, Building#1)",https://www.ubereats.com/salt-lake-city/food-delivery/ra-sushi-bar-165-sw-temple-building%231/BLWm1QeFQNmA0LkzrAErOw,west-bountiful-utah,"['Seafood', 'Japanese', 'Asian']",4.4,39,$$,40.765603,-111.8928044,+18013223421,84101,165 SW Temple Building#1,Salt Lake City,UT,"[{'@type': 'OpeningHoursSpecification', 'dayOfWeek': ['Monday', 'Tuesday', 'Wednesday', 'Thursday', 'Friday', 'Saturday', 'Sunday'], 'opens': '11:0', 'closes': '21:0'}]","{'@type': 'PostalAddress', 'addressLocality': 'Salt Lake City', 'addressRegion': 'UT', 'postalCode': '84101', 'addressCountry': 'US', 'streetAddress': '165 SW Temple Building#1'}","{'@type': 'GeoCoordinates', 'latitude': 40.765603, 'longitude': -111.8928044}","{'@type': 'AggregateRating', 'ratingValue': 4.4, 'reviewCount': '39'}"
Five Guys UT-0409 255 North 500 West,https://www.ubereats.com/salt-lake-city/food-delivery/five-guys-ut-0409-255-north-500-west/YlBfBSxETxC-SWAJ0KjbbA,west-bountiful-utah,"['American', 'Burgers']",4.6,119,$,40.8918603,-111.8927319,+18012923002,84010,255 North 500 West,Bountiful,UT,"[{'@type': 'OpeningHoursSpecification', 'dayOfWeek': ['Monday', 'Tuesday', 'Wednesday', 'Thursday', 'Friday', 'Saturday', 'Sunday'], 'opens': '11:0', 'closes': '21:30'}]","{'@type': 'PostalAddress', 'addressLocality': 'Bountiful', 'addressRegion': 'UT', 'postalCode': '84010', 'addressCountry': 'US', 'streetAddress': '255 North 500 West'}","{'@type': 'GeoCoordinates', 'latitude': 40.8918603, 'longitude': -111.8927319}","{'@type': 'AggregateRating', 'ratingValue': 4.6, 'reviewCount': '119'}"
Jersey Mike's Sub (1060 W Park Lane),https://www.ubereats.com/salt-lake-city/food-delivery/jersey-mikes-sub-1060-w-park-lane/6yc9mUGQRy6iLvDgIv41pg,west-bountiful-utah,"['Sandwich', 'American']",4.3,20,$,40.9849963,-111.9115407,+13859886600,84025,1060 W Park Lane,Farmington,UT,"[{'@type': 'OpeningHoursSpecification', 'dayOfWeek': 'Sunday', 'opens': '10:0', 'closes': '19:30'}, {'@type': 'OpeningHoursSpecification', 'dayOfWeek': ['Monday', 'Tuesday', 'Wednesday', 'Thursday', 'Friday', 'Saturday'], 'opens': '10:0', 'closes': '20:30'}]","{'@type': 'PostalAddress', 'addressLocality': 'Farmington', 'addressRegion': 'UT', 'postalCode': '84025', 'addressCountry': 'US', 'streetAddress': '1060 W Park Lane'}","{'@type': 'GeoCoordinates', 'latitude': 40.9849963, 'longitude': -111.9115407}","{'@type': 'AggregateRating', 'ratingValue': 4.3, 'reviewCount': '20'}"
Devils Pit Barbecue,https://www.ubereats.com/salt-lake-city/food-delivery/devils-pit-barbecue/tGqIEW_TQ5eJAyiq2DOTGQ,west-bountiful-utah,"['BBQ', 'American', 'Burgers']",,,$,41.0010308,-111.933106,+18019278489,84037,259 E Shepard Ln,Kaysville,UT,"[{'@type': 'OpeningHoursSpecification', 'dayOfWeek': 'Sunday', 'opens': '11:0', 'closes': '19:0'}, {'@type': 'OpeningHoursSpecification', 'dayOfWeek': ['Tuesday', 'Wednesday', 'Thursday', 'Friday', 'Saturday'], 'opens': '11:0', 'closes': '19:0'}]","{'@type': 'PostalAddress', 'addressLocality': 'Kaysville', 'addressRegion': 'UT', 'postalCode': '84037', 'addressCountry': 'US', 'streetAddress': '259 E Shepard Ln'}","{'@type': 'GeoCoordinates', 'latitude': 41.0010308, 'longitude': -111.933106}",{}
Hamachi,https://www.ubereats.com/salt-lake-city/food-delivery/hamachi/5XZKyDymRA-pYMhDrqwT6Q,west-bountiful-utah,"['Japanese', 'Asian', 'Sushi']",4.7,200,$,40.76682479999999,-111.8773295,+18013592092,84111,488 E 100 S,Salt Lake City,UT,"[{'@type': 'OpeningHoursSpecification', 'dayOfWeek': ['Monday', 'Tuesday', 'Wednesday', 'Thursday', 'Friday', 'Saturday', 'Sunday'], 'opens': '16:0', 'closes': '20:45'}]","{'@type': 'PostalAddress', 'addressLocality': 'Salt Lake City', 'addressRegion': 'UT', 'postalCode': '84111', 'addressCountry': 'US', 'streetAddress': '488 E 100 S'}","{'@type': 'GeoCoordinates', 'latitude': 40.76682479999999, 'longitude': -111.8773295}","{'@type': 'AggregateRating', 'ratingValue': 4.7, 'reviewCount': '200'}"
Papa John's (124 East 900 South),https://www.ubereats.com/salt-lake-city/food-delivery/papa-johns-124-east-900-south/uEe2_Pr6SB6giTMfsyVYMA,west-bountiful-utah,"['Desserts', 'PIzza', 'Wings']",,,$$,40.74960650000001,-111.8873185,+18015217272,84111,124 East 900 South,Salt Lake City,UT,"[{'@type': 'OpeningHoursSpecification', 'dayOfWeek': ['Monday', 'Tuesday', 'Wednesday', 'Thursday', 'Friday', 'Saturday', 'Sunday'], 'opens': '9:30', 'closes': '21:25'}]","{'@type': 'PostalAddress', 'addressLocality': 'Salt Lake City', 'addressRegion': 'UT', 'postalCode': '84111', 'addressCountry': 'US', 'streetAddress': '124 East 900 South'}","{'@type': 'GeoCoordinates', 'latitude': 40.74960650000001, 'longitude': -111.8873185}",{}
"The Habit Burger Grill (260 N Union Ave, #115)",https://www.ubereats.com/salt-lake-city/food-delivery/the-habit-burger-grill-260-n-union-ave-%23115/Q1ssr5VdQE2v7IrD7NiknA,west-bountiful-utah,"['American', 'Burgers', 'Kids Friendly', 'Family Meals']",4.5,45,$,40.98528964758525,-111.90796688103175,+18014478404,,,,,"[{'@type': 'OpeningHoursSpecification', 'dayOfWeek': 'Sunday', 'opens': '10:30', 'closes': '20:45'}, {'@type': 'OpeningHoursSpecification', 'dayOfWeek': ['Monday', 'Tuesday', 'Wednesday', 'Thursday', 'Friday', 'Saturday'], 'opens': '10:30', 'closes': '21:45'}]",,"{'@type': 'GeoCoordinates', 'latitude': 40.98528964758525, 'longitude': -111.90796688103175}","{'@type': 'AggregateRating', 'ratingValue': 4.5, 'reviewCount': '45'}"
Caffé Torino ,https://www.ubereats.com/salt-lake-city/food-delivery/caffe-torino/437OZmWQT8ed1-SmQPxdsg,west-bountiful-utah,"['European', 'Breakfast and Brunch']",,,,40.9814664,-111.8872506,+18014514678,84025,58 N Main St,Farmington,UT,"[{'@type': 'OpeningHoursSpecification', 'dayOfWeek': 'Sunday', 'opens': '7:30', 'closes': '21:0'}, {'@type': 'OpeningHoursSpecification', 'dayOfWeek': ['Tuesday', 'Wednesday', 'Thursday', 'Friday', 'Saturday'], 'opens': '8:0', 'closes': '21:0'}]","{'@type': 'PostalAddress', 'addressLocality': 'Farmington', 'addressRegion': 'UT', 'postalCode': '84025', 'addressCountry': 'US', 'streetAddress': '58 N Main St'}","{'@type': 'GeoCoordinates', 'latitude': 40.9814664, 'longitude': -111.8872506}",{}
Pizza Pie Cafe Bountiful,https://www.ubereats.com/salt-lake-city/food-delivery/pizza-pie-cafe-bountiful/wCJhotUkQm-IPvooTpyjPg,west-bountiful-utah,"['Pizza', 'Fast Food', 'American', 'Italian']",,,$,40.884615,-111.889043,+18016838735,84010,370 W 500 S,Bountiful,UT,"[{'@type': 'OpeningHoursSpecification', 'dayOfWeek': ['Monday', 'Tuesday', 'Wednesday', 'Thursday'], 'opens': '12:0', 'closes': '20:0'}, {'@type': 'OpeningHoursSpecification', 'dayOfWeek': ['Friday', 'Saturday'], 'opens': '12:0', 'closes': '21:0'}]","{'@type': 'PostalAddress', 'addressLocality': 'Bountiful', 'addressRegion': 'UT', 'postalCode': '84010', 'addressCountry': 'US', 'streetAddress': '370 W 500 S'}","{'@type': 'GeoCoordinates', 'latitude': 40.884615, 'longitude': -111.889043}",{}
Wendy's  (210 West 500 South),https://www.ubereats.com/salt-lake-city/food-delivery/wendys-210-west-500-south/LWmuRGoITtapZ12m6VWvRA,west-bountiful-utah,"['American', 'Burgers', 'Fast Food']",,,$,40.8844767,-111.8863423,+18012962449,84010,210 West 500 South,Bountiful,UT,"[{'@type': 'OpeningHoursSpecification', 'dayOfWeek': ['Monday', 'Tuesday', 'Wednesday', 'Thursday', 'Friday', 'Saturday', 'Sunday'], 'opens': '10:30', 'closes': '23:30'}, {'@type': 'OpeningHoursSpecification', 'dayOfWeek': ['Monday', 'Tuesday', 'Wednesday', 'Thursday', 'Friday', 'Saturday', 'Sunday'], 'opens': '6:30', 'closes': '10:0'}]","{'@type': 'PostalAddress', 'addressLocality': 'Bountiful', 'addressRegion': 'UT', 'postalCode': '84010', 'addressCountry': 'US', 'streetAddress': '210 West 500 South'}","{'@type': 'GeoCoordinates', 'latitude': 40.8844767, 'longitude': -111.8863423}",{}
Papa John's (755 N. Hiway 89),https://www.ubereats.com/salt-lake-city/food-delivery/papa-johns-755-n-hiway-89/o1Zfe4uIRVC6MZSnfoodLQ,west-bountiful-utah,"['Desserts', 'PIzza', 'Wings']",,,$$,40.8558412,-111.9013235,+18016937272,84054,755 N. Hiway 89,N. Salt Lake,UT,"[{'@type': 'OpeningHoursSpecification', 'dayOfWeek': ['Monday', 'Tuesday', 'Wednesday', 'Thursday', 'Friday', 'Saturday', 'Sunday'], 'opens': '10:0', 'closes': '21:25'}]","{'@type': 'PostalAddress', 'addressLocality': 'N. Salt Lake', 'addressRegion': 'UT', 'postalCode': '84054', 'addressCountry': 'US', 'streetAddress': '755 N. Hiway 89'}","{'@type': 'GeoCoordinates', 'latitude': 40.8558412, 'longitude': -111.9013235}",{}
Chunga's,https://www.ubereats.com/salt-lake-city/food-delivery/chungas/EbRznCKURPOpBEHD6HDCgw,west-bountiful-utah,"['Mexican', 'Latin American', 'New Mexican']",4.7,113,$,40.7288944,-111.9386254,+18019736904,84104,1895 S Redwood Rd,Salt Lake City,UT,"[{'@type': 'OpeningHoursSpecification', 'dayOfWeek': ['Tuesday', 'Wednesday', 'Thursday'], 'opens': '11:0', 'closes': '22:0'}, {'@type': 'OpeningHoursSpecification', 'dayOfWeek': ['Friday', 'Saturday'], 'opens': '11:0', 'closes': '23:0'}]","{'@type': 'PostalAddress', 'addressLocality': 'Salt Lake City', 'addressRegion': 'UT', 'postalCode': '84104', 'addressCountry': 'US', 'streetAddress': '1895 S Redwood Rd'}","{'@type': 'GeoCoordinates', 'latitude': 40.7288944, 'longitude': -111.9386254}","{'@type': 'AggregateRating', 'ratingValue': 4.7, 'reviewCount': '113'}"
Cafe Zupas (262 N. Central Ave.),https://www.ubereats.com/salt-lake-city/food-delivery/cafe-zupas-262-n-central-ave/kbX6ZpuKQsaEIkzS5Yq1wg,west-bountiful-utah,"['American', 'Salads', 'Sandwich']",4.4,12,$$,40.985316,-111.9062542,+18014511276,84025,262 N. Central Ave.,Farmington,UT,"[{'@type': 'OpeningHoursSpecification', 'dayOfWeek': ['Monday', 'Tuesday', 'Wednesday', 'Thursday'], 'opens': '10:30', 'closes': '20:30'}, {'@type': 'OpeningHoursSpecification', 'dayOfWeek': ['Friday', 'Saturday'], 'opens': '10:30', 'closes': '21:30'}]","{'@type': 'PostalAddress', 'addressLocality': 'Farmington', 'addressRegion': 'UT', 'postalCode': '84025', 'addressCountry': 'US', 'streetAddress': '262 N. Central Ave.'}","{'@type': 'GeoCoordinates', 'latitude': 40.985316, 'longitude': -111.9062542}","{'@type': 'AggregateRating', 'ratingValue': 4.4, 'reviewCount': '12'}"
Megaplex Theaters (Gateway),https://www.ubereats.com/salt-lake-city/food-delivery/megaplex-theaters-gateway/EX7dBIuZQhmEVuETJyLmiw,west-bountiful-utah,"['Fast Food', 'Desserts', 'American']",,,$,40.7662062,-111.9036222,+18013257500,84101,165 S Rio Grande St,Salt Lake City,Utah,"[{'@type': 'OpeningHoursSpecification', 'dayOfWeek': ['Sunday', 'Monday', 'Tuesday', 'Wednesday', 'Thursday'], 'opens': '14:0', 'closes': '20:0'}, {'@type': 'OpeningHoursSpecification', 'dayOfWeek': 'Friday', 'opens': '14:0', 'closes': '20:0'}, {'@type': 'OpeningHoursSpecification', 'dayOfWeek': 'Friday', 'opens': '14:0', 'closes': '21:0'}, {'@type': 'OpeningHoursSpecification', 'dayOfWeek': 'Saturday', 'opens': '14:0', 'closes': '20:0'}]","{'@type': 'PostalAddress', 'addressLocality': 'Salt Lake City', 'addressRegion': 'Utah', 'postalCode': '84101', 'addressCountry': 'US', 'streetAddress': '165 S Rio Grande St'}","{'@type': 'GeoCoordinates', 'latitude': 40.7662062, 'longitude': -111.9036222}",{}
KFC (132 North Redwood Road),https://www.ubereats.com/salt-lake-city/food-delivery/kfc-132-north-redwood-road/36TG1DvtTdKyYyIsY59gxA,west-bountiful-utah,"['American', 'Fast Food', 'wings']",3.5,30,$,40.7722585,-111.9388815,+18164555212,84116,132 North Redwood Road,Salt Lake City,UT,"[{'@type': 'OpeningHoursSpecification', 'dayOfWeek': ['Monday', 'Tuesday', 'Wednesday', 'Thursday', 'Friday', 'Saturday', 'Sunday'], 'opens': '10:30', 'closes': '21:30'}]","{'@type': 'PostalAddress', 'addressLocality': 'Salt Lake City', 'addressRegion': 'UT', 'postalCode': '84116', 'addressCountry': 'US', 'streetAddress': '132 North Redwood Road'}","{'@type': 'GeoCoordinates', 'latitude': 40.7722585, 'longitude': -111.9388815}","{'@type': 'AggregateRating', 'ratingValue': 3.5, 'reviewCount': '30'}"
Chipotle Mexican Grill (135 N 500 W Ste A),https://www.ubereats.com/salt-lake-city/food-delivery/chipotle-mexican-grill-135-n-500-w-ste-a/7yB0BQ6XTummP-kxZFx3cA,west-bountiful-utah,"['Healthy', 'Mexican']",4.6,83,$,40.8907676,-111.8925983,+18012955140,84010,135 N 500 W Ste A,West Bountiful,UT,"[{'@type': 'OpeningHoursSpecification', 'dayOfWeek': ['Monday', 'Tuesday', 'Wednesday', 'Thursday', 'Friday', 'Saturday', 'Sunday'], 'opens': '10:45', 'closes': '21:40'}]","{'@type': 'PostalAddress', 'addressLocality': 'West Bountiful', 'addressRegion': 'UT', 'postalCode': '84010', 'addressCountry': 'US', 'streetAddress': '135 N 500 W Ste A'}","{'@type': 'GeoCoordinates', 'latitude': 40.8907676, 'longitude': -111.8925983}","{'@type': 'AggregateRating', 'ratingValue': 4.6, 'reviewCount': '83'}"
Kneaders Bakery & Cafe (Bountiful - North Salt Lake City),https://www.ubereats.com/salt-lake-city/food-delivery/kneaders-bakery-%26-cafe-bountiful-north-salt-lake-city/Hq9E0EVZSlKAcxuWSwpUiw,west-bountiful-utah,"['American', 'Breakfast and Brunch', 'Desserts']",,,$,40.860601,-111.8988251,+18016833075,84054,1050 N 500 E,North Salt Lake,UT,"[{'@type': 'OpeningHoursSpecification', 'dayOfWeek': ['Monday', 'Tuesday', 'Wednesday', 'Thursday', 'Friday', 'Saturday'], 'opens': '7:0', 'closes': '22:0'}, {'@type': 'OpeningHoursSpecification', 'dayOfWeek': ['Monday', 'Tuesday', 'Wednesday', 'Thursday', 'Friday', 'Saturday'], 'opens': '7:0', 'closes': '11:0'}]","{'@type': 'PostalAddress', 'addressLocality': 'North Salt Lake', 'addressRegion': 'UT', 'postalCode': '84054', 'addressCountry': 'US', 'streetAddress': '1050 N 500 E'}","{'@type': 'GeoCoordinates', 'latitude': 40.860601, 'longitude': -111.8988251}",{}
Blue Lemon (Farmington),https://www.ubereats.com/salt-lake-city/food-delivery/blue-lemon-farmington/eO-YH8Q5TwuUUpzjwL6Pxw,west-bountiful-utah,"['Breakfast and Brunch', 'Sandwich', 'Salads', 'Desserts']",4.3,13,$,40.985382,-111.909824,+18014473301,84025,1022 Park Ln,Farmington,UT,"[{'@type': 'OpeningHoursSpecification', 'dayOfWeek': 'Sunday', 'opens': '11:0', 'closes': '20:0'}, {'@type': 'OpeningHoursSpecification', 'dayOfWeek': 'Sunday', 'opens': '9:0', 'closes': '10:30'}, {'@type': 'OpeningHoursSpecification', 'dayOfWeek': ['Monday', 'Tuesday', 'Wednesday', 'Thursday'], 'opens': '11:0', 'closes': '20:30'}, {'@type': 'OpeningHoursSpecification', 'dayOfWeek': ['Monday', 'Tuesday', 'Wednesday', 'Thursday'], 'opens': '8:15', 'closes': '10:45'}, {'@type': 'OpeningHoursSpecification', 'dayOfWeek': ['Friday', 'Saturday'], 'opens': '11:0', 'closes': '21:30'}, {'@type': 'OpeningHoursSpecification', 'dayOfWeek': ['Friday', 'Saturday'], 'opens': '8:15', 'closes': '10:45'}]","{'@type': 'PostalAddress', 'addressLocality': 'Farmington', 'addressRegion': 'UT', 'postalCode': '84025', 'addressCountry': 'US', 'streetAddress': '1022 Park Ln'}","{'@type': 'GeoCoordinates', 'latitude': 40.985382, 'longitude': -111.909824}","{'@type': 'AggregateRating', 'ratingValue': 4.3, 'reviewCount': '13'}"
Donut Kabobs,https://www.ubereats.com/salt-lake-city/food-delivery/donut-kabobs/yFTTwPSKQMW4bYnFvsKrfA,west-bountiful-utah,"['Desserts', 'Vegetarian', 'Coffee and Tea']",,,$,40.8833439,-111.88406459999999,+18019167114,84010,155 W 500 S,Bountiful,UT,"[{'@type': 'OpeningHoursSpecification', 'dayOfWeek': 'Wednesday', 'opens': '13:30', 'closes': '19:30'}]","{'@type': 'PostalAddress', 'addressLocality': 'Bountiful', 'addressRegion': 'UT', 'postalCode': '84010', 'addressCountry': 'US', 'streetAddress': '155 W 500 S'}","{'@type': 'GeoCoordinates', 'latitude': 40.8833439, 'longitude': -111.88406459999999}",{}
Jersey Mike's Subs (618 W 2600 S),https://www.ubereats.com/salt-lake-city/food-delivery/jersey-mikes-subs-618-w-2600-s/xbXkHsZwSBqYyT_0axb6Vg,west-bountiful-utah,"['Sandwich', 'American']",4.4,26,$,40.861825,-111.898732,+13857775150,84087,618 W 2600 S,Woods Cross,UT,"[{'@type': 'OpeningHoursSpecification', 'dayOfWeek': 'Sunday', 'opens': '10:0', 'closes': '19:30'}, {'@type': 'OpeningHoursSpecification', 'dayOfWeek': ['Monday', 'Tuesday', 'Wednesday', 'Thursday', 'Friday', 'Saturday'], 'opens': '10:0', 'closes': '20:30'}]","{'@type': 'PostalAddress', 'addressLocality': 'Woods Cross', 'addressRegion': 'UT', 'postalCode': '84087', 'addressCountry': 'US', 'streetAddress': '618 W 2600 S'}","{'@type': 'GeoCoordinates', 'latitude': 40.861825, 'longitude': -111.898732}","{'@type': 'AggregateRating', 'ratingValue': 4.4, 'reviewCount': '26'}"
Arby's (355 North 800 West),https://www.ubereats.com/salt-lake-city/food-delivery/arbys-355-north-800-west/9j2mneK_Q4qm8r1S7HWGTA,west-bountiful-utah,"['American', 'Sandwich', 'Comfort Food', 'Fast Food', 'Kids Friendly']",4.2,43,$,40.9205605,-111.8895878,+18012988473,84014,355 North 800 West,Centerville,UT,"[{'@type': 'OpeningHoursSpecification', 'dayOfWeek': 'Sunday', 'opens': '10:0', 'closes': '20:0'}, {'@type': 'OpeningHoursSpecification', 'dayOfWeek': ['Monday', 'Tuesday', 'Wednesday'], 'opens': '10:0', 'closes': '23:0'}, {'@type': 'OpeningHoursSpecification', 'dayOfWeek': 'Thursday', 'opens': '10:0', 'closes': '11:0'}, {'@type': 'OpeningHoursSpecification', 'dayOfWeek': 'Friday', 'opens': '10:0', 'closes': '23:59'}, {'@type': 'OpeningHoursSpecification', 'dayOfWeek': 'Saturday', 'opens': '10:0', 'closes': '23:0'}]","{'@type': 'PostalAddress', 'addressLocality': 'Centerville', 'addressRegion': 'UT', 'postalCode': '84014', 'addressCountry': 'US', 'streetAddress': '355 North 800 West'}","{'@type': 'GeoCoordinates', 'latitude': 40.9205605, 'longitude': -111.8895878}","{'@type': 'AggregateRating', 'ratingValue': 4.2, 'reviewCount': '43'}"
Chile Amor,https://www.ubereats.com/salt-lake-city/food-delivery/chile-amor/WN-D3p38ToaEAMVAhIZ5Xw,west-bountiful-utah,"['Mexican', 'New Mexican', 'Steak']",,,,40.83775789999999,-111.9128915,+18015294004,84054,220 US-89,North Salt Lake,UT,"[{'@type': 'OpeningHoursSpecification', 'dayOfWeek': ['Monday', 'Tuesday', 'Wednesday', 'Thursday', 'Friday', 'Saturday'], 'opens': '11:0', 'closes': '20:30'}]","{'@type': 'PostalAddress', 'addressLocality': 'North Salt Lake', 'addressRegion': 'UT', 'postalCode': '84054', 'addressCountry': 'US', 'streetAddress': '220 US-89'}","{'@type': 'GeoCoordinates', 'latitude': 40.83775789999999, 'longitude': -111.9128915}",{}
Burger King (639 North Redwood Road),https://www.ubereats.com/salt-lake-city/food-delivery/burger-king-639-north-redwood-road/EG2fDxk0TgujcB4rzTUxDw,west-bountiful-utah,"['American', 'burger', 'Fast Food']",4.4,45,$,40.8531425,-111.9303347,+18012921758,84054,639 North Redwood Road,North Salt Lake,UT,"[{'@type': 'OpeningHoursSpecification', 'dayOfWeek': 'Sunday', 'opens': '7:30', 'closes': '10:29'}, {'@type': 'OpeningHoursSpecification', 'dayOfWeek': 'Sunday', 'opens': '10:30', 'closes': '21:30'}, {'@type': 'OpeningHoursSpecification', 'dayOfWeek': ['Monday', 'Tuesday', 'Wednesday', 'Thursday', 'Friday', 'Saturday'], 'opens': '6:30', 'closes': '10:29'}, {'@type': 'OpeningHoursSpecification', 'dayOfWeek': ['Monday', 'Tuesday', 'Wednesday', 'Thursday', 'Friday', 'Saturday'], 'opens': '10:30', 'closes': '23:30'}]","{'@type': 'PostalAddress', 'addressLocality': 'North Salt Lake', 'addressRegion': 'UT', 'postalCode': '84054', 'addressCountry': 'US', 'streetAddress': '639 North Redwood Road'}","{'@type': 'GeoCoordinates', 'latitude': 40.8531425, 'longitude': -111.9303347}","{'@type': 'AggregateRating', 'ratingValue': 4.4, 'reviewCount': '45'}"
Papa John's (1230 W 600 North),https://www.ubereats.com/salt-lake-city/food-delivery/papa-johns-1230-w-600-north/QXEORou4RdiGSSdgKk5mug,west-bountiful-utah,"['Desserts', 'PIzza', 'Wings']",3.9,17,$$,40.7827101,-111.9266359,+18019617272,84116,1230 W 600 North,Salt Lake City,UT,"[{'@type': 'OpeningHoursSpecification', 'dayOfWeek': ['Monday', 'Tuesday', 'Wednesday', 'Thursday', 'Friday', 'Saturday', 'Sunday'], 'opens': '10:0', 'closes': '21:25'}]","{'@type': 'PostalAddress', 'addressLocality': 'Salt Lake City', 'addressRegion': 'UT', 'postalCode': '84116', 'addressCountry': 'US', 'streetAddress': '1230 W 600 North'}","{'@type': 'GeoCoordinates', 'latitude': 40.7827101, 'longitude': -111.9266359}","{'@type': 'AggregateRating', 'ratingValue': 3.9, 'reviewCount': '17'}"
Star of India,https://www.ubereats.com/salt-lake-city/food-delivery/star-of-india/sBL7ZNRDSQ-4X5Any-BAYQ,west-bountiful-utah,"['Indian', 'Vegetarian', 'Asian']",4.8,131,$,40.7703143,-111.9384158,+18013637555,84116,1659 W. North Temple,Salt Lake City,UT,"[{'@type': 'OpeningHoursSpecification', 'dayOfWeek': 'Sunday', 'opens': '15:0', 'closes': '21:30'}, {'@type': 'OpeningHoursSpecification', 'dayOfWeek': ['Monday', 'Tuesday', 'Wednesday', 'Thursday', 'Friday', 'Saturday'], 'opens': '11:0', 'closes': '21:30'}]","{'@type': 'PostalAddress', 'addressLocality': 'Salt Lake City', 'addressRegion': 'UT', 'postalCode': '84116', 'addressCountry': 'US', 'streetAddress': '1659 W. North Temple'}","{'@type': 'GeoCoordinates', 'latitude': 40.7703143, 'longitude': -111.9384158}","{'@type': 'AggregateRating', 'ratingValue': 4.8, 'reviewCount': '131'}"
Megaplex Theaters (Centerville),https://www.ubereats.com/salt-lake-city/food-delivery/megaplex-theaters-centerville/m8ji1GiCT4qNBFG0K-grzA,west-bountiful-utah,"['Fast Food', 'American', 'Desserts']",,,$,40.919873,-111.89308,+18013975100,,,,,"[{'@type': 'OpeningHoursSpecification', 'dayOfWeek': ['Monday', 'Tuesday', 'Wednesday', 'Thursday'], 'opens': '14:0', 'closes': '20:0'}, {'@type': 'OpeningHoursSpecification', 'dayOfWeek': ['Friday', 'Saturday'], 'opens': '14:0', 'closes': '21:0'}]",,"{'@type': 'GeoCoordinates', 'latitude': 40.919873, 'longitude': -111.89308}",{}
"Kung Fu Tea (464 600 E, Suite A)",https://www.ubereats.com/salt-lake-city/food-delivery/kung-fu-tea-464-600-e-suite-a/SglHLYxISEur7uW_5CsDsw,west-bountiful-utah,"['Bubble Tea', 'Coffee and Tea', 'Juice']",4.7,91,$,40.7589968,-111.874465,+18013644558,84102,464 600 E,Salt Lake City,UT,"[{'@type': 'OpeningHoursSpecification', 'dayOfWeek': ['Sunday', 'Monday', 'Tuesday', 'Wednesday', 'Thursday'], 'opens': '12:0', 'closes': '22:30'}]","{'@type': 'PostalAddress', 'addressLocality': 'Salt Lake City', 'addressRegion': 'UT', 'postalCode': '84102', 'addressCountry': 'US', 'streetAddress': '464 600 E'}","{'@type': 'GeoCoordinates', 'latitude': 40.7589968, 'longitude': -111.874465}","{'@type': 'AggregateRating', 'ratingValue': 4.7, 'reviewCount': '91'}"
Sizzler (W 500 South),https://www.ubereats.com/salt-lake-city/food-delivery/sizzler-w-500-south/bk_LtcOQTpeVi4R28YgoaA,west-bountiful-utah,"['American', 'Steak', 'Salads']",,,$$,40.883785,-111.895466,+18012956670,84010,575 W 500 S,Bountiful,Utah,"[{'@type': 'OpeningHoursSpecification', 'dayOfWeek': 'Sunday', 'opens': '0:0', 'closes': '0:30'}]","{'@type': 'PostalAddress', 'addressLocality': 'Bountiful', 'addressRegion': 'Utah', 'postalCode': '84010', 'addressCountry': 'US', 'streetAddress': '575 W 500 S'}","{'@type': 'GeoCoordinates', 'latitude': 40.883785, 'longitude': -111.895466}",{}
The Wings Guru,https://www.ubereats.com/salt-lake-city/food-delivery/the-wings-guru/ikwNvhyBQYqmWdOUx1q-UQ,west-bountiful-utah,"['Wings', 'Traditional American', 'American', 'Chicken', 'Comfort Food', 'Soul Food', 'Bar Food', 'Family Meals']",4.4,68,$,40.771936964717405,-111.91516712456745,+18012391411,84116,840 North Temple,Salt Lake City,Utah,"[{'@type': 'OpeningHoursSpecification', 'dayOfWeek': 'Sunday', 'opens': '11:0', 'closes': '3:0'}, {'@type': 'OpeningHoursSpecification', 'dayOfWeek': 'Monday', 'opens': '16:0', 'closes': '3:0'}, {'@type': 'OpeningHoursSpecification', 'dayOfWeek': ['Tuesday', 'Wednesday', 'Thursday', 'Friday', 'Saturday'], 'opens': '11:0', 'closes': '3:0'}]","{'@type': 'PostalAddress', 'addressLocality': 'Salt Lake City', 'addressRegion': 'Utah', 'postalCode': '84116', 'addressCountry': 'US', 'streetAddress': '840 North Temple'}","{'@type': 'GeoCoordinates', 'latitude': 40.771936964717405, 'longitude': -111.91516712456745}","{'@type': 'AggregateRating', 'ratingValue': 4.4, 'reviewCount': '68'}"
Papa John's (1322 N Highway 89),https://www.ubereats.com/salt-lake-city/food-delivery/papa-johns-1322-n-highway-89/fTpVN3cIRSiUAbJtNrQdjQ,west-bountiful-utah,"['Desserts', 'PIzza', 'Wings']",,,$$,41.0027716,-111.9072553,+18014477272,84025,1322 N Highway 89,Farmington,UT,"[{'@type': 'OpeningHoursSpecification', 'dayOfWeek': 'Sunday', 'opens': '10:0', 'closes': '9:40'}, {'@type': 'OpeningHoursSpecification', 'dayOfWeek': ['Monday', 'Tuesday', 'Wednesday', 'Thursday', 'Friday', 'Saturday'], 'opens': '10:0', 'closes': '21:25'}]","{'@type': 'PostalAddress', 'addressLocality': 'Farmington', 'addressRegion': 'UT', 'postalCode': '84025', 'addressCountry': 'US', 'streetAddress': '1322 N Highway 89'}","{'@type': 'GeoCoordinates', 'latitude': 41.0027716, 'longitude': -111.9072553}",{}
Arby's (420 E 400 S),https://www.ubereats.com/salt-lake-city/food-delivery/arbys-420-e-400-s/5YakgjG6TRKrj5xp2kvchA,west-bountiful-utah,"['American', 'Sandwich', 'Fast Food', 'Kids Friendly']",4.3,94,$,40.7603113,-111.8787734,+18015324283,84111,420 E 400 S,Salt Lake City,UT,"[{'@type': 'OpeningHoursSpecification', 'dayOfWeek': ['Sunday', 'Monday', 'Tuesday', 'Wednesday', 'Thursday'], 'opens': '10:0', 'closes': '23:30'}, {'@type': 'OpeningHoursSpecification', 'dayOfWeek': ['Friday', 'Saturday'], 'opens': '10:0', 'closes': '0:30'}]","{'@type': 'PostalAddress', 'addressLocality': 'Salt Lake City', 'addressRegion': 'UT', 'postalCode': '84111', 'addressCountry': 'US', 'streetAddress': '420 E 400 S'}","{'@type': 'GeoCoordinates', 'latitude': 40.7603113, 'longitude': -111.8787734}","{'@type': 'AggregateRating', 'ratingValue': 4.3, 'reviewCount': '94'}"
Wendy's  (N 1100 W Block Park Lane),https://www.ubereats.com/salt-lake-city/food-delivery/wendys-n-1100-w-block-park-lane/M7VtUJKfTkWYIhNPRt4CXw,west-bountiful-utah,"['American', 'Burgers', 'Fast Food']",,,$,40.9854938,-111.9114548,+13859881122,84025,N 1100 W Block Park Lane,Farmington,UT,"[{'@type': 'OpeningHoursSpecification', 'dayOfWeek': ['Sunday', 'Monday', 'Tuesday', 'Wednesday', 'Thursday'], 'opens': '10:30', 'closes': '22:30'}, {'@type': 'OpeningHoursSpecification', 'dayOfWeek': ['Sunday', 'Monday', 'Tuesday', 'Wednesday', 'Thursday'], 'opens': '6:30', 'closes': '10:0'}, {'@type': 'OpeningHoursSpecification', 'dayOfWeek': ['Friday', 'Saturday'], 'opens': '10:30', 'closes': '23:30'}, {'@type': 'OpeningHoursSpecification', 'dayOfWeek': ['Friday', 'Saturday'], 'opens': '6:30', 'closes': '10:0'}]","{'@type': 'PostalAddress', 'addressLocality': 'Farmington', 'addressRegion': 'UT', 'postalCode': '84025', 'addressCountry': 'US', 'streetAddress': 'N 1100 W Block Park Lane'}","{'@type': 'GeoCoordinates', 'latitude': 40.9854938, 'longitude': -111.9114548}",{}
Panda Express (350 N. Central Ave.),https://www.ubereats.com/salt-lake-city/food-delivery/panda-express-350-n-central-ave/7poVlhPNQVWygh_Lj-WoSA,west-bountiful-utah,"['Chinese', 'Family Meals']",4.3,36,$,40.9859,-111.9058,+18014517796,84025,350 N. Central Ave.,Farmington,UT,"[{'@type': 'OpeningHoursSpecification', 'dayOfWeek': 'Sunday', 'opens': '11:30', 'closes': '19:30'}, {'@type': 'OpeningHoursSpecification', 'dayOfWeek': ['Monday', 'Tuesday', 'Wednesday', 'Thursday'], 'opens': '10:30', 'closes': '20:30'}, {'@type': 'OpeningHoursSpecification', 'dayOfWeek': ['Friday', 'Saturday'], 'opens': '10:30', 'closes': '21:0'}]","{'@type': 'PostalAddress', 'addressLocality': 'Farmington', 'addressRegion': 'UT', 'postalCode': '84025', 'addressCountry': 'US', 'streetAddress': '350 N. Central Ave.'}","{'@type': 'GeoCoordinates', 'latitude': 40.9859, 'longitude': -111.9058}","{'@type': 'AggregateRating', 'ratingValue': 4.3, 'reviewCount': '36'}"
Bountiful Greek Cafe,https://www.ubereats.com/salt-lake-city/food-delivery/bountiful-greek-cafe/LP1MgOX_T8mVRrlMmiw4bg,west-bountiful-utah,"['European', 'Greek']",4.8,35,$,40.885667,-111.880368,+18016838942,84010,353 S Main St,Bountiful,UT,"[{'@type': 'OpeningHoursSpecification', 'dayOfWeek': ['Monday', 'Tuesday', 'Wednesday', 'Thursday', 'Friday', 'Saturday'], 'opens': '11:0', 'closes': '19:45'}]","{'@type': 'PostalAddress', 'addressLocality': 'Bountiful', 'addressRegion': 'UT', 'postalCode': '84010', 'addressCountry': 'US', 'streetAddress': '353 S Main St'}","{'@type': 'GeoCoordinates', 'latitude': 40.885667, 'longitude': -111.880368}","{'@type': 'AggregateRating', 'ratingValue': 4.8, 'reviewCount': '35'}"
Barbacoa Mexican Grill (Bountiful),https://www.ubereats.com/salt-lake-city/food-delivery/barbacoa-mexican-grill-bountiful/-MMfFyKpT4ykDWNtLVwOsw,west-bountiful-utah,"['Tex Mex', 'Mexican']",,,$,40.884103,-111.887384,+18013350004,84010,273 W 500 S,Bountiful,Utah,"[{'@type': 'OpeningHoursSpecification', 'dayOfWeek': 'Sunday', 'opens': '12:0', 'closes': '20:0'}, {'@type': 'OpeningHoursSpecification', 'dayOfWeek': ['Monday', 'Tuesday', 'Wednesday', 'Thursday', 'Friday'], 'opens': '0:0', 'closes': '20:0'}, {'@type': 'OpeningHoursSpecification', 'dayOfWeek': 'Saturday', 'opens': '11:0', 'closes': '21:0'}]","{'@type': 'PostalAddress', 'addressLocality': 'Bountiful', 'addressRegion': 'Utah', 'postalCode': '84010', 'addressCountry': 'US', 'streetAddress': '273 W 500 S'}","{'@type': 'GeoCoordinates', 'latitude': 40.884103, 'longitude': -111.887384}",{}
The Salad Guru (VR),https://www.ubereats.com/salt-lake-city/food-delivery/the-salad-guru-vr/szyKhpb9RI6NI-ia1urSEw,west-bountiful-utah,"['American', 'Italian', 'Salads', 'Healthy', 'Kids Friendly', 'whatever']",,,$,40.7719867,-111.9151675,+18012322904,84116,840 W N Temple,Salt Lake City,UT,"[{'@type': 'OpeningHoursSpecification', 'dayOfWeek': 'Sunday', 'opens': '0:0', 'closes': '3:0'}, {'@type': 'OpeningHoursSpecification', 'dayOfWeek': 'Sunday', 'opens': '11:0', 'closes': '23:59'}, {'@type': 'OpeningHoursSpecification', 'dayOfWeek': 'Monday', 'opens': '0:0', 'closes': '3:0'}, {'@type': 'OpeningHoursSpecification', 'dayOfWeek': 'Monday', 'opens': '16:0', 'closes': '23:59'}, {'@type': 'OpeningHoursSpecification', 'dayOfWeek': ['Tuesday', 'Wednesday', 'Thursday', 'Friday', 'Saturday'], 'opens': '0:0', 'closes': '3:0'}, {'@type': 'OpeningHoursSpecification', 'dayOfWeek': ['Tuesday', 'Wednesday', 'Thursday', 'Friday', 'Saturday'], 'opens': '11:0', 'closes': '23:59'}]","{'@type': 'PostalAddress', 'addressLocality': 'Salt Lake City', 'addressRegion': 'UT', 'postalCode': '84116', 'addressCountry': 'US', 'streetAddress': '840 W N Temple'}","{'@type': 'GeoCoordinates', 'latitude': 40.7719867, 'longitude': -111.9151675}",{}
Cool Bro's Pizza,https://www.ubereats.com/salt-lake-city/food-delivery/cool-bros-pizza/HnG-ZukpRryvSFOXWhLKWg,west-bountiful-utah,"['Pizza', 'Wings', 'Vegetarian', 'Family Meals']",4.7,139,$$,40.771938,-111.915172,+18012391411,84116,840 W N Temple,Salt Lake City,UT,"[{'@type': 'OpeningHoursSpecification', 'dayOfWeek': 'Sunday', 'opens': '11:0', 'closes': '3:0'}, {'@type': 'OpeningHoursSpecification', 'dayOfWeek': 'Monday', 'opens': '16:0', 'closes': '3:0'}, {'@type': 'OpeningHoursSpecification', 'dayOfWeek': ['Tuesday', 'Wednesday', 'Thursday', 'Friday', 'Saturday'], 'opens': '11:0', 'closes': '3:0'}]","{'@type': 'PostalAddress', 'addressLocality': 'Salt Lake City', 'addressRegion': 'UT', 'postalCode': '84116', 'addressCountry': 'US', 'streetAddress': '840 W N Temple'}","{'@type': 'GeoCoordinates', 'latitude': 40.771938, 'longitude': -111.915172}","{'@type': 'AggregateRating', 'ratingValue': 4.7, 'reviewCount': '139'}"
Rich's Burgers-N-Grub,https://www.ubereats.com/salt-lake-city/food-delivery/richs-burgers-n-grub/9irWCm9mQweFua_bV0MwtQ,west-bountiful-utah,"['Burgers', 'American', 'Sandwiches']",4.7,15,$,40.7626,-111.88987,+18019793319,84111,30 E Broadway 100,Salt Lake City,UT,"[{'@type': 'OpeningHoursSpecification', 'dayOfWeek': 'Sunday', 'opens': '20:0', 'closes': '20:0'}]","{'@type': 'PostalAddress', 'addressLocality': 'Salt Lake City', 'addressRegion': 'UT', 'postalCode': '84111', 'addressCountry': 'US', 'streetAddress': '30 E Broadway 100'}","{'@type': 'GeoCoordinates', 'latitude': 40.7626, 'longitude': -111.88987}","{'@type': 'AggregateRating', 'ratingValue': 4.7, 'reviewCount': '15'}"
Spitz (Salt Lake City),https://www.ubereats.com/salt-lake-city/food-delivery/spitz-salt-lake-city/iLVIgDxITwSBatAGZ_lrcQ,west-bountiful-utah,['Mediterranean'],4.8,83,$$,40.7630115,-111.8899423,+18013640286,84111,35 E Broadway,Salt Lake City,UT,"[{'@type': 'OpeningHoursSpecification', 'dayOfWeek': ['Sunday', 'Monday', 'Tuesday', 'Wednesday', 'Thursday'], 'opens': '11:0', 'closes': '20:0'}, {'@type': 'OpeningHoursSpecification', 'dayOfWeek': ['Friday', 'Saturday'], 'opens': '11:0', 'closes': '22:0'}]","{'@type': 'PostalAddress', 'addressLocality': 'Salt Lake City', 'addressRegion': 'UT', 'postalCode': '84111', 'addressCountry': 'US', 'streetAddress': '35 E Broadway'}","{'@type': 'GeoCoordinates', 'latitude': 40.7630115, 'longitude': -111.8899423}","{'@type': 'AggregateRating', 'ratingValue': 4.8, 'reviewCount': '83'}"
Blaze Pizza (260 N. University Drive),https://www.ubereats.com/salt-lake-city/food-delivery/blaze-pizza-260-n-university-drive/vl81F-yBT62eRpWb-_f_iA,west-bountiful-utah,"['Pizza', 'Family Meals', 'American']",4.2,17,$,40.9847044,-111.9095146,+18014478861,84025,260 N. University Drive,Farmington,UT,"[{'@type': 'OpeningHoursSpecification', 'dayOfWeek': ['Monday', 'Tuesday', 'Wednesday'], 'opens': '11:0', 'closes': '20:30'}, {'@type': 'OpeningHoursSpecification', 'dayOfWeek': ['Thursday', 'Friday', 'Saturday'], 'opens': '11:0', 'closes': '21:30'}]","{'@type': 'PostalAddress', 'addressLocality': 'Farmington', 'addressRegion': 'UT', 'postalCode': '84025', 'addressCountry': 'US', 'streetAddress': '260 N. University Drive'}","{'@type': 'GeoCoordinates', 'latitude': 40.9847044, 'longitude': -111.9095146}","{'@type': 'AggregateRating', 'ratingValue': 4.2, 'reviewCount': '17'}"
KFC (555 East 400 South),https://www.ubereats.com/salt-lake-city/food-delivery/kfc-555-east-400-south/JFmcHQgeRhWO_twKdQn0ew,west-bountiful-utah,"['American', 'Fast Food', 'wings']",4.3,137,$,40.7609708,-111.8749773,+12486732037,84102,555 East 400 South,Salt Lake City,UT,"[{'@type': 'OpeningHoursSpecification', 'dayOfWeek': ['Monday', 'Tuesday', 'Wednesday', 'Thursday', 'Friday', 'Saturday', 'Sunday'], 'opens': '10:30', 'closes': '21:30'}]","{'@type': 'PostalAddress', 'addressLocality': 'Salt Lake City', 'addressRegion': 'UT', 'postalCode': '84102', 'addressCountry': 'US', 'streetAddress': '555 East 400 South'}","{'@type': 'GeoCoordinates', 'latitude': 40.7609708, 'longitude': -111.8749773}","{'@type': 'AggregateRating', 'ratingValue': 4.3, 'reviewCount': '137'}"
Papa Murphy's  (388 North Main Street),https://www.ubereats.com/salt-lake-city/food-delivery/papa-murphys-388-north-main-street/HERqCxM3R_-CEcg8g6pVSQ,west-bountiful-utah,['Pizza'],,,$,40.9212836,-111.8785405,+18012942555,84014,388 North Main Street,Centerville,UT,"[{'@type': 'OpeningHoursSpecification', 'dayOfWeek': 'Sunday', 'opens': '13:0', 'closes': '18:30'}, {'@type': 'OpeningHoursSpecification', 'dayOfWeek': ['Monday', 'Tuesday', 'Wednesday', 'Thursday', 'Friday', 'Saturday'], 'opens': '11:0', 'closes': '20:30'}]","{'@type': 'PostalAddress', 'addressLocality': 'Centerville', 'addressRegion': 'UT', 'postalCode': '84014', 'addressCountry': 'US', 'streetAddress': '388 North Main Street'}","{'@type': 'GeoCoordinates', 'latitude': 40.9212836, 'longitude': -111.8785405}",{}
Papa Murphy's  (91 West 500 South),https://www.ubereats.com/salt-lake-city/food-delivery/papa-murphys-91-west-500-south/H6dzYF-aTpyAng0ATlpmUw,west-bountiful-utah,"['Pizza', 'American', 'Salads']",,,$,40.8838802,-111.8825229,+18012947272,84010,91 West 500 South,Bountiful,UT,"[{'@type': 'OpeningHoursSpecification', 'dayOfWeek': 'Sunday', 'opens': '13:0', 'closes': '19:0'}, {'@type': 'OpeningHoursSpecification', 'dayOfWeek': ['Monday', 'Tuesday', 'Wednesday', 'Thursday'], 'opens': '12:0', 'closes': '20:0'}, {'@type': 'OpeningHoursSpecification', 'dayOfWeek': ['Friday', 'Saturday'], 'opens': '11:0', 'closes': '21:0'}]","{'@type': 'PostalAddress', 'addressLocality': 'Bountiful', 'addressRegion': 'UT', 'postalCode': '84010', 'addressCountry': 'US', 'streetAddress': '91 West 500 South'}","{'@type': 'GeoCoordinates', 'latitude': 40.8838802, 'longitude': -111.8825229}",{}
Pizzeria Limone (Bountiful),https://www.ubereats.com/salt-lake-city/food-delivery/pizzeria-limone-bountiful/TcdY8CEjSoabhkhDhldIXQ,west-bountiful-utah,"['Pizza', 'American', 'Italian']",4.1,15,$,40.8901765,-111.8926195,+18019923473,,,,,"[{'@type': 'OpeningHoursSpecification', 'dayOfWeek': 'Sunday', 'opens': '12:0', 'closes': '20:0'}, {'@type': 'OpeningHoursSpecification', 'dayOfWeek': ['Monday', 'Tuesday', 'Wednesday', 'Thursday'], 'opens': '11:0', 'closes': '21:0'}, {'@type': 'OpeningHoursSpecification', 'dayOfWeek': ['Friday', 'Saturday'], 'opens': '11:0', 'closes': '22:0'}]",,"{'@type': 'GeoCoordinates', 'latitude': 40.8901765, 'longitude': -111.8926195}","{'@type': 'AggregateRating', 'ratingValue': 4.1, 'reviewCount': '15'}"
"Noodles & Company (1032 W Park Ln, Bldg W)",https://www.ubereats.com/salt-lake-city/food-delivery/noodles-%26-company-1032-w-park-ln-bldg-w/-LHDzQhTTlG5mn-YhFFeEg,west-bountiful-utah,"['American', 'Italian', 'Comfort Food', 'Healthy', 'Pasta', 'Chinese', 'Noodles', 'Family Meals']",4.4,31,$,40.9855787,-111.9096543,+18014518464,84025,1032 W Park Ln Bldg W,Farmington,UT,"[{'@type': 'OpeningHoursSpecification', 'dayOfWeek': ['Monday', 'Tuesday', 'Wednesday', 'Thursday', 'Friday', 'Saturday', 'Sunday'], 'opens': '11:0', 'closes': '21:45'}]","{'@type': 'PostalAddress', 'addressLocality': 'Farmington', 'addressRegion': 'UT', 'postalCode': '84025', 'addressCountry': 'US', 'streetAddress': '1032 W Park Ln Bldg W'}","{'@type': 'GeoCoordinates', 'latitude': 40.9855787, 'longitude': -111.9096543}","{'@type': 'AggregateRating', 'ratingValue': 4.4, 'reviewCount': '31'}"
"Noodles & Company (358 S 700 E, Ste A)",https://www.ubereats.com/salt-lake-city/food-delivery/noodles-%26-company-358-s-700-e-ste-a/0oxn6Qi0Rd-hsHVz5t-sJQ,west-bountiful-utah,"['Healthy', 'Pasta', 'Comfort Food', 'American', 'Italian', 'Chinese', 'Noodles', 'Family Meals']",4.5,182,$,40.7616181,-111.8717169,+18013598315,84102,358 S 700 E Ste A,Salt Lake City,UT,"[{'@type': 'OpeningHoursSpecification', 'dayOfWeek': ['Monday', 'Tuesday', 'Wednesday', 'Thursday', 'Friday', 'Saturday', 'Sunday'], 'opens': '11:0', 'closes': '21:45'}]","{'@type': 'PostalAddress', 'addressLocality': 'Salt Lake City', 'addressRegion': 'UT', 'postalCode': '84102', 'addressCountry': 'US', 'streetAddress': '358 S 700 E Ste A'}","{'@type': 'GeoCoordinates', 'latitude': 40.7616181, 'longitude': -111.8717169}","{'@type': 'AggregateRating', 'ratingValue': 4.5, 'reviewCount': '182'}"
Corner Bakery Cafe (175 W 500 S),https://www.ubereats.com/salt-lake-city/food-delivery/corner-bakery-cafe-175-w-500-s/mkcDb4CuQuKfAH1eArE-GA,west-bountiful-utah,"['American', 'Bakery', 'Breakfast and Brunch', 'Cafe', 'Desserts', 'Dinner', 'Omelette', 'pasta', 'salad', 'Sandwich', 'Soup', 'Family Meals']",3.6,16,$$,40.88400000000001,-111.8845724,+18012989000,84010,175 W 500 S,Bountiful,UT,"[{'@type': 'OpeningHoursSpecification', 'dayOfWeek': 'Sunday', 'opens': '9:0', 'closes': '16:0'}, {'@type': 'OpeningHoursSpecification', 'dayOfWeek': ['Monday', 'Tuesday', 'Wednesday', 'Thursday', 'Friday', 'Saturday'], 'opens': '8:0', 'closes': '20:0'}]","{'@type': 'PostalAddress', 'addressLocality': 'Bountiful', 'addressRegion': 'UT', 'postalCode': '84010', 'addressCountry': 'US', 'streetAddress': '175 W 500 S'}","{'@type': 'GeoCoordinates', 'latitude': 40.88400000000001, 'longitude': -111.8845724}","{'@type': 'AggregateRating', 'ratingValue': 3.6, 'reviewCount': '16'}"
Taco Bell (311 North Frontage Road),https://www.ubereats.com/salt-lake-city/food-delivery/taco-bell-311-north-frontage-road/Xrw3De7KT6OKYGTWza6Qwg,west-bountiful-utah,"['Burritos', 'Fast Food', 'Mexican']",3.8,72,$,40.92266550000001,-111.888524,+18012927972,84014,311 N Marketplace Dr,Centerville,UT,"[{'@type': 'OpeningHoursSpecification', 'dayOfWeek': ['Sunday', 'Monday', 'Tuesday', 'Wednesday', 'Thursday'], 'opens': '14:0', 'closes': '17:0'}, {'@type': 'OpeningHoursSpecification', 'dayOfWeek': ['Sunday', 'Monday', 'Tuesday', 'Wednesday', 'Thursday'], 'opens': '7:0', 'closes': '23:30'}, {'@type': 'OpeningHoursSpecification', 'dayOfWeek': ['Sunday', 'Monday', 'Tuesday', 'Wednesday', 'Thursday'], 'opens': '7:0', 'closes': '10:30'}, {'@type': 'OpeningHoursSpecification', 'dayOfWeek': ['Friday', 'Saturday'], 'opens': '14:0', 'closes': '17:0'}, {'@type': 'OpeningHoursSpecification', 'dayOfWeek': ['Friday', 'Saturday'], 'opens': '7:0', 'closes': '10:30'}, {'@type': 'OpeningHoursSpecification', 'dayOfWeek': ['Friday', 'Saturday'], 'opens': '7:0', 'closes': '0:30'}]","{'@type': 'PostalAddress', 'addressLocality': 'Centerville', 'addressRegion': 'UT', 'postalCode': '84014', 'addressCountry': 'US', 'streetAddress': '311 N Marketplace Dr'}","{'@type': 'GeoCoordinates', 'latitude': 40.92266550000001, 'longitude': -111.888524}","{'@type': 'AggregateRating', 'ratingValue': 3.8, 'reviewCount': '72'}"
Subway (588 West 2600 South),https://www.ubereats.com/salt-lake-city/food-delivery/subway-588-west-2600-south/auZ_yJHjRMSaV8Unu3Lkrg,west-bountiful-utah,"['Fast Food', 'Sandwich', 'American']",4.2,26,$,40.8620238,-111.8947961,+18012991570,84010,588 West 2600 South,Bountiful,UT,"[{'@type': 'OpeningHoursSpecification', 'dayOfWeek': ['Sunday', 'Monday', 'Tuesday', 'Wednesday', 'Thursday'], 'opens': '7:0', 'closes': '0:30'}, {'@type': 'OpeningHoursSpecification', 'dayOfWeek': ['Friday', 'Saturday'], 'opens': '7:0', 'closes': '1:30'}]","{'@type': 'PostalAddress', 'addressLocality': 'Bountiful', 'addressRegion': 'UT', 'postalCode': '84010', 'addressCountry': 'US', 'streetAddress': '588 West 2600 South'}","{'@type': 'GeoCoordinates', 'latitude': 40.8620238, 'longitude': -111.8947961}","{'@type': 'AggregateRating', 'ratingValue': 4.2, 'reviewCount': '26'}"
McDonald's® (500 SOUTH),https://www.ubereats.com/salt-lake-city/food-delivery/mcdonalds-500-south/C3IYkBduSM6bRrtp1YYk6w,west-bountiful-utah,"['American', 'Burgers', 'Fast Food']",4.2,82,$,40.88423480000001,-111.8920543,+18012920426,84010,490 W 500 S,Bountiful,UT,"[{'@type': 'OpeningHoursSpecification', 'dayOfWeek': 'Sunday', 'opens': '4:0', 'closes': '10:59'}, {'@type': 'OpeningHoursSpecification', 'dayOfWeek': 'Sunday', 'opens': '11:0', 'closes': '16:59'}, {'@type': 'OpeningHoursSpecification', 'dayOfWeek': 'Sunday', 'opens': '17:0', 'closes': '3:59'}, {'@type': 'OpeningHoursSpecification', 'dayOfWeek': ['Monday', 'Tuesday', 'Wednesday', 'Thursday', 'Friday'], 'opens': '4:0', 'closes': '10:29'}, {'@type': 'OpeningHoursSpecification', 'dayOfWeek': ['Monday', 'Tuesday', 'Wednesday', 'Thursday', 'Friday'], 'opens': '10:30', 'closes': '16:59'}, {'@type': 'OpeningHoursSpecification', 'dayOfWeek': ['Monday', 'Tuesday', 'Wednesday', 'Thursday', 'Friday'], 'opens': '17:0', 'closes': '3:59'}, {'@type': 'OpeningHoursSpecification', 'dayOfWeek': 'Saturday', 'opens': '4:0', 'closes': '10:59'}, {'@type': 'OpeningHoursSpecification', 'dayOfWeek': 'Saturday', 'opens': '11:0', 'closes': '16:59'}, {'@type': 'OpeningHoursSpecification', 'dayOfWeek': 'Saturday', 'opens': '17:0', 'closes': '3:59'}]","{'@type': 'PostalAddress', 'addressLocality': 'Bountiful', 'addressRegion': 'UT', 'postalCode': '84010', 'addressCountry': 'US', 'streetAddress': '490 W 500 S'}","{'@type': 'GeoCoordinates', 'latitude': 40.88423480000001, 'longitude': -111.8920543}","{'@type': 'AggregateRating', 'ratingValue': 4.2, 'reviewCount': '82'}"
Golden Pearl,https://www.ubereats.com/salt-lake-city/food-delivery/golden-pearl/juZe4dZwSbG2GB9mc8ByVg,west-bountiful-utah,['Chinese'],4.5,54,$,40.784062,-111.937189,+18013635223,84116,1625 W 700 N,Salt Lake City,UT,"[{'@type': 'OpeningHoursSpecification', 'dayOfWeek': ['Monday', 'Tuesday', 'Wednesday', 'Thursday'], 'opens': '11:0', 'closes': '20:45'}, {'@type': 'OpeningHoursSpecification', 'dayOfWeek': ['Monday', 'Tuesday', 'Wednesday', 'Thursday'], 'opens': '11:0', 'closes': '15:0'}, {'@type': 'OpeningHoursSpecification', 'dayOfWeek': ['Friday', 'Saturday'], 'opens': '11:0', 'closes': '15:0'}]","{'@type': 'PostalAddress', 'addressLocality': 'Salt Lake City', 'addressRegion': 'UT', 'postalCode': '84116', 'addressCountry': 'US', 'streetAddress': '1625 W 700 N'}","{'@type': 'GeoCoordinates', 'latitude': 40.784062, 'longitude': -111.937189}","{'@type': 'AggregateRating', 'ratingValue': 4.5, 'reviewCount': '54'}"
Wendy's  (1005 N. 500 East),https://www.ubereats.com/salt-lake-city/food-delivery/wendys-1005-n-500-east/4Bv7mIGYQu2vqjqZLBLY7w,west-bountiful-utah,"['American', 'Burgers', 'Fast Food']",,,$,40.85988830000001,-111.8997566,+18012957833,84054,1005 N. 500 East,N.Salt Lake,UT,"[{'@type': 'OpeningHoursSpecification', 'dayOfWeek': ['Monday', 'Tuesday', 'Wednesday', 'Thursday', 'Friday', 'Saturday', 'Sunday'], 'opens': '10:30', 'closes': '23:30'}, {'@type': 'OpeningHoursSpecification', 'dayOfWeek': ['Monday', 'Tuesday', 'Wednesday', 'Thursday', 'Friday', 'Saturday', 'Sunday'], 'opens': '6:30', 'closes': '10:0'}]","{'@type': 'PostalAddress', 'addressLocality': 'N.Salt Lake', 'addressRegion': 'UT', 'postalCode': '84054', 'addressCountry': 'US', 'streetAddress': '1005 N. 500 East'}","{'@type': 'GeoCoordinates', 'latitude': 40.85988830000001, 'longitude': -111.8997566}",{}
Subway (282 W Parrish Ln),https://www.ubereats.com/salt-lake-city/food-delivery/subway-282-w-parrish-ln/MHmoDbk_RNKnOmUOvn74kw,west-bountiful-utah,"['Fast Food', 'Sandwich', 'American']",,,$,40.921799,-111.88233899999999,+18012950999,,,,,"[{'@type': 'OpeningHoursSpecification', 'dayOfWeek': 'Sunday', 'opens': '9:0', 'closes': '18:30'}, {'@type': 'OpeningHoursSpecification', 'dayOfWeek': ['Monday', 'Tuesday', 'Wednesday', 'Thursday', 'Friday'], 'opens': '7:0', 'closes': '20:30'}, {'@type': 'OpeningHoursSpecification', 'dayOfWeek': 'Saturday', 'opens': '8:0', 'closes': '20:30'}]",,"{'@type': 'GeoCoordinates', 'latitude': 40.921799, 'longitude': -111.88233899999999}",{}
Indochine,https://www.ubereats.com/salt-lake-city/food-delivery/indochine/ftdIV9kxT4qrHHGUmcip2g,west-bountiful-utah,"['Vietnamese', 'Chinese', 'Asian']",4.7,127,$$,40.7640427,-111.8542617,+18015820896,84102,230 S 1300 E,Salt Lake City,UT,"[{'@type': 'OpeningHoursSpecification', 'dayOfWeek': ['Monday', 'Tuesday', 'Wednesday', 'Thursday', 'Friday', 'Saturday', 'Sunday'], 'opens': '11:0', 'closes': '21:0'}]","{'@type': 'PostalAddress', 'addressLocality': 'Salt Lake City', 'addressRegion': 'UT', 'postalCode': '84102', 'addressCountry': 'US', 'streetAddress': '230 S 1300 E'}","{'@type': 'GeoCoordinates', 'latitude': 40.7640427, 'longitude': -111.8542617}","{'@type': 'AggregateRating', 'ratingValue': 4.7, 'reviewCount': '127'}"
IHOP 3533,https://www.ubereats.com/salt-lake-city/food-delivery/ihop-3533/TnrscYguTQSi8xGJdxyAfg,west-bountiful-utah,"['Breakfast and Brunch', 'Family Meals']",4.1,45,$$,40.863345,-111.902092,+18012981900,84087,2847 S 800 W,Woods Cross,Utah,"[{'@type': 'OpeningHoursSpecification', 'dayOfWeek': 'Sunday', 'opens': '6:0', 'closes': '13:50'}, {'@type': 'OpeningHoursSpecification', 'dayOfWeek': ['Monday', 'Tuesday', 'Wednesday', 'Thursday', 'Friday', 'Saturday'], 'opens': '6:0', 'closes': '21:50'}]","{'@type': 'PostalAddress', 'addressLocality': 'Woods Cross', 'addressRegion': 'Utah', 'postalCode': '84087', 'addressCountry': 'US', 'streetAddress': '2847 S 800 W'}","{'@type': 'GeoCoordinates', 'latitude': 40.863345, 'longitude': -111.902092}","{'@type': 'AggregateRating', 'ratingValue': 4.1, 'reviewCount': '45'}"
Fried Rice Express Gourmet,https://www.ubereats.com/salt-lake-city/food-delivery/fried-rice-express-gourmet/0tf12WLoRNqNKo-fmjefdg,west-bountiful-utah,"['Asian', 'Chinese', 'Rice-bowls']",4.3,163,$$,40.7616181,-111.8717169,+18013596666,84102,358 S 700 E,Salt Lake City,UT,"[{'@type': 'OpeningHoursSpecification', 'dayOfWeek': ['Monday', 'Tuesday', 'Wednesday', 'Thursday', 'Friday', 'Saturday', 'Sunday'], 'opens': '11:0', 'closes': '20:0'}]","{'@type': 'PostalAddress', 'addressLocality': 'Salt Lake City', 'addressRegion': 'UT', 'postalCode': '84102', 'addressCountry': 'US', 'streetAddress': '358 S 700 E'}","{'@type': 'GeoCoordinates', 'latitude': 40.7616181, 'longitude': -111.8717169}","{'@type': 'AggregateRating', 'ratingValue': 4.3, 'reviewCount': '163'}"
Greek Souvlaki (Downtown),https://www.ubereats.com/salt-lake-city/food-delivery/greek-souvlaki-downtown/7LU_zWqCTd2dVn7cT9G29g,west-bountiful-utah,"['Sandwich', 'Burgers', 'Desserts', 'Family Meals']",4.7,129,$,40.7626156,-111.8793324,+18013222062,84111,404 E 300 S,Salt Lake City,UT,"[{'@type': 'OpeningHoursSpecification', 'dayOfWeek': 'Sunday', 'opens': '12:0', 'closes': '19:30'}, {'@type': 'OpeningHoursSpecification', 'dayOfWeek': ['Monday', 'Tuesday', 'Wednesday', 'Thursday'], 'opens': '11:0', 'closes': '20:30'}, {'@type': 'OpeningHoursSpecification', 'dayOfWeek': ['Friday', 'Saturday'], 'opens': '11:0', 'closes': '21:30'}]","{'@type': 'PostalAddress', 'addressLocality': 'Salt Lake City', 'addressRegion': 'UT', 'postalCode': '84111', 'addressCountry': 'US', 'streetAddress': '404 E 300 S'}","{'@type': 'GeoCoordinates', 'latitude': 40.7626156, 'longitude': -111.8793324}","{'@type': 'AggregateRating', 'ratingValue': 4.7, 'reviewCount': '129'}"
Del Taco (585 N. Redwood Road),https://www.ubereats.com/salt-lake-city/food-delivery/del-taco-585-n-redwood-road/rNNkrZyOQ5KQtMfiNVMOsA,west-bountiful-utah,"['Fast Food', 'Mexican', 'Tacos']",4.3,18,$,40.8524688,-111.9302182,+18012954321,84054,585 N. Redwood Road,North Salt Lake,UT,"[{'@type': 'OpeningHoursSpecification', 'dayOfWeek': ['Monday', 'Tuesday', 'Wednesday', 'Thursday', 'Friday', 'Saturday', 'Sunday'], 'opens': '0:0', 'closes': '23:59'}]","{'@type': 'PostalAddress', 'addressLocality': 'North Salt Lake', 'addressRegion': 'UT', 'postalCode': '84054', 'addressCountry': 'US', 'streetAddress': '585 N. Redwood Road'}","{'@type': 'GeoCoordinates', 'latitude': 40.8524688, 'longitude': -111.9302182}","{'@type': 'AggregateRating', 'ratingValue': 4.3, 'reviewCount': '18'}"
Wendy's  (363 North Market Place Drive),https://www.ubereats.com/salt-lake-city/food-delivery/wendys-363-north-market-place-drive/isko_W8pSGq0dw08t5z5tg,west-bountiful-utah,"['American', 'Burgers', 'Fast Food']",,,$,40.9205292,-111.8882986,+18013971964,84014,363 North Market Place Drive,Centerville,UT,"[{'@type': 'OpeningHoursSpecification', 'dayOfWeek': ['Monday', 'Tuesday', 'Wednesday', 'Thursday', 'Friday', 'Saturday', 'Sunday'], 'opens': '10:30', 'closes': '23:30'}, {'@type': 'OpeningHoursSpecification', 'dayOfWeek': ['Monday', 'Tuesday', 'Wednesday', 'Thursday', 'Friday', 'Saturday', 'Sunday'], 'opens': '6:30', 'closes': '10:0'}]","{'@type': 'PostalAddress', 'addressLocality': 'Centerville', 'addressRegion': 'UT', 'postalCode': '84014', 'addressCountry': 'US', 'streetAddress': '363 North Market Place Drive'}","{'@type': 'GeoCoordinates', 'latitude': 40.9205292, 'longitude': -111.8882986}",{}
Doki Doki,https://www.ubereats.com/salt-lake-city/food-delivery/doki-doki/F_mCzcUXQWy5lY8LJ1iu0A,west-bountiful-utah,"['Desserts', 'Coffee and Tea', 'Kids Friendly']",4.8,44,$,40.76086249999999,-111.8836504,+18018039356,84111,249 E 400 S,Salt Lake City,UT,"[{'@type': 'OpeningHoursSpecification', 'dayOfWeek': ['Monday', 'Tuesday', 'Wednesday', 'Thursday'], 'opens': '12:0', 'closes': '20:30'}, {'@type': 'OpeningHoursSpecification', 'dayOfWeek': ['Friday', 'Saturday'], 'opens': '12:0', 'closes': '20:0'}]","{'@type': 'PostalAddress', 'addressLocality': 'Salt Lake City', 'addressRegion': 'UT', 'postalCode': '84111', 'addressCountry': 'US', 'streetAddress': '249 E 400 S'}","{'@type': 'GeoCoordinates', 'latitude': 40.76086249999999, 'longitude': -111.8836504}","{'@type': 'AggregateRating', 'ratingValue': 4.8, 'reviewCount': '44'}"
McDonald's® (529 N 700 W),https://www.ubereats.com/salt-lake-city/food-delivery/mcdonalds-529-n-700-w/schgjgoFRZWC1FdUyhtDSQ,west-bountiful-utah,"['American', 'Burgers', 'Fast Food']",4.7,17,$,40.923459,-111.890096,+18012953091,84014,529 N 700 W,CENTERVILLE,UT,"[{'@type': 'OpeningHoursSpecification', 'dayOfWeek': 'Sunday', 'opens': '4:0', 'closes': '10:59'}, {'@type': 'OpeningHoursSpecification', 'dayOfWeek': 'Sunday', 'opens': '11:0', 'closes': '16:59'}, {'@type': 'OpeningHoursSpecification', 'dayOfWeek': 'Sunday', 'opens': '17:0', 'closes': '3:59'}, {'@type': 'OpeningHoursSpecification', 'dayOfWeek': ['Monday', 'Tuesday', 'Wednesday', 'Thursday', 'Friday'], 'opens': '4:0', 'closes': '10:29'}, {'@type': 'OpeningHoursSpecification', 'dayOfWeek': ['Monday', 'Tuesday', 'Wednesday', 'Thursday', 'Friday'], 'opens': '10:30', 'closes': '16:59'}, {'@type': 'OpeningHoursSpecification', 'dayOfWeek': ['Monday', 'Tuesday', 'Wednesday', 'Thursday', 'Friday'], 'opens': '17:0', 'closes': '3:59'}, {'@type': 'OpeningHoursSpecification', 'dayOfWeek': 'Saturday', 'opens': '4:0', 'closes': '10:59'}, {'@type': 'OpeningHoursSpecification', 'dayOfWeek': 'Saturday', 'opens': '11:0', 'closes': '16:59'}, {'@type': 'OpeningHoursSpecification', 'dayOfWeek': 'Saturday', 'opens': '17:0', 'closes': '3:59'}]","{'@type': 'PostalAddress', 'addressLocality': 'CENTERVILLE', 'addressRegion': 'UT', 'postalCode': '84014', 'addressCountry': 'US', 'streetAddress': '529 N 700 W'}","{'@type': 'GeoCoordinates', 'latitude': 40.923459, 'longitude': -111.890096}","{'@type': 'AggregateRating', 'ratingValue': 4.7, 'reviewCount': '17'}"
KFC (495 South 500 West),https://www.ubereats.com/salt-lake-city/food-delivery/kfc-495-south-500-west/2I17fFBXQhWz-FpdMJq5dg,west-bountiful-utah,"['American', 'Fast Food', 'wings']",4.6,55,$,40.8845786,-111.8916168,+12486521737,84010,495 South 500 West,Bountiful,UT,"[{'@type': 'OpeningHoursSpecification', 'dayOfWeek': ['Monday', 'Tuesday', 'Wednesday', 'Thursday', 'Friday', 'Saturday', 'Sunday'], 'opens': '10:30', 'closes': '21:30'}]","{'@type': 'PostalAddress', 'addressLocality': 'Bountiful', 'addressRegion': 'UT', 'postalCode': '84010', 'addressCountry': 'US', 'streetAddress': '495 South 500 West'}","{'@type': 'GeoCoordinates', 'latitude': 40.8845786, 'longitude': -111.8916168}","{'@type': 'AggregateRating', 'ratingValue': 4.6, 'reviewCount': '55'}"
Chick-fil-A  (540 N 800 W),https://www.ubereats.com/salt-lake-city/food-delivery/chick-fil-a-540-n-800-w/3xQnVw5sR5eXAysWEz2jdA,west-bountiful-utah,"['American', 'Fried Chicken', 'Fast Food', 'Sandwich']",4.6,37,$,40.9231795,-111.8888808,+18012920420,84014,540 N 800 W,Centerville,UT,"[{'@type': 'OpeningHoursSpecification', 'dayOfWeek': ['Monday', 'Tuesday', 'Wednesday', 'Thursday', 'Friday', 'Saturday'], 'opens': '6:30', 'closes': '10:0'}, {'@type': 'OpeningHoursSpecification', 'dayOfWeek': ['Monday', 'Tuesday', 'Wednesday', 'Thursday', 'Friday', 'Saturday'], 'opens': '10:0', 'closes': '21:30'}]","{'@type': 'PostalAddress', 'addressLocality': 'Centerville', 'addressRegion': 'UT', 'postalCode': '84014', 'addressCountry': 'US', 'streetAddress': '540 N 800 W'}","{'@type': 'GeoCoordinates', 'latitude': 40.9231795, 'longitude': -111.8888808}","{'@type': 'AggregateRating', 'ratingValue': 4.6, 'reviewCount': '37'}"
Diversion Social Eatery,https://www.ubereats.com/salt-lake-city/food-delivery/diversion-social-eatery/W8MthpWhRIKne1o2VRzNqw,west-bountiful-utah,"['Burgers', 'American', 'Sandwiches', 'Allergy Friendly']",4.6,14,$,40.78097,-111.9000361,+18016577326,,,,,"[{'@type': 'OpeningHoursSpecification', 'dayOfWeek': ['Monday', 'Tuesday', 'Wednesday', 'Thursday', 'Friday', 'Saturday', 'Sunday'], 'opens': '11:0', 'closes': '20:45'}, {'@type': 'OpeningHoursSpecification', 'dayOfWeek': ['Monday', 'Tuesday', 'Wednesday', 'Thursday', 'Friday', 'Saturday', 'Sunday'], 'opens': '11:0', 'closes': '20:45'}, {'@type': 'OpeningHoursSpecification', 'dayOfWeek': ['Monday', 'Tuesday', 'Wednesday', 'Thursday', 'Friday', 'Saturday', 'Sunday'], 'opens': '11:0', 'closes': '20:45'}]",,"{'@type': 'GeoCoordinates', 'latitude': 40.78097, 'longitude': -111.9000361}","{'@type': 'AggregateRating', 'ratingValue': 4.6, 'reviewCount': '14'}"
Twigs Bistro And Martini Bar( 155 E Promontory),https://www.ubereats.com/salt-lake-city/food-delivery/twigs-bistro-and-martini-bar-155-e-promontory/6P38Ye38TImZeyYZRiTWEg,west-bountiful-utah,"['American', 'Steak', 'Comfort Food']",4.7,42,$,40.9834712,-111.9069296,+18014478944,84025,155 N East Promontory,Farmington,UT,"[{'@type': 'OpeningHoursSpecification', 'dayOfWeek': 'Sunday', 'opens': '11:0', 'closes': '20:0'}, {'@type': 'OpeningHoursSpecification', 'dayOfWeek': ['Monday', 'Tuesday', 'Wednesday', 'Thursday'], 'opens': '11:0', 'closes': '21:0'}, {'@type': 'OpeningHoursSpecification', 'dayOfWeek': ['Friday', 'Saturday'], 'opens': '11:0', 'closes': '22:0'}]","{'@type': 'PostalAddress', 'addressLocality': 'Farmington', 'addressRegion': 'UT', 'postalCode': '84025', 'addressCountry': 'US', 'streetAddress': '155 N East Promontory'}","{'@type': 'GeoCoordinates', 'latitude': 40.9834712, 'longitude': -111.9069296}","{'@type': 'AggregateRating', 'ratingValue': 4.7, 'reviewCount': '42'}"
Firehouse Subs (490 East 1100 N),https://www.ubereats.com/salt-lake-city/food-delivery/firehouse-subs-490-east-1100-n/6GwSaukERjKdi8N4p5ACOA,west-bountiful-utah,"['Sandwiches', 'American', 'Healthy']",4.4,61,$,40.860651,-111.899823,+18013975567,84054,490 East 1100 N #5,North Salt Lake,UT,"[{'@type': 'OpeningHoursSpecification', 'dayOfWeek': ['Monday', 'Tuesday', 'Wednesday', 'Thursday', 'Friday', 'Saturday', 'Sunday'], 'opens': '10:30', 'closes': '20:30'}]","{'@type': 'PostalAddress', 'addressLocality': 'North Salt Lake', 'addressRegion': 'UT', 'postalCode': '84054', 'addressCountry': 'US', 'streetAddress': '490 East 1100 N #5'}","{'@type': 'GeoCoordinates', 'latitude': 40.860651, 'longitude': -111.899823}","{'@type': 'AggregateRating', 'ratingValue': 4.4, 'reviewCount': '61'}"
Cafe Zupas (2577 S. Wild Cat Way),https://www.ubereats.com/salt-lake-city/food-delivery/cafe-zupas-2577-s-wild-cat-way/qwrw7ATWTPm9KDYt_eWHhQ,west-bountiful-utah,"['American', 'Salads', 'Sandwich']",4.7,50,$$,40.8626269,-111.8996505,+13854898996,84087,2577 S. Wild Cat Way,Woods Cross,UT,"[{'@type': 'OpeningHoursSpecification', 'dayOfWeek': ['Monday', 'Tuesday', 'Wednesday', 'Thursday'], 'opens': '10:30', 'closes': '20:30'}, {'@type': 'OpeningHoursSpecification', 'dayOfWeek': ['Friday', 'Saturday'], 'opens': '10:30', 'closes': '21:30'}]","{'@type': 'PostalAddress', 'addressLocality': 'Woods Cross', 'addressRegion': 'UT', 'postalCode': '84087', 'addressCountry': 'US', 'streetAddress': '2577 S. Wild Cat Way'}","{'@type': 'GeoCoordinates', 'latitude': 40.8626269, 'longitude': -111.8996505}","{'@type': 'AggregateRating', 'ratingValue': 4.7, 'reviewCount': '50'}"
PJ Fresh (885 West North Point Circle),https://www.ubereats.com/salt-lake-city/food-delivery/pj-fresh-885-west-north-point-circle/xRfRbmx3T1Gv47A-__c2vA,west-bountiful-utah,"['Burgers', 'American', 'Sandwiches']",,,$,40.83617479999999,-111.9341113,+18019361408,84054,885 West North Point Circle,North Salt Lake,UT,"[{'@type': 'OpeningHoursSpecification', 'dayOfWeek': ['Monday', 'Tuesday', 'Wednesday', 'Thursday', 'Friday', 'Saturday', 'Sunday'], 'opens': '0:0', 'closes': '23:59'}]","{'@type': 'PostalAddress', 'addressLocality': 'North Salt Lake', 'addressRegion': 'UT', 'postalCode': '84054', 'addressCountry': 'US', 'streetAddress': '885 West North Point Circle'}","{'@type': 'GeoCoordinates', 'latitude': 40.83617479999999, 'longitude': -111.9341113}",{}
Panda Express (245 West 500 South Space B),https://www.ubereats.com/salt-lake-city/food-delivery/panda-express-245-west-500-south-space-b/prR2PIuYRlGGW5ajCyOn_Q,west-bountiful-utah,"['Chinese', 'Family Meals']",4.5,200,$,40.883998,-111.886436,+18013971258,84010,245 West 500 South Space B,Bountiful,UT,"[{'@type': 'OpeningHoursSpecification', 'dayOfWeek': 'Sunday', 'opens': '11:0', 'closes': '20:30'}, {'@type': 'OpeningHoursSpecification', 'dayOfWeek': ['Monday', 'Tuesday', 'Wednesday', 'Thursday'], 'opens': '10:30', 'closes': '21:0'}, {'@type': 'OpeningHoursSpecification', 'dayOfWeek': ['Friday', 'Saturday'], 'opens': '10:30', 'closes': '22:0'}]","{'@type': 'PostalAddress', 'addressLocality': 'Bountiful', 'addressRegion': 'UT', 'postalCode': '84010', 'addressCountry': 'US', 'streetAddress': '245 West 500 South Space B'}","{'@type': 'GeoCoordinates', 'latitude': 40.883998, 'longitude': -111.886436}","{'@type': 'AggregateRating', 'ratingValue': 4.5, 'reviewCount': '200'}"
Kathmandu Grill,https://www.ubereats.com/salt-lake-city/food-delivery/kathmandu-grill/ktBVcIf6QDelcZW0oBMcLw,west-bountiful-utah,"['South Asian', 'Indian', 'Asian']",4.5,148,$$,40.76435379999999,-111.8716237,+18013550454,84102,212 S 700 E,Salt Lake City,UT,"[{'@type': 'OpeningHoursSpecification', 'dayOfWeek': 'Sunday', 'opens': '12:0', 'closes': '21:0'}, {'@type': 'OpeningHoursSpecification', 'dayOfWeek': ['Monday', 'Tuesday', 'Wednesday', 'Thursday'], 'opens': '17:0', 'closes': '21:0'}, {'@type': 'OpeningHoursSpecification', 'dayOfWeek': ['Friday', 'Saturday'], 'opens': '12:0', 'closes': '21:0'}]","{'@type': 'PostalAddress', 'addressLocality': 'Salt Lake City', 'addressRegion': 'UT', 'postalCode': '84102', 'addressCountry': 'US', 'streetAddress': '212 S 700 E'}","{'@type': 'GeoCoordinates', 'latitude': 40.76435379999999, 'longitude': -111.8716237}","{'@type': 'AggregateRating', 'ratingValue': 4.5, 'reviewCount': '148'}"
Del Taco (196 West 500 South),https://www.ubereats.com/salt-lake-city/food-delivery/del-taco-196-west-500-south/QRCwVxcCSa-XBxS_FeZmGQ,west-bountiful-utah,"['Fast Food', 'Mexican', 'Tacos']",,,$,40.8844495,-111.8852477,+18013970388,84010,196 West 500 South,Bountiful,UT,"[{'@type': 'OpeningHoursSpecification', 'dayOfWeek': 'Sunday', 'opens': '10:0', 'closes': '23:0'}, {'@type': 'OpeningHoursSpecification', 'dayOfWeek': ['Monday', 'Tuesday', 'Wednesday', 'Thursday', 'Friday', 'Saturday'], 'opens': '9:0', 'closes': '23:59'}]","{'@type': 'PostalAddress', 'addressLocality': 'Bountiful', 'addressRegion': 'UT', 'postalCode': '84010', 'addressCountry': 'US', 'streetAddress': '196 West 500 South'}","{'@type': 'GeoCoordinates', 'latitude': 40.8844495, 'longitude': -111.8852477}",{}
IHOP 1737,https://www.ubereats.com/salt-lake-city/food-delivery/ihop-1737/0FtZn0YNS9mXqXAz4A7a6g,west-bountiful-utah,"['Breakfast and Brunch', 'Family Meals']",4.3,22,$,40.921064,-111.887338,+18012968000,84014,388 N Marketplace Dr,Centerville,Utah,"[{'@type': 'OpeningHoursSpecification', 'dayOfWeek': 'Sunday', 'opens': '7:0', 'closes': '13:50'}, {'@type': 'OpeningHoursSpecification', 'dayOfWeek': ['Monday', 'Tuesday', 'Wednesday', 'Thursday', 'Friday', 'Saturday'], 'opens': '7:0', 'closes': '21:50'}]","{'@type': 'PostalAddress', 'addressLocality': 'Centerville', 'addressRegion': 'Utah', 'postalCode': '84014', 'addressCountry': 'US', 'streetAddress': '388 N Marketplace Dr'}","{'@type': 'GeoCoordinates', 'latitude': 40.921064, 'longitude': -111.887338}","{'@type': 'AggregateRating', 'ratingValue': 4.3, 'reviewCount': '22'}"
McDonald's® (610 W 2600 S),https://www.ubereats.com/salt-lake-city/food-delivery/mcdonalds-610-w-2600-s/M2N0R6WgRjm5o43p1ORv7Q,west-bountiful-utah,"['American', 'Burgers', 'Fast Food']",4.5,116,$,40.862025,-111.897478,+18012944361,84010-8190,610 W 2600 S,WOODS CROSS,UT,"[{'@type': 'OpeningHoursSpecification', 'dayOfWeek': 'Sunday', 'opens': '4:0', 'closes': '10:59'}, {'@type': 'OpeningHoursSpecification', 'dayOfWeek': 'Sunday', 'opens': '11:0', 'closes': '16:59'}, {'@type': 'OpeningHoursSpecification', 'dayOfWeek': 'Sunday', 'opens': '17:0', 'closes': '3:59'}, {'@type': 'OpeningHoursSpecification', 'dayOfWeek': ['Monday', 'Tuesday', 'Wednesday', 'Thursday', 'Friday'], 'opens': '4:0', 'closes': '10:29'}, {'@type': 'OpeningHoursSpecification', 'dayOfWeek': ['Monday', 'Tuesday', 'Wednesday', 'Thursday', 'Friday'], 'opens': '10:30', 'closes': '16:59'}, {'@type': 'OpeningHoursSpecification', 'dayOfWeek': ['Monday', 'Tuesday', 'Wednesday', 'Thursday', 'Friday'], 'opens': '17:0', 'closes': '3:59'}, {'@type': 'OpeningHoursSpecification', 'dayOfWeek': 'Saturday', 'opens': '4:0', 'closes': '10:59'}, {'@type': 'OpeningHoursSpecification', 'dayOfWeek': 'Saturday', 'opens': '11:0', 'closes': '16:59'}, {'@type': 'OpeningHoursSpecification', 'dayOfWeek': 'Saturday', 'opens': '17:0', 'closes': '3:59'}]","{'@type': 'PostalAddress', 'addressLocality': 'WOODS CROSS', 'addressRegion': 'UT', 'postalCode': '84010-8190', 'addressCountry': 'US', 'streetAddress': '610 W 2600 S'}","{'@type': 'GeoCoordinates', 'latitude': 40.862025, 'longitude': -111.897478}","{'@type': 'AggregateRating', 'ratingValue': 4.5, 'reviewCount': '116'}"
Cold Stone Creamery (273 W 500 S),https://www.ubereats.com/salt-lake-city/food-delivery/cold-stone-creamery-273-w-500-s/_aRAwCa2QzWle4GcWW0JoQ,west-bountiful-utah,"['Ice Cream and Frozen Yogurt', 'Juice and Smoothies', 'Cupcakes', 'Kids Friendly']",4.6,81,$,40.8837921,-111.8868316,+18012942750,84010,273 W 500 S Ste 2,Bountiful,UT,"[{'@type': 'OpeningHoursSpecification', 'dayOfWeek': ['Monday', 'Tuesday', 'Wednesday', 'Thursday'], 'opens': '11:0', 'closes': '22:0'}, {'@type': 'OpeningHoursSpecification', 'dayOfWeek': ['Friday', 'Saturday'], 'opens': '11:0', 'closes': '23:0'}]","{'@type': 'PostalAddress', 'addressLocality': 'Bountiful', 'addressRegion': 'UT', 'postalCode': '84010', 'addressCountry': 'US', 'streetAddress': '273 W 500 S Ste 2'}","{'@type': 'GeoCoordinates', 'latitude': 40.8837921, 'longitude': -111.8868316}","{'@type': 'AggregateRating', 'ratingValue': 4.6, 'reviewCount': '81'}"
"Benihana (165 S West Temple, Bdlg#1)",https://www.ubereats.com/salt-lake-city/food-delivery/benihana-165-s-west-temple-bdlg%231/Oa4xz7GxSDuAsK37G06gQg,west-bountiful-utah,"['Japanese', 'Family Meals']",4.2,33,$$,40.7658249,-111.8930622,+18013222421,84101,"165 S West Temple, Bdlg#1",Salt Lake City,UT,"[{'@type': 'OpeningHoursSpecification', 'dayOfWeek': ['Sunday', 'Monday', 'Tuesday', 'Wednesday', 'Thursday'], 'opens': '10:30', 'closes': '21:30'}, {'@type': 'OpeningHoursSpecification', 'dayOfWeek': ['Friday', 'Saturday'], 'opens': '10:30', 'closes': '22:30'}]","{'@type': 'PostalAddress', 'addressLocality': 'Salt Lake City', 'addressRegion': 'UT', 'postalCode': '84101', 'addressCountry': 'US', 'streetAddress': '165 S West Temple, Bdlg#1'}","{'@type': 'GeoCoordinates', 'latitude': 40.7658249, 'longitude': -111.8930622}","{'@type': 'AggregateRating', 'ratingValue': 4.2, 'reviewCount': '33'}"
Starbucks (Woods Cross - 2600 S and I-15),https://www.ubereats.com/salt-lake-city/food-delivery/starbucks-woods-cross-2600-s-and-i-15/T0wrrmJiS8apZJ9YZC_ttA,west-bountiful-utah,"['Bakery', 'Breakfast and Brunch', 'Cafe', 'Coffee & Tea']",4.5,62,$,40.86196890000001,-111.8981031,+13852299455,84010,616 W 2600 S,Woods Cross,UT,"[{'@type': 'OpeningHoursSpecification', 'dayOfWeek': 'Sunday', 'opens': '6:0', 'closes': '18:0'}, {'@type': 'OpeningHoursSpecification', 'dayOfWeek': ['Monday', 'Tuesday', 'Wednesday', 'Thursday', 'Friday'], 'opens': '5:0', 'closes': '20:0'}, {'@type': 'OpeningHoursSpecification', 'dayOfWeek': 'Saturday', 'opens': '6:0', 'closes': '20:0'}]","{'@type': 'PostalAddress', 'addressLocality': 'Woods Cross', 'addressRegion': 'UT', 'postalCode': '84010', 'addressCountry': 'US', 'streetAddress': '616 W 2600 S'}","{'@type': 'GeoCoordinates', 'latitude': 40.86196890000001, 'longitude': -111.8981031}","{'@type': 'AggregateRating', 'ratingValue': 4.5, 'reviewCount': '62'}"
Black Bear Diner (2474 S 575 W),https://www.ubereats.com/salt-lake-city/food-delivery/black-bear-diner-2474-s-575-w/jBkWsVf9SoCB1U9kU0HbdQ,west-bountiful-utah,"['American', 'Burgers', 'Comfort Food', 'Family Meals']",4.5,77,$$,40.862986,-111.8966825,+13858312001,84010,2474 S 575 W,Woods Cross,UT,"[{'@type': 'OpeningHoursSpecification', 'dayOfWeek': ['Monday', 'Tuesday', 'Wednesday', 'Thursday', 'Friday', 'Saturday', 'Sunday'], 'opens': '6:0', 'closes': '22:0'}]","{'@type': 'PostalAddress', 'addressLocality': 'Woods Cross', 'addressRegion': 'UT', 'postalCode': '84010', 'addressCountry': 'US', 'streetAddress': '2474 S 575 W'}","{'@type': 'GeoCoordinates', 'latitude': 40.862986, 'longitude': -111.8966825}","{'@type': 'AggregateRating', 'ratingValue': 4.5, 'reviewCount': '77'}"
Wok Lin Restaurant,https://www.ubereats.com/salt-lake-city/food-delivery/wok-lin-restaurant/6Kq9A6VjQ7KIpGLRyU8akQ,west-bountiful-utah,"['Chinese', 'Asian', 'Asian Fusion']",,,$,40.8856712,-111.891764,+18012999686,,,,,"[{'@type': 'OpeningHoursSpecification', 'dayOfWeek': ['Monday', 'Tuesday', 'Wednesday', 'Thursday', 'Friday'], 'opens': '11:0', 'closes': '20:30'}, {'@type': 'OpeningHoursSpecification', 'dayOfWeek': ['Monday', 'Tuesday', 'Wednesday', 'Thursday', 'Friday'], 'opens': '11:0', 'closes': '15:0'}, {'@type': 'OpeningHoursSpecification', 'dayOfWeek': 'Saturday', 'opens': '11:0', 'closes': '20:30'}]",,"{'@type': 'GeoCoordinates', 'latitude': 40.8856712, 'longitude': -111.891764}",{}
Fiiz Drinks Bountiful,https://www.ubereats.com/salt-lake-city/food-delivery/fiiz-drinks-bountiful/uiv3KBjeT1Sx7pyrADD6ow,west-bountiful-utah,"['Desserts', 'Coffee and Tea', 'Ice Cream and Frozen Yogurt']",,,$,40.8933528,-111.8817544,+18018722761,84010,45 W 400 N,Bountiful,UT,"[{'@type': 'OpeningHoursSpecification', 'dayOfWeek': ['Monday', 'Tuesday', 'Wednesday', 'Thursday'], 'opens': '7:30', 'closes': '22:0'}, {'@type': 'OpeningHoursSpecification', 'dayOfWeek': 'Friday', 'opens': '7:30', 'closes': '23:0'}, {'@type': 'OpeningHoursSpecification', 'dayOfWeek': 'Saturday', 'opens': '9:0', 'closes': '23:0'}]","{'@type': 'PostalAddress', 'addressLocality': 'Bountiful', 'addressRegion': 'UT', 'postalCode': '84010', 'addressCountry': 'US', 'streetAddress': '45 W 400 N'}","{'@type': 'GeoCoordinates', 'latitude': 40.8933528, 'longitude': -111.8817544}",{}
Fleming’s Prime Steakhouse & Wine Bar (Salt Lake City),https://www.ubereats.com/salt-lake-city/food-delivery/flemings-prime-steakhouse-%26-wine-bar-salt-lake-city/_RDDpCI4S9Okm1LWg3Dvpg,west-bountiful-utah,"['Steak', 'Seafood', 'Salads', 'Kids Friendly', 'Family Meals', 'Burgers']",4.3,30,$$$,40.7677473,-111.9033892,+18013553704,84101,20 South 400 West #2020,Salt Lake City,UT,"[{'@type': 'OpeningHoursSpecification', 'dayOfWeek': 'Sunday', 'opens': '12:30', 'closes': '20:30'}, {'@type': 'OpeningHoursSpecification', 'dayOfWeek': 'Monday', 'opens': '12:30', 'closes': '21:30'}, {'@type': 'OpeningHoursSpecification', 'dayOfWeek': 'Tuesday', 'opens': '12:30', 'closes': '21:30'}, {'@type': 'OpeningHoursSpecification', 'dayOfWeek': ['Wednesday', 'Thursday', 'Friday', 'Saturday'], 'opens': '12:30', 'closes': '21:30'}]","{'@type': 'PostalAddress', 'addressLocality': 'Salt Lake City', 'addressRegion': 'UT', 'postalCode': '84101', 'addressCountry': 'US', 'streetAddress': '20 South 400 West #2020'}","{'@type': 'GeoCoordinates', 'latitude': 40.7677473, 'longitude': -111.9033892}","{'@type': 'AggregateRating', 'ratingValue': 4.3, 'reviewCount': '30'}"
Starbucks (Centerville Starbucks),https://www.ubereats.com/salt-lake-city/food-delivery/starbucks-centerville-starbucks/xxRPP2RBSouiugnIdx4Srg,west-bountiful-utah,"['Bakery', 'Breakfast and Brunch', 'Cafe', 'Coffee & Tea']",4.5,30,$,40.92058249999999,-111.8872739,+18012980256,84014,356 N. Marketplace Drive #A100,Centerville,UT,"[{'@type': 'OpeningHoursSpecification', 'dayOfWeek': 'Sunday', 'opens': '6:0', 'closes': '19:0'}, {'@type': 'OpeningHoursSpecification', 'dayOfWeek': ['Monday', 'Tuesday', 'Wednesday', 'Thursday', 'Friday', 'Saturday'], 'opens': '5:0', 'closes': '19:0'}]","{'@type': 'PostalAddress', 'addressLocality': 'Centerville', 'addressRegion': 'UT', 'postalCode': '84014', 'addressCountry': 'US', 'streetAddress': '356 N. Marketplace Drive #A100'}","{'@type': 'GeoCoordinates', 'latitude': 40.92058249999999, 'longitude': -111.8872739}","{'@type': 'AggregateRating', 'ratingValue': 4.5, 'reviewCount': '30'}"
Avenues Proper,https://www.ubereats.com/salt-lake-city/food-delivery/avenues-proper/Kiq3MFlCSdagnbElHhWz5Q,west-bountiful-utah,"['Burgers', 'American', 'Sandwiches']",4.7,66,$,40.7782463,-111.8780515,+13852278628,84103,376 8th Avenue,Salt Lake City,UT,"[{'@type': 'OpeningHoursSpecification', 'dayOfWeek': 'Sunday', 'opens': '9:0', 'closes': '15:0'}, {'@type': 'OpeningHoursSpecification', 'dayOfWeek': 'Sunday', 'opens': '15:0', 'closes': '17:0'}, {'@type': 'OpeningHoursSpecification', 'dayOfWeek': 'Sunday', 'opens': '17:0', 'closes': '21:0'}, {'@type': 'OpeningHoursSpecification', 'dayOfWeek': ['Tuesday', 'Wednesday', 'Thursday'], 'opens': '11:0', 'closes': '16:0'}, {'@type': 'OpeningHoursSpecification', 'dayOfWeek': ['Tuesday', 'Wednesday', 'Thursday'], 'opens': '16:0', 'closes': '21:0'}, {'@type': 'OpeningHoursSpecification', 'dayOfWeek': ['Friday', 'Saturday'], 'opens': '9:0', 'closes': '15:0'}, {'@type': 'OpeningHoursSpecification', 'dayOfWeek': ['Friday', 'Saturday'], 'opens': '15:0', 'closes': '17:0'}, {'@type': 'OpeningHoursSpecification', 'dayOfWeek': ['Friday', 'Saturday'], 'opens': '17:0', 'closes': '22:0'}]","{'@type': 'PostalAddress', 'addressLocality': 'Salt Lake City', 'addressRegion': 'UT', 'postalCode': '84103', 'addressCountry': 'US', 'streetAddress': '376 8th Avenue'}","{'@type': 'GeoCoordinates', 'latitude': 40.7782463, 'longitude': -111.8780515}","{'@type': 'AggregateRating', 'ratingValue': 4.7, 'reviewCount': '66'}"
