name,url,city,cuisine,avgRating,numReviews,priceRange,latitude,longitude,telephone,postalCode,streetAddress,addressLocality,addressRegion,openingHoursSpecification,addressString,geoString,ratingString
Chipotle Mexican Grill (7 Rossanley Dr),https://www.ubereats.com/eugene/food-delivery/chipotle-mexican-grill-7-rossanley-dr/QZIQVeKgQ-yOkYNY39ss-Q,white-city-oregon,"['Healthy', 'Mexican']",4.5,100,$,42.3445844,-122.8814384,+15417720787,97501,7 Rossanley Dr,Medford,OR,"[{'@type': 'OpeningHoursSpecification', 'dayOfWeek': ['Monday', 'Tuesday', 'Wednesday', 'Thursday', 'Friday', 'Saturday', 'Sunday'], 'opens': '10:45', 'closes': '21:40'}]","{'@type': 'PostalAddress', 'addressLocality': 'Medford', 'addressRegion': 'OR', 'postalCode': '97501', 'addressCountry': 'US', 'streetAddress': '7 Rossanley Dr'}","{'@type': 'GeoCoordinates', 'latitude': 42.3445844, 'longitude': -122.8814384}","{'@type': 'AggregateRating', 'ratingValue': 4.5, 'reviewCount': '100'}"
Rogue Eats,https://www.ubereats.com/eugene/food-delivery/rogue-eats/n7h2PvnES1eIUnA7lbWLtQ,white-city-oregon,"['Sandwiches', 'American', 'Healthy']",,,$,42.3432773,-122.8768668,+15418164801,97501,1600 N Riverside Ave,Medford,OR,"[{'@type': 'OpeningHoursSpecification', 'dayOfWeek': ['Monday', 'Tuesday', 'Wednesday', 'Thursday', 'Friday', 'Saturday', 'Sunday'], 'opens': '11:30', 'closes': '18:30'}]","{'@type': 'PostalAddress', 'addressLocality': 'Medford', 'addressRegion': 'OR', 'postalCode': '97501', 'addressCountry': 'US', 'streetAddress': '1600 N Riverside Ave'}","{'@type': 'GeoCoordinates', 'latitude': 42.3432773, 'longitude': -122.8768668}",{}
Johnny B's,https://www.ubereats.com/eugene/food-delivery/johnny-bs/azvxGbX1Q2qVgTGj3LN45A,white-city-oregon,"['Mexican', 'New Mexican', 'European']",,,,42.32713,-122.87334,+15415388110,97501,120 East 6th Street,Medford,OR,"[{'@type': 'OpeningHoursSpecification', 'dayOfWeek': ['Tuesday', 'Wednesday', 'Thursday', 'Friday', 'Saturday'], 'opens': '16:0', 'closes': '21:0'}]","{'@type': 'PostalAddress', 'addressLocality': 'Medford', 'addressRegion': 'OR', 'postalCode': '97501', 'addressCountry': 'US', 'streetAddress': '120 East 6th Street'}","{'@type': 'GeoCoordinates', 'latitude': 42.32713, 'longitude': -122.87334}",{}
El Comal Taqueria and Grill,https://www.ubereats.com/eugene/food-delivery/el-comal-taqueria-and-grill/sn7n8BnjTnqELH4cQPBzPA,white-city-oregon,['Seafood'],4.4,33,$,42.279167,-122.821103,+15418974203,97535,723 N Main St,Phoenix,Oregon,"[{'@type': 'OpeningHoursSpecification', 'dayOfWeek': 'Sunday', 'opens': '11:0', 'closes': '20:0'}, {'@type': 'OpeningHoursSpecification', 'dayOfWeek': 'Sunday', 'opens': '11:0', 'closes': '9:0'}, {'@type': 'OpeningHoursSpecification', 'dayOfWeek': ['Monday', 'Tuesday', 'Wednesday', 'Thursday', 'Friday'], 'opens': '11:0', 'closes': '20:0'}, {'@type': 'OpeningHoursSpecification', 'dayOfWeek': ['Monday', 'Tuesday', 'Wednesday', 'Thursday', 'Friday'], 'opens': '11:0', 'closes': '15:0'}, {'@type': 'OpeningHoursSpecification', 'dayOfWeek': ['Monday', 'Tuesday', 'Wednesday', 'Thursday', 'Friday'], 'opens': '15:0', 'closes': '18:0'}, {'@type': 'OpeningHoursSpecification', 'dayOfWeek': ['Monday', 'Tuesday', 'Wednesday', 'Thursday', 'Friday'], 'opens': '11:0', 'closes': '9:0'}, {'@type': 'OpeningHoursSpecification', 'dayOfWeek': 'Saturday', 'opens': '11:0', 'closes': '20:0'}, {'@type': 'OpeningHoursSpecification', 'dayOfWeek': 'Saturday', 'opens': '11:0', 'closes': '9:0'}]","{'@type': 'PostalAddress', 'addressLocality': 'Phoenix', 'addressRegion': 'Oregon', 'postalCode': '97535', 'addressCountry': 'US', 'streetAddress': '723 N Main St'}","{'@type': 'GeoCoordinates', 'latitude': 42.279167, 'longitude': -122.821103}","{'@type': 'AggregateRating', 'ratingValue': 4.4, 'reviewCount': '33'}"
KFC (308 Barnett Road),https://www.ubereats.com/eugene/food-delivery/kfc-308-barnett-road/2YBdVeHQRFS_h1gb1-9OSg,white-city-oregon,"['American', 'Fast Food', 'wings']",4.4,43,$,42.3154139,-122.8596898,+17343261762,97501,308 Barnett Road,Medford,OR,"[{'@type': 'OpeningHoursSpecification', 'dayOfWeek': ['Monday', 'Tuesday', 'Wednesday', 'Thursday', 'Friday', 'Saturday', 'Sunday'], 'opens': '10:30', 'closes': '21:30'}]","{'@type': 'PostalAddress', 'addressLocality': 'Medford', 'addressRegion': 'OR', 'postalCode': '97501', 'addressCountry': 'US', 'streetAddress': '308 Barnett Road'}","{'@type': 'GeoCoordinates', 'latitude': 42.3154139, 'longitude': -122.8596898}","{'@type': 'AggregateRating', 'ratingValue': 4.4, 'reviewCount': '43'}"
Cheffed Up,https://www.ubereats.com/eugene/food-delivery/cheffed-up/ySK_8HkBTiyAx11fjx0TWA,white-city-oregon,"['Burgers', 'American', 'Sandwiches']",,,$,42.32126299999999,-122.867442,+15418162020,97501,602 S Central Ave,Medford,OR,"[{'@type': 'OpeningHoursSpecification', 'dayOfWeek': ['Wednesday', 'Thursday', 'Friday'], 'opens': '17:0', 'closes': '20:0'}, {'@type': 'OpeningHoursSpecification', 'dayOfWeek': 'Saturday', 'opens': '8:0', 'closes': '11:30'}]","{'@type': 'PostalAddress', 'addressLocality': 'Medford', 'addressRegion': 'OR', 'postalCode': '97501', 'addressCountry': 'US', 'streetAddress': '602 S Central Ave'}","{'@type': 'GeoCoordinates', 'latitude': 42.32126299999999, 'longitude': -122.867442}",{}
Flavor Restaurant and Bar,https://www.ubereats.com/eugene/food-delivery/flavor-restaurant-and-bar/2MIYiE9GSbSHDgWcJQEkOQ,white-city-oregon,"['Latin American', 'Mexican', 'Vegetarian']",4.1,16,$,42.3234833,-122.8861381,+15415008744,97501,1213 W Main St,Medford,OR,"[{'@type': 'OpeningHoursSpecification', 'dayOfWeek': ['Monday', 'Tuesday', 'Wednesday', 'Thursday', 'Friday', 'Saturday', 'Sunday'], 'opens': '16:0', 'closes': '20:30'}]","{'@type': 'PostalAddress', 'addressLocality': 'Medford', 'addressRegion': 'OR', 'postalCode': '97501', 'addressCountry': 'US', 'streetAddress': '1213 W Main St'}","{'@type': 'GeoCoordinates', 'latitude': 42.3234833, 'longitude': -122.8861381}","{'@type': 'AggregateRating', 'ratingValue': 4.1, 'reviewCount': '16'}"
Gabby Monkey,https://www.ubereats.com/eugene/food-delivery/gabby-monkey/S7HA_E58Q5CHg1NpKkzM0w,white-city-oregon,"['Caribbean', 'Seafood', 'Latin American']",,,$,42.3368005,-122.8608132,+15418408339,97504,750 Crater Lake Ave,Medford,OR,"[{'@type': 'OpeningHoursSpecification', 'dayOfWeek': ['Monday', 'Tuesday', 'Wednesday', 'Thursday', 'Friday', 'Saturday', 'Sunday'], 'opens': '17:0', 'closes': '21:0'}]","{'@type': 'PostalAddress', 'addressLocality': 'Medford', 'addressRegion': 'OR', 'postalCode': '97504', 'addressCountry': 'US', 'streetAddress': '750 Crater Lake Ave'}","{'@type': 'GeoCoordinates', 'latitude': 42.3368005, 'longitude': -122.8608132}",{}
Carne Muerta,https://www.ubereats.com/eugene/food-delivery/carne-muerta/GfA0Dy6OR02TEI-9Qo63OQ,white-city-oregon,"['Asian Fusion', 'Comfort Food', 'Chicken']",,,,42.32126299999999,-122.867442,+15417081035,,,,,"[{'@type': 'OpeningHoursSpecification', 'dayOfWeek': ['Monday', 'Tuesday', 'Wednesday', 'Thursday', 'Friday'], 'opens': '11:0', 'closes': '14:0'}]",,"{'@type': 'GeoCoordinates', 'latitude': 42.32126299999999, 'longitude': -122.867442}",{}
Star Sushi II,https://www.ubereats.com/eugene/food-delivery/star-sushi-ii/_WWshuS-SX-APvjAd-zojA,white-city-oregon,"['Sushi', 'Japanese']",,,$$,42.3405818,-122.8699591,+15417739098,,,,,"[{'@type': 'OpeningHoursSpecification', 'dayOfWeek': 'Sunday', 'opens': '12:0', 'closes': '21:0'}, {'@type': 'OpeningHoursSpecification', 'dayOfWeek': ['Monday', 'Tuesday', 'Wednesday'], 'opens': '11:0', 'closes': '21:30'}, {'@type': 'OpeningHoursSpecification', 'dayOfWeek': 'Thursday', 'opens': '11:0', 'closes': '21:0'}, {'@type': 'OpeningHoursSpecification', 'dayOfWeek': ['Friday', 'Saturday'], 'opens': '11:0', 'closes': '22:0'}]",,"{'@type': 'GeoCoordinates', 'latitude': 42.3405818, 'longitude': -122.8699591}",{}
Black Rock Coffee (151 Rossanley Dr),https://www.ubereats.com/eugene/food-delivery/black-rock-coffee-151-rossanley-dr/JQskrsrzR6q3Sx0_uLQ-Eg,white-city-oregon,"['Coffee and Tea', 'American', 'Breakfast and Brunch']",4.9,19,$,42.3419072,-122.8830619,,97501,151 Rossanley Dr,Medford,Or,"[{'@type': 'OpeningHoursSpecification', 'dayOfWeek': ['Monday', 'Tuesday', 'Wednesday', 'Thursday', 'Friday', 'Saturday', 'Sunday'], 'opens': '6:30', 'closes': '18:0'}]","{'@type': 'PostalAddress', 'addressLocality': 'Medford', 'addressRegion': 'Or', 'postalCode': '97501', 'addressCountry': 'US', 'streetAddress': '151 Rossanley Dr'}","{'@type': 'GeoCoordinates', 'latitude': 42.3419072, 'longitude': -122.8830619}","{'@type': 'AggregateRating', 'ratingValue': 4.9, 'reviewCount': '19'}"
Wok Star Food Truck,https://www.ubereats.com/eugene/food-delivery/wok-star-food-truck/52clxv5JTQ-fpRXs9DC7xg,white-city-oregon,"['Asian Fusion', 'Fast Food']",,,$,42.32466669999999,-122.8729649,+15416213779,97501,35 W 8th St,Medford,OR,"[{'@type': 'OpeningHoursSpecification', 'dayOfWeek': ['Tuesday', 'Wednesday', 'Thursday', 'Friday'], 'opens': '11:0', 'closes': '13:30'}]","{'@type': 'PostalAddress', 'addressLocality': 'Medford', 'addressRegion': 'OR', 'postalCode': '97501', 'addressCountry': 'US', 'streetAddress': '35 W 8th St'}","{'@type': 'GeoCoordinates', 'latitude': 42.32466669999999, 'longitude': -122.8729649}",{}
Grape Street Bar and Grill,https://www.ubereats.com/eugene/food-delivery/grape-street-bar-and-grill/8_1DNdnUSO-O8BAU7pir3Q,white-city-oregon,"['Burgers', 'Sandwich']",4.4,16,$$,42.3245408,-122.8743349,+15415008881,,,,,"[{'@type': 'OpeningHoursSpecification', 'dayOfWeek': ['Tuesday', 'Wednesday', 'Thursday', 'Friday', 'Saturday'], 'opens': '11:0', 'closes': '20:0'}]",,"{'@type': 'GeoCoordinates', 'latitude': 42.3245408, 'longitude': -122.8743349}","{'@type': 'AggregateRating', 'ratingValue': 4.4, 'reviewCount': '16'}"
Sonic Drive-In (1760 E Pine St),https://www.ubereats.com/eugene/food-delivery/sonic-drive-in-1760-e-pine-st/bOnQV0G5RPiY0UXRe6YqUw,white-city-oregon,"['American', 'Burgers', 'Breakfast and Brunch', 'Fast Food']",4.5,25,$,42.3783762,-122.8961592,+15416643728,97502,1760 E Pine St,Central Point,OR,"[{'@type': 'OpeningHoursSpecification', 'dayOfWeek': ['Monday', 'Tuesday', 'Wednesday', 'Thursday', 'Friday', 'Saturday', 'Sunday'], 'opens': '10:0', 'closes': '20:30'}]","{'@type': 'PostalAddress', 'addressLocality': 'Central Point', 'addressRegion': 'OR', 'postalCode': '97502', 'addressCountry': 'US', 'streetAddress': '1760 E Pine St'}","{'@type': 'GeoCoordinates', 'latitude': 42.3783762, 'longitude': -122.8961592}","{'@type': 'AggregateRating', 'ratingValue': 4.5, 'reviewCount': '25'}"
Panda Express (1750 Delta Waters Road),https://www.ubereats.com/eugene/food-delivery/panda-express-1750-delta-waters-road/fttnF4ZRQ36eCO0RgOOSTg,white-city-oregon,['Chinese'],4.4,95,$,42.361294,-122.8600166,+15417735698,97504,1750 Delta Waters Road,Medford,OR,"[{'@type': 'OpeningHoursSpecification', 'dayOfWeek': ['Monday', 'Tuesday', 'Wednesday', 'Thursday', 'Friday', 'Saturday', 'Sunday'], 'opens': '10:30', 'closes': '21:0'}]","{'@type': 'PostalAddress', 'addressLocality': 'Medford', 'addressRegion': 'OR', 'postalCode': '97504', 'addressCountry': 'US', 'streetAddress': '1750 Delta Waters Road'}","{'@type': 'GeoCoordinates', 'latitude': 42.361294, 'longitude': -122.8600166}","{'@type': 'AggregateRating', 'ratingValue': 4.4, 'reviewCount': '95'}"
Sonic (1760 Delta Waters Road),https://www.ubereats.com/eugene/food-delivery/sonic-1760-delta-waters-road/5CeeGjHdQS2LL6X9tviJxw,white-city-oregon,"['American', 'Burgers', 'Breakfast and Brunch', 'Fast Food']",4.2,49,$$,42.361869,-122.8600696,+15418422470,97504,1760 Delta Waters Road,Medford,OR,"[{'@type': 'OpeningHoursSpecification', 'dayOfWeek': ['Monday', 'Tuesday', 'Wednesday', 'Thursday', 'Friday', 'Saturday', 'Sunday'], 'opens': '10:0', 'closes': '20:30'}]","{'@type': 'PostalAddress', 'addressLocality': 'Medford', 'addressRegion': 'OR', 'postalCode': '97504', 'addressCountry': 'US', 'streetAddress': '1760 Delta Waters Road'}","{'@type': 'GeoCoordinates', 'latitude': 42.361869, 'longitude': -122.8600696}","{'@type': 'AggregateRating', 'ratingValue': 4.2, 'reviewCount': '49'}"
Outback Steakhouse (3613 Crater Lake Hwy.),https://www.ubereats.com/eugene/food-delivery/outback-steakhouse-3613-crater-lake-hwy/GMPv3rYgScqIGz8sqjvaSA,white-city-oregon,['American'],4.7,43,$$,42.3673738,-122.8565523,+15417320997,97504,3613 Crater Lake Hwy.,Medford,OR,"[{'@type': 'OpeningHoursSpecification', 'dayOfWeek': 'Sunday', 'opens': '12:0', 'closes': '20:30'}, {'@type': 'OpeningHoursSpecification', 'dayOfWeek': ['Monday', 'Tuesday', 'Wednesday', 'Thursday'], 'opens': '16:0', 'closes': '20:30'}, {'@type': 'OpeningHoursSpecification', 'dayOfWeek': ['Friday', 'Saturday'], 'opens': '12:0', 'closes': '20:30'}]","{'@type': 'PostalAddress', 'addressLocality': 'Medford', 'addressRegion': 'OR', 'postalCode': '97504', 'addressCountry': 'US', 'streetAddress': '3613 Crater Lake Hwy.'}","{'@type': 'GeoCoordinates', 'latitude': 42.3673738, 'longitude': -122.8565523}","{'@type': 'AggregateRating', 'ratingValue': 4.7, 'reviewCount': '43'}"
Papa Murphy's  (1120 Biddle Road),https://www.ubereats.com/eugene/food-delivery/papa-murphys-1120-biddle-road/rAyCsDIJTRS9L79fb433VA,white-city-oregon,"['Pizza', 'American', 'Salads']",4.5,20,$,42.3406291,-122.8697398,+15417734111,97504,1120 Biddle Road,Medford,OR,"[{'@type': 'OpeningHoursSpecification', 'dayOfWeek': ['Monday', 'Tuesday', 'Wednesday', 'Thursday', 'Friday', 'Saturday', 'Sunday'], 'opens': '11:0', 'closes': '22:0'}]","{'@type': 'PostalAddress', 'addressLocality': 'Medford', 'addressRegion': 'OR', 'postalCode': '97504', 'addressCountry': 'US', 'streetAddress': '1120 Biddle Road'}","{'@type': 'GeoCoordinates', 'latitude': 42.3406291, 'longitude': -122.8697398}","{'@type': 'AggregateRating', 'ratingValue': 4.5, 'reviewCount': '20'}"
Round Table Pizza (2354 Poplar Drive),https://www.ubereats.com/eugene/food-delivery/round-table-pizza-2354-poplar-drive/zbp93lEiR5CCeE7jnqgt6Q,white-city-oregon,['Pizza'],4.8,14,$,42.352461,-122.868087,+15417733435,97504,2354 Poplar Dr,Medford,Oregon,"[{'@type': 'OpeningHoursSpecification', 'dayOfWeek': ['Sunday', 'Monday', 'Tuesday', 'Wednesday', 'Thursday'], 'opens': '11:0', 'closes': '21:30'}, {'@type': 'OpeningHoursSpecification', 'dayOfWeek': ['Friday', 'Saturday'], 'opens': '11:0', 'closes': '22:30'}]","{'@type': 'PostalAddress', 'addressLocality': 'Medford', 'addressRegion': 'Oregon', 'postalCode': '97504', 'addressCountry': 'US', 'streetAddress': '2354 Poplar Dr'}","{'@type': 'GeoCoordinates', 'latitude': 42.352461, 'longitude': -122.868087}","{'@type': 'AggregateRating', 'ratingValue': 4.8, 'reviewCount': '14'}"
Heroes cafe,https://www.ubereats.com/eugene/food-delivery/heroes-cafe/SXmDUAghSV2fROx8zeoJSg,white-city-oregon,"['Burgers', 'American', 'Sandwiches']",5.0,10,$,42.3397461,-122.8699627,+15038774205,97504,1020 Biddle Rd,Medford,OR,"[{'@type': 'OpeningHoursSpecification', 'dayOfWeek': 'Sunday', 'opens': '11:0', 'closes': '19:0'}, {'@type': 'OpeningHoursSpecification', 'dayOfWeek': ['Monday', 'Tuesday', 'Wednesday', 'Thursday', 'Friday', 'Saturday'], 'opens': '11:0', 'closes': '20:0'}]","{'@type': 'PostalAddress', 'addressLocality': 'Medford', 'addressRegion': 'OR', 'postalCode': '97504', 'addressCountry': 'US', 'streetAddress': '1020 Biddle Rd'}","{'@type': 'GeoCoordinates', 'latitude': 42.3397461, 'longitude': -122.8699627}","{'@type': 'AggregateRating', 'ratingValue': 5, 'reviewCount': '10'}"
MOD Pizza (South Medford),https://www.ubereats.com/eugene/food-delivery/mod-pizza-south-medford/0mCtx2_BRf-CMIwVsGfpMQ,white-city-oregon,"['Pizza', 'Desserts', 'Salads', 'American', 'Healthy', 'Vegetarian Friendly', 'Kids Friendly']",4.6,63,$,42.3094103,-122.8514763,+15414142990,97501,1429 Center Dr,Medford,OR,"[{'@type': 'OpeningHoursSpecification', 'dayOfWeek': ['Monday', 'Tuesday', 'Wednesday', 'Thursday', 'Friday', 'Saturday', 'Sunday'], 'opens': '10:30', 'closes': '21:40'}]","{'@type': 'PostalAddress', 'addressLocality': 'Medford', 'addressRegion': 'OR', 'postalCode': '97501', 'addressCountry': 'US', 'streetAddress': '1429 Center Dr'}","{'@type': 'GeoCoordinates', 'latitude': 42.3094103, 'longitude': -122.8514763}","{'@type': 'AggregateRating', 'ratingValue': 4.6, 'reviewCount': '63'}"
Cinnabon baked at Pilot (1600 East Pine Street),https://www.ubereats.com/eugene/food-delivery/cinnabon-baked-at-pilot-1600-east-pine-street/4EnZOeXcSj2AClmIoT0eXg,white-city-oregon,"['Bakery', 'Desserts', 'Comfort Food']",5.0,12,$,42.3779793,-122.8991123,+15416647001,97502,1600 East Pine Street,Central Point,OR,"[{'@type': 'OpeningHoursSpecification', 'dayOfWeek': 'Sunday', 'opens': '6:0', 'closes': '18:0'}, {'@type': 'OpeningHoursSpecification', 'dayOfWeek': 'Sunday', 'opens': '6:0', 'closes': '20:0'}, {'@type': 'OpeningHoursSpecification', 'dayOfWeek': ['Monday', 'Tuesday', 'Wednesday'], 'opens': '6:0', 'closes': '18:0'}, {'@type': 'OpeningHoursSpecification', 'dayOfWeek': 'Thursday', 'opens': '6:0', 'closes': '18:0'}, {'@type': 'OpeningHoursSpecification', 'dayOfWeek': 'Thursday', 'opens': '6:0', 'closes': '20:0'}, {'@type': 'OpeningHoursSpecification', 'dayOfWeek': ['Friday', 'Saturday'], 'opens': '6:0', 'closes': '20:0'}]","{'@type': 'PostalAddress', 'addressLocality': 'Central Point', 'addressRegion': 'OR', 'postalCode': '97502', 'addressCountry': 'US', 'streetAddress': '1600 East Pine Street'}","{'@type': 'GeoCoordinates', 'latitude': 42.3779793, 'longitude': -122.8991123}","{'@type': 'AggregateRating', 'ratingValue': 5, 'reviewCount': '12'}"
Senor Sam's Mexican Grill (Medford Center),https://www.ubereats.com/eugene/food-delivery/senor-sams-mexican-grill-medford-center/_hVPP8NHT0WT9hgY20MBCQ,white-city-oregon,['Mexican'],4.5,69,$,42.333328,-122.865549,+15417343299,,,,,"[{'@type': 'OpeningHoursSpecification', 'dayOfWeek': 'Sunday', 'opens': '11:0', 'closes': '20:30'}, {'@type': 'OpeningHoursSpecification', 'dayOfWeek': ['Monday', 'Tuesday', 'Wednesday', 'Thursday', 'Friday'], 'opens': '7:30', 'closes': '11:0'}, {'@type': 'OpeningHoursSpecification', 'dayOfWeek': ['Monday', 'Tuesday', 'Wednesday', 'Thursday', 'Friday'], 'opens': '7:30', 'closes': '20:30'}, {'@type': 'OpeningHoursSpecification', 'dayOfWeek': 'Saturday', 'opens': '11:0', 'closes': '20:30'}]",,"{'@type': 'GeoCoordinates', 'latitude': 42.333328, 'longitude': -122.865549}","{'@type': 'AggregateRating', 'ratingValue': 4.5, 'reviewCount': '69'}"
Abby's Legendary Pizza - Central Point,https://www.ubereats.com/eugene/food-delivery/abbys-legendary-pizza-central-point/xJbZrAA8TmySy6TA0W7Igw,white-city-oregon,"['Pizza', 'American', 'Italian']",4.6,28,$,42.3778046,-122.9110442,+15416641124,97502,825 E Pine St,Central Point,OR,"[{'@type': 'OpeningHoursSpecification', 'dayOfWeek': ['Monday', 'Tuesday', 'Wednesday', 'Thursday', 'Friday', 'Saturday', 'Sunday'], 'opens': '11:0', 'closes': '20:30'}]","{'@type': 'PostalAddress', 'addressLocality': 'Central Point', 'addressRegion': 'OR', 'postalCode': '97502', 'addressCountry': 'US', 'streetAddress': '825 E Pine St'}","{'@type': 'GeoCoordinates', 'latitude': 42.3778046, 'longitude': -122.9110442}","{'@type': 'AggregateRating', 'ratingValue': 4.6, 'reviewCount': '28'}"
Hawaiian Hut - Medford,https://www.ubereats.com/eugene/food-delivery/hawaiian-hut-medford/9V3yC8dgRkm-y2R24gdWDw,white-city-oregon,"['Hawaiian', 'American', 'Noodles']",4.6,100,$$,42.31450299999999,-122.8620646,+15415001727,,,,,"[{'@type': 'OpeningHoursSpecification', 'dayOfWeek': ['Monday', 'Tuesday', 'Wednesday', 'Thursday', 'Friday', 'Saturday', 'Sunday'], 'opens': '11:0', 'closes': '19:50'}]",,"{'@type': 'GeoCoordinates', 'latitude': 42.31450299999999, 'longitude': -122.8620646}","{'@type': 'AggregateRating', 'ratingValue': 4.6, 'reviewCount': '100'}"
Mary's BBQ Place,https://www.ubereats.com/eugene/food-delivery/marys-bbq-place/TkPL1TOARqaeBJ86LfPsgw,white-city-oregon,"['BBQ', 'American']",4.7,10,$$,42.3780265,-122.9107708,+15417277079,97502,841 E Pine St,Central Point,OR,"[{'@type': 'OpeningHoursSpecification', 'dayOfWeek': ['Tuesday', 'Wednesday', 'Thursday', 'Friday', 'Saturday'], 'opens': '11:0', 'closes': '16:30'}]","{'@type': 'PostalAddress', 'addressLocality': 'Central Point', 'addressRegion': 'OR', 'postalCode': '97502', 'addressCountry': 'US', 'streetAddress': '841 E Pine St'}","{'@type': 'GeoCoordinates', 'latitude': 42.3780265, 'longitude': -122.9107708}","{'@type': 'AggregateRating', 'ratingValue': 4.7, 'reviewCount': '10'}"
Papa Murphy's  (709 West Stewart Avenue),https://www.ubereats.com/eugene/food-delivery/papa-murphys-709-west-stewart-avenue/ldDKvCrfSYGgDSj-1rRuOw,white-city-oregon,"['Pizza', 'Italian', 'Comfort Food']",,,$,42.312105,-122.8779402,+15418589000,97501,709 West Stewart Avenue,Medford,OR,"[{'@type': 'OpeningHoursSpecification', 'dayOfWeek': ['Monday', 'Tuesday', 'Wednesday', 'Thursday', 'Friday', 'Saturday', 'Sunday'], 'opens': '11:0', 'closes': '22:0'}]","{'@type': 'PostalAddress', 'addressLocality': 'Medford', 'addressRegion': 'OR', 'postalCode': '97501', 'addressCountry': 'US', 'streetAddress': '709 West Stewart Avenue'}","{'@type': 'GeoCoordinates', 'latitude': 42.312105, 'longitude': -122.8779402}",{}
Red Lobster (2200 Crater Lake Highway),https://www.ubereats.com/eugene/food-delivery/red-lobster-2200-crater-lake-highway/33-lLJxuQZGsuTsMP5O6NA,white-city-oregon,"['Seafood', 'American']",4.4,56,$$,42.3485062,-122.8778042,+15417342271,97504,2200 Crater Lake Highway,Medford,OR,"[{'@type': 'OpeningHoursSpecification', 'dayOfWeek': ['Sunday', 'Monday', 'Tuesday', 'Wednesday', 'Thursday'], 'opens': '11:30', 'closes': '20:0'}, {'@type': 'OpeningHoursSpecification', 'dayOfWeek': ['Friday', 'Saturday'], 'opens': '11:30', 'closes': '20:30'}]","{'@type': 'PostalAddress', 'addressLocality': 'Medford', 'addressRegion': 'OR', 'postalCode': '97504', 'addressCountry': 'US', 'streetAddress': '2200 Crater Lake Highway'}","{'@type': 'GeoCoordinates', 'latitude': 42.3485062, 'longitude': -122.8778042}","{'@type': 'AggregateRating', 'ratingValue': 4.4, 'reviewCount': '56'}"
Abby's Legendary Pizza - White City,https://www.ubereats.com/eugene/food-delivery/abbys-legendary-pizza-white-city/As-XAwP7S_Sava67IJDYDQ,white-city-oregon,"['Pizza', 'American', 'Italian']",,,$,42.42515210000001,-122.8497258,+15418269221,97503,7480 Crater Lake Hwy,White City,OR,"[{'@type': 'OpeningHoursSpecification', 'dayOfWeek': 'Sunday', 'opens': '11:0', 'closes': '20:0'}, {'@type': 'OpeningHoursSpecification', 'dayOfWeek': 'Sunday', 'opens': '11:0', 'closes': '20:30'}, {'@type': 'OpeningHoursSpecification', 'dayOfWeek': 'Monday', 'opens': '11:0', 'closes': '20:30'}, {'@type': 'OpeningHoursSpecification', 'dayOfWeek': ['Tuesday', 'Wednesday', 'Thursday', 'Friday', 'Saturday'], 'opens': '11:0', 'closes': '20:0'}, {'@type': 'OpeningHoursSpecification', 'dayOfWeek': ['Tuesday', 'Wednesday', 'Thursday', 'Friday', 'Saturday'], 'opens': '11:0', 'closes': '20:30'}]","{'@type': 'PostalAddress', 'addressLocality': 'White City', 'addressRegion': 'OR', 'postalCode': '97503', 'addressCountry': 'US', 'streetAddress': '7480 Crater Lake Hwy'}","{'@type': 'GeoCoordinates', 'latitude': 42.42515210000001, 'longitude': -122.8497258}",{}
Human Bean of Stewart,https://www.ubereats.com/eugene/food-delivery/human-bean-of-stewart/163EguYpSCem589rAlt5dg,white-city-oregon,"['American', 'Sandwich', 'Coffee and Tea']",,,$,42.3125517,-122.8670239,+15417794215,97501,295 W Stewart Ave,Medford,OR,"[{'@type': 'OpeningHoursSpecification', 'dayOfWeek': ['Monday', 'Tuesday', 'Wednesday', 'Thursday', 'Friday', 'Saturday', 'Sunday'], 'opens': '4:30', 'closes': '20:0'}]","{'@type': 'PostalAddress', 'addressLocality': 'Medford', 'addressRegion': 'OR', 'postalCode': '97501', 'addressCountry': 'US', 'streetAddress': '295 W Stewart Ave'}","{'@type': 'GeoCoordinates', 'latitude': 42.3125517, 'longitude': -122.8670239}",{}
Lava Sports Bar & Grill,https://www.ubereats.com/eugene/food-delivery/lava-sports-bar-%26-grill/qZCXhuJyRLyVCxQIuCZfDQ,white-city-oregon,"['Salads', 'Sandwich', 'Chicken']",,,,42.35951,-122.86065,+15412452755,97504,2980 Crater Lake Highway,Medford,OR,"[{'@type': 'OpeningHoursSpecification', 'dayOfWeek': ['Monday', 'Tuesday', 'Wednesday', 'Thursday', 'Friday', 'Saturday', 'Sunday'], 'opens': '9:0', 'closes': '22:0'}]","{'@type': 'PostalAddress', 'addressLocality': 'Medford', 'addressRegion': 'OR', 'postalCode': '97504', 'addressCountry': 'US', 'streetAddress': '2980 Crater Lake Highway'}","{'@type': 'GeoCoordinates', 'latitude': 42.35951, 'longitude': -122.86065}",{}
Baja Fresh (539 Medford Center),https://www.ubereats.com/eugene/food-delivery/baja-fresh-539-medford-center/mlmUDW0ITdyjlTs95gOXlQ,white-city-oregon,"['Mexican', 'Tex Mex', 'Fast Food']",,,$$,42.3321184,-122.8674378,+15412458999,97504,539,Medford,Oregon,"[{'@type': 'OpeningHoursSpecification', 'dayOfWeek': 'Wednesday', 'opens': '10:30', 'closes': '18:0'}, {'@type': 'OpeningHoursSpecification', 'dayOfWeek': 'Friday', 'opens': '11:0', 'closes': '14:0'}]","{'@type': 'PostalAddress', 'addressLocality': 'Medford', 'addressRegion': 'Oregon', 'postalCode': '97504', 'addressCountry': 'US', 'streetAddress': '539'}","{'@type': 'GeoCoordinates', 'latitude': 42.3321184, 'longitude': -122.8674378}",{}
Bobbio's Pizza - White City,https://www.ubereats.com/eugene/food-delivery/bobbios-pizza-white-city/acoS567sQymhyrQfS0xR2A,white-city-oregon,['Pizza'],,,$$,42.42694,-122.850888,+15418266566,97503,7581 Crater Lake Hwy,White City,Oregon,"[{'@type': 'OpeningHoursSpecification', 'dayOfWeek': ['Monday', 'Tuesday', 'Wednesday', 'Thursday', 'Friday', 'Saturday', 'Sunday'], 'opens': '11:0', 'closes': '21:0'}]","{'@type': 'PostalAddress', 'addressLocality': 'White City', 'addressRegion': 'Oregon', 'postalCode': '97503', 'addressCountry': 'US', 'streetAddress': '7581 Crater Lake Hwy'}","{'@type': 'GeoCoordinates', 'latitude': 42.42694, 'longitude': -122.850888}",{}
The Human Bean (1831 E Barnett Rd),https://www.ubereats.com/eugene/food-delivery/the-human-bean-1831-e-barnett-rd/fnNyGxUTRm20xSNHZ2DImg,white-city-oregon,"['American', 'Bakery', 'Cafe']",,,$,42.3162325,-122.844847,+15412821570,97504,1831 E Barnett Rd,Medford,OR,"[{'@type': 'OpeningHoursSpecification', 'dayOfWeek': ['Monday', 'Tuesday', 'Wednesday', 'Thursday', 'Friday', 'Saturday', 'Sunday'], 'opens': '6:0', 'closes': '18:30'}]","{'@type': 'PostalAddress', 'addressLocality': 'Medford', 'addressRegion': 'OR', 'postalCode': '97504', 'addressCountry': 'US', 'streetAddress': '1831 E Barnett Rd'}","{'@type': 'GeoCoordinates', 'latitude': 42.3162325, 'longitude': -122.844847}",{}
Burger King (7251 Highway 62),https://www.ubereats.com/eugene/food-delivery/burger-king-7251-highway-62/wFwQZkZoSTGI7rFfIeVFxA,white-city-oregon,"['American', 'burger', 'Fast Food']",,,$,42.42118929999999,-122.8534366,+15418261900,97503,7251 Highway 62,White City,OR,"[{'@type': 'OpeningHoursSpecification', 'dayOfWeek': ['Sunday', 'Monday', 'Tuesday', 'Wednesday', 'Thursday'], 'opens': '6:30', 'closes': '10:29'}, {'@type': 'OpeningHoursSpecification', 'dayOfWeek': ['Sunday', 'Monday', 'Tuesday', 'Wednesday', 'Thursday'], 'opens': '10:30', 'closes': '22:30'}, {'@type': 'OpeningHoursSpecification', 'dayOfWeek': ['Friday', 'Saturday'], 'opens': '6:30', 'closes': '10:29'}, {'@type': 'OpeningHoursSpecification', 'dayOfWeek': ['Friday', 'Saturday'], 'opens': '10:30', 'closes': '23:30'}]","{'@type': 'PostalAddress', 'addressLocality': 'White City', 'addressRegion': 'OR', 'postalCode': '97503', 'addressCountry': 'US', 'streetAddress': '7251 Highway 62'}","{'@type': 'GeoCoordinates', 'latitude': 42.42118929999999, 'longitude': -122.8534366}",{}
Muchas Gracias (1600 N Riverside Ave),https://www.ubereats.com/eugene/food-delivery/muchas-gracias-1600-n-riverside-ave/d3jyNEOLQjiGGYHwcwSQGA,white-city-oregon,"['Mexican', 'Latin American', 'New Mexican']",,,$,42.3449378,-122.8780054,+15417724135,97501,1600 N Riverside Ave,Medford,OR,"[{'@type': 'OpeningHoursSpecification', 'dayOfWeek': ['Monday', 'Tuesday', 'Wednesday', 'Thursday', 'Friday', 'Saturday', 'Sunday'], 'opens': '12:0', 'closes': '18:0'}]","{'@type': 'PostalAddress', 'addressLocality': 'Medford', 'addressRegion': 'OR', 'postalCode': '97501', 'addressCountry': 'US', 'streetAddress': '1600 N Riverside Ave'}","{'@type': 'GeoCoordinates', 'latitude': 42.3449378, 'longitude': -122.8780054}",{}
Sugar and Spice Coffee ,https://www.ubereats.com/eugene/food-delivery/sugar-and-spice-coffee/eS-QeiSdRsuvsREAGrYBrQ,white-city-oregon,"['Coffee and Tea', 'Ice Cream and Frozen Yogurt', 'Mexican']",4.2,12,$,42.3234275,-122.8906173,+15415008933,97501,1605 W Main St,Medford,Oregon,"[{'@type': 'OpeningHoursSpecification', 'dayOfWeek': ['Monday', 'Tuesday', 'Wednesday', 'Thursday', 'Friday', 'Saturday', 'Sunday'], 'opens': '7:30', 'closes': '19:30'}]","{'@type': 'PostalAddress', 'addressLocality': 'Medford', 'addressRegion': 'Oregon', 'postalCode': '97501', 'addressCountry': 'US', 'streetAddress': '1605 W Main St'}","{'@type': 'GeoCoordinates', 'latitude': 42.3234275, 'longitude': -122.8906173}","{'@type': 'AggregateRating', 'ratingValue': 4.2, 'reviewCount': '12'}"
Bobbio's Pizza,https://www.ubereats.com/eugene/food-delivery/bobbios-pizza/ka3ArlNGRJOqib9qkxvhtg,white-city-oregon,['Pizza'],4.7,19,$$,42.374285,-122.914136,+15416641920,97502,312 Oak St,Central Point,Oregon,"[{'@type': 'OpeningHoursSpecification', 'dayOfWeek': ['Sunday', 'Monday', 'Tuesday', 'Wednesday', 'Thursday'], 'opens': '11:0', 'closes': '20:0'}, {'@type': 'OpeningHoursSpecification', 'dayOfWeek': ['Friday', 'Saturday'], 'opens': '11:0', 'closes': '21:0'}]","{'@type': 'PostalAddress', 'addressLocality': 'Central Point', 'addressRegion': 'Oregon', 'postalCode': '97502', 'addressCountry': 'US', 'streetAddress': '312 Oak St'}","{'@type': 'GeoCoordinates', 'latitude': 42.374285, 'longitude': -122.914136}","{'@type': 'AggregateRating', 'ratingValue': 4.7, 'reviewCount': '19'}"
Pita Pit - Medford,https://www.ubereats.com/eugene/food-delivery/pita-pit-medford/Laf7zUXjTBmExpXQIjrIDA,white-city-oregon,"['Mediterranean', 'Fast Food', 'Sandwich']",4.6,18,$,42.360732,-122.860027,+15417707482,,,,,"[{'@type': 'OpeningHoursSpecification', 'dayOfWeek': 'Sunday', 'opens': '11:0', 'closes': '20:0'}, {'@type': 'OpeningHoursSpecification', 'dayOfWeek': ['Monday', 'Tuesday', 'Wednesday', 'Thursday', 'Friday', 'Saturday'], 'opens': '11:0', 'closes': '21:0'}]",,"{'@type': 'GeoCoordinates', 'latitude': 42.360732, 'longitude': -122.860027}","{'@type': 'AggregateRating', 'ratingValue': 4.6, 'reviewCount': '18'}"
Papa Murphy's  (7413 Crater Lake Highway),https://www.ubereats.com/eugene/food-delivery/papa-murphys-7413-crater-lake-highway/pihvTtCaQbiI_GDDy-xwjA,white-city-oregon,"['Pizza', 'Italian', 'Comfort Food']",,,$,42.4241773,-122.8518651,+15418304000,97503,7413 Crater Lake Highway,White City,OR,"[{'@type': 'OpeningHoursSpecification', 'dayOfWeek': ['Sunday', 'Monday', 'Tuesday', 'Wednesday', 'Thursday'], 'opens': '11:0', 'closes': '21:30'}, {'@type': 'OpeningHoursSpecification', 'dayOfWeek': ['Friday', 'Saturday'], 'opens': '11:0', 'closes': '22:0'}]","{'@type': 'PostalAddress', 'addressLocality': 'White City', 'addressRegion': 'OR', 'postalCode': '97503', 'addressCountry': 'US', 'streetAddress': '7413 Crater Lake Highway'}","{'@type': 'GeoCoordinates', 'latitude': 42.4241773, 'longitude': -122.8518651}",{}
"Chipotle Mexican Grill (1429 Center Dr., Suite 101)",https://www.ubereats.com/eugene/food-delivery/chipotle-mexican-grill-1429-center-dr-suite-101/nO9qvK26QpSW2ws6RaG0yA,white-city-oregon,"['Healthy', 'Mexican']",4.6,95,$,42.30937650000001,-122.8514915,+15417792064,97501,1429 Center Dr.,Medford,OR,"[{'@type': 'OpeningHoursSpecification', 'dayOfWeek': ['Monday', 'Tuesday', 'Wednesday', 'Thursday', 'Friday', 'Saturday', 'Sunday'], 'opens': '10:45', 'closes': '21:40'}]","{'@type': 'PostalAddress', 'addressLocality': 'Medford', 'addressRegion': 'OR', 'postalCode': '97501', 'addressCountry': 'US', 'streetAddress': '1429 Center Dr.'}","{'@type': 'GeoCoordinates', 'latitude': 42.30937650000001, 'longitude': -122.8514915}","{'@type': 'AggregateRating', 'ratingValue': 4.6, 'reviewCount': '95'}"
Arby's (2233 Biddle Rd.),https://www.ubereats.com/eugene/food-delivery/arbys-2233-biddle-rd/SG4YzW2AQ0GbPqiWOW6i9Q,white-city-oregon,"['American', 'Sandwich']",,,$,42.3491625,-122.8743996,+14582259798,97504,2233 Biddle Rd.,Medford,OR,"[{'@type': 'OpeningHoursSpecification', 'dayOfWeek': ['Monday', 'Tuesday', 'Wednesday', 'Thursday', 'Friday', 'Saturday', 'Sunday'], 'opens': '10:0', 'closes': '22:0'}]","{'@type': 'PostalAddress', 'addressLocality': 'Medford', 'addressRegion': 'OR', 'postalCode': '97504', 'addressCountry': 'US', 'streetAddress': '2233 Biddle Rd.'}","{'@type': 'GeoCoordinates', 'latitude': 42.3491625, 'longitude': -122.8743996}",{}
MOD Pizza (North Medford),https://www.ubereats.com/eugene/food-delivery/mod-pizza-north-medford/Qjt0UndSQLutdpUUx5W4FQ,white-city-oregon,"['Pizza', 'Desserts', 'Salads', 'American', 'Healthy', 'Vegetarian Friendly', 'Kids Friendly']",4.6,88,$,42.3429012,-122.8833111,+15417733561,97501,171 Rossanley Dr,Medford,OR,"[{'@type': 'OpeningHoursSpecification', 'dayOfWeek': ['Monday', 'Tuesday', 'Wednesday', 'Thursday', 'Friday', 'Saturday', 'Sunday'], 'opens': '10:30', 'closes': '21:40'}]","{'@type': 'PostalAddress', 'addressLocality': 'Medford', 'addressRegion': 'OR', 'postalCode': '97501', 'addressCountry': 'US', 'streetAddress': '171 Rossanley Dr'}","{'@type': 'GeoCoordinates', 'latitude': 42.3429012, 'longitude': -122.8833111}","{'@type': 'AggregateRating', 'ratingValue': 4.6, 'reviewCount': '88'}"
KFC (390 East McAndrews Road),https://www.ubereats.com/eugene/food-delivery/kfc-390-east-mcandrews-road/Gkt8T_zDTBeP6kVyWgyUrw,white-city-oregon,"['American', 'Fast Food', 'wings']",4.0,41,$,42.3408936,-122.8789742,+13135820622,97501,390 East McAndrews Road,Medford,OR,"[{'@type': 'OpeningHoursSpecification', 'dayOfWeek': ['Monday', 'Tuesday', 'Wednesday', 'Thursday', 'Friday', 'Saturday', 'Sunday'], 'opens': '10:30', 'closes': '21:30'}]","{'@type': 'PostalAddress', 'addressLocality': 'Medford', 'addressRegion': 'OR', 'postalCode': '97501', 'addressCountry': 'US', 'streetAddress': '390 East McAndrews Road'}","{'@type': 'GeoCoordinates', 'latitude': 42.3408936, 'longitude': -122.8789742}","{'@type': 'AggregateRating', 'ratingValue': 4, 'reviewCount': '41'}"
India's Kitchen,https://www.ubereats.com/eugene/food-delivery/indias-kitchen/4kHWFKX2Tq-15k78wsT5JA,white-city-oregon,['Indian'],4.7,33,$$,42.314594,-122.815923,+15417736800,97504,970 N Phoenix Rd,Medford,Oregon,"[{'@type': 'OpeningHoursSpecification', 'dayOfWeek': ['Sunday', 'Monday'], 'opens': '11:0', 'closes': '14:30'}, {'@type': 'OpeningHoursSpecification', 'dayOfWeek': ['Sunday', 'Monday'], 'opens': '17:0', 'closes': '20:45'}, {'@type': 'OpeningHoursSpecification', 'dayOfWeek': ['Wednesday', 'Thursday', 'Friday', 'Saturday'], 'opens': '11:0', 'closes': '14:30'}, {'@type': 'OpeningHoursSpecification', 'dayOfWeek': ['Wednesday', 'Thursday', 'Friday', 'Saturday'], 'opens': '17:0', 'closes': '20:45'}]","{'@type': 'PostalAddress', 'addressLocality': 'Medford', 'addressRegion': 'Oregon', 'postalCode': '97504', 'addressCountry': 'US', 'streetAddress': '970 N Phoenix Rd'}","{'@type': 'GeoCoordinates', 'latitude': 42.314594, 'longitude': -122.815923}","{'@type': 'AggregateRating', 'ratingValue': 4.7, 'reviewCount': '33'}"
Heroes American Cafe,https://www.ubereats.com/eugene/food-delivery/heroes-american-cafe/q8_-b8jDS5GZfnqtraz3LA,white-city-oregon,"['American', 'Sandwich', 'Salads', 'Rice-bowls', 'Seafood', 'Bar Food']",4.5,46,$,42.3397035,-122.8718491,+15038774205,97504,1020 Biddle Rd,Medford,Oregon,"[{'@type': 'OpeningHoursSpecification', 'dayOfWeek': 'Sunday', 'opens': '10:30', 'closes': '18:45'}, {'@type': 'OpeningHoursSpecification', 'dayOfWeek': ['Monday', 'Tuesday', 'Wednesday'], 'opens': '10:30', 'closes': '20:45'}, {'@type': 'OpeningHoursSpecification', 'dayOfWeek': ['Thursday', 'Friday', 'Saturday'], 'opens': '10:30', 'closes': '21:45'}]","{'@type': 'PostalAddress', 'addressLocality': 'Medford', 'addressRegion': 'Oregon', 'postalCode': '97504', 'addressCountry': 'US', 'streetAddress': '1020 Biddle Rd'}","{'@type': 'GeoCoordinates', 'latitude': 42.3397035, 'longitude': -122.8718491}","{'@type': 'AggregateRating', 'ratingValue': 4.5, 'reviewCount': '46'}"
Xilakil latin fusion,https://www.ubereats.com/eugene/food-delivery/xilakil-latin-fusion/cXALL6L8RLuIMpINctZxMw,white-city-oregon,"['Latin American', 'Mexican', 'Vegetarian']",4.6,35,$,42.3111351,-122.8536447,+15415008061,97501,"1361 Center Dr, 106",Medford,OR,"[{'@type': 'OpeningHoursSpecification', 'dayOfWeek': ['Monday', 'Tuesday', 'Wednesday', 'Thursday', 'Friday', 'Saturday'], 'opens': '11:0', 'closes': '20:0'}]","{'@type': 'PostalAddress', 'addressLocality': 'Medford', 'addressRegion': 'OR', 'postalCode': '97501', 'addressCountry': 'US', 'streetAddress': '1361 Center Dr, 106'}","{'@type': 'GeoCoordinates', 'latitude': 42.3111351, 'longitude': -122.8536447}","{'@type': 'AggregateRating', 'ratingValue': 4.6, 'reviewCount': '35'}"
The Human Bean (2100 Leigh Way),https://www.ubereats.com/eugene/food-delivery/the-human-bean-2100-leigh-way/xTbftkCDQcenQW4vpCYZ9g,white-city-oregon,"['American', 'Bakery', 'Cafe']",,,$,42.42419049999999,-122.8531394,+15418261005,97503,2100 Leigh Way,White City,OR,"[{'@type': 'OpeningHoursSpecification', 'dayOfWeek': ['Monday', 'Tuesday', 'Wednesday', 'Thursday', 'Friday', 'Saturday', 'Sunday'], 'opens': '5:0', 'closes': '20:0'}]","{'@type': 'PostalAddress', 'addressLocality': 'White City', 'addressRegion': 'OR', 'postalCode': '97503', 'addressCountry': 'US', 'streetAddress': '2100 Leigh Way'}","{'@type': 'GeoCoordinates', 'latitude': 42.42419049999999, 'longitude': -122.8531394}",{}
Applebee's  (1388 Biddle Road),https://www.ubereats.com/eugene/food-delivery/applebees-1388-biddle-road/BFXrn6mjRKaT4CFjJpii_w,white-city-oregon,"['American', 'Bar Food', 'BBQ', 'burger', 'Chicken Strips', 'Comfort Food', 'Dinner', 'pasta', 'salad', 'Sandwich', 'Soup', 'Steak', 'Traditional American', 'wings']",4.4,83,$$,42.3431729,-122.8726622,+15417701188,97504,1388 Biddle Road,Medford,OR,"[{'@type': 'OpeningHoursSpecification', 'dayOfWeek': ['Monday', 'Tuesday', 'Wednesday', 'Thursday', 'Friday', 'Saturday', 'Sunday'], 'opens': '11:0', 'closes': '21:30'}]","{'@type': 'PostalAddress', 'addressLocality': 'Medford', 'addressRegion': 'OR', 'postalCode': '97504', 'addressCountry': 'US', 'streetAddress': '1388 Biddle Road'}","{'@type': 'GeoCoordinates', 'latitude': 42.3431729, 'longitude': -122.8726622}","{'@type': 'AggregateRating', 'ratingValue': 4.4, 'reviewCount': '83'}"
The Human Bean (559 Rossanley Dr),https://www.ubereats.com/eugene/food-delivery/the-human-bean-559-rossanley-dr/oWgEnPjsSPaIQY2AmtmY_A,white-city-oregon,"['American', 'Bakery', 'Cafe']",,,$,42.3401833,-122.8946543,+15417342326,97501,559 Rossanley Dr,Medford,OR,"[{'@type': 'OpeningHoursSpecification', 'dayOfWeek': ['Monday', 'Tuesday', 'Wednesday', 'Thursday', 'Friday', 'Saturday', 'Sunday'], 'opens': '6:0', 'closes': '18:30'}]","{'@type': 'PostalAddress', 'addressLocality': 'Medford', 'addressRegion': 'OR', 'postalCode': '97501', 'addressCountry': 'US', 'streetAddress': '559 Rossanley Dr'}","{'@type': 'GeoCoordinates', 'latitude': 42.3401833, 'longitude': -122.8946543}",{}
Cold Stone Creamery (635 Medford Center),https://www.ubereats.com/eugene/food-delivery/cold-stone-creamery-635-medford-center/nUVQXVP1RW6nf4AkY4O3xA,white-city-oregon,"['Ice Cream and Frozen Yogurt', 'Cupcakes', 'Desserts']",4.4,43,$,42.332353,-122.8670385,+15417737963,,,,,"[{'@type': 'OpeningHoursSpecification', 'dayOfWeek': ['Sunday', 'Monday', 'Tuesday', 'Wednesday', 'Thursday'], 'opens': '13:0', 'closes': '20:30'}, {'@type': 'OpeningHoursSpecification', 'dayOfWeek': ['Friday', 'Saturday'], 'opens': '13:0', 'closes': '21:30'}]",,"{'@type': 'GeoCoordinates', 'latitude': 42.332353, 'longitude': -122.8670385}","{'@type': 'AggregateRating', 'ratingValue': 4.4, 'reviewCount': '43'}"
Dairy Queen Grill & Chill (1078 Morrow Rd),https://www.ubereats.com/eugene/food-delivery/dairy-queen-grill-%26-chill-1078-morrow-rd/TWhfJifeTpazZJRsY-89jw,white-city-oregon,"['American', 'Fast Food', 'Ice Cream & Frozen Yogurt']",4.2,29,$,42.3466321,-122.8739632,+15417760844,97504,1078 Morrow Rd,Medford,OR,"[{'@type': 'OpeningHoursSpecification', 'dayOfWeek': ['Sunday', 'Monday', 'Tuesday', 'Wednesday', 'Thursday'], 'opens': '10:0', 'closes': '21:0'}, {'@type': 'OpeningHoursSpecification', 'dayOfWeek': ['Friday', 'Saturday'], 'opens': '10:0', 'closes': '21:0'}, {'@type': 'OpeningHoursSpecification', 'dayOfWeek': ['Friday', 'Saturday'], 'opens': '11:0', 'closes': '22:0'}]","{'@type': 'PostalAddress', 'addressLocality': 'Medford', 'addressRegion': 'OR', 'postalCode': '97504', 'addressCountry': 'US', 'streetAddress': '1078 Morrow Rd'}","{'@type': 'GeoCoordinates', 'latitude': 42.3466321, 'longitude': -122.8739632}","{'@type': 'AggregateRating', 'ratingValue': 4.2, 'reviewCount': '29'}"
Hawaiian Hut,https://www.ubereats.com/eugene/food-delivery/hawaiian-hut/l-IzUclGSQWRmtlY8a7B6w,white-city-oregon,"['Hawaiian', 'Noodles', 'Salads']",4.6,96,$,42.3774849,-122.9046811,+15417277042,97502,1333 Plaza Blvd,Central Point,OR,"[{'@type': 'OpeningHoursSpecification', 'dayOfWeek': ['Monday', 'Tuesday', 'Wednesday', 'Thursday', 'Friday', 'Saturday', 'Sunday'], 'opens': '11:0', 'closes': '19:45'}]","{'@type': 'PostalAddress', 'addressLocality': 'Central Point', 'addressRegion': 'OR', 'postalCode': '97502', 'addressCountry': 'US', 'streetAddress': '1333 Plaza Blvd'}","{'@type': 'GeoCoordinates', 'latitude': 42.3774849, 'longitude': -122.9046811}","{'@type': 'AggregateRating', 'ratingValue': 4.6, 'reviewCount': '96'}"
Panda Express (1378 Center Drive),https://www.ubereats.com/eugene/food-delivery/panda-express-1378-center-drive/EDTyMC2YQS2qnLrbniIIBA,white-city-oregon,['Chinese'],4.3,100,$,42.3088622,-122.8536252,+15417792915,97501,1378 Center Drive,Medford,OR,"[{'@type': 'OpeningHoursSpecification', 'dayOfWeek': ['Monday', 'Tuesday', 'Wednesday', 'Thursday', 'Friday', 'Saturday', 'Sunday'], 'opens': '10:0', 'closes': '19:30'}]","{'@type': 'PostalAddress', 'addressLocality': 'Medford', 'addressRegion': 'OR', 'postalCode': '97501', 'addressCountry': 'US', 'streetAddress': '1378 Center Drive'}","{'@type': 'GeoCoordinates', 'latitude': 42.3088622, 'longitude': -122.8536252}","{'@type': 'AggregateRating', 'ratingValue': 4.3, 'reviewCount': '100'}"
Luna Mexican Cuisine,https://www.ubereats.com/eugene/food-delivery/luna-mexican-cuisine/5XEMp7krQvGkzP1OAwFv_w,white-city-oregon,"['Mexican', 'Latin American', 'New Mexican']",4.5,89,$,42.31271450000001,-122.8581946,+15418164615,97501,1310 Center Drive,Medford,OR,"[{'@type': 'OpeningHoursSpecification', 'dayOfWeek': ['Monday', 'Tuesday', 'Wednesday', 'Thursday', 'Friday', 'Saturday', 'Sunday'], 'opens': '10:30', 'closes': '21:30'}]","{'@type': 'PostalAddress', 'addressLocality': 'Medford', 'addressRegion': 'OR', 'postalCode': '97501', 'addressCountry': 'US', 'streetAddress': '1310 Center Drive'}","{'@type': 'GeoCoordinates', 'latitude': 42.31271450000001, 'longitude': -122.8581946}","{'@type': 'AggregateRating', 'ratingValue': 4.5, 'reviewCount': '89'}"
Glory's Organic Natural Delight,https://www.ubereats.com/eugene/food-delivery/glorys-organic-natural-delight/LzK_smJqQmi0mJH8wlBR7Q,white-city-oregon,['Juice and Smoothies'],,,$,42.278386,-122.821939,+15418974455,97535,721 N Main St,Phoenix,Oregon,"[{'@type': 'OpeningHoursSpecification', 'dayOfWeek': ['Monday', 'Tuesday', 'Wednesday', 'Thursday', 'Friday', 'Saturday'], 'opens': '11:0', 'closes': '16:30'}]","{'@type': 'PostalAddress', 'addressLocality': 'Phoenix', 'addressRegion': 'Oregon', 'postalCode': '97535', 'addressCountry': 'US', 'streetAddress': '721 N Main St'}","{'@type': 'GeoCoordinates', 'latitude': 42.278386, 'longitude': -122.821939}",{}
Senor Sam's Mexican Grill (White City),https://www.ubereats.com/eugene/food-delivery/senor-sams-mexican-grill-white-city/jbWn0gbPRhqwRYxS1JkzaQ,white-city-oregon,['Mexican'],4.0,36,$,42.427648,-122.849895,+15418262202,97503,7625 OR-62,White City,Oregon,"[{'@type': 'OpeningHoursSpecification', 'dayOfWeek': ['Monday', 'Tuesday', 'Wednesday', 'Thursday', 'Friday'], 'opens': '10:0', 'closes': '20:30'}, {'@type': 'OpeningHoursSpecification', 'dayOfWeek': 'Saturday', 'opens': '11:0', 'closes': '19:0'}]","{'@type': 'PostalAddress', 'addressLocality': 'White City', 'addressRegion': 'Oregon', 'postalCode': '97503', 'addressCountry': 'US', 'streetAddress': '7625 OR-62'}","{'@type': 'GeoCoordinates', 'latitude': 42.427648, 'longitude': -122.849895}","{'@type': 'AggregateRating', 'ratingValue': 4, 'reviewCount': '36'}"
Papa Murphy's  (129 East Pine Street),https://www.ubereats.com/eugene/food-delivery/papa-murphys-129-east-pine-street/bI5amTPaT4m4T7eRtgLpSw,white-city-oregon,"['Pizza', 'Italian', 'Comfort Food']",,,$,42.3746312,-122.916799,+15416644000,97502,129 East Pine Street,Central Point,OR,"[{'@type': 'OpeningHoursSpecification', 'dayOfWeek': ['Sunday', 'Monday', 'Tuesday', 'Wednesday', 'Thursday'], 'opens': '11:0', 'closes': '21:30'}, {'@type': 'OpeningHoursSpecification', 'dayOfWeek': ['Friday', 'Saturday'], 'opens': '11:0', 'closes': '22:0'}]","{'@type': 'PostalAddress', 'addressLocality': 'Central Point', 'addressRegion': 'OR', 'postalCode': '97502', 'addressCountry': 'US', 'streetAddress': '129 East Pine Street'}","{'@type': 'GeoCoordinates', 'latitude': 42.3746312, 'longitude': -122.916799}",{}
Subway (7584 Hwy 62 #2),https://www.ubereats.com/eugene/food-delivery/subway-7584-hwy-62-%232/PJfG8xHDTBuaPgV4ulxd4w,white-city-oregon,"['Fast Food', 'Sandwich', 'American']",4.8,10,$,42.426406,-122.8491109,+15418269109,97503,7584 OR-62,White City,OR,"[{'@type': 'OpeningHoursSpecification', 'dayOfWeek': ['Monday', 'Tuesday', 'Wednesday', 'Thursday', 'Friday', 'Saturday', 'Sunday'], 'opens': '9:0', 'closes': '21:30'}]","{'@type': 'PostalAddress', 'addressLocality': 'White City', 'addressRegion': 'OR', 'postalCode': '97503', 'addressCountry': 'US', 'streetAddress': '7584 OR-62'}","{'@type': 'GeoCoordinates', 'latitude': 42.426406, 'longitude': -122.8491109}","{'@type': 'AggregateRating', 'ratingValue': 4.8, 'reviewCount': '10'}"
Asian Grill,https://www.ubereats.com/eugene/food-delivery/asian-grill/WwCW8CnPQkuKvZu2U8voog,white-city-oregon,"['Asian', 'Asian Fusion', 'Thai']",4.4,87,$$,42.341874,-122.871834,+15416087115,97504,1250 Biddle Rd,Medford,Oregon,"[{'@type': 'OpeningHoursSpecification', 'dayOfWeek': 'Sunday', 'opens': '12:0', 'closes': '16:30'}, {'@type': 'OpeningHoursSpecification', 'dayOfWeek': 'Sunday', 'opens': '12:0', 'closes': '18:45'}, {'@type': 'OpeningHoursSpecification', 'dayOfWeek': ['Monday', 'Tuesday', 'Wednesday', 'Thursday', 'Friday', 'Saturday'], 'opens': '11:45', 'closes': '16:30'}, {'@type': 'OpeningHoursSpecification', 'dayOfWeek': ['Monday', 'Tuesday', 'Wednesday', 'Thursday', 'Friday', 'Saturday'], 'opens': '16:30', 'closes': '19:14'}]","{'@type': 'PostalAddress', 'addressLocality': 'Medford', 'addressRegion': 'Oregon', 'postalCode': '97504', 'addressCountry': 'US', 'streetAddress': '1250 Biddle Rd'}","{'@type': 'GeoCoordinates', 'latitude': 42.341874, 'longitude': -122.871834}","{'@type': 'AggregateRating', 'ratingValue': 4.4, 'reviewCount': '87'}"
Sweet Stuff,https://www.ubereats.com/eugene/food-delivery/sweet-stuff/IxouKfM_SzW3235JIjhesg,white-city-oregon,"['Salads', 'Sandwich', 'Southern']",,,$,42.3225734,-122.8668678,+15414148456,97501,515 S Riverside Ave,Southern Oregon,OR,"[{'@type': 'OpeningHoursSpecification', 'dayOfWeek': ['Monday', 'Tuesday', 'Wednesday', 'Thursday', 'Friday'], 'opens': '7:0', 'closes': '18:0'}, {'@type': 'OpeningHoursSpecification', 'dayOfWeek': 'Saturday', 'opens': '9:0', 'closes': '17:0'}]","{'@type': 'PostalAddress', 'addressLocality': 'Southern Oregon', 'addressRegion': 'OR', 'postalCode': '97501', 'addressCountry': 'US', 'streetAddress': '515 S Riverside Ave'}","{'@type': 'GeoCoordinates', 'latitude': 42.3225734, 'longitude': -122.8668678}",{}
Wayback Burgers (1251 E McAndrews Rd),https://www.ubereats.com/eugene/food-delivery/wayback-burgers-1251-e-mcandrews-rd/_iMNg4jBQ9me0g03xl7mTg,white-city-oregon,"['Burgers', 'American', 'Sandwich', 'Salads']",4.5,100,$,42.342126,-122.870577,+15415001552,97504,1251 E McAndrews Rd,Medford,OR,"[{'@type': 'OpeningHoursSpecification', 'dayOfWeek': ['Monday', 'Tuesday', 'Wednesday', 'Thursday', 'Friday', 'Saturday', 'Sunday'], 'opens': '11:0', 'closes': '20:30'}, {'@type': 'OpeningHoursSpecification', 'dayOfWeek': ['Monday', 'Tuesday', 'Wednesday', 'Thursday', 'Friday', 'Saturday', 'Sunday'], 'opens': '11:0', 'closes': '20:30'}]","{'@type': 'PostalAddress', 'addressLocality': 'Medford', 'addressRegion': 'OR', 'postalCode': '97504', 'addressCountry': 'US', 'streetAddress': '1251 E McAndrews Rd'}","{'@type': 'GeoCoordinates', 'latitude': 42.342126, 'longitude': -122.870577}","{'@type': 'AggregateRating', 'ratingValue': 4.5, 'reviewCount': '100'}"
Pizza Schmizza Pub & Grub (1350 Plaza Blvd),https://www.ubereats.com/eugene/food-delivery/pizza-schmizza-pub-%26-grub-1350-plaza-blvd/XHGpOjrwSFS5MgES7hDN3A,white-city-oregon,"['Pizza', 'American', 'Italian']",4.4,14,$,42.376413,-122.9042856,+15417277778,,,,,"[{'@type': 'OpeningHoursSpecification', 'dayOfWeek': ['Sunday', 'Monday', 'Tuesday', 'Wednesday', 'Thursday'], 'opens': '11:0', 'closes': '21:0'}, {'@type': 'OpeningHoursSpecification', 'dayOfWeek': 'Friday', 'opens': '11:0', 'closes': '22:30'}]",,"{'@type': 'GeoCoordinates', 'latitude': 42.376413, 'longitude': -122.9042856}","{'@type': 'AggregateRating', 'ratingValue': 4.4, 'reviewCount': '14'}"
Dairy Queen Grill & Chill (280 S Front St),https://www.ubereats.com/eugene/food-delivery/dairy-queen-grill-%26-chill-280-s-front-st/23nJQ773RxCtzOeT3BW2sw,white-city-oregon,"['American', 'Fast Food', 'Ice Cream & Frozen Yogurt']",,,$,42.3713247,-122.9159697,+15417277774,97502,280 S Front St,Central Point,OR,"[{'@type': 'OpeningHoursSpecification', 'dayOfWeek': ['Monday', 'Tuesday', 'Wednesday', 'Thursday', 'Friday', 'Saturday', 'Sunday'], 'opens': '10:30', 'closes': '21:15'}]","{'@type': 'PostalAddress', 'addressLocality': 'Central Point', 'addressRegion': 'OR', 'postalCode': '97502', 'addressCountry': 'US', 'streetAddress': '280 S Front St'}","{'@type': 'GeoCoordinates', 'latitude': 42.3713247, 'longitude': -122.9159697}",{}
Burger King (101 South Penninger Road),https://www.ubereats.com/eugene/food-delivery/burger-king-101-south-penninger-road/8wlJETkbQWuZWlmqfl5Wlw,white-city-oregon,"['American', 'burger', 'Fast Food']",4.8,29,$,42.37772449999999,-122.8999314,+15416640421,97502,101 South Penninger Road,Central Point,OR,"[{'@type': 'OpeningHoursSpecification', 'dayOfWeek': 'Sunday', 'opens': '6:30', 'closes': '10:29'}, {'@type': 'OpeningHoursSpecification', 'dayOfWeek': 'Sunday', 'opens': '10:30', 'closes': '23:30'}, {'@type': 'OpeningHoursSpecification', 'dayOfWeek': 'Sunday', 'opens': '0:0', 'closes': '0:30'}, {'@type': 'OpeningHoursSpecification', 'dayOfWeek': 'Monday', 'opens': '6:30', 'closes': '10:29'}, {'@type': 'OpeningHoursSpecification', 'dayOfWeek': 'Monday', 'opens': '10:30', 'closes': '23:59'}, {'@type': 'OpeningHoursSpecification', 'dayOfWeek': ['Tuesday', 'Wednesday', 'Thursday', 'Friday', 'Saturday'], 'opens': '6:30', 'closes': '10:29'}, {'@type': 'OpeningHoursSpecification', 'dayOfWeek': ['Tuesday', 'Wednesday', 'Thursday', 'Friday', 'Saturday'], 'opens': '0:0', 'closes': '0:30'}, {'@type': 'OpeningHoursSpecification', 'dayOfWeek': ['Tuesday', 'Wednesday', 'Thursday', 'Friday', 'Saturday'], 'opens': '10:30', 'closes': '23:59'}]","{'@type': 'PostalAddress', 'addressLocality': 'Central Point', 'addressRegion': 'OR', 'postalCode': '97502', 'addressCountry': 'US', 'streetAddress': '101 South Penninger Road'}","{'@type': 'GeoCoordinates', 'latitude': 42.37772449999999, 'longitude': -122.8999314}","{'@type': 'AggregateRating', 'ratingValue': 4.8, 'reviewCount': '29'}"
Abby's Legendary Pizza - Medford (South),https://www.ubereats.com/eugene/food-delivery/abbys-legendary-pizza-medford-south/JynTdtpRSm2dk80c7zfjrA,white-city-oregon,"['Pizza', 'American', 'Italian']",4.2,47,$,42.3153883,-122.8630485,+15417735568,97501,1080 S Riverside Ave,Medford,OR,"[{'@type': 'OpeningHoursSpecification', 'dayOfWeek': ['Monday', 'Tuesday', 'Wednesday', 'Thursday', 'Friday', 'Saturday', 'Sunday'], 'opens': '11:0', 'closes': '20:30'}]","{'@type': 'PostalAddress', 'addressLocality': 'Medford', 'addressRegion': 'OR', 'postalCode': '97501', 'addressCountry': 'US', 'streetAddress': '1080 S Riverside Ave'}","{'@type': 'GeoCoordinates', 'latitude': 42.3153883, 'longitude': -122.8630485}","{'@type': 'AggregateRating', 'ratingValue': 4.2, 'reviewCount': '47'}"
Jack in the Box (2383 Ave A),https://www.ubereats.com/eugene/food-delivery/jack-in-the-box-2383-ave-a/V9uA9-QxTCqosdw4zXC39w,white-city-oregon,"['American', 'burger', 'Fast Food']",3.1,12,$,42.425761,-122.8495573,+15418262010,97503,2383 Ave A,White City,OR,"[{'@type': 'OpeningHoursSpecification', 'dayOfWeek': ['Monday', 'Tuesday', 'Wednesday', 'Thursday', 'Friday', 'Saturday', 'Sunday'], 'opens': '6:0', 'closes': '0:0'}]","{'@type': 'PostalAddress', 'addressLocality': 'White City', 'addressRegion': 'OR', 'postalCode': '97503', 'addressCountry': 'US', 'streetAddress': '2383 Ave A'}","{'@type': 'GeoCoordinates', 'latitude': 42.425761, 'longitude': -122.8495573}","{'@type': 'AggregateRating', 'ratingValue': 3.1, 'reviewCount': '12'}"
Taco Bell (7511 Crater Lake Hwy),https://www.ubereats.com/eugene/food-delivery/taco-bell-7511-crater-lake-hwy/LWI5cwqiS5SS7dFHWC4u0Q,white-city-oregon,"['Burritos', 'Fast Food', 'Mexican']",3.4,56,$,42.4257281,-122.8509683,+15418264817,97503,7511 Crater Lake Hwy,White City,OR,"[{'@type': 'OpeningHoursSpecification', 'dayOfWeek': ['Sunday', 'Monday', 'Tuesday', 'Wednesday', 'Thursday'], 'opens': '14:0', 'closes': '17:0'}, {'@type': 'OpeningHoursSpecification', 'dayOfWeek': ['Sunday', 'Monday', 'Tuesday', 'Wednesday', 'Thursday'], 'opens': '7:0', 'closes': '0:30'}, {'@type': 'OpeningHoursSpecification', 'dayOfWeek': ['Sunday', 'Monday', 'Tuesday', 'Wednesday', 'Thursday'], 'opens': '7:0', 'closes': '10:30'}, {'@type': 'OpeningHoursSpecification', 'dayOfWeek': ['Friday', 'Saturday'], 'opens': '14:0', 'closes': '17:0'}, {'@type': 'OpeningHoursSpecification', 'dayOfWeek': ['Friday', 'Saturday'], 'opens': '7:0', 'closes': '10:30'}, {'@type': 'OpeningHoursSpecification', 'dayOfWeek': ['Friday', 'Saturday'], 'opens': '7:0', 'closes': '1:30'}]","{'@type': 'PostalAddress', 'addressLocality': 'White City', 'addressRegion': 'OR', 'postalCode': '97503', 'addressCountry': 'US', 'streetAddress': '7511 Crater Lake Hwy'}","{'@type': 'GeoCoordinates', 'latitude': 42.4257281, 'longitude': -122.8509683}","{'@type': 'AggregateRating', 'ratingValue': 3.4, 'reviewCount': '56'}"
Five Guys OR-1864,https://www.ubereats.com/eugene/food-delivery/five-guys-or-1864/jl4xCXBWT3ii1mP1LfpHaA,white-city-oregon,"['American', 'Burgers', 'Sandwich']",4.6,100,$,42.3090036,-122.8517142,+15418164232,97501,1421 Center Drive,Medford,OR,"[{'@type': 'OpeningHoursSpecification', 'dayOfWeek': ['Sunday', 'Monday', 'Tuesday', 'Wednesday', 'Thursday'], 'opens': '11:0', 'closes': '20:30'}, {'@type': 'OpeningHoursSpecification', 'dayOfWeek': ['Friday', 'Saturday'], 'opens': '11:0', 'closes': '21:30'}]","{'@type': 'PostalAddress', 'addressLocality': 'Medford', 'addressRegion': 'OR', 'postalCode': '97501', 'addressCountry': 'US', 'streetAddress': '1421 Center Drive'}","{'@type': 'GeoCoordinates', 'latitude': 42.3090036, 'longitude': -122.8517142}","{'@type': 'AggregateRating', 'ratingValue': 4.6, 'reviewCount': '100'}"
KFC (250 Penninger Road),https://www.ubereats.com/eugene/food-delivery/kfc-250-penninger-road/wC-yots9QOuKq-vmFNyKzg,white-city-oregon,"['American', 'Fast Food', 'wings']",4.1,11,$,42.376101,-122.9002509,+12484560538,97502,250 Penninger Road,Central Point,OR,"[{'@type': 'OpeningHoursSpecification', 'dayOfWeek': ['Monday', 'Tuesday', 'Wednesday', 'Thursday', 'Friday', 'Saturday', 'Sunday'], 'opens': '10:30', 'closes': '21:30'}]","{'@type': 'PostalAddress', 'addressLocality': 'Central Point', 'addressRegion': 'OR', 'postalCode': '97502', 'addressCountry': 'US', 'streetAddress': '250 Penninger Road'}","{'@type': 'GeoCoordinates', 'latitude': 42.376101, 'longitude': -122.9002509}","{'@type': 'AggregateRating', 'ratingValue': 4.1, 'reviewCount': '11'}"
IHOP (1383 Center Drive),https://www.ubereats.com/eugene/food-delivery/ihop-1383-center-drive/YTzji48ASHCUHFzrSktEIw,white-city-oregon,"['American', 'Breakfast and Brunch', 'burger', 'Comfort Food', 'Dinner', 'Omelette', 'salad', 'Traditional American']",4.0,82,$,42.31029059999999,-122.8538293,+14582262511,97501,1383 Center Drive,Medford,OR,"[{'@type': 'OpeningHoursSpecification', 'dayOfWeek': ['Sunday', 'Monday', 'Tuesday', 'Wednesday', 'Thursday'], 'opens': '6:0', 'closes': '21:50'}, {'@type': 'OpeningHoursSpecification', 'dayOfWeek': ['Friday', 'Saturday'], 'opens': '6:0', 'closes': '23:49'}]","{'@type': 'PostalAddress', 'addressLocality': 'Medford', 'addressRegion': 'OR', 'postalCode': '97501', 'addressCountry': 'US', 'streetAddress': '1383 Center Drive'}","{'@type': 'GeoCoordinates', 'latitude': 42.31029059999999, 'longitude': -122.8538293}","{'@type': 'AggregateRating', 'ratingValue': 4, 'reviewCount': '82'}"
Dairy Queen Grill & Chill (1960 W Main St),https://www.ubereats.com/eugene/food-delivery/dairy-queen-grill-%26-chill-1960-w-main-st/YH_pSyh-Q_-Mgc4DKv6Zng,white-city-oregon,"['American', 'Fast Food', 'Ice Cream & Frozen Yogurt']",,,$,42.3240946,-122.8946346,+15417732663,97501,1960 W Main St,Medford,OR,"[{'@type': 'OpeningHoursSpecification', 'dayOfWeek': ['Monday', 'Tuesday', 'Wednesday', 'Thursday', 'Friday', 'Saturday', 'Sunday'], 'opens': '11:0', 'closes': '21:0'}]","{'@type': 'PostalAddress', 'addressLocality': 'Medford', 'addressRegion': 'OR', 'postalCode': '97501', 'addressCountry': 'US', 'streetAddress': '1960 W Main St'}","{'@type': 'GeoCoordinates', 'latitude': 42.3240946, 'longitude': -122.8946346}",{}
Del Taco (2860 Crater Lake Hwy),https://www.ubereats.com/eugene/food-delivery/del-taco-2860-crater-lake-hwy/74iczgaGRNC2jsM9DUVqtw,white-city-oregon,"['Fast Food', 'Mexican', 'Tacos']",,,$,42.3589042,-122.8612717,+15416901111,97504,2860 Crater Lake Hwy,Medford,OR,"[{'@type': 'OpeningHoursSpecification', 'dayOfWeek': 'Sunday', 'opens': '8:0', 'closes': '23:0'}, {'@type': 'OpeningHoursSpecification', 'dayOfWeek': ['Monday', 'Tuesday', 'Wednesday', 'Thursday'], 'opens': '7:0', 'closes': '23:0'}, {'@type': 'OpeningHoursSpecification', 'dayOfWeek': ['Friday', 'Saturday'], 'opens': '7:0', 'closes': '23:59'}]","{'@type': 'PostalAddress', 'addressLocality': 'Medford', 'addressRegion': 'OR', 'postalCode': '97504', 'addressCountry': 'US', 'streetAddress': '2860 Crater Lake Hwy'}","{'@type': 'GeoCoordinates', 'latitude': 42.3589042, 'longitude': -122.8612717}",{}
Dairy Queen Grill & Chill (7635 Crater Lake Hwy),https://www.ubereats.com/eugene/food-delivery/dairy-queen-grill-%26-chill-7635-crater-lake-hwy/vHFqYmfhTGGKzck9rqHeDw,white-city-oregon,"['American', 'Fast Food', 'Ice Cream & Frozen Yogurt']",,,$,42.428245,-122.8496248,+15418265517,97503,7635 Crater Lake Hwy,White City,OR,"[{'@type': 'OpeningHoursSpecification', 'dayOfWeek': ['Sunday', 'Monday', 'Tuesday', 'Wednesday', 'Thursday'], 'opens': '10:30', 'closes': '22:0'}, {'@type': 'OpeningHoursSpecification', 'dayOfWeek': ['Friday', 'Saturday'], 'opens': '10:30', 'closes': '22:30'}]","{'@type': 'PostalAddress', 'addressLocality': 'White City', 'addressRegion': 'OR', 'postalCode': '97503', 'addressCountry': 'US', 'streetAddress': '7635 Crater Lake Hwy'}","{'@type': 'GeoCoordinates', 'latitude': 42.428245, 'longitude': -122.8496248}",{}
Buffalo Wild Wings (1700 Delta Waters Road),https://www.ubereats.com/eugene/food-delivery/buffalo-wild-wings-1700-delta-waters-road/2ZlXnMgCTSSlJwoGXk8m8A,white-city-oregon,"['wings', 'American', 'Comfort Food']",4.0,64,$$,42.3619827,-122.8614381,+15419732189,97504,1700 Delta Waters Road,Medford,OR,"[{'@type': 'OpeningHoursSpecification', 'dayOfWeek': ['Monday', 'Tuesday', 'Wednesday', 'Thursday', 'Friday', 'Saturday', 'Sunday'], 'opens': '11:0', 'closes': '22:0'}]","{'@type': 'PostalAddress', 'addressLocality': 'Medford', 'addressRegion': 'OR', 'postalCode': '97504', 'addressCountry': 'US', 'streetAddress': '1700 Delta Waters Road'}","{'@type': 'GeoCoordinates', 'latitude': 42.3619827, 'longitude': -122.8614381}","{'@type': 'AggregateRating', 'ratingValue': 4, 'reviewCount': '64'}"
McDonald's (1140 BIDDLE RD),https://www.ubereats.com/eugene/food-delivery/mcdonalds-1140-biddle-rd/-wd6r-cZSE6FxxF1J-R9LA,white-city-oregon,"['American', 'Burgers', 'Fast Food']",4.2,100,$,42.34082,-122.871192,+15417793334,97504,1140 BIDDLE RD,MEDFORD,OR,"[{'@type': 'OpeningHoursSpecification', 'dayOfWeek': ['Sunday', 'Monday', 'Tuesday', 'Wednesday', 'Thursday'], 'opens': '5:30', 'closes': '10:29'}, {'@type': 'OpeningHoursSpecification', 'dayOfWeek': ['Sunday', 'Monday', 'Tuesday', 'Wednesday', 'Thursday'], 'opens': '10:30', 'closes': '16:59'}, {'@type': 'OpeningHoursSpecification', 'dayOfWeek': ['Sunday', 'Monday', 'Tuesday', 'Wednesday', 'Thursday'], 'opens': '17:0', 'closes': '22:15'}, {'@type': 'OpeningHoursSpecification', 'dayOfWeek': ['Friday', 'Saturday'], 'opens': '5:30', 'closes': '10:29'}, {'@type': 'OpeningHoursSpecification', 'dayOfWeek': ['Friday', 'Saturday'], 'opens': '10:30', 'closes': '16:59'}, {'@type': 'OpeningHoursSpecification', 'dayOfWeek': ['Friday', 'Saturday'], 'opens': '17:0', 'closes': '23:15'}]","{'@type': 'PostalAddress', 'addressLocality': 'MEDFORD', 'addressRegion': 'OR', 'postalCode': '97504', 'addressCountry': 'US', 'streetAddress': '1140 BIDDLE RD'}","{'@type': 'GeoCoordinates', 'latitude': 42.34082, 'longitude': -122.871192}","{'@type': 'AggregateRating', 'ratingValue': 4.2, 'reviewCount': '100'}"
Carl's Jr. (1136 Biddle Road),https://www.ubereats.com/eugene/food-delivery/carls-jr-1136-biddle-road/Kz2XmWT8SlKv3t5l8HHZqA,white-city-oregon,"['Fast Food', 'Burgers', 'Salads', 'Burritos', 'American']",,,$,42.3408037,-122.8706856,+15416901556,97504,1136 Biddle Road,Medford,OR,"[{'@type': 'OpeningHoursSpecification', 'dayOfWeek': ['Monday', 'Tuesday', 'Wednesday', 'Thursday', 'Friday', 'Saturday'], 'opens': '6:30', 'closes': '10:0'}, {'@type': 'OpeningHoursSpecification', 'dayOfWeek': ['Monday', 'Tuesday', 'Wednesday', 'Thursday', 'Friday', 'Saturday'], 'opens': '10:0', 'closes': '15:30'}]","{'@type': 'PostalAddress', 'addressLocality': 'Medford', 'addressRegion': 'OR', 'postalCode': '97504', 'addressCountry': 'US', 'streetAddress': '1136 Biddle Road'}","{'@type': 'GeoCoordinates', 'latitude': 42.3408037, 'longitude': -122.8706856}",{}
Burger King (3120 Crater Lake Highway),https://www.ubereats.com/eugene/food-delivery/burger-king-3120-crater-lake-highway/i9safwBZSoGHRnpxP0GNRQ,white-city-oregon,"['American', 'burger', 'Fast Food']",3.9,30,$,42.3621116,-122.8562269,+15417799749,97504,3120 Crater Lake Highway,Medford,OR,"[{'@type': 'OpeningHoursSpecification', 'dayOfWeek': ['Sunday', 'Monday', 'Tuesday', 'Wednesday', 'Thursday'], 'opens': '6:30', 'closes': '10:29'}, {'@type': 'OpeningHoursSpecification', 'dayOfWeek': ['Sunday', 'Monday', 'Tuesday', 'Wednesday', 'Thursday'], 'opens': '10:30', 'closes': '22:30'}, {'@type': 'OpeningHoursSpecification', 'dayOfWeek': ['Friday', 'Saturday'], 'opens': '6:30', 'closes': '10:29'}, {'@type': 'OpeningHoursSpecification', 'dayOfWeek': ['Friday', 'Saturday'], 'opens': '10:30', 'closes': '23:30'}]","{'@type': 'PostalAddress', 'addressLocality': 'Medford', 'addressRegion': 'OR', 'postalCode': '97504', 'addressCountry': 'US', 'streetAddress': '3120 Crater Lake Highway'}","{'@type': 'GeoCoordinates', 'latitude': 42.3621116, 'longitude': -122.8562269}","{'@type': 'AggregateRating', 'ratingValue': 3.9, 'reviewCount': '30'}"
Denny's (2260 Biddle Road),https://www.ubereats.com/eugene/food-delivery/dennys-2260-biddle-road/5aOdGABlRfeXyP-xigcatg,white-city-oregon,"['Breakfast and Brunch', 'Traditional American', 'Coffee and Tea', 'Diner', 'Desserts', 'Salads', 'Steak', 'Sandwich']",3.4,67,$$,42.350207,-122.872311,+15419732974,97504,2260 Biddle Rd,Medford,Oregon,"[{'@type': 'OpeningHoursSpecification', 'dayOfWeek': ['Monday', 'Tuesday', 'Wednesday', 'Thursday', 'Friday', 'Saturday', 'Sunday'], 'opens': '0:0', 'closes': '23:59'}]","{'@type': 'PostalAddress', 'addressLocality': 'Medford', 'addressRegion': 'Oregon', 'postalCode': '97504', 'addressCountry': 'US', 'streetAddress': '2260 Biddle Rd'}","{'@type': 'GeoCoordinates', 'latitude': 42.350207, 'longitude': -122.872311}","{'@type': 'AggregateRating', 'ratingValue': 3.4, 'reviewCount': '67'}"
Wendy's  (1920 N. Pacific Hwy),https://www.ubereats.com/eugene/food-delivery/wendys-1920-n-pacific-hwy/D5CyC3wPQr-Ea9FgQ-Xe-w,white-city-oregon,"['American', 'Burgers', 'Fast Food']",,,$,42.3465049,-122.8831917,+15417792925,97501,1920 N. Pacific Hwy,Medford,OR,"[{'@type': 'OpeningHoursSpecification', 'dayOfWeek': ['Monday', 'Tuesday', 'Wednesday', 'Thursday', 'Friday', 'Saturday', 'Sunday'], 'opens': '10:30', 'closes': '23:30'}, {'@type': 'OpeningHoursSpecification', 'dayOfWeek': ['Monday', 'Tuesday', 'Wednesday', 'Thursday', 'Friday', 'Saturday', 'Sunday'], 'opens': '6:30', 'closes': '10:0'}]","{'@type': 'PostalAddress', 'addressLocality': 'Medford', 'addressRegion': 'OR', 'postalCode': '97501', 'addressCountry': 'US', 'streetAddress': '1920 N. Pacific Hwy'}","{'@type': 'GeoCoordinates', 'latitude': 42.3465049, 'longitude': -122.8831917}",{}
Victory Dogs,https://www.ubereats.com/eugene/food-delivery/victory-dogs/tG2mAup5TiOVWdfBcaWJRg,white-city-oregon,['American'],,,$$,42.3238427,-122.8675533,+15416212666,97501,325 S Riverside Ave,Medford,OR,"[{'@type': 'OpeningHoursSpecification', 'dayOfWeek': ['Monday', 'Tuesday', 'Wednesday', 'Thursday', 'Friday', 'Saturday'], 'opens': '12:0', 'closes': '15:0'}]","{'@type': 'PostalAddress', 'addressLocality': 'Medford', 'addressRegion': 'OR', 'postalCode': '97501', 'addressCountry': 'US', 'streetAddress': '325 S Riverside Ave'}","{'@type': 'GeoCoordinates', 'latitude': 42.3238427, 'longitude': -122.8675533}",{}
The Point Pub & Grill - Central Point LOST,https://www.ubereats.com/eugene/food-delivery/the-point-pub-%26-grill-central-point-lost/jHRawIw8QA6NMybYgj-5LA,white-city-oregon,['American'],,,$$,42.375423,-122.91535,+15416659015,97502,311 E Pine St,Central Point,Oregon,"[{'@type': 'OpeningHoursSpecification', 'dayOfWeek': ['Sunday', 'Monday', 'Tuesday', 'Wednesday', 'Thursday'], 'opens': '11:0', 'closes': '21:0'}, {'@type': 'OpeningHoursSpecification', 'dayOfWeek': ['Sunday', 'Monday', 'Tuesday', 'Wednesday', 'Thursday'], 'opens': '17:0', 'closes': '21:0'}, {'@type': 'OpeningHoursSpecification', 'dayOfWeek': ['Friday', 'Saturday'], 'opens': '11:0', 'closes': '22:0'}, {'@type': 'OpeningHoursSpecification', 'dayOfWeek': ['Friday', 'Saturday'], 'opens': '17:0', 'closes': '21:0'}]","{'@type': 'PostalAddress', 'addressLocality': 'Central Point', 'addressRegion': 'Oregon', 'postalCode': '97502', 'addressCountry': 'US', 'streetAddress': '311 E Pine St'}","{'@type': 'GeoCoordinates', 'latitude': 42.375423, 'longitude': -122.91535}",{}
The Human Bean (113 E Pine St),https://www.ubereats.com/eugene/food-delivery/the-human-bean-113-e-pine-st/WNSdQijiT3C_Qt-VjRELLw,white-city-oregon,"['American', 'Bakery', 'Cafe']",,,$,42.37460799999999,-122.917179,+15416645692,97502,113 E Pine St,Central Point,OR,"[{'@type': 'OpeningHoursSpecification', 'dayOfWeek': ['Monday', 'Tuesday', 'Wednesday', 'Thursday', 'Friday', 'Saturday', 'Sunday'], 'opens': '5:0', 'closes': '19:0'}]","{'@type': 'PostalAddress', 'addressLocality': 'Central Point', 'addressRegion': 'OR', 'postalCode': '97502', 'addressCountry': 'US', 'streetAddress': '113 E Pine St'}","{'@type': 'GeoCoordinates', 'latitude': 42.37460799999999, 'longitude': -122.917179}",{}
Firehouse Subs (625 Medford Center),https://www.ubereats.com/eugene/food-delivery/firehouse-subs-625-medford-center/g3xyswvFQJKUW5o35Cz3Yg,white-city-oregon,"['Sandwich', 'Deli']",4.5,98,$,42.332042,-122.867086,+15416228880,97504,625,Medford,OR,"[{'@type': 'OpeningHoursSpecification', 'dayOfWeek': 'Sunday', 'opens': '11:0', 'closes': '20:0'}, {'@type': 'OpeningHoursSpecification', 'dayOfWeek': 'Sunday', 'opens': '11:0', 'closes': '18:0'}, {'@type': 'OpeningHoursSpecification', 'dayOfWeek': ['Monday', 'Tuesday', 'Wednesday', 'Thursday', 'Friday', 'Saturday'], 'opens': '11:0', 'closes': '20:0'}]","{'@type': 'PostalAddress', 'addressLocality': 'Medford', 'addressRegion': 'OR', 'postalCode': '97504', 'addressCountry': 'US', 'streetAddress': '625'}","{'@type': 'GeoCoordinates', 'latitude': 42.332042, 'longitude': -122.867086}","{'@type': 'AggregateRating', 'ratingValue': 4.5, 'reviewCount': '98'}"
Casa Latina,https://www.ubereats.com/eugene/food-delivery/casa-latina/zPVl-JafROuHh296YIVZIQ,white-city-oregon,"['Latin American', 'Mexican']",,,$,42.426412,-122.848678,+15418213390,97503,7570 OR-62,White City,OR,"[{'@type': 'OpeningHoursSpecification', 'dayOfWeek': 'Sunday', 'opens': '15:0', 'closes': '21:0'}, {'@type': 'OpeningHoursSpecification', 'dayOfWeek': 'Sunday', 'opens': '10:0', 'closes': '21:0'}, {'@type': 'OpeningHoursSpecification', 'dayOfWeek': ['Monday', 'Tuesday', 'Wednesday', 'Thursday', 'Friday'], 'opens': '15:0', 'closes': '21:0'}, {'@type': 'OpeningHoursSpecification', 'dayOfWeek': ['Monday', 'Tuesday', 'Wednesday', 'Thursday', 'Friday'], 'opens': '11:0', 'closes': '21:0'}, {'@type': 'OpeningHoursSpecification', 'dayOfWeek': 'Saturday', 'opens': '15:0', 'closes': '21:0'}, {'@type': 'OpeningHoursSpecification', 'dayOfWeek': 'Saturday', 'opens': '10:0', 'closes': '21:0'}]","{'@type': 'PostalAddress', 'addressLocality': 'White City', 'addressRegion': 'OR', 'postalCode': '97503', 'addressCountry': 'US', 'streetAddress': '7570 OR-62'}","{'@type': 'GeoCoordinates', 'latitude': 42.426412, 'longitude': -122.848678}",{}
McDonald's (43 S 9TH ST),https://www.ubereats.com/eugene/food-delivery/mcdonalds-43-s-9th-st/ugYSioDzSySW7H5BuK85bQ,white-city-oregon,"['American', 'Burgers', 'Fast Food']",4.4,80,$,42.377812,-122.909599,+15416641663,97502,43 S 9TH ST,CENTRAL POINT,OR,"[{'@type': 'OpeningHoursSpecification', 'dayOfWeek': ['Monday', 'Tuesday', 'Wednesday', 'Thursday', 'Friday', 'Saturday', 'Sunday'], 'opens': '5:0', 'closes': '10:15'}, {'@type': 'OpeningHoursSpecification', 'dayOfWeek': ['Monday', 'Tuesday', 'Wednesday', 'Thursday', 'Friday', 'Saturday', 'Sunday'], 'opens': '10:30', 'closes': '16:59'}, {'@type': 'OpeningHoursSpecification', 'dayOfWeek': ['Monday', 'Tuesday', 'Wednesday', 'Thursday', 'Friday', 'Saturday', 'Sunday'], 'opens': '17:0', 'closes': '22:30'}]","{'@type': 'PostalAddress', 'addressLocality': 'CENTRAL POINT', 'addressRegion': 'OR', 'postalCode': '97502', 'addressCountry': 'US', 'streetAddress': '43 S 9TH ST'}","{'@type': 'GeoCoordinates', 'latitude': 42.377812, 'longitude': -122.909599}","{'@type': 'AggregateRating', 'ratingValue': 4.4, 'reviewCount': '80'}"
Wild River Brewing and Pizza Co,https://www.ubereats.com/eugene/food-delivery/wild-river-brewing-and-pizza-co/FbsNUzSTQo67XeIepYrpcQ,white-city-oregon,"['Burgers', 'American', 'Sandwiches']",4.3,55,$,42.3493822,-122.8906252,+15032773608,97501,2684 N Pacific Hwy,Medford,OR,"[{'@type': 'OpeningHoursSpecification', 'dayOfWeek': ['Monday', 'Tuesday', 'Wednesday', 'Thursday', 'Friday', 'Saturday', 'Sunday'], 'opens': '11:0', 'closes': '21:0'}]","{'@type': 'PostalAddress', 'addressLocality': 'Medford', 'addressRegion': 'OR', 'postalCode': '97501', 'addressCountry': 'US', 'streetAddress': '2684 N Pacific Hwy'}","{'@type': 'GeoCoordinates', 'latitude': 42.3493822, 'longitude': -122.8906252}","{'@type': 'AggregateRating', 'ratingValue': 4.3, 'reviewCount': '55'}"
Abby's Legendary Pizza - Medford (North),https://www.ubereats.com/eugene/food-delivery/abbys-legendary-pizza-medford-north/UjLHCnKYS7eAkPBMJ_jrLg,white-city-oregon,"['Pizza', 'American', 'Italian']",,,$,42.3546066,-122.8683988,+15417762022,97504,2550 Crater Lake Hwy,Medford,OR,"[{'@type': 'OpeningHoursSpecification', 'dayOfWeek': ['Monday', 'Tuesday', 'Wednesday', 'Thursday', 'Friday', 'Saturday', 'Sunday'], 'opens': '11:0', 'closes': '20:30'}]","{'@type': 'PostalAddress', 'addressLocality': 'Medford', 'addressRegion': 'OR', 'postalCode': '97504', 'addressCountry': 'US', 'streetAddress': '2550 Crater Lake Hwy'}","{'@type': 'GeoCoordinates', 'latitude': 42.3546066, 'longitude': -122.8683988}",{}
Wendy's  (1010 Biddle Rd.),https://www.ubereats.com/eugene/food-delivery/wendys-1010-biddle-rd/9uWuZ2qkRAG8IEQio2budQ,white-city-oregon,"['American', 'Burgers', 'Fast Food']",,,$,42.3400182,-122.8719652,+15417793264,97504,1010 Biddle Rd.,Medford,OR,"[{'@type': 'OpeningHoursSpecification', 'dayOfWeek': ['Monday', 'Tuesday', 'Wednesday', 'Thursday', 'Friday', 'Saturday', 'Sunday'], 'opens': '10:30', 'closes': '23:30'}, {'@type': 'OpeningHoursSpecification', 'dayOfWeek': ['Monday', 'Tuesday', 'Wednesday', 'Thursday', 'Friday', 'Saturday', 'Sunday'], 'opens': '6:30', 'closes': '10:0'}]","{'@type': 'PostalAddress', 'addressLocality': 'Medford', 'addressRegion': 'OR', 'postalCode': '97504', 'addressCountry': 'US', 'streetAddress': '1010 Biddle Rd.'}","{'@type': 'GeoCoordinates', 'latitude': 42.3400182, 'longitude': -122.8719652}",{}
Subway (1600 Delta Waters Rd),https://www.ubereats.com/eugene/food-delivery/subway-1600-delta-waters-rd/lAmGyvXYQRqBS_CqHbP49w,white-city-oregon,"['Fast Food', 'Sandwich', 'American']",,,$,42.3626636,-122.8598628,+15417796809,97504,1600 Delta Waters Rd,Medford,OR,"[{'@type': 'OpeningHoursSpecification', 'dayOfWeek': ['Monday', 'Tuesday', 'Wednesday', 'Thursday', 'Friday', 'Saturday', 'Sunday'], 'opens': '9:0', 'closes': '21:30'}]","{'@type': 'PostalAddress', 'addressLocality': 'Medford', 'addressRegion': 'OR', 'postalCode': '97504', 'addressCountry': 'US', 'streetAddress': '1600 Delta Waters Rd'}","{'@type': 'GeoCoordinates', 'latitude': 42.3626636, 'longitude': -122.8598628}",{}
Mucho Gusto,https://www.ubereats.com/eugene/food-delivery/mucho-gusto/S2HMhc6aS2y8nrvBBxsj_A,white-city-oregon,"['Mexican', 'Tex Mex']",,,$,42.34148,-122.870157,+15417794552,97504,1251 E McAndrews Rd,Medford,Oregon,"[{'@type': 'OpeningHoursSpecification', 'dayOfWeek': ['Sunday', 'Monday', 'Tuesday', 'Wednesday', 'Thursday'], 'opens': '11:0', 'closes': '21:0'}, {'@type': 'OpeningHoursSpecification', 'dayOfWeek': ['Friday', 'Saturday'], 'opens': '11:0', 'closes': '22:0'}]","{'@type': 'PostalAddress', 'addressLocality': 'Medford', 'addressRegion': 'Oregon', 'postalCode': '97504', 'addressCountry': 'US', 'streetAddress': '1251 E McAndrews Rd'}","{'@type': 'GeoCoordinates', 'latitude': 42.34148, 'longitude': -122.870157}",{}
Cracker Barrel Old Country Store (1445 Center Drive),https://www.ubereats.com/eugene/food-delivery/cracker-barrel-old-country-store-1445-center-drive/5_ZQn0lCQoa78ewMfgXD_A,white-city-oregon,"['American', 'Breakfast and Brunch']",4.5,37,$,42.3099537,-122.8508231,+15417721164,97501,1445 Center Drive,Medford,OR,"[{'@type': 'OpeningHoursSpecification', 'dayOfWeek': ['Sunday', 'Monday', 'Tuesday', 'Wednesday', 'Thursday'], 'opens': '10:30', 'closes': '20:0'}, {'@type': 'OpeningHoursSpecification', 'dayOfWeek': ['Sunday', 'Monday', 'Tuesday', 'Wednesday', 'Thursday'], 'opens': '7:30', 'closes': '20:0'}, {'@type': 'OpeningHoursSpecification', 'dayOfWeek': ['Friday', 'Saturday'], 'opens': '10:30', 'closes': '21:0'}, {'@type': 'OpeningHoursSpecification', 'dayOfWeek': ['Friday', 'Saturday'], 'opens': '7:30', 'closes': '21:0'}]","{'@type': 'PostalAddress', 'addressLocality': 'Medford', 'addressRegion': 'OR', 'postalCode': '97501', 'addressCountry': 'US', 'streetAddress': '1445 Center Drive'}","{'@type': 'GeoCoordinates', 'latitude': 42.3099537, 'longitude': -122.8508231}","{'@type': 'AggregateRating', 'ratingValue': 4.5, 'reviewCount': '37'}"
Carl's Jr. (3060 Crater Lake Hwy),https://www.ubereats.com/eugene/food-delivery/carls-jr-3060-crater-lake-hwy/JnQkdazQRTuwrrP_FTTb_g,white-city-oregon,"['Fast Food', 'Burgers', 'Salads', 'Burritos', 'American']",,,$,42.3612701,-122.8574779,+15417735278,97504,3060 Crater Lake Hwy,Medford,OR,"[{'@type': 'OpeningHoursSpecification', 'dayOfWeek': ['Monday', 'Tuesday', 'Wednesday', 'Thursday', 'Friday', 'Saturday'], 'opens': '6:30', 'closes': '10:0'}, {'@type': 'OpeningHoursSpecification', 'dayOfWeek': ['Monday', 'Tuesday', 'Wednesday', 'Thursday', 'Friday', 'Saturday'], 'opens': '10:0', 'closes': '15:30'}]","{'@type': 'PostalAddress', 'addressLocality': 'Medford', 'addressRegion': 'OR', 'postalCode': '97504', 'addressCountry': 'US', 'streetAddress': '3060 Crater Lake Hwy'}","{'@type': 'GeoCoordinates', 'latitude': 42.3612701, 'longitude': -122.8574779}",{}
Black Bear Diner (1150 E. Barnett Road),https://www.ubereats.com/eugene/food-delivery/black-bear-diner-1150-e-barnett-road/8Ty9y0zIQ4WyIDT0Je2u_g,white-city-oregon,"['American', 'Burgers', 'Comfort Food', 'Breakfast and Brunch', 'Diner', 'Sandwich', 'Salads', 'Pasta', 'Kids Friendly', 'Desserts', 'Coffee and Tea']",4.2,76,$$,42.31538820000001,-122.8505898,+15417734060,97504,1150 E. Barnett Road,Medford,OR,"[{'@type': 'OpeningHoursSpecification', 'dayOfWeek': ['Monday', 'Tuesday', 'Wednesday', 'Thursday', 'Friday', 'Saturday', 'Sunday'], 'opens': '7:0', 'closes': '20:0'}]","{'@type': 'PostalAddress', 'addressLocality': 'Medford', 'addressRegion': 'OR', 'postalCode': '97504', 'addressCountry': 'US', 'streetAddress': '1150 E. Barnett Road'}","{'@type': 'GeoCoordinates', 'latitude': 42.31538820000001, 'longitude': -122.8505898}","{'@type': 'AggregateRating', 'ratingValue': 4.2, 'reviewCount': '76'}"
Muchas Gracias Mexican Food (2305 W Main St),https://www.ubereats.com/eugene/food-delivery/muchas-gracias-mexican-food-2305-w-main-st/Dj7SB0JAQGuCTzKE7NxCbw,white-city-oregon,"['Mexican', 'Latin American', 'New Mexican']",4.2,97,$,42.323413,-122.8999515,+15417720123,97501,2305 W Main St,Medford,OR,"[{'@type': 'OpeningHoursSpecification', 'dayOfWeek': ['Monday', 'Tuesday', 'Wednesday', 'Thursday', 'Friday', 'Saturday', 'Sunday'], 'opens': '7:0', 'closes': '22:0'}]","{'@type': 'PostalAddress', 'addressLocality': 'Medford', 'addressRegion': 'OR', 'postalCode': '97501', 'addressCountry': 'US', 'streetAddress': '2305 W Main St'}","{'@type': 'GeoCoordinates', 'latitude': 42.323413, 'longitude': -122.8999515}","{'@type': 'AggregateRating', 'ratingValue': 4.2, 'reviewCount': '97'}"
Starbucks (Hwy 62 & Delta Waters - Medfor),https://www.ubereats.com/eugene/food-delivery/starbucks-hwy-62-%26-delta-waters-medfor/56EWSwB-QoK7C2DDt2W8Ow,white-city-oregon,"['Bakery', 'Breakfast and Brunch', 'Cafe', 'Coffee & Tea']",4.4,11,$,42.360128,-122.860992,+15417735746,97504,1730 Delta Waters Rd 102,Medford,OR,"[{'@type': 'OpeningHoursSpecification', 'dayOfWeek': 'Sunday', 'opens': '5:30', 'closes': '20:0'}, {'@type': 'OpeningHoursSpecification', 'dayOfWeek': ['Monday', 'Tuesday', 'Wednesday', 'Thursday'], 'opens': '5:0', 'closes': '20:30'}, {'@type': 'OpeningHoursSpecification', 'dayOfWeek': ['Friday', 'Saturday'], 'opens': '5:0', 'closes': '21:0'}]","{'@type': 'PostalAddress', 'addressLocality': 'Medford', 'addressRegion': 'OR', 'postalCode': '97504', 'addressCountry': 'US', 'streetAddress': '1730 Delta Waters Rd 102'}","{'@type': 'GeoCoordinates', 'latitude': 42.360128, 'longitude': -122.860992}","{'@type': 'AggregateRating', 'ratingValue': 4.4, 'reviewCount': '11'}"
McDonald's (3611 CRATER LAKE HWY),https://www.ubereats.com/eugene/food-delivery/mcdonalds-3611-crater-lake-hwy/1HnWpfRRRMWjEkftQQ7cIA,white-city-oregon,"['American', 'Burgers', 'Fast Food']",4.8,10,$,42.36631,-122.856592,+15418572904,97504,3611 CRATER LAKE HWY,MEDFORD,OR,"[{'@type': 'OpeningHoursSpecification', 'dayOfWeek': 'Sunday', 'opens': '6:30', 'closes': '10:59'}, {'@type': 'OpeningHoursSpecification', 'dayOfWeek': 'Sunday', 'opens': '11:0', 'closes': '16:59'}, {'@type': 'OpeningHoursSpecification', 'dayOfWeek': 'Sunday', 'opens': '17:0', 'closes': '21:15'}, {'@type': 'OpeningHoursSpecification', 'dayOfWeek': ['Monday', 'Tuesday', 'Wednesday', 'Thursday', 'Friday', 'Saturday'], 'opens': '6:30', 'closes': '10:29'}, {'@type': 'OpeningHoursSpecification', 'dayOfWeek': ['Monday', 'Tuesday', 'Wednesday', 'Thursday', 'Friday', 'Saturday'], 'opens': '10:30', 'closes': '16:59'}, {'@type': 'OpeningHoursSpecification', 'dayOfWeek': ['Monday', 'Tuesday', 'Wednesday', 'Thursday', 'Friday', 'Saturday'], 'opens': '17:0', 'closes': '21:15'}]","{'@type': 'PostalAddress', 'addressLocality': 'MEDFORD', 'addressRegion': 'OR', 'postalCode': '97504', 'addressCountry': 'US', 'streetAddress': '3611 CRATER LAKE HWY'}","{'@type': 'GeoCoordinates', 'latitude': 42.36631, 'longitude': -122.856592}","{'@type': 'AggregateRating', 'ratingValue': 4.8, 'reviewCount': '10'}"
McDonald's (7421 CRATER LAKE HWY),https://www.ubereats.com/eugene/food-delivery/mcdonalds-7421-crater-lake-hwy/UG2HDxg2Rl6lOIh-5SslkA,white-city-oregon,"['American', 'Burgers', 'Fast Food']",4.2,21,$,42.424522,-122.851685,+15418266669,97503,7421 CRATER LAKE HWY,WHITE CITY,OR,"[{'@type': 'OpeningHoursSpecification', 'dayOfWeek': 'Sunday', 'opens': '5:30', 'closes': '10:59'}, {'@type': 'OpeningHoursSpecification', 'dayOfWeek': 'Sunday', 'opens': '11:0', 'closes': '16:59'}, {'@type': 'OpeningHoursSpecification', 'dayOfWeek': 'Sunday', 'opens': '17:0', 'closes': '22:15'}, {'@type': 'OpeningHoursSpecification', 'dayOfWeek': ['Monday', 'Tuesday', 'Wednesday', 'Thursday'], 'opens': '5:30', 'closes': '10:29'}, {'@type': 'OpeningHoursSpecification', 'dayOfWeek': ['Monday', 'Tuesday', 'Wednesday', 'Thursday'], 'opens': '10:30', 'closes': '16:59'}, {'@type': 'OpeningHoursSpecification', 'dayOfWeek': ['Monday', 'Tuesday', 'Wednesday', 'Thursday'], 'opens': '17:0', 'closes': '22:15'}, {'@type': 'OpeningHoursSpecification', 'dayOfWeek': ['Friday', 'Saturday'], 'opens': '5:30', 'closes': '10:29'}, {'@type': 'OpeningHoursSpecification', 'dayOfWeek': ['Friday', 'Saturday'], 'opens': '10:30', 'closes': '16:59'}, {'@type': 'OpeningHoursSpecification', 'dayOfWeek': ['Friday', 'Saturday'], 'opens': '17:0', 'closes': '23:15'}]","{'@type': 'PostalAddress', 'addressLocality': 'WHITE CITY', 'addressRegion': 'OR', 'postalCode': '97503', 'addressCountry': 'US', 'streetAddress': '7421 CRATER LAKE HWY'}","{'@type': 'GeoCoordinates', 'latitude': 42.424522, 'longitude': -122.851685}","{'@type': 'AggregateRating', 'ratingValue': 4.2, 'reviewCount': '21'}"
Starbucks (Crater Lake & Pacific Hwy - Me),https://www.ubereats.com/eugene/food-delivery/starbucks-crater-lake-%26-pacific-hwy-me/bTthmHeASjioj1NAOS9DYg,white-city-oregon,"['Bakery', 'Breakfast and Brunch', 'Cafe', 'Coffee & Tea']",4.6,100,$,42.345331,-122.8824611,+15416303901,97501,42 Rossanley Dr,Medford,OR,"[{'@type': 'OpeningHoursSpecification', 'dayOfWeek': 'Sunday', 'opens': '5:30', 'closes': '20:0'}, {'@type': 'OpeningHoursSpecification', 'dayOfWeek': ['Monday', 'Tuesday', 'Wednesday', 'Thursday', 'Friday'], 'opens': '5:0', 'closes': '21:0'}, {'@type': 'OpeningHoursSpecification', 'dayOfWeek': 'Saturday', 'opens': '5:30', 'closes': '21:0'}]","{'@type': 'PostalAddress', 'addressLocality': 'Medford', 'addressRegion': 'OR', 'postalCode': '97501', 'addressCountry': 'US', 'streetAddress': '42 Rossanley Dr'}","{'@type': 'GeoCoordinates', 'latitude': 42.345331, 'longitude': -122.8824611}","{'@type': 'AggregateRating', 'ratingValue': 4.6, 'reviewCount': '100'}"
Hidden Door Cafe,https://www.ubereats.com/eugene/food-delivery/hidden-door-cafe/DWeDRcqaR1eXTQBilV0rUQ,white-city-oregon,"['Mediterranean', 'Greek', 'Vegetarian']",4.8,10,$,42.3393557,-122.8770686,+15412037711,97501,1263 N Riverside Ave,Medford,OR,"[{'@type': 'OpeningHoursSpecification', 'dayOfWeek': 'Sunday', 'opens': '11:0', 'closes': '18:30'}, {'@type': 'OpeningHoursSpecification', 'dayOfWeek': ['Monday', 'Tuesday', 'Wednesday', 'Thursday', 'Friday', 'Saturday'], 'opens': '11:0', 'closes': '17:15'}, {'@type': 'OpeningHoursSpecification', 'dayOfWeek': ['Monday', 'Tuesday', 'Wednesday', 'Thursday', 'Friday', 'Saturday'], 'opens': '11:0', 'closes': '18:30'}]","{'@type': 'PostalAddress', 'addressLocality': 'Medford', 'addressRegion': 'OR', 'postalCode': '97501', 'addressCountry': 'US', 'streetAddress': '1263 N Riverside Ave'}","{'@type': 'GeoCoordinates', 'latitude': 42.3393557, 'longitude': -122.8770686}","{'@type': 'AggregateRating', 'ratingValue': 4.8, 'reviewCount': '10'}"
Real taste of india,https://www.ubereats.com/eugene/food-delivery/real-taste-of-india/nzFqW9D1SNWNVy2wpY8Ppw,white-city-oregon,"['Indian', 'Vegetarian', 'Asian']",4.5,48,$,42.3270175,-122.8727976,+14582259672,97501,35 N Central Ave,Medford,OR,"[{'@type': 'OpeningHoursSpecification', 'dayOfWeek': 'Sunday', 'opens': '11:0', 'closes': '21:50'}, {'@type': 'OpeningHoursSpecification', 'dayOfWeek': ['Tuesday', 'Wednesday', 'Thursday', 'Friday', 'Saturday'], 'opens': '11:0', 'closes': '21:50'}]","{'@type': 'PostalAddress', 'addressLocality': 'Medford', 'addressRegion': 'OR', 'postalCode': '97501', 'addressCountry': 'US', 'streetAddress': '35 N Central Ave'}","{'@type': 'GeoCoordinates', 'latitude': 42.3270175, 'longitude': -122.8727976}","{'@type': 'AggregateRating', 'ratingValue': 4.5, 'reviewCount': '48'}"
,https://www.ubereats.com/eugene/food-delivery/figaros-pizza-2287-w-main-street/XsF5XWwYSTSKtHEeqpv6xg,white-city-oregon,,,,,,,,,,,,,,,
,https://www.ubereats.com/eugene/food-delivery/india-palace-restaurant/gU-sCLugS8qKTLfB232usQ,white-city-oregon,,,,,,,,,,,,,,,
