name,url,city,cuisine,avgRating,numReviews,priceRange,latitude,longitude,telephone,postalCode,streetAddress,addressLocality,addressRegion,openingHoursSpecification,addressString,geoString,ratingString
Jersey Mike's Subs (11 Bear Creek Blvd.),https://www.ubereats.com/wilkesbarre-scranton/food-delivery/jersey-mikes-subs-11-bear-creek-blvd/tyaFZ6hDQ5avybmevQna7w,wilkesbarre-pennsylvania,"['Sandwich', 'American']",4.4,67,$,41.2464897,-75.8390383,+15708228600,18702,11 Bear Creek Blvd.,Wilkes-Barre,PA,"[{'@type': 'OpeningHoursSpecification', 'dayOfWeek': ['Monday', 'Tuesday', 'Wednesday', 'Thursday', 'Friday', 'Saturday', 'Sunday'], 'opens': '10:0', 'closes': '20:30'}]","{'@type': 'PostalAddress', 'addressLocality': 'Wilkes-Barre', 'addressRegion': 'PA', 'postalCode': '18702', 'addressCountry': 'US', 'streetAddress': '11 Bear Creek Blvd.'}","{'@type': 'GeoCoordinates', 'latitude': 41.2464897, 'longitude': -75.8390383}","{'@type': 'AggregateRating', 'ratingValue': 4.4, 'reviewCount': '67'}"
KFC (523 Wyoming Avenue),https://www.ubereats.com/wilkesbarre-scranton/food-delivery/kfc-523-wyoming-avenue/xu5MwnNwQI2K61mrlua1-g,wilkesbarre-pennsylvania,"['American', 'Fast Food', 'wings']",4.5,128,$,41.26794129999999,-75.88972559999999,+13133720154,18704,523 Wyoming Avenue,Kingston,PA,"[{'@type': 'OpeningHoursSpecification', 'dayOfWeek': ['Monday', 'Tuesday', 'Wednesday', 'Thursday', 'Friday', 'Saturday', 'Sunday'], 'opens': '10:30', 'closes': '20:30'}]","{'@type': 'PostalAddress', 'addressLocality': 'Kingston', 'addressRegion': 'PA', 'postalCode': '18704', 'addressCountry': 'US', 'streetAddress': '523 Wyoming Avenue'}","{'@type': 'GeoCoordinates', 'latitude': 41.26794129999999, 'longitude': -75.88972559999999}","{'@type': 'AggregateRating', 'ratingValue': 4.5, 'reviewCount': '128'}"
Majestic Lunch,https://www.ubereats.com/wilkesbarre-scranton/food-delivery/majestic-lunch/NG-MnhtMS_60TJdR7DgiMA,wilkesbarre-pennsylvania,"['Traditional American', 'Burgers', 'Sandwich']",4.4,18,$,41.322075,-75.7906306,+15706558888,18640,20 S Main St,Pittston,Pennsylvania,"[{'@type': 'OpeningHoursSpecification', 'dayOfWeek': ['Monday', 'Tuesday', 'Wednesday', 'Thursday', 'Friday', 'Saturday'], 'opens': '9:0', 'closes': '16:30'}]","{'@type': 'PostalAddress', 'addressLocality': 'Pittston', 'addressRegion': 'Pennsylvania', 'postalCode': '18640', 'addressCountry': 'US', 'streetAddress': '20 S Main St'}","{'@type': 'GeoCoordinates', 'latitude': 41.322075, 'longitude': -75.7906306}","{'@type': 'AggregateRating', 'ratingValue': 4.4, 'reviewCount': '18'}"
NEPA moulin rouge lounge,https://www.ubereats.com/wilkesbarre-scranton/food-delivery/nepa-moulin-rouge-lounge/T-o7RPU8Q_GH75Rgoe2vig,wilkesbarre-pennsylvania,"['Soul Food', 'American', 'Burgers']",,,$,41.241148,-75.94837799999999,+15707716679,18651,127 W Main St,Plymouth,PA,"[{'@type': 'OpeningHoursSpecification', 'dayOfWeek': 'Sunday', 'opens': '11:0', 'closes': '22:0'}, {'@type': 'OpeningHoursSpecification', 'dayOfWeek': ['Thursday', 'Friday', 'Saturday'], 'opens': '16:0', 'closes': '23:59'}, {'@type': 'OpeningHoursSpecification', 'dayOfWeek': ['Thursday', 'Friday', 'Saturday'], 'opens': '0:0', 'closes': '2:0'}]","{'@type': 'PostalAddress', 'addressLocality': 'Plymouth', 'addressRegion': 'PA', 'postalCode': '18651', 'addressCountry': 'US', 'streetAddress': '127 W Main St'}","{'@type': 'GeoCoordinates', 'latitude': 41.241148, 'longitude': -75.94837799999999}",{}
Bettelli's Villa,https://www.ubereats.com/wilkesbarre-scranton/food-delivery/bettellis-villa/HWhvEYyAQF2ZbbVANkFiMQ,wilkesbarre-pennsylvania,['Italian'],,,$,41.2513098,-75.84841039999999,+15708243367,18702,560 Kidder St,Wilkes Barre,PA,"[{'@type': 'OpeningHoursSpecification', 'dayOfWeek': 'Tuesday', 'opens': '16:0', 'closes': '22:0'}, {'@type': 'OpeningHoursSpecification', 'dayOfWeek': 'Tuesday', 'opens': '16:0', 'closes': '22:0'}, {'@type': 'OpeningHoursSpecification', 'dayOfWeek': 'Wednesday', 'opens': '11:0', 'closes': '22:0'}, {'@type': 'OpeningHoursSpecification', 'dayOfWeek': 'Wednesday', 'opens': '11:0', 'closes': '22:0'}, {'@type': 'OpeningHoursSpecification', 'dayOfWeek': 'Wednesday', 'opens': '11:0', 'closes': '16:0'}, {'@type': 'OpeningHoursSpecification', 'dayOfWeek': 'Thursday', 'opens': '16:0', 'closes': '22:0'}, {'@type': 'OpeningHoursSpecification', 'dayOfWeek': 'Thursday', 'opens': '16:0', 'closes': '22:0'}, {'@type': 'OpeningHoursSpecification', 'dayOfWeek': 'Friday', 'opens': '11:0', 'closes': '22:0'}, {'@type': 'OpeningHoursSpecification', 'dayOfWeek': 'Friday', 'opens': '11:0', 'closes': '22:0'}, {'@type': 'OpeningHoursSpecification', 'dayOfWeek': 'Friday', 'opens': '11:0', 'closes': '16:0'}]","{'@type': 'PostalAddress', 'addressLocality': 'Wilkes Barre', 'addressRegion': 'PA', 'postalCode': '18702', 'addressCountry': 'US', 'streetAddress': '560 Kidder St'}","{'@type': 'GeoCoordinates', 'latitude': 41.2513098, 'longitude': -75.84841039999999}",{}
Malacari’s Ice Cream,https://www.ubereats.com/wilkesbarre-scranton/food-delivery/malacaris-ice-cream/E1vzq300QQyrgZWq55blNQ,wilkesbarre-pennsylvania,"['Desserts', 'Vegetarian', 'American']",,,$,41.2094475,-75.97269949999999,+15702629291,18706,2300 Sans Souci Pkwy,Wilkes-Barre,PA,"[{'@type': 'OpeningHoursSpecification', 'dayOfWeek': ['Monday', 'Tuesday', 'Wednesday', 'Thursday', 'Friday', 'Saturday', 'Sunday'], 'opens': '12:0', 'closes': '21:0'}]","{'@type': 'PostalAddress', 'addressLocality': 'Wilkes-Barre', 'addressRegion': 'PA', 'postalCode': '18706', 'addressCountry': 'US', 'streetAddress': '2300 Sans Souci Pkwy'}","{'@type': 'GeoCoordinates', 'latitude': 41.2094475, 'longitude': -75.97269949999999}",{}
Sweets by tee,https://www.ubereats.com/wilkesbarre-scranton/food-delivery/sweets-by-tee/xrVEVP_WSEGahy-smyksTA,wilkesbarre-pennsylvania,['Bakery'],,,$$,41.23014570000001,-75.9236926,+15703288143,18706,836 Sans Souci Pkwy,Wilkes-Barre Scranton,PA,"[{'@type': 'OpeningHoursSpecification', 'dayOfWeek': ['Monday', 'Tuesday', 'Wednesday', 'Thursday', 'Friday', 'Saturday'], 'opens': '13:0', 'closes': '19:0'}]","{'@type': 'PostalAddress', 'addressLocality': 'Wilkes-Barre Scranton', 'addressRegion': 'PA', 'postalCode': '18706', 'addressCountry': 'US', 'streetAddress': '836 Sans Souci Pkwy'}","{'@type': 'GeoCoordinates', 'latitude': 41.23014570000001, 'longitude': -75.9236926}",{}
Callahan's Cafe and Coffee House,https://www.ubereats.com/wilkesbarre-scranton/food-delivery/callahans-cafe-and-coffee-house/mJq_9s70TwycUaEIKSVK2Q,wilkesbarre-pennsylvania,"['Cafe', 'Sandwich', 'Salads']",,,$,41.3211029,-75.7919464,+15702995892,,,,,"[{'@type': 'OpeningHoursSpecification', 'dayOfWeek': ['Monday', 'Tuesday', 'Wednesday', 'Thursday', 'Friday'], 'opens': '10:0', 'closes': '14:45'}]",,"{'@type': 'GeoCoordinates', 'latitude': 41.3211029, 'longitude': -75.7919464}",{}
Donut Connection of Exeter,https://www.ubereats.com/wilkesbarre-scranton/food-delivery/donut-connection-of-exeter/MEt6eOZPT_KUVDAJJfJw1w,wilkesbarre-pennsylvania,"['Bakery', 'Sandwich', 'Desserts']",4.5,60,$$,41.31778260000001,-75.82368439999999,+15706559551,,,,,"[{'@type': 'OpeningHoursSpecification', 'dayOfWeek': ['Monday', 'Tuesday', 'Wednesday', 'Thursday', 'Friday', 'Saturday', 'Sunday'], 'opens': '6:30', 'closes': '22:30'}]",,"{'@type': 'GeoCoordinates', 'latitude': 41.31778260000001, 'longitude': -75.82368439999999}","{'@type': 'AggregateRating', 'ratingValue': 4.5, 'reviewCount': '60'}"
Empanada king,https://www.ubereats.com/wilkesbarre-scranton/food-delivery/empanada-king/2OWSUMs4TVqzA26YMeG_Tw,wilkesbarre-pennsylvania,"['Spanish', 'Seafood', 'Mediterranean']",,,$,41.2253237,-75.8776666,+15186106008,18702,103 Casey Ave,Wilkes-Barre Township,PA,"[{'@type': 'OpeningHoursSpecification', 'dayOfWeek': ['Sunday', 'Monday', 'Tuesday', 'Wednesday', 'Thursday'], 'opens': '8:0', 'closes': '21:0'}, {'@type': 'OpeningHoursSpecification', 'dayOfWeek': ['Friday', 'Saturday'], 'opens': '8:0', 'closes': '3:30'}]","{'@type': 'PostalAddress', 'addressLocality': 'Wilkes-Barre Township', 'addressRegion': 'PA', 'postalCode': '18702', 'addressCountry': 'US', 'streetAddress': '103 Casey Ave'}","{'@type': 'GeoCoordinates', 'latitude': 41.2253237, 'longitude': -75.8776666}",{}
KFC (140 Oxford Street),https://www.ubereats.com/wilkesbarre-scranton/food-delivery/kfc-140-oxford-street/7jTGNWwRQuOXCp9cLtupJA,wilkesbarre-pennsylvania,"['American', 'Fast Food', 'wings']",4.2,86,$,41.2334924,-75.9190326,+13133668833,18706,140 Oxford Street,Wilkes Barre,PA,"[{'@type': 'OpeningHoursSpecification', 'dayOfWeek': ['Monday', 'Tuesday', 'Wednesday', 'Thursday', 'Friday', 'Saturday', 'Sunday'], 'opens': '10:30', 'closes': '21:30'}]","{'@type': 'PostalAddress', 'addressLocality': 'Wilkes Barre', 'addressRegion': 'PA', 'postalCode': '18706', 'addressCountry': 'US', 'streetAddress': '140 Oxford Street'}","{'@type': 'GeoCoordinates', 'latitude': 41.2334924, 'longitude': -75.9190326}","{'@type': 'AggregateRating', 'ratingValue': 4.2, 'reviewCount': '86'}"
Marianacci's Restaurant,https://www.ubereats.com/wilkesbarre-scranton/food-delivery/marianaccis-restaurant/bOBVoXGfSzy0dCB0Da55BQ,wilkesbarre-pennsylvania,"['Italian', 'Pasta', 'Comfort Food']",4.4,50,$,41.315058,-75.84136649999999,+15706931778,18644,252 W 8th St,West Wyoming,PA,"[{'@type': 'OpeningHoursSpecification', 'dayOfWeek': ['Monday', 'Tuesday', 'Wednesday', 'Thursday', 'Friday', 'Saturday'], 'opens': '11:0', 'closes': '21:0'}, {'@type': 'OpeningHoursSpecification', 'dayOfWeek': ['Monday', 'Tuesday', 'Wednesday', 'Thursday', 'Friday', 'Saturday'], 'opens': '11:0', 'closes': '21:0'}]","{'@type': 'PostalAddress', 'addressLocality': 'West Wyoming', 'addressRegion': 'PA', 'postalCode': '18644', 'addressCountry': 'US', 'streetAddress': '252 W 8th St'}","{'@type': 'GeoCoordinates', 'latitude': 41.315058, 'longitude': -75.84136649999999}","{'@type': 'AggregateRating', 'ratingValue': 4.4, 'reviewCount': '50'}"
Bar Louie (Poconos),https://www.ubereats.com/wilkesbarre-scranton/food-delivery/bar-louie-poconos/sGSrxo4fRt6yloaaW9KNBQ,wilkesbarre-pennsylvania,"['Burgers', 'American', 'Sandwiches']",,,$$,41.26882999999999,-75.8111308,+15708248820,18702,1280 Highway 315,Wilkes-Barre,PA,"[{'@type': 'OpeningHoursSpecification', 'dayOfWeek': ['Sunday', 'Monday', 'Tuesday', 'Wednesday', 'Thursday'], 'opens': '12:0', 'closes': '22:0'}, {'@type': 'OpeningHoursSpecification', 'dayOfWeek': ['Friday', 'Saturday'], 'opens': '12:0', 'closes': '23:30'}]","{'@type': 'PostalAddress', 'addressLocality': 'Wilkes-Barre', 'addressRegion': 'PA', 'postalCode': '18702', 'addressCountry': 'US', 'streetAddress': '1280 Highway 315'}","{'@type': 'GeoCoordinates', 'latitude': 41.26882999999999, 'longitude': -75.8111308}",{}
Nearme Cafe,https://www.ubereats.com/wilkesbarre-scranton/food-delivery/nearme-cafe/3vrCU8TVQDGJQ2EICDpDgg,wilkesbarre-pennsylvania,"['Breakfast and Brunch', 'Juice and Smoothies', 'Salads', 'Seafood', 'Chicken']",4.9,34,$,41.35488689999999,-75.7297442,+15704713051,18507,700 Main St,Moosic,Pennsylvania,"[{'@type': 'OpeningHoursSpecification', 'dayOfWeek': 'Sunday', 'opens': '10:0', 'closes': '15:0'}, {'@type': 'OpeningHoursSpecification', 'dayOfWeek': ['Monday', 'Tuesday', 'Wednesday', 'Thursday', 'Friday'], 'opens': '10:0', 'closes': '13:0'}, {'@type': 'OpeningHoursSpecification', 'dayOfWeek': 'Saturday', 'opens': '10:0', 'closes': '15:0'}]","{'@type': 'PostalAddress', 'addressLocality': 'Moosic', 'addressRegion': 'Pennsylvania', 'postalCode': '18507', 'addressCountry': 'US', 'streetAddress': '700 Main St'}","{'@type': 'GeoCoordinates', 'latitude': 41.35488689999999, 'longitude': -75.7297442}","{'@type': 'AggregateRating', 'ratingValue': 4.9, 'reviewCount': '34'}"
Riverside Cafe,https://www.ubereats.com/wilkesbarre-scranton/food-delivery/riverside-cafe/RXjNZOlXR7-_ES9jPZJG5A,wilkesbarre-pennsylvania,"['Cafe', 'Sandwich', 'Pizza']",,,$,41.2428247,-75.9067869,+15708296523,18702,187 Old River Rd,Wilkes Barre,PA,"[{'@type': 'OpeningHoursSpecification', 'dayOfWeek': ['Monday', 'Tuesday', 'Wednesday', 'Thursday', 'Friday', 'Saturday', 'Sunday'], 'opens': '15:0', 'closes': '22:0'}]","{'@type': 'PostalAddress', 'addressLocality': 'Wilkes Barre', 'addressRegion': 'PA', 'postalCode': '18702', 'addressCountry': 'US', 'streetAddress': '187 Old River Rd'}","{'@type': 'GeoCoordinates', 'latitude': 41.2428247, 'longitude': -75.9067869}",{}
Chuck E. Cheese (2120 Wilkes Barre Mktplce),https://www.ubereats.com/wilkesbarre-scranton/food-delivery/chuck-e-cheese-2120-wilkes-barre-mktplce/LjY_kdXlSIWzwzTLFbKLCQ,wilkesbarre-pennsylvania,['Pizza'],,,$,41.2389403,-75.8564852,+15708212732,18702,2120,Wilkes Barre,PA,"[{'@type': 'OpeningHoursSpecification', 'dayOfWeek': ['Monday', 'Tuesday', 'Wednesday', 'Thursday', 'Friday', 'Saturday', 'Sunday'], 'opens': '11:0', 'closes': '20:0'}]","{'@type': 'PostalAddress', 'addressLocality': 'Wilkes Barre', 'addressRegion': 'PA', 'postalCode': '18702', 'addressCountry': 'US', 'streetAddress': '2120'}","{'@type': 'GeoCoordinates', 'latitude': 41.2389403, 'longitude': -75.8564852}",{}
Wiener World,https://www.ubereats.com/wilkesbarre-scranton/food-delivery/wiener-world/M5oZz-wJShK5YWjxDguSFg,wilkesbarre-pennsylvania,"['Burgers', 'American', 'Sandwiches']",,,$,41.3311522,-75.7997,+15706543647,18643,412 Luzerne Ave,Pittston,PA,"[{'@type': 'OpeningHoursSpecification', 'dayOfWeek': ['Tuesday', 'Wednesday', 'Thursday', 'Friday'], 'opens': '10:30', 'closes': '18:30'}, {'@type': 'OpeningHoursSpecification', 'dayOfWeek': 'Saturday', 'opens': '10:30', 'closes': '16:0'}]","{'@type': 'PostalAddress', 'addressLocality': 'Pittston', 'addressRegion': 'PA', 'postalCode': '18643', 'addressCountry': 'US', 'streetAddress': '412 Luzerne Ave'}","{'@type': 'GeoCoordinates', 'latitude': 41.3311522, 'longitude': -75.7997}",{}
Booyah Burgers ,https://www.ubereats.com/wilkesbarre-scranton/food-delivery/booyah-burgers/gMyRyoiaQja72QIIwJgmIg,wilkesbarre-pennsylvania,"['Fast Food', 'Burgers']",,,$,41.3005739,-75.8570311,+15703382814,18644,2022,Wyoming,Pennsylvania,"[{'@type': 'OpeningHoursSpecification', 'dayOfWeek': ['Monday', 'Tuesday', 'Wednesday', 'Thursday', 'Friday', 'Saturday', 'Sunday'], 'opens': '11:0', 'closes': '21:0'}]","{'@type': 'PostalAddress', 'addressLocality': 'Wyoming', 'addressRegion': 'Pennsylvania', 'postalCode': '18644', 'addressCountry': 'US', 'streetAddress': '2022'}","{'@type': 'GeoCoordinates', 'latitude': 41.3005739, 'longitude': -75.8570311}",{}
Five Guys PA-1715 280 Mundy St,https://www.ubereats.com/wilkesbarre-scranton/food-delivery/five-guys-pa-1715-280-mundy-st/m7KhvNr2QkWQhsYUocXl2g,wilkesbarre-pennsylvania,"['American', 'Burgers', 'Sandwich']",4.6,99,$,41.2434957,-75.8429099,+15702704392,18702,280 Mundy St.,Wilkes-Barre,PA,"[{'@type': 'OpeningHoursSpecification', 'dayOfWeek': ['Monday', 'Tuesday', 'Wednesday', 'Thursday', 'Friday', 'Saturday', 'Sunday'], 'opens': '11:0', 'closes': '21:45'}]","{'@type': 'PostalAddress', 'addressLocality': 'Wilkes-Barre', 'addressRegion': 'PA', 'postalCode': '18702', 'addressCountry': 'US', 'streetAddress': '280 Mundy St.'}","{'@type': 'GeoCoordinates', 'latitude': 41.2434957, 'longitude': -75.8429099}","{'@type': 'AggregateRating', 'ratingValue': 4.6, 'reviewCount': '99'}"
The Avenue Restaurant,https://www.ubereats.com/wilkesbarre-scranton/food-delivery/the-avenue-restaurant/iuSrAFXSQFW9pvqG_LmV4A,wilkesbarre-pennsylvania,"['Breakfast and Brunch', 'Traditional American', 'Burgers', 'Sandwich', 'Salads', 'Pasta']",,,$$,41.31613400000001,-75.83092549999999,+15706131124,,,,,"[{'@type': 'OpeningHoursSpecification', 'dayOfWeek': 'Sunday', 'opens': '7:0', 'closes': '13:0'}, {'@type': 'OpeningHoursSpecification', 'dayOfWeek': 'Sunday', 'opens': '12:0', 'closes': '20:30'}, {'@type': 'OpeningHoursSpecification', 'dayOfWeek': ['Monday', 'Tuesday', 'Wednesday', 'Thursday', 'Friday', 'Saturday'], 'opens': '7:0', 'closes': '13:0'}, {'@type': 'OpeningHoursSpecification', 'dayOfWeek': ['Monday', 'Tuesday', 'Wednesday', 'Thursday', 'Friday', 'Saturday'], 'opens': '10:0', 'closes': '15:30'}, {'@type': 'OpeningHoursSpecification', 'dayOfWeek': ['Monday', 'Tuesday', 'Wednesday', 'Thursday', 'Friday', 'Saturday'], 'opens': '16:0', 'closes': '21:30'}]",,"{'@type': 'GeoCoordinates', 'latitude': 41.31613400000001, 'longitude': -75.83092549999999}",{}
We Cater 2 U,https://www.ubereats.com/wilkesbarre-scranton/food-delivery/we-cater-2-u/5zVN4CRrQAmiVbfbnnX7hQ,wilkesbarre-pennsylvania,"['Soul Food', 'American', 'Burgers']",,,$,41.2661958,-75.9068903,+15707635620,18704,557 Main St,Edwardsville,PA,"[{'@type': 'OpeningHoursSpecification', 'dayOfWeek': 'Sunday', 'opens': '15:0', 'closes': '22:0'}, {'@type': 'OpeningHoursSpecification', 'dayOfWeek': ['Wednesday', 'Thursday', 'Friday', 'Saturday'], 'opens': '15:0', 'closes': '22:0'}]","{'@type': 'PostalAddress', 'addressLocality': 'Edwardsville', 'addressRegion': 'PA', 'postalCode': '18704', 'addressCountry': 'US', 'streetAddress': '557 Main St'}","{'@type': 'GeoCoordinates', 'latitude': 41.2661958, 'longitude': -75.9068903}",{}
Dunkin' (3168 Memorial Hwy),https://www.ubereats.com/wilkesbarre-scranton/food-delivery/dunkin-3168-memorial-hwy/9dokeW5xQoC2bOEMjtywXw,wilkesbarre-pennsylvania,"['Breakfast and Brunch', 'Donuts']",,,$,41.3315571,-75.9551463,+15706749803,18612,3168 Memorial Hwy,Dallas,PA,"[{'@type': 'OpeningHoursSpecification', 'dayOfWeek': ['Monday', 'Tuesday', 'Wednesday', 'Thursday', 'Friday', 'Saturday', 'Sunday'], 'opens': '5:30', 'closes': '18:30'}]","{'@type': 'PostalAddress', 'addressLocality': 'Dallas', 'addressRegion': 'PA', 'postalCode': '18612', 'addressCountry': 'US', 'streetAddress': '3168 Memorial Hwy'}","{'@type': 'GeoCoordinates', 'latitude': 41.3315571, 'longitude': -75.9551463}",{}
The Cafe: An American Bistro,https://www.ubereats.com/wilkesbarre-scranton/food-delivery/the-cafe%3A-an-american-bistro/REr-RubST8aQgVkPiy2rCA,wilkesbarre-pennsylvania,['American'],,,$$,41.257022156440755,-75.82344198663246,+15708215900,,,,,"[{'@type': 'OpeningHoursSpecification', 'dayOfWeek': 'Monday', 'opens': '10:0', 'closes': '18:0'}, {'@type': 'OpeningHoursSpecification', 'dayOfWeek': 'Monday', 'opens': '9:0', 'closes': '18:0'}, {'@type': 'OpeningHoursSpecification', 'dayOfWeek': 'Monday', 'opens': '9:0', 'closes': '15:45'}, {'@type': 'OpeningHoursSpecification', 'dayOfWeek': 'Tuesday', 'opens': '10:0', 'closes': '18:0'}, {'@type': 'OpeningHoursSpecification', 'dayOfWeek': 'Tuesday', 'opens': '9:0', 'closes': '21:0'}, {'@type': 'OpeningHoursSpecification', 'dayOfWeek': 'Tuesday', 'opens': '17:0', 'closes': '21:0'}, {'@type': 'OpeningHoursSpecification', 'dayOfWeek': ['Wednesday', 'Thursday', 'Friday'], 'opens': '10:0', 'closes': '18:0'}, {'@type': 'OpeningHoursSpecification', 'dayOfWeek': ['Wednesday', 'Thursday', 'Friday'], 'opens': '17:0', 'closes': '22:0'}, {'@type': 'OpeningHoursSpecification', 'dayOfWeek': 'Saturday', 'opens': '10:0', 'closes': '18:0'}, {'@type': 'OpeningHoursSpecification', 'dayOfWeek': 'Saturday', 'opens': '9:0', 'closes': '22:0'}]",,"{'@type': 'GeoCoordinates', 'latitude': 41.257022156440755, 'longitude': -75.82344198663246}",{}
Kingston Pizza,https://www.ubereats.com/wilkesbarre-scranton/food-delivery/kingston-pizza/1I_7zfNZRvKG7o0b-YBGhQ,wilkesbarre-pennsylvania,"['Kosher', 'Healthy', 'American']",,,$,41.2543196,-75.8889315,+13477701235,18704,17 2nd Ave,Kingston,PA,"[{'@type': 'OpeningHoursSpecification', 'dayOfWeek': 'Sunday', 'opens': '9:0', 'closes': '20:0'}, {'@type': 'OpeningHoursSpecification', 'dayOfWeek': ['Monday', 'Tuesday', 'Wednesday', 'Thursday'], 'opens': '9:0', 'closes': '19:0'}]","{'@type': 'PostalAddress', 'addressLocality': 'Kingston', 'addressRegion': 'PA', 'postalCode': '18704', 'addressCountry': 'US', 'streetAddress': '17 2nd Ave'}","{'@type': 'GeoCoordinates', 'latitude': 41.2543196, 'longitude': -75.8889315}",{}
Outback Steakhouse (547 Arena Hub Plaza),https://www.ubereats.com/wilkesbarre-scranton/food-delivery/outback-steakhouse-547-arena-hub-plaza/nL4Ufe6DRlaaIgyYMPgYqA,wilkesbarre-pennsylvania,"['Burgers', 'American', 'Sandwiches', 'Steak', 'Seafood', 'Salads', 'BBQ']",4.4,166,$,41.2430315,-75.8395053,+15708237731,18702,547 Arena Hub Plaza,Wilkes-Barre,PA,"[{'@type': 'OpeningHoursSpecification', 'dayOfWeek': ['Sunday', 'Monday', 'Tuesday', 'Wednesday', 'Thursday'], 'opens': '11:0', 'closes': '20:30'}, {'@type': 'OpeningHoursSpecification', 'dayOfWeek': ['Friday', 'Saturday'], 'opens': '11:0', 'closes': '21:30'}]","{'@type': 'PostalAddress', 'addressLocality': 'Wilkes-Barre', 'addressRegion': 'PA', 'postalCode': '18702', 'addressCountry': 'US', 'streetAddress': '547 Arena Hub Plaza'}","{'@type': 'GeoCoordinates', 'latitude': 41.2430315, 'longitude': -75.8395053}","{'@type': 'AggregateRating', 'ratingValue': 4.4, 'reviewCount': '166'}"
Wiener World,https://www.ubereats.com/wilkesbarre-scranton/food-delivery/wiener-world/zJaWiIU_TRmNt5HMT8aYuQ,wilkesbarre-pennsylvania,"['Burgers', 'American', 'Sandwiches']",,,$,41.3311522,-75.7997,+15706543647,18643,412 Luzerne Ave,Pittston,PA,"[{'@type': 'OpeningHoursSpecification', 'dayOfWeek': ['Tuesday', 'Wednesday', 'Thursday', 'Friday'], 'opens': '10:30', 'closes': '18:30'}, {'@type': 'OpeningHoursSpecification', 'dayOfWeek': 'Saturday', 'opens': '10:30', 'closes': '16:0'}]","{'@type': 'PostalAddress', 'addressLocality': 'Pittston', 'addressRegion': 'PA', 'postalCode': '18643', 'addressCountry': 'US', 'streetAddress': '412 Luzerne Ave'}","{'@type': 'GeoCoordinates', 'latitude': 41.3311522, 'longitude': -75.7997}",{}
The Burger Experience (265 Mundy Street),https://www.ubereats.com/wilkesbarre-scranton/food-delivery/the-burger-experience-265-mundy-street/Vfy2xhVlSR-3wdqtRdDHlg,wilkesbarre-pennsylvania,"['Burgers', 'American', 'Sandwiches']",,,$,41.2425879,-75.8434853,+15708252928,18702,265 Mundy Street,Wilkes-Barre,PA,"[{'@type': 'OpeningHoursSpecification', 'dayOfWeek': ['Monday', 'Tuesday', 'Wednesday', 'Thursday', 'Friday', 'Saturday', 'Sunday'], 'opens': '11:0', 'closes': '1:0'}]","{'@type': 'PostalAddress', 'addressLocality': 'Wilkes-Barre', 'addressRegion': 'PA', 'postalCode': '18702', 'addressCountry': 'US', 'streetAddress': '265 Mundy Street'}","{'@type': 'GeoCoordinates', 'latitude': 41.2425879, 'longitude': -75.8434853}",{}
Austie's,https://www.ubereats.com/wilkesbarre-scranton/food-delivery/austies/LGCaTG83SvmMR-P5trIjCA,wilkesbarre-pennsylvania,['Breakfast and Brunch'],4.4,27,$$,41.20989369999999,-75.9746979,+15707355500,,,,,"[{'@type': 'OpeningHoursSpecification', 'dayOfWeek': ['Monday', 'Tuesday', 'Wednesday', 'Thursday', 'Friday', 'Saturday', 'Sunday'], 'opens': '5:0', 'closes': '14:0'}, {'@type': 'OpeningHoursSpecification', 'dayOfWeek': ['Monday', 'Tuesday', 'Wednesday', 'Thursday', 'Friday', 'Saturday', 'Sunday'], 'opens': '5:30', 'closes': '14:0'}, {'@type': 'OpeningHoursSpecification', 'dayOfWeek': ['Monday', 'Tuesday', 'Wednesday', 'Thursday', 'Friday', 'Saturday', 'Sunday'], 'opens': '5:30', 'closes': '14:0'}]",,"{'@type': 'GeoCoordinates', 'latitude': 41.20989369999999, 'longitude': -75.9746979}","{'@type': 'AggregateRating', 'ratingValue': 4.4, 'reviewCount': '27'}"
IHOP (770 Kidder St),https://www.ubereats.com/wilkesbarre-scranton/food-delivery/ihop-770-kidder-st/egTP1IIYSHqopO9SVwuAyQ,wilkesbarre-pennsylvania,"['American', 'Breakfast and Brunch', 'burger', 'Comfort Food', 'Dinner', 'Omelette', 'salad', 'Traditional American']",4.2,41,$,41.2506201,-75.8431141,+15708464861,18702,770 Kidder St,Wilkes Barre,PA,"[{'@type': 'OpeningHoursSpecification', 'dayOfWeek': ['Monday', 'Tuesday', 'Wednesday', 'Thursday', 'Friday', 'Saturday', 'Sunday'], 'opens': '7:0', 'closes': '18:30'}]","{'@type': 'PostalAddress', 'addressLocality': 'Wilkes Barre', 'addressRegion': 'PA', 'postalCode': '18702', 'addressCountry': 'US', 'streetAddress': '770 Kidder St'}","{'@type': 'GeoCoordinates', 'latitude': 41.2506201, 'longitude': -75.8431141}","{'@type': 'AggregateRating', 'ratingValue': 4.2, 'reviewCount': '41'}"
Subway (286 S River St),https://www.ubereats.com/wilkesbarre-scranton/food-delivery/subway-286-s-river-st/4iAWineSRRK54-MCQajHfA,wilkesbarre-pennsylvania,"['Fast Food', 'Sandwich', 'American']",,,$,41.2690915,-75.8630762,+15702084782,18705,286 S River St,Plains,PA,"[{'@type': 'OpeningHoursSpecification', 'dayOfWeek': ['Monday', 'Tuesday', 'Wednesday', 'Thursday', 'Friday', 'Saturday', 'Sunday'], 'opens': '10:0', 'closes': '20:30'}]","{'@type': 'PostalAddress', 'addressLocality': 'Plains', 'addressRegion': 'PA', 'postalCode': '18705', 'addressCountry': 'US', 'streetAddress': '286 S River St'}","{'@type': 'GeoCoordinates', 'latitude': 41.2690915, 'longitude': -75.8630762}",{}
Uncle Joe's Pizza and Subs,https://www.ubereats.com/wilkesbarre-scranton/food-delivery/uncle-joes-pizza-and-subs/F0otE2fhQ4G5MpgJSUnZ9w,wilkesbarre-pennsylvania,"['Pizza', 'Italian']",4.2,31,$,41.31368459999999,-75.75738539999999,+15702997811,18643,320 PA-315,Pittston,PA,"[{'@type': 'OpeningHoursSpecification', 'dayOfWeek': 'Sunday', 'opens': '11:0', 'closes': '20:0'}, {'@type': 'OpeningHoursSpecification', 'dayOfWeek': ['Monday', 'Tuesday', 'Wednesday', 'Thursday', 'Friday', 'Saturday'], 'opens': '10:30', 'closes': '20:0'}]","{'@type': 'PostalAddress', 'addressLocality': 'Pittston', 'addressRegion': 'PA', 'postalCode': '18643', 'addressCountry': 'US', 'streetAddress': '320 PA-315'}","{'@type': 'GeoCoordinates', 'latitude': 41.31368459999999, 'longitude': -75.75738539999999}","{'@type': 'AggregateRating', 'ratingValue': 4.2, 'reviewCount': '31'}"
Chick-fil-A  (110 Schechter Dr),https://www.ubereats.com/wilkesbarre-scranton/food-delivery/chick-fil-a-110-schechter-dr/a49hNKaNSfixEkuEg5mY8A,wilkesbarre-pennsylvania,"['American', 'Fried Chicken']",4.4,100,$,41.2358532,-75.8568904,+15708227400,18702,110 Schechter Dr,Wilkes Barre,PA,"[{'@type': 'OpeningHoursSpecification', 'dayOfWeek': ['Monday', 'Tuesday', 'Wednesday', 'Thursday', 'Friday', 'Saturday'], 'opens': '8:30', 'closes': '10:0'}, {'@type': 'OpeningHoursSpecification', 'dayOfWeek': ['Monday', 'Tuesday', 'Wednesday', 'Thursday', 'Friday', 'Saturday'], 'opens': '10:0', 'closes': '20:30'}]","{'@type': 'PostalAddress', 'addressLocality': 'Wilkes Barre', 'addressRegion': 'PA', 'postalCode': '18702', 'addressCountry': 'US', 'streetAddress': '110 Schechter Dr'}","{'@type': 'GeoCoordinates', 'latitude': 41.2358532, 'longitude': -75.8568904}","{'@type': 'AggregateRating', 'ratingValue': 4.4, 'reviewCount': '100'}"
Dunkin' (1318 Wyoming Ave),https://www.ubereats.com/wilkesbarre-scranton/food-delivery/dunkin-1318-wyoming-ave/clR8eAf3S1OYeVUt4ReAUA,wilkesbarre-pennsylvania,"['Breakfast and Brunch', 'Donuts']",4.4,94,$,41.28607279999999,-75.8732069,+15707144449,18704,1318 Wyoming Ave,Kingston,PA,"[{'@type': 'OpeningHoursSpecification', 'dayOfWeek': ['Monday', 'Tuesday', 'Wednesday', 'Thursday', 'Friday', 'Saturday', 'Sunday'], 'opens': '5:30', 'closes': '18:30'}]","{'@type': 'PostalAddress', 'addressLocality': 'Kingston', 'addressRegion': 'PA', 'postalCode': '18704', 'addressCountry': 'US', 'streetAddress': '1318 Wyoming Ave'}","{'@type': 'GeoCoordinates', 'latitude': 41.28607279999999, 'longitude': -75.8732069}","{'@type': 'AggregateRating', 'ratingValue': 4.4, 'reviewCount': '94'}"
Buffalo Wild Wings (119 Bear Crk Blvd),https://www.ubereats.com/wilkesbarre-scranton/food-delivery/buffalo-wild-wings-119-bear-crk-blvd/BryyzVqDS0SCL3LJLgV9EA,wilkesbarre-pennsylvania,"['wings', 'Chicken', 'American']",4.4,39,$$,41.2466721,-75.8361465,+15708207139,18702-7804,119 Bear Crk Blvd,Wilkes Barre,PA,"[{'@type': 'OpeningHoursSpecification', 'dayOfWeek': ['Monday', 'Tuesday', 'Wednesday', 'Thursday', 'Friday', 'Saturday', 'Sunday'], 'opens': '11:0', 'closes': '21:0'}]","{'@type': 'PostalAddress', 'addressLocality': 'Wilkes Barre', 'addressRegion': 'PA', 'postalCode': '18702-7804', 'addressCountry': 'US', 'streetAddress': '119 Bear Crk Blvd'}","{'@type': 'GeoCoordinates', 'latitude': 41.2466721, 'longitude': -75.8361465}","{'@type': 'AggregateRating', 'ratingValue': 4.4, 'reviewCount': '39'}"
Popeyes (440 Wilkes Barre Township Blvd),https://www.ubereats.com/wilkesbarre-scranton/food-delivery/popeyes-440-wilkes-barre-township-blvd/5Hj41oSYTJSl_XL7qwZ45w,wilkesbarre-pennsylvania,"['American', 'Fast Food', 'Comfort Food']",4.3,22,$,41.2351301,-75.8655917,+15707069562,18702,440,Wilkes Barre,PA,"[{'@type': 'OpeningHoursSpecification', 'dayOfWeek': 'Sunday', 'opens': '11:30', 'closes': '21:30'}, {'@type': 'OpeningHoursSpecification', 'dayOfWeek': 'Sunday', 'opens': '0:0', 'closes': '1:30'}, {'@type': 'OpeningHoursSpecification', 'dayOfWeek': ['Monday', 'Tuesday', 'Wednesday'], 'opens': '11:30', 'closes': '22:30'}, {'@type': 'OpeningHoursSpecification', 'dayOfWeek': 'Thursday', 'opens': '11:30', 'closes': '23:59'}, {'@type': 'OpeningHoursSpecification', 'dayOfWeek': ['Friday', 'Saturday'], 'opens': '0:0', 'closes': '1:30'}, {'@type': 'OpeningHoursSpecification', 'dayOfWeek': ['Friday', 'Saturday'], 'opens': '11:30', 'closes': '23:59'}]","{'@type': 'PostalAddress', 'addressLocality': 'Wilkes Barre', 'addressRegion': 'PA', 'postalCode': '18702', 'addressCountry': 'US', 'streetAddress': '440'}","{'@type': 'GeoCoordinates', 'latitude': 41.2351301, 'longitude': -75.8655917}","{'@type': 'AggregateRating', 'ratingValue': 4.3, 'reviewCount': '22'}"
Moe's Southwest Grill (101 Bear Creek Commons),https://www.ubereats.com/wilkesbarre-scranton/food-delivery/moes-southwest-grill-101-bear-creek-commons/GtwknosWTd-M-PyVqnoIRg,wilkesbarre-pennsylvania,"['Mexican', 'Fast Food']",4.7,62,$,41.2467327,-75.8389846,+15702135568,18702,101 Bear Creek Commons,Wilkes-Bare Township,PA,"[{'@type': 'OpeningHoursSpecification', 'dayOfWeek': ['Monday', 'Tuesday', 'Wednesday', 'Thursday', 'Friday', 'Saturday', 'Sunday'], 'opens': '11:0', 'closes': '20:0'}]","{'@type': 'PostalAddress', 'addressLocality': 'Wilkes-Bare Township', 'addressRegion': 'PA', 'postalCode': '18702', 'addressCountry': 'US', 'streetAddress': '101 Bear Creek Commons'}","{'@type': 'GeoCoordinates', 'latitude': 41.2467327, 'longitude': -75.8389846}","{'@type': 'AggregateRating', 'ratingValue': 4.7, 'reviewCount': '62'}"
Applebee's (253 Wilkes-Barre Township Blvd),https://www.ubereats.com/wilkesbarre-scranton/food-delivery/applebees-253-wilkes-barre-township-blvd/ZVChpu9EQHGhnrEaaNejhA,wilkesbarre-pennsylvania,"['American', 'Bar Food', 'BBQ', 'burger', 'Chicken Strips', 'Comfort Food', 'Dinner', 'pasta', 'salad', 'Sandwich', 'Soup', 'Steak', 'Traditional American', 'wings']",4.3,200,$$,41.2382939,-75.8610846,+15708223100,18701,253 Wilkes-Barre Township Blvd,Wilkes Barre,PA,"[{'@type': 'OpeningHoursSpecification', 'dayOfWeek': ['Sunday', 'Monday', 'Tuesday', 'Wednesday', 'Thursday'], 'opens': '11:30', 'closes': '22:30'}, {'@type': 'OpeningHoursSpecification', 'dayOfWeek': ['Friday', 'Saturday'], 'opens': '11:30', 'closes': '23:29'}]","{'@type': 'PostalAddress', 'addressLocality': 'Wilkes Barre', 'addressRegion': 'PA', 'postalCode': '18701', 'addressCountry': 'US', 'streetAddress': '253 Wilkes-Barre Township Blvd'}","{'@type': 'GeoCoordinates', 'latitude': 41.2382939, 'longitude': -75.8610846}","{'@type': 'AggregateRating', 'ratingValue': 4.3, 'reviewCount': '200'}"
Denny's (449 Pennsylvania 315),https://www.ubereats.com/wilkesbarre-scranton/food-delivery/dennys-449-pennsylvania-315/UBCj-D22SZiLaVsy-x0dbg,wilkesbarre-pennsylvania,"['American', 'Breakfast and Brunch', 'Coffee and Tea', 'Dinner', 'Desserts', 'Salads', 'Steak', 'Sandwich']",4.5,24,$$,41.314766,-75.7563091,+15705692865,18640,449 Pennsylvania 315,Pittston,PA,"[{'@type': 'OpeningHoursSpecification', 'dayOfWeek': ['Sunday', 'Monday', 'Tuesday', 'Wednesday', 'Thursday'], 'opens': '8:0', 'closes': '21:0'}, {'@type': 'OpeningHoursSpecification', 'dayOfWeek': ['Friday', 'Saturday'], 'opens': '8:0', 'closes': '22:0'}]","{'@type': 'PostalAddress', 'addressLocality': 'Pittston', 'addressRegion': 'PA', 'postalCode': '18640', 'addressCountry': 'US', 'streetAddress': '449 Pennsylvania 315'}","{'@type': 'GeoCoordinates', 'latitude': 41.314766, 'longitude': -75.7563091}","{'@type': 'AggregateRating', 'ratingValue': 4.5, 'reviewCount': '24'}"
PrimoHoagies (Wilkes Barre Township Blvd),https://www.ubereats.com/wilkesbarre-scranton/food-delivery/primohoagies-wilkes-barre-township-blvd/XdIoCrHITZaXQB25SFhOgg,wilkesbarre-pennsylvania,"['Italian', 'pasta', 'PIzza']",4.1,23,$$,41.2227837,-75.88294139999999,+15708227000,18702,1022 Wilkes Barre Township Blvd,Wilkes-Barre,PA,"[{'@type': 'OpeningHoursSpecification', 'dayOfWeek': 'Sunday', 'opens': '11:0', 'closes': '19:30'}, {'@type': 'OpeningHoursSpecification', 'dayOfWeek': ['Monday', 'Tuesday', 'Wednesday', 'Thursday', 'Friday', 'Saturday'], 'opens': '9:45', 'closes': '19:30'}]","{'@type': 'PostalAddress', 'addressLocality': 'Wilkes-Barre', 'addressRegion': 'PA', 'postalCode': '18702', 'addressCountry': 'US', 'streetAddress': '1022 Wilkes Barre Township Blvd'}","{'@type': 'GeoCoordinates', 'latitude': 41.2227837, 'longitude': -75.88294139999999}","{'@type': 'AggregateRating', 'ratingValue': 4.1, 'reviewCount': '23'}"
Auntie Anne's (2150 Wilkes Barre Twnsp Mktpl),https://www.ubereats.com/wilkesbarre-scranton/food-delivery/auntie-annes-2150-wilkes-barre-twnsp-mktpl/36SBFcriRJW9x8nQLyAZEw,wilkesbarre-pennsylvania,"['Bakery', 'Comfort Food', 'Desserts', 'Pretzel']",,,$,41.238366,-75.858569,+15708255112,,,,,"[{'@type': 'OpeningHoursSpecification', 'dayOfWeek': 'Sunday', 'opens': '12:15', 'closes': '17:45'}, {'@type': 'OpeningHoursSpecification', 'dayOfWeek': ['Monday', 'Tuesday', 'Wednesday', 'Thursday', 'Friday', 'Saturday'], 'opens': '11:15', 'closes': '18:45'}]",,"{'@type': 'GeoCoordinates', 'latitude': 41.238366, 'longitude': -75.858569}",{}
Andy's River Road Diner,https://www.ubereats.com/wilkesbarre-scranton/food-delivery/andys-river-road-diner/f08ooOBORPqWQVW3LSQyMw,wilkesbarre-pennsylvania,['Diner'],,,$$,41.290864,-75.843623,+15708299444,18702,1335 N River St,Wilkes-Barre,Pennsylvania,"[{'@type': 'OpeningHoursSpecification', 'dayOfWeek': 'Sunday', 'opens': '8:30', 'closes': '12:45'}, {'@type': 'OpeningHoursSpecification', 'dayOfWeek': ['Tuesday', 'Wednesday', 'Thursday', 'Friday'], 'opens': '11:45', 'closes': '19:15'}, {'@type': 'OpeningHoursSpecification', 'dayOfWeek': ['Tuesday', 'Wednesday', 'Thursday', 'Friday'], 'opens': '11:45', 'closes': '19:15'}, {'@type': 'OpeningHoursSpecification', 'dayOfWeek': 'Saturday', 'opens': '11:45', 'closes': '19:15'}, {'@type': 'OpeningHoursSpecification', 'dayOfWeek': 'Saturday', 'opens': '8:30', 'closes': '19:15'}]","{'@type': 'PostalAddress', 'addressLocality': 'Wilkes-Barre', 'addressRegion': 'Pennsylvania', 'postalCode': '18702', 'addressCountry': 'US', 'streetAddress': '1335 N River St'}","{'@type': 'GeoCoordinates', 'latitude': 41.290864, 'longitude': -75.843623}",{}
Antonio's Pizza Deluxe,https://www.ubereats.com/wilkesbarre-scranton/food-delivery/antonios-pizza-deluxe/2RD7-tDzSxKIY21VYOANNA,wilkesbarre-pennsylvania,"['Pizza', 'American', 'Italian']",4.5,49,$,41.2590324,-75.9008077,+15702887663,18704,3 W Side Mall,Edwardsville,PA,"[{'@type': 'OpeningHoursSpecification', 'dayOfWeek': 'Sunday', 'opens': '10:0', 'closes': '20:0'}, {'@type': 'OpeningHoursSpecification', 'dayOfWeek': 'Sunday', 'opens': '10:0', 'closes': '20:30'}, {'@type': 'OpeningHoursSpecification', 'dayOfWeek': ['Monday', 'Tuesday', 'Wednesday', 'Thursday'], 'opens': '10:0', 'closes': '20:0'}, {'@type': 'OpeningHoursSpecification', 'dayOfWeek': ['Friday', 'Saturday'], 'opens': '10:0', 'closes': '20:0'}, {'@type': 'OpeningHoursSpecification', 'dayOfWeek': ['Friday', 'Saturday'], 'opens': '10:0', 'closes': '21:30'}]","{'@type': 'PostalAddress', 'addressLocality': 'Edwardsville', 'addressRegion': 'PA', 'postalCode': '18704', 'addressCountry': 'US', 'streetAddress': '3 W Side Mall'}","{'@type': 'GeoCoordinates', 'latitude': 41.2590324, 'longitude': -75.9008077}","{'@type': 'AggregateRating', 'ratingValue': 4.5, 'reviewCount': '49'}"
TOQUE DE SAZON RESTAURANT LLC,https://www.ubereats.com/wilkesbarre-scranton/food-delivery/toque-de-sazon-restaurant-llc/kWcDiliNTPi2ybjxkY_bYQ,wilkesbarre-pennsylvania,"['Spanish', 'Seafood', 'Mediterranean']",4.3,51,$,41.2291474,-75.8917799,+15707069564,18702,434 Hazle St,Wilkes-Barre,PA,"[{'@type': 'OpeningHoursSpecification', 'dayOfWeek': ['Monday', 'Tuesday', 'Wednesday', 'Thursday', 'Friday', 'Saturday', 'Sunday'], 'opens': '9:0', 'closes': '18:0'}]","{'@type': 'PostalAddress', 'addressLocality': 'Wilkes-Barre', 'addressRegion': 'PA', 'postalCode': '18702', 'addressCountry': 'US', 'streetAddress': '434 Hazle St'}","{'@type': 'GeoCoordinates', 'latitude': 41.2291474, 'longitude': -75.8917799}","{'@type': 'AggregateRating', 'ratingValue': 4.3, 'reviewCount': '51'}"
Isle of coffee,https://www.ubereats.com/wilkesbarre-scranton/food-delivery/isle-of-coffee/lJh0n4NkTjO98lYFYvZhNg,wilkesbarre-pennsylvania,"['Sandwiches', 'American', 'Coffee and Tea']",,,$,41.3008639,-75.8543693,+15704794513,,,,,"[{'@type': 'OpeningHoursSpecification', 'dayOfWeek': ['Monday', 'Tuesday', 'Wednesday', 'Thursday', 'Friday', 'Saturday'], 'opens': '7:0', 'closes': '17:0'}]",,"{'@type': 'GeoCoordinates', 'latitude': 41.3008639, 'longitude': -75.8543693}",{}
Burger King (130 S. Wyoming Avenue),https://www.ubereats.com/wilkesbarre-scranton/food-delivery/burger-king-130-s-wyoming-avenue/6LsLPJjWQuC9kvxaZZ-Nvw,wilkesbarre-pennsylvania,"['American', 'burger', 'Fast Food']",4.6,16,$,41.2601659,-75.8995724,+15702889212,18704,130 S. Wyoming Avenue,Kingston,PA,"[{'@type': 'OpeningHoursSpecification', 'dayOfWeek': ['Monday', 'Tuesday', 'Wednesday', 'Thursday', 'Friday', 'Saturday', 'Sunday'], 'opens': '7:30', 'closes': '10:29'}, {'@type': 'OpeningHoursSpecification', 'dayOfWeek': ['Monday', 'Tuesday', 'Wednesday', 'Thursday', 'Friday', 'Saturday', 'Sunday'], 'opens': '10:30', 'closes': '22:30'}]","{'@type': 'PostalAddress', 'addressLocality': 'Kingston', 'addressRegion': 'PA', 'postalCode': '18704', 'addressCountry': 'US', 'streetAddress': '130 S. Wyoming Avenue'}","{'@type': 'GeoCoordinates', 'latitude': 41.2601659, 'longitude': -75.8995724}","{'@type': 'AggregateRating', 'ratingValue': 4.6, 'reviewCount': '16'}"
Auntie Anne's (4 Wyoming Valley Mall),https://www.ubereats.com/wilkesbarre-scranton/food-delivery/auntie-annes-4-wyoming-valley-mall/mL5Uy8M8TWSNIbUDNEF-JQ,wilkesbarre-pennsylvania,"['Bakery', 'Comfort Food', 'Desserts']",,,$,41.249692,-75.8444172,+15708236112,18702,730 Wyoming Valley Mall,Wilkes Barre,PA,"[{'@type': 'OpeningHoursSpecification', 'dayOfWeek': 'Sunday', 'opens': '12:15', 'closes': '17:45'}, {'@type': 'OpeningHoursSpecification', 'dayOfWeek': ['Monday', 'Tuesday', 'Wednesday', 'Thursday', 'Friday', 'Saturday'], 'opens': '11:15', 'closes': '18:45'}]","{'@type': 'PostalAddress', 'addressLocality': 'Wilkes Barre', 'addressRegion': 'PA', 'postalCode': '18702', 'addressCountry': 'US', 'streetAddress': '730 Wyoming Valley Mall'}","{'@type': 'GeoCoordinates', 'latitude': 41.249692, 'longitude': -75.8444172}",{}
Bo Brothers Restaurant,https://www.ubereats.com/wilkesbarre-scranton/food-delivery/bo-brothers-restaurant/RZpzBZ08QxeSR3uM_yzqFQ,wilkesbarre-pennsylvania,"['Burgers', 'American', 'Sandwiches']",,,$,41.3010476,-75.8553472,+15703312163,,,,,"[{'@type': 'OpeningHoursSpecification', 'dayOfWeek': ['Sunday', 'Monday', 'Tuesday', 'Wednesday', 'Thursday'], 'opens': '11:0', 'closes': '21:30'}, {'@type': 'OpeningHoursSpecification', 'dayOfWeek': ['Friday', 'Saturday'], 'opens': '11:0', 'closes': '22:0'}]",,"{'@type': 'GeoCoordinates', 'latitude': 41.3010476, 'longitude': -75.8553472}",{}
Istanbul Grill,https://www.ubereats.com/wilkesbarre-scranton/food-delivery/istanbul-grill/z2DXKFKTRru3TToaE6LslA,wilkesbarre-pennsylvania,"['Turkish', 'Mediterranean', 'Sandwich', 'Salads', 'Seafood', 'Allergy Friendly']",4.8,67,$$,41.244055599999996,-75.8834445,+15708220222,18701,40 S Main St,Wilkes-Barre,PA,"[{'@type': 'OpeningHoursSpecification', 'dayOfWeek': ['Monday', 'Tuesday', 'Wednesday', 'Thursday', 'Friday', 'Saturday', 'Sunday'], 'opens': '11:0', 'closes': '21:0'}]","{'@type': 'PostalAddress', 'addressLocality': 'Wilkes-Barre', 'addressRegion': 'PA', 'postalCode': '18701', 'addressCountry': 'US', 'streetAddress': '40 S Main St'}","{'@type': 'GeoCoordinates', 'latitude': 41.244055599999996, 'longitude': -75.8834445}","{'@type': 'AggregateRating', 'ratingValue': 4.8, 'reviewCount': '67'}"
Tazza Shawarma,https://www.ubereats.com/wilkesbarre-scranton/food-delivery/tazza-shawarma/LaBZ4aOgQNq49CKm75rVxA,wilkesbarre-pennsylvania,"['Halal', 'Middle Eastern']",,,$,41.244261,-75.885414,+15706004006,18701,10 W Northampton St,Wilkes-Barre,PA,"[{'@type': 'OpeningHoursSpecification', 'dayOfWeek': ['Monday', 'Tuesday', 'Wednesday', 'Thursday', 'Friday', 'Saturday'], 'opens': '11:0', 'closes': '22:0'}]","{'@type': 'PostalAddress', 'addressLocality': 'Wilkes-Barre', 'addressRegion': 'PA', 'postalCode': '18701', 'addressCountry': 'US', 'streetAddress': '10 W Northampton St'}","{'@type': 'GeoCoordinates', 'latitude': 41.244261, 'longitude': -75.885414}",{}
Subway (2150 Wilkes Barre Township Market Pl),https://www.ubereats.com/wilkesbarre-scranton/food-delivery/subway-2150-wilkes-barre-township-market-pl/qjPbQTMFTkGDBtNVoC5jfg,wilkesbarre-pennsylvania,"['Fast Food', 'Sandwich', 'American']",,,$,41.2370666,-75.85729970000001,+15702081433,18702,2150,Wilkes Barre,PA,"[{'@type': 'OpeningHoursSpecification', 'dayOfWeek': ['Monday', 'Tuesday', 'Wednesday', 'Thursday', 'Friday', 'Saturday', 'Sunday'], 'opens': '10:0', 'closes': '20:0'}]","{'@type': 'PostalAddress', 'addressLocality': 'Wilkes Barre', 'addressRegion': 'PA', 'postalCode': '18702', 'addressCountry': 'US', 'streetAddress': '2150'}","{'@type': 'GeoCoordinates', 'latitude': 41.2370666, 'longitude': -75.85729970000001}",{}
Crescenzo's at The Woodlands,https://www.ubereats.com/wilkesbarre-scranton/food-delivery/crescenzos-at-the-woodlands/nmst_246S_qn3Xu0IPZY8w,wilkesbarre-pennsylvania,['Pizza'],,,$$,41.254536544869325,-75.82446391686992,+15708249831,,,,,"[{'@type': 'OpeningHoursSpecification', 'dayOfWeek': ['Sunday', 'Monday', 'Tuesday', 'Wednesday', 'Thursday'], 'opens': '11:0', 'closes': '22:0'}, {'@type': 'OpeningHoursSpecification', 'dayOfWeek': ['Friday', 'Saturday'], 'opens': '11:0', 'closes': '23:59'}]",,"{'@type': 'GeoCoordinates', 'latitude': 41.254536544869325, 'longitude': -75.82446391686992}",{}
Carvel (754 Sans Souci Pky),https://www.ubereats.com/wilkesbarre-scranton/food-delivery/carvel-754-sans-souci-pky/f8_hWCVRT5KVvMQj5qI7uA,wilkesbarre-pennsylvania,"['Ice Cream and Frozen Yogurt', 'Desserts', 'American']",4.4,31,$,41.2317316,-75.9215778,+15708259222,18706,754 Sans Souci Pky,Wilkes Barre,PA,"[{'@type': 'OpeningHoursSpecification', 'dayOfWeek': ['Monday', 'Tuesday', 'Wednesday', 'Thursday', 'Friday', 'Saturday', 'Sunday'], 'opens': '11:30', 'closes': '20:0'}]","{'@type': 'PostalAddress', 'addressLocality': 'Wilkes Barre', 'addressRegion': 'PA', 'postalCode': '18706', 'addressCountry': 'US', 'streetAddress': '754 Sans Souci Pky'}","{'@type': 'GeoCoordinates', 'latitude': 41.2317316, 'longitude': -75.9215778}","{'@type': 'AggregateRating', 'ratingValue': 4.4, 'reviewCount': '31'}"
Sugar Plum Chocolates ,https://www.ubereats.com/wilkesbarre-scranton/food-delivery/sugar-plum-chocolates/EsI_mRjXTGe2-PVbZeXYjw,wilkesbarre-pennsylvania,"['Dessert: Other', 'Kids Friendly', 'chocolatier']",,,,41.2790569,-75.8827617,+15702129287,18704,88 Dilley St,Forty Fort,PA,"[{'@type': 'OpeningHoursSpecification', 'dayOfWeek': ['Monday', 'Tuesday', 'Wednesday', 'Thursday', 'Friday'], 'opens': '9:0', 'closes': '16:30'}]","{'@type': 'PostalAddress', 'addressLocality': 'Forty Fort', 'addressRegion': 'PA', 'postalCode': '18704', 'addressCountry': 'US', 'streetAddress': '88 Dilley St'}","{'@type': 'GeoCoordinates', 'latitude': 41.2790569, 'longitude': -75.8827617}",{}
Shogun Japanese Seafood Steakhouse,https://www.ubereats.com/wilkesbarre-scranton/food-delivery/shogun-japanese-seafood-steakhouse/IQmI0aamSzanbaI7GwrDyQ,wilkesbarre-pennsylvania,"['Japanese', 'Asian', 'Sushi']",4.6,170,$,41.2537291,-75.823379,+15702709168,18702,1073 Highway 315 Blvd,Wilkes-Barre,PA,"[{'@type': 'OpeningHoursSpecification', 'dayOfWeek': ['Monday', 'Tuesday', 'Wednesday', 'Thursday', 'Friday', 'Saturday', 'Sunday'], 'opens': '11:0', 'closes': '20:45'}, {'@type': 'OpeningHoursSpecification', 'dayOfWeek': ['Monday', 'Tuesday', 'Wednesday', 'Thursday', 'Friday', 'Saturday', 'Sunday'], 'opens': '11:30', 'closes': '15:30'}]","{'@type': 'PostalAddress', 'addressLocality': 'Wilkes-Barre', 'addressRegion': 'PA', 'postalCode': '18702', 'addressCountry': 'US', 'streetAddress': '1073 Highway 315 Blvd'}","{'@type': 'GeoCoordinates', 'latitude': 41.2537291, 'longitude': -75.823379}","{'@type': 'AggregateRating', 'ratingValue': 4.6, 'reviewCount': '170'}"
Red Robin (2020 Wilkes Barre Marketplace),https://www.ubereats.com/wilkesbarre-scranton/food-delivery/red-robin-2020-wilkes-barre-marketplace/hYgiraPVT9KfCSeLrbAzdA,wilkesbarre-pennsylvania,"['American', 'burger', 'Traditional American']",4.5,44,$$,41.23810189999999,-75.8585586,+15702084475,18702,2020 Wilkes Barre Marketplace,Wilkes-Barre,PA,"[{'@type': 'OpeningHoursSpecification', 'dayOfWeek': ['Monday', 'Tuesday', 'Wednesday', 'Thursday', 'Friday', 'Saturday', 'Sunday'], 'opens': '11:0', 'closes': '22:0'}, {'@type': 'OpeningHoursSpecification', 'dayOfWeek': ['Monday', 'Tuesday', 'Wednesday', 'Thursday', 'Friday', 'Saturday', 'Sunday'], 'opens': '11:0', 'closes': '20:0'}]","{'@type': 'PostalAddress', 'addressLocality': 'Wilkes-Barre', 'addressRegion': 'PA', 'postalCode': '18702', 'addressCountry': 'US', 'streetAddress': '2020 Wilkes Barre Marketplace'}","{'@type': 'GeoCoordinates', 'latitude': 41.23810189999999, 'longitude': -75.8585586}","{'@type': 'AggregateRating', 'ratingValue': 4.5, 'reviewCount': '44'}"
Red Lobster (10 East End Center),https://www.ubereats.com/wilkesbarre-scranton/food-delivery/red-lobster-10-east-end-center/E5FEGpL9SVGcupCuhAjwdg,wilkesbarre-pennsylvania,"['Seafood', 'American']",4.6,84,$$,41.25021900000001,-75.851203,+15708256122,18702,10 East End Center,Wilkes-Barre,PA,"[{'@type': 'OpeningHoursSpecification', 'dayOfWeek': ['Sunday', 'Monday', 'Tuesday', 'Wednesday', 'Thursday'], 'opens': '11:30', 'closes': '20:0'}, {'@type': 'OpeningHoursSpecification', 'dayOfWeek': ['Friday', 'Saturday'], 'opens': '11:30', 'closes': '21:0'}]","{'@type': 'PostalAddress', 'addressLocality': 'Wilkes-Barre', 'addressRegion': 'PA', 'postalCode': '18702', 'addressCountry': 'US', 'streetAddress': '10 East End Center'}","{'@type': 'GeoCoordinates', 'latitude': 41.25021900000001, 'longitude': -75.851203}","{'@type': 'AggregateRating', 'ratingValue': 4.6, 'reviewCount': '84'}"
Chipotle Mexican Grill (280 Mundy St Ste 1),https://www.ubereats.com/wilkesbarre-scranton/food-delivery/chipotle-mexican-grill-280-mundy-st-ste-1/51lDrtm3S8-jTb7BBdNXzw,wilkesbarre-pennsylvania,"['Healthy', 'Mexican']",4.4,199,$,41.2434957,-75.8429099,+15708292694,18702,280 Mundy St Ste 1,Wilkes Barre,PA,"[{'@type': 'OpeningHoursSpecification', 'dayOfWeek': ['Monday', 'Tuesday', 'Wednesday', 'Thursday', 'Friday', 'Saturday', 'Sunday'], 'opens': '10:45', 'closes': '21:40'}]","{'@type': 'PostalAddress', 'addressLocality': 'Wilkes Barre', 'addressRegion': 'PA', 'postalCode': '18702', 'addressCountry': 'US', 'streetAddress': '280 Mundy St Ste 1'}","{'@type': 'GeoCoordinates', 'latitude': 41.2434957, 'longitude': -75.8429099}","{'@type': 'AggregateRating', 'ratingValue': 4.4, 'reviewCount': '199'}"
McDonald's® (744 KIDDER ST),https://www.ubereats.com/wilkesbarre-scranton/food-delivery/mcdonalds-744-kidder-st/zGr2yjLGT5GxVQ7rCVdXRA,wilkesbarre-pennsylvania,"['American', 'Burgers', 'Fast Food']",4.2,50,$,41.250851,-75.843579,+15708290321,18702,744 KIDDER ST,WILKES BARRE,PA,"[{'@type': 'OpeningHoursSpecification', 'dayOfWeek': 'Sunday', 'opens': '6:0', 'closes': '10:59'}, {'@type': 'OpeningHoursSpecification', 'dayOfWeek': 'Sunday', 'opens': '11:0', 'closes': '16:59'}, {'@type': 'OpeningHoursSpecification', 'dayOfWeek': 'Sunday', 'opens': '17:0', 'closes': '22:45'}, {'@type': 'OpeningHoursSpecification', 'dayOfWeek': ['Monday', 'Tuesday', 'Wednesday', 'Thursday', 'Friday'], 'opens': '6:0', 'closes': '10:29'}, {'@type': 'OpeningHoursSpecification', 'dayOfWeek': ['Monday', 'Tuesday', 'Wednesday', 'Thursday', 'Friday'], 'opens': '10:30', 'closes': '16:59'}, {'@type': 'OpeningHoursSpecification', 'dayOfWeek': ['Monday', 'Tuesday', 'Wednesday', 'Thursday', 'Friday'], 'opens': '17:0', 'closes': '22:45'}, {'@type': 'OpeningHoursSpecification', 'dayOfWeek': 'Saturday', 'opens': '6:0', 'closes': '10:59'}, {'@type': 'OpeningHoursSpecification', 'dayOfWeek': 'Saturday', 'opens': '11:0', 'closes': '16:59'}, {'@type': 'OpeningHoursSpecification', 'dayOfWeek': 'Saturday', 'opens': '17:0', 'closes': '22:45'}]","{'@type': 'PostalAddress', 'addressLocality': 'WILKES BARRE', 'addressRegion': 'PA', 'postalCode': '18702', 'addressCountry': 'US', 'streetAddress': '744 KIDDER ST'}","{'@type': 'GeoCoordinates', 'latitude': 41.250851, 'longitude': -75.843579}","{'@type': 'AggregateRating', 'ratingValue': 4.2, 'reviewCount': '50'}"
Denny's (488 Kidder St.),https://www.ubereats.com/wilkesbarre-scranton/food-delivery/dennys-488-kidder-st/iNkPVAgUSJ-KRMQGOl5Sog,wilkesbarre-pennsylvania,"['American', 'Breakfast and Brunch', 'Coffee and Tea', 'Dinner', 'Desserts', 'Salads', 'Steak', 'Sandwich']",4.4,126,$$,41.2512938,-75.8523514,+15708255208,18702,488 Kidder St.,Wilkes-Barre,PA,"[{'@type': 'OpeningHoursSpecification', 'dayOfWeek': ['Sunday', 'Monday', 'Tuesday', 'Wednesday', 'Thursday'], 'opens': '6:15', 'closes': '21:30'}, {'@type': 'OpeningHoursSpecification', 'dayOfWeek': ['Friday', 'Saturday'], 'opens': '6:15', 'closes': '23:30'}]","{'@type': 'PostalAddress', 'addressLocality': 'Wilkes-Barre', 'addressRegion': 'PA', 'postalCode': '18702', 'addressCountry': 'US', 'streetAddress': '488 Kidder St.'}","{'@type': 'GeoCoordinates', 'latitude': 41.2512938, 'longitude': -75.8523514}","{'@type': 'AggregateRating', 'ratingValue': 4.4, 'reviewCount': '126'}"
Taco Bell (110 South Wyoming Avenue),https://www.ubereats.com/wilkesbarre-scranton/food-delivery/taco-bell-110-south-wyoming-avenue/oYHsD6bhQ3SJwv0zCufr3Q,wilkesbarre-pennsylvania,"['Burritos', 'Fast Food', 'Mexican', 'Allergy Friendly']",4.2,155,$,41.2599034,-75.89993539999999,+15702884011,18704,110 South Wyoming Avenue,Kingston,PA,"[{'@type': 'OpeningHoursSpecification', 'dayOfWeek': ['Monday', 'Tuesday', 'Wednesday', 'Thursday', 'Friday', 'Saturday', 'Sunday'], 'opens': '14:0', 'closes': '17:0'}, {'@type': 'OpeningHoursSpecification', 'dayOfWeek': ['Monday', 'Tuesday', 'Wednesday', 'Thursday', 'Friday', 'Saturday', 'Sunday'], 'opens': '9:0', 'closes': '1:30'}, {'@type': 'OpeningHoursSpecification', 'dayOfWeek': ['Monday', 'Tuesday', 'Wednesday', 'Thursday', 'Friday', 'Saturday', 'Sunday'], 'opens': '9:0', 'closes': '10:30'}]","{'@type': 'PostalAddress', 'addressLocality': 'Kingston', 'addressRegion': 'PA', 'postalCode': '18704', 'addressCountry': 'US', 'streetAddress': '110 South Wyoming Avenue'}","{'@type': 'GeoCoordinates', 'latitude': 41.2599034, 'longitude': -75.89993539999999}","{'@type': 'AggregateRating', 'ratingValue': 4.2, 'reviewCount': '155'}"
Subway (356 E End Ctr),https://www.ubereats.com/wilkesbarre-scranton/food-delivery/subway-356-e-end-ctr/watAg3jXS8y9XA73dRZIQQ,wilkesbarre-pennsylvania,"['Fast Food', 'Sandwich', 'American']",,,$,41.2706665,-75.8321551,+15702703003,18702,356 E End Ctr,Wilkes Barre,PA,"[{'@type': 'OpeningHoursSpecification', 'dayOfWeek': 'Sunday', 'opens': '9:0', 'closes': '21:0'}, {'@type': 'OpeningHoursSpecification', 'dayOfWeek': ['Monday', 'Tuesday', 'Wednesday', 'Thursday', 'Friday'], 'opens': '8:0', 'closes': '21:0'}, {'@type': 'OpeningHoursSpecification', 'dayOfWeek': 'Saturday', 'opens': '8:30', 'closes': '21:0'}]","{'@type': 'PostalAddress', 'addressLocality': 'Wilkes Barre', 'addressRegion': 'PA', 'postalCode': '18702', 'addressCountry': 'US', 'streetAddress': '356 E End Ctr'}","{'@type': 'GeoCoordinates', 'latitude': 41.2706665, 'longitude': -75.8321551}",{}
Terry's Diner,https://www.ubereats.com/wilkesbarre-scranton/food-delivery/terrys-diner/nIGNzKAGTPOHcZ6pICTLRQ,wilkesbarre-pennsylvania,"['Burgers', 'American', 'Sandwiches']",4.5,85,$,41.3685329,-75.7143882,+15703463137,18507,4118 Birney Ave,Moosic,PA,"[{'@type': 'OpeningHoursSpecification', 'dayOfWeek': ['Monday', 'Tuesday', 'Wednesday', 'Thursday', 'Friday', 'Saturday', 'Sunday'], 'opens': '8:0', 'closes': '19:30'}]","{'@type': 'PostalAddress', 'addressLocality': 'Moosic', 'addressRegion': 'PA', 'postalCode': '18507', 'addressCountry': 'US', 'streetAddress': '4118 Birney Ave'}","{'@type': 'GeoCoordinates', 'latitude': 41.3685329, 'longitude': -75.7143882}","{'@type': 'AggregateRating', 'ratingValue': 4.5, 'reviewCount': '85'}"
Arby's (309 Highway 315),https://www.ubereats.com/wilkesbarre-scranton/food-delivery/arbys-309-highway-315/M_1YQ_VnRgmgf-0ALwoXpQ,wilkesbarre-pennsylvania,"['American', 'Sandwich', 'Fast Food', 'Kids Friendly']",4.3,33,$,41.3066488,-75.76315369999999,+15706541107,18640,309 Highway 315,Pittston,PA,"[{'@type': 'OpeningHoursSpecification', 'dayOfWeek': ['Monday', 'Tuesday', 'Wednesday', 'Thursday', 'Friday', 'Saturday', 'Sunday'], 'opens': '10:0', 'closes': '22:30'}]","{'@type': 'PostalAddress', 'addressLocality': 'Pittston', 'addressRegion': 'PA', 'postalCode': '18640', 'addressCountry': 'US', 'streetAddress': '309 Highway 315'}","{'@type': 'GeoCoordinates', 'latitude': 41.3066488, 'longitude': -75.76315369999999}","{'@type': 'AggregateRating', 'ratingValue': 4.3, 'reviewCount': '33'}"
Arena Bar & Grill,https://www.ubereats.com/wilkesbarre-scranton/food-delivery/arena-bar-%26-grill/JHUfs4GtTpmQUT7_Xx1Rfg,wilkesbarre-pennsylvania,"['American', 'Bar Food', 'Pizza', 'Sandwich', 'Steak']",,,$$,41.2367964,-75.8650602,+15709708903,18702,380 Coal St,Wilkes Barre,PA,"[{'@type': 'OpeningHoursSpecification', 'dayOfWeek': 'Sunday', 'opens': '14:0', 'closes': '22:0'}, {'@type': 'OpeningHoursSpecification', 'dayOfWeek': ['Wednesday', 'Thursday', 'Friday'], 'opens': '16:0', 'closes': '22:0'}, {'@type': 'OpeningHoursSpecification', 'dayOfWeek': 'Saturday', 'opens': '14:0', 'closes': '22:0'}]","{'@type': 'PostalAddress', 'addressLocality': 'Wilkes Barre', 'addressRegion': 'PA', 'postalCode': '18702', 'addressCountry': 'US', 'streetAddress': '380 Coal St'}","{'@type': 'GeoCoordinates', 'latitude': 41.2367964, 'longitude': -75.8650602}",{}
Burger King (Route 115 & East End Blvd.),https://www.ubereats.com/wilkesbarre-scranton/food-delivery/burger-king-route-115-%26-east-end-blvd/pzoDwZODQdSwSV2GKALXcg,wilkesbarre-pennsylvania,"['American', 'burger', 'Fast Food']",4.2,63,$,41.2516773,-75.8474985,+15708246938,18702,Route 115 & East End Blvd.,Wilkes-Barre,PA,"[{'@type': 'OpeningHoursSpecification', 'dayOfWeek': 'Sunday', 'opens': '7:30', 'closes': '10:29'}, {'@type': 'OpeningHoursSpecification', 'dayOfWeek': 'Sunday', 'opens': '10:30', 'closes': '22:30'}, {'@type': 'OpeningHoursSpecification', 'dayOfWeek': ['Monday', 'Tuesday', 'Wednesday', 'Thursday', 'Friday', 'Saturday'], 'opens': '6:30', 'closes': '10:29'}, {'@type': 'OpeningHoursSpecification', 'dayOfWeek': ['Monday', 'Tuesday', 'Wednesday', 'Thursday', 'Friday', 'Saturday'], 'opens': '10:30', 'closes': '22:30'}]","{'@type': 'PostalAddress', 'addressLocality': 'Wilkes-Barre', 'addressRegion': 'PA', 'postalCode': '18702', 'addressCountry': 'US', 'streetAddress': 'Route 115 & East End Blvd.'}","{'@type': 'GeoCoordinates', 'latitude': 41.2516773, 'longitude': -75.8474985}","{'@type': 'AggregateRating', 'ratingValue': 4.2, 'reviewCount': '63'}"
Burger King (81 N River St),https://www.ubereats.com/wilkesbarre-scranton/food-delivery/burger-king-81-n-river-st/FR_jqngzRUud5EAEaKzIJg,wilkesbarre-pennsylvania,"['American', 'burger', 'Fast Food']",4.6,17,$,41.2804736,-75.8556195,+15708241489,18705,81 N River St,Plains,PA,"[{'@type': 'OpeningHoursSpecification', 'dayOfWeek': ['Monday', 'Tuesday', 'Wednesday', 'Thursday', 'Friday', 'Saturday', 'Sunday'], 'opens': '7:30', 'closes': '10:29'}, {'@type': 'OpeningHoursSpecification', 'dayOfWeek': ['Monday', 'Tuesday', 'Wednesday', 'Thursday', 'Friday', 'Saturday', 'Sunday'], 'opens': '10:30', 'closes': '22:30'}]","{'@type': 'PostalAddress', 'addressLocality': 'Plains', 'addressRegion': 'PA', 'postalCode': '18705', 'addressCountry': 'US', 'streetAddress': '81 N River St'}","{'@type': 'GeoCoordinates', 'latitude': 41.2804736, 'longitude': -75.8556195}","{'@type': 'AggregateRating', 'ratingValue': 4.6, 'reviewCount': '17'}"
Cracker Barrel Old Country Store (2320 Wilkes Barre Township Mar),https://www.ubereats.com/wilkesbarre-scranton/food-delivery/cracker-barrel-old-country-store-2320-wilkes-barre-township-mar/bB012VOWTXGaOXydiSzoNg,wilkesbarre-pennsylvania,"['Burgers', 'American', 'Sandwiches']",4.4,81,$,41.236467,-75.85784199999999,+15708227913,18702,2320,Wilkes Barre,PA,"[{'@type': 'OpeningHoursSpecification', 'dayOfWeek': ['Sunday', 'Monday', 'Tuesday', 'Wednesday', 'Thursday'], 'opens': '10:30', 'closes': '20:0'}, {'@type': 'OpeningHoursSpecification', 'dayOfWeek': ['Sunday', 'Monday', 'Tuesday', 'Wednesday', 'Thursday'], 'opens': '7:30', 'closes': '20:0'}, {'@type': 'OpeningHoursSpecification', 'dayOfWeek': ['Sunday', 'Monday', 'Tuesday', 'Wednesday', 'Thursday'], 'opens': '7:30', 'closes': '20:0'}, {'@type': 'OpeningHoursSpecification', 'dayOfWeek': ['Friday', 'Saturday'], 'opens': '10:30', 'closes': '21:0'}, {'@type': 'OpeningHoursSpecification', 'dayOfWeek': ['Friday', 'Saturday'], 'opens': '7:30', 'closes': '21:0'}, {'@type': 'OpeningHoursSpecification', 'dayOfWeek': ['Friday', 'Saturday'], 'opens': '7:30', 'closes': '21:0'}]","{'@type': 'PostalAddress', 'addressLocality': 'Wilkes Barre', 'addressRegion': 'PA', 'postalCode': '18702', 'addressCountry': 'US', 'streetAddress': '2320'}","{'@type': 'GeoCoordinates', 'latitude': 41.236467, 'longitude': -75.85784199999999}","{'@type': 'AggregateRating', 'ratingValue': 4.4, 'reviewCount': '81'}"
Revello's Pizza,https://www.ubereats.com/wilkesbarre-scranton/food-delivery/revellos-pizza/xxVV4HNBQwW-5ySK_PfQVw,wilkesbarre-pennsylvania,['PIzza'],,,$$,41.3673312,-75.7381714,+15704579843,18518,502 S Main St,Old Forge,PA,"[{'@type': 'OpeningHoursSpecification', 'dayOfWeek': ['Monday', 'Tuesday', 'Wednesday', 'Thursday', 'Friday', 'Saturday'], 'opens': '11:0', 'closes': '20:0'}]","{'@type': 'PostalAddress', 'addressLocality': 'Old Forge', 'addressRegion': 'PA', 'postalCode': '18518', 'addressCountry': 'US', 'streetAddress': '502 S Main St'}","{'@type': 'GeoCoordinates', 'latitude': 41.3673312, 'longitude': -75.7381714}",{}
Subway (744 Wyoming Ave Unit 5),https://www.ubereats.com/wilkesbarre-scranton/food-delivery/subway-744-wyoming-ave-unit-5/BwbGJjp9RvqzMDgrmyrtMA,wilkesbarre-pennsylvania,"['Fast Food', 'Sandwich', 'American']",,,$,41.2739645,-75.8852785,+15707069584,18704,744 Wyoming Ave Unit 5,Kingston,PA,"[{'@type': 'OpeningHoursSpecification', 'dayOfWeek': 'Sunday', 'opens': '10:0', 'closes': '18:30'}, {'@type': 'OpeningHoursSpecification', 'dayOfWeek': ['Monday', 'Tuesday', 'Wednesday', 'Thursday', 'Friday', 'Saturday'], 'opens': '9:0', 'closes': '19:30'}]","{'@type': 'PostalAddress', 'addressLocality': 'Kingston', 'addressRegion': 'PA', 'postalCode': '18704', 'addressCountry': 'US', 'streetAddress': '744 Wyoming Ave Unit 5'}","{'@type': 'GeoCoordinates', 'latitude': 41.2739645, 'longitude': -75.8852785}",{}
Dairy Queen Grill & Chill (1245 Hwy 315),https://www.ubereats.com/wilkesbarre-scranton/food-delivery/dairy-queen-grill-%26-chill-1245-hwy-315/cRJ30MI4SYC4gkSVKwBBgQ,wilkesbarre-pennsylvania,"['American', 'Fast Food', 'Ice Cream & Frozen Yogurt']",3.9,57,$,41.2638217,-75.8155122,+15702700947,18702,1245 Hwy 315,Plains Township,PA,"[{'@type': 'OpeningHoursSpecification', 'dayOfWeek': ['Sunday', 'Monday', 'Tuesday', 'Wednesday', 'Thursday'], 'opens': '10:0', 'closes': '22:0'}, {'@type': 'OpeningHoursSpecification', 'dayOfWeek': ['Friday', 'Saturday'], 'opens': '10:0', 'closes': '23:0'}]","{'@type': 'PostalAddress', 'addressLocality': 'Plains Township', 'addressRegion': 'PA', 'postalCode': '18702', 'addressCountry': 'US', 'streetAddress': '1245 Hwy 315'}","{'@type': 'GeoCoordinates', 'latitude': 41.2638217, 'longitude': -75.8155122}","{'@type': 'AggregateRating', 'ratingValue': 3.9, 'reviewCount': '57'}"
Smokey Bones (Wilkes-Barre),https://www.ubereats.com/wilkesbarre-scranton/food-delivery/smokey-bones-wilkes-barre/Y1A5GkFNSmOcacS8LtPO2Q,wilkesbarre-pennsylvania,"['American', 'BBQ', 'burger', 'New American', 'wings']",4.4,102,$$,41.2425879,-75.8434853,+15708252540,18702,265 Mundy St,Wilkes Barre,PA,"[{'@type': 'OpeningHoursSpecification', 'dayOfWeek': ['Sunday', 'Monday', 'Tuesday', 'Wednesday', 'Thursday'], 'opens': '11:0', 'closes': '23:0'}, {'@type': 'OpeningHoursSpecification', 'dayOfWeek': ['Friday', 'Saturday'], 'opens': '11:0', 'closes': '1:0'}]","{'@type': 'PostalAddress', 'addressLocality': 'Wilkes Barre', 'addressRegion': 'PA', 'postalCode': '18702', 'addressCountry': 'US', 'streetAddress': '265 Mundy St'}","{'@type': 'GeoCoordinates', 'latitude': 41.2425879, 'longitude': -75.8434853}","{'@type': 'AggregateRating', 'ratingValue': 4.4, 'reviewCount': '102'}"
Vesuvio's Pizzeria & Ristorante,https://www.ubereats.com/wilkesbarre-scranton/food-delivery/vesuvios-pizzeria-%26-ristorante/KSOHh3nKSBqieCybw8lAqA,wilkesbarre-pennsylvania,"['Italian', 'Pizza', 'Pasta', 'Sandwich', 'Salads', 'Wings']",4.6,136,$$,41.2479673,-75.8776719,+15708248747,,,,,"[{'@type': 'OpeningHoursSpecification', 'dayOfWeek': 'Sunday', 'opens': '12:0', 'closes': '23:59'}, {'@type': 'OpeningHoursSpecification', 'dayOfWeek': ['Monday', 'Tuesday', 'Wednesday'], 'opens': '10:30', 'closes': '23:59'}, {'@type': 'OpeningHoursSpecification', 'dayOfWeek': 'Thursday', 'opens': '10:30', 'closes': '23:59'}, {'@type': 'OpeningHoursSpecification', 'dayOfWeek': 'Thursday', 'opens': '10:30', 'closes': '1:30'}, {'@type': 'OpeningHoursSpecification', 'dayOfWeek': 'Friday', 'opens': '10:30', 'closes': '2:30'}, {'@type': 'OpeningHoursSpecification', 'dayOfWeek': 'Saturday', 'opens': '12:0', 'closes': '2:30'}]",,"{'@type': 'GeoCoordinates', 'latitude': 41.2479673, 'longitude': -75.8776719}","{'@type': 'AggregateRating', 'ratingValue': 4.6, 'reviewCount': '136'}"
El Rey Azteca,https://www.ubereats.com/wilkesbarre-scranton/food-delivery/el-rey-azteca/XyQIfyzsTSWrrUolGcZ23w,wilkesbarre-pennsylvania,"['Mediterranean', 'Greek', 'Vegetarian']",4.4,94,$,41.2497951,-75.84519039999999,+15708294900,18702,681 Kidder St,Wilkes-Barre,PA,"[{'@type': 'OpeningHoursSpecification', 'dayOfWeek': ['Monday', 'Tuesday', 'Wednesday', 'Thursday', 'Friday', 'Saturday', 'Sunday'], 'opens': '11:0', 'closes': '20:30'}, {'@type': 'OpeningHoursSpecification', 'dayOfWeek': ['Monday', 'Tuesday', 'Wednesday', 'Thursday', 'Friday', 'Saturday', 'Sunday'], 'opens': '11:0', 'closes': '15:0'}]","{'@type': 'PostalAddress', 'addressLocality': 'Wilkes-Barre', 'addressRegion': 'PA', 'postalCode': '18702', 'addressCountry': 'US', 'streetAddress': '681 Kidder St'}","{'@type': 'GeoCoordinates', 'latitude': 41.2497951, 'longitude': -75.84519039999999}","{'@type': 'AggregateRating', 'ratingValue': 4.4, 'reviewCount': '94'}"
McDonald's® (150 EAST HAMPTON),https://www.ubereats.com/wilkesbarre-scranton/food-delivery/mcdonalds-150-east-hampton/ua7RjpEnSrqgKvADoigiBw,wilkesbarre-pennsylvania,"['American', 'Burgers', 'Fast Food']",4.3,200,$,41.240946,-75.881083,+15708224090,18701,150 EAST HAMPTON,WILKES BARRE,PA,"[{'@type': 'OpeningHoursSpecification', 'dayOfWeek': 'Sunday', 'opens': '4:0', 'closes': '10:59'}, {'@type': 'OpeningHoursSpecification', 'dayOfWeek': 'Sunday', 'opens': '11:0', 'closes': '15:59'}, {'@type': 'OpeningHoursSpecification', 'dayOfWeek': 'Sunday', 'opens': '16:0', 'closes': '3:59'}, {'@type': 'OpeningHoursSpecification', 'dayOfWeek': ['Monday', 'Tuesday', 'Wednesday', 'Thursday', 'Friday'], 'opens': '4:0', 'closes': '10:29'}, {'@type': 'OpeningHoursSpecification', 'dayOfWeek': ['Monday', 'Tuesday', 'Wednesday', 'Thursday', 'Friday'], 'opens': '10:30', 'closes': '15:59'}, {'@type': 'OpeningHoursSpecification', 'dayOfWeek': ['Monday', 'Tuesday', 'Wednesday', 'Thursday', 'Friday'], 'opens': '16:0', 'closes': '3:59'}, {'@type': 'OpeningHoursSpecification', 'dayOfWeek': 'Saturday', 'opens': '4:0', 'closes': '10:59'}, {'@type': 'OpeningHoursSpecification', 'dayOfWeek': 'Saturday', 'opens': '11:0', 'closes': '15:59'}, {'@type': 'OpeningHoursSpecification', 'dayOfWeek': 'Saturday', 'opens': '16:0', 'closes': '3:59'}]","{'@type': 'PostalAddress', 'addressLocality': 'WILKES BARRE', 'addressRegion': 'PA', 'postalCode': '18701', 'addressCountry': 'US', 'streetAddress': '150 EAST HAMPTON'}","{'@type': 'GeoCoordinates', 'latitude': 41.240946, 'longitude': -75.881083}","{'@type': 'AggregateRating', 'ratingValue': 4.3, 'reviewCount': '200'}"
McDonald's® (900 WILKES BARRE TOWNSHIP BLVD),https://www.ubereats.com/wilkesbarre-scranton/food-delivery/mcdonalds-900-wilkes-barre-township-blvd/NYfrAV3VQ2KpYnqg5YivtA,wilkesbarre-pennsylvania,"['American', 'Burgers', 'Fast Food']",4.2,104,$,41.224965,-75.878632,+15708294582,18702,900,WILKES BARRE,PA,"[{'@type': 'OpeningHoursSpecification', 'dayOfWeek': 'Sunday', 'opens': '6:0', 'closes': '10:59'}, {'@type': 'OpeningHoursSpecification', 'dayOfWeek': 'Sunday', 'opens': '11:0', 'closes': '16:59'}, {'@type': 'OpeningHoursSpecification', 'dayOfWeek': 'Sunday', 'opens': '17:0', 'closes': '22:45'}, {'@type': 'OpeningHoursSpecification', 'dayOfWeek': ['Monday', 'Tuesday', 'Wednesday', 'Thursday'], 'opens': '6:0', 'closes': '10:29'}, {'@type': 'OpeningHoursSpecification', 'dayOfWeek': ['Monday', 'Tuesday', 'Wednesday', 'Thursday'], 'opens': '10:30', 'closes': '16:59'}, {'@type': 'OpeningHoursSpecification', 'dayOfWeek': ['Monday', 'Tuesday', 'Wednesday', 'Thursday'], 'opens': '17:0', 'closes': '22:45'}, {'@type': 'OpeningHoursSpecification', 'dayOfWeek': 'Friday', 'opens': '6:0', 'closes': '10:29'}, {'@type': 'OpeningHoursSpecification', 'dayOfWeek': 'Friday', 'opens': '10:30', 'closes': '16:59'}, {'@type': 'OpeningHoursSpecification', 'dayOfWeek': 'Friday', 'opens': '17:0', 'closes': '23:44'}, {'@type': 'OpeningHoursSpecification', 'dayOfWeek': 'Saturday', 'opens': '6:0', 'closes': '10:59'}, {'@type': 'OpeningHoursSpecification', 'dayOfWeek': 'Saturday', 'opens': '11:0', 'closes': '16:59'}, {'@type': 'OpeningHoursSpecification', 'dayOfWeek': 'Saturday', 'opens': '17:0', 'closes': '23:44'}]","{'@type': 'PostalAddress', 'addressLocality': 'WILKES BARRE', 'addressRegion': 'PA', 'postalCode': '18702', 'addressCountry': 'US', 'streetAddress': '900'}","{'@type': 'GeoCoordinates', 'latitude': 41.224965, 'longitude': -75.878632}","{'@type': 'AggregateRating', 'ratingValue': 4.2, 'reviewCount': '104'}"
Perkins (304 Route 315),https://www.ubereats.com/wilkesbarre-scranton/food-delivery/perkins-304-route-315/5ahbjbgrSm6cJzqRV-g24w,wilkesbarre-pennsylvania,"['Breakfast and Brunch', 'American', 'Dinner', 'Bakery']",4.5,12,$$,41.3067384,-75.7646298,+15708835682,18640,304 Route 315,Pittston,PA,"[{'@type': 'OpeningHoursSpecification', 'dayOfWeek': ['Monday', 'Tuesday', 'Wednesday', 'Thursday', 'Friday', 'Saturday', 'Sunday'], 'opens': '8:15', 'closes': '19:0'}]","{'@type': 'PostalAddress', 'addressLocality': 'Pittston', 'addressRegion': 'PA', 'postalCode': '18640', 'addressCountry': 'US', 'streetAddress': '304 Route 315'}","{'@type': 'GeoCoordinates', 'latitude': 41.3067384, 'longitude': -75.7646298}","{'@type': 'AggregateRating', 'ratingValue': 4.5, 'reviewCount': '12'}"
Subway (901 Wyoming Ave),https://www.ubereats.com/wilkesbarre-scranton/food-delivery/subway-901-wyoming-ave/3TzJCBemSlemGxJnQ_1dfg,wilkesbarre-pennsylvania,"['Fast Food', 'Sandwich', 'American']",,,$,41.3018806,-75.85216989999999,+15706131003,18644,901,Wyoming,PA,"[{'@type': 'OpeningHoursSpecification', 'dayOfWeek': ['Monday', 'Tuesday', 'Wednesday', 'Thursday', 'Friday', 'Saturday', 'Sunday'], 'opens': '10:0', 'closes': '19:30'}]","{'@type': 'PostalAddress', 'addressLocality': 'Wyoming', 'addressRegion': 'PA', 'postalCode': '18644', 'addressCountry': 'US', 'streetAddress': '901'}","{'@type': 'GeoCoordinates', 'latitude': 41.3018806, 'longitude': -75.85216989999999}",{}
Friendly's (778 Kidder St),https://www.ubereats.com/wilkesbarre-scranton/food-delivery/friendlys-778-kidder-st/4IwrvGmmR_KIS5zz4bNksw,wilkesbarre-pennsylvania,"['Kids Friendly', 'Family Meals', 'American', 'Burgers', 'Ice Cream and Frozen Yogurt', 'Desserts']",4.5,32,$,41.250508,-75.8423668,+15708246929,18702,778 Kidder St,Wilkes Barre,PA,"[{'@type': 'OpeningHoursSpecification', 'dayOfWeek': ['Sunday', 'Monday', 'Tuesday', 'Wednesday', 'Thursday'], 'opens': '8:0', 'closes': '20:30'}, {'@type': 'OpeningHoursSpecification', 'dayOfWeek': ['Friday', 'Saturday'], 'opens': '8:0', 'closes': '21:30'}]","{'@type': 'PostalAddress', 'addressLocality': 'Wilkes Barre', 'addressRegion': 'PA', 'postalCode': '18702', 'addressCountry': 'US', 'streetAddress': '778 Kidder St'}","{'@type': 'GeoCoordinates', 'latitude': 41.250508, 'longitude': -75.8423668}","{'@type': 'AggregateRating', 'ratingValue': 4.5, 'reviewCount': '32'}"
Miller's Ale House Wilkes Barre,https://www.ubereats.com/wilkesbarre-scranton/food-delivery/millers-ale-house-wilkes-barre/inlG6JacRmuc0e_RIP_LRA,wilkesbarre-pennsylvania,"['American', 'Burgers', 'Wings']",4.7,11,$$,41.2304801,-75.87160829999999,+15709315018,,,,,"[{'@type': 'OpeningHoursSpecification', 'dayOfWeek': ['Monday', 'Tuesday', 'Wednesday', 'Thursday', 'Friday', 'Saturday', 'Sunday'], 'opens': '11:30', 'closes': '22:0'}]",,"{'@type': 'GeoCoordinates', 'latitude': 41.2304801, 'longitude': -75.87160829999999}","{'@type': 'AggregateRating', 'ratingValue': 4.7, 'reviewCount': '11'}"
Burger King (Midway Shopping Center),https://www.ubereats.com/wilkesbarre-scranton/food-delivery/burger-king-midway-shopping-center/X84T1rTcQiajg4monU3sBQ,wilkesbarre-pennsylvania,"['American', 'burger', 'Fast Food']",4.8,18,$,41.3009985,-75.8516617,+15706930620,18644,Midway Shopping Center,Wyoming,PA,"[{'@type': 'OpeningHoursSpecification', 'dayOfWeek': 'Sunday', 'opens': '7:30', 'closes': '10:29'}, {'@type': 'OpeningHoursSpecification', 'dayOfWeek': 'Sunday', 'opens': '10:30', 'closes': '20:30'}, {'@type': 'OpeningHoursSpecification', 'dayOfWeek': ['Monday', 'Tuesday', 'Wednesday', 'Thursday', 'Friday', 'Saturday'], 'opens': '6:30', 'closes': '10:29'}, {'@type': 'OpeningHoursSpecification', 'dayOfWeek': ['Monday', 'Tuesday', 'Wednesday', 'Thursday', 'Friday', 'Saturday'], 'opens': '10:30', 'closes': '22:30'}]","{'@type': 'PostalAddress', 'addressLocality': 'Wyoming', 'addressRegion': 'PA', 'postalCode': '18644', 'addressCountry': 'US', 'streetAddress': 'Midway Shopping Center'}","{'@type': 'GeoCoordinates', 'latitude': 41.3009985, 'longitude': -75.8516617}","{'@type': 'AggregateRating', 'ratingValue': 4.8, 'reviewCount': '18'}"
Margarita Azul,https://www.ubereats.com/wilkesbarre-scranton/food-delivery/margarita-azul/nUJRWsIQTv2AbVN9PSewAw,wilkesbarre-pennsylvania,"['Mexican', 'Seafood', 'Sandwich', 'Wings', 'Salads']",4.7,21,$$,41.2323337,-75.9001169,+15708290303,18702,91 Parrish St,Wilkes-Barre,PA,"[{'@type': 'OpeningHoursSpecification', 'dayOfWeek': ['Sunday', 'Monday'], 'opens': '11:0', 'closes': '21:0'}, {'@type': 'OpeningHoursSpecification', 'dayOfWeek': 'Tuesday', 'opens': '11:0', 'closes': '21:0'}, {'@type': 'OpeningHoursSpecification', 'dayOfWeek': 'Tuesday', 'opens': '7:0', 'closes': '7:0'}, {'@type': 'OpeningHoursSpecification', 'dayOfWeek': ['Wednesday', 'Thursday', 'Friday', 'Saturday'], 'opens': '11:0', 'closes': '21:0'}]","{'@type': 'PostalAddress', 'addressLocality': 'Wilkes-Barre', 'addressRegion': 'PA', 'postalCode': '18702', 'addressCountry': 'US', 'streetAddress': '91 Parrish St'}","{'@type': 'GeoCoordinates', 'latitude': 41.2323337, 'longitude': -75.9001169}","{'@type': 'AggregateRating', 'ratingValue': 4.7, 'reviewCount': '21'}"
McDonald's® (500 Union St. - Luzerne),https://www.ubereats.com/wilkesbarre-scranton/food-delivery/mcdonalds-500-union-st-luzerne/cHMD924QQImDZ9Q9ZfIhOw,wilkesbarre-pennsylvania,"['American', 'Burgers', 'Fast Food']",4.6,99,$,41.2823836,-75.8966684,+15702881526,18709,500 Union St,Luzerne,PA,"[{'@type': 'OpeningHoursSpecification', 'dayOfWeek': 'Sunday', 'opens': '5:0', 'closes': '10:59'}, {'@type': 'OpeningHoursSpecification', 'dayOfWeek': 'Sunday', 'opens': '11:0', 'closes': '16:59'}, {'@type': 'OpeningHoursSpecification', 'dayOfWeek': 'Sunday', 'opens': '17:0', 'closes': '22:45'}, {'@type': 'OpeningHoursSpecification', 'dayOfWeek': ['Monday', 'Tuesday', 'Wednesday', 'Thursday', 'Friday'], 'opens': '5:0', 'closes': '10:29'}, {'@type': 'OpeningHoursSpecification', 'dayOfWeek': ['Monday', 'Tuesday', 'Wednesday', 'Thursday', 'Friday'], 'opens': '10:30', 'closes': '16:59'}, {'@type': 'OpeningHoursSpecification', 'dayOfWeek': ['Monday', 'Tuesday', 'Wednesday', 'Thursday', 'Friday'], 'opens': '17:0', 'closes': '22:45'}, {'@type': 'OpeningHoursSpecification', 'dayOfWeek': 'Saturday', 'opens': '5:0', 'closes': '10:59'}, {'@type': 'OpeningHoursSpecification', 'dayOfWeek': 'Saturday', 'opens': '11:0', 'closes': '16:59'}, {'@type': 'OpeningHoursSpecification', 'dayOfWeek': 'Saturday', 'opens': '17:0', 'closes': '22:45'}]","{'@type': 'PostalAddress', 'addressLocality': 'Luzerne', 'addressRegion': 'PA', 'postalCode': '18709', 'addressCountry': 'US', 'streetAddress': '500 Union St'}","{'@type': 'GeoCoordinates', 'latitude': 41.2823836, 'longitude': -75.8966684}","{'@type': 'AggregateRating', 'ratingValue': 4.6, 'reviewCount': '99'}"
Subway (2230 Sans Souci Pkwy),https://www.ubereats.com/wilkesbarre-scranton/food-delivery/subway-2230-sans-souci-pkwy/_0enckuDRNa5-UO5Na5MpQ,wilkesbarre-pennsylvania,"['Fast Food', 'Sandwich', 'American']",4.2,22,$,41.2093745,-75.969796,+15706063795,18706,2230 Sans Souci Pkwy,Hanover Township,PA,"[{'@type': 'OpeningHoursSpecification', 'dayOfWeek': ['Monday', 'Tuesday', 'Wednesday', 'Thursday', 'Friday', 'Saturday', 'Sunday'], 'opens': '9:0', 'closes': '20:30'}]","{'@type': 'PostalAddress', 'addressLocality': 'Hanover Township', 'addressRegion': 'PA', 'postalCode': '18706', 'addressCountry': 'US', 'streetAddress': '2230 Sans Souci Pkwy'}","{'@type': 'GeoCoordinates', 'latitude': 41.2093745, 'longitude': -75.969796}","{'@type': 'AggregateRating', 'ratingValue': 4.2, 'reviewCount': '22'}"
Perkins (1085 Wilkes-Barre Twn Blvd),https://www.ubereats.com/wilkesbarre-scranton/food-delivery/perkins-1085-wilkes-barre-twn-blvd/rH8EhRMsRHGpBtNNhb163g,wilkesbarre-pennsylvania,"['Breakfast and Brunch', 'American', 'Dinner']",4.2,47,$$,41.2221315,-75.8820338,+15708237264,18702,1085,Wilkes-Barre,PA,"[{'@type': 'OpeningHoursSpecification', 'dayOfWeek': ['Monday', 'Tuesday', 'Wednesday', 'Thursday', 'Friday', 'Saturday', 'Sunday'], 'opens': '7:15', 'closes': '20:0'}]","{'@type': 'PostalAddress', 'addressLocality': 'Wilkes-Barre', 'addressRegion': 'PA', 'postalCode': '18702', 'addressCountry': 'US', 'streetAddress': '1085'}","{'@type': 'GeoCoordinates', 'latitude': 41.2221315, 'longitude': -75.8820338}","{'@type': 'AggregateRating', 'ratingValue': 4.2, 'reviewCount': '47'}"
Lucky's Sporthouse,https://www.ubereats.com/wilkesbarre-scranton/food-delivery/luckys-sporthouse/rnOtGCm_R6iYm_qHJ57Udw,wilkesbarre-pennsylvania,['Bar Food'],,,$$,41.2358532,-75.8568904,+15702083267,18702,110 Schechter Dr,Wilkes Barre,PA,"[{'@type': 'OpeningHoursSpecification', 'dayOfWeek': ['Monday', 'Tuesday', 'Wednesday', 'Thursday', 'Friday', 'Saturday', 'Sunday'], 'opens': '11:0', 'closes': '22:30'}]","{'@type': 'PostalAddress', 'addressLocality': 'Wilkes Barre', 'addressRegion': 'PA', 'postalCode': '18702', 'addressCountry': 'US', 'streetAddress': '110 Schechter Dr'}","{'@type': 'GeoCoordinates', 'latitude': 41.2358532, 'longitude': -75.8568904}",{}
McDonald's® (746 SAN SOUCI HWY),https://www.ubereats.com/wilkesbarre-scranton/food-delivery/mcdonalds-746-san-souci-hwy/5KR2whxsSJamsAwvVGS3DQ,wilkesbarre-pennsylvania,"['American', 'Burgers', 'Fast Food']",3.9,200,$,41.231961,-75.921287,+15708299846,18702,746 SAN SOUCI HWY,WILKES BARRE,PA,"[{'@type': 'OpeningHoursSpecification', 'dayOfWeek': ['Monday', 'Tuesday', 'Wednesday', 'Thursday', 'Friday', 'Saturday', 'Sunday'], 'opens': '3:1', 'closes': '10:30'}, {'@type': 'OpeningHoursSpecification', 'dayOfWeek': ['Monday', 'Tuesday', 'Wednesday', 'Thursday', 'Friday', 'Saturday', 'Sunday'], 'opens': '11:0', 'closes': '16:59'}, {'@type': 'OpeningHoursSpecification', 'dayOfWeek': ['Monday', 'Tuesday', 'Wednesday', 'Thursday', 'Friday', 'Saturday', 'Sunday'], 'opens': '17:0', 'closes': '3:0'}]","{'@type': 'PostalAddress', 'addressLocality': 'WILKES BARRE', 'addressRegion': 'PA', 'postalCode': '18702', 'addressCountry': 'US', 'streetAddress': '746 SAN SOUCI HWY'}","{'@type': 'GeoCoordinates', 'latitude': 41.231961, 'longitude': -75.921287}","{'@type': 'AggregateRating', 'ratingValue': 3.9, 'reviewCount': '200'}"
"TGI Friday's (1680 - WILKES BARRE, PA)",https://www.ubereats.com/wilkesbarre-scranton/food-delivery/tgi-fridays-1680-wilkes-barre-pa/DgNdCJJsRH6o0yJwhQKhzA,wilkesbarre-pennsylvania,"['Burgers', 'Bar Food']",4.5,186,$$,41.250926,-75.8398685,+15708239923,18702,880 Kidder St,Wilkes Barre,PA,"[{'@type': 'OpeningHoursSpecification', 'dayOfWeek': ['Sunday', 'Monday', 'Tuesday', 'Wednesday', 'Thursday'], 'opens': '11:0', 'closes': '22:30'}, {'@type': 'OpeningHoursSpecification', 'dayOfWeek': ['Friday', 'Saturday'], 'opens': '11:0', 'closes': '23:30'}]","{'@type': 'PostalAddress', 'addressLocality': 'Wilkes Barre', 'addressRegion': 'PA', 'postalCode': '18702', 'addressCountry': 'US', 'streetAddress': '880 Kidder St'}","{'@type': 'GeoCoordinates', 'latitude': 41.250926, 'longitude': -75.8398685}","{'@type': 'AggregateRating', 'ratingValue': 4.5, 'reviewCount': '186'}"
Burger King (693 Carey Ave),https://www.ubereats.com/wilkesbarre-scranton/food-delivery/burger-king-693-carey-ave/OOlGGCS_RaGG08C56C6OPA,wilkesbarre-pennsylvania,"['American', 'burger', 'Fast Food']",4.3,90,$,41.23403539999999,-75.9211801,+15708222339,18706,693 Carey Ave,Hanover Township,PA,"[{'@type': 'OpeningHoursSpecification', 'dayOfWeek': 'Sunday', 'opens': '7:30', 'closes': '10:29'}, {'@type': 'OpeningHoursSpecification', 'dayOfWeek': 'Sunday', 'opens': '10:30', 'closes': '22:30'}, {'@type': 'OpeningHoursSpecification', 'dayOfWeek': ['Monday', 'Tuesday', 'Wednesday', 'Thursday', 'Friday', 'Saturday'], 'opens': '6:30', 'closes': '10:29'}, {'@type': 'OpeningHoursSpecification', 'dayOfWeek': ['Monday', 'Tuesday', 'Wednesday', 'Thursday', 'Friday', 'Saturday'], 'opens': '10:30', 'closes': '22:30'}]","{'@type': 'PostalAddress', 'addressLocality': 'Hanover Township', 'addressRegion': 'PA', 'postalCode': '18706', 'addressCountry': 'US', 'streetAddress': '693 Carey Ave'}","{'@type': 'GeoCoordinates', 'latitude': 41.23403539999999, 'longitude': -75.9211801}","{'@type': 'AggregateRating', 'ratingValue': 4.3, 'reviewCount': '90'}"
Tang Asian Cuisine,https://www.ubereats.com/wilkesbarre-scranton/food-delivery/tang-asian-cuisine/U_d5eIZoTgiu1W3K-80U5g,wilkesbarre-pennsylvania,"['Asian', 'Chinese']",,,$,41.2380751,-75.8631679,+15708207878,,,,,"[{'@type': 'OpeningHoursSpecification', 'dayOfWeek': 'Sunday', 'opens': '12:0', 'closes': '21:0'}, {'@type': 'OpeningHoursSpecification', 'dayOfWeek': ['Monday', 'Tuesday', 'Wednesday', 'Thursday'], 'opens': '11:0', 'closes': '21:30'}, {'@type': 'OpeningHoursSpecification', 'dayOfWeek': ['Friday', 'Saturday'], 'opens': '11:0', 'closes': '22:0'}]",,"{'@type': 'GeoCoordinates', 'latitude': 41.2380751, 'longitude': -75.8631679}",{}
Taco Bell (1037 Wilkes-Barre Townshp Blvd),https://www.ubereats.com/wilkesbarre-scranton/food-delivery/taco-bell-1037-wilkes-barre-townshp-blvd/JNqcOYMpSGiu9QCvEegBDA,wilkesbarre-pennsylvania,"['Burritos', 'Fast Food', 'Mexican']",4.4,155,$,41.2230029,-75.88114879999999,+15708268911,18702,1037 Wilkes-Barre Townshp Blvd,Wilkes Barre,PA,"[{'@type': 'OpeningHoursSpecification', 'dayOfWeek': ['Sunday', 'Monday'], 'opens': '14:0', 'closes': '17:0'}, {'@type': 'OpeningHoursSpecification', 'dayOfWeek': ['Sunday', 'Monday'], 'opens': '9:0', 'closes': '0:30'}, {'@type': 'OpeningHoursSpecification', 'dayOfWeek': ['Sunday', 'Monday'], 'opens': '9:0', 'closes': '10:30'}, {'@type': 'OpeningHoursSpecification', 'dayOfWeek': 'Tuesday', 'opens': '14:0', 'closes': '17:0'}, {'@type': 'OpeningHoursSpecification', 'dayOfWeek': 'Tuesday', 'opens': '9:0', 'closes': '0:30'}, {'@type': 'OpeningHoursSpecification', 'dayOfWeek': 'Tuesday', 'opens': '7:0', 'closes': '10:30'}, {'@type': 'OpeningHoursSpecification', 'dayOfWeek': ['Wednesday', 'Thursday'], 'opens': '14:0', 'closes': '17:0'}, {'@type': 'OpeningHoursSpecification', 'dayOfWeek': ['Wednesday', 'Thursday'], 'opens': '9:0', 'closes': '0:30'}, {'@type': 'OpeningHoursSpecification', 'dayOfWeek': ['Wednesday', 'Thursday'], 'opens': '9:0', 'closes': '10:30'}, {'@type': 'OpeningHoursSpecification', 'dayOfWeek': ['Friday', 'Saturday'], 'opens': '14:0', 'closes': '17:0'}, {'@type': 'OpeningHoursSpecification', 'dayOfWeek': ['Friday', 'Saturday'], 'opens': '9:0', 'closes': '10:30'}, {'@type': 'OpeningHoursSpecification', 'dayOfWeek': ['Friday', 'Saturday'], 'opens': '9:0', 'closes': '1:30'}]","{'@type': 'PostalAddress', 'addressLocality': 'Wilkes Barre', 'addressRegion': 'PA', 'postalCode': '18702', 'addressCountry': 'US', 'streetAddress': '1037 Wilkes-Barre Townshp Blvd'}","{'@type': 'GeoCoordinates', 'latitude': 41.2230029, 'longitude': -75.88114879999999}","{'@type': 'AggregateRating', 'ratingValue': 4.4, 'reviewCount': '155'}"
Revello’s Pizza,https://www.ubereats.com/wilkesbarre-scranton/food-delivery/revellos-pizza/kjTf7VpwQyahIh53dRxmxw,wilkesbarre-pennsylvania,['PIzza'],4.7,22,$$,41.2756395,-75.889871,+15702882881,18704,165 W Union St,Kingston,PA,"[{'@type': 'OpeningHoursSpecification', 'dayOfWeek': 'Sunday', 'opens': '12:0', 'closes': '18:35'}, {'@type': 'OpeningHoursSpecification', 'dayOfWeek': ['Tuesday', 'Wednesday', 'Thursday', 'Friday', 'Saturday'], 'opens': '12:0', 'closes': '18:35'}]","{'@type': 'PostalAddress', 'addressLocality': 'Kingston', 'addressRegion': 'PA', 'postalCode': '18704', 'addressCountry': 'US', 'streetAddress': '165 W Union St'}","{'@type': 'GeoCoordinates', 'latitude': 41.2756395, 'longitude': -75.889871}","{'@type': 'AggregateRating', 'ratingValue': 4.7, 'reviewCount': '22'}"
Subway (389 S Main St),https://www.ubereats.com/wilkesbarre-scranton/food-delivery/subway-389-s-main-st/4DVlS72rQfWzKTrC46yNGA,wilkesbarre-pennsylvania,"['Fast Food', 'Sandwich', 'American']",4.6,10,$,41.2393842,-75.8939911,+15702703000,18701,389 S Main St,Wilkes Barre,PA,"[{'@type': 'OpeningHoursSpecification', 'dayOfWeek': ['Monday', 'Tuesday', 'Wednesday', 'Thursday', 'Friday', 'Saturday', 'Sunday'], 'opens': '10:0', 'closes': '19:30'}]","{'@type': 'PostalAddress', 'addressLocality': 'Wilkes Barre', 'addressRegion': 'PA', 'postalCode': '18701', 'addressCountry': 'US', 'streetAddress': '389 S Main St'}","{'@type': 'GeoCoordinates', 'latitude': 41.2393842, 'longitude': -75.8939911}","{'@type': 'AggregateRating', 'ratingValue': 4.6, 'reviewCount': '10'}"
Subway (41 S Main St),https://www.ubereats.com/wilkesbarre-scranton/food-delivery/subway-41-s-main-st/jqxmUPYBQzqYDf9p4u1VCQ,wilkesbarre-pennsylvania,"['Fast Food', 'Sandwich', 'American']",,,$,41.2447159,-75.8842689,+15708220230,18701,41 S Main St,Wilkes Barre,PA,"[{'@type': 'OpeningHoursSpecification', 'dayOfWeek': 'Sunday', 'opens': '10:0', 'closes': '19:30'}, {'@type': 'OpeningHoursSpecification', 'dayOfWeek': ['Monday', 'Tuesday', 'Wednesday', 'Thursday', 'Friday', 'Saturday'], 'opens': '9:0', 'closes': '19:30'}]","{'@type': 'PostalAddress', 'addressLocality': 'Wilkes Barre', 'addressRegion': 'PA', 'postalCode': '18701', 'addressCountry': 'US', 'streetAddress': '41 S Main St'}","{'@type': 'GeoCoordinates', 'latitude': 41.2447159, 'longitude': -75.8842689}",{}
Ellys Pizza and Restaurant,https://www.ubereats.com/wilkesbarre-scranton/food-delivery/ellys-pizza-and-restaurant/X_-L5u6YSPWMoRAokigTgw,wilkesbarre-pennsylvania,"['Italian', 'Pizza', 'Pasta', 'American', 'Burgers', 'Salads']",,,$,41.2417631,-75.8967138,+15708206262,18702,120 Academy St,Wilkes Barre,PA,"[{'@type': 'OpeningHoursSpecification', 'dayOfWeek': 'Sunday', 'opens': '12:0', 'closes': '21:0'}, {'@type': 'OpeningHoursSpecification', 'dayOfWeek': ['Tuesday', 'Wednesday', 'Thursday'], 'opens': '10:30', 'closes': '21:45'}, {'@type': 'OpeningHoursSpecification', 'dayOfWeek': ['Friday', 'Saturday'], 'opens': '10:30', 'closes': '22:0'}]","{'@type': 'PostalAddress', 'addressLocality': 'Wilkes Barre', 'addressRegion': 'PA', 'postalCode': '18702', 'addressCountry': 'US', 'streetAddress': '120 Academy St'}","{'@type': 'GeoCoordinates', 'latitude': 41.2417631, 'longitude': -75.8967138}",{}
McDonald's® (RIVER ST & RT309),https://www.ubereats.com/wilkesbarre-scranton/food-delivery/mcdonalds-river-st-%26-rt309/fFRjlrx6S_aO_aj22E7SNQ,wilkesbarre-pennsylvania,"['American', 'Burgers', 'Fast Food']",4.4,105,$,41.2612775,-75.8676018,+15708224206,18705,674 N River St,Hudson,PA,"[{'@type': 'OpeningHoursSpecification', 'dayOfWeek': 'Sunday', 'opens': '6:0', 'closes': '10:59'}, {'@type': 'OpeningHoursSpecification', 'dayOfWeek': 'Sunday', 'opens': '11:0', 'closes': '16:59'}, {'@type': 'OpeningHoursSpecification', 'dayOfWeek': 'Sunday', 'opens': '17:0', 'closes': '22:45'}, {'@type': 'OpeningHoursSpecification', 'dayOfWeek': ['Monday', 'Tuesday', 'Wednesday', 'Thursday', 'Friday'], 'opens': '6:0', 'closes': '10:29'}, {'@type': 'OpeningHoursSpecification', 'dayOfWeek': ['Monday', 'Tuesday', 'Wednesday', 'Thursday', 'Friday'], 'opens': '10:30', 'closes': '16:59'}, {'@type': 'OpeningHoursSpecification', 'dayOfWeek': ['Monday', 'Tuesday', 'Wednesday', 'Thursday', 'Friday'], 'opens': '17:0', 'closes': '22:45'}, {'@type': 'OpeningHoursSpecification', 'dayOfWeek': 'Saturday', 'opens': '6:0', 'closes': '10:59'}, {'@type': 'OpeningHoursSpecification', 'dayOfWeek': 'Saturday', 'opens': '11:0', 'closes': '16:59'}, {'@type': 'OpeningHoursSpecification', 'dayOfWeek': 'Saturday', 'opens': '17:0', 'closes': '22:45'}]","{'@type': 'PostalAddress', 'addressLocality': 'Hudson', 'addressRegion': 'PA', 'postalCode': '18705', 'addressCountry': 'US', 'streetAddress': '674 N River St'}","{'@type': 'GeoCoordinates', 'latitude': 41.2612775, 'longitude': -75.8676018}","{'@type': 'AggregateRating', 'ratingValue': 4.4, 'reviewCount': '105'}"
Subway (20 Gateway Shopping Ctr),https://www.ubereats.com/wilkesbarre-scranton/food-delivery/subway-20-gateway-shopping-ctr/tu23A79XRaemZqttfCd1jA,wilkesbarre-pennsylvania,"['Fast Food', 'Sandwich', 'American']",,,$,41.2582536,-75.9001277,+15702832270,18704,20 Gateway Shopping Ctr,Edwardsville,PA,"[{'@type': 'OpeningHoursSpecification', 'dayOfWeek': 'Sunday', 'opens': '10:0', 'closes': '18:30'}, {'@type': 'OpeningHoursSpecification', 'dayOfWeek': ['Monday', 'Tuesday', 'Wednesday', 'Thursday', 'Friday', 'Saturday'], 'opens': '9:0', 'closes': '19:30'}]","{'@type': 'PostalAddress', 'addressLocality': 'Edwardsville', 'addressRegion': 'PA', 'postalCode': '18704', 'addressCountry': 'US', 'streetAddress': '20 Gateway Shopping Ctr'}","{'@type': 'GeoCoordinates', 'latitude': 41.2582536, 'longitude': -75.9001277}",{}
Taco Bell (2186 Memorial Highway),https://www.ubereats.com/wilkesbarre-scranton/food-delivery/taco-bell-2186-memorial-highway/__THKFe0Rjmr-7Z4oVUfeQ,wilkesbarre-pennsylvania,"['Burritos', 'Fast Food', 'Mexican']",,,$,41.328276,-75.9480746,+15703100359,18612,2186 Memorial Highway,Dallas,PA,"[{'@type': 'OpeningHoursSpecification', 'dayOfWeek': ['Monday', 'Tuesday', 'Wednesday', 'Thursday', 'Friday', 'Saturday', 'Sunday'], 'opens': '14:0', 'closes': '17:0'}, {'@type': 'OpeningHoursSpecification', 'dayOfWeek': ['Monday', 'Tuesday', 'Wednesday', 'Thursday', 'Friday', 'Saturday', 'Sunday'], 'opens': '7:0', 'closes': '23:30'}, {'@type': 'OpeningHoursSpecification', 'dayOfWeek': ['Monday', 'Tuesday', 'Wednesday', 'Thursday', 'Friday', 'Saturday', 'Sunday'], 'opens': '7:0', 'closes': '10:30'}]","{'@type': 'PostalAddress', 'addressLocality': 'Dallas', 'addressRegion': 'PA', 'postalCode': '18612', 'addressCountry': 'US', 'streetAddress': '2186 Memorial Highway'}","{'@type': 'GeoCoordinates', 'latitude': 41.328276, 'longitude': -75.9480746}",{}
Subway (344 Wilkes Barre Township Blvd),https://www.ubereats.com/wilkesbarre-scranton/food-delivery/subway-344-wilkes-barre-township-blvd/GUVWxikcQAuWvctk8w6fMw,wilkesbarre-pennsylvania,"['Fast Food', 'Sandwich', 'American']",4.4,11,$,41.2360464,-75.86444750000001,+15708200690,18702,344 Wilkes Barre Township Blvd,Wilkes-Barre,PA,"[{'@type': 'OpeningHoursSpecification', 'dayOfWeek': 'Sunday', 'opens': '10:0', 'closes': '18:0'}, {'@type': 'OpeningHoursSpecification', 'dayOfWeek': ['Monday', 'Tuesday', 'Wednesday', 'Thursday', 'Friday', 'Saturday'], 'opens': '9:0', 'closes': '20:30'}]","{'@type': 'PostalAddress', 'addressLocality': 'Wilkes-Barre', 'addressRegion': 'PA', 'postalCode': '18702', 'addressCountry': 'US', 'streetAddress': '344 Wilkes Barre Township Blvd'}","{'@type': 'GeoCoordinates', 'latitude': 41.2360464, 'longitude': -75.86444750000001}","{'@type': 'AggregateRating', 'ratingValue': 4.4, 'reviewCount': '11'}"
Starbucks (Wilkes-Barre Marketplace),https://www.ubereats.com/wilkesbarre-scranton/food-delivery/starbucks-wilkes-barre-marketplace/lt39TZNgT0SMZpzMWSog5g,wilkesbarre-pennsylvania,"['Bakery', 'Breakfast and Brunch', 'Cafe', 'Coffee & Tea']",4.6,190,$,41.237677,-75.855448,+15708243735,18702,2030 Wilkes Barre Township Marketplace Wiles-Barre Marketplace,Wilkes-Barre,PA,"[{'@type': 'OpeningHoursSpecification', 'dayOfWeek': ['Monday', 'Tuesday', 'Wednesday', 'Thursday', 'Friday', 'Saturday', 'Sunday'], 'opens': '5:0', 'closes': '22:0'}]","{'@type': 'PostalAddress', 'addressLocality': 'Wilkes-Barre', 'addressRegion': 'PA', 'postalCode': '18702', 'addressCountry': 'US', 'streetAddress': '2030 Wilkes Barre Township Marketplace Wiles-Barre Marketplace'}","{'@type': 'GeoCoordinates', 'latitude': 41.237677, 'longitude': -75.855448}","{'@type': 'AggregateRating', 'ratingValue': 4.6, 'reviewCount': '190'}"
Taco Bell (426 Kidder Street),https://www.ubereats.com/wilkesbarre-scranton/food-delivery/taco-bell-426-kidder-street/3ZeEqyVuRDKkWEOJ3E-6og,wilkesbarre-pennsylvania,"['Burritos', 'Fast Food', 'Mexican']",4.3,87,$,41.2507145,-75.8546436,+15708293390,18702,426 Kidder Street,Wilkes Barre,PA,"[{'@type': 'OpeningHoursSpecification', 'dayOfWeek': ['Sunday', 'Monday', 'Tuesday', 'Wednesday', 'Thursday'], 'opens': '14:0', 'closes': '17:0'}, {'@type': 'OpeningHoursSpecification', 'dayOfWeek': ['Sunday', 'Monday', 'Tuesday', 'Wednesday', 'Thursday'], 'opens': '9:0', 'closes': '0:30'}, {'@type': 'OpeningHoursSpecification', 'dayOfWeek': ['Sunday', 'Monday', 'Tuesday', 'Wednesday', 'Thursday'], 'opens': '9:0', 'closes': '10:30'}, {'@type': 'OpeningHoursSpecification', 'dayOfWeek': ['Friday', 'Saturday'], 'opens': '14:0', 'closes': '17:0'}, {'@type': 'OpeningHoursSpecification', 'dayOfWeek': ['Friday', 'Saturday'], 'opens': '9:0', 'closes': '10:30'}, {'@type': 'OpeningHoursSpecification', 'dayOfWeek': ['Friday', 'Saturday'], 'opens': '9:0', 'closes': '1:30'}]","{'@type': 'PostalAddress', 'addressLocality': 'Wilkes Barre', 'addressRegion': 'PA', 'postalCode': '18702', 'addressCountry': 'US', 'streetAddress': '426 Kidder Street'}","{'@type': 'GeoCoordinates', 'latitude': 41.2507145, 'longitude': -75.8546436}","{'@type': 'AggregateRating', 'ratingValue': 4.3, 'reviewCount': '87'}"
Jonathans,https://www.ubereats.com/wilkesbarre-scranton/food-delivery/jonathans/y-YFA7xuQpujjEZpAFUXCQ,wilkesbarre-pennsylvania,"['Seafood', 'Salads', 'American']",,,$$$,41.2485849,-75.8823804,+15703713463,18702,45 N River St,Wilkes-Barre,Pennsylvania,"[{'@type': 'OpeningHoursSpecification', 'dayOfWeek': 'Sunday', 'opens': '17:0', 'closes': '20:0'}, {'@type': 'OpeningHoursSpecification', 'dayOfWeek': ['Wednesday', 'Thursday', 'Friday', 'Saturday'], 'opens': '17:0', 'closes': '20:0'}]","{'@type': 'PostalAddress', 'addressLocality': 'Wilkes-Barre', 'addressRegion': 'Pennsylvania', 'postalCode': '18702', 'addressCountry': 'US', 'streetAddress': '45 N River St'}","{'@type': 'GeoCoordinates', 'latitude': 41.2485849, 'longitude': -75.8823804}",{}
,https://www.ubereats.com/wilkesbarre-scranton/food-delivery/mcdonalds-80-s-wyoming-ave/fqbKQQ6zTGKvHo8OtF0uYQ,wilkesbarre-pennsylvania,,,,,,,,,,,,,,,
,https://www.ubereats.com/wilkesbarre-scranton/food-delivery/arbys-510-pierce-st/UP_jsHwPTISDhCzkJa41pQ,wilkesbarre-pennsylvania,,,,,,,,,,,,,,,
